model,strategy,molecule_id,experiment_id,round,correctness,local_score,observation_level,selected_round_count,metric,score,requested_candidates,actual_candidates_min,actual_candidates_max
llama-4-scout,S0,1,1,,Correct,-0.4878355615029084,target,3,D_local_zscore,semcse-null-zscore_D_final,10,10,22
llama-4-scout,S1,1,1,,Wrong,-0.5348645389780574,target,2,D_local_zscore,semcse-null-zscore_D_final,10,10,22
llama-4-scout,S2,1,1,,Correct,-0.27962425561268034,target,3,D_local_zscore,semcse-null-zscore_D_final,10,10,22
llama-4-scout,S3,1,1,,Correct,-0.07331534118089666,target,3,D_local_zscore,semcse-null-zscore_D_final,10,10,22
llama-4-scout,S0,1,2,,Wrong,1.149122004296458,target,3,D_local_zscore,semcse-null-zscore_D_final,10,10,22
llama-4-scout,S1,1,2,,Wrong,1.4583655895712728,target,3,D_local_zscore,semcse-null-zscore_D_final,10,10,22
llama-4-scout,S2,1,2,,Wrong,1.3182604756864835,target,3,D_local_zscore,semcse-null-zscore_D_final,10,10,22
llama-4-scout,S3,1,2,,Wrong,1.4606669661991594,target,3,D_local_zscore,semcse-null-zscore_D_final,10,10,22
llama-4-scout,S0,1,3,,Wrong,1.058208382139275,target,3,D_local_zscore,semcse-null-zscore_D_final,10,10,22
llama-4-scout,S1,1,3,,Correct,1.0494860044544585,target,3,D_local_zscore,semcse-null-zscore_D_final,10,10,22
llama-4-scout,S2,1,3,,Correct,0.9304701587516263,target,3,D_local_zscore,semcse-null-zscore_D_final,10,10,22
llama-4-scout,S3,1,3,,Correct,1.433298111635528,target,3,D_local_zscore,semcse-null-zscore_D_final,10,10,22
llama-4-scout,S0,1,4,,Correct,1.388630866630732,target,3,D_local_zscore,semcse-null-zscore_D_final,10,10,22
llama-4-scout,S1,1,4,,Correct,1.5584428000310988,target,3,D_local_zscore,semcse-null-zscore_D_final,10,10,22
llama-4-scout,S2,1,4,,Correct,1.5693360196134125,target,3,D_local_zscore,semcse-null-zscore_D_final,10,10,22
llama-4-scout,S3,1,4,,Correct,1.3970148164132934,target,3,D_local_zscore,semcse-null-zscore_D_final,10,10,22
llama-4-scout,S0,1,5,,Wrong,0.4611965917113755,target,3,D_local_zscore,semcse-null-zscore_D_final,10,10,22
llama-4-scout,S1,1,5,,Wrong,0.5684719935281569,target,3,D_local_zscore,semcse-null-zscore_D_final,10,10,22
llama-4-scout,S2,1,5,,Wrong,0.9108558966424065,target,3,D_local_zscore,semcse-null-zscore_D_final,10,10,22
llama-4-scout,S3,1,5,,Correct,1.0970057767436487,target,2,D_local_zscore,semcse-null-zscore_D_final,10,10,22
llama-4-scout,S0,2,1,,Correct,1.2161972175377311,target,3,D_local_zscore,semcse-null-zscore_D_final,10,10,22
llama-4-scout,S1,2,1,,Correct,0.8919176266179976,target,3,D_local_zscore,semcse-null-zscore_D_final,10,10,22
llama-4-scout,S2,2,1,,Correct,0.9348335055827552,target,3,D_local_zscore,semcse-null-zscore_D_final,10,10,22
llama-4-scout,S3,2,1,,Wrong,1.324356361701642,target,2,D_local_zscore,semcse-null-zscore_D_final,10,10,22
llama-4-scout,S0,3,1,,Correct,1.09444234570948,target,3,D_local_zscore,semcse-null-zscore_D_final,10,10,22
llama-4-scout,S1,3,1,,Correct,0.6754812296671282,target,3,D_local_zscore,semcse-null-zscore_D_final,10,10,22
llama-4-scout,S2,3,1,,Correct,1.2864209240895261,target,3,D_local_zscore,semcse-null-zscore_D_final,10,10,22
llama-4-scout,S3,3,1,,Correct,1.415942563699552,target,3,D_local_zscore,semcse-null-zscore_D_final,10,10,22
llama-4-scout,S0,3,2,,Wrong,3.0630513477279324,target,3,D_local_zscore,semcse-null-zscore_D_final,10,10,22
llama-4-scout,S1,3,2,,Correct,2.257395463347622,target,3,D_local_zscore,semcse-null-zscore_D_final,10,10,22
llama-4-scout,S2,3,2,,Wrong,2.482927548984491,target,3,D_local_zscore,semcse-null-zscore_D_final,10,10,22
llama-4-scout,S3,3,2,,Wrong,3.5860675150902495,target,3,D_local_zscore,semcse-null-zscore_D_final,10,10,22
llama-4-scout,S0,4,1,,Correct,1.0309843780928305,target,3,D_local_zscore,semcse-null-zscore_D_final,10,10,22
llama-4-scout,S1,4,1,,Wrong,0.1745063669772784,target,3,D_local_zscore,semcse-null-zscore_D_final,10,10,22
llama-4-scout,S2,4,1,,Wrong,0.3512995041912308,target,3,D_local_zscore,semcse-null-zscore_D_final,10,10,22
llama-4-scout,S3,4,1,,Correct,0.4390690187370716,target,2,D_local_zscore,semcse-null-zscore_D_final,10,10,22
llama-4-scout,S0,4,2,,Correct,1.1954605326386436,target,3,D_local_zscore,semcse-null-zscore_D_final,10,10,22
llama-4-scout,S1,4,2,,Wrong,1.0226880077684586,target,3,D_local_zscore,semcse-null-zscore_D_final,10,10,22
llama-4-scout,S2,4,2,,Wrong,0.926370675740078,target,3,D_local_zscore,semcse-null-zscore_D_final,10,10,22
llama-4-scout,S3,4,2,,Correct,0.9251211058952571,target,3,D_local_zscore,semcse-null-zscore_D_final,10,10,22
llama-4-scout,S0,4,3,,Correct,0.029163136386603616,target,3,D_local_zscore,semcse-null-zscore_D_final,10,10,22
llama-4-scout,S1,4,3,,Correct,0.02396185312000898,target,3,D_local_zscore,semcse-null-zscore_D_final,10,10,22
llama-4-scout,S2,4,3,,Correct,-0.16828708019732685,target,3,D_local_zscore,semcse-null-zscore_D_final,10,10,22
llama-4-scout,S3,4,3,,Correct,-0.1028729105188857,target,3,D_local_zscore,semcse-null-zscore_D_final,10,10,22
llama-4-scout,S0,5,1,,Correct,0.47065667574126246,target,3,D_local_zscore,semcse-null-zscore_D_final,10,10,22
llama-4-scout,S1,5,1,,Wrong,-0.3284481816686896,target,3,D_local_zscore,semcse-null-zscore_D_final,10,10,22
llama-4-scout,S2,5,1,,Wrong,-0.41618751731304193,target,3,D_local_zscore,semcse-null-zscore_D_final,10,10,22
llama-4-scout,S3,5,1,,Wrong,-0.19491605054966987,target,3,D_local_zscore,semcse-null-zscore_D_final,10,10,22
llama-4-scout,S0,5,2,,Correct,-0.3402615974709874,target,3,D_local_zscore,semcse-null-zscore_D_final,10,10,22
llama-4-scout,S1,5,2,,Correct,-0.48187140750635726,target,3,D_local_zscore,semcse-null-zscore_D_final,10,10,22
llama-4-scout,S2,5,2,,Correct,-0.44598694587338295,target,3,D_local_zscore,semcse-null-zscore_D_final,10,10,22
llama-4-scout,S3,5,2,,Correct,0.018907617509402508,target,3,D_local_zscore,semcse-null-zscore_D_final,10,10,22
llama-4-scout,S0,5,3,,Wrong,0.5240344860436121,target,3,D_local_zscore,semcse-null-zscore_D_final,10,10,22
llama-4-scout,S1,5,3,,Correct,0.26821816746144944,target,3,D_local_zscore,semcse-null-zscore_D_final,10,10,22
llama-4-scout,S2,5,3,,Correct,0.17137696117342305,target,3,D_local_zscore,semcse-null-zscore_D_final,10,10,22
llama-4-scout,S3,5,3,,Correct,0.40012123684039635,target,3,D_local_zscore,semcse-null-zscore_D_final,10,10,22
llama-4-scout,S0,6,1,,Correct,0.25430063259903646,target,2,D_local_zscore,semcse-null-zscore_D_final,10,10,22
llama-4-scout,S1,6,1,,Correct,0.5320044666123678,target,3,D_local_zscore,semcse-null-zscore_D_final,10,10,22
llama-4-scout,S2,6,1,,Correct,0.8625042447676015,target,3,D_local_zscore,semcse-null-zscore_D_final,10,10,22
llama-4-scout,S3,6,1,,Correct,0.4473864811731696,target,3,D_local_zscore,semcse-null-zscore_D_final,10,10,22
llama-4-scout,S0,6,2,,Correct,-1.2496242575354604,target,2,D_local_zscore,semcse-null-zscore_D_final,10,10,22
llama-4-scout,S1,6,2,,Wrong,-1.3690361606509014,target,3,D_local_zscore,semcse-null-zscore_D_final,10,10,22
llama-4-scout,S2,6,2,,Wrong,-0.9405131570172948,target,3,D_local_zscore,semcse-null-zscore_D_final,10,10,22
llama-4-scout,S3,6,2,,Wrong,-1.484317889998499,target,3,D_local_zscore,semcse-null-zscore_D_final,10,10,22
llama-4-scout,S0,6,3,,Correct,0.735609054620469,target,3,D_local_zscore,semcse-null-zscore_D_final,10,10,22
llama-4-scout,S1,6,3,,Correct,0.644144721274961,target,3,D_local_zscore,semcse-null-zscore_D_final,10,10,22
llama-4-scout,S2,6,3,,Correct,1.069591187191023,target,3,D_local_zscore,semcse-null-zscore_D_final,10,10,22
llama-4-scout,S3,6,3,,Correct,0.8815347433793874,target,3,D_local_zscore,semcse-null-zscore_D_final,10,10,22
llama-4-scout,S0,7,1,,Wrong,0.59944129285092,target,3,D_local_zscore,semcse-null-zscore_D_final,10,10,22
llama-4-scout,S1,7,1,,Wrong,0.3344353454583444,target,3,D_local_zscore,semcse-null-zscore_D_final,10,10,22
llama-4-scout,S2,7,1,,Wrong,0.27645834671833835,target,3,D_local_zscore,semcse-null-zscore_D_final,10,10,22
llama-4-scout,S3,7,1,,Wrong,0.3266296198065336,target,3,D_local_zscore,semcse-null-zscore_D_final,10,10,22
llama-4-scout,S0,7,2,,Wrong,1.5018606876894576,target,3,D_local_zscore,semcse-null-zscore_D_final,10,10,22
llama-4-scout,S1,7,2,,Wrong,1.038107617865708,target,3,D_local_zscore,semcse-null-zscore_D_final,10,10,22
llama-4-scout,S2,7,2,,Wrong,1.0154480840093674,target,3,D_local_zscore,semcse-null-zscore_D_final,10,10,22
llama-4-scout,S3,7,2,,Wrong,1.0529638157559607,target,3,D_local_zscore,semcse-null-zscore_D_final,10,10,22
llama-4-scout,S0,7,3,,Wrong,0.02283266982814225,target,3,D_local_zscore,semcse-null-zscore_D_final,10,10,22
llama-4-scout,S1,7,3,,Wrong,0.052495895638469126,target,3,D_local_zscore,semcse-null-zscore_D_final,10,10,22
llama-4-scout,S2,7,3,,Wrong,-0.1759594208566122,target,3,D_local_zscore,semcse-null-zscore_D_final,10,10,22
llama-4-scout,S3,7,3,,Wrong,0.13354938104201342,target,3,D_local_zscore,semcse-null-zscore_D_final,10,10,22
llama-4-scout,S0,7,4,,Correct,-1.0228751051763951,target,3,D_local_zscore,semcse-null-zscore_D_final,10,10,22
llama-4-scout,S1,7,4,,Correct,-1.4512260147461356,target,3,D_local_zscore,semcse-null-zscore_D_final,10,10,22
llama-4-scout,S2,7,4,,Correct,-1.4856954660675692,target,3,D_local_zscore,semcse-null-zscore_D_final,10,10,22
llama-4-scout,S3,7,4,,Correct,-0.8741397295266864,target,3,D_local_zscore,semcse-null-zscore_D_final,10,10,22
llama-4-scout,S0,7,5,,Correct,0.20903336073317513,target,3,D_local_zscore,semcse-null-zscore_D_final,10,10,22
llama-4-scout,S1,7,5,,Correct,0.1661148044420534,target,3,D_local_zscore,semcse-null-zscore_D_final,10,10,22
llama-4-scout,S2,7,5,,Correct,0.3515848194864697,target,3,D_local_zscore,semcse-null-zscore_D_final,10,10,22
llama-4-scout,S3,7,5,,Correct,0.37562058775401774,target,3,D_local_zscore,semcse-null-zscore_D_final,10,10,22
llama-4-scout,S0,7,6,,Wrong,0.12055476466600545,target,3,D_local_zscore,semcse-null-zscore_D_final,10,10,22
llama-4-scout,S1,7,6,,Wrong,0.1555755192846704,target,3,D_local_zscore,semcse-null-zscore_D_final,10,10,22
llama-4-scout,S2,7,6,,Wrong,0.20564376681044783,target,3,D_local_zscore,semcse-null-zscore_D_final,10,10,22
llama-4-scout,S3,7,6,,Wrong,0.5127096997445391,target,3,D_local_zscore,semcse-null-zscore_D_final,10,10,22
llama-4-scout,S0,7,7,,Wrong,0.8203156245529095,target,3,D_local_zscore,semcse-null-zscore_D_final,10,10,22
llama-4-scout,S1,7,7,,Wrong,1.0351225173198575,target,3,D_local_zscore,semcse-null-zscore_D_final,10,10,22
llama-4-scout,S2,7,7,,Wrong,1.0953549287246436,target,3,D_local_zscore,semcse-null-zscore_D_final,10,10,22
llama-4-scout,S3,7,7,,Wrong,0.9806203205633955,target,3,D_local_zscore,semcse-null-zscore_D_final,10,10,22
llama-4-scout,S0,7,8,,Correct,-0.7489751081014345,target,3,D_local_zscore,semcse-null-zscore_D_final,10,10,22
llama-4-scout,S1,7,8,,Correct,-0.2792725199505157,target,3,D_local_zscore,semcse-null-zscore_D_final,10,10,22
llama-4-scout,S2,7,8,,Correct,-0.8106190407983674,target,3,D_local_zscore,semcse-null-zscore_D_final,10,10,22
llama-4-scout,S3,7,8,,Correct,-0.8246542652495398,target,3,D_local_zscore,semcse-null-zscore_D_final,10,10,22
llama-4-scout,S0,7,9,,Correct,1.1483276044377857,target,3,D_local_zscore,semcse-null-zscore_D_final,10,10,22
llama-4-scout,S1,7,9,,Correct,0.9123781446682481,target,3,D_local_zscore,semcse-null-zscore_D_final,10,10,22
llama-4-scout,S2,7,9,,Correct,1.3225168126916658,target,3,D_local_zscore,semcse-null-zscore_D_final,10,10,22
llama-4-scout,S3,7,9,,Correct,0.9986669500164111,target,3,D_local_zscore,semcse-null-zscore_D_final,10,10,22
llama-4-scout,S0,7,10,,Wrong,1.2271938937214109,target,3,D_local_zscore,semcse-null-zscore_D_final,10,10,22
llama-4-scout,S1,7,10,,Wrong,0.7237619762209934,target,3,D_local_zscore,semcse-null-zscore_D_final,10,10,22
llama-4-scout,S2,7,10,,Wrong,1.464554316308425,target,3,D_local_zscore,semcse-null-zscore_D_final,10,10,22
llama-4-scout,S3,7,10,,Wrong,2.0621907306532083,target,3,D_local_zscore,semcse-null-zscore_D_final,10,10,22
llama-4-scout,S0,7,11,,Wrong,1.1653477570170314,target,3,D_local_zscore,semcse-null-zscore_D_final,10,10,22
llama-4-scout,S1,7,11,,Wrong,0.9427145037734748,target,3,D_local_zscore,semcse-null-zscore_D_final,10,10,22
llama-4-scout,S2,7,11,,Wrong,1.0216329269292324,target,3,D_local_zscore,semcse-null-zscore_D_final,10,10,22
llama-4-scout,S3,7,11,,Wrong,0.71878697938317,target,3,D_local_zscore,semcse-null-zscore_D_final,10,10,22
llama-4-scout,S0,8,1,,Wrong,0.9132393398536726,target,3,D_local_zscore,semcse-null-zscore_D_final,10,10,22
llama-4-scout,S1,8,1,,Correct,1.2429240931679157,target,3,D_local_zscore,semcse-null-zscore_D_final,10,10,22
llama-4-scout,S2,8,1,,Correct,1.7162039394787576,target,3,D_local_zscore,semcse-null-zscore_D_final,10,10,22
llama-4-scout,S3,8,1,,Correct,1.5174234370076678,target,3,D_local_zscore,semcse-null-zscore_D_final,10,10,22
llama-4-scout,S0,8,2,,Wrong,1.2119231294219281,target,3,D_local_zscore,semcse-null-zscore_D_final,10,10,22
llama-4-scout,S1,8,2,,Correct,1.786007865793124,target,3,D_local_zscore,semcse-null-zscore_D_final,10,10,22
llama-4-scout,S2,8,2,,Correct,1.5991304314469565,target,3,D_local_zscore,semcse-null-zscore_D_final,10,10,22
llama-4-scout,S3,8,2,,Correct,1.6022502186413279,target,3,D_local_zscore,semcse-null-zscore_D_final,10,10,22
llama-4-scout,S0,8,3,,Correct,-0.2926609632042193,target,3,D_local_zscore,semcse-null-zscore_D_final,10,10,22
llama-4-scout,S1,8,3,,Correct,-0.8277180679245058,target,2,D_local_zscore,semcse-null-zscore_D_final,10,10,22
llama-4-scout,S2,8,3,,Wrong,-1.1209354362635255,target,2,D_local_zscore,semcse-null-zscore_D_final,10,10,22
llama-4-scout,S3,8,3,,Wrong,-1.0270952650349074,target,3,D_local_zscore,semcse-null-zscore_D_final,10,10,22
llama-4-scout,S0,8,4,,Correct,-0.7372319803849497,target,3,D_local_zscore,semcse-null-zscore_D_final,10,10,22
llama-4-scout,S1,8,4,,Wrong,-0.7510175773146791,target,2,D_local_zscore,semcse-null-zscore_D_final,10,10,22
llama-4-scout,S2,8,4,,Wrong,-0.4625589741501748,target,3,D_local_zscore,semcse-null-zscore_D_final,10,10,22
llama-4-scout,S3,8,4,,Correct,-1.0423651860814738,target,2,D_local_zscore,semcse-null-zscore_D_final,10,10,22
llama-4-scout,S0,9,1,,Wrong,0.08334526338098291,target,3,D_local_zscore,semcse-null-zscore_D_final,10,10,22
llama-4-scout,S1,9,1,,Correct,0.4479719540549487,target,3,D_local_zscore,semcse-null-zscore_D_final,10,10,22
llama-4-scout,S2,9,1,,Correct,0.37408341035967374,target,3,D_local_zscore,semcse-null-zscore_D_final,10,10,22
llama-4-scout,S3,9,1,,Correct,0.35927876482643306,target,3,D_local_zscore,semcse-null-zscore_D_final,10,10,22
llama-4-scout,S0,9,2,,Wrong,0.5352892246400363,target,3,D_local_zscore,semcse-null-zscore_D_final,10,10,22
llama-4-scout,S1,9,2,,Wrong,0.4205468448479308,target,3,D_local_zscore,semcse-null-zscore_D_final,10,10,22
llama-4-scout,S2,9,2,,Wrong,0.5660677669884262,target,3,D_local_zscore,semcse-null-zscore_D_final,10,10,22
llama-4-scout,S3,9,2,,Wrong,0.22557347550816953,target,3,D_local_zscore,semcse-null-zscore_D_final,10,10,22
llama-4-scout,S0,9,3,,Wrong,0.5307859743872184,target,3,D_local_zscore,semcse-null-zscore_D_final,10,10,22
llama-4-scout,S1,9,3,,Correct,0.8069952929332935,target,3,D_local_zscore,semcse-null-zscore_D_final,10,10,22
llama-4-scout,S2,9,3,,Correct,0.7036033424691699,target,3,D_local_zscore,semcse-null-zscore_D_final,10,10,22
llama-4-scout,S3,9,3,,Correct,0.657012240515519,target,3,D_local_zscore,semcse-null-zscore_D_final,10,10,22
llama-4-scout,S0,10,1,,Correct,0.8803874541297283,target,3,D_local_zscore,semcse-null-zscore_D_final,10,10,22
llama-4-scout,S1,10,1,,Wrong,0.9104590319998507,target,3,D_local_zscore,semcse-null-zscore_D_final,10,10,22
llama-4-scout,S2,10,1,,Wrong,1.0248871651072273,target,3,D_local_zscore,semcse-null-zscore_D_final,10,10,22
llama-4-scout,S3,10,1,,Wrong,0.9565870979638915,target,3,D_local_zscore,semcse-null-zscore_D_final,10,10,22
llama-4-scout,S0,10,2,,Correct,1.5981791306981674,target,3,D_local_zscore,semcse-null-zscore_D_final,10,10,22
llama-4-scout,S1,10,2,,Wrong,1.8072185920741417,target,3,D_local_zscore,semcse-null-zscore_D_final,10,10,22
llama-4-scout,S2,10,2,,Wrong,1.8263778824967796,target,3,D_local_zscore,semcse-null-zscore_D_final,10,10,22
llama-4-scout,S3,10,2,,Correct,1.961987394438157,target,2,D_local_zscore,semcse-null-zscore_D_final,10,10,22
llama-4-scout,S0,11,1,,Wrong,0.13706993898929026,target,3,D_local_zscore,semcse-null-zscore_D_final,10,10,22
llama-4-scout,S1,11,1,,Wrong,0.593693746753928,target,3,D_local_zscore,semcse-null-zscore_D_final,10,10,22
llama-4-scout,S2,11,1,,Wrong,1.5219175658832627,target,3,D_local_zscore,semcse-null-zscore_D_final,10,10,22
llama-4-scout,S3,11,1,,Wrong,1.619811332063696,target,3,D_local_zscore,semcse-null-zscore_D_final,10,10,22
llama-4-scout,S0,12,1,,Wrong,0.09302231677039019,target,3,D_local_zscore,semcse-null-zscore_D_final,10,10,22
llama-4-scout,S1,12,1,,Wrong,-0.03054050281083942,target,3,D_local_zscore,semcse-null-zscore_D_final,10,10,22
llama-4-scout,S2,12,1,,Correct,0.4783280814533359,target,3,D_local_zscore,semcse-null-zscore_D_final,10,10,22
llama-4-scout,S3,12,1,,Wrong,0.675219394634878,target,3,D_local_zscore,semcse-null-zscore_D_final,10,10,22
llama-4-scout,S0,13,1,,Correct,2.0979055227865357,target,3,D_local_zscore,semcse-null-zscore_D_final,10,10,22
llama-4-scout,S1,13,1,,Wrong,1.9600267208210325,target,2,D_local_zscore,semcse-null-zscore_D_final,10,10,22
llama-4-scout,S2,13,1,,Correct,2.0376068581285955,target,3,D_local_zscore,semcse-null-zscore_D_final,10,10,22
llama-4-scout,S3,13,1,,Correct,2.2622165488964185,target,3,D_local_zscore,semcse-null-zscore_D_final,10,10,22
llama-4-scout,S0,13,2,,Correct,-0.8488806256538101,target,3,D_local_zscore,semcse-null-zscore_D_final,10,10,22
llama-4-scout,S1,13,2,,Wrong,-0.873016158704767,target,3,D_local_zscore,semcse-null-zscore_D_final,10,10,22
llama-4-scout,S2,13,2,,Wrong,-0.9042776459340467,target,3,D_local_zscore,semcse-null-zscore_D_final,10,10,22
llama-4-scout,S3,13,2,,Wrong,-0.9161142851996471,target,2,D_local_zscore,semcse-null-zscore_D_final,10,10,22
llama-4-scout,S0,13,3,,Wrong,1.027935067341842,target,2,D_local_zscore,semcse-null-zscore_D_final,10,10,22
llama-4-scout,S1,13,3,,Wrong,0.4266956579911533,target,3,D_local_zscore,semcse-null-zscore_D_final,10,10,22
llama-4-scout,S2,13,3,,Wrong,0.7378044801447039,target,3,D_local_zscore,semcse-null-zscore_D_final,10,10,22
llama-4-scout,S3,13,3,,Correct,0.8236591975308964,target,2,D_local_zscore,semcse-null-zscore_D_final,10,10,22
llama-4-scout,S0,14,1,,Wrong,-0.06837353495815625,target,3,D_local_zscore,semcse-null-zscore_D_final,10,10,22
llama-4-scout,S1,14,1,,Correct,-0.057830592736989095,target,3,D_local_zscore,semcse-null-zscore_D_final,10,10,22
llama-4-scout,S2,14,1,,Correct,0.02506105591657387,target,2,D_local_zscore,semcse-null-zscore_D_final,10,10,22
llama-4-scout,S3,14,1,,Correct,0.3636886921634807,target,3,D_local_zscore,semcse-null-zscore_D_final,10,10,22
llama-4-scout,S0,15,1,,Wrong,-2.604432666051672,target,3,D_local_zscore,semcse-null-zscore_D_final,10,10,22
llama-4-scout,S1,15,1,,Correct,-1.8522898278368163,target,2,D_local_zscore,semcse-null-zscore_D_final,10,10,22
llama-4-scout,S2,15,1,,Correct,-1.8724837175227402,target,3,D_local_zscore,semcse-null-zscore_D_final,10,10,22
llama-4-scout,S3,15,1,,Wrong,-1.852218087076921,target,3,D_local_zscore,semcse-null-zscore_D_final,10,10,22
llama-4-scout,S0,16,1,,Correct,0.5181743442733269,target,3,D_local_zscore,semcse-null-zscore_D_final,10,10,22
llama-4-scout,S1,16,1,,Correct,1.271609766029204,target,3,D_local_zscore,semcse-null-zscore_D_final,10,10,22
llama-4-scout,S2,16,1,,Correct,1.0700596199586743,target,3,D_local_zscore,semcse-null-zscore_D_final,10,10,22
llama-4-scout,S3,16,1,,Correct,1.23573812180749,target,3,D_local_zscore,semcse-null-zscore_D_final,10,10,22
llama-4-scout,S0,17,1,,Wrong,-0.8170508585034484,target,3,D_local_zscore,semcse-null-zscore_D_final,10,10,22
llama-4-scout,S1,17,1,,Wrong,-0.5704324535573397,target,3,D_local_zscore,semcse-null-zscore_D_final,10,10,22
llama-4-scout,S2,17,1,,Wrong,-1.1946988910494858,target,3,D_local_zscore,semcse-null-zscore_D_final,10,10,22
llama-4-scout,S3,17,1,,Correct,-0.9570045471271036,target,3,D_local_zscore,semcse-null-zscore_D_final,10,10,22
llama-4-scout,S0,18,1,,Correct,0.9574885977789935,target,3,D_local_zscore,semcse-null-zscore_D_final,10,10,22
llama-4-scout,S1,18,1,,Correct,1.2126083719421552,target,3,D_local_zscore,semcse-null-zscore_D_final,10,10,22
llama-4-scout,S2,18,1,,Correct,1.54856335714464,target,3,D_local_zscore,semcse-null-zscore_D_final,10,10,22
llama-4-scout,S3,18,1,,Correct,1.416702664859643,target,3,D_local_zscore,semcse-null-zscore_D_final,10,10,22
llama-4-scout,S0,19,1,,Correct,-0.7954051907676256,target,3,D_local_zscore,semcse-null-zscore_D_final,10,10,22
llama-4-scout,S1,19,1,,Correct,-0.4297664433884558,target,3,D_local_zscore,semcse-null-zscore_D_final,10,10,22
llama-4-scout,S2,19,1,,Correct,-0.18578159148867382,target,3,D_local_zscore,semcse-null-zscore_D_final,10,10,22
llama-4-scout,S3,19,1,,Correct,-0.33368923066467826,target,3,D_local_zscore,semcse-null-zscore_D_final,10,10,22
llama-4-scout,S0,20,1,,Correct,0.28124942635828076,target,3,D_local_zscore,semcse-null-zscore_D_final,10,10,22
llama-4-scout,S1,20,1,,Wrong,1.1578941970184675,target,3,D_local_zscore,semcse-null-zscore_D_final,10,10,22
llama-4-scout,S2,20,1,,Wrong,1.0038767844834104,target,3,D_local_zscore,semcse-null-zscore_D_final,10,10,22
llama-4-scout,S3,20,1,,Correct,0.9652837661593054,target,3,D_local_zscore,semcse-null-zscore_D_final,10,10,22
llama-4-scout,S0,21,1,,Correct,-0.49392909395801743,target,3,D_local_zscore,semcse-null-zscore_D_final,10,10,22
llama-4-scout,S1,21,1,,Correct,-0.6665999392006465,target,3,D_local_zscore,semcse-null-zscore_D_final,10,10,22
llama-4-scout,S2,21,1,,Correct,-0.6171894857927418,target,3,D_local_zscore,semcse-null-zscore_D_final,10,10,22
llama-4-scout,S3,21,1,,Correct,-0.484308976810013,target,3,D_local_zscore,semcse-null-zscore_D_final,10,10,22
llama-4-scout,S0,22,1,,Wrong,0.5444039188671752,target,3,D_local_zscore,semcse-null-zscore_D_final,10,10,22
llama-4-scout,S1,22,1,,Correct,0.062424325887750376,target,2,D_local_zscore,semcse-null-zscore_D_final,10,10,22
llama-4-scout,S2,22,1,,Correct,0.17344628345875202,target,2,D_local_zscore,semcse-null-zscore_D_final,10,10,22
llama-4-scout,S3,22,1,,Correct,0.29331039090267286,target,3,D_local_zscore,semcse-null-zscore_D_final,10,10,22
llama-4-scout,S0,23,1,,Wrong,0.018773241540998686,target,3,D_local_zscore,semcse-null-zscore_D_final,10,10,22
llama-4-scout,S1,23,1,,Correct,0.46947364634344635,target,2,D_local_zscore,semcse-null-zscore_D_final,10,10,22
llama-4-scout,S2,23,1,,Correct,0.266079061313675,target,3,D_local_zscore,semcse-null-zscore_D_final,10,10,22
llama-4-scout,S3,23,1,,Correct,0.6704004055348007,target,3,D_local_zscore,semcse-null-zscore_D_final,10,10,22
llama-4-scout,S0,24,1,,Wrong,-0.9765123587256894,target,3,D_local_zscore,semcse-null-zscore_D_final,10,10,22
llama-4-scout,S1,24,1,,Correct,-1.2974501428817957,target,3,D_local_zscore,semcse-null-zscore_D_final,10,10,22
llama-4-scout,S2,24,1,,Correct,-1.0110231108421908,target,3,D_local_zscore,semcse-null-zscore_D_final,10,10,22
llama-4-scout,S3,24,1,,Wrong,-0.9024660112864695,target,2,D_local_zscore,semcse-null-zscore_D_final,10,10,22
llama-4-scout,S0,25,1,,Wrong,-0.408746348666015,target,3,D_local_zscore,semcse-null-zscore_D_final,10,10,22
llama-4-scout,S1,25,1,,Wrong,-0.7088165455068594,target,3,D_local_zscore,semcse-null-zscore_D_final,10,10,22
llama-4-scout,S2,25,1,,Wrong,-0.529530141205643,target,3,D_local_zscore,semcse-null-zscore_D_final,10,10,22
llama-4-scout,S3,25,1,,Wrong,-0.2205528750269263,target,2,D_local_zscore,semcse-null-zscore_D_final,10,10,22
llama-4-scout,S0,25,2,,Correct,2.365916164171352,target,3,D_local_zscore,semcse-null-zscore_D_final,10,10,22
llama-4-scout,S1,25,2,,Correct,1.8529221075938458,target,3,D_local_zscore,semcse-null-zscore_D_final,10,10,22
llama-4-scout,S2,25,2,,Correct,1.7937905690464044,target,3,D_local_zscore,semcse-null-zscore_D_final,10,10,22
llama-4-scout,S3,25,2,,Correct,1.6309495868224497,target,3,D_local_zscore,semcse-null-zscore_D_final,10,10,22
llama-4-scout,S0,26,1,,Correct,0.15276430775915792,target,3,D_local_zscore,semcse-null-zscore_D_final,10,10,22
llama-4-scout,S1,26,1,,Correct,0.4926636885385949,target,3,D_local_zscore,semcse-null-zscore_D_final,10,10,22
llama-4-scout,S2,26,1,,Correct,0.33538489118047377,target,3,D_local_zscore,semcse-null-zscore_D_final,10,10,22
llama-4-scout,S3,26,1,,Correct,-0.04732587071552419,target,3,D_local_zscore,semcse-null-zscore_D_final,10,10,22
llama-4-scout,S0,26,2,,Wrong,-0.18163335130657732,target,3,D_local_zscore,semcse-null-zscore_D_final,10,10,22
llama-4-scout,S1,26,2,,Correct,-0.7604107372006075,target,3,D_local_zscore,semcse-null-zscore_D_final,10,10,22
llama-4-scout,S2,26,2,,Correct,-0.5931040241993719,target,3,D_local_zscore,semcse-null-zscore_D_final,10,10,22
llama-4-scout,S3,26,2,,Correct,0.5893522478453768,target,3,D_local_zscore,semcse-null-zscore_D_final,10,10,22
llama-4-scout,S0,26,3,,Correct,0.03049260153870147,target,2,D_local_zscore,semcse-null-zscore_D_final,10,10,22
llama-4-scout,S1,26,3,,Correct,-0.8817600325039257,target,2,D_local_zscore,semcse-null-zscore_D_final,10,10,22
llama-4-scout,S2,26,3,,Correct,-0.8028595234085174,target,3,D_local_zscore,semcse-null-zscore_D_final,10,10,22
llama-4-scout,S3,26,3,,Correct,0.8868978943054395,target,3,D_local_zscore,semcse-null-zscore_D_final,10,10,22
llama-4-scout,S0,26,4,,Correct,2.369381440471642,target,3,D_local_zscore,semcse-null-zscore_D_final,10,10,22
llama-4-scout,S1,26,4,,Correct,2.212284265123651,target,3,D_local_zscore,semcse-null-zscore_D_final,10,10,22
llama-4-scout,S2,26,4,,Correct,2.242884006638243,target,3,D_local_zscore,semcse-null-zscore_D_final,10,10,22
llama-4-scout,S3,26,4,,Correct,2.168221289009149,target,3,D_local_zscore,semcse-null-zscore_D_final,10,10,22
llama-4-scout,S0,27,1,,Wrong,-1.2821130474750613,target,2,D_local_zscore,semcse-null-zscore_D_final,10,10,22
llama-4-scout,S1,27,1,,Correct,-1.2913014748703076,target,3,D_local_zscore,semcse-null-zscore_D_final,10,10,22
llama-4-scout,S2,27,1,,Correct,-1.500680219321881,target,3,D_local_zscore,semcse-null-zscore_D_final,10,10,22
llama-4-scout,S3,27,1,,Correct,-0.6784335424149075,target,3,D_local_zscore,semcse-null-zscore_D_final,10,10,22
llama-4-scout,S0,27,2,,Wrong,-0.12171490320736353,target,3,D_local_zscore,semcse-null-zscore_D_final,10,10,22
llama-4-scout,S1,27,2,,Correct,-0.6585878844813979,target,3,D_local_zscore,semcse-null-zscore_D_final,10,10,22
llama-4-scout,S2,27,2,,Correct,-0.5220314206365613,target,3,D_local_zscore,semcse-null-zscore_D_final,10,10,22
llama-4-scout,S3,27,2,,Correct,1.1864931128678902,target,3,D_local_zscore,semcse-null-zscore_D_final,10,10,22
llama-4-scout,S0,27,3,,Correct,0.2805009343721082,target,3,D_local_zscore,semcse-null-zscore_D_final,10,10,22
llama-4-scout,S1,27,3,,Correct,-0.6616228501721162,target,3,D_local_zscore,semcse-null-zscore_D_final,10,10,22
llama-4-scout,S2,27,3,,Correct,-0.6653659445667568,target,3,D_local_zscore,semcse-null-zscore_D_final,10,10,22
llama-4-scout,S3,27,3,,Correct,1.1329956203733353,target,3,D_local_zscore,semcse-null-zscore_D_final,10,10,22
llama-4-scout,S0,27,4,,Correct,2.1600354564850206,target,2,D_local_zscore,semcse-null-zscore_D_final,10,10,22
llama-4-scout,S1,27,4,,Correct,1.7414971860427728,target,3,D_local_zscore,semcse-null-zscore_D_final,10,10,22
llama-4-scout,S2,27,4,,Correct,1.8207925930205933,target,3,D_local_zscore,semcse-null-zscore_D_final,10,10,22
llama-4-scout,S3,27,4,,Correct,2.31089669977339,target,3,D_local_zscore,semcse-null-zscore_D_final,10,10,22
llama-4-scout,S0,28,1,,Wrong,-0.7621555012211194,target,3,D_local_zscore,semcse-null-zscore_D_final,10,10,22
llama-4-scout,S1,28,1,,Wrong,-0.5516218474754315,target,3,D_local_zscore,semcse-null-zscore_D_final,10,10,22
llama-4-scout,S2,28,1,,Wrong,-0.9232547468482679,target,3,D_local_zscore,semcse-null-zscore_D_final,10,10,22
llama-4-scout,S3,28,1,,Wrong,-0.4699630615825044,target,3,D_local_zscore,semcse-null-zscore_D_final,10,10,22
llama-4-scout,S0,28,2,,Correct,0.34920814878700296,target,2,D_local_zscore,semcse-null-zscore_D_final,10,10,22
llama-4-scout,S1,28,2,,Correct,0.1823744305910721,target,3,D_local_zscore,semcse-null-zscore_D_final,10,10,22
llama-4-scout,S2,28,2,,Correct,0.6227480170318014,target,3,D_local_zscore,semcse-null-zscore_D_final,10,10,22
llama-4-scout,S3,28,2,,Correct,0.1058346625231768,target,3,D_local_zscore,semcse-null-zscore_D_final,10,10,22
llama-4-scout,S0,29,1,,Wrong,0.9242720181429577,target,3,D_local_zscore,semcse-null-zscore_D_final,10,10,22
llama-4-scout,S1,29,1,,Correct,1.677612239754764,target,3,D_local_zscore,semcse-null-zscore_D_final,10,10,22
llama-4-scout,S2,29,1,,Correct,1.6566091855928498,target,3,D_local_zscore,semcse-null-zscore_D_final,10,10,22
llama-4-scout,S3,29,1,,Correct,1.254065610612006,target,3,D_local_zscore,semcse-null-zscore_D_final,10,10,22
llama-4-scout,S0,29,2,,Correct,-0.2704744871333415,target,3,D_local_zscore,semcse-null-zscore_D_final,10,10,22
llama-4-scout,S1,29,2,,Correct,0.510069313909532,target,3,D_local_zscore,semcse-null-zscore_D_final,10,10,22
llama-4-scout,S2,29,2,,Correct,0.25569240135056276,target,3,D_local_zscore,semcse-null-zscore_D_final,10,10,22
llama-4-scout,S3,29,2,,Correct,0.3114081358310251,target,3,D_local_zscore,semcse-null-zscore_D_final,10,10,22
llama-4-scout,S0,30,1,,Wrong,-1.0889445268507107,target,3,D_local_zscore,semcse-null-zscore_D_final,10,10,22
llama-4-scout,S1,30,1,,Correct,-0.5607642673652946,target,3,D_local_zscore,semcse-null-zscore_D_final,10,10,22
llama-4-scout,S2,30,1,,Correct,-0.47225177825981324,target,3,D_local_zscore,semcse-null-zscore_D_final,10,10,22
llama-4-scout,S3,30,1,,Correct,-0.7041298962748737,target,3,D_local_zscore,semcse-null-zscore_D_final,10,10,22
llama-4-scout,S0,30,2,,Correct,-0.01146396686743062,target,2,D_local_zscore,semcse-null-zscore_D_final,10,10,22
llama-4-scout,S1,30,2,,Correct,0.4662923762816546,target,3,D_local_zscore,semcse-null-zscore_D_final,10,10,22
llama-4-scout,S2,30,2,,Correct,0.6289283586772706,target,3,D_local_zscore,semcse-null-zscore_D_final,10,10,22
llama-4-scout,S3,30,2,,Correct,-0.1361392054617564,target,3,D_local_zscore,semcse-null-zscore_D_final,10,10,22
llama-4-scout,S0,31,1,,Correct,1.4286077666085828,target,3,D_local_zscore,semcse-null-zscore_D_final,10,10,22
llama-4-scout,S1,31,1,,Correct,1.4449230686208572,target,3,D_local_zscore,semcse-null-zscore_D_final,10,10,22
llama-4-scout,S2,31,1,,Correct,1.5425619885991901,target,3,D_local_zscore,semcse-null-zscore_D_final,10,10,22
llama-4-scout,S3,31,1,,Correct,1.3584843300764435,target,3,D_local_zscore,semcse-null-zscore_D_final,10,10,22
llama-4-scout,S0,32,1,,Wrong,0.43401481210377113,target,3,D_local_zscore,semcse-null-zscore_D_final,10,10,22
llama-4-scout,S1,32,1,,Wrong,0.9400668192059534,target,3,D_local_zscore,semcse-null-zscore_D_final,10,10,22
llama-4-scout,S2,32,1,,Wrong,0.7289170843958419,target,3,D_local_zscore,semcse-null-zscore_D_final,10,10,22
llama-4-scout,S3,32,1,,Wrong,1.0983136589137967,target,3,D_local_zscore,semcse-null-zscore_D_final,10,10,22
llama-4-scout,S0,33,1,,Wrong,1.1493676221479683,target,3,D_local_zscore,semcse-null-zscore_D_final,10,10,22
llama-4-scout,S1,33,1,,Correct,0.5943470429844545,target,2,D_local_zscore,semcse-null-zscore_D_final,10,10,22
llama-4-scout,S2,33,1,,Correct,1.549373689994454,target,3,D_local_zscore,semcse-null-zscore_D_final,10,10,22
llama-4-scout,S3,33,1,,Wrong,0.9725110332302551,target,2,D_local_zscore,semcse-null-zscore_D_final,10,10,22
llama-4-scout,S0,34,1,,Wrong,-0.11808313672685278,target,3,D_local_zscore,semcse-null-zscore_D_final,10,10,22
llama-4-scout,S1,34,1,,Correct,0.16956495175090835,target,2,D_local_zscore,semcse-null-zscore_D_final,10,10,22
llama-4-scout,S2,34,1,,Wrong,0.2760693415346792,target,3,D_local_zscore,semcse-null-zscore_D_final,10,10,22
llama-4-scout,S3,34,1,,Correct,0.21761507842399352,target,3,D_local_zscore,semcse-null-zscore_D_final,10,10,22
llama-4-scout,S0,35,1,,Wrong,0.43249455446001517,target,3,D_local_zscore,semcse-null-zscore_D_final,10,10,22
llama-4-scout,S1,35,1,,Wrong,0.6312064356124205,target,3,D_local_zscore,semcse-null-zscore_D_final,10,10,22
llama-4-scout,S2,35,1,,Wrong,0.3262205801992055,target,3,D_local_zscore,semcse-null-zscore_D_final,10,10,22
llama-4-scout,S3,35,1,,Wrong,0.5979165506660561,target,3,D_local_zscore,semcse-null-zscore_D_final,10,10,22
llama-4-scout,S0,36,1,,Correct,-1.0405850763823754,target,3,D_local_zscore,semcse-null-zscore_D_final,10,10,22
llama-4-scout,S1,36,1,,Correct,-1.171180202106121,target,3,D_local_zscore,semcse-null-zscore_D_final,10,10,22
llama-4-scout,S2,36,1,,Correct,-1.266894129649795,target,3,D_local_zscore,semcse-null-zscore_D_final,10,10,22
llama-4-scout,S3,36,1,,Correct,-1.2079558079292336,target,3,D_local_zscore,semcse-null-zscore_D_final,10,10,22
llama-4-scout,S0,36,2,,Wrong,0.4220192004543615,target,3,D_local_zscore,semcse-null-zscore_D_final,10,10,22
llama-4-scout,S1,36,2,,Wrong,0.7951857587046366,target,2,D_local_zscore,semcse-null-zscore_D_final,10,10,22
llama-4-scout,S2,36,2,,Wrong,0.9676883059321714,target,3,D_local_zscore,semcse-null-zscore_D_final,10,10,22
llama-4-scout,S3,36,2,,Wrong,0.8801289911276486,target,2,D_local_zscore,semcse-null-zscore_D_final,10,10,22
llama-4-scout,S0,36,3,,Correct,-1.1369778582231018,target,3,D_local_zscore,semcse-null-zscore_D_final,10,10,22
llama-4-scout,S1,36,3,,Correct,0.3249415043327266,target,3,D_local_zscore,semcse-null-zscore_D_final,10,10,22
llama-4-scout,S2,36,3,,Correct,0.04587043617851683,target,3,D_local_zscore,semcse-null-zscore_D_final,10,10,22
llama-4-scout,S3,36,3,,Correct,0.12943141808621128,target,3,D_local_zscore,semcse-null-zscore_D_final,10,10,22
llama-4-scout,S0,37,1,,Wrong,-0.4867741508260758,target,3,D_local_zscore,semcse-null-zscore_D_final,10,10,22
llama-4-scout,S1,37,1,,Wrong,-0.06878529245404613,target,3,D_local_zscore,semcse-null-zscore_D_final,10,10,22
llama-4-scout,S2,37,1,,Wrong,-0.33718602379890533,target,3,D_local_zscore,semcse-null-zscore_D_final,10,10,22
llama-4-scout,S3,37,1,,Wrong,-0.6530915515646597,target,2,D_local_zscore,semcse-null-zscore_D_final,10,10,22
llama-4-scout,S0,37,2,,Correct,0.22495405919343514,target,3,D_local_zscore,semcse-null-zscore_D_final,10,10,22
llama-4-scout,S1,37,2,,Correct,0.7208401025431491,target,3,D_local_zscore,semcse-null-zscore_D_final,10,10,22
llama-4-scout,S2,37,2,,Correct,0.5474337824385981,target,3,D_local_zscore,semcse-null-zscore_D_final,10,10,22
llama-4-scout,S3,37,2,,Correct,0.5684767914207363,target,3,D_local_zscore,semcse-null-zscore_D_final,10,10,22
llama-4-scout,S0,38,1,,Wrong,-2.2133165625686053,target,3,D_local_zscore,semcse-null-zscore_D_final,10,10,22
llama-4-scout,S1,38,1,,Correct,-1.552579160178444,target,3,D_local_zscore,semcse-null-zscore_D_final,10,10,22
llama-4-scout,S2,38,1,,Wrong,-2.2016980887391426,target,2,D_local_zscore,semcse-null-zscore_D_final,10,10,22
llama-4-scout,S3,38,1,,Correct,-2.1475277832970243,target,3,D_local_zscore,semcse-null-zscore_D_final,10,10,22
llama-4-scout,S0,38,2,,Wrong,-2.1326702670432836,target,3,D_local_zscore,semcse-null-zscore_D_final,10,10,22
llama-4-scout,S1,38,2,,Correct,-1.4248811351622093,target,2,D_local_zscore,semcse-null-zscore_D_final,10,10,22
llama-4-scout,S2,38,2,,Wrong,-1.9143458873474335,target,3,D_local_zscore,semcse-null-zscore_D_final,10,10,22
llama-4-scout,S3,38,2,,Wrong,-2.1143645831843756,target,3,D_local_zscore,semcse-null-zscore_D_final,10,10,22
llama-4-scout,S0,39,1,,Wrong,-0.16408971105529885,target,2,D_local_zscore,semcse-null-zscore_D_final,10,10,22
llama-4-scout,S1,39,1,,Wrong,-0.3319778196517973,target,2,D_local_zscore,semcse-null-zscore_D_final,10,10,22
llama-4-scout,S2,39,1,,Wrong,0.08050473838157851,target,3,D_local_zscore,semcse-null-zscore_D_final,10,10,22
llama-4-scout,S3,39,1,,Correct,-0.3991994481897299,target,3,D_local_zscore,semcse-null-zscore_D_final,10,10,22
llama-4-scout,S0,39,2,,Correct,1.0146180251544843,target,2,D_local_zscore,semcse-null-zscore_D_final,10,10,22
llama-4-scout,S1,39,2,,Wrong,2.097965717801273,target,2,D_local_zscore,semcse-null-zscore_D_final,10,10,22
llama-4-scout,S2,39,2,,Correct,1.5017065453317207,target,2,D_local_zscore,semcse-null-zscore_D_final,10,10,22
llama-4-scout,S3,39,2,,Correct,1.7575083484650431,target,3,D_local_zscore,semcse-null-zscore_D_final,10,10,22
llama-4-scout,S0,40,1,,Correct,-0.010082935666985593,target,3,D_local_zscore,semcse-null-zscore_D_final,10,10,22
llama-4-scout,S1,40,1,,Correct,-0.11411054780251295,target,3,D_local_zscore,semcse-null-zscore_D_final,10,10,22
llama-4-scout,S2,40,1,,Correct,-0.15772414503706944,target,3,D_local_zscore,semcse-null-zscore_D_final,10,10,22
llama-4-scout,S3,40,1,,Correct,-0.5065697095182318,target,3,D_local_zscore,semcse-null-zscore_D_final,10,10,22
llama-4-scout,S0,40,2,,Correct,0.6644326190496135,target,3,D_local_zscore,semcse-null-zscore_D_final,10,10,22
llama-4-scout,S1,40,2,,Correct,0.5922028462927742,target,3,D_local_zscore,semcse-null-zscore_D_final,10,10,22
llama-4-scout,S2,40,2,,Wrong,0.7799800455746342,target,2,D_local_zscore,semcse-null-zscore_D_final,10,10,22
llama-4-scout,S3,40,2,,Wrong,0.537648053648613,target,2,D_local_zscore,semcse-null-zscore_D_final,10,10,22
llama-4-scout,S0,40,3,,Correct,0.41588561925794487,target,3,D_local_zscore,semcse-null-zscore_D_final,10,10,22
llama-4-scout,S1,40,3,,Correct,0.6039481255032443,target,3,D_local_zscore,semcse-null-zscore_D_final,10,10,22
llama-4-scout,S2,40,3,,Correct,0.82479701597164,target,3,D_local_zscore,semcse-null-zscore_D_final,10,10,22
llama-4-scout,S3,40,3,,Correct,0.6180016656224102,target,3,D_local_zscore,semcse-null-zscore_D_final,10,10,22
llama-4-scout,S0,40,4,,Correct,-0.2101886614898174,target,3,D_local_zscore,semcse-null-zscore_D_final,10,10,22
llama-4-scout,S1,40,4,,Correct,0.22503151985265213,target,2,D_local_zscore,semcse-null-zscore_D_final,10,10,22
llama-4-scout,S2,40,4,,Correct,-0.26137906848140585,target,3,D_local_zscore,semcse-null-zscore_D_final,10,10,22
llama-4-scout,S3,40,4,,Wrong,0.33783360163561893,target,2,D_local_zscore,semcse-null-zscore_D_final,10,10,22
llama-4-scout,S0,40,5,,Wrong,0.8410630678941631,target,3,D_local_zscore,semcse-null-zscore_D_final,10,10,22
llama-4-scout,S1,40,5,,Wrong,0.11268568823756164,target,3,D_local_zscore,semcse-null-zscore_D_final,10,10,22
llama-4-scout,S2,40,5,,Wrong,0.2968949010591184,target,3,D_local_zscore,semcse-null-zscore_D_final,10,10,22
llama-4-scout,S3,40,5,,Wrong,0.29188855382132717,target,3,D_local_zscore,semcse-null-zscore_D_final,10,10,22
llama-4-scout,S0,40,6,,Correct,-0.06080924875786364,target,3,D_local_zscore,semcse-null-zscore_D_final,10,10,22
llama-4-scout,S1,40,6,,Correct,-0.3259565224094239,target,3,D_local_zscore,semcse-null-zscore_D_final,10,10,22
llama-4-scout,S2,40,6,,Correct,-0.07681321874676528,target,3,D_local_zscore,semcse-null-zscore_D_final,10,10,22
llama-4-scout,S3,40,6,,Correct,-0.20660710561716167,target,3,D_local_zscore,semcse-null-zscore_D_final,10,10,22
llama-4-scout,S0,41,1,,Correct,1.104842799366538,target,3,D_local_zscore,semcse-null-zscore_D_final,10,10,22
llama-4-scout,S1,41,1,,Wrong,0.6326111006819459,target,3,D_local_zscore,semcse-null-zscore_D_final,10,10,22
llama-4-scout,S2,41,1,,Correct,0.33932975293153744,target,3,D_local_zscore,semcse-null-zscore_D_final,10,10,22
llama-4-scout,S3,41,1,,Correct,0.1801163066438639,target,3,D_local_zscore,semcse-null-zscore_D_final,10,10,22
llama-4-scout,S0,42,1,,Wrong,-0.23104946533098902,target,3,D_local_zscore,semcse-null-zscore_D_final,10,10,22
llama-4-scout,S1,42,1,,Wrong,-0.7777676727344062,target,3,D_local_zscore,semcse-null-zscore_D_final,10,10,22
llama-4-scout,S2,42,1,,Wrong,-0.857126783977442,target,3,D_local_zscore,semcse-null-zscore_D_final,10,10,22
llama-4-scout,S3,42,1,,Wrong,-0.7617576799055117,target,3,D_local_zscore,semcse-null-zscore_D_final,10,10,22
llama-4-scout,S0,43,1,,Wrong,-0.4609968890600039,target,3,D_local_zscore,semcse-null-zscore_D_final,10,10,22
llama-4-scout,S1,43,1,,Wrong,-0.3191255885122968,target,3,D_local_zscore,semcse-null-zscore_D_final,10,10,22
llama-4-scout,S2,43,1,,Wrong,-0.32701388949402993,target,3,D_local_zscore,semcse-null-zscore_D_final,10,10,22
llama-4-scout,S3,43,1,,Wrong,-0.6492613286090603,target,3,D_local_zscore,semcse-null-zscore_D_final,10,10,22
llama-4-scout,S0,44,1,,Wrong,1.1493914486010013,target,3,D_local_zscore,semcse-null-zscore_D_final,10,10,22
llama-4-scout,S1,44,1,,Wrong,1.118266109736767,target,3,D_local_zscore,semcse-null-zscore_D_final,10,10,22
llama-4-scout,S2,44,1,,Wrong,1.2561478756277924,target,3,D_local_zscore,semcse-null-zscore_D_final,10,10,22
llama-4-scout,S3,44,1,,Wrong,0.8581425940361471,target,3,D_local_zscore,semcse-null-zscore_D_final,10,10,22
llama-4-scout,S0,45,1,,Wrong,2.1350532844498877,target,2,D_local_zscore,semcse-null-zscore_D_final,10,10,22
llama-4-scout,S1,45,1,,Correct,2.253490147735464,target,3,D_local_zscore,semcse-null-zscore_D_final,10,10,22
llama-4-scout,S2,45,1,,Wrong,1.7851990135738922,target,2,D_local_zscore,semcse-null-zscore_D_final,10,10,22
llama-4-scout,S3,45,1,,Correct,2.4199716061281724,target,3,D_local_zscore,semcse-null-zscore_D_final,10,10,22
llama-4-scout,S0,45,2,,Wrong,0.6393666234374241,target,2,D_local_zscore,semcse-null-zscore_D_final,10,10,22
llama-4-scout,S1,45,2,,Wrong,1.5654175467364466,target,3,D_local_zscore,semcse-null-zscore_D_final,10,10,22
llama-4-scout,S2,45,2,,Wrong,1.339764440576932,target,3,D_local_zscore,semcse-null-zscore_D_final,10,10,22
llama-4-scout,S3,45,2,,Wrong,1.7194987695445987,target,3,D_local_zscore,semcse-null-zscore_D_final,10,10,22
llama-4-scout,S0,45,3,,Wrong,0.3353593724675136,target,3,D_local_zscore,semcse-null-zscore_D_final,10,10,22
llama-4-scout,S1,45,3,,Wrong,0.5036446637674232,target,3,D_local_zscore,semcse-null-zscore_D_final,10,10,22
llama-4-scout,S2,45,3,,Wrong,0.4579185679456194,target,3,D_local_zscore,semcse-null-zscore_D_final,10,10,22
llama-4-scout,S3,45,3,,Wrong,0.39670662859048056,target,3,D_local_zscore,semcse-null-zscore_D_final,10,10,22
llama-4-scout,S0,46,1,,Correct,0.3821560514213528,target,3,D_local_zscore,semcse-null-zscore_D_final,10,10,22
llama-4-scout,S1,46,1,,Correct,0.13068288115231153,target,3,D_local_zscore,semcse-null-zscore_D_final,10,10,22
llama-4-scout,S2,46,1,,Correct,0.28095456594145174,target,3,D_local_zscore,semcse-null-zscore_D_final,10,10,22
llama-4-scout,S3,46,1,,Correct,0.36830936284959104,target,3,D_local_zscore,semcse-null-zscore_D_final,10,10,22
llama-4-scout,S0,46,2,,Correct,-0.29098830807980514,target,3,D_local_zscore,semcse-null-zscore_D_final,10,10,22
llama-4-scout,S1,46,2,,Correct,-0.4160553218548707,target,3,D_local_zscore,semcse-null-zscore_D_final,10,10,22
llama-4-scout,S2,46,2,,Correct,-0.5402412258216505,target,3,D_local_zscore,semcse-null-zscore_D_final,10,10,22
llama-4-scout,S3,46,2,,Correct,-0.25246257154614377,target,3,D_local_zscore,semcse-null-zscore_D_final,10,10,22
llama-4-scout,S0,47,1,,Correct,-0.846351736267112,target,3,D_local_zscore,semcse-null-zscore_D_final,10,10,22
llama-4-scout,S1,47,1,,Correct,-0.8177462707960357,target,3,D_local_zscore,semcse-null-zscore_D_final,10,10,22
llama-4-scout,S2,47,1,,Correct,-0.7482926511321357,target,3,D_local_zscore,semcse-null-zscore_D_final,10,10,22
llama-4-scout,S3,47,1,,Correct,-0.6357140239887282,target,3,D_local_zscore,semcse-null-zscore_D_final,10,10,22
llama-4-scout,S0,47,2,,Correct,-1.5058852078763216,target,3,D_local_zscore,semcse-null-zscore_D_final,10,10,22
llama-4-scout,S1,47,2,,Correct,-1.3526478702054643,target,3,D_local_zscore,semcse-null-zscore_D_final,10,10,22
llama-4-scout,S2,47,2,,Correct,-1.3662047009996212,target,3,D_local_zscore,semcse-null-zscore_D_final,10,10,22
llama-4-scout,S3,47,2,,Correct,-1.3788273686399162,target,3,D_local_zscore,semcse-null-zscore_D_final,10,10,22
llama-4-scout,S0,48,1,,Correct,-0.6085166854092791,target,3,D_local_zscore,semcse-null-zscore_D_final,10,10,22
llama-4-scout,S1,48,1,,Wrong,-0.7895297000235435,target,3,D_local_zscore,semcse-null-zscore_D_final,10,10,22
llama-4-scout,S2,48,1,,Wrong,-0.9563609064226501,target,2,D_local_zscore,semcse-null-zscore_D_final,10,10,22
llama-4-scout,S3,48,1,,Correct,-0.39252711170740245,target,3,D_local_zscore,semcse-null-zscore_D_final,10,10,22
llama-4-scout,S0,48,2,,Wrong,-0.7594093900984931,target,3,D_local_zscore,semcse-null-zscore_D_final,10,10,22
llama-4-scout,S1,48,2,,Correct,-0.08436781993390324,target,2,D_local_zscore,semcse-null-zscore_D_final,10,10,22
llama-4-scout,S2,48,2,,Wrong,-0.8965514822537082,target,2,D_local_zscore,semcse-null-zscore_D_final,10,10,22
llama-4-scout,S3,48,2,,Wrong,-0.9280329620513038,target,3,D_local_zscore,semcse-null-zscore_D_final,10,10,22
llama-4-scout,S0,49,1,,Wrong,1.1095076087448015,target,3,D_local_zscore,semcse-null-zscore_D_final,10,10,22
llama-4-scout,S1,49,1,,Wrong,0.5434568906081236,target,3,D_local_zscore,semcse-null-zscore_D_final,10,10,22
llama-4-scout,S2,49,1,,Wrong,0.6356883477489155,target,3,D_local_zscore,semcse-null-zscore_D_final,10,10,22
llama-4-scout,S3,49,1,,Correct,1.0549320211692874,target,2,D_local_zscore,semcse-null-zscore_D_final,10,10,22
llama-4-scout,S0,50,1,,Wrong,-0.07717607588020253,target,3,D_local_zscore,semcse-null-zscore_D_final,10,10,22
llama-4-scout,S1,50,1,,Wrong,-0.44974345651621606,target,3,D_local_zscore,semcse-null-zscore_D_final,10,10,22
llama-4-scout,S2,50,1,,Correct,-0.1468122234221194,target,3,D_local_zscore,semcse-null-zscore_D_final,10,10,22
llama-4-scout,S3,50,1,,Correct,1.1182273907736595,target,3,D_local_zscore,semcse-null-zscore_D_final,10,10,22
llama-4-scout,S0,51,1,,Wrong,0.19371959109917186,target,3,D_local_zscore,semcse-null-zscore_D_final,10,10,22
llama-4-scout,S1,51,1,,Wrong,-0.06169822073793374,target,3,D_local_zscore,semcse-null-zscore_D_final,10,10,22
llama-4-scout,S2,51,1,,Wrong,0.2175997394522059,target,3,D_local_zscore,semcse-null-zscore_D_final,10,10,22
llama-4-scout,S3,51,1,,Wrong,0.6478610194667744,target,3,D_local_zscore,semcse-null-zscore_D_final,10,10,22
llama-4-scout,S0,52,1,,Correct,2.700223337549093,target,3,D_local_zscore,semcse-null-zscore_D_final,10,10,22
llama-4-scout,S1,52,1,,Correct,2.410354084590047,target,3,D_local_zscore,semcse-null-zscore_D_final,10,10,22
llama-4-scout,S2,52,1,,Correct,2.806818089570439,target,3,D_local_zscore,semcse-null-zscore_D_final,10,10,22
llama-4-scout,S3,52,1,,Correct,2.8440345212310034,target,2,D_local_zscore,semcse-null-zscore_D_final,10,10,22
llama-4-scout,S0,53,1,,Wrong,1.8898183351848172,target,3,D_local_zscore,semcse-null-zscore_D_final,10,10,22
llama-4-scout,S1,53,1,,Correct,1.0085994323328906,target,3,D_local_zscore,semcse-null-zscore_D_final,10,10,22
llama-4-scout,S2,53,1,,Correct,1.3225539713759702,target,3,D_local_zscore,semcse-null-zscore_D_final,10,10,22
llama-4-scout,S3,53,1,,Correct,0.2976269623380504,target,3,D_local_zscore,semcse-null-zscore_D_final,10,10,22
llama-4-scout,S0,53,2,,Correct,1.8036544955126739,target,3,D_local_zscore,semcse-null-zscore_D_final,10,10,22
llama-4-scout,S1,53,2,,Correct,1.9021540563360861,target,3,D_local_zscore,semcse-null-zscore_D_final,10,10,22
llama-4-scout,S2,53,2,,Correct,1.9221815645003164,target,3,D_local_zscore,semcse-null-zscore_D_final,10,10,22
llama-4-scout,S3,53,2,,Correct,2.1052011177051395,target,3,D_local_zscore,semcse-null-zscore_D_final,10,10,22
llama-4-scout,S0,54,1,,Wrong,0.22917053761145095,target,3,D_local_zscore,semcse-null-zscore_D_final,10,10,22
llama-4-scout,S1,54,1,,Correct,-0.5018334436918912,target,3,D_local_zscore,semcse-null-zscore_D_final,10,10,22
llama-4-scout,S2,54,1,,Correct,-0.6602277511187824,target,3,D_local_zscore,semcse-null-zscore_D_final,10,10,22
llama-4-scout,S3,54,1,,Correct,-0.34346614890976535,target,3,D_local_zscore,semcse-null-zscore_D_final,10,10,22
llama-4-scout,S0,54,2,,Correct,1.0154683897501993,target,3,D_local_zscore,semcse-null-zscore_D_final,10,10,22
llama-4-scout,S1,54,2,,Correct,1.052434433563004,target,3,D_local_zscore,semcse-null-zscore_D_final,10,10,22
llama-4-scout,S2,54,2,,Correct,1.3795707470218206,target,3,D_local_zscore,semcse-null-zscore_D_final,10,10,22
llama-4-scout,S3,54,2,,Correct,1.1569335365134337,target,3,D_local_zscore,semcse-null-zscore_D_final,10,10,22
llama-4-scout,S0,55,1,,Wrong,-0.5696159463671349,target,3,D_local_zscore,semcse-null-zscore_D_final,10,10,22
llama-4-scout,S1,55,1,,Wrong,-1.2114991740708925,target,3,D_local_zscore,semcse-null-zscore_D_final,10,10,22
llama-4-scout,S2,55,1,,Wrong,-1.155161005321844,target,2,D_local_zscore,semcse-null-zscore_D_final,10,10,22
llama-4-scout,S3,55,1,,Wrong,-0.9932584269007918,target,2,D_local_zscore,semcse-null-zscore_D_final,10,10,22
llama-4-scout,S0,55,2,,Correct,1.2216267674052987,target,3,D_local_zscore,semcse-null-zscore_D_final,10,10,22
llama-4-scout,S1,55,2,,Correct,1.9740611266361314,target,3,D_local_zscore,semcse-null-zscore_D_final,10,10,22
llama-4-scout,S2,55,2,,Correct,2.2286877041235407,target,3,D_local_zscore,semcse-null-zscore_D_final,10,10,22
llama-4-scout,S3,55,2,,Correct,1.3555391516369006,target,3,D_local_zscore,semcse-null-zscore_D_final,10,10,22
llama-4-scout,S0,56,1,,Correct,-1.6589127422313015,target,3,D_local_zscore,semcse-null-zscore_D_final,10,10,22
llama-4-scout,S1,56,1,,Wrong,-2.043659486729519,target,3,D_local_zscore,semcse-null-zscore_D_final,10,10,22
llama-4-scout,S2,56,1,,Wrong,-2.263381963921911,target,3,D_local_zscore,semcse-null-zscore_D_final,10,10,22
llama-4-scout,S3,56,1,,Wrong,-2.256934972768057,target,3,D_local_zscore,semcse-null-zscore_D_final,10,10,22
llama-4-scout,S0,56,2,,Correct,0.39206625872284206,target,3,D_local_zscore,semcse-null-zscore_D_final,10,10,22
llama-4-scout,S1,56,2,,Correct,-0.14113428134226075,target,3,D_local_zscore,semcse-null-zscore_D_final,10,10,22
llama-4-scout,S2,56,2,,Correct,-0.17811089127100227,target,3,D_local_zscore,semcse-null-zscore_D_final,10,10,22
llama-4-scout,S3,56,2,,Correct,0.2785029593034626,target,3,D_local_zscore,semcse-null-zscore_D_final,10,10,22
llama-4-scout,S0,57,1,,Wrong,-0.7334794900912928,target,2,D_local_zscore,semcse-null-zscore_D_final,10,10,22
llama-4-scout,S1,57,1,,Wrong,-1.2019343218575085,target,3,D_local_zscore,semcse-null-zscore_D_final,10,10,22
llama-4-scout,S2,57,1,,Wrong,-1.237505547970674,target,3,D_local_zscore,semcse-null-zscore_D_final,10,10,22
llama-4-scout,S3,57,1,,Correct,-1.126128577923508,target,2,D_local_zscore,semcse-null-zscore_D_final,10,10,22
llama-4-scout,S0,57,2,,Wrong,-1.1423772567608639,target,3,D_local_zscore,semcse-null-zscore_D_final,10,10,22
llama-4-scout,S1,57,2,,Wrong,-0.3681467544184144,target,3,D_local_zscore,semcse-null-zscore_D_final,10,10,22
llama-4-scout,S2,57,2,,Wrong,-0.49789385924093177,target,3,D_local_zscore,semcse-null-zscore_D_final,10,10,22
llama-4-scout,S3,57,2,,Wrong,-1.2255258287452124,target,3,D_local_zscore,semcse-null-zscore_D_final,10,10,22
llama-4-scout,S0,58,1,,Wrong,-0.5843003430455485,target,3,D_local_zscore,semcse-null-zscore_D_final,10,10,22
llama-4-scout,S1,58,1,,Correct,-0.22529369005301747,target,3,D_local_zscore,semcse-null-zscore_D_final,10,10,22
llama-4-scout,S2,58,1,,Correct,-0.31216439926121703,target,3,D_local_zscore,semcse-null-zscore_D_final,10,10,22
llama-4-scout,S3,58,1,,Correct,-0.09041208012456414,target,3,D_local_zscore,semcse-null-zscore_D_final,10,10,22
llama-4-scout,S0,58,2,,Correct,1.3073764838585904,target,3,D_local_zscore,semcse-null-zscore_D_final,10,10,22
llama-4-scout,S1,58,2,,Correct,0.5968255842008608,target,3,D_local_zscore,semcse-null-zscore_D_final,10,10,22
llama-4-scout,S2,58,2,,Correct,0.48257992008988904,target,3,D_local_zscore,semcse-null-zscore_D_final,10,10,22
llama-4-scout,S3,58,2,,Correct,0.8834018005959073,target,3,D_local_zscore,semcse-null-zscore_D_final,10,10,22
llama-4-scout,S0,59,1,,Correct,-0.1261586417940821,target,2,D_local_zscore,semcse-null-zscore_D_final,10,10,22
llama-4-scout,S1,59,1,,Correct,-0.6689816513807898,target,3,D_local_zscore,semcse-null-zscore_D_final,10,10,22
llama-4-scout,S2,59,1,,Correct,-0.47895404495996613,target,3,D_local_zscore,semcse-null-zscore_D_final,10,10,22
llama-4-scout,S3,59,1,,Correct,-0.5617375002507696,target,3,D_local_zscore,semcse-null-zscore_D_final,10,10,22
llama-4-scout,S0,59,2,,Correct,0.399676288434341,target,3,D_local_zscore,semcse-null-zscore_D_final,10,10,22
llama-4-scout,S1,59,2,,Correct,1.0697600482550904,target,3,D_local_zscore,semcse-null-zscore_D_final,10,10,22
llama-4-scout,S2,59,2,,Correct,0.8558588658268778,target,3,D_local_zscore,semcse-null-zscore_D_final,10,10,22
llama-4-scout,S3,59,2,,Correct,0.8959833585931607,target,3,D_local_zscore,semcse-null-zscore_D_final,10,10,22
llama-4-scout,S0,60,1,,Wrong,-0.19997671041907467,target,3,D_local_zscore,semcse-null-zscore_D_final,10,10,22
llama-4-scout,S1,60,1,,Correct,-0.692774165546453,target,3,D_local_zscore,semcse-null-zscore_D_final,10,10,22
llama-4-scout,S2,60,1,,Correct,-0.7696161094022047,target,3,D_local_zscore,semcse-null-zscore_D_final,10,10,22
llama-4-scout,S3,60,1,,Correct,-0.5907544227425907,target,3,D_local_zscore,semcse-null-zscore_D_final,10,10,22
llama-4-scout,S0,60,2,,Correct,1.281128895354481,target,3,D_local_zscore,semcse-null-zscore_D_final,10,10,22
llama-4-scout,S1,60,2,,Correct,2.204573127475427,target,3,D_local_zscore,semcse-null-zscore_D_final,10,10,22
llama-4-scout,S2,60,2,,Correct,2.209579344625211,target,3,D_local_zscore,semcse-null-zscore_D_final,10,10,22
llama-4-scout,S3,60,2,,Correct,1.8576610328504315,target,3,D_local_zscore,semcse-null-zscore_D_final,10,10,22
llama-4-scout,S0,61,1,,Wrong,-0.8447439169432056,target,2,D_local_zscore,semcse-null-zscore_D_final,10,10,22
llama-4-scout,S1,61,1,,Correct,-1.4100918011448007,target,3,D_local_zscore,semcse-null-zscore_D_final,10,10,22
llama-4-scout,S2,61,1,,Correct,-1.2263433591150976,target,3,D_local_zscore,semcse-null-zscore_D_final,10,10,22
llama-4-scout,S3,61,1,,Correct,-1.6196006749320566,target,3,D_local_zscore,semcse-null-zscore_D_final,10,10,22
llama-4-scout,S0,61,2,,Correct,1.1206889157166848,target,3,D_local_zscore,semcse-null-zscore_D_final,10,10,22
llama-4-scout,S1,61,2,,Correct,1.7384253061908557,target,3,D_local_zscore,semcse-null-zscore_D_final,10,10,22
llama-4-scout,S2,61,2,,Correct,1.8253159726284462,target,3,D_local_zscore,semcse-null-zscore_D_final,10,10,22
llama-4-scout,S3,61,2,,Correct,1.9081969362511595,target,3,D_local_zscore,semcse-null-zscore_D_final,10,10,22
llama-4-scout,S0,62,1,,Wrong,1.416912604195157,target,2,D_local_zscore,semcse-null-zscore_D_final,10,10,22
llama-4-scout,S1,62,1,,Correct,0.9108982663243501,target,3,D_local_zscore,semcse-null-zscore_D_final,10,10,22
llama-4-scout,S2,62,1,,Correct,1.0133296213122505,target,3,D_local_zscore,semcse-null-zscore_D_final,10,10,22
llama-4-scout,S3,62,1,,Correct,1.2912506196563718,target,3,D_local_zscore,semcse-null-zscore_D_final,10,10,22
llama-4-scout,S0,62,2,,Wrong,1.5369493870833688,target,3,D_local_zscore,semcse-null-zscore_D_final,10,10,22
llama-4-scout,S1,62,2,,Correct,1.221173369890356,target,3,D_local_zscore,semcse-null-zscore_D_final,10,10,22
llama-4-scout,S2,62,2,,Correct,1.4298663841724197,target,3,D_local_zscore,semcse-null-zscore_D_final,10,10,22
llama-4-scout,S3,62,2,,Correct,1.5048975915954423,target,3,D_local_zscore,semcse-null-zscore_D_final,10,10,22
llama-4-scout,S0,63,1,,Wrong,1.342711689721153,target,2,D_local_zscore,semcse-null-zscore_D_final,10,10,22
llama-4-scout,S1,63,1,,Correct,1.3010551351638084,target,3,D_local_zscore,semcse-null-zscore_D_final,10,10,22
llama-4-scout,S2,63,1,,Correct,0.7676220993038545,target,3,D_local_zscore,semcse-null-zscore_D_final,10,10,22
llama-4-scout,S3,63,1,,Correct,1.5301375754384667,target,3,D_local_zscore,semcse-null-zscore_D_final,10,10,22
llama-4-scout,S0,63,2,,Wrong,1.1495468309753938,target,3,D_local_zscore,semcse-null-zscore_D_final,10,10,22
llama-4-scout,S1,63,2,,Correct,1.3313957657009141,target,3,D_local_zscore,semcse-null-zscore_D_final,10,10,22
llama-4-scout,S2,63,2,,Correct,1.5817395652518829,target,3,D_local_zscore,semcse-null-zscore_D_final,10,10,22
llama-4-scout,S3,63,2,,Correct,1.3136385343209827,target,3,D_local_zscore,semcse-null-zscore_D_final,10,10,22
llama-4-scout,S0,64,1,,Correct,0.8801515792878393,target,3,D_local_zscore,semcse-null-zscore_D_final,10,10,22
llama-4-scout,S1,64,1,,Correct,0.9337825617847072,target,3,D_local_zscore,semcse-null-zscore_D_final,10,10,22
llama-4-scout,S2,64,1,,Correct,1.105235381508277,target,3,D_local_zscore,semcse-null-zscore_D_final,10,10,22
llama-4-scout,S3,64,1,,Correct,1.0486695906462877,target,3,D_local_zscore,semcse-null-zscore_D_final,10,10,22
llama-4-scout,S0,64,2,,Correct,0.10895932369370465,target,3,D_local_zscore,semcse-null-zscore_D_final,10,10,22
llama-4-scout,S1,64,2,,Correct,-0.06503713599910221,target,3,D_local_zscore,semcse-null-zscore_D_final,10,10,22
llama-4-scout,S2,64,2,,Correct,0.04743303662164566,target,3,D_local_zscore,semcse-null-zscore_D_final,10,10,22
llama-4-scout,S3,64,2,,Correct,0.16802460244057887,target,3,D_local_zscore,semcse-null-zscore_D_final,10,10,22
gpt-4o,S0,1,1,,Correct,-0.21696850323417083,target,3,D_local_zscore,semcse-null-zscore_D_final,10,10,22
gpt-4o,S1,1,1,,Correct,-0.6965212927142441,target,3,D_local_zscore,semcse-null-zscore_D_final,10,10,22
gpt-4o,S2,1,1,,Correct,-0.12870157421067385,target,3,D_local_zscore,semcse-null-zscore_D_final,10,10,22
gpt-4o,S3,1,1,,Correct,0.48458765639199264,target,3,D_local_zscore,semcse-null-zscore_D_final,10,10,22
gpt-4o,S0,1,2,,Wrong,1.4265672847800703,target,3,D_local_zscore,semcse-null-zscore_D_final,10,10,22
gpt-4o,S1,1,2,,Wrong,1.285942276128341,target,2,D_local_zscore,semcse-null-zscore_D_final,10,10,22
gpt-4o,S2,1,2,,Wrong,1.5037549529929402,target,2,D_local_zscore,semcse-null-zscore_D_final,10,10,22
gpt-4o,S3,1,2,,Wrong,1.007620803032005,target,2,D_local_zscore,semcse-null-zscore_D_final,10,10,22
gpt-4o,S0,1,3,,Wrong,1.642048434083288,target,3,D_local_zscore,semcse-null-zscore_D_final,10,10,22
gpt-4o,S1,1,3,,Correct,1.2129864931839824,target,3,D_local_zscore,semcse-null-zscore_D_final,10,10,22
gpt-4o,S2,1,3,,Correct,1.1771279004157227,target,3,D_local_zscore,semcse-null-zscore_D_final,10,10,22
gpt-4o,S3,1,3,,Correct,1.215110073542851,target,3,D_local_zscore,semcse-null-zscore_D_final,10,10,22
gpt-4o,S0,1,4,,Correct,1.0928205172223575,target,3,D_local_zscore,semcse-null-zscore_D_final,10,10,22
gpt-4o,S1,1,4,,Correct,1.4135842442519397,target,3,D_local_zscore,semcse-null-zscore_D_final,10,10,22
gpt-4o,S2,1,4,,Correct,1.3730930630490796,target,3,D_local_zscore,semcse-null-zscore_D_final,10,10,22
gpt-4o,S3,1,4,,Correct,1.186083980531663,target,3,D_local_zscore,semcse-null-zscore_D_final,10,10,22
gpt-4o,S0,1,5,,Wrong,-0.06174944872035992,target,3,D_local_zscore,semcse-null-zscore_D_final,10,10,22
gpt-4o,S1,1,5,,Wrong,-0.21559919770432046,target,3,D_local_zscore,semcse-null-zscore_D_final,10,10,22
gpt-4o,S2,1,5,,Wrong,0.9057432609561239,target,2,D_local_zscore,semcse-null-zscore_D_final,10,10,22
gpt-4o,S3,1,5,,Correct,0.4931903220986561,target,3,D_local_zscore,semcse-null-zscore_D_final,10,10,22
gpt-4o,S0,2,1,,Correct,1.90306948324184,target,3,D_local_zscore,semcse-null-zscore_D_final,10,10,22
gpt-4o,S1,2,1,,Correct,1.5370853435705265,target,3,D_local_zscore,semcse-null-zscore_D_final,10,10,22
gpt-4o,S2,2,1,,Correct,1.663002933188141,target,3,D_local_zscore,semcse-null-zscore_D_final,10,10,22
gpt-4o,S3,2,1,,Correct,2.2597677951113053,target,2,D_local_zscore,semcse-null-zscore_D_final,10,10,22
gpt-4o,S0,3,1,,Correct,1.3969561677850937,target,3,D_local_zscore,semcse-null-zscore_D_final,10,10,22
gpt-4o,S1,3,1,,Wrong,0.5868697386841035,target,3,D_local_zscore,semcse-null-zscore_D_final,10,10,22
gpt-4o,S2,3,1,,Correct,1.4888810376441746,target,3,D_local_zscore,semcse-null-zscore_D_final,10,10,22
gpt-4o,S3,3,1,,Correct,1.8299997511209147,target,3,D_local_zscore,semcse-null-zscore_D_final,10,10,22
gpt-4o,S0,3,2,,Wrong,2.34679983338729,target,3,D_local_zscore,semcse-null-zscore_D_final,10,10,22
gpt-4o,S1,3,2,,Correct,1.4368950499548667,target,3,D_local_zscore,semcse-null-zscore_D_final,10,10,22
gpt-4o,S2,3,2,,Correct,2.4736487701309877,target,2,D_local_zscore,semcse-null-zscore_D_final,10,10,22
gpt-4o,S3,3,2,,Correct,3.8872587992785297,target,3,D_local_zscore,semcse-null-zscore_D_final,10,10,22
gpt-4o,S0,4,1,,Correct,0.6464654703644181,target,3,D_local_zscore,semcse-null-zscore_D_final,10,10,22
gpt-4o,S1,4,1,,Wrong,0.3030792396247233,target,3,D_local_zscore,semcse-null-zscore_D_final,10,10,22
gpt-4o,S2,4,1,,Wrong,0.15070378235549708,target,3,D_local_zscore,semcse-null-zscore_D_final,10,10,22
gpt-4o,S3,4,1,,Wrong,0.8793731625241412,target,3,D_local_zscore,semcse-null-zscore_D_final,10,10,22
gpt-4o,S0,4,2,,Correct,1.4572339899896936,target,3,D_local_zscore,semcse-null-zscore_D_final,10,10,22
gpt-4o,S1,4,2,,Wrong,1.0772276068589046,target,3,D_local_zscore,semcse-null-zscore_D_final,10,10,22
gpt-4o,S2,4,2,,Wrong,1.0083825561892772,target,3,D_local_zscore,semcse-null-zscore_D_final,10,10,22
gpt-4o,S3,4,2,,Wrong,1.270370381986438,target,3,D_local_zscore,semcse-null-zscore_D_final,10,10,22
gpt-4o,S0,4,3,,Correct,0.14817083963003863,target,3,D_local_zscore,semcse-null-zscore_D_final,10,10,22
gpt-4o,S1,4,3,,Wrong,0.011306406403507774,target,3,D_local_zscore,semcse-null-zscore_D_final,10,10,22
gpt-4o,S2,4,3,,Wrong,0.09762572491670962,target,3,D_local_zscore,semcse-null-zscore_D_final,10,10,22
gpt-4o,S3,4,3,,Wrong,0.048266810128747784,target,3,D_local_zscore,semcse-null-zscore_D_final,10,10,22
gpt-4o,S0,5,1,,Correct,0.2996111600307447,target,3,D_local_zscore,semcse-null-zscore_D_final,10,10,22
gpt-4o,S1,5,1,,Wrong,-0.21265965267903808,target,3,D_local_zscore,semcse-null-zscore_D_final,10,10,22
gpt-4o,S2,5,1,,Wrong,-0.27164964548600024,target,3,D_local_zscore,semcse-null-zscore_D_final,10,10,22
gpt-4o,S3,5,1,,Wrong,-0.5698688402967348,target,3,D_local_zscore,semcse-null-zscore_D_final,10,10,22
gpt-4o,S0,5,2,,Correct,-0.20023272045221396,target,3,D_local_zscore,semcse-null-zscore_D_final,10,10,22
gpt-4o,S1,5,2,,Correct,-0.48541822708207627,target,3,D_local_zscore,semcse-null-zscore_D_final,10,10,22
gpt-4o,S2,5,2,,Correct,-0.3520252658986043,target,3,D_local_zscore,semcse-null-zscore_D_final,10,10,22
gpt-4o,S3,5,2,,Correct,-0.17687406201964073,target,3,D_local_zscore,semcse-null-zscore_D_final,10,10,22
gpt-4o,S0,5,3,,Wrong,0.5934486177229712,target,3,D_local_zscore,semcse-null-zscore_D_final,10,10,22
gpt-4o,S1,5,3,,Correct,0.18843820862937766,target,3,D_local_zscore,semcse-null-zscore_D_final,10,10,22
gpt-4o,S2,5,3,,Correct,0.44240067969360175,target,3,D_local_zscore,semcse-null-zscore_D_final,10,10,22
gpt-4o,S3,5,3,,Correct,0.6253478933734196,target,3,D_local_zscore,semcse-null-zscore_D_final,10,10,22
gpt-4o,S0,6,1,,Correct,0.386468733581261,target,3,D_local_zscore,semcse-null-zscore_D_final,10,10,22
gpt-4o,S1,6,1,,Correct,0.024558129141921903,target,3,D_local_zscore,semcse-null-zscore_D_final,10,10,22
gpt-4o,S2,6,1,,Correct,0.20250363942928806,target,2,D_local_zscore,semcse-null-zscore_D_final,10,10,22
gpt-4o,S3,6,1,,Correct,0.3979524928647893,target,3,D_local_zscore,semcse-null-zscore_D_final,10,10,22
gpt-4o,S0,6,2,,Correct,-1.4025952768134844,target,3,D_local_zscore,semcse-null-zscore_D_final,10,10,22
gpt-4o,S1,6,2,,Wrong,-0.7565901359503068,target,3,D_local_zscore,semcse-null-zscore_D_final,10,10,22
gpt-4o,S2,6,2,,Wrong,-1.0711459809709796,target,3,D_local_zscore,semcse-null-zscore_D_final,10,10,22
gpt-4o,S3,6,2,,Wrong,-0.7467438191743702,target,3,D_local_zscore,semcse-null-zscore_D_final,10,10,22
gpt-4o,S0,6,3,,Correct,1.1636814336596972,target,3,D_local_zscore,semcse-null-zscore_D_final,10,10,22
gpt-4o,S1,6,3,,Correct,0.9269935767215707,target,3,D_local_zscore,semcse-null-zscore_D_final,10,10,22
gpt-4o,S2,6,3,,Correct,0.6651548769907571,target,3,D_local_zscore,semcse-null-zscore_D_final,10,10,22
gpt-4o,S3,6,3,,Correct,0.8911898175641451,target,3,D_local_zscore,semcse-null-zscore_D_final,10,10,22
gpt-4o,S0,7,1,,Wrong,0.4849855019301368,target,3,D_local_zscore,semcse-null-zscore_D_final,10,10,22
gpt-4o,S1,7,1,,Wrong,0.3995350562578881,target,3,D_local_zscore,semcse-null-zscore_D_final,10,10,22
gpt-4o,S2,7,1,,Wrong,0.35230180657170396,target,2,D_local_zscore,semcse-null-zscore_D_final,10,10,22
gpt-4o,S3,7,1,,Correct,0.6293215195425945,target,2,D_local_zscore,semcse-null-zscore_D_final,10,10,22
gpt-4o,S0,7,2,,Wrong,1.3889321402762316,target,3,D_local_zscore,semcse-null-zscore_D_final,10,10,22
gpt-4o,S1,7,2,,Wrong,0.8125598908024613,target,3,D_local_zscore,semcse-null-zscore_D_final,10,10,22
gpt-4o,S2,7,2,,Wrong,0.894176352288952,target,2,D_local_zscore,semcse-null-zscore_D_final,10,10,22
gpt-4o,S3,7,2,,Correct,1.166799278003153,target,2,D_local_zscore,semcse-null-zscore_D_final,10,10,22
gpt-4o,S0,7,3,,Wrong,0.4713512979632879,target,3,D_local_zscore,semcse-null-zscore_D_final,10,10,22
gpt-4o,S1,7,3,,Wrong,-0.06784616521471709,target,3,D_local_zscore,semcse-null-zscore_D_final,10,10,22
gpt-4o,S2,7,3,,Wrong,0.14317635665851158,target,3,D_local_zscore,semcse-null-zscore_D_final,10,10,22
gpt-4o,S3,7,3,,Wrong,-0.6961013842273054,target,3,D_local_zscore,semcse-null-zscore_D_final,10,10,22
gpt-4o,S0,7,4,,Correct,-0.9937435929983754,target,3,D_local_zscore,semcse-null-zscore_D_final,10,10,22
gpt-4o,S1,7,4,,Correct,-1.3270234408924648,target,3,D_local_zscore,semcse-null-zscore_D_final,10,10,22
gpt-4o,S2,7,4,,Correct,-1.2069013211108535,target,3,D_local_zscore,semcse-null-zscore_D_final,10,10,22
gpt-4o,S3,7,4,,Correct,-0.8634225701723973,target,3,D_local_zscore,semcse-null-zscore_D_final,10,10,22
gpt-4o,S0,7,5,,Correct,0.7059448964555091,target,3,D_local_zscore,semcse-null-zscore_D_final,10,10,22
gpt-4o,S1,7,5,,Correct,0.413738111710077,target,3,D_local_zscore,semcse-null-zscore_D_final,10,10,22
gpt-4o,S2,7,5,,Correct,0.6770995859373683,target,3,D_local_zscore,semcse-null-zscore_D_final,10,10,22
gpt-4o,S3,7,5,,Correct,0.41919585047992025,target,3,D_local_zscore,semcse-null-zscore_D_final,10,10,22
gpt-4o,S0,7,6,,Wrong,0.40232982798964323,target,3,D_local_zscore,semcse-null-zscore_D_final,10,10,22
gpt-4o,S1,7,6,,Wrong,-0.0901900092870681,target,2,D_local_zscore,semcse-null-zscore_D_final,10,10,22
gpt-4o,S2,7,6,,Wrong,-0.032760705568596116,target,2,D_local_zscore,semcse-null-zscore_D_final,10,10,22
gpt-4o,S3,7,6,,Wrong,-0.7029408046433473,target,3,D_local_zscore,semcse-null-zscore_D_final,10,10,22
gpt-4o,S0,7,7,,Wrong,0.6775792554127691,target,3,D_local_zscore,semcse-null-zscore_D_final,10,10,22
gpt-4o,S1,7,7,,Wrong,1.4936101371113564,target,3,D_local_zscore,semcse-null-zscore_D_final,10,10,22
gpt-4o,S2,7,7,,Wrong,1.1314978970535918,target,3,D_local_zscore,semcse-null-zscore_D_final,10,10,22
gpt-4o,S3,7,7,,Wrong,0.8959252104744083,target,3,D_local_zscore,semcse-null-zscore_D_final,10,10,22
gpt-4o,S0,7,8,,Correct,-0.46158194218609916,target,3,D_local_zscore,semcse-null-zscore_D_final,10,10,22
gpt-4o,S1,7,8,,Correct,-0.31574807471902655,target,3,D_local_zscore,semcse-null-zscore_D_final,10,10,22
gpt-4o,S2,7,8,,Correct,-0.45430194843280347,target,3,D_local_zscore,semcse-null-zscore_D_final,10,10,22
gpt-4o,S3,7,8,,Correct,-0.09946858516471324,target,2,D_local_zscore,semcse-null-zscore_D_final,10,10,22
gpt-4o,S0,7,9,,Correct,1.1012260558159128,target,3,D_local_zscore,semcse-null-zscore_D_final,10,10,22
gpt-4o,S1,7,9,,Correct,1.2470452330274937,target,3,D_local_zscore,semcse-null-zscore_D_final,10,10,22
gpt-4o,S2,7,9,,Correct,1.433286265118216,target,2,D_local_zscore,semcse-null-zscore_D_final,10,10,22
gpt-4o,S3,7,9,,Correct,1.605001309361326,target,2,D_local_zscore,semcse-null-zscore_D_final,10,10,22
gpt-4o,S0,7,10,,Wrong,0.7901812711395304,target,3,D_local_zscore,semcse-null-zscore_D_final,10,10,22
gpt-4o,S1,7,10,,Wrong,1.150083594783844,target,3,D_local_zscore,semcse-null-zscore_D_final,10,10,22
gpt-4o,S2,7,10,,Wrong,1.65822482727455,target,3,D_local_zscore,semcse-null-zscore_D_final,10,10,22
gpt-4o,S3,7,10,,Wrong,1.493061266817953,target,3,D_local_zscore,semcse-null-zscore_D_final,10,10,22
gpt-4o,S0,7,11,,Wrong,0.8989519444388604,target,3,D_local_zscore,semcse-null-zscore_D_final,10,10,22
gpt-4o,S1,7,11,,Wrong,0.9785196457417779,target,3,D_local_zscore,semcse-null-zscore_D_final,10,10,22
gpt-4o,S2,7,11,,Wrong,0.8481097890791495,target,3,D_local_zscore,semcse-null-zscore_D_final,10,10,22
gpt-4o,S3,7,11,,Wrong,0.8170665057179393,target,3,D_local_zscore,semcse-null-zscore_D_final,10,10,22
gpt-4o,S0,8,1,,Wrong,1.1691250641636608,target,3,D_local_zscore,semcse-null-zscore_D_final,10,10,22
gpt-4o,S1,8,1,,Correct,1.5608215625024797,target,3,D_local_zscore,semcse-null-zscore_D_final,10,10,22
gpt-4o,S2,8,1,,Correct,1.3268836224125717,target,3,D_local_zscore,semcse-null-zscore_D_final,10,10,22
gpt-4o,S3,8,1,,Correct,1.216442733701482,target,3,D_local_zscore,semcse-null-zscore_D_final,10,10,22
gpt-4o,S0,8,2,,Wrong,1.1071805516415605,target,3,D_local_zscore,semcse-null-zscore_D_final,10,10,22
gpt-4o,S1,8,2,,Correct,1.4731651326620234,target,3,D_local_zscore,semcse-null-zscore_D_final,10,10,22
gpt-4o,S2,8,2,,Correct,1.701671175493327,target,3,D_local_zscore,semcse-null-zscore_D_final,10,10,22
gpt-4o,S3,8,2,,Correct,1.4396151133011759,target,3,D_local_zscore,semcse-null-zscore_D_final,10,10,22
gpt-4o,S0,8,3,,Correct,-0.27823283304708046,target,3,D_local_zscore,semcse-null-zscore_D_final,10,10,22
gpt-4o,S1,8,3,,Wrong,-0.8682459917142427,target,3,D_local_zscore,semcse-null-zscore_D_final,10,10,22
gpt-4o,S2,8,3,,Wrong,-1.0236098675562935,target,3,D_local_zscore,semcse-null-zscore_D_final,10,10,22
gpt-4o,S3,8,3,,Wrong,-0.621717592190326,target,3,D_local_zscore,semcse-null-zscore_D_final,10,10,22
gpt-4o,S0,8,4,,Correct,-1.0009566335156868,target,3,D_local_zscore,semcse-null-zscore_D_final,10,10,22
gpt-4o,S1,8,4,,Wrong,-1.1080068741467253,target,3,D_local_zscore,semcse-null-zscore_D_final,10,10,22
gpt-4o,S2,8,4,,Wrong,-0.9963193323534391,target,2,D_local_zscore,semcse-null-zscore_D_final,10,10,22
gpt-4o,S3,8,4,,Wrong,-1.1604296619174406,target,3,D_local_zscore,semcse-null-zscore_D_final,10,10,22
gpt-4o,S0,9,1,,Wrong,-0.031997164233688924,target,3,D_local_zscore,semcse-null-zscore_D_final,10,10,22
gpt-4o,S1,9,1,,Correct,0.5111299279903039,target,3,D_local_zscore,semcse-null-zscore_D_final,10,10,22
gpt-4o,S2,9,1,,Correct,0.3764317688297958,target,3,D_local_zscore,semcse-null-zscore_D_final,10,10,22
gpt-4o,S3,9,1,,Correct,0.43786464294483785,target,3,D_local_zscore,semcse-null-zscore_D_final,10,10,22
gpt-4o,S0,9,2,,Wrong,0.4615440400302122,target,3,D_local_zscore,semcse-null-zscore_D_final,10,10,22
gpt-4o,S1,9,2,,Wrong,0.5699771644785927,target,3,D_local_zscore,semcse-null-zscore_D_final,10,10,22
gpt-4o,S2,9,2,,Wrong,0.5481205163303426,target,3,D_local_zscore,semcse-null-zscore_D_final,10,10,22
gpt-4o,S3,9,2,,Wrong,0.547202252713471,target,3,D_local_zscore,semcse-null-zscore_D_final,10,10,22
gpt-4o,S0,9,3,,Wrong,0.5270503314405195,target,3,D_local_zscore,semcse-null-zscore_D_final,10,10,22
gpt-4o,S1,9,3,,Correct,1.002295615995991,target,3,D_local_zscore,semcse-null-zscore_D_final,10,10,22
gpt-4o,S2,9,3,,Correct,0.8695170443363509,target,3,D_local_zscore,semcse-null-zscore_D_final,10,10,22
gpt-4o,S3,9,3,,Correct,0.9710619270046636,target,3,D_local_zscore,semcse-null-zscore_D_final,10,10,22
gpt-4o,S0,10,1,,Correct,0.8438837232176524,target,3,D_local_zscore,semcse-null-zscore_D_final,10,10,22
gpt-4o,S1,10,1,,Wrong,0.8834598936142166,target,3,D_local_zscore,semcse-null-zscore_D_final,10,10,22
gpt-4o,S2,10,1,,Wrong,0.977389143812104,target,3,D_local_zscore,semcse-null-zscore_D_final,10,10,22
gpt-4o,S3,10,1,,Wrong,0.8516499430525344,target,3,D_local_zscore,semcse-null-zscore_D_final,10,10,22
gpt-4o,S0,10,2,,Correct,1.788844248333212,target,3,D_local_zscore,semcse-null-zscore_D_final,10,10,22
gpt-4o,S1,10,2,,Wrong,1.7768313326009433,target,3,D_local_zscore,semcse-null-zscore_D_final,10,10,22
gpt-4o,S2,10,2,,Wrong,1.876673392408565,target,3,D_local_zscore,semcse-null-zscore_D_final,10,10,22
gpt-4o,S3,10,2,,Wrong,1.7706399618785378,target,3,D_local_zscore,semcse-null-zscore_D_final,10,10,22
gpt-4o,S0,11,1,,Wrong,0.761498320203083,target,3,D_local_zscore,semcse-null-zscore_D_final,10,10,22
gpt-4o,S1,11,1,,Wrong,0.5281812277027068,target,3,D_local_zscore,semcse-null-zscore_D_final,10,10,22
gpt-4o,S2,11,1,,Wrong,0.9355422645492012,target,2,D_local_zscore,semcse-null-zscore_D_final,10,10,22
gpt-4o,S3,11,1,,Correct,1.7579350732298613,target,2,D_local_zscore,semcse-null-zscore_D_final,10,10,22
gpt-4o,S0,12,1,,Wrong,0.1167248373779578,target,3,D_local_zscore,semcse-null-zscore_D_final,10,10,22
gpt-4o,S1,12,1,,Wrong,-0.371730974900916,target,3,D_local_zscore,semcse-null-zscore_D_final,10,10,22
gpt-4o,S2,12,1,,Correct,0.2955664126839541,target,3,D_local_zscore,semcse-null-zscore_D_final,10,10,22
gpt-4o,S3,12,1,,Wrong,0.41255813886936094,target,2,D_local_zscore,semcse-null-zscore_D_final,10,10,22
gpt-4o,S0,13,1,,Correct,2.2580330645704803,target,3,D_local_zscore,semcse-null-zscore_D_final,10,10,22
gpt-4o,S1,13,1,,Wrong,2.2315824931513775,target,3,D_local_zscore,semcse-null-zscore_D_final,10,10,22
gpt-4o,S2,13,1,,Wrong,2.2073901554247515,target,2,D_local_zscore,semcse-null-zscore_D_final,10,10,22
gpt-4o,S3,13,1,,Correct,2.145219743083331,target,3,D_local_zscore,semcse-null-zscore_D_final,10,10,22
gpt-4o,S0,13,2,,Correct,-0.9638938887592546,target,3,D_local_zscore,semcse-null-zscore_D_final,10,10,22
gpt-4o,S1,13,2,,Correct,-0.9451797151111089,target,2,D_local_zscore,semcse-null-zscore_D_final,10,10,22
gpt-4o,S2,13,2,,Correct,-0.9986490275781623,target,2,D_local_zscore,semcse-null-zscore_D_final,10,10,22
gpt-4o,S3,13,2,,Correct,-0.8613630945927568,target,2,D_local_zscore,semcse-null-zscore_D_final,10,10,22
gpt-4o,S0,13,3,,Wrong,0.28215642408681185,target,3,D_local_zscore,semcse-null-zscore_D_final,10,10,22
gpt-4o,S1,13,3,,Wrong,0.25964351653740214,target,2,D_local_zscore,semcse-null-zscore_D_final,10,10,22
gpt-4o,S2,13,3,,Wrong,0.2012508993185642,target,2,D_local_zscore,semcse-null-zscore_D_final,10,10,22
gpt-4o,S3,13,3,,Wrong,0.2847810889532274,target,3,D_local_zscore,semcse-null-zscore_D_final,10,10,22
gpt-4o,S0,14,1,,Wrong,0.0399087011681559,target,3,D_local_zscore,semcse-null-zscore_D_final,10,10,22
gpt-4o,S1,14,1,,Correct,0.16465922642924927,target,3,D_local_zscore,semcse-null-zscore_D_final,10,10,22
gpt-4o,S2,14,1,,Correct,0.25099888723333663,target,3,D_local_zscore,semcse-null-zscore_D_final,10,10,22
gpt-4o,S3,14,1,,Correct,1.2170690262779125,target,2,D_local_zscore,semcse-null-zscore_D_final,10,10,22
gpt-4o,S0,15,1,,Correct,-2.776534064440933,target,2,D_local_zscore,semcse-null-zscore_D_final,10,10,22
gpt-4o,S1,15,1,,Correct,-2.4856722474026913,target,3,D_local_zscore,semcse-null-zscore_D_final,10,10,22
gpt-4o,S2,15,1,,Correct,-2.178988387801268,target,3,D_local_zscore,semcse-null-zscore_D_final,10,10,22
gpt-4o,S3,15,1,,Wrong,-2.0518311550307002,target,3,D_local_zscore,semcse-null-zscore_D_final,10,10,22
gpt-4o,S0,16,1,,Correct,0.9736179570339506,target,3,D_local_zscore,semcse-null-zscore_D_final,10,10,22
gpt-4o,S1,16,1,,Correct,1.2074224790246435,target,3,D_local_zscore,semcse-null-zscore_D_final,10,10,22
gpt-4o,S2,16,1,,Correct,1.2547684481602948,target,3,D_local_zscore,semcse-null-zscore_D_final,10,10,22
gpt-4o,S3,16,1,,Correct,1.4297377818597143,target,3,D_local_zscore,semcse-null-zscore_D_final,10,10,22
gpt-4o,S0,17,1,,Wrong,-0.7316862171565609,target,3,D_local_zscore,semcse-null-zscore_D_final,10,10,22
gpt-4o,S1,17,1,,Correct,-0.8122310989798162,target,3,D_local_zscore,semcse-null-zscore_D_final,10,10,22
gpt-4o,S2,17,1,,Correct,-1.0886316022754845,target,3,D_local_zscore,semcse-null-zscore_D_final,10,10,22
gpt-4o,S3,17,1,,Correct,-0.5266649655009991,target,3,D_local_zscore,semcse-null-zscore_D_final,10,10,22
gpt-4o,S0,18,1,,Correct,1.2335339112460633,target,3,D_local_zscore,semcse-null-zscore_D_final,10,10,22
gpt-4o,S1,18,1,,Correct,1.3355696705240085,target,3,D_local_zscore,semcse-null-zscore_D_final,10,10,22
gpt-4o,S2,18,1,,Correct,1.292155898646483,target,3,D_local_zscore,semcse-null-zscore_D_final,10,10,22
gpt-4o,S3,18,1,,Correct,1.1055504858293497,target,3,D_local_zscore,semcse-null-zscore_D_final,10,10,22
gpt-4o,S0,19,1,,Correct,-0.37603036846224025,target,3,D_local_zscore,semcse-null-zscore_D_final,10,10,22
gpt-4o,S1,19,1,,Correct,-0.10406731937336887,target,3,D_local_zscore,semcse-null-zscore_D_final,10,10,22
gpt-4o,S2,19,1,,Correct,-0.24789981724419272,target,3,D_local_zscore,semcse-null-zscore_D_final,10,10,22
gpt-4o,S3,19,1,,Correct,0.21008732924125012,target,3,D_local_zscore,semcse-null-zscore_D_final,10,10,22
gpt-4o,S0,20,1,,Correct,0.2467186915720141,target,3,D_local_zscore,semcse-null-zscore_D_final,10,10,22
gpt-4o,S1,20,1,,Wrong,1.0384871632037687,target,3,D_local_zscore,semcse-null-zscore_D_final,10,10,22
gpt-4o,S2,20,1,,Wrong,1.2322078251679127,target,3,D_local_zscore,semcse-null-zscore_D_final,10,10,22
gpt-4o,S3,20,1,,Correct,1.3370044365498612,target,2,D_local_zscore,semcse-null-zscore_D_final,10,10,22
gpt-4o,S0,21,1,,Correct,0.031635279084448825,target,3,D_local_zscore,semcse-null-zscore_D_final,10,10,22
gpt-4o,S1,21,1,,Correct,-0.4000524008224754,target,3,D_local_zscore,semcse-null-zscore_D_final,10,10,22
gpt-4o,S2,21,1,,Correct,-0.5105296378203852,target,3,D_local_zscore,semcse-null-zscore_D_final,10,10,22
gpt-4o,S3,21,1,,Correct,-0.8241952982084862,target,3,D_local_zscore,semcse-null-zscore_D_final,10,10,22
gpt-4o,S0,22,1,,Wrong,0.6310118656594428,target,3,D_local_zscore,semcse-null-zscore_D_final,10,10,22
gpt-4o,S1,22,1,,Correct,0.1556764801631525,target,2,D_local_zscore,semcse-null-zscore_D_final,10,10,22
gpt-4o,S2,22,1,,Correct,0.23597665951659752,target,3,D_local_zscore,semcse-null-zscore_D_final,10,10,22
gpt-4o,S3,22,1,,Correct,0.16309093022109877,target,3,D_local_zscore,semcse-null-zscore_D_final,10,10,22
gpt-4o,S0,23,1,,Wrong,0.6800023939540019,target,3,D_local_zscore,semcse-null-zscore_D_final,10,10,22
gpt-4o,S1,23,1,,Correct,0.7165681413494165,target,3,D_local_zscore,semcse-null-zscore_D_final,10,10,22
gpt-4o,S2,23,1,,Correct,0.5793331291963386,target,3,D_local_zscore,semcse-null-zscore_D_final,10,10,22
gpt-4o,S3,23,1,,Correct,0.2156162838086193,target,3,D_local_zscore,semcse-null-zscore_D_final,10,10,22
gpt-4o,S0,24,1,,Wrong,-0.8043641042402435,target,3,D_local_zscore,semcse-null-zscore_D_final,10,10,22
gpt-4o,S1,24,1,,Correct,-1.1078810976886801,target,3,D_local_zscore,semcse-null-zscore_D_final,10,10,22
gpt-4o,S2,24,1,,Correct,-1.0380353638964674,target,3,D_local_zscore,semcse-null-zscore_D_final,10,10,22
gpt-4o,S3,24,1,,Correct,-0.5239747217098829,target,3,D_local_zscore,semcse-null-zscore_D_final,10,10,22
gpt-4o,S0,25,1,,Correct,-0.5254714807387771,target,2,D_local_zscore,semcse-null-zscore_D_final,10,10,22
gpt-4o,S1,25,1,,Correct,-0.9993307121886266,target,3,D_local_zscore,semcse-null-zscore_D_final,10,10,22
gpt-4o,S2,25,1,,Correct,-0.46377087107061843,target,3,D_local_zscore,semcse-null-zscore_D_final,10,10,22
gpt-4o,S3,25,1,,Correct,-0.2192357216319317,target,3,D_local_zscore,semcse-null-zscore_D_final,10,10,22
gpt-4o,S0,25,2,,Correct,2.057686324181802,target,3,D_local_zscore,semcse-null-zscore_D_final,10,10,22
gpt-4o,S1,25,2,,Correct,1.85649497085001,target,3,D_local_zscore,semcse-null-zscore_D_final,10,10,22
gpt-4o,S2,25,2,,Correct,1.7095677414305377,target,3,D_local_zscore,semcse-null-zscore_D_final,10,10,22
gpt-4o,S3,25,2,,Correct,2.124611122752756,target,3,D_local_zscore,semcse-null-zscore_D_final,10,10,22
gpt-4o,S0,26,1,,Correct,-0.01208860016586577,target,3,D_local_zscore,semcse-null-zscore_D_final,10,10,22
gpt-4o,S1,26,1,,Correct,0.3901012146391907,target,2,D_local_zscore,semcse-null-zscore_D_final,10,10,22
gpt-4o,S2,26,1,,Correct,0.7232730977684791,target,3,D_local_zscore,semcse-null-zscore_D_final,10,10,22
gpt-4o,S3,26,1,,Wrong,0.03701624436703238,target,2,D_local_zscore,semcse-null-zscore_D_final,10,10,22
gpt-4o,S0,26,2,,Wrong,-0.48350165986790516,target,3,D_local_zscore,semcse-null-zscore_D_final,10,10,22
gpt-4o,S1,26,2,,Correct,-0.2526510128921429,target,3,D_local_zscore,semcse-null-zscore_D_final,10,10,22
gpt-4o,S2,26,2,,Correct,-0.6433786987388654,target,3,D_local_zscore,semcse-null-zscore_D_final,10,10,22
gpt-4o,S3,26,2,,Correct,0.90749797987058,target,3,D_local_zscore,semcse-null-zscore_D_final,10,10,22
gpt-4o,S0,26,3,,Wrong,-0.40640092397523053,target,3,D_local_zscore,semcse-null-zscore_D_final,10,10,22
gpt-4o,S1,26,3,,Correct,-0.14148455736785648,target,3,D_local_zscore,semcse-null-zscore_D_final,10,10,22
gpt-4o,S2,26,3,,Correct,-0.057075911349149855,target,3,D_local_zscore,semcse-null-zscore_D_final,10,10,22
gpt-4o,S3,26,3,,Correct,1.0062423455150944,target,3,D_local_zscore,semcse-null-zscore_D_final,10,10,22
gpt-4o,S0,26,4,,Correct,2.5566029808038544,target,3,D_local_zscore,semcse-null-zscore_D_final,10,10,22
gpt-4o,S1,26,4,,Correct,2.0121938360161717,target,3,D_local_zscore,semcse-null-zscore_D_final,10,10,22
gpt-4o,S2,26,4,,Correct,1.9118814074389714,target,3,D_local_zscore,semcse-null-zscore_D_final,10,10,22
gpt-4o,S3,26,4,,Correct,1.9489759532203057,target,3,D_local_zscore,semcse-null-zscore_D_final,10,10,22
gpt-4o,S0,27,1,,Correct,-1.324934918930396,target,3,D_local_zscore,semcse-null-zscore_D_final,10,10,22
gpt-4o,S1,27,1,,Correct,-1.4858480907008984,target,3,D_local_zscore,semcse-null-zscore_D_final,10,10,22
gpt-4o,S2,27,1,,Correct,-0.9936475963383075,target,2,D_local_zscore,semcse-null-zscore_D_final,10,10,22
gpt-4o,S3,27,1,,Correct,-0.7870091698162172,target,3,D_local_zscore,semcse-null-zscore_D_final,10,10,22
gpt-4o,S0,27,2,,Correct,-0.21201785776867405,target,3,D_local_zscore,semcse-null-zscore_D_final,10,10,22
gpt-4o,S1,27,2,,Correct,-0.6732105257574842,target,3,D_local_zscore,semcse-null-zscore_D_final,10,10,22
gpt-4o,S2,27,2,,Correct,-0.3919469546570712,target,3,D_local_zscore,semcse-null-zscore_D_final,10,10,22
gpt-4o,S3,27,2,,Correct,0.8943010255504245,target,3,D_local_zscore,semcse-null-zscore_D_final,10,10,22
gpt-4o,S0,27,3,,Wrong,-0.2839618700779805,target,2,D_local_zscore,semcse-null-zscore_D_final,10,10,22
gpt-4o,S1,27,3,,Correct,-0.5443115353045695,target,3,D_local_zscore,semcse-null-zscore_D_final,10,10,22
gpt-4o,S2,27,3,,Correct,-0.5678904117214236,target,3,D_local_zscore,semcse-null-zscore_D_final,10,10,22
gpt-4o,S3,27,3,,Correct,0.8282430846095671,target,3,D_local_zscore,semcse-null-zscore_D_final,10,10,22
gpt-4o,S0,27,4,,Correct,2.5350536664770638,target,3,D_local_zscore,semcse-null-zscore_D_final,10,10,22
gpt-4o,S1,27,4,,Correct,2.3082481803064416,target,3,D_local_zscore,semcse-null-zscore_D_final,10,10,22
gpt-4o,S2,27,4,,Correct,2.5465550294356225,target,3,D_local_zscore,semcse-null-zscore_D_final,10,10,22
gpt-4o,S3,27,4,,Correct,2.7817661431199787,target,3,D_local_zscore,semcse-null-zscore_D_final,10,10,22
gpt-4o,S0,28,1,,Wrong,-0.4806319454337046,target,3,D_local_zscore,semcse-null-zscore_D_final,10,10,22
gpt-4o,S1,28,1,,Wrong,-0.44012005015423816,target,3,D_local_zscore,semcse-null-zscore_D_final,10,10,22
gpt-4o,S2,28,1,,Wrong,0.22260328666371276,target,3,D_local_zscore,semcse-null-zscore_D_final,10,10,22
gpt-4o,S3,28,1,,Wrong,-0.04835575661564629,target,3,D_local_zscore,semcse-null-zscore_D_final,10,10,22
gpt-4o,S0,28,2,,Correct,-0.0671153088953268,target,3,D_local_zscore,semcse-null-zscore_D_final,10,10,22
gpt-4o,S1,28,2,,Correct,0.28361155661619036,target,3,D_local_zscore,semcse-null-zscore_D_final,10,10,22
gpt-4o,S2,28,2,,Correct,-0.1600077266939936,target,3,D_local_zscore,semcse-null-zscore_D_final,10,10,22
gpt-4o,S3,28,2,,Correct,0.2886780866418339,target,3,D_local_zscore,semcse-null-zscore_D_final,10,10,22
gpt-4o,S0,29,1,,Correct,0.8799707351754653,target,2,D_local_zscore,semcse-null-zscore_D_final,10,10,22
gpt-4o,S1,29,1,,Correct,0.7959009898547211,target,3,D_local_zscore,semcse-null-zscore_D_final,10,10,22
gpt-4o,S2,29,1,,Correct,0.8694249104290488,target,2,D_local_zscore,semcse-null-zscore_D_final,10,10,22
gpt-4o,S3,29,1,,Correct,1.4606172469532932,target,3,D_local_zscore,semcse-null-zscore_D_final,10,10,22
gpt-4o,S0,29,2,,Correct,-0.028319039485791876,target,3,D_local_zscore,semcse-null-zscore_D_final,10,10,22
gpt-4o,S1,29,2,,Correct,0.04330760143052001,target,3,D_local_zscore,semcse-null-zscore_D_final,10,10,22
gpt-4o,S2,29,2,,Correct,0.19179822014998227,target,3,D_local_zscore,semcse-null-zscore_D_final,10,10,22
gpt-4o,S3,29,2,,Correct,0.3580311016164399,target,3,D_local_zscore,semcse-null-zscore_D_final,10,10,22
gpt-4o,S0,30,1,,Correct,-0.5749994280989867,target,3,D_local_zscore,semcse-null-zscore_D_final,10,10,22
gpt-4o,S1,30,1,,Correct,-0.32960946664744534,target,3,D_local_zscore,semcse-null-zscore_D_final,10,10,22
gpt-4o,S2,30,1,,Correct,-0.19525053137980714,target,3,D_local_zscore,semcse-null-zscore_D_final,10,10,22
gpt-4o,S3,30,1,,Correct,-0.5516105189570432,target,3,D_local_zscore,semcse-null-zscore_D_final,10,10,22
gpt-4o,S0,30,2,,Correct,-0.02248409579983439,target,3,D_local_zscore,semcse-null-zscore_D_final,10,10,22
gpt-4o,S1,30,2,,Correct,0.2389452413001821,target,3,D_local_zscore,semcse-null-zscore_D_final,10,10,22
gpt-4o,S2,30,2,,Correct,-0.037150660123127614,target,3,D_local_zscore,semcse-null-zscore_D_final,10,10,22
gpt-4o,S3,30,2,,Correct,0.31786480663332917,target,3,D_local_zscore,semcse-null-zscore_D_final,10,10,22
gpt-4o,S0,31,1,,Correct,1.2413471685896376,target,3,D_local_zscore,semcse-null-zscore_D_final,10,10,22
gpt-4o,S1,31,1,,Correct,1.2042238444467281,target,2,D_local_zscore,semcse-null-zscore_D_final,10,10,22
gpt-4o,S2,31,1,,Wrong,1.2317640681411464,target,2,D_local_zscore,semcse-null-zscore_D_final,10,10,22
gpt-4o,S3,31,1,,Wrong,1.4426938513988488,target,2,D_local_zscore,semcse-null-zscore_D_final,10,10,22
gpt-4o,S0,32,1,,Wrong,0.4341163710196681,target,3,D_local_zscore,semcse-null-zscore_D_final,10,10,22
gpt-4o,S1,32,1,,Wrong,0.8063683395303042,target,2,D_local_zscore,semcse-null-zscore_D_final,10,10,22
gpt-4o,S2,32,1,,Wrong,0.5229305763089309,target,2,D_local_zscore,semcse-null-zscore_D_final,10,10,22
gpt-4o,S3,32,1,,Correct,1.1834076423917403,target,3,D_local_zscore,semcse-null-zscore_D_final,10,10,22
gpt-4o,S0,33,1,,Wrong,1.5780578633990774,target,3,D_local_zscore,semcse-null-zscore_D_final,10,10,22
gpt-4o,S1,33,1,,Correct,1.3983884706934222,target,3,D_local_zscore,semcse-null-zscore_D_final,10,10,22
gpt-4o,S2,33,1,,Correct,1.288486437683309,target,3,D_local_zscore,semcse-null-zscore_D_final,10,10,22
gpt-4o,S3,33,1,,Correct,1.5615918648498548,target,3,D_local_zscore,semcse-null-zscore_D_final,10,10,22
gpt-4o,S0,34,1,,Wrong,-0.0993039895824973,target,3,D_local_zscore,semcse-null-zscore_D_final,10,10,22
gpt-4o,S1,34,1,,Correct,0.1910289874521263,target,3,D_local_zscore,semcse-null-zscore_D_final,10,10,22
gpt-4o,S2,34,1,,Correct,0.17034513547809838,target,3,D_local_zscore,semcse-null-zscore_D_final,10,10,22
gpt-4o,S3,34,1,,Correct,0.39322498721388827,target,3,D_local_zscore,semcse-null-zscore_D_final,10,10,22
gpt-4o,S0,35,1,,Wrong,0.6048719641487463,target,3,D_local_zscore,semcse-null-zscore_D_final,10,10,22
gpt-4o,S1,35,1,,Wrong,0.5412838037072857,target,3,D_local_zscore,semcse-null-zscore_D_final,10,10,22
gpt-4o,S2,35,1,,Wrong,0.6537072543263234,target,3,D_local_zscore,semcse-null-zscore_D_final,10,10,22
gpt-4o,S3,35,1,,Wrong,0.7681662337995216,target,2,D_local_zscore,semcse-null-zscore_D_final,10,10,22
gpt-4o,S0,36,1,,Correct,-1.102290395156625,target,3,D_local_zscore,semcse-null-zscore_D_final,10,10,22
gpt-4o,S1,36,1,,Correct,-1.1062976339553385,target,3,D_local_zscore,semcse-null-zscore_D_final,10,10,22
gpt-4o,S2,36,1,,Wrong,-0.8889584909724432,target,2,D_local_zscore,semcse-null-zscore_D_final,10,10,22
gpt-4o,S3,36,1,,Correct,-0.790731976342991,target,3,D_local_zscore,semcse-null-zscore_D_final,10,10,22
gpt-4o,S0,36,2,,Wrong,0.9530928380440791,target,2,D_local_zscore,semcse-null-zscore_D_final,10,10,22
gpt-4o,S1,36,2,,Correct,0.7688241331117426,target,2,D_local_zscore,semcse-null-zscore_D_final,10,10,22
gpt-4o,S2,36,2,,Correct,0.8789073337798806,target,3,D_local_zscore,semcse-null-zscore_D_final,10,10,22
gpt-4o,S3,36,2,,Correct,0.7695612915107617,target,3,D_local_zscore,semcse-null-zscore_D_final,10,10,22
gpt-4o,S0,36,3,,Correct,-1.3626479361284027,target,3,D_local_zscore,semcse-null-zscore_D_final,10,10,22
gpt-4o,S1,36,3,,Wrong,-0.18939499791406833,target,2,D_local_zscore,semcse-null-zscore_D_final,10,10,22
gpt-4o,S2,36,3,,Correct,-0.7768321751402938,target,2,D_local_zscore,semcse-null-zscore_D_final,10,10,22
gpt-4o,S3,36,3,,Correct,-0.4536381776775361,target,3,D_local_zscore,semcse-null-zscore_D_final,10,10,22
gpt-4o,S0,37,1,,Wrong,-0.9302015295523072,target,3,D_local_zscore,semcse-null-zscore_D_final,10,10,22
gpt-4o,S1,37,1,,Correct,-0.24629419594811897,target,2,D_local_zscore,semcse-null-zscore_D_final,10,10,22
gpt-4o,S2,37,1,,Wrong,0.1930255724619534,target,2,D_local_zscore,semcse-null-zscore_D_final,10,10,22
gpt-4o,S3,37,1,,Wrong,-1.0263709975115614,target,2,D_local_zscore,semcse-null-zscore_D_final,10,10,22
gpt-4o,S0,37,2,,Correct,0.45851274419885835,target,3,D_local_zscore,semcse-null-zscore_D_final,10,10,22
gpt-4o,S1,37,2,,Correct,0.34100259135104083,target,2,D_local_zscore,semcse-null-zscore_D_final,10,10,22
gpt-4o,S2,37,2,,Correct,0.36395099009137233,target,3,D_local_zscore,semcse-null-zscore_D_final,10,10,22
gpt-4o,S3,37,2,,Correct,0.4145628392548655,target,3,D_local_zscore,semcse-null-zscore_D_final,10,10,22
gpt-4o,S0,38,1,,Wrong,-1.6826342898230888,target,3,D_local_zscore,semcse-null-zscore_D_final,10,10,22
gpt-4o,S1,38,1,,Correct,-1.6585172594818336,target,3,D_local_zscore,semcse-null-zscore_D_final,10,10,22
gpt-4o,S2,38,1,,Correct,-2.0071222739114414,target,3,D_local_zscore,semcse-null-zscore_D_final,10,10,22
gpt-4o,S3,38,1,,Correct,-1.8861899614504773,target,3,D_local_zscore,semcse-null-zscore_D_final,10,10,22
gpt-4o,S0,38,2,,Wrong,-1.9040500522651,target,3,D_local_zscore,semcse-null-zscore_D_final,10,10,22
gpt-4o,S1,38,2,,Correct,-2.0952044909748233,target,3,D_local_zscore,semcse-null-zscore_D_final,10,10,22
gpt-4o,S2,38,2,,Wrong,-1.843500477994495,target,3,D_local_zscore,semcse-null-zscore_D_final,10,10,22
gpt-4o,S3,38,2,,Correct,-1.6370506774378746,target,3,D_local_zscore,semcse-null-zscore_D_final,10,10,22
gpt-4o,S0,39,1,,Wrong,-0.593516634758174,target,2,D_local_zscore,semcse-null-zscore_D_final,10,10,22
gpt-4o,S1,39,1,,Wrong,-0.9961428617110561,target,3,D_local_zscore,semcse-null-zscore_D_final,10,10,22
gpt-4o,S2,39,1,,Wrong,-0.954017485201339,target,3,D_local_zscore,semcse-null-zscore_D_final,10,10,22
gpt-4o,S3,39,1,,Correct,-1.0497218092621279,target,3,D_local_zscore,semcse-null-zscore_D_final,10,10,22
gpt-4o,S0,39,2,,Correct,1.0971746762765848,target,2,D_local_zscore,semcse-null-zscore_D_final,10,10,22
gpt-4o,S1,39,2,,Correct,1.5323980119020475,target,3,D_local_zscore,semcse-null-zscore_D_final,10,10,22
gpt-4o,S2,39,2,,Correct,1.5566775714275407,target,3,D_local_zscore,semcse-null-zscore_D_final,10,10,22
gpt-4o,S3,39,2,,Correct,1.5513144794292866,target,3,D_local_zscore,semcse-null-zscore_D_final,10,10,22
gpt-4o,S0,40,1,,Correct,0.2867530406493194,target,3,D_local_zscore,semcse-null-zscore_D_final,10,10,22
gpt-4o,S1,40,1,,Correct,-0.06044277634423745,target,3,D_local_zscore,semcse-null-zscore_D_final,10,10,22
gpt-4o,S2,40,1,,Correct,0.08380122967533665,target,3,D_local_zscore,semcse-null-zscore_D_final,10,10,22
gpt-4o,S3,40,1,,Correct,-0.10367125776080921,target,3,D_local_zscore,semcse-null-zscore_D_final,10,10,22
gpt-4o,S0,40,2,,Correct,0.8292060472794133,target,3,D_local_zscore,semcse-null-zscore_D_final,10,10,22
gpt-4o,S1,40,2,,Wrong,0.9374040919322615,target,2,D_local_zscore,semcse-null-zscore_D_final,10,10,22
gpt-4o,S2,40,2,,Wrong,0.7363705173304258,target,3,D_local_zscore,semcse-null-zscore_D_final,10,10,22
gpt-4o,S3,40,2,,Wrong,1.3001647841180723,target,3,D_local_zscore,semcse-null-zscore_D_final,10,10,22
gpt-4o,S0,40,3,,Correct,0.6467244438712227,target,3,D_local_zscore,semcse-null-zscore_D_final,10,10,22
gpt-4o,S1,40,3,,Wrong,0.950352052838372,target,3,D_local_zscore,semcse-null-zscore_D_final,10,10,22
gpt-4o,S2,40,3,,Wrong,0.836821587141221,target,3,D_local_zscore,semcse-null-zscore_D_final,10,10,22
gpt-4o,S3,40,3,,Wrong,0.7509982527511672,target,3,D_local_zscore,semcse-null-zscore_D_final,10,10,22
gpt-4o,S0,40,4,,Correct,0.4043602267058159,target,3,D_local_zscore,semcse-null-zscore_D_final,10,10,22
gpt-4o,S1,40,4,,Wrong,-0.28392814228919444,target,3,D_local_zscore,semcse-null-zscore_D_final,10,10,22
gpt-4o,S2,40,4,,Wrong,-0.00988862364744103,target,3,D_local_zscore,semcse-null-zscore_D_final,10,10,22
gpt-4o,S3,40,4,,Wrong,-0.09393667402775041,target,3,D_local_zscore,semcse-null-zscore_D_final,10,10,22
gpt-4o,S0,40,5,,Wrong,0.8416709628258889,target,3,D_local_zscore,semcse-null-zscore_D_final,10,10,22
gpt-4o,S1,40,5,,Wrong,0.5821054752570445,target,3,D_local_zscore,semcse-null-zscore_D_final,10,10,22
gpt-4o,S2,40,5,,Wrong,0.17575191943708257,target,3,D_local_zscore,semcse-null-zscore_D_final,10,10,22
gpt-4o,S3,40,5,,Wrong,0.5023500616599379,target,3,D_local_zscore,semcse-null-zscore_D_final,10,10,22
gpt-4o,S0,40,6,,Correct,-0.09779431895454782,target,3,D_local_zscore,semcse-null-zscore_D_final,10,10,22
gpt-4o,S1,40,6,,Correct,-0.19859078187352697,target,3,D_local_zscore,semcse-null-zscore_D_final,10,10,22
gpt-4o,S2,40,6,,Correct,-0.3328241207149627,target,3,D_local_zscore,semcse-null-zscore_D_final,10,10,22
gpt-4o,S3,40,6,,Correct,-0.2834419811796085,target,3,D_local_zscore,semcse-null-zscore_D_final,10,10,22
gpt-4o,S0,41,1,,Correct,0.7583679474453157,target,3,D_local_zscore,semcse-null-zscore_D_final,10,10,22
gpt-4o,S1,41,1,,Wrong,0.7344379650803614,target,3,D_local_zscore,semcse-null-zscore_D_final,10,10,22
gpt-4o,S2,41,1,,Correct,1.4032086713771008,target,3,D_local_zscore,semcse-null-zscore_D_final,10,10,22
gpt-4o,S3,41,1,,Correct,0.25755656837857765,target,3,D_local_zscore,semcse-null-zscore_D_final,10,10,22
gpt-4o,S0,42,1,,Wrong,-0.20999856651336324,target,3,D_local_zscore,semcse-null-zscore_D_final,10,10,22
gpt-4o,S1,42,1,,Wrong,-0.5642104434694825,target,3,D_local_zscore,semcse-null-zscore_D_final,10,10,22
gpt-4o,S2,42,1,,Wrong,-0.7325055339419835,target,3,D_local_zscore,semcse-null-zscore_D_final,10,10,22
gpt-4o,S3,42,1,,Wrong,-0.01194391696001662,target,3,D_local_zscore,semcse-null-zscore_D_final,10,10,22
gpt-4o,S0,43,1,,Wrong,-0.7948021634906031,target,3,D_local_zscore,semcse-null-zscore_D_final,10,10,22
gpt-4o,S1,43,1,,Wrong,-0.7572883207708334,target,3,D_local_zscore,semcse-null-zscore_D_final,10,10,22
gpt-4o,S2,43,1,,Wrong,-0.8270427510589495,target,3,D_local_zscore,semcse-null-zscore_D_final,10,10,22
gpt-4o,S3,43,1,,Wrong,-0.558975474301213,target,3,D_local_zscore,semcse-null-zscore_D_final,10,10,22
gpt-4o,S0,44,1,,Wrong,0.7391090081260463,target,3,D_local_zscore,semcse-null-zscore_D_final,10,10,22
gpt-4o,S1,44,1,,Wrong,0.5102292704271288,target,3,D_local_zscore,semcse-null-zscore_D_final,10,10,22
gpt-4o,S2,44,1,,Wrong,0.6704165843644107,target,2,D_local_zscore,semcse-null-zscore_D_final,10,10,22
gpt-4o,S3,44,1,,Wrong,0.46677850466790016,target,3,D_local_zscore,semcse-null-zscore_D_final,10,10,22
gpt-4o,S0,45,1,,Correct,2.05270390742384,target,2,D_local_zscore,semcse-null-zscore_D_final,10,10,22
gpt-4o,S1,45,1,,Correct,2.374847146689143,target,3,D_local_zscore,semcse-null-zscore_D_final,10,10,22
gpt-4o,S2,45,1,,Correct,2.0549880056371026,target,3,D_local_zscore,semcse-null-zscore_D_final,10,10,22
gpt-4o,S3,45,1,,Correct,2.679455557637095,target,3,D_local_zscore,semcse-null-zscore_D_final,10,10,22
gpt-4o,S0,45,2,,Wrong,0.9217957768194842,target,3,D_local_zscore,semcse-null-zscore_D_final,10,10,22
gpt-4o,S1,45,2,,Wrong,1.1186639138583556,target,3,D_local_zscore,semcse-null-zscore_D_final,10,10,22
gpt-4o,S2,45,2,,Wrong,1.4296789609630798,target,3,D_local_zscore,semcse-null-zscore_D_final,10,10,22
gpt-4o,S3,45,2,,Wrong,1.013507175600569,target,2,D_local_zscore,semcse-null-zscore_D_final,10,10,22
gpt-4o,S0,45,3,,Wrong,0.6309815061974186,target,3,D_local_zscore,semcse-null-zscore_D_final,10,10,22
gpt-4o,S1,45,3,,Wrong,0.20507871190465043,target,3,D_local_zscore,semcse-null-zscore_D_final,10,10,22
gpt-4o,S2,45,3,,Wrong,0.25246168215284726,target,3,D_local_zscore,semcse-null-zscore_D_final,10,10,22
gpt-4o,S3,45,3,,Correct,0.15964629940886244,target,2,D_local_zscore,semcse-null-zscore_D_final,10,10,22
gpt-4o,S0,46,1,,Correct,0.36573420210061214,target,3,D_local_zscore,semcse-null-zscore_D_final,10,10,22
gpt-4o,S1,46,1,,Correct,0.515693602405026,target,3,D_local_zscore,semcse-null-zscore_D_final,10,10,22
gpt-4o,S2,46,1,,Correct,0.5165628318621932,target,3,D_local_zscore,semcse-null-zscore_D_final,10,10,22
gpt-4o,S3,46,1,,Correct,0.3644330163922452,target,3,D_local_zscore,semcse-null-zscore_D_final,10,10,22
gpt-4o,S0,46,2,,Correct,-0.12373222217841215,target,3,D_local_zscore,semcse-null-zscore_D_final,10,10,22
gpt-4o,S1,46,2,,Correct,-0.09333544245487126,target,3,D_local_zscore,semcse-null-zscore_D_final,10,10,22
gpt-4o,S2,46,2,,Correct,-0.11644006765468032,target,3,D_local_zscore,semcse-null-zscore_D_final,10,10,22
gpt-4o,S3,46,2,,Correct,-0.23563104003553548,target,3,D_local_zscore,semcse-null-zscore_D_final,10,10,22
gpt-4o,S0,47,1,,Correct,-0.31992556997650745,target,3,D_local_zscore,semcse-null-zscore_D_final,10,10,22
gpt-4o,S1,47,1,,Correct,-0.3035178949034387,target,3,D_local_zscore,semcse-null-zscore_D_final,10,10,22
gpt-4o,S2,47,1,,Correct,-0.1806889076390801,target,3,D_local_zscore,semcse-null-zscore_D_final,10,10,22
gpt-4o,S3,47,1,,Correct,-0.08155325630917395,target,3,D_local_zscore,semcse-null-zscore_D_final,10,10,22
gpt-4o,S0,47,2,,Correct,-1.497515211492953,target,3,D_local_zscore,semcse-null-zscore_D_final,10,10,22
gpt-4o,S1,47,2,,Correct,-1.3537448489030064,target,3,D_local_zscore,semcse-null-zscore_D_final,10,10,22
gpt-4o,S2,47,2,,Correct,-1.1954449085348409,target,3,D_local_zscore,semcse-null-zscore_D_final,10,10,22
gpt-4o,S3,47,2,,Correct,-1.2210252955436895,target,3,D_local_zscore,semcse-null-zscore_D_final,10,10,22
gpt-4o,S0,48,1,,Correct,-0.8541006504035145,target,3,D_local_zscore,semcse-null-zscore_D_final,10,10,22
gpt-4o,S1,48,1,,Wrong,-0.9996740112255339,target,3,D_local_zscore,semcse-null-zscore_D_final,10,10,22
gpt-4o,S2,48,1,,Wrong,-0.8592454012937465,target,3,D_local_zscore,semcse-null-zscore_D_final,10,10,22
gpt-4o,S3,48,1,,Correct,-0.023752586793825747,target,3,D_local_zscore,semcse-null-zscore_D_final,10,10,22
gpt-4o,S0,48,2,,Wrong,-1.0210311306244417,target,3,D_local_zscore,semcse-null-zscore_D_final,10,10,22
gpt-4o,S1,48,2,,Correct,-0.8009092002866829,target,3,D_local_zscore,semcse-null-zscore_D_final,10,10,22
gpt-4o,S2,48,2,,Correct,-0.2596558075288636,target,3,D_local_zscore,semcse-null-zscore_D_final,10,10,22
gpt-4o,S3,48,2,,Wrong,-1.3840381197033316,target,2,D_local_zscore,semcse-null-zscore_D_final,10,10,22
gpt-4o,S0,49,1,,Wrong,1.137350008171118,target,3,D_local_zscore,semcse-null-zscore_D_final,10,10,22
gpt-4o,S1,49,1,,Wrong,0.6461610670357947,target,2,D_local_zscore,semcse-null-zscore_D_final,10,10,22
gpt-4o,S2,49,1,,Correct,0.7004955821481472,target,2,D_local_zscore,semcse-null-zscore_D_final,10,10,22
gpt-4o,S3,49,1,,Wrong,1.4966426895928548,target,2,D_local_zscore,semcse-null-zscore_D_final,10,10,22
gpt-4o,S0,50,1,,Correct,-0.03937257538238176,target,2,D_local_zscore,semcse-null-zscore_D_final,10,10,22
gpt-4o,S1,50,1,,Correct,-0.14866856389767286,target,3,D_local_zscore,semcse-null-zscore_D_final,10,10,22
gpt-4o,S2,50,1,,Correct,-0.06915634274465307,target,3,D_local_zscore,semcse-null-zscore_D_final,10,10,22
gpt-4o,S3,50,1,,Correct,1.0286939732618237,target,3,D_local_zscore,semcse-null-zscore_D_final,10,10,22
gpt-4o,S0,51,1,,Wrong,0.06525910696968079,target,3,D_local_zscore,semcse-null-zscore_D_final,10,10,22
gpt-4o,S1,51,1,,Wrong,0.20259428714578154,target,2,D_local_zscore,semcse-null-zscore_D_final,10,10,22
gpt-4o,S2,51,1,,Correct,0.4365256705844708,target,2,D_local_zscore,semcse-null-zscore_D_final,10,10,22
gpt-4o,S3,51,1,,Correct,0.6352470376650451,target,3,D_local_zscore,semcse-null-zscore_D_final,10,10,22
gpt-4o,S0,52,1,,Correct,2.1617466676519768,target,3,D_local_zscore,semcse-null-zscore_D_final,10,10,22
gpt-4o,S1,52,1,,Wrong,1.8344909635643902,target,2,D_local_zscore,semcse-null-zscore_D_final,10,10,22
gpt-4o,S2,52,1,,Correct,2.687585288548589,target,3,D_local_zscore,semcse-null-zscore_D_final,10,10,22
gpt-4o,S3,52,1,,Correct,2.5257384329629766,target,3,D_local_zscore,semcse-null-zscore_D_final,10,10,22
gpt-4o,S0,53,1,,Wrong,2.062872032374842,target,3,D_local_zscore,semcse-null-zscore_D_final,10,10,22
gpt-4o,S1,53,1,,Correct,1.296280447931791,target,3,D_local_zscore,semcse-null-zscore_D_final,10,10,22
gpt-4o,S2,53,1,,Correct,1.145050209631451,target,3,D_local_zscore,semcse-null-zscore_D_final,10,10,22
gpt-4o,S3,53,1,,Correct,0.9490252102138451,target,3,D_local_zscore,semcse-null-zscore_D_final,10,10,22
gpt-4o,S0,53,2,,Correct,1.8404148431098883,target,3,D_local_zscore,semcse-null-zscore_D_final,10,10,22
gpt-4o,S1,53,2,,Correct,1.8726468733305195,target,3,D_local_zscore,semcse-null-zscore_D_final,10,10,22
gpt-4o,S2,53,2,,Correct,1.9998495618868921,target,3,D_local_zscore,semcse-null-zscore_D_final,10,10,22
gpt-4o,S3,53,2,,Wrong,1.318403884779749,target,2,D_local_zscore,semcse-null-zscore_D_final,10,10,22
gpt-4o,S0,54,1,,Wrong,1.1378507101207815,target,3,D_local_zscore,semcse-null-zscore_D_final,10,10,22
gpt-4o,S1,54,1,,Correct,0.4219629413349737,target,3,D_local_zscore,semcse-null-zscore_D_final,10,10,22
gpt-4o,S2,54,1,,Correct,0.04532525072467791,target,3,D_local_zscore,semcse-null-zscore_D_final,10,10,22
gpt-4o,S3,54,1,,Correct,0.37939526626440767,target,3,D_local_zscore,semcse-null-zscore_D_final,10,10,22
gpt-4o,S0,54,2,,Correct,0.5917818082918246,target,3,D_local_zscore,semcse-null-zscore_D_final,10,10,22
gpt-4o,S1,54,2,,Correct,0.8594879873410042,target,3,D_local_zscore,semcse-null-zscore_D_final,10,10,22
gpt-4o,S2,54,2,,Correct,0.8679165854244211,target,3,D_local_zscore,semcse-null-zscore_D_final,10,10,22
gpt-4o,S3,54,2,,Correct,0.8251712547152236,target,3,D_local_zscore,semcse-null-zscore_D_final,10,10,22
gpt-4o,S0,55,1,,Wrong,-0.3526559587454205,target,3,D_local_zscore,semcse-null-zscore_D_final,10,10,22
gpt-4o,S1,55,1,,Wrong,-0.9045064608866126,target,2,D_local_zscore,semcse-null-zscore_D_final,10,10,22
gpt-4o,S2,55,1,,Correct,-0.879972588017597,target,3,D_local_zscore,semcse-null-zscore_D_final,10,10,22
gpt-4o,S3,55,1,,Wrong,-0.6904257191059717,target,2,D_local_zscore,semcse-null-zscore_D_final,10,10,22
gpt-4o,S0,55,2,,Correct,0.766512199980891,target,3,D_local_zscore,semcse-null-zscore_D_final,10,10,22
gpt-4o,S1,55,2,,Correct,1.8348238788975575,target,3,D_local_zscore,semcse-null-zscore_D_final,10,10,22
gpt-4o,S2,55,2,,Correct,1.3554430563036253,target,3,D_local_zscore,semcse-null-zscore_D_final,10,10,22
gpt-4o,S3,55,2,,Correct,1.2581204749655206,target,3,D_local_zscore,semcse-null-zscore_D_final,10,10,22
gpt-4o,S0,56,1,,Correct,-1.3145495847612358,target,3,D_local_zscore,semcse-null-zscore_D_final,10,10,22
gpt-4o,S1,56,1,,Wrong,-1.741780932807254,target,3,D_local_zscore,semcse-null-zscore_D_final,10,10,22
gpt-4o,S2,56,1,,Wrong,-2.0277045879436795,target,3,D_local_zscore,semcse-null-zscore_D_final,10,10,22
gpt-4o,S3,56,1,,Wrong,-1.7619256804218588,target,3,D_local_zscore,semcse-null-zscore_D_final,10,10,22
gpt-4o,S0,56,2,,Correct,0.3589876402381237,target,3,D_local_zscore,semcse-null-zscore_D_final,10,10,22
gpt-4o,S1,56,2,,Correct,-0.1529531492555123,target,3,D_local_zscore,semcse-null-zscore_D_final,10,10,22
gpt-4o,S2,56,2,,Correct,-0.4191055871438783,target,3,D_local_zscore,semcse-null-zscore_D_final,10,10,22
gpt-4o,S3,56,2,,Correct,0.06081946029308083,target,3,D_local_zscore,semcse-null-zscore_D_final,10,10,22
gpt-4o,S0,57,1,,Wrong,-0.7258326073817843,target,2,D_local_zscore,semcse-null-zscore_D_final,10,10,22
gpt-4o,S1,57,1,,Wrong,-0.2568733938740214,target,2,D_local_zscore,semcse-null-zscore_D_final,10,10,22
gpt-4o,S2,57,1,,Correct,-0.50826632441258,target,2,D_local_zscore,semcse-null-zscore_D_final,10,10,22
gpt-4o,S3,57,1,,Correct,-0.44054714588650634,target,3,D_local_zscore,semcse-null-zscore_D_final,10,10,22
gpt-4o,S0,57,2,,Wrong,-1.6025577304376775,target,3,D_local_zscore,semcse-null-zscore_D_final,10,10,22
gpt-4o,S1,57,2,,Wrong,-1.22525578349122,target,2,D_local_zscore,semcse-null-zscore_D_final,10,10,22
gpt-4o,S2,57,2,,Wrong,-1.104959375931237,target,3,D_local_zscore,semcse-null-zscore_D_final,10,10,22
gpt-4o,S3,57,2,,Correct,-1.397537750204134,target,3,D_local_zscore,semcse-null-zscore_D_final,10,10,22
gpt-4o,S0,58,1,,Wrong,-0.5669655686565004,target,3,D_local_zscore,semcse-null-zscore_D_final,10,10,22
gpt-4o,S1,58,1,,Correct,-0.32650068949636835,target,3,D_local_zscore,semcse-null-zscore_D_final,10,10,22
gpt-4o,S2,58,1,,Correct,-0.23174312855238322,target,3,D_local_zscore,semcse-null-zscore_D_final,10,10,22
gpt-4o,S3,58,1,,Correct,-0.6478487873262377,target,3,D_local_zscore,semcse-null-zscore_D_final,10,10,22
gpt-4o,S0,58,2,,Correct,1.0061312028317677,target,3,D_local_zscore,semcse-null-zscore_D_final,10,10,22
gpt-4o,S1,58,2,,Correct,0.805800535613963,target,3,D_local_zscore,semcse-null-zscore_D_final,10,10,22
gpt-4o,S2,58,2,,Correct,0.907823603018586,target,3,D_local_zscore,semcse-null-zscore_D_final,10,10,22
gpt-4o,S3,58,2,,Correct,0.809156148162864,target,3,D_local_zscore,semcse-null-zscore_D_final,10,10,22
gpt-4o,S0,59,1,,Wrong,-0.23218776281574277,target,3,D_local_zscore,semcse-null-zscore_D_final,10,10,22
gpt-4o,S1,59,1,,Correct,-0.3086400608766442,target,3,D_local_zscore,semcse-null-zscore_D_final,10,10,22
gpt-4o,S2,59,1,,Correct,-0.31696263732684543,target,3,D_local_zscore,semcse-null-zscore_D_final,10,10,22
gpt-4o,S3,59,1,,Correct,-0.3651639827862998,target,3,D_local_zscore,semcse-null-zscore_D_final,10,10,22
gpt-4o,S0,59,2,,Correct,0.342794394568653,target,3,D_local_zscore,semcse-null-zscore_D_final,10,10,22
gpt-4o,S1,59,2,,Correct,0.6693631548819112,target,3,D_local_zscore,semcse-null-zscore_D_final,10,10,22
gpt-4o,S2,59,2,,Correct,0.4168850029848121,target,3,D_local_zscore,semcse-null-zscore_D_final,10,10,22
gpt-4o,S3,59,2,,Correct,0.804478800753126,target,3,D_local_zscore,semcse-null-zscore_D_final,10,10,22
gpt-4o,S0,60,1,,Wrong,-0.3896252254433723,target,3,D_local_zscore,semcse-null-zscore_D_final,10,10,22
gpt-4o,S1,60,1,,Correct,-0.7663397240789369,target,3,D_local_zscore,semcse-null-zscore_D_final,10,10,22
gpt-4o,S2,60,1,,Correct,-0.47285007253957384,target,3,D_local_zscore,semcse-null-zscore_D_final,10,10,22
gpt-4o,S3,60,1,,Correct,-0.8182943273185436,target,3,D_local_zscore,semcse-null-zscore_D_final,10,10,22
gpt-4o,S0,60,2,,Correct,1.336871272297037,target,3,D_local_zscore,semcse-null-zscore_D_final,10,10,22
gpt-4o,S1,60,2,,Correct,1.87685887970509,target,3,D_local_zscore,semcse-null-zscore_D_final,10,10,22
gpt-4o,S2,60,2,,Correct,2.1081143935013533,target,3,D_local_zscore,semcse-null-zscore_D_final,10,10,22
gpt-4o,S3,60,2,,Correct,1.3372039587147106,target,3,D_local_zscore,semcse-null-zscore_D_final,10,10,22
gpt-4o,S0,61,1,,Wrong,-0.93733003121551,target,3,D_local_zscore,semcse-null-zscore_D_final,10,10,22
gpt-4o,S1,61,1,,Correct,-0.5148908081277946,target,3,D_local_zscore,semcse-null-zscore_D_final,10,10,22
gpt-4o,S2,61,1,,Correct,-0.77089512965628,target,3,D_local_zscore,semcse-null-zscore_D_final,10,10,22
gpt-4o,S3,61,1,,Correct,-1.2914656218705973,target,3,D_local_zscore,semcse-null-zscore_D_final,10,10,22
gpt-4o,S0,61,2,,Correct,1.1185153217195585,target,3,D_local_zscore,semcse-null-zscore_D_final,10,10,22
gpt-4o,S1,61,2,,Correct,0.8372461296287691,target,2,D_local_zscore,semcse-null-zscore_D_final,10,10,22
gpt-4o,S2,61,2,,Correct,1.3075445467791735,target,3,D_local_zscore,semcse-null-zscore_D_final,10,10,22
gpt-4o,S3,61,2,,Correct,1.479910844854874,target,3,D_local_zscore,semcse-null-zscore_D_final,10,10,22
gpt-4o,S0,62,1,,Wrong,0.8527636168799284,target,3,D_local_zscore,semcse-null-zscore_D_final,10,10,22
gpt-4o,S1,62,1,,Correct,1.227506676654859,target,3,D_local_zscore,semcse-null-zscore_D_final,10,10,22
gpt-4o,S2,62,1,,Correct,0.8105619850376187,target,3,D_local_zscore,semcse-null-zscore_D_final,10,10,22
gpt-4o,S3,62,1,,Correct,1.355204630150434,target,3,D_local_zscore,semcse-null-zscore_D_final,10,10,22
gpt-4o,S0,62,2,,Wrong,1.1205336972035815,target,3,D_local_zscore,semcse-null-zscore_D_final,10,10,22
gpt-4o,S1,62,2,,Correct,1.2932558715173066,target,3,D_local_zscore,semcse-null-zscore_D_final,10,10,22
gpt-4o,S2,62,2,,Correct,1.2244254568526491,target,3,D_local_zscore,semcse-null-zscore_D_final,10,10,22
gpt-4o,S3,62,2,,Correct,1.1073470249922586,target,3,D_local_zscore,semcse-null-zscore_D_final,10,10,22
gpt-4o,S0,63,1,,Wrong,0.7311056291271445,target,2,D_local_zscore,semcse-null-zscore_D_final,10,10,22
gpt-4o,S1,63,1,,Correct,1.1315461889124627,target,3,D_local_zscore,semcse-null-zscore_D_final,10,10,22
gpt-4o,S2,63,1,,Correct,0.9501777548217969,target,3,D_local_zscore,semcse-null-zscore_D_final,10,10,22
gpt-4o,S3,63,1,,Correct,1.3484712801367882,target,3,D_local_zscore,semcse-null-zscore_D_final,10,10,22
gpt-4o,S0,63,2,,Wrong,1.0683958698722908,target,3,D_local_zscore,semcse-null-zscore_D_final,10,10,22
gpt-4o,S1,63,2,,Correct,1.3221567800749496,target,3,D_local_zscore,semcse-null-zscore_D_final,10,10,22
gpt-4o,S2,63,2,,Correct,1.3147328012676591,target,3,D_local_zscore,semcse-null-zscore_D_final,10,10,22
gpt-4o,S3,63,2,,Correct,1.0675882233404441,target,3,D_local_zscore,semcse-null-zscore_D_final,10,10,22
gpt-4o,S0,64,1,,Correct,0.632968540531556,target,3,D_local_zscore,semcse-null-zscore_D_final,10,10,22
gpt-4o,S1,64,1,,Wrong,0.6183179732001756,target,2,D_local_zscore,semcse-null-zscore_D_final,10,10,22
gpt-4o,S2,64,1,,Correct,0.6328566928646886,target,3,D_local_zscore,semcse-null-zscore_D_final,10,10,22
gpt-4o,S3,64,1,,Correct,0.8739198724888708,target,2,D_local_zscore,semcse-null-zscore_D_final,10,10,22
gpt-4o,S0,64,2,,Correct,0.5582626936230329,target,3,D_local_zscore,semcse-null-zscore_D_final,10,10,22
gpt-4o,S1,64,2,,Wrong,-0.2994883685484915,target,3,D_local_zscore,semcse-null-zscore_D_final,10,10,22
gpt-4o,S2,64,2,,Correct,0.17079683621750696,target,3,D_local_zscore,semcse-null-zscore_D_final,10,10,22
gpt-4o,S3,64,2,,Wrong,0.038866897189770544,target,2,D_local_zscore,semcse-null-zscore_D_final,10,10,22
gemini-3.1-flash-lite,S0,1,1,,Correct,-0.09649857402379958,target,3,D_local_zscore,semcse-null-zscore_D_final,10,10,22
gemini-3.1-flash-lite,S1,1,1,,Correct,-0.043073420390260075,target,3,D_local_zscore,semcse-null-zscore_D_final,10,10,22
gemini-3.1-flash-lite,S2,1,1,,Correct,0.06707381874819429,target,3,D_local_zscore,semcse-null-zscore_D_final,10,10,22
gemini-3.1-flash-lite,S3,1,1,,Correct,0.4165291843660375,target,3,D_local_zscore,semcse-null-zscore_D_final,10,10,22
gemini-3.1-flash-lite,S0,1,2,,Wrong,0.8997813157344923,target,3,D_local_zscore,semcse-null-zscore_D_final,10,10,22
gemini-3.1-flash-lite,S1,1,2,,Correct,1.166101443103427,target,3,D_local_zscore,semcse-null-zscore_D_final,10,10,22
gemini-3.1-flash-lite,S2,1,2,,Correct,0.8184486041758263,target,3,D_local_zscore,semcse-null-zscore_D_final,10,10,22
gemini-3.1-flash-lite,S3,1,2,,Correct,1.2226769023307429,target,3,D_local_zscore,semcse-null-zscore_D_final,10,10,22
gemini-3.1-flash-lite,S0,1,3,,Wrong,0.5973702915766841,target,3,D_local_zscore,semcse-null-zscore_D_final,10,10,22
gemini-3.1-flash-lite,S1,1,3,,Correct,0.40417537510230006,target,2,D_local_zscore,semcse-null-zscore_D_final,10,10,22
gemini-3.1-flash-lite,S2,1,3,,Correct,0.6104924272920003,target,2,D_local_zscore,semcse-null-zscore_D_final,10,10,22
gemini-3.1-flash-lite,S3,1,3,,Correct,0.5006949735140664,target,3,D_local_zscore,semcse-null-zscore_D_final,10,10,22
gemini-3.1-flash-lite,S0,1,4,,Correct,0.8953590134965759,target,3,D_local_zscore,semcse-null-zscore_D_final,10,10,22
gemini-3.1-flash-lite,S1,1,4,,Correct,1.4815939163534235,target,3,D_local_zscore,semcse-null-zscore_D_final,10,10,22
gemini-3.1-flash-lite,S2,1,4,,Correct,1.2634720360871767,target,3,D_local_zscore,semcse-null-zscore_D_final,10,10,22
gemini-3.1-flash-lite,S3,1,4,,Correct,1.3024373734057304,target,2,D_local_zscore,semcse-null-zscore_D_final,10,10,22
gemini-3.1-flash-lite,S0,1,5,,Wrong,-0.4360651271005115,target,3,D_local_zscore,semcse-null-zscore_D_final,10,10,22
gemini-3.1-flash-lite,S1,1,5,,Wrong,-0.07324299440669857,target,3,D_local_zscore,semcse-null-zscore_D_final,10,10,22
gemini-3.1-flash-lite,S2,1,5,,Correct,0.23056988972996706,target,3,D_local_zscore,semcse-null-zscore_D_final,10,10,22
gemini-3.1-flash-lite,S3,1,5,,Correct,0.6520449889643457,target,3,D_local_zscore,semcse-null-zscore_D_final,10,10,22
gemini-3.1-flash-lite,S0,2,1,,Correct,1.6968513150417224,target,3,D_local_zscore,semcse-null-zscore_D_final,10,10,22
gemini-3.1-flash-lite,S1,2,1,,Correct,1.7405291381274983,target,3,D_local_zscore,semcse-null-zscore_D_final,10,10,22
gemini-3.1-flash-lite,S2,2,1,,Correct,2.0474546669394478,target,3,D_local_zscore,semcse-null-zscore_D_final,10,10,22
gemini-3.1-flash-lite,S3,2,1,,Correct,2.5500060927854715,target,3,D_local_zscore,semcse-null-zscore_D_final,10,10,22
gemini-3.1-flash-lite,S0,3,1,,Correct,1.7919197591434923,target,3,D_local_zscore,semcse-null-zscore_D_final,10,10,22
gemini-3.1-flash-lite,S1,3,1,,Wrong,1.1919198110667675,target,3,D_local_zscore,semcse-null-zscore_D_final,10,10,22
gemini-3.1-flash-lite,S2,3,1,,Correct,1.408579727815724,target,3,D_local_zscore,semcse-null-zscore_D_final,10,10,22
gemini-3.1-flash-lite,S3,3,1,,Wrong,1.6608237900163192,target,2,D_local_zscore,semcse-null-zscore_D_final,10,10,22
gemini-3.1-flash-lite,S0,3,2,,Wrong,2.2108725824213806,target,3,D_local_zscore,semcse-null-zscore_D_final,10,10,22
gemini-3.1-flash-lite,S1,3,2,,Correct,2.0136159452626754,target,3,D_local_zscore,semcse-null-zscore_D_final,10,10,22
gemini-3.1-flash-lite,S2,3,2,,Correct,2.5433427038059846,target,3,D_local_zscore,semcse-null-zscore_D_final,10,10,22
gemini-3.1-flash-lite,S3,3,2,,Correct,3.3397450034120437,target,3,D_local_zscore,semcse-null-zscore_D_final,10,10,22
gemini-3.1-flash-lite,S0,4,1,,Correct,1.4450421336146508,target,3,D_local_zscore,semcse-null-zscore_D_final,10,10,22
gemini-3.1-flash-lite,S1,4,1,,Wrong,0.7871465433650433,target,3,D_local_zscore,semcse-null-zscore_D_final,10,10,22
gemini-3.1-flash-lite,S2,4,1,,Correct,0.9558108901962772,target,3,D_local_zscore,semcse-null-zscore_D_final,10,10,22
gemini-3.1-flash-lite,S3,4,1,,Correct,1.256922244661136,target,3,D_local_zscore,semcse-null-zscore_D_final,10,10,22
gemini-3.1-flash-lite,S0,4,2,,Correct,1.4416880817935631,target,3,D_local_zscore,semcse-null-zscore_D_final,10,10,22
gemini-3.1-flash-lite,S1,4,2,,Wrong,1.0963860990902605,target,3,D_local_zscore,semcse-null-zscore_D_final,10,10,22
gemini-3.1-flash-lite,S2,4,2,,Correct,1.1639656705705177,target,2,D_local_zscore,semcse-null-zscore_D_final,10,10,22
gemini-3.1-flash-lite,S3,4,2,,Correct,1.3717739868441032,target,3,D_local_zscore,semcse-null-zscore_D_final,10,10,22
gemini-3.1-flash-lite,S0,4,3,,Correct,1.0733430739353709,target,3,D_local_zscore,semcse-null-zscore_D_final,10,10,22
gemini-3.1-flash-lite,S1,4,3,,Correct,0.6967836528547642,target,3,D_local_zscore,semcse-null-zscore_D_final,10,10,22
gemini-3.1-flash-lite,S2,4,3,,Correct,0.6958689935897964,target,2,D_local_zscore,semcse-null-zscore_D_final,10,10,22
gemini-3.1-flash-lite,S3,4,3,,Wrong,0.25898120256710633,target,2,D_local_zscore,semcse-null-zscore_D_final,10,10,22
gemini-3.1-flash-lite,S0,5,1,,Wrong,0.29019911694716227,target,2,D_local_zscore,semcse-null-zscore_D_final,10,10,22
gemini-3.1-flash-lite,S1,5,1,,Wrong,0.1264816452169799,target,3,D_local_zscore,semcse-null-zscore_D_final,10,10,22
gemini-3.1-flash-lite,S2,5,1,,Wrong,0.003775672620484727,target,3,D_local_zscore,semcse-null-zscore_D_final,10,10,22
gemini-3.1-flash-lite,S3,5,1,,Wrong,-0.015291738865927051,target,3,D_local_zscore,semcse-null-zscore_D_final,10,10,22
gemini-3.1-flash-lite,S0,5,2,,Wrong,-0.09456052286931649,target,3,D_local_zscore,semcse-null-zscore_D_final,10,10,22
gemini-3.1-flash-lite,S1,5,2,,Correct,0.3100627327969152,target,2,D_local_zscore,semcse-null-zscore_D_final,10,10,22
gemini-3.1-flash-lite,S2,5,2,,Correct,0.11647419017559502,target,3,D_local_zscore,semcse-null-zscore_D_final,10,10,22
gemini-3.1-flash-lite,S3,5,2,,Correct,0.6902109365990436,target,2,D_local_zscore,semcse-null-zscore_D_final,10,10,22
gemini-3.1-flash-lite,S0,5,3,,Correct,1.1462034021115506,target,2,D_local_zscore,semcse-null-zscore_D_final,10,10,22
gemini-3.1-flash-lite,S1,5,3,,Correct,1.0449531168582928,target,2,D_local_zscore,semcse-null-zscore_D_final,10,10,22
gemini-3.1-flash-lite,S2,5,3,,Correct,1.0606926206895309,target,3,D_local_zscore,semcse-null-zscore_D_final,10,10,22
gemini-3.1-flash-lite,S3,5,3,,Correct,1.6467710203687467,target,3,D_local_zscore,semcse-null-zscore_D_final,10,10,22
gemini-3.1-flash-lite,S0,6,1,,Correct,0.4558714253699401,target,3,D_local_zscore,semcse-null-zscore_D_final,10,10,22
gemini-3.1-flash-lite,S1,6,1,,Correct,0.3207460238392814,target,3,D_local_zscore,semcse-null-zscore_D_final,10,10,22
gemini-3.1-flash-lite,S2,6,1,,Correct,0.25863212919297496,target,3,D_local_zscore,semcse-null-zscore_D_final,10,10,22
gemini-3.1-flash-lite,S3,6,1,,Correct,0.45546711619207003,target,3,D_local_zscore,semcse-null-zscore_D_final,10,10,22
gemini-3.1-flash-lite,S0,6,2,,Correct,-1.1301854799585331,target,3,D_local_zscore,semcse-null-zscore_D_final,10,10,22
gemini-3.1-flash-lite,S1,6,2,,Wrong,-0.6858063859415502,target,3,D_local_zscore,semcse-null-zscore_D_final,10,10,22
gemini-3.1-flash-lite,S2,6,2,,Wrong,-0.6440890029559645,target,3,D_local_zscore,semcse-null-zscore_D_final,10,10,22
gemini-3.1-flash-lite,S3,6,2,,Wrong,-0.8232685177526721,target,2,D_local_zscore,semcse-null-zscore_D_final,10,10,22
gemini-3.1-flash-lite,S0,6,3,,Correct,0.8305093806112789,target,3,D_local_zscore,semcse-null-zscore_D_final,10,10,22
gemini-3.1-flash-lite,S1,6,3,,Correct,0.8259856213862493,target,3,D_local_zscore,semcse-null-zscore_D_final,10,10,22
gemini-3.1-flash-lite,S2,6,3,,Correct,0.9256320663312201,target,3,D_local_zscore,semcse-null-zscore_D_final,10,10,22
gemini-3.1-flash-lite,S3,6,3,,Correct,1.012050855450727,target,3,D_local_zscore,semcse-null-zscore_D_final,10,10,22
gemini-3.1-flash-lite,S0,7,1,,Wrong,0.7564363466184226,target,2,D_local_zscore,semcse-null-zscore_D_final,10,10,22
gemini-3.1-flash-lite,S1,7,1,,Wrong,0.7051926885841627,target,3,D_local_zscore,semcse-null-zscore_D_final,10,10,22
gemini-3.1-flash-lite,S2,7,1,,Wrong,0.730400757756048,target,3,D_local_zscore,semcse-null-zscore_D_final,10,10,22
gemini-3.1-flash-lite,S3,7,1,,Wrong,1.0449924313459582,target,3,D_local_zscore,semcse-null-zscore_D_final,10,10,22
gemini-3.1-flash-lite,S0,7,2,,Wrong,1.4293380115245933,target,3,D_local_zscore,semcse-null-zscore_D_final,10,10,22
gemini-3.1-flash-lite,S1,7,2,,Wrong,1.1908018452715994,target,3,D_local_zscore,semcse-null-zscore_D_final,10,10,22
gemini-3.1-flash-lite,S2,7,2,,Wrong,1.2512871480687058,target,3,D_local_zscore,semcse-null-zscore_D_final,10,10,22
gemini-3.1-flash-lite,S3,7,2,,Wrong,1.4313261598388007,target,3,D_local_zscore,semcse-null-zscore_D_final,10,10,22
gemini-3.1-flash-lite,S0,7,3,,Wrong,-0.7910586541438769,target,3,D_local_zscore,semcse-null-zscore_D_final,10,10,22
gemini-3.1-flash-lite,S1,7,3,,Wrong,-0.7159288042588208,target,3,D_local_zscore,semcse-null-zscore_D_final,10,10,22
gemini-3.1-flash-lite,S2,7,3,,Wrong,-0.47904879104721,target,3,D_local_zscore,semcse-null-zscore_D_final,10,10,22
gemini-3.1-flash-lite,S3,7,3,,Wrong,-0.5844402550549088,target,3,D_local_zscore,semcse-null-zscore_D_final,10,10,22
gemini-3.1-flash-lite,S0,7,4,,Correct,-0.5784860109556134,target,3,D_local_zscore,semcse-null-zscore_D_final,10,10,22
gemini-3.1-flash-lite,S1,7,4,,Correct,-0.39430489098770694,target,3,D_local_zscore,semcse-null-zscore_D_final,10,10,22
gemini-3.1-flash-lite,S2,7,4,,Correct,-0.3324034985596621,target,3,D_local_zscore,semcse-null-zscore_D_final,10,10,22
gemini-3.1-flash-lite,S3,7,4,,Correct,-0.3011197863529118,target,3,D_local_zscore,semcse-null-zscore_D_final,10,10,22
gemini-3.1-flash-lite,S0,7,5,,Correct,0.0832285912807329,target,3,D_local_zscore,semcse-null-zscore_D_final,10,10,22
gemini-3.1-flash-lite,S1,7,5,,Correct,0.3623644777841428,target,3,D_local_zscore,semcse-null-zscore_D_final,10,10,22
gemini-3.1-flash-lite,S2,7,5,,Correct,0.4365441756443521,target,3,D_local_zscore,semcse-null-zscore_D_final,10,10,22
gemini-3.1-flash-lite,S3,7,5,,Correct,0.403095785773833,target,3,D_local_zscore,semcse-null-zscore_D_final,10,10,22
gemini-3.1-flash-lite,S0,7,6,,Wrong,-0.41789173258045276,target,3,D_local_zscore,semcse-null-zscore_D_final,10,10,22
gemini-3.1-flash-lite,S1,7,6,,Wrong,-0.9257804295351993,target,2,D_local_zscore,semcse-null-zscore_D_final,10,10,22
gemini-3.1-flash-lite,S2,7,6,,Wrong,-0.5462684858349459,target,3,D_local_zscore,semcse-null-zscore_D_final,10,10,22
gemini-3.1-flash-lite,S3,7,6,,Wrong,-0.8054269476532505,target,3,D_local_zscore,semcse-null-zscore_D_final,10,10,22
gemini-3.1-flash-lite,S0,7,7,,Wrong,0.6926066964674501,target,3,D_local_zscore,semcse-null-zscore_D_final,10,10,22
gemini-3.1-flash-lite,S1,7,7,,Wrong,1.3623621769373946,target,3,D_local_zscore,semcse-null-zscore_D_final,10,10,22
gemini-3.1-flash-lite,S2,7,7,,Wrong,1.35793660177417,target,3,D_local_zscore,semcse-null-zscore_D_final,10,10,22
gemini-3.1-flash-lite,S3,7,7,,Wrong,1.0514551571986943,target,3,D_local_zscore,semcse-null-zscore_D_final,10,10,22
gemini-3.1-flash-lite,S0,7,8,,Correct,0.5105934688156332,target,3,D_local_zscore,semcse-null-zscore_D_final,10,10,22
gemini-3.1-flash-lite,S1,7,8,,Correct,0.7116584341762456,target,3,D_local_zscore,semcse-null-zscore_D_final,10,10,22
gemini-3.1-flash-lite,S2,7,8,,Correct,0.3659712664175073,target,3,D_local_zscore,semcse-null-zscore_D_final,10,10,22
gemini-3.1-flash-lite,S3,7,8,,Correct,0.4115619795065816,target,3,D_local_zscore,semcse-null-zscore_D_final,10,10,22
gemini-3.1-flash-lite,S0,7,9,,Correct,1.6647349411866936,target,3,D_local_zscore,semcse-null-zscore_D_final,10,10,22
gemini-3.1-flash-lite,S1,7,9,,Correct,1.2846908343566525,target,3,D_local_zscore,semcse-null-zscore_D_final,10,10,22
gemini-3.1-flash-lite,S2,7,9,,Correct,1.3325027557037306,target,3,D_local_zscore,semcse-null-zscore_D_final,10,10,22
gemini-3.1-flash-lite,S3,7,9,,Correct,1.4197760083736175,target,3,D_local_zscore,semcse-null-zscore_D_final,10,10,22
gemini-3.1-flash-lite,S0,7,10,,Wrong,0.12955385047733803,target,3,D_local_zscore,semcse-null-zscore_D_final,10,10,22
gemini-3.1-flash-lite,S1,7,10,,Wrong,-0.4528128660982903,target,3,D_local_zscore,semcse-null-zscore_D_final,10,10,22
gemini-3.1-flash-lite,S2,7,10,,Wrong,-0.29206010072239796,target,3,D_local_zscore,semcse-null-zscore_D_final,10,10,22
gemini-3.1-flash-lite,S3,7,10,,Wrong,-0.12177380993734455,target,3,D_local_zscore,semcse-null-zscore_D_final,10,10,22
gemini-3.1-flash-lite,S0,7,11,,Wrong,0.5612554904854702,target,3,D_local_zscore,semcse-null-zscore_D_final,10,10,22
gemini-3.1-flash-lite,S1,7,11,,Wrong,0.34761236705118925,target,3,D_local_zscore,semcse-null-zscore_D_final,10,10,22
gemini-3.1-flash-lite,S2,7,11,,Wrong,0.7681834659440361,target,3,D_local_zscore,semcse-null-zscore_D_final,10,10,22
gemini-3.1-flash-lite,S3,7,11,,Wrong,0.468271708133586,target,3,D_local_zscore,semcse-null-zscore_D_final,10,10,22
gemini-3.1-flash-lite,S0,8,1,,Wrong,0.9164765614556923,target,2,D_local_zscore,semcse-null-zscore_D_final,10,10,22
gemini-3.1-flash-lite,S1,8,1,,Correct,0.9312902135758725,target,3,D_local_zscore,semcse-null-zscore_D_final,10,10,22
gemini-3.1-flash-lite,S2,8,1,,Correct,0.8371289396708428,target,3,D_local_zscore,semcse-null-zscore_D_final,10,10,22
gemini-3.1-flash-lite,S3,8,1,,Correct,0.9302805972838503,target,3,D_local_zscore,semcse-null-zscore_D_final,10,10,22
gemini-3.1-flash-lite,S0,8,2,,Wrong,1.211175167034138,target,3,D_local_zscore,semcse-null-zscore_D_final,10,10,22
gemini-3.1-flash-lite,S1,8,2,,Correct,1.3606131260711278,target,3,D_local_zscore,semcse-null-zscore_D_final,10,10,22
gemini-3.1-flash-lite,S2,8,2,,Correct,1.308367601961324,target,3,D_local_zscore,semcse-null-zscore_D_final,10,10,22
gemini-3.1-flash-lite,S3,8,2,,Correct,1.124510882416467,target,3,D_local_zscore,semcse-null-zscore_D_final,10,10,22
gemini-3.1-flash-lite,S0,8,3,,Correct,0.39691596241198646,target,2,D_local_zscore,semcse-null-zscore_D_final,10,10,22
gemini-3.1-flash-lite,S1,8,3,,Wrong,-0.624962858765567,target,3,D_local_zscore,semcse-null-zscore_D_final,10,10,22
gemini-3.1-flash-lite,S2,8,3,,Wrong,-0.6561643296332964,target,3,D_local_zscore,semcse-null-zscore_D_final,10,10,22
gemini-3.1-flash-lite,S3,8,3,,Wrong,-0.07725274575045071,target,3,D_local_zscore,semcse-null-zscore_D_final,10,10,22
gemini-3.1-flash-lite,S0,8,4,,Correct,-0.9568322695799406,target,3,D_local_zscore,semcse-null-zscore_D_final,10,10,22
gemini-3.1-flash-lite,S1,8,4,,Wrong,-1.5249793347398621,target,3,D_local_zscore,semcse-null-zscore_D_final,10,10,22
gemini-3.1-flash-lite,S2,8,4,,Wrong,-1.4331045365398716,target,3,D_local_zscore,semcse-null-zscore_D_final,10,10,22
gemini-3.1-flash-lite,S3,8,4,,Wrong,-1.3599535813990877,target,3,D_local_zscore,semcse-null-zscore_D_final,10,10,22
gemini-3.1-flash-lite,S0,9,1,,Wrong,0.4211138067249025,target,2,D_local_zscore,semcse-null-zscore_D_final,10,10,22
gemini-3.1-flash-lite,S1,9,1,,Correct,0.596729739981249,target,3,D_local_zscore,semcse-null-zscore_D_final,10,10,22
gemini-3.1-flash-lite,S2,9,1,,Correct,0.479446300994427,target,2,D_local_zscore,semcse-null-zscore_D_final,10,10,22
gemini-3.1-flash-lite,S3,9,1,,Correct,0.4422796439085088,target,3,D_local_zscore,semcse-null-zscore_D_final,10,10,22
gemini-3.1-flash-lite,S0,9,2,,Wrong,0.6983548701478719,target,2,D_local_zscore,semcse-null-zscore_D_final,10,10,22
gemini-3.1-flash-lite,S1,9,2,,Wrong,0.5876205858684906,target,3,D_local_zscore,semcse-null-zscore_D_final,10,10,22
gemini-3.1-flash-lite,S2,9,2,,Wrong,0.7495175579023166,target,3,D_local_zscore,semcse-null-zscore_D_final,10,10,22
gemini-3.1-flash-lite,S3,9,2,,Wrong,1.0622717329899374,target,3,D_local_zscore,semcse-null-zscore_D_final,10,10,22
gemini-3.1-flash-lite,S0,9,3,,Wrong,0.9618987559523673,target,3,D_local_zscore,semcse-null-zscore_D_final,10,10,22
gemini-3.1-flash-lite,S1,9,3,,Correct,1.1010295661977147,target,3,D_local_zscore,semcse-null-zscore_D_final,10,10,22
gemini-3.1-flash-lite,S2,9,3,,Correct,0.7831038151353173,target,3,D_local_zscore,semcse-null-zscore_D_final,10,10,22
gemini-3.1-flash-lite,S3,9,3,,Correct,1.1241673751315209,target,3,D_local_zscore,semcse-null-zscore_D_final,10,10,22
gemini-3.1-flash-lite,S0,10,1,,Correct,1.5336384171767272,target,3,D_local_zscore,semcse-null-zscore_D_final,10,10,22
gemini-3.1-flash-lite,S1,10,1,,Wrong,0.9264632648145188,target,3,D_local_zscore,semcse-null-zscore_D_final,10,10,22
gemini-3.1-flash-lite,S2,10,1,,Wrong,0.8397718780856301,target,3,D_local_zscore,semcse-null-zscore_D_final,10,10,22
gemini-3.1-flash-lite,S3,10,1,,Correct,1.0618595229054286,target,3,D_local_zscore,semcse-null-zscore_D_final,10,10,22
gemini-3.1-flash-lite,S0,10,2,,Correct,2.3592953630201725,target,3,D_local_zscore,semcse-null-zscore_D_final,10,10,22
gemini-3.1-flash-lite,S1,10,2,,Wrong,1.4403633024925604,target,3,D_local_zscore,semcse-null-zscore_D_final,10,10,22
gemini-3.1-flash-lite,S2,10,2,,Wrong,1.6467461111848043,target,3,D_local_zscore,semcse-null-zscore_D_final,10,10,22
gemini-3.1-flash-lite,S3,10,2,,Correct,2.0870245808527255,target,3,D_local_zscore,semcse-null-zscore_D_final,10,10,22
gemini-3.1-flash-lite,S0,11,1,,Wrong,0.8064550087386408,target,3,D_local_zscore,semcse-null-zscore_D_final,10,10,22
gemini-3.1-flash-lite,S1,11,1,,Wrong,1.3752979787372064,target,3,D_local_zscore,semcse-null-zscore_D_final,10,10,22
gemini-3.1-flash-lite,S2,11,1,,Wrong,1.0898909306647928,target,3,D_local_zscore,semcse-null-zscore_D_final,10,10,22
gemini-3.1-flash-lite,S3,11,1,,Wrong,1.3165185501607988,target,3,D_local_zscore,semcse-null-zscore_D_final,10,10,22
gemini-3.1-flash-lite,S0,12,1,,Wrong,-0.19653141961101084,target,3,D_local_zscore,semcse-null-zscore_D_final,10,10,22
gemini-3.1-flash-lite,S1,12,1,,Wrong,-0.3357986772992402,target,2,D_local_zscore,semcse-null-zscore_D_final,10,10,22
gemini-3.1-flash-lite,S2,12,1,,Correct,0.23976544166831537,target,3,D_local_zscore,semcse-null-zscore_D_final,10,10,22
gemini-3.1-flash-lite,S3,12,1,,Correct,0.23761890302894773,target,3,D_local_zscore,semcse-null-zscore_D_final,10,10,22
gemini-3.1-flash-lite,S0,13,1,,Correct,2.670508879393763,target,3,D_local_zscore,semcse-null-zscore_D_final,10,10,22
gemini-3.1-flash-lite,S1,13,1,,Wrong,2.5696310706267336,target,3,D_local_zscore,semcse-null-zscore_D_final,10,10,22
gemini-3.1-flash-lite,S2,13,1,,Wrong,2.4600593297560387,target,2,D_local_zscore,semcse-null-zscore_D_final,10,10,22
gemini-3.1-flash-lite,S3,13,1,,Correct,2.7476146755049395,target,3,D_local_zscore,semcse-null-zscore_D_final,10,10,22
gemini-3.1-flash-lite,S0,13,2,,Correct,-0.5444223137276911,target,3,D_local_zscore,semcse-null-zscore_D_final,10,10,22
gemini-3.1-flash-lite,S1,13,2,,Correct,-0.28368533535692614,target,3,D_local_zscore,semcse-null-zscore_D_final,10,10,22
gemini-3.1-flash-lite,S2,13,2,,Correct,-0.502754325384143,target,3,D_local_zscore,semcse-null-zscore_D_final,10,10,22
gemini-3.1-flash-lite,S3,13,2,,Correct,-0.24807796982715916,target,3,D_local_zscore,semcse-null-zscore_D_final,10,10,22
gemini-3.1-flash-lite,S0,13,3,,Wrong,0.4507230058442002,target,3,D_local_zscore,semcse-null-zscore_D_final,10,10,22
gemini-3.1-flash-lite,S1,13,3,,Wrong,0.21726431611386493,target,2,D_local_zscore,semcse-null-zscore_D_final,10,10,22
gemini-3.1-flash-lite,S2,13,3,,Wrong,-0.49979575138036947,target,3,D_local_zscore,semcse-null-zscore_D_final,10,10,22
gemini-3.1-flash-lite,S3,13,3,,Wrong,-0.4210607023585118,target,3,D_local_zscore,semcse-null-zscore_D_final,10,10,22
gemini-3.1-flash-lite,S0,14,1,,Wrong,-0.47465813457064937,target,2,D_local_zscore,semcse-null-zscore_D_final,10,10,22
gemini-3.1-flash-lite,S1,14,1,,Correct,0.2602589712178027,target,3,D_local_zscore,semcse-null-zscore_D_final,10,10,22
gemini-3.1-flash-lite,S2,14,1,,Correct,0.3146024278005222,target,3,D_local_zscore,semcse-null-zscore_D_final,10,10,22
gemini-3.1-flash-lite,S3,14,1,,Correct,0.0848454432741928,target,3,D_local_zscore,semcse-null-zscore_D_final,10,10,22
gemini-3.1-flash-lite,S0,15,1,,Wrong,-2.8203482683768453,target,3,D_local_zscore,semcse-null-zscore_D_final,10,10,22
gemini-3.1-flash-lite,S1,15,1,,Wrong,-2.2251646835718732,target,3,D_local_zscore,semcse-null-zscore_D_final,10,10,22
gemini-3.1-flash-lite,S2,15,1,,Wrong,-2.3040503159090315,target,3,D_local_zscore,semcse-null-zscore_D_final,10,10,22
gemini-3.1-flash-lite,S3,15,1,,Wrong,-2.235669079650888,target,3,D_local_zscore,semcse-null-zscore_D_final,10,10,22
gemini-3.1-flash-lite,S0,16,1,,Correct,1.221659131434756,target,3,D_local_zscore,semcse-null-zscore_D_final,10,10,22
gemini-3.1-flash-lite,S1,16,1,,Correct,1.331783997043474,target,3,D_local_zscore,semcse-null-zscore_D_final,10,10,22
gemini-3.1-flash-lite,S2,16,1,,Correct,1.2421526666335136,target,3,D_local_zscore,semcse-null-zscore_D_final,10,10,22
gemini-3.1-flash-lite,S3,16,1,,Correct,1.1397244204363248,target,3,D_local_zscore,semcse-null-zscore_D_final,10,10,22
gemini-3.1-flash-lite,S0,17,1,,Wrong,-1.5227857015551032,target,3,D_local_zscore,semcse-null-zscore_D_final,10,10,22
gemini-3.1-flash-lite,S1,17,1,,Correct,-1.0674614406945055,target,3,D_local_zscore,semcse-null-zscore_D_final,10,10,22
gemini-3.1-flash-lite,S2,17,1,,Correct,-1.0577696463156467,target,3,D_local_zscore,semcse-null-zscore_D_final,10,10,22
gemini-3.1-flash-lite,S3,17,1,,Correct,-1.206639698556487,target,3,D_local_zscore,semcse-null-zscore_D_final,10,10,22
gemini-3.1-flash-lite,S0,18,1,,Correct,1.998497555108813,target,3,D_local_zscore,semcse-null-zscore_D_final,10,10,22
gemini-3.1-flash-lite,S1,18,1,,Correct,1.8619472215219488,target,3,D_local_zscore,semcse-null-zscore_D_final,10,10,22
gemini-3.1-flash-lite,S2,18,1,,Correct,1.7742771411101697,target,3,D_local_zscore,semcse-null-zscore_D_final,10,10,22
gemini-3.1-flash-lite,S3,18,1,,Correct,1.6410466537408173,target,3,D_local_zscore,semcse-null-zscore_D_final,10,10,22
gemini-3.1-flash-lite,S0,19,1,,Correct,-0.5055594918675046,target,3,D_local_zscore,semcse-null-zscore_D_final,10,10,22
gemini-3.1-flash-lite,S1,19,1,,Correct,-0.13767996581437514,target,3,D_local_zscore,semcse-null-zscore_D_final,10,10,22
gemini-3.1-flash-lite,S2,19,1,,Correct,-0.10194133451300488,target,3,D_local_zscore,semcse-null-zscore_D_final,10,10,22
gemini-3.1-flash-lite,S3,19,1,,Correct,-0.20776252911330353,target,3,D_local_zscore,semcse-null-zscore_D_final,10,10,22
gemini-3.1-flash-lite,S0,20,1,,Correct,2.3466341147165806,target,3,D_local_zscore,semcse-null-zscore_D_final,10,10,22
gemini-3.1-flash-lite,S1,20,1,,Wrong,2.585036241161272,target,3,D_local_zscore,semcse-null-zscore_D_final,10,10,22
gemini-3.1-flash-lite,S2,20,1,,Wrong,1.982289512319092,target,2,D_local_zscore,semcse-null-zscore_D_final,10,10,22
gemini-3.1-flash-lite,S3,20,1,,Correct,2.3061398304900806,target,3,D_local_zscore,semcse-null-zscore_D_final,10,10,22
gemini-3.1-flash-lite,S0,21,1,,Correct,0.06680386962848778,target,3,D_local_zscore,semcse-null-zscore_D_final,10,10,22
gemini-3.1-flash-lite,S1,21,1,,Correct,0.17948724069450386,target,3,D_local_zscore,semcse-null-zscore_D_final,10,10,22
gemini-3.1-flash-lite,S2,21,1,,Correct,0.022264516892744363,target,3,D_local_zscore,semcse-null-zscore_D_final,10,10,22
gemini-3.1-flash-lite,S3,21,1,,Wrong,0.39634062432772926,target,3,D_local_zscore,semcse-null-zscore_D_final,10,10,22
gemini-3.1-flash-lite,S0,22,1,,Wrong,0.15476076825145624,target,3,D_local_zscore,semcse-null-zscore_D_final,10,10,22
gemini-3.1-flash-lite,S1,22,1,,Correct,-0.09862222468931514,target,2,D_local_zscore,semcse-null-zscore_D_final,10,10,22
gemini-3.1-flash-lite,S2,22,1,,Correct,0.35355107118707774,target,3,D_local_zscore,semcse-null-zscore_D_final,10,10,22
gemini-3.1-flash-lite,S3,22,1,,Correct,0.16257785488787535,target,3,D_local_zscore,semcse-null-zscore_D_final,10,10,22
gemini-3.1-flash-lite,S0,23,1,,Wrong,1.6280278629797682,target,3,D_local_zscore,semcse-null-zscore_D_final,10,10,22
gemini-3.1-flash-lite,S1,23,1,,Correct,1.5735687594909864,target,3,D_local_zscore,semcse-null-zscore_D_final,10,10,22
gemini-3.1-flash-lite,S2,23,1,,Correct,0.6584863724681669,target,3,D_local_zscore,semcse-null-zscore_D_final,10,10,22
gemini-3.1-flash-lite,S3,23,1,,Correct,0.26666103535956154,target,3,D_local_zscore,semcse-null-zscore_D_final,10,10,22
gemini-3.1-flash-lite,S0,24,1,,Wrong,-0.8191383117354727,target,2,D_local_zscore,semcse-null-zscore_D_final,10,10,22
gemini-3.1-flash-lite,S1,24,1,,Correct,-1.4648956944109655,target,3,D_local_zscore,semcse-null-zscore_D_final,10,10,22
gemini-3.1-flash-lite,S2,24,1,,Correct,-1.058017017609031,target,3,D_local_zscore,semcse-null-zscore_D_final,10,10,22
gemini-3.1-flash-lite,S3,24,1,,Correct,-1.0431758275424643,target,3,D_local_zscore,semcse-null-zscore_D_final,10,10,22
gemini-3.1-flash-lite,S0,25,1,,Wrong,-0.7535834946129472,target,3,D_local_zscore,semcse-null-zscore_D_final,10,10,22
gemini-3.1-flash-lite,S1,25,1,,Correct,-1.0300346151625868,target,2,D_local_zscore,semcse-null-zscore_D_final,10,10,22
gemini-3.1-flash-lite,S2,25,1,,Correct,-0.9374301960016849,target,2,D_local_zscore,semcse-null-zscore_D_final,10,10,22
gemini-3.1-flash-lite,S3,25,1,,Correct,-0.32289960700872317,target,2,D_local_zscore,semcse-null-zscore_D_final,10,10,22
gemini-3.1-flash-lite,S0,25,2,,Correct,1.9656047644320482,target,3,D_local_zscore,semcse-null-zscore_D_final,10,10,22
gemini-3.1-flash-lite,S1,25,2,,Correct,2.1883335009098324,target,3,D_local_zscore,semcse-null-zscore_D_final,10,10,22
gemini-3.1-flash-lite,S2,25,2,,Correct,1.976428122155212,target,3,D_local_zscore,semcse-null-zscore_D_final,10,10,22
gemini-3.1-flash-lite,S3,25,2,,Correct,1.9791618215783433,target,3,D_local_zscore,semcse-null-zscore_D_final,10,10,22
gemini-3.1-flash-lite,S0,26,1,,Correct,0.21980664055169993,target,2,D_local_zscore,semcse-null-zscore_D_final,10,10,22
gemini-3.1-flash-lite,S1,26,1,,Correct,0.46637074213547935,target,3,D_local_zscore,semcse-null-zscore_D_final,10,10,22
gemini-3.1-flash-lite,S2,26,1,,Wrong,0.7403060785528125,target,2,D_local_zscore,semcse-null-zscore_D_final,10,10,22
gemini-3.1-flash-lite,S3,26,1,,Correct,0.9592083903247199,target,3,D_local_zscore,semcse-null-zscore_D_final,10,10,22
gemini-3.1-flash-lite,S0,26,2,,Wrong,-0.44749463158510183,target,2,D_local_zscore,semcse-null-zscore_D_final,10,10,22
gemini-3.1-flash-lite,S1,26,2,,Correct,-0.503930261893481,target,3,D_local_zscore,semcse-null-zscore_D_final,10,10,22
gemini-3.1-flash-lite,S2,26,2,,Correct,-0.7364807095878262,target,3,D_local_zscore,semcse-null-zscore_D_final,10,10,22
gemini-3.1-flash-lite,S3,26,2,,Correct,0.9123039880550297,target,3,D_local_zscore,semcse-null-zscore_D_final,10,10,22
gemini-3.1-flash-lite,S0,26,3,,Wrong,-0.23277492658991772,target,2,D_local_zscore,semcse-null-zscore_D_final,10,10,22
gemini-3.1-flash-lite,S1,26,3,,Correct,-0.32158170156575044,target,3,D_local_zscore,semcse-null-zscore_D_final,10,10,22
gemini-3.1-flash-lite,S2,26,3,,Correct,-0.16751135558132937,target,3,D_local_zscore,semcse-null-zscore_D_final,10,10,22
gemini-3.1-flash-lite,S3,26,3,,Correct,1.5361827322244905,target,3,D_local_zscore,semcse-null-zscore_D_final,10,10,22
gemini-3.1-flash-lite,S0,26,4,,Correct,3.2429138587307054,target,3,D_local_zscore,semcse-null-zscore_D_final,10,10,22
gemini-3.1-flash-lite,S1,26,4,,Correct,2.5569077252348205,target,3,D_local_zscore,semcse-null-zscore_D_final,10,10,22
gemini-3.1-flash-lite,S2,26,4,,Correct,2.302378681788376,target,3,D_local_zscore,semcse-null-zscore_D_final,10,10,22
gemini-3.1-flash-lite,S3,26,4,,Correct,2.246542247715407,target,3,D_local_zscore,semcse-null-zscore_D_final,10,10,22
gemini-3.1-flash-lite,S0,27,1,,Correct,-1.3973877900244607,target,3,D_local_zscore,semcse-null-zscore_D_final,10,10,22
gemini-3.1-flash-lite,S1,27,1,,Wrong,-0.9705664640559107,target,3,D_local_zscore,semcse-null-zscore_D_final,10,10,22
gemini-3.1-flash-lite,S2,27,1,,Wrong,-0.9635775338381705,target,3,D_local_zscore,semcse-null-zscore_D_final,10,10,22
gemini-3.1-flash-lite,S3,27,1,,Correct,0.0014085407745688672,target,3,D_local_zscore,semcse-null-zscore_D_final,10,10,22
gemini-3.1-flash-lite,S0,27,2,,Correct,-0.48756728522929826,target,3,D_local_zscore,semcse-null-zscore_D_final,10,10,22
gemini-3.1-flash-lite,S1,27,2,,Correct,-0.7484956530504621,target,3,D_local_zscore,semcse-null-zscore_D_final,10,10,22
gemini-3.1-flash-lite,S2,27,2,,Correct,-0.6845608664331176,target,3,D_local_zscore,semcse-null-zscore_D_final,10,10,22
gemini-3.1-flash-lite,S3,27,2,,Correct,0.8061863622852521,target,3,D_local_zscore,semcse-null-zscore_D_final,10,10,22
gemini-3.1-flash-lite,S0,27,3,,Wrong,-0.3475333426904032,target,2,D_local_zscore,semcse-null-zscore_D_final,10,10,22
gemini-3.1-flash-lite,S1,27,3,,Correct,-0.5281860027144654,target,3,D_local_zscore,semcse-null-zscore_D_final,10,10,22
gemini-3.1-flash-lite,S2,27,3,,Correct,-0.33083421106305844,target,3,D_local_zscore,semcse-null-zscore_D_final,10,10,22
gemini-3.1-flash-lite,S3,27,3,,Correct,1.403516867791869,target,3,D_local_zscore,semcse-null-zscore_D_final,10,10,22
gemini-3.1-flash-lite,S0,27,4,,Correct,2.462686208219064,target,3,D_local_zscore,semcse-null-zscore_D_final,10,10,22
gemini-3.1-flash-lite,S1,27,4,,Correct,2.4705961211463694,target,3,D_local_zscore,semcse-null-zscore_D_final,10,10,22
gemini-3.1-flash-lite,S2,27,4,,Correct,2.494255663510135,target,3,D_local_zscore,semcse-null-zscore_D_final,10,10,22
gemini-3.1-flash-lite,S3,27,4,,Correct,2.7570921163069877,target,3,D_local_zscore,semcse-null-zscore_D_final,10,10,22
gemini-3.1-flash-lite,S0,28,1,,Wrong,0.12224313817893763,target,3,D_local_zscore,semcse-null-zscore_D_final,10,10,22
gemini-3.1-flash-lite,S1,28,1,,Wrong,-0.2793127376814104,target,3,D_local_zscore,semcse-null-zscore_D_final,10,10,22
gemini-3.1-flash-lite,S2,28,1,,Wrong,-0.07697646191617744,target,3,D_local_zscore,semcse-null-zscore_D_final,10,10,22
gemini-3.1-flash-lite,S3,28,1,,Wrong,-1.1399137080857908,target,3,D_local_zscore,semcse-null-zscore_D_final,10,10,22
gemini-3.1-flash-lite,S0,28,2,,Correct,-0.38800255288162766,target,3,D_local_zscore,semcse-null-zscore_D_final,10,10,22
gemini-3.1-flash-lite,S1,28,2,,Correct,-0.44749819349197756,target,3,D_local_zscore,semcse-null-zscore_D_final,10,10,22
gemini-3.1-flash-lite,S2,28,2,,Correct,-0.34139565864154475,target,2,D_local_zscore,semcse-null-zscore_D_final,10,10,22
gemini-3.1-flash-lite,S3,28,2,,Correct,-0.29554638381945625,target,3,D_local_zscore,semcse-null-zscore_D_final,10,10,22
gemini-3.1-flash-lite,S0,29,1,,Correct,1.621849736655968,target,3,D_local_zscore,semcse-null-zscore_D_final,10,10,22
gemini-3.1-flash-lite,S1,29,1,,Wrong,1.9213090967909505,target,2,D_local_zscore,semcse-null-zscore_D_final,10,10,22
gemini-3.1-flash-lite,S2,29,1,,Correct,2.1330454324211647,target,2,D_local_zscore,semcse-null-zscore_D_final,10,10,22
gemini-3.1-flash-lite,S3,29,1,,Wrong,0.22656819926486704,target,2,D_local_zscore,semcse-null-zscore_D_final,10,10,22
gemini-3.1-flash-lite,S0,29,2,,Correct,-0.11616629296485331,target,3,D_local_zscore,semcse-null-zscore_D_final,10,10,22
gemini-3.1-flash-lite,S1,29,2,,Correct,0.14528632889684231,target,3,D_local_zscore,semcse-null-zscore_D_final,10,10,22
gemini-3.1-flash-lite,S2,29,2,,Correct,-0.054374259325636484,target,3,D_local_zscore,semcse-null-zscore_D_final,10,10,22
gemini-3.1-flash-lite,S3,29,2,,Correct,-0.38075522014501406,target,3,D_local_zscore,semcse-null-zscore_D_final,10,10,22
gemini-3.1-flash-lite,S0,30,1,,Correct,-0.6513482722086748,target,2,D_local_zscore,semcse-null-zscore_D_final,10,10,22
gemini-3.1-flash-lite,S1,30,1,,Correct,-0.17212669643916523,target,3,D_local_zscore,semcse-null-zscore_D_final,10,10,22
gemini-3.1-flash-lite,S2,30,1,,Correct,-0.5200933113302427,target,3,D_local_zscore,semcse-null-zscore_D_final,10,10,22
gemini-3.1-flash-lite,S3,30,1,,Correct,-0.32502043374883133,target,3,D_local_zscore,semcse-null-zscore_D_final,10,10,22
gemini-3.1-flash-lite,S0,30,2,,Correct,-0.08113639113918016,target,3,D_local_zscore,semcse-null-zscore_D_final,10,10,22
gemini-3.1-flash-lite,S1,30,2,,Correct,-0.1602533064071487,target,3,D_local_zscore,semcse-null-zscore_D_final,10,10,22
gemini-3.1-flash-lite,S2,30,2,,Correct,-0.12862571506198522,target,3,D_local_zscore,semcse-null-zscore_D_final,10,10,22
gemini-3.1-flash-lite,S3,30,2,,Correct,-0.2501605471945804,target,3,D_local_zscore,semcse-null-zscore_D_final,10,10,22
gemini-3.1-flash-lite,S0,31,1,,Correct,1.6334105279917805,target,3,D_local_zscore,semcse-null-zscore_D_final,10,10,22
gemini-3.1-flash-lite,S1,31,1,,Correct,1.6744744817837776,target,2,D_local_zscore,semcse-null-zscore_D_final,10,10,22
gemini-3.1-flash-lite,S2,31,1,,Wrong,1.3231118732848075,target,3,D_local_zscore,semcse-null-zscore_D_final,10,10,22
gemini-3.1-flash-lite,S3,31,1,,Correct,2.065856530763879,target,3,D_local_zscore,semcse-null-zscore_D_final,10,10,22
gemini-3.1-flash-lite,S0,32,1,,Wrong,0.3447505017993715,target,3,D_local_zscore,semcse-null-zscore_D_final,10,10,22
gemini-3.1-flash-lite,S1,32,1,,Correct,0.481938384307959,target,3,D_local_zscore,semcse-null-zscore_D_final,10,10,22
gemini-3.1-flash-lite,S2,32,1,,Correct,0.43986953769425186,target,3,D_local_zscore,semcse-null-zscore_D_final,10,10,22
gemini-3.1-flash-lite,S3,32,1,,Correct,1.3827950863860614,target,3,D_local_zscore,semcse-null-zscore_D_final,10,10,22
gemini-3.1-flash-lite,S0,33,1,,Wrong,1.8815752972865005,target,3,D_local_zscore,semcse-null-zscore_D_final,10,10,22
gemini-3.1-flash-lite,S1,33,1,,Correct,1.9912974591058052,target,3,D_local_zscore,semcse-null-zscore_D_final,10,10,22
gemini-3.1-flash-lite,S2,33,1,,Correct,1.825599588941849,target,3,D_local_zscore,semcse-null-zscore_D_final,10,10,22
gemini-3.1-flash-lite,S3,33,1,,Wrong,2.0345245295831513,target,3,D_local_zscore,semcse-null-zscore_D_final,10,10,22
gemini-3.1-flash-lite,S0,34,1,,Correct,-0.27117038213564815,target,2,D_local_zscore,semcse-null-zscore_D_final,10,10,22
gemini-3.1-flash-lite,S1,34,1,,Correct,0.03602524204252003,target,3,D_local_zscore,semcse-null-zscore_D_final,10,10,22
gemini-3.1-flash-lite,S2,34,1,,Correct,0.2311869975838437,target,3,D_local_zscore,semcse-null-zscore_D_final,10,10,22
gemini-3.1-flash-lite,S3,34,1,,Correct,0.5200668396391835,target,3,D_local_zscore,semcse-null-zscore_D_final,10,10,22
gemini-3.1-flash-lite,S0,35,1,,Wrong,1.2062617333512236,target,3,D_local_zscore,semcse-null-zscore_D_final,10,10,22
gemini-3.1-flash-lite,S1,35,1,,Wrong,1.0382874645529754,target,3,D_local_zscore,semcse-null-zscore_D_final,10,10,22
gemini-3.1-flash-lite,S2,35,1,,Wrong,0.9729771166278443,target,3,D_local_zscore,semcse-null-zscore_D_final,10,10,22
gemini-3.1-flash-lite,S3,35,1,,Correct,1.3009972782129657,target,2,D_local_zscore,semcse-null-zscore_D_final,10,10,22
gemini-3.1-flash-lite,S0,36,1,,Correct,-0.7099936161455633,target,3,D_local_zscore,semcse-null-zscore_D_final,10,10,22
gemini-3.1-flash-lite,S1,36,1,,Correct,-0.32856761184394584,target,3,D_local_zscore,semcse-null-zscore_D_final,10,10,22
gemini-3.1-flash-lite,S2,36,1,,Correct,-0.5550285562272691,target,3,D_local_zscore,semcse-null-zscore_D_final,10,10,22
gemini-3.1-flash-lite,S3,36,1,,Correct,-0.4067873700649598,target,3,D_local_zscore,semcse-null-zscore_D_final,10,10,22
gemini-3.1-flash-lite,S0,36,2,,Wrong,0.7717632153650824,target,3,D_local_zscore,semcse-null-zscore_D_final,10,10,22
gemini-3.1-flash-lite,S1,36,2,,Wrong,0.8221856899855727,target,3,D_local_zscore,semcse-null-zscore_D_final,10,10,22
gemini-3.1-flash-lite,S2,36,2,,Wrong,0.8387715283375687,target,3,D_local_zscore,semcse-null-zscore_D_final,10,10,22
gemini-3.1-flash-lite,S3,36,2,,Wrong,0.7340607271751606,target,3,D_local_zscore,semcse-null-zscore_D_final,10,10,22
gemini-3.1-flash-lite,S0,36,3,,Correct,-1.3389956253222677,target,3,D_local_zscore,semcse-null-zscore_D_final,10,10,22
gemini-3.1-flash-lite,S1,36,3,,Correct,-0.36422746115359694,target,3,D_local_zscore,semcse-null-zscore_D_final,10,10,22
gemini-3.1-flash-lite,S2,36,3,,Correct,-0.7359602035562599,target,3,D_local_zscore,semcse-null-zscore_D_final,10,10,22
gemini-3.1-flash-lite,S3,36,3,,Correct,-0.5035619879471929,target,3,D_local_zscore,semcse-null-zscore_D_final,10,10,22
gemini-3.1-flash-lite,S0,37,1,,Wrong,-1.0807393750035057,target,2,D_local_zscore,semcse-null-zscore_D_final,10,10,22
gemini-3.1-flash-lite,S1,37,1,,Wrong,-1.415521465477156,target,3,D_local_zscore,semcse-null-zscore_D_final,10,10,22
gemini-3.1-flash-lite,S2,37,1,,Wrong,-1.2828317274702175,target,3,D_local_zscore,semcse-null-zscore_D_final,10,10,22
gemini-3.1-flash-lite,S3,37,1,,Wrong,-1.2094464945768473,target,3,D_local_zscore,semcse-null-zscore_D_final,10,10,22
gemini-3.1-flash-lite,S0,37,2,,Correct,0.5139944166713819,target,2,D_local_zscore,semcse-null-zscore_D_final,10,10,22
gemini-3.1-flash-lite,S1,37,2,,Correct,-0.14137596958380705,target,3,D_local_zscore,semcse-null-zscore_D_final,10,10,22
gemini-3.1-flash-lite,S2,37,2,,Correct,-0.2192214779393472,target,3,D_local_zscore,semcse-null-zscore_D_final,10,10,22
gemini-3.1-flash-lite,S3,37,2,,Correct,-0.3107105278784064,target,3,D_local_zscore,semcse-null-zscore_D_final,10,10,22
gemini-3.1-flash-lite,S0,38,1,,Wrong,-1.9223575712193746,target,3,D_local_zscore,semcse-null-zscore_D_final,10,10,22
gemini-3.1-flash-lite,S1,38,1,,Wrong,-2.1055677232150147,target,3,D_local_zscore,semcse-null-zscore_D_final,10,10,22
gemini-3.1-flash-lite,S2,38,1,,Wrong,-2.0106114056182003,target,3,D_local_zscore,semcse-null-zscore_D_final,10,10,22
gemini-3.1-flash-lite,S3,38,1,,Correct,-1.8051720837572187,target,3,D_local_zscore,semcse-null-zscore_D_final,10,10,22
gemini-3.1-flash-lite,S0,38,2,,Wrong,-1.9108460057241619,target,3,D_local_zscore,semcse-null-zscore_D_final,10,10,22
gemini-3.1-flash-lite,S1,38,2,,Wrong,-1.9051175966069034,target,3,D_local_zscore,semcse-null-zscore_D_final,10,10,22
gemini-3.1-flash-lite,S2,38,2,,Wrong,-1.909538830453663,target,3,D_local_zscore,semcse-null-zscore_D_final,10,10,22
gemini-3.1-flash-lite,S3,38,2,,Wrong,-1.85509277250413,target,3,D_local_zscore,semcse-null-zscore_D_final,10,10,22
gemini-3.1-flash-lite,S0,39,1,,Wrong,-0.5179316966189262,target,2,D_local_zscore,semcse-null-zscore_D_final,10,10,22
gemini-3.1-flash-lite,S1,39,1,,Wrong,-1.0231192084215346,target,3,D_local_zscore,semcse-null-zscore_D_final,10,10,22
gemini-3.1-flash-lite,S2,39,1,,Wrong,-1.0252482602965782,target,3,D_local_zscore,semcse-null-zscore_D_final,10,10,22
gemini-3.1-flash-lite,S3,39,1,,Correct,-1.282538955527309,target,3,D_local_zscore,semcse-null-zscore_D_final,10,10,22
gemini-3.1-flash-lite,S0,39,2,,Correct,0.9132979976292049,target,3,D_local_zscore,semcse-null-zscore_D_final,10,10,22
gemini-3.1-flash-lite,S1,39,2,,Correct,1.5537130482739654,target,3,D_local_zscore,semcse-null-zscore_D_final,10,10,22
gemini-3.1-flash-lite,S2,39,2,,Correct,1.794784134757852,target,3,D_local_zscore,semcse-null-zscore_D_final,10,10,22
gemini-3.1-flash-lite,S3,39,2,,Correct,2.0615766461514555,target,3,D_local_zscore,semcse-null-zscore_D_final,10,10,22
gemini-3.1-flash-lite,S0,40,1,,Correct,0.2553185505794956,target,3,D_local_zscore,semcse-null-zscore_D_final,10,10,22
gemini-3.1-flash-lite,S1,40,1,,Correct,0.040965704450591334,target,3,D_local_zscore,semcse-null-zscore_D_final,10,10,22
gemini-3.1-flash-lite,S2,40,1,,Correct,-0.10871772130033452,target,3,D_local_zscore,semcse-null-zscore_D_final,10,10,22
gemini-3.1-flash-lite,S3,40,1,,Correct,-0.002964709515734576,target,3,D_local_zscore,semcse-null-zscore_D_final,10,10,22
gemini-3.1-flash-lite,S0,40,2,,Correct,1.0899227857919493,target,3,D_local_zscore,semcse-null-zscore_D_final,10,10,22
gemini-3.1-flash-lite,S1,40,2,,Correct,1.1034166159321412,target,3,D_local_zscore,semcse-null-zscore_D_final,10,10,22
gemini-3.1-flash-lite,S2,40,2,,Correct,0.6946076454579875,target,3,D_local_zscore,semcse-null-zscore_D_final,10,10,22
gemini-3.1-flash-lite,S3,40,2,,Wrong,1.038355656213919,target,2,D_local_zscore,semcse-null-zscore_D_final,10,10,22
gemini-3.1-flash-lite,S0,40,3,,Correct,0.05113799852577394,target,3,D_local_zscore,semcse-null-zscore_D_final,10,10,22
gemini-3.1-flash-lite,S1,40,3,,Correct,-0.12623008624111143,target,3,D_local_zscore,semcse-null-zscore_D_final,10,10,22
gemini-3.1-flash-lite,S2,40,3,,Correct,-0.12314063592747815,target,3,D_local_zscore,semcse-null-zscore_D_final,10,10,22
gemini-3.1-flash-lite,S3,40,3,,Correct,-0.1756099267381761,target,3,D_local_zscore,semcse-null-zscore_D_final,10,10,22
gemini-3.1-flash-lite,S0,40,4,,Correct,-0.5106735326243237,target,3,D_local_zscore,semcse-null-zscore_D_final,10,10,22
gemini-3.1-flash-lite,S1,40,4,,Wrong,-0.04407319108623875,target,2,D_local_zscore,semcse-null-zscore_D_final,10,10,22
gemini-3.1-flash-lite,S2,40,4,,Wrong,-0.4086098504895281,target,3,D_local_zscore,semcse-null-zscore_D_final,10,10,22
gemini-3.1-flash-lite,S3,40,4,,Wrong,-0.27905802235820476,target,3,D_local_zscore,semcse-null-zscore_D_final,10,10,22
gemini-3.1-flash-lite,S0,40,5,,Wrong,0.8042104457796739,target,3,D_local_zscore,semcse-null-zscore_D_final,10,10,22
gemini-3.1-flash-lite,S1,40,5,,Wrong,0.4976113058889112,target,3,D_local_zscore,semcse-null-zscore_D_final,10,10,22
gemini-3.1-flash-lite,S2,40,5,,Wrong,0.5620592068468223,target,3,D_local_zscore,semcse-null-zscore_D_final,10,10,22
gemini-3.1-flash-lite,S3,40,5,,Wrong,0.6150208468396632,target,3,D_local_zscore,semcse-null-zscore_D_final,10,10,22
gemini-3.1-flash-lite,S0,40,6,,Correct,0.08655149587409294,target,3,D_local_zscore,semcse-null-zscore_D_final,10,10,22
gemini-3.1-flash-lite,S1,40,6,,Correct,-0.17639442408817596,target,3,D_local_zscore,semcse-null-zscore_D_final,10,10,22
gemini-3.1-flash-lite,S2,40,6,,Correct,-0.018168746655335966,target,3,D_local_zscore,semcse-null-zscore_D_final,10,10,22
gemini-3.1-flash-lite,S3,40,6,,Correct,-0.14701063009545512,target,3,D_local_zscore,semcse-null-zscore_D_final,10,10,22
gemini-3.1-flash-lite,S0,41,1,,Correct,0.309831059184865,target,3,D_local_zscore,semcse-null-zscore_D_final,10,10,22
gemini-3.1-flash-lite,S1,41,1,,Wrong,0.24708679305070314,target,3,D_local_zscore,semcse-null-zscore_D_final,10,10,22
gemini-3.1-flash-lite,S2,41,1,,Correct,0.6647605850355178,target,2,D_local_zscore,semcse-null-zscore_D_final,10,10,22
gemini-3.1-flash-lite,S3,41,1,,Correct,0.7173864636756125,target,3,D_local_zscore,semcse-null-zscore_D_final,10,10,22
gemini-3.1-flash-lite,S0,42,1,,Wrong,-0.4168083547439744,target,3,D_local_zscore,semcse-null-zscore_D_final,10,10,22
gemini-3.1-flash-lite,S1,42,1,,Wrong,-0.3893343528521955,target,3,D_local_zscore,semcse-null-zscore_D_final,10,10,22
gemini-3.1-flash-lite,S2,42,1,,Wrong,-0.7036801691092938,target,3,D_local_zscore,semcse-null-zscore_D_final,10,10,22
gemini-3.1-flash-lite,S3,42,1,,Wrong,-0.5583493838448854,target,3,D_local_zscore,semcse-null-zscore_D_final,10,10,22
gemini-3.1-flash-lite,S0,43,1,,Wrong,-0.9462988394439789,target,3,D_local_zscore,semcse-null-zscore_D_final,10,10,22
gemini-3.1-flash-lite,S1,43,1,,Wrong,-0.909362776982288,target,3,D_local_zscore,semcse-null-zscore_D_final,10,10,22
gemini-3.1-flash-lite,S2,43,1,,Wrong,-0.8650964147893987,target,2,D_local_zscore,semcse-null-zscore_D_final,10,10,22
gemini-3.1-flash-lite,S3,43,1,,Wrong,-0.27402982725331326,target,3,D_local_zscore,semcse-null-zscore_D_final,10,10,22
gemini-3.1-flash-lite,S0,44,1,,Wrong,0.5037975907870728,target,3,D_local_zscore,semcse-null-zscore_D_final,10,10,22
gemini-3.1-flash-lite,S1,44,1,,Wrong,0.46652890442075745,target,3,D_local_zscore,semcse-null-zscore_D_final,10,10,22
gemini-3.1-flash-lite,S2,44,1,,Wrong,0.4988447273130747,target,3,D_local_zscore,semcse-null-zscore_D_final,10,10,22
gemini-3.1-flash-lite,S3,44,1,,Wrong,0.457929834505449,target,3,D_local_zscore,semcse-null-zscore_D_final,10,10,22
gemini-3.1-flash-lite,S0,45,1,,Correct,2.4609840023577583,target,3,D_local_zscore,semcse-null-zscore_D_final,10,10,22
gemini-3.1-flash-lite,S1,45,1,,Correct,2.444902301435731,target,3,D_local_zscore,semcse-null-zscore_D_final,10,10,22
gemini-3.1-flash-lite,S2,45,1,,Correct,2.516124101692363,target,3,D_local_zscore,semcse-null-zscore_D_final,10,10,22
gemini-3.1-flash-lite,S3,45,1,,Correct,2.6884610679449907,target,3,D_local_zscore,semcse-null-zscore_D_final,10,10,22
gemini-3.1-flash-lite,S0,45,2,,Wrong,0.3306590870499974,target,3,D_local_zscore,semcse-null-zscore_D_final,10,10,22
gemini-3.1-flash-lite,S1,45,2,,Wrong,0.5799311706717839,target,3,D_local_zscore,semcse-null-zscore_D_final,10,10,22
gemini-3.1-flash-lite,S2,45,2,,Wrong,0.519727398810464,target,3,D_local_zscore,semcse-null-zscore_D_final,10,10,22
gemini-3.1-flash-lite,S3,45,2,,Wrong,0.6921627497820515,target,3,D_local_zscore,semcse-null-zscore_D_final,10,10,22
gemini-3.1-flash-lite,S0,45,3,,Wrong,0.07343229910483498,target,3,D_local_zscore,semcse-null-zscore_D_final,10,10,22
gemini-3.1-flash-lite,S1,45,3,,Wrong,0.3355623240028189,target,3,D_local_zscore,semcse-null-zscore_D_final,10,10,22
gemini-3.1-flash-lite,S2,45,3,,Correct,0.19176672947677664,target,2,D_local_zscore,semcse-null-zscore_D_final,10,10,22
gemini-3.1-flash-lite,S3,45,3,,Wrong,0.17210522770505848,target,2,D_local_zscore,semcse-null-zscore_D_final,10,10,22
gemini-3.1-flash-lite,S0,46,1,,Correct,0.37594556310795224,target,3,D_local_zscore,semcse-null-zscore_D_final,10,10,22
gemini-3.1-flash-lite,S1,46,1,,Correct,0.7061793352261869,target,3,D_local_zscore,semcse-null-zscore_D_final,10,10,22
gemini-3.1-flash-lite,S2,46,1,,Correct,0.9930556738461418,target,3,D_local_zscore,semcse-null-zscore_D_final,10,10,22
gemini-3.1-flash-lite,S3,46,1,,Correct,0.4247780764792888,target,2,D_local_zscore,semcse-null-zscore_D_final,10,10,22
gemini-3.1-flash-lite,S0,46,2,,Correct,-0.21518061039179642,target,3,D_local_zscore,semcse-null-zscore_D_final,10,10,22
gemini-3.1-flash-lite,S1,46,2,,Wrong,-0.5244172754378551,target,2,D_local_zscore,semcse-null-zscore_D_final,10,10,22
gemini-3.1-flash-lite,S2,46,2,,Correct,-0.08014166180332094,target,3,D_local_zscore,semcse-null-zscore_D_final,10,10,22
gemini-3.1-flash-lite,S3,46,2,,Correct,-0.19284243934560397,target,3,D_local_zscore,semcse-null-zscore_D_final,10,10,22
gemini-3.1-flash-lite,S0,47,1,,Correct,-0.5003665204508556,target,3,D_local_zscore,semcse-null-zscore_D_final,10,10,22
gemini-3.1-flash-lite,S1,47,1,,Correct,-0.06383532477019754,target,3,D_local_zscore,semcse-null-zscore_D_final,10,10,22
gemini-3.1-flash-lite,S2,47,1,,Correct,-0.12190881997148308,target,3,D_local_zscore,semcse-null-zscore_D_final,10,10,22
gemini-3.1-flash-lite,S3,47,1,,Correct,0.17931146577360058,target,3,D_local_zscore,semcse-null-zscore_D_final,10,10,22
gemini-3.1-flash-lite,S0,47,2,,Correct,-1.794852767388953,target,3,D_local_zscore,semcse-null-zscore_D_final,10,10,22
gemini-3.1-flash-lite,S1,47,2,,Correct,-1.5703347089304458,target,3,D_local_zscore,semcse-null-zscore_D_final,10,10,22
gemini-3.1-flash-lite,S2,47,2,,Correct,-1.7066787110516537,target,3,D_local_zscore,semcse-null-zscore_D_final,10,10,22
gemini-3.1-flash-lite,S3,47,2,,Correct,-1.2814070388524557,target,3,D_local_zscore,semcse-null-zscore_D_final,10,10,22
gemini-3.1-flash-lite,S0,48,1,,Correct,-0.1636514445355859,target,3,D_local_zscore,semcse-null-zscore_D_final,10,10,22
gemini-3.1-flash-lite,S1,48,1,,Wrong,-0.45971667188714427,target,3,D_local_zscore,semcse-null-zscore_D_final,10,10,22
gemini-3.1-flash-lite,S2,48,1,,Correct,0.013243415398683456,target,3,D_local_zscore,semcse-null-zscore_D_final,10,10,22
gemini-3.1-flash-lite,S3,48,1,,Correct,0.3533963956429442,target,3,D_local_zscore,semcse-null-zscore_D_final,10,10,22
gemini-3.1-flash-lite,S0,48,2,,Wrong,-1.967449227962026,target,3,D_local_zscore,semcse-null-zscore_D_final,10,10,22
gemini-3.1-flash-lite,S1,48,2,,Correct,-1.9979331243382021,target,2,D_local_zscore,semcse-null-zscore_D_final,10,10,22
gemini-3.1-flash-lite,S2,48,2,,Wrong,-1.6463353547115278,target,3,D_local_zscore,semcse-null-zscore_D_final,10,10,22
gemini-3.1-flash-lite,S3,48,2,,Wrong,-1.5376955648347304,target,3,D_local_zscore,semcse-null-zscore_D_final,10,10,22
gemini-3.1-flash-lite,S0,49,1,,Correct,0.7544391227546821,target,3,D_local_zscore,semcse-null-zscore_D_final,10,10,22
gemini-3.1-flash-lite,S1,49,1,,Correct,0.5439868947877278,target,3,D_local_zscore,semcse-null-zscore_D_final,10,10,22
gemini-3.1-flash-lite,S2,49,1,,Correct,0.8460061322664834,target,3,D_local_zscore,semcse-null-zscore_D_final,10,10,22
gemini-3.1-flash-lite,S3,49,1,,Wrong,0.9633032710923142,target,2,D_local_zscore,semcse-null-zscore_D_final,10,10,22
gemini-3.1-flash-lite,S0,50,1,,Correct,0.2819387595471078,target,3,D_local_zscore,semcse-null-zscore_D_final,10,10,22
gemini-3.1-flash-lite,S1,50,1,,Wrong,0.09137292324863916,target,3,D_local_zscore,semcse-null-zscore_D_final,10,10,22
gemini-3.1-flash-lite,S2,50,1,,Correct,0.5659540679665778,target,3,D_local_zscore,semcse-null-zscore_D_final,10,10,22
gemini-3.1-flash-lite,S3,50,1,,Correct,0.9658889659321307,target,3,D_local_zscore,semcse-null-zscore_D_final,10,10,22
gemini-3.1-flash-lite,S0,51,1,,Wrong,-0.3284367883643259,target,3,D_local_zscore,semcse-null-zscore_D_final,10,10,22
gemini-3.1-flash-lite,S1,51,1,,Correct,0.3572418625797319,target,3,D_local_zscore,semcse-null-zscore_D_final,10,10,22
gemini-3.1-flash-lite,S2,51,1,,Correct,0.4970963349160321,target,3,D_local_zscore,semcse-null-zscore_D_final,10,10,22
gemini-3.1-flash-lite,S3,51,1,,Correct,0.44606888281028767,target,3,D_local_zscore,semcse-null-zscore_D_final,10,10,22
gemini-3.1-flash-lite,S0,52,1,,Correct,2.8891442509804106,target,3,D_local_zscore,semcse-null-zscore_D_final,10,10,22
gemini-3.1-flash-lite,S1,52,1,,Correct,2.697179112885461,target,3,D_local_zscore,semcse-null-zscore_D_final,10,10,22
gemini-3.1-flash-lite,S2,52,1,,Correct,2.674273192771083,target,3,D_local_zscore,semcse-null-zscore_D_final,10,10,22
gemini-3.1-flash-lite,S3,52,1,,Correct,2.6555522210922367,target,3,D_local_zscore,semcse-null-zscore_D_final,10,10,22
gemini-3.1-flash-lite,S0,53,1,,Wrong,1.4714986363823277,target,3,D_local_zscore,semcse-null-zscore_D_final,10,10,22
gemini-3.1-flash-lite,S1,53,1,,Correct,1.1376842479531035,target,3,D_local_zscore,semcse-null-zscore_D_final,10,10,22
gemini-3.1-flash-lite,S2,53,1,,Correct,1.555778677830563,target,3,D_local_zscore,semcse-null-zscore_D_final,10,10,22
gemini-3.1-flash-lite,S3,53,1,,Correct,1.0144308213418447,target,3,D_local_zscore,semcse-null-zscore_D_final,10,10,22
gemini-3.1-flash-lite,S0,53,2,,Correct,1.0015403509539924,target,3,D_local_zscore,semcse-null-zscore_D_final,10,10,22
gemini-3.1-flash-lite,S1,53,2,,Correct,1.372543006150366,target,3,D_local_zscore,semcse-null-zscore_D_final,10,10,22
gemini-3.1-flash-lite,S2,53,2,,Correct,1.2627501207102463,target,3,D_local_zscore,semcse-null-zscore_D_final,10,10,22
gemini-3.1-flash-lite,S3,53,2,,Correct,1.4092737865492873,target,3,D_local_zscore,semcse-null-zscore_D_final,10,10,22
gemini-3.1-flash-lite,S0,54,1,,Wrong,0.23235774343177418,target,3,D_local_zscore,semcse-null-zscore_D_final,10,10,22
gemini-3.1-flash-lite,S1,54,1,,Correct,0.5198698903078591,target,3,D_local_zscore,semcse-null-zscore_D_final,10,10,22
gemini-3.1-flash-lite,S2,54,1,,Correct,0.38679571608374846,target,3,D_local_zscore,semcse-null-zscore_D_final,10,10,22
gemini-3.1-flash-lite,S3,54,1,,Correct,0.15871626833228125,target,3,D_local_zscore,semcse-null-zscore_D_final,10,10,22
gemini-3.1-flash-lite,S0,54,2,,Correct,0.8017160316906329,target,3,D_local_zscore,semcse-null-zscore_D_final,10,10,22
gemini-3.1-flash-lite,S1,54,2,,Correct,1.1361824119856625,target,3,D_local_zscore,semcse-null-zscore_D_final,10,10,22
gemini-3.1-flash-lite,S2,54,2,,Correct,0.9194241159000964,target,3,D_local_zscore,semcse-null-zscore_D_final,10,10,22
gemini-3.1-flash-lite,S3,54,2,,Correct,1.0238606317665362,target,3,D_local_zscore,semcse-null-zscore_D_final,10,10,22
gemini-3.1-flash-lite,S0,55,1,,Wrong,-0.45345717977775596,target,3,D_local_zscore,semcse-null-zscore_D_final,10,10,22
gemini-3.1-flash-lite,S1,55,1,,Wrong,-0.30805301114983746,target,3,D_local_zscore,semcse-null-zscore_D_final,10,10,22
gemini-3.1-flash-lite,S2,55,1,,Wrong,-0.25270475847219687,target,3,D_local_zscore,semcse-null-zscore_D_final,10,10,22
gemini-3.1-flash-lite,S3,55,1,,Wrong,-0.15600537318827162,target,3,D_local_zscore,semcse-null-zscore_D_final,10,10,22
gemini-3.1-flash-lite,S0,55,2,,Correct,1.0367052701573882,target,3,D_local_zscore,semcse-null-zscore_D_final,10,10,22
gemini-3.1-flash-lite,S1,55,2,,Correct,1.1608946276948533,target,3,D_local_zscore,semcse-null-zscore_D_final,10,10,22
gemini-3.1-flash-lite,S2,55,2,,Correct,1.2934359192547755,target,3,D_local_zscore,semcse-null-zscore_D_final,10,10,22
gemini-3.1-flash-lite,S3,55,2,,Correct,1.0665202740628748,target,3,D_local_zscore,semcse-null-zscore_D_final,10,10,22
gemini-3.1-flash-lite,S0,56,1,,Correct,-0.48366378652711556,target,3,D_local_zscore,semcse-null-zscore_D_final,10,10,22
gemini-3.1-flash-lite,S1,56,1,,Wrong,-0.9881330001331894,target,3,D_local_zscore,semcse-null-zscore_D_final,10,10,22
gemini-3.1-flash-lite,S2,56,1,,Wrong,-1.2691697215257771,target,3,D_local_zscore,semcse-null-zscore_D_final,10,10,22
gemini-3.1-flash-lite,S3,56,1,,Wrong,-1.6360372590110828,target,3,D_local_zscore,semcse-null-zscore_D_final,10,10,22
gemini-3.1-flash-lite,S0,56,2,,Correct,0.15795894538960958,target,3,D_local_zscore,semcse-null-zscore_D_final,10,10,22
gemini-3.1-flash-lite,S1,56,2,,Wrong,-0.6842197340878666,target,2,D_local_zscore,semcse-null-zscore_D_final,10,10,22
gemini-3.1-flash-lite,S2,56,2,,Correct,-0.42551344112837985,target,2,D_local_zscore,semcse-null-zscore_D_final,10,10,22
gemini-3.1-flash-lite,S3,56,2,,Wrong,-0.04159832430923194,target,3,D_local_zscore,semcse-null-zscore_D_final,10,10,22
gemini-3.1-flash-lite,S0,57,1,,Wrong,-0.9680648888118248,target,3,D_local_zscore,semcse-null-zscore_D_final,10,10,22
gemini-3.1-flash-lite,S1,57,1,,Correct,-0.38060225764253147,target,3,D_local_zscore,semcse-null-zscore_D_final,10,10,22
gemini-3.1-flash-lite,S2,57,1,,Correct,-0.7225317047575326,target,3,D_local_zscore,semcse-null-zscore_D_final,10,10,22
gemini-3.1-flash-lite,S3,57,1,,Correct,-0.03620478569399377,target,3,D_local_zscore,semcse-null-zscore_D_final,10,10,22
gemini-3.1-flash-lite,S0,57,2,,Wrong,-1.761512922086712,target,3,D_local_zscore,semcse-null-zscore_D_final,10,10,22
gemini-3.1-flash-lite,S1,57,2,,Wrong,-1.9978767555367734,target,3,D_local_zscore,semcse-null-zscore_D_final,10,10,22
gemini-3.1-flash-lite,S2,57,2,,Wrong,-1.9447002768337258,target,3,D_local_zscore,semcse-null-zscore_D_final,10,10,22
gemini-3.1-flash-lite,S3,57,2,,Wrong,-2.137051315877,target,2,D_local_zscore,semcse-null-zscore_D_final,10,10,22
gemini-3.1-flash-lite,S0,58,1,,Wrong,-0.532512716378648,target,3,D_local_zscore,semcse-null-zscore_D_final,10,10,22
gemini-3.1-flash-lite,S1,58,1,,Correct,-0.46391012905641166,target,3,D_local_zscore,semcse-null-zscore_D_final,10,10,22
gemini-3.1-flash-lite,S2,58,1,,Correct,-0.4596858816299546,target,3,D_local_zscore,semcse-null-zscore_D_final,10,10,22
gemini-3.1-flash-lite,S3,58,1,,Correct,-0.530371168238329,target,3,D_local_zscore,semcse-null-zscore_D_final,10,10,22
gemini-3.1-flash-lite,S0,58,2,,Correct,1.1179104960082746,target,3,D_local_zscore,semcse-null-zscore_D_final,10,10,22
gemini-3.1-flash-lite,S1,58,2,,Correct,0.48391730878837896,target,3,D_local_zscore,semcse-null-zscore_D_final,10,10,22
gemini-3.1-flash-lite,S2,58,2,,Correct,0.6159601746751288,target,3,D_local_zscore,semcse-null-zscore_D_final,10,10,22
gemini-3.1-flash-lite,S3,58,2,,Wrong,0.8405244493073105,target,2,D_local_zscore,semcse-null-zscore_D_final,10,10,22
gemini-3.1-flash-lite,S0,59,1,,Wrong,-0.4427733162293501,target,3,D_local_zscore,semcse-null-zscore_D_final,10,10,22
gemini-3.1-flash-lite,S1,59,1,,Correct,-0.5565128476263271,target,3,D_local_zscore,semcse-null-zscore_D_final,10,10,22
gemini-3.1-flash-lite,S2,59,1,,Correct,-0.4021800851940333,target,3,D_local_zscore,semcse-null-zscore_D_final,10,10,22
gemini-3.1-flash-lite,S3,59,1,,Correct,-0.33822576267805265,target,3,D_local_zscore,semcse-null-zscore_D_final,10,10,22
gemini-3.1-flash-lite,S0,59,2,,Correct,0.7394865730225462,target,3,D_local_zscore,semcse-null-zscore_D_final,10,10,22
gemini-3.1-flash-lite,S1,59,2,,Correct,0.8388492595583926,target,3,D_local_zscore,semcse-null-zscore_D_final,10,10,22
gemini-3.1-flash-lite,S2,59,2,,Correct,0.8855938284572902,target,3,D_local_zscore,semcse-null-zscore_D_final,10,10,22
gemini-3.1-flash-lite,S3,59,2,,Correct,0.7043921090007204,target,3,D_local_zscore,semcse-null-zscore_D_final,10,10,22
gemini-3.1-flash-lite,S0,60,1,,Wrong,-0.7738920284768925,target,3,D_local_zscore,semcse-null-zscore_D_final,10,10,22
gemini-3.1-flash-lite,S1,60,1,,Correct,-0.9271639807027818,target,3,D_local_zscore,semcse-null-zscore_D_final,10,10,22
gemini-3.1-flash-lite,S2,60,1,,Correct,-0.6402198317983383,target,3,D_local_zscore,semcse-null-zscore_D_final,10,10,22
gemini-3.1-flash-lite,S3,60,1,,Correct,-0.792046354825207,target,3,D_local_zscore,semcse-null-zscore_D_final,10,10,22
gemini-3.1-flash-lite,S0,60,2,,Correct,1.8994301919996432,target,3,D_local_zscore,semcse-null-zscore_D_final,10,10,22
gemini-3.1-flash-lite,S1,60,2,,Correct,2.000839246478903,target,3,D_local_zscore,semcse-null-zscore_D_final,10,10,22
gemini-3.1-flash-lite,S2,60,2,,Correct,2.253615606170094,target,3,D_local_zscore,semcse-null-zscore_D_final,10,10,22
gemini-3.1-flash-lite,S3,60,2,,Correct,1.9356182983658494,target,3,D_local_zscore,semcse-null-zscore_D_final,10,10,22
gemini-3.1-flash-lite,S0,61,1,,Wrong,-1.3661532880173186,target,3,D_local_zscore,semcse-null-zscore_D_final,10,10,22
gemini-3.1-flash-lite,S1,61,1,,Correct,-0.7973585041488991,target,3,D_local_zscore,semcse-null-zscore_D_final,10,10,22
gemini-3.1-flash-lite,S2,61,1,,Correct,-0.5534325695397393,target,3,D_local_zscore,semcse-null-zscore_D_final,10,10,22
gemini-3.1-flash-lite,S3,61,1,,Correct,-0.9326230525079413,target,3,D_local_zscore,semcse-null-zscore_D_final,10,10,22
gemini-3.1-flash-lite,S0,61,2,,Correct,1.2687371522330717,target,3,D_local_zscore,semcse-null-zscore_D_final,10,10,22
gemini-3.1-flash-lite,S1,61,2,,Correct,1.2285003068947715,target,2,D_local_zscore,semcse-null-zscore_D_final,10,10,22
gemini-3.1-flash-lite,S2,61,2,,Correct,1.2832206728897415,target,2,D_local_zscore,semcse-null-zscore_D_final,10,10,22
gemini-3.1-flash-lite,S3,61,2,,Correct,1.8038865999446092,target,2,D_local_zscore,semcse-null-zscore_D_final,10,10,22
gemini-3.1-flash-lite,S0,62,1,,Wrong,0.3470933457269372,target,3,D_local_zscore,semcse-null-zscore_D_final,10,10,22
gemini-3.1-flash-lite,S1,62,1,,Correct,0.47531569971806786,target,3,D_local_zscore,semcse-null-zscore_D_final,10,10,22
gemini-3.1-flash-lite,S2,62,1,,Correct,0.6072437628763767,target,3,D_local_zscore,semcse-null-zscore_D_final,10,10,22
gemini-3.1-flash-lite,S3,62,1,,Correct,0.8945103109918293,target,3,D_local_zscore,semcse-null-zscore_D_final,10,10,22
gemini-3.1-flash-lite,S0,62,2,,Wrong,0.6739490249603535,target,3,D_local_zscore,semcse-null-zscore_D_final,10,10,22
gemini-3.1-flash-lite,S1,62,2,,Correct,1.2766885060876392,target,3,D_local_zscore,semcse-null-zscore_D_final,10,10,22
gemini-3.1-flash-lite,S2,62,2,,Correct,0.8702619037318622,target,3,D_local_zscore,semcse-null-zscore_D_final,10,10,22
gemini-3.1-flash-lite,S3,62,2,,Correct,1.02173480983352,target,3,D_local_zscore,semcse-null-zscore_D_final,10,10,22
gemini-3.1-flash-lite,S0,63,1,,Wrong,0.8167921044824028,target,3,D_local_zscore,semcse-null-zscore_D_final,10,10,22
gemini-3.1-flash-lite,S1,63,1,,Correct,0.659512333946509,target,3,D_local_zscore,semcse-null-zscore_D_final,10,10,22
gemini-3.1-flash-lite,S2,63,1,,Correct,0.6145978326352883,target,3,D_local_zscore,semcse-null-zscore_D_final,10,10,22
gemini-3.1-flash-lite,S3,63,1,,Correct,0.7425788795736852,target,3,D_local_zscore,semcse-null-zscore_D_final,10,10,22
gemini-3.1-flash-lite,S0,63,2,,Wrong,0.8078030363318538,target,3,D_local_zscore,semcse-null-zscore_D_final,10,10,22
gemini-3.1-flash-lite,S1,63,2,,Correct,0.9842634813196309,target,3,D_local_zscore,semcse-null-zscore_D_final,10,10,22
gemini-3.1-flash-lite,S2,63,2,,Correct,1.221314733752835,target,3,D_local_zscore,semcse-null-zscore_D_final,10,10,22
gemini-3.1-flash-lite,S3,63,2,,Correct,1.0128476987163808,target,3,D_local_zscore,semcse-null-zscore_D_final,10,10,22
gemini-3.1-flash-lite,S0,64,1,,Correct,0.927955134918847,target,3,D_local_zscore,semcse-null-zscore_D_final,10,10,22
gemini-3.1-flash-lite,S1,64,1,,Correct,0.8746961244963859,target,3,D_local_zscore,semcse-null-zscore_D_final,10,10,22
gemini-3.1-flash-lite,S2,64,1,,Correct,0.8240388364392383,target,3,D_local_zscore,semcse-null-zscore_D_final,10,10,22
gemini-3.1-flash-lite,S3,64,1,,Correct,0.9309433100301726,target,3,D_local_zscore,semcse-null-zscore_D_final,10,10,22
gemini-3.1-flash-lite,S0,64,2,,Correct,0.49335669623977885,target,3,D_local_zscore,semcse-null-zscore_D_final,10,10,22
gemini-3.1-flash-lite,S1,64,2,,Correct,0.18284820474556207,target,3,D_local_zscore,semcse-null-zscore_D_final,10,10,22
gemini-3.1-flash-lite,S2,64,2,,Correct,-0.057299458115461555,target,3,D_local_zscore,semcse-null-zscore_D_final,10,10,22
gemini-3.1-flash-lite,S3,64,2,,Correct,0.4831959385342224,target,3,D_local_zscore,semcse-null-zscore_D_final,10,10,22
deepseek-v3.2-think,S0,1,1,,Correct,-0.0002490296105597256,target,3,D_local_zscore,semcse-null-zscore_D_final,10,10,22
deepseek-v3.2-think,S1,1,1,,Correct,-0.05713529374801207,target,3,D_local_zscore,semcse-null-zscore_D_final,10,10,22
deepseek-v3.2-think,S2,1,1,,Correct,0.056741431298829026,target,3,D_local_zscore,semcse-null-zscore_D_final,10,10,22
deepseek-v3.2-think,S3,1,1,,Correct,0.3652138022327083,target,3,D_local_zscore,semcse-null-zscore_D_final,10,10,22
deepseek-v3.2-think,S0,1,2,,Wrong,0.7732020327799243,target,3,D_local_zscore,semcse-null-zscore_D_final,10,10,22
deepseek-v3.2-think,S1,1,2,,Correct,1.2702462284028113,target,3,D_local_zscore,semcse-null-zscore_D_final,10,10,22
deepseek-v3.2-think,S2,1,2,,Correct,1.5397176676323683,target,3,D_local_zscore,semcse-null-zscore_D_final,10,10,22
deepseek-v3.2-think,S3,1,2,,Correct,1.322409027010609,target,3,D_local_zscore,semcse-null-zscore_D_final,10,10,22
deepseek-v3.2-think,S0,1,3,,Wrong,0.7216666367316501,target,3,D_local_zscore,semcse-null-zscore_D_final,10,10,22
deepseek-v3.2-think,S1,1,3,,Correct,0.9605828274880037,target,3,D_local_zscore,semcse-null-zscore_D_final,10,10,22
deepseek-v3.2-think,S2,1,3,,Correct,0.9548072531477896,target,3,D_local_zscore,semcse-null-zscore_D_final,10,10,22
deepseek-v3.2-think,S3,1,3,,Correct,0.7490254854549194,target,3,D_local_zscore,semcse-null-zscore_D_final,10,10,22
deepseek-v3.2-think,S0,1,4,,Correct,1.0385990306052582,target,3,D_local_zscore,semcse-null-zscore_D_final,10,10,22
deepseek-v3.2-think,S1,1,4,,Correct,1.6397359713268147,target,3,D_local_zscore,semcse-null-zscore_D_final,10,10,22
deepseek-v3.2-think,S2,1,4,,Correct,1.51395436893507,target,2,D_local_zscore,semcse-null-zscore_D_final,10,10,22
deepseek-v3.2-think,S3,1,4,,Correct,0.977474537822207,target,2,D_local_zscore,semcse-null-zscore_D_final,10,10,22
deepseek-v3.2-think,S0,1,5,,Correct,0.6969030875962876,target,2,D_local_zscore,semcse-null-zscore_D_final,10,10,22
deepseek-v3.2-think,S1,1,5,,Wrong,-0.145298984956566,target,3,D_local_zscore,semcse-null-zscore_D_final,10,10,22
deepseek-v3.2-think,S2,1,5,,Correct,0.844649276025299,target,3,D_local_zscore,semcse-null-zscore_D_final,10,10,22
deepseek-v3.2-think,S3,1,5,,Correct,0.40629973953489706,target,3,D_local_zscore,semcse-null-zscore_D_final,10,10,22
deepseek-v3.2-think,S0,2,1,,Correct,1.8969202260882618,target,3,D_local_zscore,semcse-null-zscore_D_final,10,10,22
deepseek-v3.2-think,S1,2,1,,Correct,1.751391170096021,target,3,D_local_zscore,semcse-null-zscore_D_final,10,10,22
deepseek-v3.2-think,S2,2,1,,Correct,1.6857732780759573,target,3,D_local_zscore,semcse-null-zscore_D_final,10,10,22
deepseek-v3.2-think,S3,2,1,,Correct,2.2995447812474534,target,3,D_local_zscore,semcse-null-zscore_D_final,10,10,22
deepseek-v3.2-think,S0,3,1,,Correct,1.6432587477748257,target,3,D_local_zscore,semcse-null-zscore_D_final,10,10,22
deepseek-v3.2-think,S1,3,1,,Wrong,0.9651425814525754,target,3,D_local_zscore,semcse-null-zscore_D_final,10,10,22
deepseek-v3.2-think,S2,3,1,,Correct,1.6917761051819746,target,3,D_local_zscore,semcse-null-zscore_D_final,10,10,22
deepseek-v3.2-think,S3,3,1,,Correct,2.813960033891521,target,3,D_local_zscore,semcse-null-zscore_D_final,10,10,22
deepseek-v3.2-think,S0,3,2,,Wrong,2.596077684291466,target,3,D_local_zscore,semcse-null-zscore_D_final,10,10,22
deepseek-v3.2-think,S1,3,2,,Correct,2.4729342386006943,target,3,D_local_zscore,semcse-null-zscore_D_final,10,10,22
deepseek-v3.2-think,S2,3,2,,Correct,3.347801033464328,target,3,D_local_zscore,semcse-null-zscore_D_final,10,10,22
deepseek-v3.2-think,S3,3,2,,Correct,4.224429907531025,target,2,D_local_zscore,semcse-null-zscore_D_final,10,10,22
deepseek-v3.2-think,S0,4,1,,Correct,0.8289546655343305,target,3,D_local_zscore,semcse-null-zscore_D_final,10,10,22
deepseek-v3.2-think,S1,4,1,,Wrong,0.3267863617321829,target,3,D_local_zscore,semcse-null-zscore_D_final,10,10,22
deepseek-v3.2-think,S2,4,1,,Wrong,0.6285635917348253,target,3,D_local_zscore,semcse-null-zscore_D_final,10,10,22
deepseek-v3.2-think,S3,4,1,,Wrong,1.145218049759502,target,3,D_local_zscore,semcse-null-zscore_D_final,10,10,22
deepseek-v3.2-think,S0,4,2,,Correct,1.3214685637949641,target,3,D_local_zscore,semcse-null-zscore_D_final,10,10,22
deepseek-v3.2-think,S1,4,2,,Wrong,1.0389307014309002,target,3,D_local_zscore,semcse-null-zscore_D_final,10,10,22
deepseek-v3.2-think,S2,4,2,,Wrong,0.9815437827236868,target,3,D_local_zscore,semcse-null-zscore_D_final,10,10,22
deepseek-v3.2-think,S3,4,2,,Wrong,1.0453422582008092,target,3,D_local_zscore,semcse-null-zscore_D_final,10,10,22
deepseek-v3.2-think,S0,4,3,,Correct,0.6258911736752828,target,3,D_local_zscore,semcse-null-zscore_D_final,10,10,22
deepseek-v3.2-think,S1,4,3,,Correct,0.3777804898138226,target,2,D_local_zscore,semcse-null-zscore_D_final,10,10,22
deepseek-v3.2-think,S2,4,3,,Correct,0.45533272534707536,target,3,D_local_zscore,semcse-null-zscore_D_final,10,10,22
deepseek-v3.2-think,S3,4,3,,Correct,0.44347890876204743,target,2,D_local_zscore,semcse-null-zscore_D_final,10,10,22
deepseek-v3.2-think,S0,5,1,,Correct,0.3697543522794935,target,2,D_local_zscore,semcse-null-zscore_D_final,10,10,22
deepseek-v3.2-think,S1,5,1,,Wrong,-0.1601702610245026,target,3,D_local_zscore,semcse-null-zscore_D_final,10,10,22
deepseek-v3.2-think,S2,5,1,,Wrong,-0.018501832960644116,target,3,D_local_zscore,semcse-null-zscore_D_final,10,10,22
deepseek-v3.2-think,S3,5,1,,Wrong,0.11240201585858567,target,3,D_local_zscore,semcse-null-zscore_D_final,10,10,22
deepseek-v3.2-think,S0,5,2,,Correct,0.12866473565219705,target,3,D_local_zscore,semcse-null-zscore_D_final,10,10,22
deepseek-v3.2-think,S1,5,2,,Correct,-0.06103771977527872,target,3,D_local_zscore,semcse-null-zscore_D_final,10,10,22
deepseek-v3.2-think,S2,5,2,,Correct,-0.05290580578351323,target,3,D_local_zscore,semcse-null-zscore_D_final,10,10,22
deepseek-v3.2-think,S3,5,2,,Correct,0.3181764026850802,target,3,D_local_zscore,semcse-null-zscore_D_final,10,10,22
deepseek-v3.2-think,S0,5,3,,Wrong,0.44330152756020524,target,3,D_local_zscore,semcse-null-zscore_D_final,10,10,22
deepseek-v3.2-think,S1,5,3,,Correct,0.5203189602275473,target,3,D_local_zscore,semcse-null-zscore_D_final,10,10,22
deepseek-v3.2-think,S2,5,3,,Correct,0.5342040962528769,target,3,D_local_zscore,semcse-null-zscore_D_final,10,10,22
deepseek-v3.2-think,S3,5,3,,Correct,0.9146945065992653,target,3,D_local_zscore,semcse-null-zscore_D_final,10,10,22
deepseek-v3.2-think,S0,6,1,,Wrong,-0.02359758291993419,target,2,D_local_zscore,semcse-null-zscore_D_final,10,10,22
deepseek-v3.2-think,S1,6,1,,Correct,0.5912406303636577,target,3,D_local_zscore,semcse-null-zscore_D_final,10,10,22
deepseek-v3.2-think,S2,6,1,,Correct,0.3968781588833583,target,3,D_local_zscore,semcse-null-zscore_D_final,10,10,22
deepseek-v3.2-think,S3,6,1,,Correct,0.8011788222024852,target,3,D_local_zscore,semcse-null-zscore_D_final,10,10,22
deepseek-v3.2-think,S0,6,2,,Correct,-0.6775486842996322,target,3,D_local_zscore,semcse-null-zscore_D_final,10,10,22
deepseek-v3.2-think,S1,6,2,,Wrong,-0.7906358943717772,target,3,D_local_zscore,semcse-null-zscore_D_final,10,10,22
deepseek-v3.2-think,S2,6,2,,Wrong,-0.9179358941329872,target,3,D_local_zscore,semcse-null-zscore_D_final,10,10,22
deepseek-v3.2-think,S3,6,2,,Wrong,-0.9265935442213005,target,3,D_local_zscore,semcse-null-zscore_D_final,10,10,22
deepseek-v3.2-think,S0,6,3,,Correct,1.052628429565377,target,2,D_local_zscore,semcse-null-zscore_D_final,10,10,22
deepseek-v3.2-think,S1,6,3,,Correct,0.9041615122703419,target,3,D_local_zscore,semcse-null-zscore_D_final,10,10,22
deepseek-v3.2-think,S2,6,3,,Correct,1.2576157359280036,target,3,D_local_zscore,semcse-null-zscore_D_final,10,10,22
deepseek-v3.2-think,S3,6,3,,Correct,0.8832943804146989,target,3,D_local_zscore,semcse-null-zscore_D_final,10,10,22
deepseek-v3.2-think,S0,7,1,,Correct,0.5037496420420393,target,2,D_local_zscore,semcse-null-zscore_D_final,10,10,22
deepseek-v3.2-think,S1,7,1,,Wrong,0.5685468763894317,target,3,D_local_zscore,semcse-null-zscore_D_final,10,10,22
deepseek-v3.2-think,S2,7,1,,Wrong,0.47977159006654313,target,3,D_local_zscore,semcse-null-zscore_D_final,10,10,22
deepseek-v3.2-think,S3,7,1,,Wrong,0.6883756410241344,target,3,D_local_zscore,semcse-null-zscore_D_final,10,10,22
deepseek-v3.2-think,S0,7,2,,Wrong,1.2878153675017407,target,3,D_local_zscore,semcse-null-zscore_D_final,10,10,22
deepseek-v3.2-think,S1,7,2,,Wrong,0.8869996433097377,target,3,D_local_zscore,semcse-null-zscore_D_final,10,10,22
deepseek-v3.2-think,S2,7,2,,Wrong,0.8408899204758491,target,3,D_local_zscore,semcse-null-zscore_D_final,10,10,22
deepseek-v3.2-think,S3,7,2,,Wrong,1.1226560715408818,target,3,D_local_zscore,semcse-null-zscore_D_final,10,10,22
deepseek-v3.2-think,S0,7,3,,Wrong,-0.3094697661186604,target,3,D_local_zscore,semcse-null-zscore_D_final,10,10,22
deepseek-v3.2-think,S1,7,3,,Wrong,-0.03773930625571431,target,3,D_local_zscore,semcse-null-zscore_D_final,10,10,22
deepseek-v3.2-think,S2,7,3,,Wrong,-0.36615716853330427,target,3,D_local_zscore,semcse-null-zscore_D_final,10,10,22
deepseek-v3.2-think,S3,7,3,,Wrong,-0.34844387965694135,target,3,D_local_zscore,semcse-null-zscore_D_final,10,10,22
deepseek-v3.2-think,S0,7,4,,Correct,-0.6451354948916299,target,3,D_local_zscore,semcse-null-zscore_D_final,10,10,22
deepseek-v3.2-think,S1,7,4,,Correct,-0.9548693529483421,target,3,D_local_zscore,semcse-null-zscore_D_final,10,10,22
deepseek-v3.2-think,S2,7,4,,Correct,-0.949198065438161,target,3,D_local_zscore,semcse-null-zscore_D_final,10,10,22
deepseek-v3.2-think,S3,7,4,,Correct,-0.42934875177959286,target,3,D_local_zscore,semcse-null-zscore_D_final,10,10,22
deepseek-v3.2-think,S0,7,5,,Correct,0.394163023653181,target,3,D_local_zscore,semcse-null-zscore_D_final,10,10,22
deepseek-v3.2-think,S1,7,5,,Correct,0.8064917832695055,target,3,D_local_zscore,semcse-null-zscore_D_final,10,10,22
deepseek-v3.2-think,S2,7,5,,Correct,0.594841438741389,target,3,D_local_zscore,semcse-null-zscore_D_final,10,10,22
deepseek-v3.2-think,S3,7,5,,Correct,0.6784966658203406,target,3,D_local_zscore,semcse-null-zscore_D_final,10,10,22
deepseek-v3.2-think,S0,7,6,,Wrong,-0.7253716746820342,target,3,D_local_zscore,semcse-null-zscore_D_final,10,10,22
deepseek-v3.2-think,S1,7,6,,Wrong,-0.6326432620596791,target,3,D_local_zscore,semcse-null-zscore_D_final,10,10,22
deepseek-v3.2-think,S2,7,6,,Wrong,-0.4083365134486985,target,2,D_local_zscore,semcse-null-zscore_D_final,10,10,22
deepseek-v3.2-think,S3,7,6,,Wrong,-0.9959596465101859,target,3,D_local_zscore,semcse-null-zscore_D_final,10,10,22
deepseek-v3.2-think,S0,7,7,,Wrong,1.1818381782231868,target,3,D_local_zscore,semcse-null-zscore_D_final,10,10,22
deepseek-v3.2-think,S1,7,7,,Wrong,1.4600477088817558,target,3,D_local_zscore,semcse-null-zscore_D_final,10,10,22
deepseek-v3.2-think,S2,7,7,,Wrong,1.5585065696106808,target,3,D_local_zscore,semcse-null-zscore_D_final,10,10,22
deepseek-v3.2-think,S3,7,7,,Wrong,1.2927795795036428,target,3,D_local_zscore,semcse-null-zscore_D_final,10,10,22
deepseek-v3.2-think,S0,7,8,,Correct,0.15494408563902917,target,3,D_local_zscore,semcse-null-zscore_D_final,10,10,22
deepseek-v3.2-think,S1,7,8,,Correct,-0.1714530321467279,target,3,D_local_zscore,semcse-null-zscore_D_final,10,10,22
deepseek-v3.2-think,S2,7,8,,Correct,-0.2601376716666355,target,3,D_local_zscore,semcse-null-zscore_D_final,10,10,22
deepseek-v3.2-think,S3,7,8,,Correct,-0.18143629261870686,target,3,D_local_zscore,semcse-null-zscore_D_final,10,10,22
deepseek-v3.2-think,S0,7,9,,Correct,1.2446794254479463,target,3,D_local_zscore,semcse-null-zscore_D_final,10,10,22
deepseek-v3.2-think,S1,7,9,,Correct,1.2463687184337102,target,3,D_local_zscore,semcse-null-zscore_D_final,10,10,22
deepseek-v3.2-think,S2,7,9,,Correct,1.5581406174207202,target,3,D_local_zscore,semcse-null-zscore_D_final,10,10,22
deepseek-v3.2-think,S3,7,9,,Correct,1.7172926509516877,target,3,D_local_zscore,semcse-null-zscore_D_final,10,10,22
deepseek-v3.2-think,S0,7,10,,Wrong,-0.18104592145672127,target,3,D_local_zscore,semcse-null-zscore_D_final,10,10,22
deepseek-v3.2-think,S1,7,10,,Wrong,0.48323386984564287,target,3,D_local_zscore,semcse-null-zscore_D_final,10,10,22
deepseek-v3.2-think,S2,7,10,,Wrong,1.144116039052885,target,3,D_local_zscore,semcse-null-zscore_D_final,10,10,22
deepseek-v3.2-think,S3,7,10,,Wrong,0.9400403597395568,target,3,D_local_zscore,semcse-null-zscore_D_final,10,10,22
deepseek-v3.2-think,S0,7,11,,Wrong,0.7759314936856092,target,3,D_local_zscore,semcse-null-zscore_D_final,10,10,22
deepseek-v3.2-think,S1,7,11,,Wrong,0.8582963963081979,target,3,D_local_zscore,semcse-null-zscore_D_final,10,10,22
deepseek-v3.2-think,S2,7,11,,Wrong,0.7421106149070557,target,3,D_local_zscore,semcse-null-zscore_D_final,10,10,22
deepseek-v3.2-think,S3,7,11,,Wrong,1.061989491517417,target,3,D_local_zscore,semcse-null-zscore_D_final,10,10,22
deepseek-v3.2-think,S0,8,1,,Wrong,0.7185619001437041,target,2,D_local_zscore,semcse-null-zscore_D_final,10,10,22
deepseek-v3.2-think,S1,8,1,,Correct,1.2745012298989196,target,3,D_local_zscore,semcse-null-zscore_D_final,10,10,22
deepseek-v3.2-think,S2,8,1,,Correct,1.2269266633324953,target,3,D_local_zscore,semcse-null-zscore_D_final,10,10,22
deepseek-v3.2-think,S3,8,1,,Correct,1.1634762544993413,target,2,D_local_zscore,semcse-null-zscore_D_final,10,10,22
deepseek-v3.2-think,S0,8,2,,Wrong,0.8184810218415484,target,3,D_local_zscore,semcse-null-zscore_D_final,10,10,22
deepseek-v3.2-think,S1,8,2,,Correct,1.583142130501996,target,3,D_local_zscore,semcse-null-zscore_D_final,10,10,22
deepseek-v3.2-think,S2,8,2,,Correct,1.49371698794714,target,3,D_local_zscore,semcse-null-zscore_D_final,10,10,22
deepseek-v3.2-think,S3,8,2,,Correct,1.1292462530963099,target,3,D_local_zscore,semcse-null-zscore_D_final,10,10,22
deepseek-v3.2-think,S0,8,3,,Correct,0.0787175269924113,target,3,D_local_zscore,semcse-null-zscore_D_final,10,10,22
deepseek-v3.2-think,S1,8,3,,Wrong,-0.6647569652993331,target,3,D_local_zscore,semcse-null-zscore_D_final,10,10,22
deepseek-v3.2-think,S2,8,3,,Wrong,-0.6397040437453982,target,3,D_local_zscore,semcse-null-zscore_D_final,10,10,22
deepseek-v3.2-think,S3,8,3,,Wrong,-0.44181694347093325,target,3,D_local_zscore,semcse-null-zscore_D_final,10,10,22
deepseek-v3.2-think,S0,8,4,,Correct,-0.8358013450739713,target,3,D_local_zscore,semcse-null-zscore_D_final,10,10,22
deepseek-v3.2-think,S1,8,4,,Wrong,-0.7923495080741296,target,3,D_local_zscore,semcse-null-zscore_D_final,10,10,22
deepseek-v3.2-think,S2,8,4,,Wrong,-0.867286945166446,target,3,D_local_zscore,semcse-null-zscore_D_final,10,10,22
deepseek-v3.2-think,S3,8,4,,Wrong,-1.2722973837204772,target,3,D_local_zscore,semcse-null-zscore_D_final,10,10,22
deepseek-v3.2-think,S0,9,1,,Wrong,0.43390605863634035,target,2,D_local_zscore,semcse-null-zscore_D_final,10,10,22
deepseek-v3.2-think,S1,9,1,,Correct,0.5716073641961583,target,3,D_local_zscore,semcse-null-zscore_D_final,10,10,22
deepseek-v3.2-think,S2,9,1,,Correct,0.5367154382963257,target,3,D_local_zscore,semcse-null-zscore_D_final,10,10,22
deepseek-v3.2-think,S3,9,1,,Correct,0.29604733670655436,target,3,D_local_zscore,semcse-null-zscore_D_final,10,10,22
deepseek-v3.2-think,S0,9,2,,Wrong,0.4365552408856881,target,3,D_local_zscore,semcse-null-zscore_D_final,10,10,22
deepseek-v3.2-think,S1,9,2,,Wrong,0.4396121094154304,target,3,D_local_zscore,semcse-null-zscore_D_final,10,10,22
deepseek-v3.2-think,S2,9,2,,Wrong,0.5556156533649224,target,3,D_local_zscore,semcse-null-zscore_D_final,10,10,22
deepseek-v3.2-think,S3,9,2,,Wrong,0.6603496074268507,target,2,D_local_zscore,semcse-null-zscore_D_final,10,10,22
deepseek-v3.2-think,S0,9,3,,Wrong,0.46076878745741245,target,3,D_local_zscore,semcse-null-zscore_D_final,10,10,22
deepseek-v3.2-think,S1,9,3,,Correct,0.9281593059639408,target,3,D_local_zscore,semcse-null-zscore_D_final,10,10,22
deepseek-v3.2-think,S2,9,3,,Correct,1.0078680082385096,target,3,D_local_zscore,semcse-null-zscore_D_final,10,10,22
deepseek-v3.2-think,S3,9,3,,Correct,1.0021988171220286,target,3,D_local_zscore,semcse-null-zscore_D_final,10,10,22
deepseek-v3.2-think,S0,10,1,,Wrong,0.7536659230420256,target,2,D_local_zscore,semcse-null-zscore_D_final,10,10,22
deepseek-v3.2-think,S1,10,1,,Wrong,0.9026827893277636,target,3,D_local_zscore,semcse-null-zscore_D_final,10,10,22
deepseek-v3.2-think,S2,10,1,,Wrong,0.6125180696902608,target,3,D_local_zscore,semcse-null-zscore_D_final,10,10,22
deepseek-v3.2-think,S3,10,1,,Wrong,0.8276934724722815,target,3,D_local_zscore,semcse-null-zscore_D_final,10,10,22
deepseek-v3.2-think,S0,10,2,,Correct,1.7432543499342215,target,2,D_local_zscore,semcse-null-zscore_D_final,10,10,22
deepseek-v3.2-think,S1,10,2,,Wrong,1.6607884737408003,target,3,D_local_zscore,semcse-null-zscore_D_final,10,10,22
deepseek-v3.2-think,S2,10,2,,Wrong,1.791229058099233,target,3,D_local_zscore,semcse-null-zscore_D_final,10,10,22
deepseek-v3.2-think,S3,10,2,,Wrong,1.7105450238538968,target,3,D_local_zscore,semcse-null-zscore_D_final,10,10,22
deepseek-v3.2-think,S0,11,1,,Wrong,0.2000580203213494,target,3,D_local_zscore,semcse-null-zscore_D_final,10,10,22
deepseek-v3.2-think,S1,11,1,,Wrong,0.46154737203484303,target,2,D_local_zscore,semcse-null-zscore_D_final,10,10,22
deepseek-v3.2-think,S2,11,1,,Wrong,0.449625966970694,target,2,D_local_zscore,semcse-null-zscore_D_final,10,10,22
deepseek-v3.2-think,S3,11,1,,Wrong,0.9705589337224235,target,2,D_local_zscore,semcse-null-zscore_D_final,10,10,22
deepseek-v3.2-think,S0,12,1,,Wrong,-0.24810494629540375,target,2,D_local_zscore,semcse-null-zscore_D_final,10,10,22
deepseek-v3.2-think,S1,12,1,,Wrong,-0.39978723286302376,target,3,D_local_zscore,semcse-null-zscore_D_final,10,10,22
deepseek-v3.2-think,S2,12,1,,Correct,0.030357885115970817,target,3,D_local_zscore,semcse-null-zscore_D_final,10,10,22
deepseek-v3.2-think,S3,12,1,,Correct,0.493368709126149,target,3,D_local_zscore,semcse-null-zscore_D_final,10,10,22
deepseek-v3.2-think,S0,13,1,,Correct,2.6332956379891757,target,3,D_local_zscore,semcse-null-zscore_D_final,10,10,22
deepseek-v3.2-think,S1,13,1,,Wrong,2.2594325826617445,target,2,D_local_zscore,semcse-null-zscore_D_final,10,10,22
deepseek-v3.2-think,S2,13,1,,Wrong,2.2675588909731674,target,2,D_local_zscore,semcse-null-zscore_D_final,10,10,22
deepseek-v3.2-think,S3,13,1,,Correct,2.6460942806986036,target,3,D_local_zscore,semcse-null-zscore_D_final,10,10,22
deepseek-v3.2-think,S0,13,2,,Wrong,-0.4270427800433673,target,2,D_local_zscore,semcse-null-zscore_D_final,10,10,22
deepseek-v3.2-think,S1,13,2,,Correct,-0.38383640451908435,target,2,D_local_zscore,semcse-null-zscore_D_final,10,10,22
deepseek-v3.2-think,S2,13,2,,Wrong,-0.6119412162279317,target,3,D_local_zscore,semcse-null-zscore_D_final,10,10,22
deepseek-v3.2-think,S3,13,2,,Wrong,-0.3407524136303878,target,3,D_local_zscore,semcse-null-zscore_D_final,10,10,22
deepseek-v3.2-think,S0,13,3,,Wrong,0.19732224403964138,target,2,D_local_zscore,semcse-null-zscore_D_final,10,10,22
deepseek-v3.2-think,S1,13,3,,Wrong,0.27188370700795206,target,2,D_local_zscore,semcse-null-zscore_D_final,10,10,22
deepseek-v3.2-think,S2,13,3,,Wrong,0.38540036039595543,target,3,D_local_zscore,semcse-null-zscore_D_final,10,10,22
deepseek-v3.2-think,S3,13,3,,Correct,-0.5576061845373592,target,3,D_local_zscore,semcse-null-zscore_D_final,10,10,22
deepseek-v3.2-think,S0,14,1,,Wrong,-0.37027029896242075,target,3,D_local_zscore,semcse-null-zscore_D_final,10,10,22
deepseek-v3.2-think,S1,14,1,,Correct,-0.06605032592087462,target,3,D_local_zscore,semcse-null-zscore_D_final,10,10,22
deepseek-v3.2-think,S2,14,1,,Correct,-0.1022090791060002,target,3,D_local_zscore,semcse-null-zscore_D_final,10,10,22
deepseek-v3.2-think,S3,14,1,,Correct,0.43302143096444307,target,3,D_local_zscore,semcse-null-zscore_D_final,10,10,22
deepseek-v3.2-think,S0,15,1,,Correct,-3.4637643591912535,target,2,D_local_zscore,semcse-null-zscore_D_final,10,10,22
deepseek-v3.2-think,S1,15,1,,Wrong,-2.8980972264738467,target,3,D_local_zscore,semcse-null-zscore_D_final,10,10,22
deepseek-v3.2-think,S2,15,1,,Wrong,-2.8483240148399642,target,3,D_local_zscore,semcse-null-zscore_D_final,10,10,22
deepseek-v3.2-think,S3,15,1,,Wrong,-2.585433736565262,target,3,D_local_zscore,semcse-null-zscore_D_final,10,10,22
deepseek-v3.2-think,S0,16,1,,Correct,1.3401661602609543,target,3,D_local_zscore,semcse-null-zscore_D_final,10,10,22
deepseek-v3.2-think,S1,16,1,,Correct,1.4421438800735058,target,3,D_local_zscore,semcse-null-zscore_D_final,10,10,22
deepseek-v3.2-think,S2,16,1,,Correct,1.3824224209472964,target,3,D_local_zscore,semcse-null-zscore_D_final,10,10,22
deepseek-v3.2-think,S3,16,1,,Correct,1.6880844554783765,target,3,D_local_zscore,semcse-null-zscore_D_final,10,10,22
deepseek-v3.2-think,S0,17,1,,Wrong,-0.8629961812585114,target,3,D_local_zscore,semcse-null-zscore_D_final,10,10,22
deepseek-v3.2-think,S1,17,1,,Correct,-0.9306481876343106,target,3,D_local_zscore,semcse-null-zscore_D_final,10,10,22
deepseek-v3.2-think,S2,17,1,,Correct,-0.6479252055917313,target,3,D_local_zscore,semcse-null-zscore_D_final,10,10,22
deepseek-v3.2-think,S3,17,1,,Correct,-0.4752530972547007,target,3,D_local_zscore,semcse-null-zscore_D_final,10,10,22
deepseek-v3.2-think,S0,18,1,,Correct,1.3144301336541382,target,3,D_local_zscore,semcse-null-zscore_D_final,10,10,22
deepseek-v3.2-think,S1,18,1,,Correct,1.4765066961820834,target,3,D_local_zscore,semcse-null-zscore_D_final,10,10,22
deepseek-v3.2-think,S2,18,1,,Correct,1.4823089391063007,target,3,D_local_zscore,semcse-null-zscore_D_final,10,10,22
deepseek-v3.2-think,S3,18,1,,Correct,1.4329034647581937,target,3,D_local_zscore,semcse-null-zscore_D_final,10,10,22
deepseek-v3.2-think,S0,19,1,,Wrong,-0.3538157780131539,target,2,D_local_zscore,semcse-null-zscore_D_final,10,10,22
deepseek-v3.2-think,S1,19,1,,Correct,-0.20932013272952163,target,3,D_local_zscore,semcse-null-zscore_D_final,10,10,22
deepseek-v3.2-think,S2,19,1,,Correct,0.023886092348272464,target,3,D_local_zscore,semcse-null-zscore_D_final,10,10,22
deepseek-v3.2-think,S3,19,1,,Correct,0.38011437214836047,target,3,D_local_zscore,semcse-null-zscore_D_final,10,10,22
deepseek-v3.2-think,S0,20,1,,Correct,1.3892618653163693,target,3,D_local_zscore,semcse-null-zscore_D_final,10,10,22
deepseek-v3.2-think,S1,20,1,,Wrong,2.589945417558337,target,3,D_local_zscore,semcse-null-zscore_D_final,10,10,22
deepseek-v3.2-think,S2,20,1,,Wrong,2.050566485627792,target,3,D_local_zscore,semcse-null-zscore_D_final,10,10,22
deepseek-v3.2-think,S3,20,1,,Correct,1.5846877799814878,target,2,D_local_zscore,semcse-null-zscore_D_final,10,10,22
deepseek-v3.2-think,S0,21,1,,Correct,-0.1711789333783054,target,3,D_local_zscore,semcse-null-zscore_D_final,10,10,22
deepseek-v3.2-think,S1,21,1,,Correct,0.16279299733522756,target,3,D_local_zscore,semcse-null-zscore_D_final,10,10,22
deepseek-v3.2-think,S2,21,1,,Correct,-0.07404917535303104,target,3,D_local_zscore,semcse-null-zscore_D_final,10,10,22
deepseek-v3.2-think,S3,21,1,,Wrong,-0.3814601609288769,target,3,D_local_zscore,semcse-null-zscore_D_final,10,10,22
deepseek-v3.2-think,S0,22,1,,Wrong,0.3068088318711666,target,3,D_local_zscore,semcse-null-zscore_D_final,10,10,22
deepseek-v3.2-think,S1,22,1,,Correct,-0.08249844291776709,target,2,D_local_zscore,semcse-null-zscore_D_final,10,10,22
deepseek-v3.2-think,S2,22,1,,Correct,0.11265424363496113,target,3,D_local_zscore,semcse-null-zscore_D_final,10,10,22
deepseek-v3.2-think,S3,22,1,,Correct,0.34688485808644787,target,3,D_local_zscore,semcse-null-zscore_D_final,10,10,22
deepseek-v3.2-think,S0,23,1,,Wrong,1.0892770509717,target,3,D_local_zscore,semcse-null-zscore_D_final,10,10,22
deepseek-v3.2-think,S1,23,1,,Correct,1.2843001418272448,target,3,D_local_zscore,semcse-null-zscore_D_final,10,10,22
deepseek-v3.2-think,S2,23,1,,Correct,1.1862064077008743,target,3,D_local_zscore,semcse-null-zscore_D_final,10,10,22
deepseek-v3.2-think,S3,23,1,,Correct,0.9839926485942607,target,3,D_local_zscore,semcse-null-zscore_D_final,10,10,22
deepseek-v3.2-think,S0,24,1,,Wrong,-0.902863640144632,target,3,D_local_zscore,semcse-null-zscore_D_final,10,10,22
deepseek-v3.2-think,S1,24,1,,Correct,-1.0454941221884453,target,3,D_local_zscore,semcse-null-zscore_D_final,10,10,22
deepseek-v3.2-think,S2,24,1,,Correct,-0.9650921733974963,target,3,D_local_zscore,semcse-null-zscore_D_final,10,10,22
deepseek-v3.2-think,S3,24,1,,Correct,-0.8895828474049525,target,3,D_local_zscore,semcse-null-zscore_D_final,10,10,22
deepseek-v3.2-think,S0,25,1,,Correct,-0.4890820270095757,target,2,D_local_zscore,semcse-null-zscore_D_final,10,10,22
deepseek-v3.2-think,S1,25,1,,Wrong,-0.9935466339500264,target,3,D_local_zscore,semcse-null-zscore_D_final,10,10,22
deepseek-v3.2-think,S2,25,1,,Wrong,-1.231338356684065,target,3,D_local_zscore,semcse-null-zscore_D_final,10,10,22
deepseek-v3.2-think,S3,25,1,,Wrong,-0.7314727269421343,target,2,D_local_zscore,semcse-null-zscore_D_final,10,10,22
deepseek-v3.2-think,S0,25,2,,Correct,2.4828432648703154,target,3,D_local_zscore,semcse-null-zscore_D_final,10,10,22
deepseek-v3.2-think,S1,25,2,,Correct,2.1234938158876546,target,3,D_local_zscore,semcse-null-zscore_D_final,10,10,22
deepseek-v3.2-think,S2,25,2,,Correct,1.9524921711359924,target,3,D_local_zscore,semcse-null-zscore_D_final,10,10,22
deepseek-v3.2-think,S3,25,2,,Correct,2.1518260470839166,target,3,D_local_zscore,semcse-null-zscore_D_final,10,10,22
deepseek-v3.2-think,S0,26,1,,Correct,0.15681100300304962,target,2,D_local_zscore,semcse-null-zscore_D_final,10,10,22
deepseek-v3.2-think,S1,26,1,,Correct,0.5942572730456614,target,2,D_local_zscore,semcse-null-zscore_D_final,10,10,22
deepseek-v3.2-think,S2,26,1,,Correct,0.6145189937516704,target,3,D_local_zscore,semcse-null-zscore_D_final,10,10,22
deepseek-v3.2-think,S3,26,1,,Correct,0.9237324832154856,target,3,D_local_zscore,semcse-null-zscore_D_final,10,10,22
deepseek-v3.2-think,S0,26,2,,Correct,-0.7301092303215103,target,3,D_local_zscore,semcse-null-zscore_D_final,10,10,22
deepseek-v3.2-think,S1,26,2,,Correct,-0.6012764275836282,target,3,D_local_zscore,semcse-null-zscore_D_final,10,10,22
deepseek-v3.2-think,S2,26,2,,Correct,-0.5420792852402838,target,3,D_local_zscore,semcse-null-zscore_D_final,10,10,22
deepseek-v3.2-think,S3,26,2,,Correct,0.49093455950565457,target,3,D_local_zscore,semcse-null-zscore_D_final,10,10,22
deepseek-v3.2-think,S0,26,3,,Correct,-0.1458063807577544,target,3,D_local_zscore,semcse-null-zscore_D_final,10,10,22
deepseek-v3.2-think,S1,26,3,,Correct,-0.5699399738881089,target,3,D_local_zscore,semcse-null-zscore_D_final,10,10,22
deepseek-v3.2-think,S2,26,3,,Correct,-0.35021321722989524,target,3,D_local_zscore,semcse-null-zscore_D_final,10,10,22
deepseek-v3.2-think,S3,26,3,,Correct,0.8145593869795836,target,3,D_local_zscore,semcse-null-zscore_D_final,10,10,22
deepseek-v3.2-think,S0,26,4,,Correct,2.854521754563899,target,2,D_local_zscore,semcse-null-zscore_D_final,10,10,22
deepseek-v3.2-think,S1,26,4,,Correct,2.2618319456448392,target,3,D_local_zscore,semcse-null-zscore_D_final,10,10,22
deepseek-v3.2-think,S2,26,4,,Correct,2.395916339555889,target,3,D_local_zscore,semcse-null-zscore_D_final,10,10,22
deepseek-v3.2-think,S3,26,4,,Correct,2.1890562067524297,target,3,D_local_zscore,semcse-null-zscore_D_final,10,10,22
deepseek-v3.2-think,S0,27,1,,Wrong,-1.0307348221444657,target,3,D_local_zscore,semcse-null-zscore_D_final,10,10,22
deepseek-v3.2-think,S1,27,1,,Correct,-0.8287606913433119,target,3,D_local_zscore,semcse-null-zscore_D_final,10,10,22
deepseek-v3.2-think,S2,27,1,,Correct,-0.8733471563268385,target,3,D_local_zscore,semcse-null-zscore_D_final,10,10,22
deepseek-v3.2-think,S3,27,1,,Correct,-0.19515330326397662,target,3,D_local_zscore,semcse-null-zscore_D_final,10,10,22
deepseek-v3.2-think,S0,27,2,,Correct,-0.7897741533017844,target,3,D_local_zscore,semcse-null-zscore_D_final,10,10,22
deepseek-v3.2-think,S1,27,2,,Correct,-0.4445989735983098,target,3,D_local_zscore,semcse-null-zscore_D_final,10,10,22
deepseek-v3.2-think,S2,27,2,,Correct,-0.3822142960625174,target,3,D_local_zscore,semcse-null-zscore_D_final,10,10,22
deepseek-v3.2-think,S3,27,2,,Correct,0.7602643325703518,target,3,D_local_zscore,semcse-null-zscore_D_final,10,10,22
deepseek-v3.2-think,S0,27,3,,Correct,-0.5410672263388855,target,2,D_local_zscore,semcse-null-zscore_D_final,10,10,22
deepseek-v3.2-think,S1,27,3,,Correct,-0.4102652785421162,target,3,D_local_zscore,semcse-null-zscore_D_final,10,10,22
deepseek-v3.2-think,S2,27,3,,Correct,-0.17634969262432365,target,3,D_local_zscore,semcse-null-zscore_D_final,10,10,22
deepseek-v3.2-think,S3,27,3,,Correct,0.632475856629299,target,3,D_local_zscore,semcse-null-zscore_D_final,10,10,22
deepseek-v3.2-think,S0,27,4,,Correct,2.480022547710568,target,3,D_local_zscore,semcse-null-zscore_D_final,10,10,22
deepseek-v3.2-think,S1,27,4,,Correct,2.854691459556403,target,3,D_local_zscore,semcse-null-zscore_D_final,10,10,22
deepseek-v3.2-think,S2,27,4,,Correct,2.6834369457524354,target,3,D_local_zscore,semcse-null-zscore_D_final,10,10,22
deepseek-v3.2-think,S3,27,4,,Correct,2.79629303718355,target,3,D_local_zscore,semcse-null-zscore_D_final,10,10,22
deepseek-v3.2-think,S0,28,1,,Correct,-0.4138215477517331,target,3,D_local_zscore,semcse-null-zscore_D_final,10,10,22
deepseek-v3.2-think,S1,28,1,,Wrong,-0.49582269283450714,target,3,D_local_zscore,semcse-null-zscore_D_final,10,10,22
deepseek-v3.2-think,S2,28,1,,Wrong,0.06514565939362513,target,3,D_local_zscore,semcse-null-zscore_D_final,10,10,22
deepseek-v3.2-think,S3,28,1,,Wrong,-0.3652006400400155,target,3,D_local_zscore,semcse-null-zscore_D_final,10,10,22
deepseek-v3.2-think,S0,28,2,,Correct,-0.5219690911873012,target,3,D_local_zscore,semcse-null-zscore_D_final,10,10,22
deepseek-v3.2-think,S1,28,2,,Correct,0.11191602971121078,target,3,D_local_zscore,semcse-null-zscore_D_final,10,10,22
deepseek-v3.2-think,S2,28,2,,Correct,-0.31027842894873525,target,3,D_local_zscore,semcse-null-zscore_D_final,10,10,22
deepseek-v3.2-think,S3,28,2,,Correct,-0.20758368439391936,target,3,D_local_zscore,semcse-null-zscore_D_final,10,10,22
deepseek-v3.2-think,S0,29,1,,Wrong,1.575291233092011,target,3,D_local_zscore,semcse-null-zscore_D_final,10,10,22
deepseek-v3.2-think,S1,29,1,,Correct,1.471554287886409,target,2,D_local_zscore,semcse-null-zscore_D_final,10,10,22
deepseek-v3.2-think,S2,29,1,,Correct,1.3674781118075985,target,2,D_local_zscore,semcse-null-zscore_D_final,10,10,22
deepseek-v3.2-think,S3,29,1,,Correct,0.6001164056224734,target,3,D_local_zscore,semcse-null-zscore_D_final,10,10,22
deepseek-v3.2-think,S0,29,2,,Correct,-0.2143853397374986,target,3,D_local_zscore,semcse-null-zscore_D_final,10,10,22
deepseek-v3.2-think,S1,29,2,,Correct,0.060132524846457286,target,3,D_local_zscore,semcse-null-zscore_D_final,10,10,22
deepseek-v3.2-think,S2,29,2,,Correct,-0.2522200304909536,target,3,D_local_zscore,semcse-null-zscore_D_final,10,10,22
deepseek-v3.2-think,S3,29,2,,Correct,-0.11640579062873391,target,3,D_local_zscore,semcse-null-zscore_D_final,10,10,22
deepseek-v3.2-think,S0,30,1,,Wrong,-0.8733482031462731,target,3,D_local_zscore,semcse-null-zscore_D_final,10,10,22
deepseek-v3.2-think,S1,30,1,,Correct,-0.23787233303280436,target,3,D_local_zscore,semcse-null-zscore_D_final,10,10,22
deepseek-v3.2-think,S2,30,1,,Correct,-0.3220229185469856,target,3,D_local_zscore,semcse-null-zscore_D_final,10,10,22
deepseek-v3.2-think,S3,30,1,,Correct,-0.02221145014125514,target,3,D_local_zscore,semcse-null-zscore_D_final,10,10,22
deepseek-v3.2-think,S0,30,2,,Correct,-0.1962217278308217,target,2,D_local_zscore,semcse-null-zscore_D_final,10,10,22
deepseek-v3.2-think,S1,30,2,,Correct,-0.02275462883759194,target,3,D_local_zscore,semcse-null-zscore_D_final,10,10,22
deepseek-v3.2-think,S2,30,2,,Correct,0.028854318468990392,target,2,D_local_zscore,semcse-null-zscore_D_final,10,10,22
deepseek-v3.2-think,S3,30,2,,Correct,-0.10456858200313283,target,3,D_local_zscore,semcse-null-zscore_D_final,10,10,22
deepseek-v3.2-think,S0,31,1,,Correct,1.55999475038239,target,3,D_local_zscore,semcse-null-zscore_D_final,10,10,22
deepseek-v3.2-think,S1,31,1,,Correct,1.5061153875080275,target,3,D_local_zscore,semcse-null-zscore_D_final,10,10,22
deepseek-v3.2-think,S2,31,1,,Correct,1.2244741529215735,target,3,D_local_zscore,semcse-null-zscore_D_final,10,10,22
deepseek-v3.2-think,S3,31,1,,Correct,2.1135451953282156,target,3,D_local_zscore,semcse-null-zscore_D_final,10,10,22
deepseek-v3.2-think,S0,32,1,,Wrong,0.35748331201897265,target,2,D_local_zscore,semcse-null-zscore_D_final,10,10,22
deepseek-v3.2-think,S1,32,1,,Correct,0.44013686683058656,target,3,D_local_zscore,semcse-null-zscore_D_final,10,10,22
deepseek-v3.2-think,S2,32,1,,Wrong,0.3478987836248835,target,3,D_local_zscore,semcse-null-zscore_D_final,10,10,22
deepseek-v3.2-think,S3,32,1,,Correct,1.1756482589594623,target,2,D_local_zscore,semcse-null-zscore_D_final,10,10,22
deepseek-v3.2-think,S0,33,1,,Correct,1.5567861551708901,target,2,D_local_zscore,semcse-null-zscore_D_final,10,10,22
deepseek-v3.2-think,S1,33,1,,Correct,0.9889569455978534,target,3,D_local_zscore,semcse-null-zscore_D_final,10,10,22
deepseek-v3.2-think,S2,33,1,,Correct,1.3368992474546495,target,3,D_local_zscore,semcse-null-zscore_D_final,10,10,22
deepseek-v3.2-think,S3,33,1,,Correct,1.4534690672173765,target,3,D_local_zscore,semcse-null-zscore_D_final,10,10,22
deepseek-v3.2-think,S0,34,1,,Wrong,-0.028631679248316378,target,3,D_local_zscore,semcse-null-zscore_D_final,10,10,22
deepseek-v3.2-think,S1,34,1,,Wrong,0.4871786259843156,target,3,D_local_zscore,semcse-null-zscore_D_final,10,10,22
deepseek-v3.2-think,S2,34,1,,Correct,0.3814882453317522,target,2,D_local_zscore,semcse-null-zscore_D_final,10,10,22
deepseek-v3.2-think,S3,34,1,,Correct,0.27615833509772336,target,3,D_local_zscore,semcse-null-zscore_D_final,10,10,22
deepseek-v3.2-think,S0,35,1,,Wrong,0.8441739384930408,target,2,D_local_zscore,semcse-null-zscore_D_final,10,10,22
deepseek-v3.2-think,S1,35,1,,Wrong,0.49943217015765223,target,3,D_local_zscore,semcse-null-zscore_D_final,10,10,22
deepseek-v3.2-think,S2,35,1,,Wrong,0.5968509641231091,target,3,D_local_zscore,semcse-null-zscore_D_final,10,10,22
deepseek-v3.2-think,S3,35,1,,Wrong,0.9291732628246541,target,3,D_local_zscore,semcse-null-zscore_D_final,10,10,22
deepseek-v3.2-think,S0,36,1,,Correct,-0.7070193594672058,target,3,D_local_zscore,semcse-null-zscore_D_final,10,10,22
deepseek-v3.2-think,S1,36,1,,Wrong,-0.662844720681201,target,3,D_local_zscore,semcse-null-zscore_D_final,10,10,22
deepseek-v3.2-think,S2,36,1,,Wrong,-0.771729447960452,target,3,D_local_zscore,semcse-null-zscore_D_final,10,10,22
deepseek-v3.2-think,S3,36,1,,Wrong,-0.7148859273540298,target,3,D_local_zscore,semcse-null-zscore_D_final,10,10,22
deepseek-v3.2-think,S0,36,2,,Wrong,0.8572975352837178,target,2,D_local_zscore,semcse-null-zscore_D_final,10,10,22
deepseek-v3.2-think,S1,36,2,,Correct,0.6155391830958948,target,2,D_local_zscore,semcse-null-zscore_D_final,10,10,22
deepseek-v3.2-think,S2,36,2,,Correct,0.5615578564934204,target,3,D_local_zscore,semcse-null-zscore_D_final,10,10,22
deepseek-v3.2-think,S3,36,2,,Correct,0.5934021067014514,target,3,D_local_zscore,semcse-null-zscore_D_final,10,10,22
deepseek-v3.2-think,S0,36,3,,Correct,-0.9499307740639548,target,3,D_local_zscore,semcse-null-zscore_D_final,10,10,22
deepseek-v3.2-think,S1,36,3,,Correct,0.5817354749160348,target,3,D_local_zscore,semcse-null-zscore_D_final,10,10,22
deepseek-v3.2-think,S2,36,3,,Correct,0.20823351520611533,target,3,D_local_zscore,semcse-null-zscore_D_final,10,10,22
deepseek-v3.2-think,S3,36,3,,Correct,0.27474359901979073,target,3,D_local_zscore,semcse-null-zscore_D_final,10,10,22
deepseek-v3.2-think,S0,37,1,,Wrong,-1.3950970413865127,target,3,D_local_zscore,semcse-null-zscore_D_final,10,10,22
deepseek-v3.2-think,S1,37,1,,Correct,0.2699173823356429,target,3,D_local_zscore,semcse-null-zscore_D_final,10,10,22
deepseek-v3.2-think,S2,37,1,,Correct,0.026922782098532605,target,3,D_local_zscore,semcse-null-zscore_D_final,10,10,22
deepseek-v3.2-think,S3,37,1,,Correct,-0.26280907809080234,target,3,D_local_zscore,semcse-null-zscore_D_final,10,10,22
deepseek-v3.2-think,S0,37,2,,Correct,0.05831548320983715,target,3,D_local_zscore,semcse-null-zscore_D_final,10,10,22
deepseek-v3.2-think,S1,37,2,,Wrong,1.008632499755537,target,3,D_local_zscore,semcse-null-zscore_D_final,10,10,22
deepseek-v3.2-think,S2,37,2,,Wrong,0.8482445813069011,target,3,D_local_zscore,semcse-null-zscore_D_final,10,10,22
deepseek-v3.2-think,S3,37,2,,Wrong,0.8885141647641573,target,2,D_local_zscore,semcse-null-zscore_D_final,10,10,22
deepseek-v3.2-think,S0,38,1,,Wrong,-1.9459451763077582,target,3,D_local_zscore,semcse-null-zscore_D_final,10,10,22
deepseek-v3.2-think,S1,38,1,,Correct,-2.0014103218527444,target,2,D_local_zscore,semcse-null-zscore_D_final,10,10,22
deepseek-v3.2-think,S2,38,1,,Correct,-1.977838208096265,target,3,D_local_zscore,semcse-null-zscore_D_final,10,10,22
deepseek-v3.2-think,S3,38,1,,Correct,-1.837633096352548,target,3,D_local_zscore,semcse-null-zscore_D_final,10,10,22
deepseek-v3.2-think,S0,38,2,,Wrong,-1.8741111481447572,target,3,D_local_zscore,semcse-null-zscore_D_final,10,10,22
deepseek-v3.2-think,S1,38,2,,Correct,-1.9205397509335778,target,2,D_local_zscore,semcse-null-zscore_D_final,10,10,22
deepseek-v3.2-think,S2,38,2,,Wrong,-1.6031363191265782,target,3,D_local_zscore,semcse-null-zscore_D_final,10,10,22
deepseek-v3.2-think,S3,38,2,,Wrong,-1.8754791515009832,target,2,D_local_zscore,semcse-null-zscore_D_final,10,10,22
deepseek-v3.2-think,S0,39,1,,Correct,-0.7361958309036942,target,2,D_local_zscore,semcse-null-zscore_D_final,10,10,22
deepseek-v3.2-think,S1,39,1,,Wrong,-1.1652171695156643,target,3,D_local_zscore,semcse-null-zscore_D_final,10,10,22
deepseek-v3.2-think,S2,39,1,,Wrong,-1.1531200338507996,target,3,D_local_zscore,semcse-null-zscore_D_final,10,10,22
deepseek-v3.2-think,S3,39,1,,Correct,-0.9806835933331443,target,3,D_local_zscore,semcse-null-zscore_D_final,10,10,22
deepseek-v3.2-think,S0,39,2,,Correct,0.8360138190413899,target,3,D_local_zscore,semcse-null-zscore_D_final,10,10,22
deepseek-v3.2-think,S1,39,2,,Correct,1.367105195457206,target,3,D_local_zscore,semcse-null-zscore_D_final,10,10,22
deepseek-v3.2-think,S2,39,2,,Correct,1.133386635717602,target,3,D_local_zscore,semcse-null-zscore_D_final,10,10,22
deepseek-v3.2-think,S3,39,2,,Correct,1.6675283642578085,target,3,D_local_zscore,semcse-null-zscore_D_final,10,10,22
deepseek-v3.2-think,S0,40,1,,Correct,0.10885880888001453,target,3,D_local_zscore,semcse-null-zscore_D_final,10,10,22
deepseek-v3.2-think,S1,40,1,,Correct,0.1974036222209622,target,3,D_local_zscore,semcse-null-zscore_D_final,10,10,22
deepseek-v3.2-think,S2,40,1,,Correct,0.24122206460681805,target,2,D_local_zscore,semcse-null-zscore_D_final,10,10,22
deepseek-v3.2-think,S3,40,1,,Correct,-0.005315214551775305,target,2,D_local_zscore,semcse-null-zscore_D_final,10,10,22
deepseek-v3.2-think,S0,40,2,,Correct,0.8541261158220994,target,3,D_local_zscore,semcse-null-zscore_D_final,10,10,22
deepseek-v3.2-think,S1,40,2,,Wrong,1.2741188817581108,target,3,D_local_zscore,semcse-null-zscore_D_final,10,10,22
deepseek-v3.2-think,S2,40,2,,Wrong,1.192182049605385,target,2,D_local_zscore,semcse-null-zscore_D_final,10,10,22
deepseek-v3.2-think,S3,40,2,,Correct,1.183585967192824,target,2,D_local_zscore,semcse-null-zscore_D_final,10,10,22
deepseek-v3.2-think,S0,40,3,,Correct,0.6161765580556295,target,3,D_local_zscore,semcse-null-zscore_D_final,10,10,22
deepseek-v3.2-think,S1,40,3,,Wrong,0.8565416990995102,target,2,D_local_zscore,semcse-null-zscore_D_final,10,10,22
deepseek-v3.2-think,S2,40,3,,Correct,0.8437255094951925,target,3,D_local_zscore,semcse-null-zscore_D_final,10,10,22
deepseek-v3.2-think,S3,40,3,,Correct,0.5265736392512759,target,3,D_local_zscore,semcse-null-zscore_D_final,10,10,22
deepseek-v3.2-think,S0,40,4,,Correct,-0.29494435933048263,target,2,D_local_zscore,semcse-null-zscore_D_final,10,10,22
deepseek-v3.2-think,S1,40,4,,Wrong,0.13701662890297228,target,3,D_local_zscore,semcse-null-zscore_D_final,10,10,22
deepseek-v3.2-think,S2,40,4,,Wrong,0.17212058734117064,target,3,D_local_zscore,semcse-null-zscore_D_final,10,10,22
deepseek-v3.2-think,S3,40,4,,Wrong,0.23473364805311892,target,3,D_local_zscore,semcse-null-zscore_D_final,10,10,22
deepseek-v3.2-think,S0,40,5,,Wrong,0.8254275843166364,target,3,D_local_zscore,semcse-null-zscore_D_final,10,10,22
deepseek-v3.2-think,S1,40,5,,Wrong,0.6904955432711033,target,3,D_local_zscore,semcse-null-zscore_D_final,10,10,22
deepseek-v3.2-think,S2,40,5,,Wrong,0.20339994362714553,target,3,D_local_zscore,semcse-null-zscore_D_final,10,10,22
deepseek-v3.2-think,S3,40,5,,Wrong,0.6188300491106833,target,3,D_local_zscore,semcse-null-zscore_D_final,10,10,22
deepseek-v3.2-think,S0,40,6,,Correct,-0.39051012895026005,target,3,D_local_zscore,semcse-null-zscore_D_final,10,10,22
deepseek-v3.2-think,S1,40,6,,Wrong,-0.5123919591637114,target,2,D_local_zscore,semcse-null-zscore_D_final,10,10,22
deepseek-v3.2-think,S2,40,6,,Correct,-0.15197280671253988,target,3,D_local_zscore,semcse-null-zscore_D_final,10,10,22
deepseek-v3.2-think,S3,40,6,,Correct,-0.31263551103732146,target,2,D_local_zscore,semcse-null-zscore_D_final,10,10,22
deepseek-v3.2-think,S0,41,1,,Correct,0.5943113601287972,target,3,D_local_zscore,semcse-null-zscore_D_final,10,10,22
deepseek-v3.2-think,S1,41,1,,Wrong,0.6066116096725912,target,3,D_local_zscore,semcse-null-zscore_D_final,10,10,22
deepseek-v3.2-think,S2,41,1,,Correct,0.8879715418658105,target,3,D_local_zscore,semcse-null-zscore_D_final,10,10,22
deepseek-v3.2-think,S3,41,1,,Correct,1.2251853684277836,target,3,D_local_zscore,semcse-null-zscore_D_final,10,10,22
deepseek-v3.2-think,S0,42,1,,Wrong,-0.114731154065986,target,3,D_local_zscore,semcse-null-zscore_D_final,10,10,22
deepseek-v3.2-think,S1,42,1,,Wrong,-0.39274137307988766,target,3,D_local_zscore,semcse-null-zscore_D_final,10,10,22
deepseek-v3.2-think,S2,42,1,,Wrong,-0.2560705314402496,target,3,D_local_zscore,semcse-null-zscore_D_final,10,10,22
deepseek-v3.2-think,S3,42,1,,Wrong,-0.1339569360271552,target,3,D_local_zscore,semcse-null-zscore_D_final,10,10,22
deepseek-v3.2-think,S0,43,1,,Wrong,-0.9059481385227256,target,3,D_local_zscore,semcse-null-zscore_D_final,10,10,22
deepseek-v3.2-think,S1,43,1,,Wrong,-0.7846920808350087,target,2,D_local_zscore,semcse-null-zscore_D_final,10,10,22
deepseek-v3.2-think,S2,43,1,,Wrong,-0.6086897824490682,target,3,D_local_zscore,semcse-null-zscore_D_final,10,10,22
deepseek-v3.2-think,S3,43,1,,Wrong,-0.3761758191243212,target,3,D_local_zscore,semcse-null-zscore_D_final,10,10,22
deepseek-v3.2-think,S0,44,1,,Wrong,0.9100145259115007,target,3,D_local_zscore,semcse-null-zscore_D_final,10,10,22
deepseek-v3.2-think,S1,44,1,,Wrong,0.19259776948388596,target,2,D_local_zscore,semcse-null-zscore_D_final,10,10,22
deepseek-v3.2-think,S2,44,1,,Correct,0.5609488339831709,target,3,D_local_zscore,semcse-null-zscore_D_final,10,10,22
deepseek-v3.2-think,S3,44,1,,Correct,0.2717777749694037,target,3,D_local_zscore,semcse-null-zscore_D_final,10,10,22
deepseek-v3.2-think,S0,45,1,,Correct,2.3188697640415206,target,3,D_local_zscore,semcse-null-zscore_D_final,10,10,22
deepseek-v3.2-think,S1,45,1,,Correct,2.5330974606875776,target,3,D_local_zscore,semcse-null-zscore_D_final,10,10,22
deepseek-v3.2-think,S2,45,1,,Correct,2.6408225684035704,target,3,D_local_zscore,semcse-null-zscore_D_final,10,10,22
deepseek-v3.2-think,S3,45,1,,Correct,2.7434964164579307,target,3,D_local_zscore,semcse-null-zscore_D_final,10,10,22
deepseek-v3.2-think,S0,45,2,,Wrong,0.20669023114878265,target,3,D_local_zscore,semcse-null-zscore_D_final,10,10,22
deepseek-v3.2-think,S1,45,2,,Wrong,1.00646517480206,target,3,D_local_zscore,semcse-null-zscore_D_final,10,10,22
deepseek-v3.2-think,S2,45,2,,Wrong,0.8063711254948559,target,2,D_local_zscore,semcse-null-zscore_D_final,10,10,22
deepseek-v3.2-think,S3,45,2,,Wrong,0.5242240588322487,target,2,D_local_zscore,semcse-null-zscore_D_final,10,10,22
deepseek-v3.2-think,S0,45,3,,Wrong,0.32163491038729336,target,3,D_local_zscore,semcse-null-zscore_D_final,10,10,22
deepseek-v3.2-think,S1,45,3,,Wrong,-0.1802170302183705,target,3,D_local_zscore,semcse-null-zscore_D_final,10,10,22
deepseek-v3.2-think,S2,45,3,,Wrong,-0.08360042131965713,target,3,D_local_zscore,semcse-null-zscore_D_final,10,10,22
deepseek-v3.2-think,S3,45,3,,Wrong,0.003961519768399313,target,2,D_local_zscore,semcse-null-zscore_D_final,10,10,22
deepseek-v3.2-think,S0,46,1,,Correct,0.422041848644955,target,3,D_local_zscore,semcse-null-zscore_D_final,10,10,22
deepseek-v3.2-think,S1,46,1,,Correct,0.682149490465189,target,3,D_local_zscore,semcse-null-zscore_D_final,10,10,22
deepseek-v3.2-think,S2,46,1,,Correct,0.6465135420465498,target,3,D_local_zscore,semcse-null-zscore_D_final,10,10,22
deepseek-v3.2-think,S3,46,1,,Correct,0.40727549599554097,target,3,D_local_zscore,semcse-null-zscore_D_final,10,10,22
deepseek-v3.2-think,S0,46,2,,Correct,-0.07448083478218295,target,3,D_local_zscore,semcse-null-zscore_D_final,10,10,22
deepseek-v3.2-think,S1,46,2,,Correct,-0.22838040093950107,target,3,D_local_zscore,semcse-null-zscore_D_final,10,10,22
deepseek-v3.2-think,S2,46,2,,Correct,0.01602179202473203,target,3,D_local_zscore,semcse-null-zscore_D_final,10,10,22
deepseek-v3.2-think,S3,46,2,,Correct,0.15556782352242743,target,3,D_local_zscore,semcse-null-zscore_D_final,10,10,22
deepseek-v3.2-think,S0,47,1,,Correct,-0.4429862972533817,target,3,D_local_zscore,semcse-null-zscore_D_final,10,10,22
deepseek-v3.2-think,S1,47,1,,Correct,0.05322056670147576,target,3,D_local_zscore,semcse-null-zscore_D_final,10,10,22
deepseek-v3.2-think,S2,47,1,,Correct,-0.16607351753374816,target,3,D_local_zscore,semcse-null-zscore_D_final,10,10,22
deepseek-v3.2-think,S3,47,1,,Correct,0.0950252199979239,target,3,D_local_zscore,semcse-null-zscore_D_final,10,10,22
deepseek-v3.2-think,S0,47,2,,Correct,-1.6092183712456154,target,3,D_local_zscore,semcse-null-zscore_D_final,10,10,22
deepseek-v3.2-think,S1,47,2,,Correct,-1.497377318242413,target,3,D_local_zscore,semcse-null-zscore_D_final,10,10,22
deepseek-v3.2-think,S2,47,2,,Correct,-1.3603389023101078,target,3,D_local_zscore,semcse-null-zscore_D_final,10,10,22
deepseek-v3.2-think,S3,47,2,,Correct,-1.175529805406343,target,3,D_local_zscore,semcse-null-zscore_D_final,10,10,22
deepseek-v3.2-think,S0,48,1,,Correct,-0.22356622797329306,target,3,D_local_zscore,semcse-null-zscore_D_final,10,10,22
deepseek-v3.2-think,S1,48,1,,Wrong,-0.45465526644399806,target,3,D_local_zscore,semcse-null-zscore_D_final,10,10,22
deepseek-v3.2-think,S2,48,1,,Wrong,-0.669494541693832,target,3,D_local_zscore,semcse-null-zscore_D_final,10,10,22
deepseek-v3.2-think,S3,48,1,,Correct,0.08690353889148694,target,3,D_local_zscore,semcse-null-zscore_D_final,10,10,22
deepseek-v3.2-think,S0,48,2,,Wrong,-1.5129138589622797,target,2,D_local_zscore,semcse-null-zscore_D_final,10,10,22
deepseek-v3.2-think,S1,48,2,,Correct,-1.0774090226903659,target,3,D_local_zscore,semcse-null-zscore_D_final,10,10,22
deepseek-v3.2-think,S2,48,2,,Correct,-0.9110825863700889,target,3,D_local_zscore,semcse-null-zscore_D_final,10,10,22
deepseek-v3.2-think,S3,48,2,,Correct,-1.8058024884567359,target,2,D_local_zscore,semcse-null-zscore_D_final,10,10,22
deepseek-v3.2-think,S0,49,1,,Wrong,0.6705999657577402,target,2,D_local_zscore,semcse-null-zscore_D_final,10,10,22
deepseek-v3.2-think,S1,49,1,,Correct,0.9667287002515931,target,3,D_local_zscore,semcse-null-zscore_D_final,10,10,22
deepseek-v3.2-think,S2,49,1,,Correct,0.8011762148826229,target,3,D_local_zscore,semcse-null-zscore_D_final,10,10,22
deepseek-v3.2-think,S3,49,1,,Correct,0.9500228669199206,target,3,D_local_zscore,semcse-null-zscore_D_final,10,10,22
deepseek-v3.2-think,S0,50,1,,Wrong,1.136684750933505,target,2,D_local_zscore,semcse-null-zscore_D_final,10,10,22
deepseek-v3.2-think,S1,50,1,,Correct,-0.1583880174236082,target,2,D_local_zscore,semcse-null-zscore_D_final,10,10,22
deepseek-v3.2-think,S2,50,1,,Correct,0.6558532619137255,target,3,D_local_zscore,semcse-null-zscore_D_final,10,10,22
deepseek-v3.2-think,S3,50,1,,Correct,1.2658419352208117,target,3,D_local_zscore,semcse-null-zscore_D_final,10,10,22
deepseek-v3.2-think,S0,51,1,,Wrong,-0.04013471245564948,target,3,D_local_zscore,semcse-null-zscore_D_final,10,10,22
deepseek-v3.2-think,S1,51,1,,Wrong,0.14216488643936342,target,2,D_local_zscore,semcse-null-zscore_D_final,10,10,22
deepseek-v3.2-think,S2,51,1,,Correct,0.35262669916748546,target,3,D_local_zscore,semcse-null-zscore_D_final,10,10,22
deepseek-v3.2-think,S3,51,1,,Correct,0.6624928517819659,target,3,D_local_zscore,semcse-null-zscore_D_final,10,10,22
deepseek-v3.2-think,S0,52,1,,Correct,2.7009089446492123,target,3,D_local_zscore,semcse-null-zscore_D_final,10,10,22
deepseek-v3.2-think,S1,52,1,,Correct,2.3778562446047085,target,2,D_local_zscore,semcse-null-zscore_D_final,10,10,22
deepseek-v3.2-think,S2,52,1,,Correct,2.7613018936446774,target,2,D_local_zscore,semcse-null-zscore_D_final,10,10,22
deepseek-v3.2-think,S3,52,1,,Wrong,2.4212796237571093,target,3,D_local_zscore,semcse-null-zscore_D_final,10,10,22
deepseek-v3.2-think,S0,53,1,,Wrong,1.563947815695329,target,3,D_local_zscore,semcse-null-zscore_D_final,10,10,22
deepseek-v3.2-think,S1,53,1,,Correct,1.628946317040597,target,3,D_local_zscore,semcse-null-zscore_D_final,10,10,22
deepseek-v3.2-think,S2,53,1,,Correct,1.6819017954488984,target,3,D_local_zscore,semcse-null-zscore_D_final,10,10,22
deepseek-v3.2-think,S3,53,1,,Correct,1.6226785608802534,target,3,D_local_zscore,semcse-null-zscore_D_final,10,10,22
deepseek-v3.2-think,S0,53,2,,Correct,1.0591962644885753,target,3,D_local_zscore,semcse-null-zscore_D_final,10,10,22
deepseek-v3.2-think,S1,53,2,,Correct,1.8411185335819034,target,3,D_local_zscore,semcse-null-zscore_D_final,10,10,22
deepseek-v3.2-think,S2,53,2,,Correct,1.9229837706930641,target,3,D_local_zscore,semcse-null-zscore_D_final,10,10,22
deepseek-v3.2-think,S3,53,2,,Correct,1.8219561959378812,target,3,D_local_zscore,semcse-null-zscore_D_final,10,10,22
deepseek-v3.2-think,S0,54,1,,Wrong,0.368660239359461,target,3,D_local_zscore,semcse-null-zscore_D_final,10,10,22
deepseek-v3.2-think,S1,54,1,,Correct,0.32309844300924584,target,3,D_local_zscore,semcse-null-zscore_D_final,10,10,22
deepseek-v3.2-think,S2,54,1,,Correct,0.33846450762882657,target,3,D_local_zscore,semcse-null-zscore_D_final,10,10,22
deepseek-v3.2-think,S3,54,1,,Correct,0.4440329685673928,target,3,D_local_zscore,semcse-null-zscore_D_final,10,10,22
deepseek-v3.2-think,S0,54,2,,Correct,0.43058113200305576,target,3,D_local_zscore,semcse-null-zscore_D_final,10,10,22
deepseek-v3.2-think,S1,54,2,,Correct,1.3650031802757947,target,3,D_local_zscore,semcse-null-zscore_D_final,10,10,22
deepseek-v3.2-think,S2,54,2,,Correct,1.1269393513407475,target,3,D_local_zscore,semcse-null-zscore_D_final,10,10,22
deepseek-v3.2-think,S3,54,2,,Correct,0.7028757734649204,target,3,D_local_zscore,semcse-null-zscore_D_final,10,10,22
deepseek-v3.2-think,S0,55,1,,Wrong,-0.7156317006288098,target,2,D_local_zscore,semcse-null-zscore_D_final,10,10,22
deepseek-v3.2-think,S1,55,1,,Correct,-0.6418439724300284,target,3,D_local_zscore,semcse-null-zscore_D_final,10,10,22
deepseek-v3.2-think,S2,55,1,,Correct,-0.7797635557965262,target,3,D_local_zscore,semcse-null-zscore_D_final,10,10,22
deepseek-v3.2-think,S3,55,1,,Correct,-0.20567534388221514,target,2,D_local_zscore,semcse-null-zscore_D_final,10,10,22
deepseek-v3.2-think,S0,55,2,,Correct,0.49123021147256185,target,3,D_local_zscore,semcse-null-zscore_D_final,10,10,22
deepseek-v3.2-think,S1,55,2,,Correct,1.5342438636061992,target,3,D_local_zscore,semcse-null-zscore_D_final,10,10,22
deepseek-v3.2-think,S2,55,2,,Correct,1.505224349116714,target,3,D_local_zscore,semcse-null-zscore_D_final,10,10,22
deepseek-v3.2-think,S3,55,2,,Correct,1.2261593086675089,target,3,D_local_zscore,semcse-null-zscore_D_final,10,10,22
deepseek-v3.2-think,S0,56,1,,Correct,-0.6601924748859656,target,3,D_local_zscore,semcse-null-zscore_D_final,10,10,22
deepseek-v3.2-think,S1,56,1,,Wrong,-1.4909842503137765,target,3,D_local_zscore,semcse-null-zscore_D_final,10,10,22
deepseek-v3.2-think,S2,56,1,,Wrong,-1.5012555023253746,target,3,D_local_zscore,semcse-null-zscore_D_final,10,10,22
deepseek-v3.2-think,S3,56,1,,Wrong,-1.8081663924774452,target,3,D_local_zscore,semcse-null-zscore_D_final,10,10,22
deepseek-v3.2-think,S0,56,2,,Correct,-0.131722903939553,target,3,D_local_zscore,semcse-null-zscore_D_final,10,10,22
deepseek-v3.2-think,S1,56,2,,Correct,-0.1528387784643935,target,3,D_local_zscore,semcse-null-zscore_D_final,10,10,22
deepseek-v3.2-think,S2,56,2,,Wrong,-0.5755049910486076,target,2,D_local_zscore,semcse-null-zscore_D_final,10,10,22
deepseek-v3.2-think,S3,56,2,,Correct,0.3774271253031972,target,2,D_local_zscore,semcse-null-zscore_D_final,10,10,22
deepseek-v3.2-think,S0,57,1,,Wrong,-0.9838319647780951,target,3,D_local_zscore,semcse-null-zscore_D_final,10,10,22
deepseek-v3.2-think,S1,57,1,,Correct,-0.6632605365152104,target,3,D_local_zscore,semcse-null-zscore_D_final,10,10,22
deepseek-v3.2-think,S2,57,1,,Correct,-0.4278662635308771,target,3,D_local_zscore,semcse-null-zscore_D_final,10,10,22
deepseek-v3.2-think,S3,57,1,,Correct,-0.4804439709614904,target,3,D_local_zscore,semcse-null-zscore_D_final,10,10,22
deepseek-v3.2-think,S0,57,2,,Wrong,-2.0988904162194837,target,3,D_local_zscore,semcse-null-zscore_D_final,10,10,22
deepseek-v3.2-think,S1,57,2,,Wrong,-2.1767130309224267,target,3,D_local_zscore,semcse-null-zscore_D_final,10,10,22
deepseek-v3.2-think,S2,57,2,,Wrong,-1.8905202161295902,target,3,D_local_zscore,semcse-null-zscore_D_final,10,10,22
deepseek-v3.2-think,S3,57,2,,Wrong,-1.6805500152347421,target,3,D_local_zscore,semcse-null-zscore_D_final,10,10,22
deepseek-v3.2-think,S0,58,1,,Correct,-0.4246083875675413,target,3,D_local_zscore,semcse-null-zscore_D_final,10,10,22
deepseek-v3.2-think,S1,58,1,,Correct,-0.1820554718444488,target,3,D_local_zscore,semcse-null-zscore_D_final,10,10,22
deepseek-v3.2-think,S2,58,1,,Correct,-0.20447558306867208,target,3,D_local_zscore,semcse-null-zscore_D_final,10,10,22
deepseek-v3.2-think,S3,58,1,,Correct,-0.27675023805482046,target,3,D_local_zscore,semcse-null-zscore_D_final,10,10,22
deepseek-v3.2-think,S0,58,2,,Correct,0.8364442821143789,target,3,D_local_zscore,semcse-null-zscore_D_final,10,10,22
deepseek-v3.2-think,S1,58,2,,Correct,0.4791462968427129,target,3,D_local_zscore,semcse-null-zscore_D_final,10,10,22
deepseek-v3.2-think,S2,58,2,,Correct,0.5855087893648585,target,3,D_local_zscore,semcse-null-zscore_D_final,10,10,22
deepseek-v3.2-think,S3,58,2,,Correct,0.6974365844597356,target,3,D_local_zscore,semcse-null-zscore_D_final,10,10,22
deepseek-v3.2-think,S0,59,1,,Correct,-0.4198884704241751,target,2,D_local_zscore,semcse-null-zscore_D_final,10,10,22
deepseek-v3.2-think,S1,59,1,,Correct,-0.46899025531888794,target,3,D_local_zscore,semcse-null-zscore_D_final,10,10,22
deepseek-v3.2-think,S2,59,1,,Correct,-0.48352908113247656,target,3,D_local_zscore,semcse-null-zscore_D_final,10,10,22
deepseek-v3.2-think,S3,59,1,,Correct,-0.5845766076096313,target,3,D_local_zscore,semcse-null-zscore_D_final,10,10,22
deepseek-v3.2-think,S0,59,2,,Correct,0.3871965942767029,target,3,D_local_zscore,semcse-null-zscore_D_final,10,10,22
deepseek-v3.2-think,S1,59,2,,Correct,0.8044210118393162,target,3,D_local_zscore,semcse-null-zscore_D_final,10,10,22
deepseek-v3.2-think,S2,59,2,,Correct,0.8342368908790455,target,3,D_local_zscore,semcse-null-zscore_D_final,10,10,22
deepseek-v3.2-think,S3,59,2,,Correct,0.664370764698615,target,3,D_local_zscore,semcse-null-zscore_D_final,10,10,22
deepseek-v3.2-think,S0,60,1,,Correct,-0.44704256799024333,target,2,D_local_zscore,semcse-null-zscore_D_final,10,10,22
deepseek-v3.2-think,S1,60,1,,Correct,-0.3718367929204758,target,3,D_local_zscore,semcse-null-zscore_D_final,10,10,22
deepseek-v3.2-think,S2,60,1,,Correct,-0.5237295257984165,target,3,D_local_zscore,semcse-null-zscore_D_final,10,10,22
deepseek-v3.2-think,S3,60,1,,Correct,-0.5782157585553978,target,3,D_local_zscore,semcse-null-zscore_D_final,10,10,22
deepseek-v3.2-think,S0,60,2,,Correct,1.2700846646642447,target,3,D_local_zscore,semcse-null-zscore_D_final,10,10,22
deepseek-v3.2-think,S1,60,2,,Correct,2.1107562082551214,target,3,D_local_zscore,semcse-null-zscore_D_final,10,10,22
deepseek-v3.2-think,S2,60,2,,Correct,1.9770728468379675,target,3,D_local_zscore,semcse-null-zscore_D_final,10,10,22
deepseek-v3.2-think,S3,60,2,,Correct,1.4001930249567012,target,3,D_local_zscore,semcse-null-zscore_D_final,10,10,22
deepseek-v3.2-think,S0,61,1,,Wrong,-1.1138476078312878,target,2,D_local_zscore,semcse-null-zscore_D_final,10,10,22
deepseek-v3.2-think,S1,61,1,,Correct,-1.0521938740183607,target,3,D_local_zscore,semcse-null-zscore_D_final,10,10,22
deepseek-v3.2-think,S2,61,1,,Correct,-0.8274698214387908,target,3,D_local_zscore,semcse-null-zscore_D_final,10,10,22
deepseek-v3.2-think,S3,61,1,,Correct,-1.4602928650886573,target,3,D_local_zscore,semcse-null-zscore_D_final,10,10,22
deepseek-v3.2-think,S0,61,2,,Correct,0.8306042744443654,target,3,D_local_zscore,semcse-null-zscore_D_final,10,10,22
deepseek-v3.2-think,S1,61,2,,Correct,1.0848943801157092,target,3,D_local_zscore,semcse-null-zscore_D_final,10,10,22
deepseek-v3.2-think,S2,61,2,,Correct,1.150531951118255,target,3,D_local_zscore,semcse-null-zscore_D_final,10,10,22
deepseek-v3.2-think,S3,61,2,,Correct,1.2791988543713333,target,3,D_local_zscore,semcse-null-zscore_D_final,10,10,22
deepseek-v3.2-think,S0,62,1,,Wrong,0.5168710801050593,target,3,D_local_zscore,semcse-null-zscore_D_final,10,10,22
deepseek-v3.2-think,S1,62,1,,Correct,0.9313878890431424,target,3,D_local_zscore,semcse-null-zscore_D_final,10,10,22
deepseek-v3.2-think,S2,62,1,,Correct,0.564706081610242,target,3,D_local_zscore,semcse-null-zscore_D_final,10,10,22
deepseek-v3.2-think,S3,62,1,,Correct,1.1483666778133923,target,3,D_local_zscore,semcse-null-zscore_D_final,10,10,22
deepseek-v3.2-think,S0,62,2,,Wrong,0.7804007184756234,target,3,D_local_zscore,semcse-null-zscore_D_final,10,10,22
deepseek-v3.2-think,S1,62,2,,Correct,0.9800488814237891,target,3,D_local_zscore,semcse-null-zscore_D_final,10,10,22
deepseek-v3.2-think,S2,62,2,,Correct,1.1230939647375149,target,3,D_local_zscore,semcse-null-zscore_D_final,10,10,22
deepseek-v3.2-think,S3,62,2,,Correct,0.9614785226938596,target,3,D_local_zscore,semcse-null-zscore_D_final,10,10,22
deepseek-v3.2-think,S0,63,1,,Wrong,0.5358902772157688,target,2,D_local_zscore,semcse-null-zscore_D_final,10,10,22
deepseek-v3.2-think,S1,63,1,,Correct,0.9599029508697485,target,3,D_local_zscore,semcse-null-zscore_D_final,10,10,22
deepseek-v3.2-think,S2,63,1,,Correct,0.8993977328884395,target,3,D_local_zscore,semcse-null-zscore_D_final,10,10,22
deepseek-v3.2-think,S3,63,1,,Correct,0.8657418421119294,target,3,D_local_zscore,semcse-null-zscore_D_final,10,10,22
deepseek-v3.2-think,S0,63,2,,Wrong,0.8213352028077734,target,3,D_local_zscore,semcse-null-zscore_D_final,10,10,22
deepseek-v3.2-think,S1,63,2,,Correct,0.953670219911986,target,3,D_local_zscore,semcse-null-zscore_D_final,10,10,22
deepseek-v3.2-think,S2,63,2,,Correct,0.9585851541821928,target,3,D_local_zscore,semcse-null-zscore_D_final,10,10,22
deepseek-v3.2-think,S3,63,2,,Correct,0.7865962849018882,target,3,D_local_zscore,semcse-null-zscore_D_final,10,10,22
deepseek-v3.2-think,S0,64,1,,Correct,0.6605769518479677,target,3,D_local_zscore,semcse-null-zscore_D_final,10,10,22
deepseek-v3.2-think,S1,64,1,,Correct,1.0165471786176403,target,3,D_local_zscore,semcse-null-zscore_D_final,10,10,22
deepseek-v3.2-think,S2,64,1,,Correct,0.9199919470764509,target,3,D_local_zscore,semcse-null-zscore_D_final,10,10,22
deepseek-v3.2-think,S3,64,1,,Correct,0.8489147507156103,target,3,D_local_zscore,semcse-null-zscore_D_final,10,10,22
deepseek-v3.2-think,S0,64,2,,Correct,0.43225840562434226,target,3,D_local_zscore,semcse-null-zscore_D_final,10,10,22
deepseek-v3.2-think,S1,64,2,,Wrong,-0.44645899462179484,target,3,D_local_zscore,semcse-null-zscore_D_final,10,10,22
deepseek-v3.2-think,S2,64,2,,Correct,0.15142582878857636,target,3,D_local_zscore,semcse-null-zscore_D_final,10,10,22
deepseek-v3.2-think,S3,64,2,,Correct,0.007778221207818348,target,3,D_local_zscore,semcse-null-zscore_D_final,10,10,22
grok-4.3,S0,1,1,,Correct,0.019997988064238248,target,3,D_local_zscore,semcse-null-zscore_D_final,10,10,22
grok-4.3,S1,1,1,,Wrong,-0.4234817179721402,target,3,D_local_zscore,semcse-null-zscore_D_final,10,10,22
grok-4.3,S2,1,1,,Correct,0.10288845086078124,target,3,D_local_zscore,semcse-null-zscore_D_final,10,10,22
grok-4.3,S3,1,1,,Correct,-0.4627867996235432,target,3,D_local_zscore,semcse-null-zscore_D_final,10,10,22
grok-4.3,S0,1,2,,Correct,0.7458107380080161,target,2,D_local_zscore,semcse-null-zscore_D_final,10,10,22
grok-4.3,S1,1,2,,Correct,0.916666999526335,target,3,D_local_zscore,semcse-null-zscore_D_final,10,10,22
grok-4.3,S2,1,2,,Correct,1.1368301240765752,target,3,D_local_zscore,semcse-null-zscore_D_final,10,10,22
grok-4.3,S3,1,2,,Correct,0.8591562278966534,target,3,D_local_zscore,semcse-null-zscore_D_final,10,10,22
grok-4.3,S0,1,3,,Wrong,0.7569485190505001,target,3,D_local_zscore,semcse-null-zscore_D_final,10,10,22
grok-4.3,S1,1,3,,Correct,0.6690244785890795,target,3,D_local_zscore,semcse-null-zscore_D_final,10,10,22
grok-4.3,S2,1,3,,Correct,0.8983254887714536,target,3,D_local_zscore,semcse-null-zscore_D_final,10,10,22
grok-4.3,S3,1,3,,Correct,0.9185416956381895,target,3,D_local_zscore,semcse-null-zscore_D_final,10,10,22
grok-4.3,S0,1,4,,Correct,1.0463371913667707,target,3,D_local_zscore,semcse-null-zscore_D_final,10,10,22
grok-4.3,S1,1,4,,Wrong,1.3847356517211646,target,3,D_local_zscore,semcse-null-zscore_D_final,10,10,22
grok-4.3,S2,1,4,,Correct,1.226867241749893,target,2,D_local_zscore,semcse-null-zscore_D_final,10,10,22
grok-4.3,S3,1,4,,Correct,1.1542087915487387,target,3,D_local_zscore,semcse-null-zscore_D_final,10,10,22
grok-4.3,S0,1,5,,Wrong,-0.15976247507904617,target,3,D_local_zscore,semcse-null-zscore_D_final,10,10,22
grok-4.3,S1,1,5,,Wrong,-0.09377187532116937,target,2,D_local_zscore,semcse-null-zscore_D_final,10,10,22
grok-4.3,S2,1,5,,Correct,0.7484430599454576,target,3,D_local_zscore,semcse-null-zscore_D_final,10,10,22
grok-4.3,S3,1,5,,Correct,0.5272029723476414,target,3,D_local_zscore,semcse-null-zscore_D_final,10,10,22
grok-4.3,S0,2,1,,Wrong,1.405322993990906,target,3,D_local_zscore,semcse-null-zscore_D_final,10,10,22
grok-4.3,S1,2,1,,Correct,2.095063252702802,target,3,D_local_zscore,semcse-null-zscore_D_final,10,10,22
grok-4.3,S2,2,1,,Correct,2.139772658302711,target,3,D_local_zscore,semcse-null-zscore_D_final,10,10,22
grok-4.3,S3,2,1,,Correct,2.2144942360475226,target,2,D_local_zscore,semcse-null-zscore_D_final,10,10,22
grok-4.3,S0,3,1,,Wrong,1.1735273543004294,target,2,D_local_zscore,semcse-null-zscore_D_final,10,10,22
grok-4.3,S1,3,1,,Wrong,0.7364008839880289,target,3,D_local_zscore,semcse-null-zscore_D_final,10,10,22
grok-4.3,S2,3,1,,Correct,2.40629813158729,target,3,D_local_zscore,semcse-null-zscore_D_final,10,10,22
grok-4.3,S3,3,1,,Correct,2.982354418636077,target,3,D_local_zscore,semcse-null-zscore_D_final,10,10,22
grok-4.3,S0,3,2,,Correct,2.834506321096915,target,3,D_local_zscore,semcse-null-zscore_D_final,10,10,22
grok-4.3,S1,3,2,,Correct,1.7527241501354103,target,3,D_local_zscore,semcse-null-zscore_D_final,10,10,22
grok-4.3,S2,3,2,,Correct,3.6291250526473844,target,3,D_local_zscore,semcse-null-zscore_D_final,10,10,22
grok-4.3,S3,3,2,,Correct,3.8738688768252425,target,3,D_local_zscore,semcse-null-zscore_D_final,10,10,22
grok-4.3,S0,4,1,,Correct,1.4171480295969685,target,2,D_local_zscore,semcse-null-zscore_D_final,10,10,22
grok-4.3,S1,4,1,,Wrong,0.7982642595371452,target,3,D_local_zscore,semcse-null-zscore_D_final,10,10,22
grok-4.3,S2,4,1,,Wrong,0.7249011348184583,target,2,D_local_zscore,semcse-null-zscore_D_final,10,10,22
grok-4.3,S3,4,1,,Correct,1.111934691859029,target,3,D_local_zscore,semcse-null-zscore_D_final,10,10,22
grok-4.3,S0,4,2,,Correct,1.3557200078501357,target,3,D_local_zscore,semcse-null-zscore_D_final,10,10,22
grok-4.3,S1,4,2,,Wrong,1.061651184619868,target,3,D_local_zscore,semcse-null-zscore_D_final,10,10,22
grok-4.3,S2,4,2,,Correct,1.2189928154167227,target,2,D_local_zscore,semcse-null-zscore_D_final,10,10,22
grok-4.3,S3,4,2,,Wrong,0.96207745173358,target,2,D_local_zscore,semcse-null-zscore_D_final,10,10,22
grok-4.3,S0,4,3,,Correct,1.2590192827943618,target,3,D_local_zscore,semcse-null-zscore_D_final,10,10,22
grok-4.3,S1,4,3,,Correct,0.7536248765504354,target,3,D_local_zscore,semcse-null-zscore_D_final,10,10,22
grok-4.3,S2,4,3,,Correct,0.5264033832826056,target,3,D_local_zscore,semcse-null-zscore_D_final,10,10,22
grok-4.3,S3,4,3,,Correct,0.6213021854927729,target,3,D_local_zscore,semcse-null-zscore_D_final,10,10,22
grok-4.3,S0,5,1,,Correct,0.9094945635341438,target,2,D_local_zscore,semcse-null-zscore_D_final,10,10,22
grok-4.3,S1,5,1,,Wrong,-0.06420970764394296,target,3,D_local_zscore,semcse-null-zscore_D_final,10,10,22
grok-4.3,S2,5,1,,Wrong,-0.25534537680616354,target,3,D_local_zscore,semcse-null-zscore_D_final,10,10,22
grok-4.3,S3,5,1,,Wrong,-0.10752477345666955,target,3,D_local_zscore,semcse-null-zscore_D_final,10,10,22
grok-4.3,S0,5,2,,Correct,1.1630872995761128,target,3,D_local_zscore,semcse-null-zscore_D_final,10,10,22
grok-4.3,S1,5,2,,Correct,0.38542043373287727,target,3,D_local_zscore,semcse-null-zscore_D_final,10,10,22
grok-4.3,S2,5,2,,Correct,0.4823461975671497,target,3,D_local_zscore,semcse-null-zscore_D_final,10,10,22
grok-4.3,S3,5,2,,Correct,0.6067436642966666,target,3,D_local_zscore,semcse-null-zscore_D_final,10,10,22
grok-4.3,S0,5,3,,Wrong,1.045726620967184,target,3,D_local_zscore,semcse-null-zscore_D_final,10,10,22
grok-4.3,S1,5,3,,Correct,0.4601317925806767,target,3,D_local_zscore,semcse-null-zscore_D_final,10,10,22
grok-4.3,S2,5,3,,Correct,0.6130869333332944,target,3,D_local_zscore,semcse-null-zscore_D_final,10,10,22
grok-4.3,S3,5,3,,Correct,0.7786845036634844,target,3,D_local_zscore,semcse-null-zscore_D_final,10,10,22
grok-4.3,S0,6,1,,Correct,0.6063307862349261,target,2,D_local_zscore,semcse-null-zscore_D_final,10,10,22
grok-4.3,S1,6,1,,Correct,0.31866324195806395,target,3,D_local_zscore,semcse-null-zscore_D_final,10,10,22
grok-4.3,S2,6,1,,Correct,0.6588830048911409,target,3,D_local_zscore,semcse-null-zscore_D_final,10,10,22
grok-4.3,S3,6,1,,Correct,1.1382076649390798,target,3,D_local_zscore,semcse-null-zscore_D_final,10,10,22
grok-4.3,S0,6,2,,Correct,-0.6509607332441514,target,3,D_local_zscore,semcse-null-zscore_D_final,10,10,22
grok-4.3,S1,6,2,,Wrong,-0.6665928288491573,target,3,D_local_zscore,semcse-null-zscore_D_final,10,10,22
grok-4.3,S2,6,2,,Wrong,-1.2172005955216552,target,2,D_local_zscore,semcse-null-zscore_D_final,10,10,22
grok-4.3,S3,6,2,,Wrong,-0.5722670843739446,target,3,D_local_zscore,semcse-null-zscore_D_final,10,10,22
grok-4.3,S0,6,3,,Correct,1.36384273877216,target,3,D_local_zscore,semcse-null-zscore_D_final,10,10,22
grok-4.3,S1,6,3,,Correct,1.1718448208165848,target,3,D_local_zscore,semcse-null-zscore_D_final,10,10,22
grok-4.3,S2,6,3,,Correct,0.8283372187892832,target,3,D_local_zscore,semcse-null-zscore_D_final,10,10,22
grok-4.3,S3,6,3,,Correct,0.9463421640445047,target,3,D_local_zscore,semcse-null-zscore_D_final,10,10,22
grok-4.3,S0,7,1,,Correct,0.9722490083976069,target,3,D_local_zscore,semcse-null-zscore_D_final,10,10,22
grok-4.3,S1,7,1,,Correct,0.6326031345923767,target,2,D_local_zscore,semcse-null-zscore_D_final,10,10,22
grok-4.3,S2,7,1,,Correct,0.5394167747261946,target,3,D_local_zscore,semcse-null-zscore_D_final,10,10,22
grok-4.3,S3,7,1,,Correct,0.6661404932205192,target,3,D_local_zscore,semcse-null-zscore_D_final,10,10,22
grok-4.3,S0,7,2,,Wrong,1.6428302392716638,target,3,D_local_zscore,semcse-null-zscore_D_final,10,10,22
grok-4.3,S1,7,2,,Correct,1.2093590465707154,target,2,D_local_zscore,semcse-null-zscore_D_final,10,10,22
grok-4.3,S2,7,2,,Correct,1.072528253300613,target,2,D_local_zscore,semcse-null-zscore_D_final,10,10,22
grok-4.3,S3,7,2,,Wrong,1.1521993669011494,target,2,D_local_zscore,semcse-null-zscore_D_final,10,10,22
grok-4.3,S0,7,3,,Wrong,-0.6998153341410704,target,3,D_local_zscore,semcse-null-zscore_D_final,10,10,22
grok-4.3,S1,7,3,,Wrong,-0.4078841646346124,target,3,D_local_zscore,semcse-null-zscore_D_final,10,10,22
grok-4.3,S2,7,3,,Wrong,-0.46906614227229393,target,3,D_local_zscore,semcse-null-zscore_D_final,10,10,22
grok-4.3,S3,7,3,,Wrong,-0.7792105885060381,target,3,D_local_zscore,semcse-null-zscore_D_final,10,10,22
grok-4.3,S0,7,4,,Correct,-0.08687442051826966,target,3,D_local_zscore,semcse-null-zscore_D_final,10,10,22
grok-4.3,S1,7,4,,Correct,-0.6639995415113459,target,3,D_local_zscore,semcse-null-zscore_D_final,10,10,22
grok-4.3,S2,7,4,,Correct,-0.6713289882821041,target,3,D_local_zscore,semcse-null-zscore_D_final,10,10,22
grok-4.3,S3,7,4,,Correct,-0.4119741744850872,target,3,D_local_zscore,semcse-null-zscore_D_final,10,10,22
grok-4.3,S0,7,5,,Correct,0.6367041595461065,target,3,D_local_zscore,semcse-null-zscore_D_final,10,10,22
grok-4.3,S1,7,5,,Correct,0.693918805346439,target,3,D_local_zscore,semcse-null-zscore_D_final,10,10,22
grok-4.3,S2,7,5,,Correct,0.7428399481124426,target,3,D_local_zscore,semcse-null-zscore_D_final,10,10,22
grok-4.3,S3,7,5,,Correct,0.8100633086100363,target,3,D_local_zscore,semcse-null-zscore_D_final,10,10,22
grok-4.3,S0,7,6,,Wrong,-0.7990630065950477,target,3,D_local_zscore,semcse-null-zscore_D_final,10,10,22
grok-4.3,S1,7,6,,Wrong,-1.1936842885273549,target,3,D_local_zscore,semcse-null-zscore_D_final,10,10,22
grok-4.3,S2,7,6,,Wrong,-0.6268012630746413,target,2,D_local_zscore,semcse-null-zscore_D_final,10,10,22
grok-4.3,S3,7,6,,Wrong,-0.9042554198963162,target,3,D_local_zscore,semcse-null-zscore_D_final,10,10,22
grok-4.3,S0,7,7,,Wrong,1.5477440711658645,target,3,D_local_zscore,semcse-null-zscore_D_final,10,10,22
grok-4.3,S1,7,7,,Wrong,1.5731749351534505,target,3,D_local_zscore,semcse-null-zscore_D_final,10,10,22
grok-4.3,S2,7,7,,Wrong,1.5335122636440497,target,3,D_local_zscore,semcse-null-zscore_D_final,10,10,22
grok-4.3,S3,7,7,,Wrong,1.5975413371298202,target,3,D_local_zscore,semcse-null-zscore_D_final,10,10,22
grok-4.3,S0,7,8,,Correct,0.25135282281016524,target,3,D_local_zscore,semcse-null-zscore_D_final,10,10,22
grok-4.3,S1,7,8,,Correct,0.1253129959155801,target,3,D_local_zscore,semcse-null-zscore_D_final,10,10,22
grok-4.3,S2,7,8,,Correct,-0.044011197701905536,target,3,D_local_zscore,semcse-null-zscore_D_final,10,10,22
grok-4.3,S3,7,8,,Correct,0.5401121783176731,target,3,D_local_zscore,semcse-null-zscore_D_final,10,10,22
grok-4.3,S0,7,9,,Correct,1.246368992180508,target,3,D_local_zscore,semcse-null-zscore_D_final,10,10,22
grok-4.3,S1,7,9,,Correct,1.3747473485278356,target,3,D_local_zscore,semcse-null-zscore_D_final,10,10,22
grok-4.3,S2,7,9,,Correct,1.777157989918094,target,3,D_local_zscore,semcse-null-zscore_D_final,10,10,22
grok-4.3,S3,7,9,,Correct,1.9617046428376155,target,3,D_local_zscore,semcse-null-zscore_D_final,10,10,22
grok-4.3,S0,7,10,,Wrong,-0.6312913290255804,target,3,D_local_zscore,semcse-null-zscore_D_final,10,10,22
grok-4.3,S1,7,10,,Wrong,0.1567180476144996,target,3,D_local_zscore,semcse-null-zscore_D_final,10,10,22
grok-4.3,S2,7,10,,Wrong,0.6584314141378981,target,3,D_local_zscore,semcse-null-zscore_D_final,10,10,22
grok-4.3,S3,7,10,,Wrong,0.8946364770203198,target,3,D_local_zscore,semcse-null-zscore_D_final,10,10,22
grok-4.3,S0,7,11,,Correct,1.0157092645580328,target,2,D_local_zscore,semcse-null-zscore_D_final,10,10,22
grok-4.3,S1,7,11,,Wrong,0.9613908686607135,target,3,D_local_zscore,semcse-null-zscore_D_final,10,10,22
grok-4.3,S2,7,11,,Wrong,1.2987485102015803,target,2,D_local_zscore,semcse-null-zscore_D_final,10,10,22
grok-4.3,S3,7,11,,Correct,1.155475721447559,target,2,D_local_zscore,semcse-null-zscore_D_final,10,10,22
grok-4.3,S0,8,1,,Correct,0.9363460613433235,target,2,D_local_zscore,semcse-null-zscore_D_final,10,10,22
grok-4.3,S1,8,1,,Correct,0.9387395558726233,target,3,D_local_zscore,semcse-null-zscore_D_final,10,10,22
grok-4.3,S2,8,1,,Correct,1.2784991476622993,target,3,D_local_zscore,semcse-null-zscore_D_final,10,10,22
grok-4.3,S3,8,1,,Correct,1.3679599313072022,target,3,D_local_zscore,semcse-null-zscore_D_final,10,10,22
grok-4.3,S0,8,2,,Wrong,0.6696892624958573,target,3,D_local_zscore,semcse-null-zscore_D_final,10,10,22
grok-4.3,S1,8,2,,Correct,1.5734641456168617,target,3,D_local_zscore,semcse-null-zscore_D_final,10,10,22
grok-4.3,S2,8,2,,Correct,1.4419779996125606,target,3,D_local_zscore,semcse-null-zscore_D_final,10,10,22
grok-4.3,S3,8,2,,Correct,1.1336419094849957,target,3,D_local_zscore,semcse-null-zscore_D_final,10,10,22
grok-4.3,S0,8,3,,Correct,0.6473802365283696,target,3,D_local_zscore,semcse-null-zscore_D_final,10,10,22
grok-4.3,S1,8,3,,Wrong,-0.6841345254670516,target,3,D_local_zscore,semcse-null-zscore_D_final,10,10,22
grok-4.3,S2,8,3,,Wrong,-0.4879707780697363,target,3,D_local_zscore,semcse-null-zscore_D_final,10,10,22
grok-4.3,S3,8,3,,Wrong,-0.13389881179704344,target,3,D_local_zscore,semcse-null-zscore_D_final,10,10,22
grok-4.3,S0,8,4,,Correct,-0.30470680705538145,target,3,D_local_zscore,semcse-null-zscore_D_final,10,10,22
grok-4.3,S1,8,4,,Wrong,-0.8638763832912195,target,3,D_local_zscore,semcse-null-zscore_D_final,10,10,22
grok-4.3,S2,8,4,,Wrong,-1.013195113543823,target,3,D_local_zscore,semcse-null-zscore_D_final,10,10,22
grok-4.3,S3,8,4,,Wrong,-1.2809190223089664,target,3,D_local_zscore,semcse-null-zscore_D_final,10,10,22
grok-4.3,S0,9,1,,Correct,0.3346361520081689,target,3,D_local_zscore,semcse-null-zscore_D_final,10,10,22
grok-4.3,S1,9,1,,Correct,0.4960096678386432,target,3,D_local_zscore,semcse-null-zscore_D_final,10,10,22
grok-4.3,S2,9,1,,Correct,0.4830614213774289,target,3,D_local_zscore,semcse-null-zscore_D_final,10,10,22
grok-4.3,S3,9,1,,Correct,0.48843324397365717,target,3,D_local_zscore,semcse-null-zscore_D_final,10,10,22
grok-4.3,S0,9,2,,Wrong,0.7375868605448705,target,3,D_local_zscore,semcse-null-zscore_D_final,10,10,22
grok-4.3,S1,9,2,,Wrong,0.7973720460766034,target,3,D_local_zscore,semcse-null-zscore_D_final,10,10,22
grok-4.3,S2,9,2,,Wrong,0.4847903267263558,target,3,D_local_zscore,semcse-null-zscore_D_final,10,10,22
grok-4.3,S3,9,2,,Wrong,0.6712746228245672,target,3,D_local_zscore,semcse-null-zscore_D_final,10,10,22
grok-4.3,S0,9,3,,Wrong,1.003241527896141,target,3,D_local_zscore,semcse-null-zscore_D_final,10,10,22
grok-4.3,S1,9,3,,Correct,0.8398281366097629,target,3,D_local_zscore,semcse-null-zscore_D_final,10,10,22
grok-4.3,S2,9,3,,Correct,0.9914526702055533,target,3,D_local_zscore,semcse-null-zscore_D_final,10,10,22
grok-4.3,S3,9,3,,Correct,0.9956052853346398,target,3,D_local_zscore,semcse-null-zscore_D_final,10,10,22
grok-4.3,S0,10,1,,Correct,1.6282212926288024,target,3,D_local_zscore,semcse-null-zscore_D_final,10,10,22
grok-4.3,S1,10,1,,Wrong,0.6837458883165417,target,3,D_local_zscore,semcse-null-zscore_D_final,10,10,22
grok-4.3,S2,10,1,,Wrong,0.7713634730594544,target,3,D_local_zscore,semcse-null-zscore_D_final,10,10,22
grok-4.3,S3,10,1,,Wrong,0.9425372384440871,target,3,D_local_zscore,semcse-null-zscore_D_final,10,10,22
grok-4.3,S0,10,2,,Correct,1.935179604877386,target,3,D_local_zscore,semcse-null-zscore_D_final,10,10,22
grok-4.3,S1,10,2,,Wrong,1.4374305072314568,target,3,D_local_zscore,semcse-null-zscore_D_final,10,10,22
grok-4.3,S2,10,2,,Wrong,1.4587066899429257,target,3,D_local_zscore,semcse-null-zscore_D_final,10,10,22
grok-4.3,S3,10,2,,Wrong,1.478432676979307,target,3,D_local_zscore,semcse-null-zscore_D_final,10,10,22
grok-4.3,S0,11,1,,Correct,0.9241696583289805,target,2,D_local_zscore,semcse-null-zscore_D_final,10,10,22
grok-4.3,S1,11,1,,Wrong,0.7858564460977412,target,3,D_local_zscore,semcse-null-zscore_D_final,10,10,22
grok-4.3,S2,11,1,,Wrong,0.5142141914315117,target,3,D_local_zscore,semcse-null-zscore_D_final,10,10,22
grok-4.3,S3,11,1,,Wrong,1.5106348474963254,target,2,D_local_zscore,semcse-null-zscore_D_final,10,10,22
grok-4.3,S0,12,1,,Wrong,0.07872504298092797,target,3,D_local_zscore,semcse-null-zscore_D_final,10,10,22
grok-4.3,S1,12,1,,Wrong,-0.10190608343739632,target,3,D_local_zscore,semcse-null-zscore_D_final,10,10,22
grok-4.3,S2,12,1,,Correct,0.3669080592974706,target,3,D_local_zscore,semcse-null-zscore_D_final,10,10,22
grok-4.3,S3,12,1,,Correct,0.41543198064507914,target,2,D_local_zscore,semcse-null-zscore_D_final,10,10,22
grok-4.3,S0,13,1,,Correct,2.63005118576363,target,3,D_local_zscore,semcse-null-zscore_D_final,10,10,22
grok-4.3,S1,13,1,,Wrong,2.3406804185411016,target,3,D_local_zscore,semcse-null-zscore_D_final,10,10,22
grok-4.3,S2,13,1,,Correct,2.269165781791131,target,3,D_local_zscore,semcse-null-zscore_D_final,10,10,22
grok-4.3,S3,13,1,,Correct,2.1374936773664097,target,3,D_local_zscore,semcse-null-zscore_D_final,10,10,22
grok-4.3,S0,13,2,,Correct,-0.6414069337395121,target,3,D_local_zscore,semcse-null-zscore_D_final,10,10,22
grok-4.3,S1,13,2,,Wrong,-0.39561480361369133,target,2,D_local_zscore,semcse-null-zscore_D_final,10,10,22
grok-4.3,S2,13,2,,Correct,-0.3262991030313253,target,3,D_local_zscore,semcse-null-zscore_D_final,10,10,22
grok-4.3,S3,13,2,,Correct,-0.19784479394070448,target,3,D_local_zscore,semcse-null-zscore_D_final,10,10,22
grok-4.3,S0,13,3,,Wrong,1.0443085161968857,target,2,D_local_zscore,semcse-null-zscore_D_final,10,10,22
grok-4.3,S1,13,3,,Wrong,0.16758462777071897,target,2,D_local_zscore,semcse-null-zscore_D_final,10,10,22
grok-4.3,S2,13,3,,Correct,-0.41913785539877596,target,3,D_local_zscore,semcse-null-zscore_D_final,10,10,22
grok-4.3,S3,13,3,,Wrong,-0.7533726659648882,target,2,D_local_zscore,semcse-null-zscore_D_final,10,10,22
grok-4.3,S0,14,1,,Wrong,0.020002787135323944,target,3,D_local_zscore,semcse-null-zscore_D_final,10,10,22
grok-4.3,S1,14,1,,Correct,0.4177658720786791,target,3,D_local_zscore,semcse-null-zscore_D_final,10,10,22
grok-4.3,S2,14,1,,Correct,0.5616557623805236,target,3,D_local_zscore,semcse-null-zscore_D_final,10,10,22
grok-4.3,S3,14,1,,Correct,1.0211530166508225,target,3,D_local_zscore,semcse-null-zscore_D_final,10,10,22
grok-4.3,S0,15,1,,Wrong,-2.95135333340753,target,3,D_local_zscore,semcse-null-zscore_D_final,10,10,22
grok-4.3,S1,15,1,,Correct,-2.509336850974196,target,2,D_local_zscore,semcse-null-zscore_D_final,10,10,22
grok-4.3,S2,15,1,,Wrong,-2.732132673110492,target,3,D_local_zscore,semcse-null-zscore_D_final,10,10,22
grok-4.3,S3,15,1,,Wrong,-1.384532540211684,target,3,D_local_zscore,semcse-null-zscore_D_final,10,10,22
grok-4.3,S0,16,1,,Correct,1.8434507446303356,target,3,D_local_zscore,semcse-null-zscore_D_final,10,10,22
grok-4.3,S1,16,1,,Correct,1.8438025248704786,target,3,D_local_zscore,semcse-null-zscore_D_final,10,10,22
grok-4.3,S2,16,1,,Correct,1.8836891295106828,target,3,D_local_zscore,semcse-null-zscore_D_final,10,10,22
grok-4.3,S3,16,1,,Correct,1.8170070974862638,target,3,D_local_zscore,semcse-null-zscore_D_final,10,10,22
grok-4.3,S0,17,1,,Wrong,-0.8924992863813115,target,3,D_local_zscore,semcse-null-zscore_D_final,10,10,22
grok-4.3,S1,17,1,,Correct,-0.7761322120505633,target,3,D_local_zscore,semcse-null-zscore_D_final,10,10,22
grok-4.3,S2,17,1,,Correct,-0.46982262007028486,target,3,D_local_zscore,semcse-null-zscore_D_final,10,10,22
grok-4.3,S3,17,1,,Correct,-0.17918318945314443,target,3,D_local_zscore,semcse-null-zscore_D_final,10,10,22
grok-4.3,S0,18,1,,Correct,1.5954992655822018,target,3,D_local_zscore,semcse-null-zscore_D_final,10,10,22
grok-4.3,S1,18,1,,Correct,1.6306073281813038,target,3,D_local_zscore,semcse-null-zscore_D_final,10,10,22
grok-4.3,S2,18,1,,Correct,2.0444015241558993,target,3,D_local_zscore,semcse-null-zscore_D_final,10,10,22
grok-4.3,S3,18,1,,Correct,2.294683024916148,target,3,D_local_zscore,semcse-null-zscore_D_final,10,10,22
grok-4.3,S0,19,1,,Correct,-0.05700773944753741,target,3,D_local_zscore,semcse-null-zscore_D_final,10,10,22
grok-4.3,S1,19,1,,Correct,0.3649924935830486,target,3,D_local_zscore,semcse-null-zscore_D_final,10,10,22
grok-4.3,S2,19,1,,Correct,0.1385880944253601,target,3,D_local_zscore,semcse-null-zscore_D_final,10,10,22
grok-4.3,S3,19,1,,Correct,0.6968976559193951,target,3,D_local_zscore,semcse-null-zscore_D_final,10,10,22
grok-4.3,S0,20,1,,Correct,0.43591632878311115,target,3,D_local_zscore,semcse-null-zscore_D_final,10,10,22
grok-4.3,S1,20,1,,Wrong,1.8168362009990153,target,3,D_local_zscore,semcse-null-zscore_D_final,10,10,22
grok-4.3,S2,20,1,,Wrong,1.3418898289859897,target,3,D_local_zscore,semcse-null-zscore_D_final,10,10,22
grok-4.3,S3,20,1,,Correct,1.000158433139688,target,2,D_local_zscore,semcse-null-zscore_D_final,10,10,22
grok-4.3,S0,21,1,,Correct,0.27319299496741517,target,3,D_local_zscore,semcse-null-zscore_D_final,10,10,22
grok-4.3,S1,21,1,,Correct,-0.2270707862481472,target,2,D_local_zscore,semcse-null-zscore_D_final,10,10,22
grok-4.3,S2,21,1,,Correct,-0.006077151919003987,target,3,D_local_zscore,semcse-null-zscore_D_final,10,10,22
grok-4.3,S3,21,1,,Correct,-0.6707437853805578,target,3,D_local_zscore,semcse-null-zscore_D_final,10,10,22
grok-4.3,S0,22,1,,Wrong,0.8561882053960639,target,3,D_local_zscore,semcse-null-zscore_D_final,10,10,22
grok-4.3,S1,22,1,,Correct,0.22202680290895693,target,3,D_local_zscore,semcse-null-zscore_D_final,10,10,22
grok-4.3,S2,22,1,,Correct,0.4772927840739427,target,3,D_local_zscore,semcse-null-zscore_D_final,10,10,22
grok-4.3,S3,22,1,,Correct,0.6341446360179104,target,3,D_local_zscore,semcse-null-zscore_D_final,10,10,22
grok-4.3,S0,23,1,,Wrong,0.6452216535801045,target,3,D_local_zscore,semcse-null-zscore_D_final,10,10,22
grok-4.3,S1,23,1,,Correct,0.2702141485613103,target,3,D_local_zscore,semcse-null-zscore_D_final,10,10,22
grok-4.3,S2,23,1,,Correct,0.025771647988585222,target,3,D_local_zscore,semcse-null-zscore_D_final,10,10,22
grok-4.3,S3,23,1,,Correct,0.8493352597179216,target,3,D_local_zscore,semcse-null-zscore_D_final,10,10,22
grok-4.3,S0,24,1,,Wrong,0.15765039647726908,target,3,D_local_zscore,semcse-null-zscore_D_final,10,10,22
grok-4.3,S1,24,1,,Correct,-0.9125940187191213,target,3,D_local_zscore,semcse-null-zscore_D_final,10,10,22
grok-4.3,S2,24,1,,Correct,-0.5127162812904076,target,3,D_local_zscore,semcse-null-zscore_D_final,10,10,22
grok-4.3,S3,24,1,,Correct,-0.4620338441330758,target,3,D_local_zscore,semcse-null-zscore_D_final,10,10,22
grok-4.3,S0,25,1,,Correct,-0.5678491692293439,target,3,D_local_zscore,semcse-null-zscore_D_final,10,10,22
grok-4.3,S1,25,1,,Correct,-0.6559301611633332,target,2,D_local_zscore,semcse-null-zscore_D_final,10,10,22
grok-4.3,S2,25,1,,Correct,-0.8384547942641223,target,3,D_local_zscore,semcse-null-zscore_D_final,10,10,22
grok-4.3,S3,25,1,,Correct,-0.3133377867316936,target,3,D_local_zscore,semcse-null-zscore_D_final,10,10,22
grok-4.3,S0,25,2,,Correct,3.1276425032881843,target,3,D_local_zscore,semcse-null-zscore_D_final,10,10,22
grok-4.3,S1,25,2,,Correct,2.0207370757970766,target,3,D_local_zscore,semcse-null-zscore_D_final,10,10,22
grok-4.3,S2,25,2,,Correct,2.268356396892656,target,3,D_local_zscore,semcse-null-zscore_D_final,10,10,22
grok-4.3,S3,25,2,,Correct,2.6325693181448986,target,3,D_local_zscore,semcse-null-zscore_D_final,10,10,22
grok-4.3,S0,26,1,,Correct,0.9415135371308518,target,3,D_local_zscore,semcse-null-zscore_D_final,10,10,22
grok-4.3,S1,26,1,,Correct,1.3646768874101884,target,2,D_local_zscore,semcse-null-zscore_D_final,10,10,22
grok-4.3,S2,26,1,,Correct,0.9878440492724336,target,3,D_local_zscore,semcse-null-zscore_D_final,10,10,22
grok-4.3,S3,26,1,,Correct,1.3590021456938608,target,3,D_local_zscore,semcse-null-zscore_D_final,10,10,22
grok-4.3,S0,26,2,,Wrong,-0.45363624977271494,target,3,D_local_zscore,semcse-null-zscore_D_final,10,10,22
grok-4.3,S1,26,2,,Correct,-1.0271447188206415,target,3,D_local_zscore,semcse-null-zscore_D_final,10,10,22
grok-4.3,S2,26,2,,Correct,-0.4889719454255633,target,3,D_local_zscore,semcse-null-zscore_D_final,10,10,22
grok-4.3,S3,26,2,,Correct,0.7777300654431045,target,3,D_local_zscore,semcse-null-zscore_D_final,10,10,22
grok-4.3,S0,26,3,,Wrong,-0.23213934516369203,target,3,D_local_zscore,semcse-null-zscore_D_final,10,10,22
grok-4.3,S1,26,3,,Correct,-0.5501828311953805,target,3,D_local_zscore,semcse-null-zscore_D_final,10,10,22
grok-4.3,S2,26,3,,Correct,-0.6223982627926716,target,3,D_local_zscore,semcse-null-zscore_D_final,10,10,22
grok-4.3,S3,26,3,,Correct,1.0553466752401803,target,3,D_local_zscore,semcse-null-zscore_D_final,10,10,22
grok-4.3,S0,26,4,,Correct,3.025022160349293,target,3,D_local_zscore,semcse-null-zscore_D_final,10,10,22
grok-4.3,S1,26,4,,Correct,1.8753342961569686,target,3,D_local_zscore,semcse-null-zscore_D_final,10,10,22
grok-4.3,S2,26,4,,Correct,1.9381239216705866,target,3,D_local_zscore,semcse-null-zscore_D_final,10,10,22
grok-4.3,S3,26,4,,Correct,1.866990002761229,target,3,D_local_zscore,semcse-null-zscore_D_final,10,10,22
grok-4.3,S0,27,1,,Correct,-0.4969438900483482,target,3,D_local_zscore,semcse-null-zscore_D_final,10,10,22
grok-4.3,S1,27,1,,Correct,-0.25824394858348915,target,3,D_local_zscore,semcse-null-zscore_D_final,10,10,22
grok-4.3,S2,27,1,,Correct,-0.21865838858708672,target,3,D_local_zscore,semcse-null-zscore_D_final,10,10,22
grok-4.3,S3,27,1,,Correct,0.4005781401854407,target,3,D_local_zscore,semcse-null-zscore_D_final,10,10,22
grok-4.3,S0,27,2,,Correct,-0.651777664421522,target,2,D_local_zscore,semcse-null-zscore_D_final,10,10,22
grok-4.3,S1,27,2,,Correct,-0.4339561849082383,target,3,D_local_zscore,semcse-null-zscore_D_final,10,10,22
grok-4.3,S2,27,2,,Correct,-0.6803357750052681,target,3,D_local_zscore,semcse-null-zscore_D_final,10,10,22
grok-4.3,S3,27,2,,Correct,0.45788792487539853,target,3,D_local_zscore,semcse-null-zscore_D_final,10,10,22
grok-4.3,S0,27,3,,Wrong,0.19382576383792038,target,2,D_local_zscore,semcse-null-zscore_D_final,10,10,22
grok-4.3,S1,27,3,,Correct,-0.19142894203838154,target,3,D_local_zscore,semcse-null-zscore_D_final,10,10,22
grok-4.3,S2,27,3,,Correct,-0.5783104115760913,target,3,D_local_zscore,semcse-null-zscore_D_final,10,10,22
grok-4.3,S3,27,3,,Correct,0.7132294468651661,target,3,D_local_zscore,semcse-null-zscore_D_final,10,10,22
grok-4.3,S0,27,4,,Correct,2.607715764871109,target,3,D_local_zscore,semcse-null-zscore_D_final,10,10,22
grok-4.3,S1,27,4,,Correct,2.7901135539946127,target,3,D_local_zscore,semcse-null-zscore_D_final,10,10,22
grok-4.3,S2,27,4,,Correct,2.7427670130024073,target,3,D_local_zscore,semcse-null-zscore_D_final,10,10,22
grok-4.3,S3,27,4,,Correct,2.9279339611968407,target,3,D_local_zscore,semcse-null-zscore_D_final,10,10,22
grok-4.3,S0,28,1,,Correct,-0.2648990545438336,target,2,D_local_zscore,semcse-null-zscore_D_final,10,10,22
grok-4.3,S1,28,1,,Wrong,0.4345026922858871,target,3,D_local_zscore,semcse-null-zscore_D_final,10,10,22
grok-4.3,S2,28,1,,Wrong,-0.39354075761061075,target,3,D_local_zscore,semcse-null-zscore_D_final,10,10,22
grok-4.3,S3,28,1,,Wrong,-1.1075363617937126,target,3,D_local_zscore,semcse-null-zscore_D_final,10,10,22
grok-4.3,S0,28,2,,Correct,-0.4314369323421937,target,3,D_local_zscore,semcse-null-zscore_D_final,10,10,22
grok-4.3,S1,28,2,,Correct,0.15645605042919247,target,3,D_local_zscore,semcse-null-zscore_D_final,10,10,22
grok-4.3,S2,28,2,,Correct,-0.030517761679513866,target,3,D_local_zscore,semcse-null-zscore_D_final,10,10,22
grok-4.3,S3,28,2,,Correct,-0.5800460430539174,target,3,D_local_zscore,semcse-null-zscore_D_final,10,10,22
grok-4.3,S0,29,1,,Correct,0.8083510243793802,target,2,D_local_zscore,semcse-null-zscore_D_final,10,10,22
grok-4.3,S1,29,1,,Correct,1.905431049813573,target,3,D_local_zscore,semcse-null-zscore_D_final,10,10,22
grok-4.3,S2,29,1,,Correct,1.673049249020548,target,3,D_local_zscore,semcse-null-zscore_D_final,10,10,22
grok-4.3,S3,29,1,,Correct,1.2016326956336152,target,2,D_local_zscore,semcse-null-zscore_D_final,10,10,22
grok-4.3,S0,29,2,,Correct,-0.6988507979130361,target,3,D_local_zscore,semcse-null-zscore_D_final,10,10,22
grok-4.3,S1,29,2,,Correct,0.5433464082456605,target,3,D_local_zscore,semcse-null-zscore_D_final,10,10,22
grok-4.3,S2,29,2,,Correct,0.13628719709227732,target,3,D_local_zscore,semcse-null-zscore_D_final,10,10,22
grok-4.3,S3,29,2,,Correct,-0.5805349945181054,target,3,D_local_zscore,semcse-null-zscore_D_final,10,10,22
grok-4.3,S0,30,1,,Correct,-0.36711405692235,target,3,D_local_zscore,semcse-null-zscore_D_final,10,10,22
grok-4.3,S1,30,1,,Correct,-0.06050816133774493,target,3,D_local_zscore,semcse-null-zscore_D_final,10,10,22
grok-4.3,S2,30,1,,Correct,0.24666809667808276,target,3,D_local_zscore,semcse-null-zscore_D_final,10,10,22
grok-4.3,S3,30,1,,Correct,0.3687875076920515,target,3,D_local_zscore,semcse-null-zscore_D_final,10,10,22
grok-4.3,S0,30,2,,Correct,-0.7889085815066184,target,3,D_local_zscore,semcse-null-zscore_D_final,10,10,22
grok-4.3,S1,30,2,,Correct,0.7783593418433472,target,3,D_local_zscore,semcse-null-zscore_D_final,10,10,22
grok-4.3,S2,30,2,,Correct,0.4557169440658332,target,3,D_local_zscore,semcse-null-zscore_D_final,10,10,22
grok-4.3,S3,30,2,,Correct,0.1333867340678524,target,3,D_local_zscore,semcse-null-zscore_D_final,10,10,22
grok-4.3,S0,31,1,,Correct,1.5691565832061607,target,3,D_local_zscore,semcse-null-zscore_D_final,10,10,22
grok-4.3,S1,31,1,,Correct,1.8464482461491138,target,3,D_local_zscore,semcse-null-zscore_D_final,10,10,22
grok-4.3,S2,31,1,,Correct,1.29925587027103,target,3,D_local_zscore,semcse-null-zscore_D_final,10,10,22
grok-4.3,S3,31,1,,Correct,2.057547661955664,target,3,D_local_zscore,semcse-null-zscore_D_final,10,10,22
grok-4.3,S0,32,1,,Wrong,0.3407395644990815,target,3,D_local_zscore,semcse-null-zscore_D_final,10,10,22
grok-4.3,S1,32,1,,Correct,0.5346301250455231,target,3,D_local_zscore,semcse-null-zscore_D_final,10,10,22
grok-4.3,S2,32,1,,Correct,0.904573323296364,target,3,D_local_zscore,semcse-null-zscore_D_final,10,10,22
grok-4.3,S3,32,1,,Correct,1.8159602211678305,target,3,D_local_zscore,semcse-null-zscore_D_final,10,10,22
grok-4.3,S0,33,1,,Wrong,2.022382055023579,target,2,D_local_zscore,semcse-null-zscore_D_final,10,10,22
grok-4.3,S1,33,1,,Correct,0.8341071397845772,target,3,D_local_zscore,semcse-null-zscore_D_final,10,10,22
grok-4.3,S2,33,1,,Correct,1.534276641945032,target,3,D_local_zscore,semcse-null-zscore_D_final,10,10,22
grok-4.3,S3,33,1,,Correct,1.3341721480013156,target,3,D_local_zscore,semcse-null-zscore_D_final,10,10,22
grok-4.3,S0,34,1,,Correct,-0.2129586654810046,target,2,D_local_zscore,semcse-null-zscore_D_final,10,10,22
grok-4.3,S1,34,1,,Correct,-0.30034883212471936,target,3,D_local_zscore,semcse-null-zscore_D_final,10,10,22
grok-4.3,S2,34,1,,Correct,-0.43764083204145365,target,3,D_local_zscore,semcse-null-zscore_D_final,10,10,22
grok-4.3,S3,34,1,,Correct,0.29240272416561724,target,3,D_local_zscore,semcse-null-zscore_D_final,10,10,22
grok-4.3,S0,35,1,,Wrong,1.3130691932836653,target,2,D_local_zscore,semcse-null-zscore_D_final,10,10,22
grok-4.3,S1,35,1,,Wrong,0.867116851025649,target,3,D_local_zscore,semcse-null-zscore_D_final,10,10,22
grok-4.3,S2,35,1,,Wrong,1.0009297819859988,target,3,D_local_zscore,semcse-null-zscore_D_final,10,10,22
grok-4.3,S3,35,1,,Wrong,0.9842750023538083,target,3,D_local_zscore,semcse-null-zscore_D_final,10,10,22
grok-4.3,S0,36,1,,Correct,-0.4264595260819599,target,3,D_local_zscore,semcse-null-zscore_D_final,10,10,22
grok-4.3,S1,36,1,,Correct,-0.2385985294469713,target,3,D_local_zscore,semcse-null-zscore_D_final,10,10,22
grok-4.3,S2,36,1,,Correct,-0.34802388284438185,target,3,D_local_zscore,semcse-null-zscore_D_final,10,10,22
grok-4.3,S3,36,1,,Correct,-0.37527719282804134,target,3,D_local_zscore,semcse-null-zscore_D_final,10,10,22
grok-4.3,S0,36,2,,Wrong,0.6000273565415042,target,2,D_local_zscore,semcse-null-zscore_D_final,10,10,22
grok-4.3,S1,36,2,,Wrong,0.6759963442512134,target,2,D_local_zscore,semcse-null-zscore_D_final,10,10,22
grok-4.3,S2,36,2,,Wrong,0.5858524884485756,target,3,D_local_zscore,semcse-null-zscore_D_final,10,10,22
grok-4.3,S3,36,2,,Wrong,1.269224971580643,target,3,D_local_zscore,semcse-null-zscore_D_final,10,10,22
grok-4.3,S0,36,3,,Correct,-0.6122399963231722,target,3,D_local_zscore,semcse-null-zscore_D_final,10,10,22
grok-4.3,S1,36,3,,Correct,0.14165677604360127,target,3,D_local_zscore,semcse-null-zscore_D_final,10,10,22
grok-4.3,S2,36,3,,Correct,-0.23178461146208795,target,3,D_local_zscore,semcse-null-zscore_D_final,10,10,22
grok-4.3,S3,36,3,,Correct,0.16441408967531213,target,3,D_local_zscore,semcse-null-zscore_D_final,10,10,22
grok-4.3,S0,37,1,,Wrong,-1.2121657667333179,target,3,D_local_zscore,semcse-null-zscore_D_final,10,10,22
grok-4.3,S1,37,1,,Correct,0.18299982563644945,target,3,D_local_zscore,semcse-null-zscore_D_final,10,10,22
grok-4.3,S2,37,1,,Correct,0.057264584120599316,target,3,D_local_zscore,semcse-null-zscore_D_final,10,10,22
grok-4.3,S3,37,1,,Correct,0.6080250711494766,target,3,D_local_zscore,semcse-null-zscore_D_final,10,10,22
grok-4.3,S0,37,2,,Correct,0.6705319761537586,target,3,D_local_zscore,semcse-null-zscore_D_final,10,10,22
grok-4.3,S1,37,2,,Wrong,0.8130239668788483,target,3,D_local_zscore,semcse-null-zscore_D_final,10,10,22
grok-4.3,S2,37,2,,Wrong,1.1182500064770549,target,3,D_local_zscore,semcse-null-zscore_D_final,10,10,22
grok-4.3,S3,37,2,,Wrong,1.7992233739281693,target,3,D_local_zscore,semcse-null-zscore_D_final,10,10,22
grok-4.3,S0,38,1,,Wrong,-1.4646587304387575,target,3,D_local_zscore,semcse-null-zscore_D_final,10,10,22
grok-4.3,S1,38,1,,Correct,-1.5283521051509459,target,3,D_local_zscore,semcse-null-zscore_D_final,10,10,22
grok-4.3,S2,38,1,,Correct,-2.386861089167273,target,3,D_local_zscore,semcse-null-zscore_D_final,10,10,22
grok-4.3,S3,38,1,,Correct,-2.178218765789194,target,3,D_local_zscore,semcse-null-zscore_D_final,10,10,22
grok-4.3,S0,38,2,,Wrong,-1.7863911820062641,target,3,D_local_zscore,semcse-null-zscore_D_final,10,10,22
grok-4.3,S1,38,2,,Wrong,-2.0358547137455814,target,2,D_local_zscore,semcse-null-zscore_D_final,10,10,22
grok-4.3,S2,38,2,,Wrong,-1.980510377835601,target,3,D_local_zscore,semcse-null-zscore_D_final,10,10,22
grok-4.3,S3,38,2,,Wrong,-1.8678829920491782,target,3,D_local_zscore,semcse-null-zscore_D_final,10,10,22
grok-4.3,S0,39,1,,Correct,-0.8257741252666505,target,2,D_local_zscore,semcse-null-zscore_D_final,10,10,22
grok-4.3,S1,39,1,,Wrong,-1.5016885197514598,target,2,D_local_zscore,semcse-null-zscore_D_final,10,10,22
grok-4.3,S2,39,1,,Correct,-0.9660864692736596,target,2,D_local_zscore,semcse-null-zscore_D_final,10,10,22
grok-4.3,S3,39,1,,Correct,-1.089774588699519,target,3,D_local_zscore,semcse-null-zscore_D_final,10,10,22
grok-4.3,S0,39,2,,Wrong,0.6070742894422746,target,3,D_local_zscore,semcse-null-zscore_D_final,10,10,22
grok-4.3,S1,39,2,,Correct,1.2239811145942667,target,3,D_local_zscore,semcse-null-zscore_D_final,10,10,22
grok-4.3,S2,39,2,,Correct,1.5029562039435764,target,3,D_local_zscore,semcse-null-zscore_D_final,10,10,22
grok-4.3,S3,39,2,,Correct,1.585311170371443,target,3,D_local_zscore,semcse-null-zscore_D_final,10,10,22
grok-4.3,S0,40,1,,Correct,0.8082567573103793,target,3,D_local_zscore,semcse-null-zscore_D_final,10,10,22
grok-4.3,S1,40,1,,Correct,0.3420214886010964,target,3,D_local_zscore,semcse-null-zscore_D_final,10,10,22
grok-4.3,S2,40,1,,Correct,0.6794674648773967,target,3,D_local_zscore,semcse-null-zscore_D_final,10,10,22
grok-4.3,S3,40,1,,Correct,0.5911226704610667,target,3,D_local_zscore,semcse-null-zscore_D_final,10,10,22
grok-4.3,S0,40,2,,Correct,0.7451690966693219,target,3,D_local_zscore,semcse-null-zscore_D_final,10,10,22
grok-4.3,S1,40,2,,Wrong,1.0814427281610592,target,3,D_local_zscore,semcse-null-zscore_D_final,10,10,22
grok-4.3,S2,40,2,,Wrong,1.368849653329221,target,3,D_local_zscore,semcse-null-zscore_D_final,10,10,22
grok-4.3,S3,40,2,,Wrong,1.2331595014490904,target,3,D_local_zscore,semcse-null-zscore_D_final,10,10,22
grok-4.3,S0,40,3,,Correct,0.47139177532067944,target,3,D_local_zscore,semcse-null-zscore_D_final,10,10,22
grok-4.3,S1,40,3,,Correct,1.0403345664447654,target,2,D_local_zscore,semcse-null-zscore_D_final,10,10,22
grok-4.3,S2,40,3,,Correct,0.6586838087972755,target,3,D_local_zscore,semcse-null-zscore_D_final,10,10,22
grok-4.3,S3,40,3,,Correct,0.4266918335119755,target,3,D_local_zscore,semcse-null-zscore_D_final,10,10,22
grok-4.3,S0,40,4,,Wrong,0.8022271660477518,target,3,D_local_zscore,semcse-null-zscore_D_final,10,10,22
grok-4.3,S1,40,4,,Wrong,0.254163561775118,target,3,D_local_zscore,semcse-null-zscore_D_final,10,10,22
grok-4.3,S2,40,4,,Wrong,0.25580318048415773,target,3,D_local_zscore,semcse-null-zscore_D_final,10,10,22
grok-4.3,S3,40,4,,Wrong,0.742412707830049,target,3,D_local_zscore,semcse-null-zscore_D_final,10,10,22
grok-4.3,S0,40,5,,Wrong,1.178553040226212,target,3,D_local_zscore,semcse-null-zscore_D_final,10,10,22
grok-4.3,S1,40,5,,Wrong,0.6134671025438516,target,3,D_local_zscore,semcse-null-zscore_D_final,10,10,22
grok-4.3,S2,40,5,,Wrong,0.3249262485605696,target,3,D_local_zscore,semcse-null-zscore_D_final,10,10,22
grok-4.3,S3,40,5,,Wrong,0.24434898256610071,target,3,D_local_zscore,semcse-null-zscore_D_final,10,10,22
grok-4.3,S0,40,6,,Correct,-0.35372095313848684,target,3,D_local_zscore,semcse-null-zscore_D_final,10,10,22
grok-4.3,S1,40,6,,Correct,-0.3438173032568057,target,3,D_local_zscore,semcse-null-zscore_D_final,10,10,22
grok-4.3,S2,40,6,,Correct,0.2804458455308183,target,3,D_local_zscore,semcse-null-zscore_D_final,10,10,22
grok-4.3,S3,40,6,,Correct,0.07137946182097743,target,3,D_local_zscore,semcse-null-zscore_D_final,10,10,22
grok-4.3,S0,41,1,,Correct,0.8547088031109787,target,3,D_local_zscore,semcse-null-zscore_D_final,10,10,22
grok-4.3,S1,41,1,,Wrong,1.317853868617667,target,3,D_local_zscore,semcse-null-zscore_D_final,10,10,22
grok-4.3,S2,41,1,,Wrong,0.525872577058508,target,3,D_local_zscore,semcse-null-zscore_D_final,10,10,22
grok-4.3,S3,41,1,,Wrong,0.5514719354710218,target,3,D_local_zscore,semcse-null-zscore_D_final,10,10,22
grok-4.3,S0,42,1,,Wrong,-0.0026578324294977973,target,3,D_local_zscore,semcse-null-zscore_D_final,10,10,22
grok-4.3,S1,42,1,,Wrong,0.072182947982535,target,3,D_local_zscore,semcse-null-zscore_D_final,10,10,22
grok-4.3,S2,42,1,,Wrong,-0.6828483886058662,target,3,D_local_zscore,semcse-null-zscore_D_final,10,10,22
grok-4.3,S3,42,1,,Wrong,-0.33522279506092,target,3,D_local_zscore,semcse-null-zscore_D_final,10,10,22
grok-4.3,S0,43,1,,Wrong,-0.8113760408281869,target,3,D_local_zscore,semcse-null-zscore_D_final,10,10,22
grok-4.3,S1,43,1,,Wrong,-0.9881588541121235,target,3,D_local_zscore,semcse-null-zscore_D_final,10,10,22
grok-4.3,S2,43,1,,Wrong,-0.7697688413933536,target,3,D_local_zscore,semcse-null-zscore_D_final,10,10,22
grok-4.3,S3,43,1,,Wrong,-0.7895650191291408,target,3,D_local_zscore,semcse-null-zscore_D_final,10,10,22
grok-4.3,S0,44,1,,Wrong,1.0904314061493579,target,3,D_local_zscore,semcse-null-zscore_D_final,10,10,22
grok-4.3,S1,44,1,,Wrong,0.3200551094352575,target,3,D_local_zscore,semcse-null-zscore_D_final,10,10,22
grok-4.3,S2,44,1,,Wrong,0.36217072715692533,target,3,D_local_zscore,semcse-null-zscore_D_final,10,10,22
grok-4.3,S3,44,1,,Wrong,0.6029127666546146,target,3,D_local_zscore,semcse-null-zscore_D_final,10,10,22
grok-4.3,S0,45,1,,Wrong,2.3542298196349134,target,2,D_local_zscore,semcse-null-zscore_D_final,10,10,22
grok-4.3,S1,45,1,,Correct,2.379143471293284,target,3,D_local_zscore,semcse-null-zscore_D_final,10,10,22
grok-4.3,S2,45,1,,Correct,2.3366053008413044,target,3,D_local_zscore,semcse-null-zscore_D_final,10,10,22
grok-4.3,S3,45,1,,Correct,2.649426115544371,target,3,D_local_zscore,semcse-null-zscore_D_final,10,10,22
grok-4.3,S0,45,2,,Wrong,-0.011544075557339384,target,3,D_local_zscore,semcse-null-zscore_D_final,10,10,22
grok-4.3,S1,45,2,,Wrong,0.4489440443951929,target,3,D_local_zscore,semcse-null-zscore_D_final,10,10,22
grok-4.3,S2,45,2,,Wrong,0.4449754742321404,target,3,D_local_zscore,semcse-null-zscore_D_final,10,10,22
grok-4.3,S3,45,2,,Wrong,0.11703850670879012,target,2,D_local_zscore,semcse-null-zscore_D_final,10,10,22
grok-4.3,S0,45,3,,Wrong,0.32787433423029116,target,3,D_local_zscore,semcse-null-zscore_D_final,10,10,22
grok-4.3,S1,45,3,,Wrong,-0.030535530090667617,target,3,D_local_zscore,semcse-null-zscore_D_final,10,10,22
grok-4.3,S2,45,3,,Wrong,-0.2921798157433928,target,3,D_local_zscore,semcse-null-zscore_D_final,10,10,22
grok-4.3,S3,45,3,,Correct,-0.06008495014061588,target,3,D_local_zscore,semcse-null-zscore_D_final,10,10,22
grok-4.3,S0,46,1,,Correct,0.5125321054494858,target,3,D_local_zscore,semcse-null-zscore_D_final,10,10,22
grok-4.3,S1,46,1,,Correct,0.6529810440279611,target,3,D_local_zscore,semcse-null-zscore_D_final,10,10,22
grok-4.3,S2,46,1,,Correct,0.7177609460590755,target,3,D_local_zscore,semcse-null-zscore_D_final,10,10,22
grok-4.3,S3,46,1,,Correct,0.7341308667364588,target,3,D_local_zscore,semcse-null-zscore_D_final,10,10,22
grok-4.3,S0,46,2,,Correct,0.053772228989569154,target,3,D_local_zscore,semcse-null-zscore_D_final,10,10,22
grok-4.3,S1,46,2,,Correct,0.15456647733566709,target,3,D_local_zscore,semcse-null-zscore_D_final,10,10,22
grok-4.3,S2,46,2,,Correct,0.23986686627592596,target,3,D_local_zscore,semcse-null-zscore_D_final,10,10,22
grok-4.3,S3,46,2,,Correct,-0.056176282136894184,target,3,D_local_zscore,semcse-null-zscore_D_final,10,10,22
grok-4.3,S0,47,1,,Correct,-0.3827734905738164,target,3,D_local_zscore,semcse-null-zscore_D_final,10,10,22
grok-4.3,S1,47,1,,Correct,0.23865421681094984,target,3,D_local_zscore,semcse-null-zscore_D_final,10,10,22
grok-4.3,S2,47,1,,Correct,0.27062961908105954,target,3,D_local_zscore,semcse-null-zscore_D_final,10,10,22
grok-4.3,S3,47,1,,Correct,0.12375815292182918,target,3,D_local_zscore,semcse-null-zscore_D_final,10,10,22
grok-4.3,S0,47,2,,Correct,-1.529017145893775,target,3,D_local_zscore,semcse-null-zscore_D_final,10,10,22
grok-4.3,S1,47,2,,Correct,-1.176525641011006,target,3,D_local_zscore,semcse-null-zscore_D_final,10,10,22
grok-4.3,S2,47,2,,Correct,-1.4224544459313808,target,3,D_local_zscore,semcse-null-zscore_D_final,10,10,22
grok-4.3,S3,47,2,,Correct,-0.9654471791499869,target,3,D_local_zscore,semcse-null-zscore_D_final,10,10,22
grok-4.3,S0,48,1,,Correct,0.4794812787794832,target,3,D_local_zscore,semcse-null-zscore_D_final,10,10,22
grok-4.3,S1,48,1,,Wrong,-0.7778898769238412,target,3,D_local_zscore,semcse-null-zscore_D_final,10,10,22
grok-4.3,S2,48,1,,Wrong,-0.2325819364233765,target,3,D_local_zscore,semcse-null-zscore_D_final,10,10,22
grok-4.3,S3,48,1,,Correct,-0.05531295957741833,target,3,D_local_zscore,semcse-null-zscore_D_final,10,10,22
grok-4.3,S0,48,2,,Correct,-1.2682516941889768,target,3,D_local_zscore,semcse-null-zscore_D_final,10,10,22
grok-4.3,S1,48,2,,Correct,-1.1739529150783203,target,3,D_local_zscore,semcse-null-zscore_D_final,10,10,22
grok-4.3,S2,48,2,,Correct,-1.2444188969142465,target,3,D_local_zscore,semcse-null-zscore_D_final,10,10,22
grok-4.3,S3,48,2,,Correct,-1.0871175019335595,target,3,D_local_zscore,semcse-null-zscore_D_final,10,10,22
grok-4.3,S0,49,1,,Correct,1.4579768471642025,target,3,D_local_zscore,semcse-null-zscore_D_final,10,10,22
grok-4.3,S1,49,1,,Correct,1.0924173844531833,target,3,D_local_zscore,semcse-null-zscore_D_final,10,10,22
grok-4.3,S2,49,1,,Correct,1.0570474583038822,target,3,D_local_zscore,semcse-null-zscore_D_final,10,10,22
grok-4.3,S3,49,1,,Correct,1.8357697691327006,target,3,D_local_zscore,semcse-null-zscore_D_final,10,10,22
grok-4.3,S0,50,1,,Correct,1.0530094512863089,target,3,D_local_zscore,semcse-null-zscore_D_final,10,10,22
grok-4.3,S1,50,1,,Correct,-0.4630523439387076,target,3,D_local_zscore,semcse-null-zscore_D_final,10,10,22
grok-4.3,S2,50,1,,Correct,0.5709096531140445,target,3,D_local_zscore,semcse-null-zscore_D_final,10,10,22
grok-4.3,S3,50,1,,Correct,1.5601815118854654,target,3,D_local_zscore,semcse-null-zscore_D_final,10,10,22
grok-4.3,S0,51,1,,Correct,0.44206364039525425,target,3,D_local_zscore,semcse-null-zscore_D_final,10,10,22
grok-4.3,S1,51,1,,Correct,0.9029013772253076,target,3,D_local_zscore,semcse-null-zscore_D_final,10,10,22
grok-4.3,S2,51,1,,Correct,0.9522474276243239,target,3,D_local_zscore,semcse-null-zscore_D_final,10,10,22
grok-4.3,S3,51,1,,Correct,0.9406263962149307,target,3,D_local_zscore,semcse-null-zscore_D_final,10,10,22
grok-4.3,S0,52,1,,Correct,2.14470901949054,target,3,D_local_zscore,semcse-null-zscore_D_final,10,10,22
grok-4.3,S1,52,1,,Wrong,2.07916696929649,target,3,D_local_zscore,semcse-null-zscore_D_final,10,10,22
grok-4.3,S2,52,1,,Correct,2.1286913558335807,target,3,D_local_zscore,semcse-null-zscore_D_final,10,10,22
grok-4.3,S3,52,1,,Correct,2.435012553735356,target,3,D_local_zscore,semcse-null-zscore_D_final,10,10,22
grok-4.3,S0,53,1,,Wrong,1.4785423231456847,target,3,D_local_zscore,semcse-null-zscore_D_final,10,10,22
grok-4.3,S1,53,1,,Correct,1.5461822974643944,target,3,D_local_zscore,semcse-null-zscore_D_final,10,10,22
grok-4.3,S2,53,1,,Correct,0.9217345931964614,target,3,D_local_zscore,semcse-null-zscore_D_final,10,10,22
grok-4.3,S3,53,1,,Correct,1.8423349945891727,target,3,D_local_zscore,semcse-null-zscore_D_final,10,10,22
grok-4.3,S0,53,2,,Correct,0.6410010953882533,target,3,D_local_zscore,semcse-null-zscore_D_final,10,10,22
grok-4.3,S1,53,2,,Correct,2.284962098903162,target,3,D_local_zscore,semcse-null-zscore_D_final,10,10,22
grok-4.3,S2,53,2,,Correct,1.8973574017999657,target,3,D_local_zscore,semcse-null-zscore_D_final,10,10,22
grok-4.3,S3,53,2,,Correct,2.5027948157709776,target,3,D_local_zscore,semcse-null-zscore_D_final,10,10,22
grok-4.3,S0,54,1,,Wrong,0.9097116008764432,target,3,D_local_zscore,semcse-null-zscore_D_final,10,10,22
grok-4.3,S1,54,1,,Correct,0.1896595804207445,target,3,D_local_zscore,semcse-null-zscore_D_final,10,10,22
grok-4.3,S2,54,1,,Correct,0.2497516378445398,target,3,D_local_zscore,semcse-null-zscore_D_final,10,10,22
grok-4.3,S3,54,1,,Correct,0.08391321061416412,target,3,D_local_zscore,semcse-null-zscore_D_final,10,10,22
grok-4.3,S0,54,2,,Correct,0.3529402625085759,target,3,D_local_zscore,semcse-null-zscore_D_final,10,10,22
grok-4.3,S1,54,2,,Correct,0.9531771270680357,target,3,D_local_zscore,semcse-null-zscore_D_final,10,10,22
grok-4.3,S2,54,2,,Correct,0.9266932875966519,target,3,D_local_zscore,semcse-null-zscore_D_final,10,10,22
grok-4.3,S3,54,2,,Correct,0.6782380564712561,target,3,D_local_zscore,semcse-null-zscore_D_final,10,10,22
grok-4.3,S0,55,1,,Wrong,0.04529187353398846,target,3,D_local_zscore,semcse-null-zscore_D_final,10,10,22
grok-4.3,S1,55,1,,Correct,-0.024873460362284328,target,3,D_local_zscore,semcse-null-zscore_D_final,10,10,22
grok-4.3,S2,55,1,,Correct,0.1249937144433424,target,2,D_local_zscore,semcse-null-zscore_D_final,10,10,22
grok-4.3,S3,55,1,,Correct,0.08698329145376127,target,3,D_local_zscore,semcse-null-zscore_D_final,10,10,22
grok-4.3,S0,55,2,,Correct,0.1372833357562049,target,3,D_local_zscore,semcse-null-zscore_D_final,10,10,22
grok-4.3,S1,55,2,,Correct,1.4713860803213836,target,3,D_local_zscore,semcse-null-zscore_D_final,10,10,22
grok-4.3,S2,55,2,,Correct,1.7367503871831076,target,3,D_local_zscore,semcse-null-zscore_D_final,10,10,22
grok-4.3,S3,55,2,,Correct,1.1010704303420207,target,3,D_local_zscore,semcse-null-zscore_D_final,10,10,22
grok-4.3,S0,56,1,,Correct,0.9048788855528233,target,3,D_local_zscore,semcse-null-zscore_D_final,10,10,22
grok-4.3,S1,56,1,,Wrong,-1.9467532516296064,target,3,D_local_zscore,semcse-null-zscore_D_final,10,10,22
grok-4.3,S2,56,1,,Wrong,-1.3687658750135068,target,3,D_local_zscore,semcse-null-zscore_D_final,10,10,22
grok-4.3,S3,56,1,,Wrong,-1.8624776839483697,target,3,D_local_zscore,semcse-null-zscore_D_final,10,10,22
grok-4.3,S0,56,2,,Correct,-0.39713854914140356,target,3,D_local_zscore,semcse-null-zscore_D_final,10,10,22
grok-4.3,S1,56,2,,Correct,0.1426410804164877,target,3,D_local_zscore,semcse-null-zscore_D_final,10,10,22
grok-4.3,S2,56,2,,Correct,-0.14291982401891445,target,3,D_local_zscore,semcse-null-zscore_D_final,10,10,22
grok-4.3,S3,56,2,,Correct,0.04818442195007577,target,3,D_local_zscore,semcse-null-zscore_D_final,10,10,22
grok-4.3,S0,57,1,,Correct,-0.6576734048523251,target,2,D_local_zscore,semcse-null-zscore_D_final,10,10,22
grok-4.3,S1,57,1,,Correct,-0.7856794730106228,target,2,D_local_zscore,semcse-null-zscore_D_final,10,10,22
grok-4.3,S2,57,1,,Correct,-0.33914998002946956,target,3,D_local_zscore,semcse-null-zscore_D_final,10,10,22
grok-4.3,S3,57,1,,Correct,-0.7406624179838714,target,3,D_local_zscore,semcse-null-zscore_D_final,10,10,22
grok-4.3,S0,57,2,,Wrong,-2.7700476511770513,target,3,D_local_zscore,semcse-null-zscore_D_final,10,10,22
grok-4.3,S1,57,2,,Wrong,-1.8056581807026693,target,2,D_local_zscore,semcse-null-zscore_D_final,10,10,22
grok-4.3,S2,57,2,,Wrong,-0.9959134983729404,target,3,D_local_zscore,semcse-null-zscore_D_final,10,10,22
grok-4.3,S3,57,2,,Correct,-2.0386909536148115,target,3,D_local_zscore,semcse-null-zscore_D_final,10,10,22
grok-4.3,S0,58,1,,Wrong,-0.8147212098500254,target,3,D_local_zscore,semcse-null-zscore_D_final,10,10,22
grok-4.3,S1,58,1,,Correct,-0.49053098600230793,target,3,D_local_zscore,semcse-null-zscore_D_final,10,10,22
grok-4.3,S2,58,1,,Correct,-0.1435662717301346,target,3,D_local_zscore,semcse-null-zscore_D_final,10,10,22
grok-4.3,S3,58,1,,Correct,-0.4137423353014681,target,3,D_local_zscore,semcse-null-zscore_D_final,10,10,22
grok-4.3,S0,58,2,,Correct,1.1355601795538048,target,3,D_local_zscore,semcse-null-zscore_D_final,10,10,22
grok-4.3,S1,58,2,,Correct,0.2930546345315207,target,3,D_local_zscore,semcse-null-zscore_D_final,10,10,22
grok-4.3,S2,58,2,,Correct,0.41654889627667924,target,3,D_local_zscore,semcse-null-zscore_D_final,10,10,22
grok-4.3,S3,58,2,,Correct,0.37997356158699636,target,3,D_local_zscore,semcse-null-zscore_D_final,10,10,22
grok-4.3,S0,59,1,,Correct,-0.3186414975852611,target,2,D_local_zscore,semcse-null-zscore_D_final,10,10,22
grok-4.3,S1,59,1,,Correct,-0.5726557145126431,target,3,D_local_zscore,semcse-null-zscore_D_final,10,10,22
grok-4.3,S2,59,1,,Correct,-0.4378861832134532,target,3,D_local_zscore,semcse-null-zscore_D_final,10,10,22
grok-4.3,S3,59,1,,Correct,-0.24675196541229483,target,3,D_local_zscore,semcse-null-zscore_D_final,10,10,22
grok-4.3,S0,59,2,,Correct,0.3938287230285403,target,3,D_local_zscore,semcse-null-zscore_D_final,10,10,22
grok-4.3,S1,59,2,,Correct,0.8352903114094299,target,3,D_local_zscore,semcse-null-zscore_D_final,10,10,22
grok-4.3,S2,59,2,,Correct,1.016987167157275,target,3,D_local_zscore,semcse-null-zscore_D_final,10,10,22
grok-4.3,S3,59,2,,Correct,1.0390454350273042,target,3,D_local_zscore,semcse-null-zscore_D_final,10,10,22
grok-4.3,S0,60,1,,Wrong,-0.12832216860862367,target,2,D_local_zscore,semcse-null-zscore_D_final,10,10,22
grok-4.3,S1,60,1,,Correct,-0.6449274677685514,target,3,D_local_zscore,semcse-null-zscore_D_final,10,10,22
grok-4.3,S2,60,1,,Correct,-0.8547206685226625,target,3,D_local_zscore,semcse-null-zscore_D_final,10,10,22
grok-4.3,S3,60,1,,Correct,-0.33897321250004686,target,3,D_local_zscore,semcse-null-zscore_D_final,10,10,22
grok-4.3,S0,60,2,,Correct,0.44831057885271,target,3,D_local_zscore,semcse-null-zscore_D_final,10,10,22
grok-4.3,S1,60,2,,Correct,2.4904768421500743,target,3,D_local_zscore,semcse-null-zscore_D_final,10,10,22
grok-4.3,S2,60,2,,Correct,2.2153670822628753,target,3,D_local_zscore,semcse-null-zscore_D_final,10,10,22
grok-4.3,S3,60,2,,Correct,1.4355594238124116,target,3,D_local_zscore,semcse-null-zscore_D_final,10,10,22
grok-4.3,S0,61,1,,Correct,-1.3116926069961636,target,2,D_local_zscore,semcse-null-zscore_D_final,10,10,22
grok-4.3,S1,61,1,,Correct,-1.344769230471715,target,3,D_local_zscore,semcse-null-zscore_D_final,10,10,22
grok-4.3,S2,61,1,,Correct,-1.2623470915564328,target,3,D_local_zscore,semcse-null-zscore_D_final,10,10,22
grok-4.3,S3,61,1,,Correct,-1.3433401877738849,target,3,D_local_zscore,semcse-null-zscore_D_final,10,10,22
grok-4.3,S0,61,2,,Correct,1.0596161001635176,target,3,D_local_zscore,semcse-null-zscore_D_final,10,10,22
grok-4.3,S1,61,2,,Correct,1.5819517704037522,target,2,D_local_zscore,semcse-null-zscore_D_final,10,10,22
grok-4.3,S2,61,2,,Correct,1.5324536685025614,target,3,D_local_zscore,semcse-null-zscore_D_final,10,10,22
grok-4.3,S3,61,2,,Correct,1.1627948254142058,target,3,D_local_zscore,semcse-null-zscore_D_final,10,10,22
grok-4.3,S0,62,1,,Wrong,0.5540407837318079,target,2,D_local_zscore,semcse-null-zscore_D_final,10,10,22
grok-4.3,S1,62,1,,Correct,1.125549367785023,target,3,D_local_zscore,semcse-null-zscore_D_final,10,10,22
grok-4.3,S2,62,1,,Correct,1.0750890382155964,target,3,D_local_zscore,semcse-null-zscore_D_final,10,10,22
grok-4.3,S3,62,1,,Correct,1.1435281646637423,target,3,D_local_zscore,semcse-null-zscore_D_final,10,10,22
grok-4.3,S0,62,2,,Wrong,0.3386182564101152,target,3,D_local_zscore,semcse-null-zscore_D_final,10,10,22
grok-4.3,S1,62,2,,Correct,1.2217483907127753,target,3,D_local_zscore,semcse-null-zscore_D_final,10,10,22
grok-4.3,S2,62,2,,Correct,1.2426182919483608,target,3,D_local_zscore,semcse-null-zscore_D_final,10,10,22
grok-4.3,S3,62,2,,Correct,0.9006231622707117,target,3,D_local_zscore,semcse-null-zscore_D_final,10,10,22
grok-4.3,S0,63,1,,Wrong,0.6325028966155962,target,2,D_local_zscore,semcse-null-zscore_D_final,10,10,22
grok-4.3,S1,63,1,,Correct,0.9800206443597428,target,3,D_local_zscore,semcse-null-zscore_D_final,10,10,22
grok-4.3,S2,63,1,,Correct,0.858975816281697,target,3,D_local_zscore,semcse-null-zscore_D_final,10,10,22
grok-4.3,S3,63,1,,Correct,1.0255729297374812,target,3,D_local_zscore,semcse-null-zscore_D_final,10,10,22
grok-4.3,S0,63,2,,Wrong,0.6040010202225268,target,3,D_local_zscore,semcse-null-zscore_D_final,10,10,22
grok-4.3,S1,63,2,,Correct,1.299586914931189,target,3,D_local_zscore,semcse-null-zscore_D_final,10,10,22
grok-4.3,S2,63,2,,Correct,1.3781359628820533,target,3,D_local_zscore,semcse-null-zscore_D_final,10,10,22
grok-4.3,S3,63,2,,Correct,0.7479087943405414,target,3,D_local_zscore,semcse-null-zscore_D_final,10,10,22
grok-4.3,S0,64,1,,Correct,0.6472702329150039,target,3,D_local_zscore,semcse-null-zscore_D_final,10,10,22
grok-4.3,S1,64,1,,Correct,1.0820268950366416,target,3,D_local_zscore,semcse-null-zscore_D_final,10,10,22
grok-4.3,S2,64,1,,Correct,1.512551807535532,target,3,D_local_zscore,semcse-null-zscore_D_final,10,10,22
grok-4.3,S3,64,1,,Correct,1.0726702618015502,target,3,D_local_zscore,semcse-null-zscore_D_final,10,10,22
grok-4.3,S0,64,2,,Correct,0.5595898609705335,target,3,D_local_zscore,semcse-null-zscore_D_final,10,10,22
grok-4.3,S1,64,2,,Wrong,-0.6431647582843929,target,3,D_local_zscore,semcse-null-zscore_D_final,10,10,22
grok-4.3,S2,64,2,,Correct,0.18968098634226238,target,3,D_local_zscore,semcse-null-zscore_D_final,10,10,22
grok-4.3,S3,64,2,,Correct,0.5240241249172539,target,3,D_local_zscore,semcse-null-zscore_D_final,10,10,22
