model,strategy,molecule_id,experiment_id,round,correctness,local_score,observation_level,selected_round_count,metric,score,requested_candidates,actual_candidates_min,actual_candidates_max
deepseek-v3.2-think,S0,1,1,1,Correct,0.12430174789298809,round,,D_local,S_final,10,10,22
deepseek-v3.2-think,S0,1,1,2,Correct,0.12407483993252821,round,,D_local,S_final,10,10,22
deepseek-v3.2-think,S0,1,1,3,Correct,0.12073751006791578,round,,D_local,S_final,10,10,22
deepseek-v3.2-think,S0,1,2,1,Wrong,0.03536782090015367,round,,D_local,S_final,10,10,22
deepseek-v3.2-think,S0,1,2,2,Wrong,0.051174521549653074,round,,D_local,S_final,10,10,22
deepseek-v3.2-think,S0,1,2,3,Wrong,0.023767808330188878,round,,D_local,S_final,10,10,22
deepseek-v3.2-think,S0,1,3,1,Wrong,-0.026065944427490884,round,,D_local,S_final,10,10,22
deepseek-v3.2-think,S0,1,3,2,Wrong,-0.029244126215376975,round,,D_local,S_final,10,10,22
deepseek-v3.2-think,S0,1,3,3,Wrong,-0.01416802218255342,round,,D_local,S_final,10,10,22
deepseek-v3.2-think,S0,1,4,1,Correct,0.05566512605041052,round,,D_local,S_final,10,10,22
deepseek-v3.2-think,S0,1,4,2,Correct,0.06865042050095249,round,,D_local,S_final,10,10,22
deepseek-v3.2-think,S0,1,4,3,Correct,0.05892957196663384,round,,D_local,S_final,10,10,22
deepseek-v3.2-think,S0,1,5,1,Wrong,0.013195883450028423,round,,D_local,S_final,10,10,22
deepseek-v3.2-think,S0,1,5,2,Correct,0.06598204327514157,round,,D_local,S_final,10,10,22
deepseek-v3.2-think,S0,1,5,3,Correct,0.11587848313580762,round,,D_local,S_final,10,10,22
deepseek-v3.2-think,S0,2,1,1,Correct,0.21359125496232545,round,,D_local,S_final,10,10,22
deepseek-v3.2-think,S0,2,1,2,Correct,0.23063551870239996,round,,D_local,S_final,10,10,22
deepseek-v3.2-think,S0,2,1,3,Correct,0.2605322116886271,round,,D_local,S_final,10,10,22
deepseek-v3.2-think,S0,3,1,1,Correct,0.19137512471296625,round,,D_local,S_final,10,10,22
deepseek-v3.2-think,S0,3,1,2,Correct,0.22204524777791956,round,,D_local,S_final,10,10,22
deepseek-v3.2-think,S0,3,1,3,Correct,0.23006334160864766,round,,D_local,S_final,10,10,22
deepseek-v3.2-think,S0,3,2,1,Wrong,0.20374943255987965,round,,D_local,S_final,10,10,22
deepseek-v3.2-think,S0,3,2,2,Wrong,0.21230381633745155,round,,D_local,S_final,10,10,22
deepseek-v3.2-think,S0,3,2,3,Wrong,0.1870373713263519,round,,D_local,S_final,10,10,22
deepseek-v3.2-think,S0,4,1,1,Correct,0.11760535439408759,round,,D_local,S_final,10,10,22
deepseek-v3.2-think,S0,4,1,2,Correct,0.1379811498224719,round,,D_local,S_final,10,10,22
deepseek-v3.2-think,S0,4,1,3,Correct,0.12133495165585817,round,,D_local,S_final,10,10,22
deepseek-v3.2-think,S0,4,2,1,Correct,0.10585818127480628,round,,D_local,S_final,10,10,22
deepseek-v3.2-think,S0,4,2,2,Correct,0.10770543713369707,round,,D_local,S_final,10,10,22
deepseek-v3.2-think,S0,4,2,3,Correct,0.0987167227065261,round,,D_local,S_final,10,10,22
deepseek-v3.2-think,S0,4,3,1,Correct,0.07196718129232682,round,,D_local,S_final,10,10,22
deepseek-v3.2-think,S0,4,3,2,Correct,0.05612195050348523,round,,D_local,S_final,10,10,22
deepseek-v3.2-think,S0,4,3,3,Correct,0.0450969856827913,round,,D_local,S_final,10,10,22
deepseek-v3.2-think,S0,5,1,1,Correct,0.08112623681723408,round,,D_local,S_final,10,10,22
deepseek-v3.2-think,S0,5,1,2,Correct,0.10740918117860254,round,,D_local,S_final,10,10,22
deepseek-v3.2-think,S0,5,1,3,Wrong,0.08392862355516795,round,,D_local,S_final,10,10,22
deepseek-v3.2-think,S0,5,2,1,Correct,0.06444208737475166,round,,D_local,S_final,10,10,22
deepseek-v3.2-think,S0,5,2,2,Correct,0.06758860647180887,round,,D_local,S_final,10,10,22
deepseek-v3.2-think,S0,5,2,3,Correct,0.08449084296448961,round,,D_local,S_final,10,10,22
deepseek-v3.2-think,S0,5,3,1,Wrong,0.060565944779983116,round,,D_local,S_final,10,10,22
deepseek-v3.2-think,S0,5,3,2,Wrong,0.0600387379135533,round,,D_local,S_final,10,10,22
deepseek-v3.2-think,S0,5,3,3,Wrong,0.06471462913527071,round,,D_local,S_final,10,10,22
deepseek-v3.2-think,S0,6,1,1,Correct,0.09033410483061377,round,,D_local,S_final,10,10,22
deepseek-v3.2-think,S0,6,1,2,Wrong,0.08236035388454499,round,,D_local,S_final,10,10,22
deepseek-v3.2-think,S0,6,1,3,Wrong,0.07763917724612368,round,,D_local,S_final,10,10,22
deepseek-v3.2-think,S0,6,2,1,Correct,0.0362799917005574,round,,D_local,S_final,10,10,22
deepseek-v3.2-think,S0,6,2,2,Correct,0.036991339714500304,round,,D_local,S_final,10,10,22
deepseek-v3.2-think,S0,6,2,3,Correct,0.025598769557138357,round,,D_local,S_final,10,10,22
deepseek-v3.2-think,S0,6,3,1,Correct,0.07551343211833039,round,,D_local,S_final,10,10,22
deepseek-v3.2-think,S0,6,3,2,Wrong,0.04923971451185505,round,,D_local,S_final,10,10,22
deepseek-v3.2-think,S0,6,3,3,Correct,0.07354264620208817,round,,D_local,S_final,10,10,22
deepseek-v3.2-think,S0,7,1,1,Correct,0.11758438036605601,round,,D_local,S_final,10,10,22
deepseek-v3.2-think,S0,7,1,2,Correct,0.10800768879760236,round,,D_local,S_final,10,10,22
deepseek-v3.2-think,S0,7,1,3,Wrong,0.10193512651383607,round,,D_local,S_final,10,10,22
deepseek-v3.2-think,S0,7,2,1,Wrong,0.0587509465461834,round,,D_local,S_final,10,10,22
deepseek-v3.2-think,S0,7,2,2,Wrong,0.06090738594275846,round,,D_local,S_final,10,10,22
deepseek-v3.2-think,S0,7,2,3,Wrong,0.12584169662773592,round,,D_local,S_final,10,10,22
deepseek-v3.2-think,S0,7,3,1,Wrong,-0.011346018791220103,round,,D_local,S_final,10,10,22
deepseek-v3.2-think,S0,7,3,2,Wrong,-0.024126068510131993,round,,D_local,S_final,10,10,22
deepseek-v3.2-think,S0,7,3,3,Wrong,-0.02461964211824541,round,,D_local,S_final,10,10,22
deepseek-v3.2-think,S0,7,4,1,Correct,-0.012767651724139628,round,,D_local,S_final,10,10,22
deepseek-v3.2-think,S0,7,4,2,Correct,-0.009151224472056962,round,,D_local,S_final,10,10,22
deepseek-v3.2-think,S0,7,4,3,Correct,0.023879729204042688,round,,D_local,S_final,10,10,22
deepseek-v3.2-think,S0,7,5,1,Correct,0.06036958047938046,round,,D_local,S_final,10,10,22
deepseek-v3.2-think,S0,7,5,2,Correct,0.07888940770224406,round,,D_local,S_final,10,10,22
deepseek-v3.2-think,S0,7,5,3,Correct,0.05343309905821325,round,,D_local,S_final,10,10,22
deepseek-v3.2-think,S0,7,6,1,Wrong,0.003245275302222128,round,,D_local,S_final,10,10,22
deepseek-v3.2-think,S0,7,6,2,Wrong,-0.025820597202273587,round,,D_local,S_final,10,10,22
deepseek-v3.2-think,S0,7,6,3,Wrong,-0.03441482741208668,round,,D_local,S_final,10,10,22
deepseek-v3.2-think,S0,7,7,1,Wrong,0.06529322696683126,round,,D_local,S_final,10,10,22
deepseek-v3.2-think,S0,7,7,2,Wrong,0.07642813856958808,round,,D_local,S_final,10,10,22
deepseek-v3.2-think,S0,7,7,3,Wrong,0.0686466617335133,round,,D_local,S_final,10,10,22
deepseek-v3.2-think,S0,7,8,1,Correct,0.035358146400063406,round,,D_local,S_final,10,10,22
deepseek-v3.2-think,S0,7,8,2,Correct,0.04617410139573819,round,,D_local,S_final,10,10,22
deepseek-v3.2-think,S0,7,8,3,Correct,0.034848610585983986,round,,D_local,S_final,10,10,22
deepseek-v3.2-think,S0,7,9,1,Correct,0.05303909952701025,round,,D_local,S_final,10,10,22
deepseek-v3.2-think,S0,7,9,2,Correct,0.05826000779257268,round,,D_local,S_final,10,10,22
deepseek-v3.2-think,S0,7,9,3,Correct,0.09637683496191785,round,,D_local,S_final,10,10,22
deepseek-v3.2-think,S0,7,10,1,Wrong,-0.019881789901643798,round,,D_local,S_final,10,10,22
deepseek-v3.2-think,S0,7,10,2,Wrong,-0.017534068274775105,round,,D_local,S_final,10,10,22
deepseek-v3.2-think,S0,7,10,3,Wrong,-0.004437292716290453,round,,D_local,S_final,10,10,22
deepseek-v3.2-think,S0,7,11,1,Wrong,0.08031650800152479,round,,D_local,S_final,10,10,22
deepseek-v3.2-think,S0,7,11,2,Wrong,0.02540301240847509,round,,D_local,S_final,10,10,22
deepseek-v3.2-think,S0,7,11,3,Wrong,-0.009227830652864144,round,,D_local,S_final,10,10,22
deepseek-v3.2-think,S0,8,1,1,Wrong,0.04565708527418311,round,,D_local,S_final,10,10,22
deepseek-v3.2-think,S0,8,1,2,Correct,0.059095924436955105,round,,D_local,S_final,10,10,22
deepseek-v3.2-think,S0,8,1,3,Wrong,0.06691362320665861,round,,D_local,S_final,10,10,22
deepseek-v3.2-think,S0,8,2,1,Wrong,0.004331139055589128,round,,D_local,S_final,10,10,22
deepseek-v3.2-think,S0,8,2,2,Wrong,0.016543869841364245,round,,D_local,S_final,10,10,22
deepseek-v3.2-think,S0,8,2,3,Wrong,0.008592306940335193,round,,D_local,S_final,10,10,22
deepseek-v3.2-think,S0,8,3,1,Correct,0.07707536240362023,round,,D_local,S_final,10,10,22
deepseek-v3.2-think,S0,8,3,2,Correct,0.07264754190076739,round,,D_local,S_final,10,10,22
deepseek-v3.2-think,S0,8,3,3,Correct,0.03962253314560815,round,,D_local,S_final,10,10,22
deepseek-v3.2-think,S0,8,4,1,Correct,-0.04143338274426289,round,,D_local,S_final,10,10,22
deepseek-v3.2-think,S0,8,4,2,Correct,-0.031300538436159764,round,,D_local,S_final,10,10,22
deepseek-v3.2-think,S0,8,4,3,Correct,-0.02017341651210658,round,,D_local,S_final,10,10,22
deepseek-v3.2-think,S0,9,1,1,Wrong,0.061866897577697255,round,,D_local,S_final,10,10,22
deepseek-v3.2-think,S0,9,1,2,Wrong,0.052858317467906035,round,,D_local,S_final,10,10,22
deepseek-v3.2-think,S0,9,1,3,Correct,0.051231752268492525,round,,D_local,S_final,10,10,22
deepseek-v3.2-think,S0,9,2,1,Wrong,0.06651974884498801,round,,D_local,S_final,10,10,22
deepseek-v3.2-think,S0,9,2,2,Wrong,0.060655358443095886,round,,D_local,S_final,10,10,22
deepseek-v3.2-think,S0,9,2,3,Wrong,0.06880398699546875,round,,D_local,S_final,10,10,22
deepseek-v3.2-think,S0,9,3,1,Wrong,0.08496682581861836,round,,D_local,S_final,10,10,22
deepseek-v3.2-think,S0,9,3,2,Wrong,0.074208803400313,round,,D_local,S_final,10,10,22
deepseek-v3.2-think,S0,9,3,3,Wrong,0.08759370299392744,round,,D_local,S_final,10,10,22
deepseek-v3.2-think,S0,10,1,1,Correct,0.12473535295353166,round,,D_local,S_final,10,10,22
deepseek-v3.2-think,S0,10,1,2,Wrong,0.10229043685382111,round,,D_local,S_final,10,10,22
deepseek-v3.2-think,S0,10,1,3,Wrong,0.0937499560479701,round,,D_local,S_final,10,10,22
deepseek-v3.2-think,S0,10,2,1,Correct,0.12575526369323087,round,,D_local,S_final,10,10,22
deepseek-v3.2-think,S0,10,2,2,Correct,0.10661855354739341,round,,D_local,S_final,10,10,22
deepseek-v3.2-think,S0,10,2,3,Wrong,0.10906612291723883,round,,D_local,S_final,10,10,22
deepseek-v3.2-think,S0,11,1,1,Wrong,-0.024557571179255167,round,,D_local,S_final,10,10,22
deepseek-v3.2-think,S0,11,1,2,Wrong,-0.028971816371585857,round,,D_local,S_final,10,10,22
deepseek-v3.2-think,S0,11,1,3,Wrong,-0.02127828080821903,round,,D_local,S_final,10,10,22
deepseek-v3.2-think,S0,12,1,1,Wrong,-0.0046847934270304314,round,,D_local,S_final,10,10,22
deepseek-v3.2-think,S0,12,1,2,Wrong,-0.0016687049781237695,round,,D_local,S_final,10,10,22
deepseek-v3.2-think,S0,12,1,3,Correct,0.01986346754914814,round,,D_local,S_final,10,10,22
deepseek-v3.2-think,S0,13,1,1,Correct,0.20780509544612313,round,,D_local,S_final,10,10,22
deepseek-v3.2-think,S0,13,1,2,Correct,0.1855300443033283,round,,D_local,S_final,10,10,22
deepseek-v3.2-think,S0,13,1,3,Correct,0.17984900063645792,round,,D_local,S_final,10,10,22
deepseek-v3.2-think,S0,13,2,1,Correct,0.009128350305443012,round,,D_local,S_final,10,10,22
deepseek-v3.2-think,S0,13,2,2,Wrong,0.0007887685842216108,round,,D_local,S_final,10,10,22
deepseek-v3.2-think,S0,13,2,3,Wrong,-0.010165760766840337,round,,D_local,S_final,10,10,22
deepseek-v3.2-think,S0,13,3,1,Wrong,0.03708661570634264,round,,D_local,S_final,10,10,22
deepseek-v3.2-think,S0,13,3,2,Correct,0.02702755583428884,round,,D_local,S_final,10,10,22
deepseek-v3.2-think,S0,13,3,3,Wrong,0.009344238619525491,round,,D_local,S_final,10,10,22
deepseek-v3.2-think,S0,14,1,1,Wrong,-0.020884312331593047,round,,D_local,S_final,10,10,22
deepseek-v3.2-think,S0,14,1,2,Wrong,0.0032611019116919326,round,,D_local,S_final,10,10,22
deepseek-v3.2-think,S0,14,1,3,Wrong,-0.02358144887908986,round,,D_local,S_final,10,10,22
deepseek-v3.2-think,S0,15,1,1,Wrong,-0.12328992703234554,round,,D_local,S_final,10,10,22
deepseek-v3.2-think,S0,15,1,2,Correct,-0.1379380941617559,round,,D_local,S_final,10,10,22
deepseek-v3.2-think,S0,15,1,3,Correct,-0.10845543422253046,round,,D_local,S_final,10,10,22
deepseek-v3.2-think,S0,16,1,1,Correct,0.111323384822543,round,,D_local,S_final,10,10,22
deepseek-v3.2-think,S0,16,1,2,Correct,0.10408724997961194,round,,D_local,S_final,10,10,22
deepseek-v3.2-think,S0,16,1,3,Correct,0.10764322071689014,round,,D_local,S_final,10,10,22
deepseek-v3.2-think,S0,17,1,1,Wrong,-0.040059504558579984,round,,D_local,S_final,10,10,22
deepseek-v3.2-think,S0,17,1,2,Wrong,-0.019529018445816893,round,,D_local,S_final,10,10,22
deepseek-v3.2-think,S0,17,1,3,Wrong,-0.043320256349347,round,,D_local,S_final,10,10,22
deepseek-v3.2-think,S0,18,1,1,Correct,0.11634480040689132,round,,D_local,S_final,10,10,22
deepseek-v3.2-think,S0,18,1,2,Correct,0.14710119258430754,round,,D_local,S_final,10,10,22
deepseek-v3.2-think,S0,18,1,3,Correct,0.13956625030221403,round,,D_local,S_final,10,10,22
deepseek-v3.2-think,S0,19,1,1,Wrong,-0.01674797706382103,round,,D_local,S_final,10,10,22
deepseek-v3.2-think,S0,19,1,2,Correct,-0.00020297434652527535,round,,D_local,S_final,10,10,22
deepseek-v3.2-think,S0,19,1,3,Wrong,-0.013804641360512515,round,,D_local,S_final,10,10,22
deepseek-v3.2-think,S0,20,1,1,Correct,0.1376165335703643,round,,D_local,S_final,10,10,22
deepseek-v3.2-think,S0,20,1,2,Correct,0.12236094107133222,round,,D_local,S_final,10,10,22
deepseek-v3.2-think,S0,20,1,3,Correct,0.13580468397893708,round,,D_local,S_final,10,10,22
deepseek-v3.2-think,S0,21,1,1,Correct,0.13225251562084328,round,,D_local,S_final,10,10,22
deepseek-v3.2-think,S0,21,1,2,Correct,0.10087407112506186,round,,D_local,S_final,10,10,22
deepseek-v3.2-think,S0,21,1,3,Correct,0.10869748635401544,round,,D_local,S_final,10,10,22
deepseek-v3.2-think,S0,22,1,1,Wrong,0.029623027827413217,round,,D_local,S_final,10,10,22
deepseek-v3.2-think,S0,22,1,2,Wrong,0.03793541547000606,round,,D_local,S_final,10,10,22
deepseek-v3.2-think,S0,22,1,3,Wrong,0.03114949793991595,round,,D_local,S_final,10,10,22
deepseek-v3.2-think,S0,23,1,1,Wrong,0.04391514592299739,round,,D_local,S_final,10,10,22
deepseek-v3.2-think,S0,23,1,2,Wrong,0.07804543016938748,round,,D_local,S_final,10,10,22
deepseek-v3.2-think,S0,23,1,3,Wrong,0.033270752710390705,round,,D_local,S_final,10,10,22
deepseek-v3.2-think,S0,24,1,1,Wrong,0.011496495793370642,round,,D_local,S_final,10,10,22
deepseek-v3.2-think,S0,24,1,2,Wrong,0.013336921063390794,round,,D_local,S_final,10,10,22
deepseek-v3.2-think,S0,24,1,3,Wrong,-0.004255396166940928,round,,D_local,S_final,10,10,22
deepseek-v3.2-think,S0,25,1,1,Correct,-0.030244687677615456,round,,D_local,S_final,10,10,22
deepseek-v3.2-think,S0,25,1,2,Correct,-0.04203072992611462,round,,D_local,S_final,10,10,22
deepseek-v3.2-think,S0,25,1,3,Wrong,-0.04104191530769541,round,,D_local,S_final,10,10,22
deepseek-v3.2-think,S0,25,2,1,Correct,0.10589087604425529,round,,D_local,S_final,10,10,22
deepseek-v3.2-think,S0,25,2,2,Correct,0.11524800434278726,round,,D_local,S_final,10,10,22
deepseek-v3.2-think,S0,25,2,3,Correct,0.05783522508957473,round,,D_local,S_final,10,10,22
deepseek-v3.2-think,S0,26,1,1,Correct,0.11156244538647037,round,,D_local,S_final,10,10,22
deepseek-v3.2-think,S0,26,1,2,Correct,0.10505663245856045,round,,D_local,S_final,10,10,22
deepseek-v3.2-think,S0,26,1,3,Wrong,0.11387294839327577,round,,D_local,S_final,10,10,22
deepseek-v3.2-think,S0,26,2,1,Correct,-0.038277035825266204,round,,D_local,S_final,10,10,22
deepseek-v3.2-think,S0,26,2,2,Correct,-0.04563343345488713,round,,D_local,S_final,10,10,22
deepseek-v3.2-think,S0,26,2,3,Correct,-0.05455286035827539,round,,D_local,S_final,10,10,22
deepseek-v3.2-think,S0,26,3,1,Correct,-0.006481978247471876,round,,D_local,S_final,10,10,22
deepseek-v3.2-think,S0,26,3,2,Correct,-0.018732164721745215,round,,D_local,S_final,10,10,22
deepseek-v3.2-think,S0,26,3,3,Correct,-0.054554205307110026,round,,D_local,S_final,10,10,22
deepseek-v3.2-think,S0,26,4,1,Correct,0.12408570184464929,round,,D_local,S_final,10,10,22
deepseek-v3.2-think,S0,26,4,2,Wrong,0.15068764603637075,round,,D_local,S_final,10,10,22
deepseek-v3.2-think,S0,26,4,3,Correct,0.12745176137722392,round,,D_local,S_final,10,10,22
deepseek-v3.2-think,S0,27,1,1,Wrong,0.022866192413715958,round,,D_local,S_final,10,10,22
deepseek-v3.2-think,S0,27,1,2,Wrong,0.022078646877781494,round,,D_local,S_final,10,10,22
deepseek-v3.2-think,S0,27,1,3,Wrong,0.02455511555395723,round,,D_local,S_final,10,10,22
deepseek-v3.2-think,S0,27,2,1,Correct,-0.05657513047585461,round,,D_local,S_final,10,10,22
deepseek-v3.2-think,S0,27,2,2,Correct,-0.0588317216255006,round,,D_local,S_final,10,10,22
deepseek-v3.2-think,S0,27,2,3,Correct,-0.03113366038471993,round,,D_local,S_final,10,10,22
deepseek-v3.2-think,S0,27,3,1,Correct,-0.06855242773681408,round,,D_local,S_final,10,10,22
deepseek-v3.2-think,S0,27,3,2,Wrong,-0.02715742905311691,round,,D_local,S_final,10,10,22
deepseek-v3.2-think,S0,27,3,3,Correct,-0.06401815473341299,round,,D_local,S_final,10,10,22
deepseek-v3.2-think,S0,27,4,1,Correct,0.15623465189360336,round,,D_local,S_final,10,10,22
deepseek-v3.2-think,S0,27,4,2,Correct,0.14377615844673314,round,,D_local,S_final,10,10,22
deepseek-v3.2-think,S0,27,4,3,Correct,0.16691645872758049,round,,D_local,S_final,10,10,22
deepseek-v3.2-think,S0,28,1,1,Correct,0.03659505799876683,round,,D_local,S_final,10,10,22
deepseek-v3.2-think,S0,28,1,2,Correct,0.05414074634546828,round,,D_local,S_final,10,10,22
deepseek-v3.2-think,S0,28,1,3,Correct,0.048760947695890344,round,,D_local,S_final,10,10,22
deepseek-v3.2-think,S0,28,2,1,Correct,-0.03140545887416579,round,,D_local,S_final,10,10,22
deepseek-v3.2-think,S0,28,2,2,Correct,-0.021312506997021474,round,,D_local,S_final,10,10,22
deepseek-v3.2-think,S0,28,2,3,Correct,-0.013375081578257508,round,,D_local,S_final,10,10,22
deepseek-v3.2-think,S0,29,1,1,Wrong,0.133800809645364,round,,D_local,S_final,10,10,22
deepseek-v3.2-think,S0,29,1,2,Wrong,0.1252394031390519,round,,D_local,S_final,10,10,22
deepseek-v3.2-think,S0,29,1,3,Wrong,0.1565789904127921,round,,D_local,S_final,10,10,22
deepseek-v3.2-think,S0,29,2,1,Correct,-0.0566743049114401,round,,D_local,S_final,10,10,22
deepseek-v3.2-think,S0,29,2,2,Correct,-0.06285276897443237,round,,D_local,S_final,10,10,22
deepseek-v3.2-think,S0,29,2,3,Correct,-0.05906227412795939,round,,D_local,S_final,10,10,22
deepseek-v3.2-think,S0,30,1,1,Wrong,0.03275367584287664,round,,D_local,S_final,10,10,22
deepseek-v3.2-think,S0,30,1,2,Wrong,0.0316427059920828,round,,D_local,S_final,10,10,22
deepseek-v3.2-think,S0,30,1,3,Wrong,0.035739546825664714,round,,D_local,S_final,10,10,22
deepseek-v3.2-think,S0,30,2,1,Correct,-0.05904647310211436,round,,D_local,S_final,10,10,22
deepseek-v3.2-think,S0,30,2,2,Wrong,-0.0252665385847185,round,,D_local,S_final,10,10,22
deepseek-v3.2-think,S0,30,2,3,Correct,-0.0018259430309450764,round,,D_local,S_final,10,10,22
deepseek-v3.2-think,S0,31,1,1,Correct,0.13559926729875804,round,,D_local,S_final,10,10,22
deepseek-v3.2-think,S0,31,1,2,Correct,0.15696684200966093,round,,D_local,S_final,10,10,22
deepseek-v3.2-think,S0,31,1,3,Correct,0.11296443198783229,round,,D_local,S_final,10,10,22
deepseek-v3.2-think,S0,32,1,1,Correct,0.0016735630735977836,round,,D_local,S_final,10,10,22
deepseek-v3.2-think,S0,32,1,2,Wrong,-0.021131099211753823,round,,D_local,S_final,10,10,22
deepseek-v3.2-think,S0,32,1,3,Wrong,0.03381925695901028,round,,D_local,S_final,10,10,22
deepseek-v3.2-think,S0,33,1,1,Wrong,0.05155493546267864,round,,D_local,S_final,10,10,22
deepseek-v3.2-think,S0,33,1,2,Correct,0.04109282929425301,round,,D_local,S_final,10,10,22
deepseek-v3.2-think,S0,33,1,3,Correct,0.0827052871349705,round,,D_local,S_final,10,10,22
deepseek-v3.2-think,S0,34,1,1,Wrong,0.04115909457678213,round,,D_local,S_final,10,10,22
deepseek-v3.2-think,S0,34,1,2,Wrong,-0.009969361652085784,round,,D_local,S_final,10,10,22
deepseek-v3.2-think,S0,34,1,3,Wrong,0.007183668428011547,round,,D_local,S_final,10,10,22
deepseek-v3.2-think,S0,35,1,1,Wrong,-0.0003636468715131347,round,,D_local,S_final,10,10,22
deepseek-v3.2-think,S0,35,1,2,Wrong,0.025118649960544248,round,,D_local,S_final,10,10,22
deepseek-v3.2-think,S0,35,1,3,Correct,-0.015444520562657438,round,,D_local,S_final,10,10,22
deepseek-v3.2-think,S0,36,1,1,Correct,0.09583736715776492,round,,D_local,S_final,10,10,22
deepseek-v3.2-think,S0,36,1,2,Correct,0.10376310929082794,round,,D_local,S_final,10,10,22
deepseek-v3.2-think,S0,36,1,3,Correct,0.0894570600380829,round,,D_local,S_final,10,10,22
deepseek-v3.2-think,S0,36,2,1,Wrong,-0.007143230219584851,round,,D_local,S_final,10,10,22
deepseek-v3.2-think,S0,36,2,2,Wrong,0.0005665600343111032,round,,D_local,S_final,10,10,22
deepseek-v3.2-think,S0,36,2,3,Correct,-0.005596331518410103,round,,D_local,S_final,10,10,22
deepseek-v3.2-think,S0,36,3,1,Correct,-0.009526068149929179,round,,D_local,S_final,10,10,22
deepseek-v3.2-think,S0,36,3,2,Correct,-0.019287278030824195,round,,D_local,S_final,10,10,22
deepseek-v3.2-think,S0,36,3,3,Correct,-0.011329694415783131,round,,D_local,S_final,10,10,22
deepseek-v3.2-think,S0,37,1,1,Wrong,-0.050259478017854464,round,,D_local,S_final,10,10,22
deepseek-v3.2-think,S0,37,1,2,Wrong,0.00026729178372708606,round,,D_local,S_final,10,10,22
deepseek-v3.2-think,S0,37,1,3,Wrong,-0.031005768188805127,round,,D_local,S_final,10,10,22
deepseek-v3.2-think,S0,37,2,1,Correct,0.056449243421785145,round,,D_local,S_final,10,10,22
deepseek-v3.2-think,S0,37,2,2,Correct,0.08541106876173643,round,,D_local,S_final,10,10,22
deepseek-v3.2-think,S0,37,2,3,Correct,0.0673089976790131,round,,D_local,S_final,10,10,22
deepseek-v3.2-think,S0,38,1,1,Wrong,-0.14000589697909332,round,,D_local,S_final,10,10,22
deepseek-v3.2-think,S0,38,1,2,Wrong,-0.12287717059556874,round,,D_local,S_final,10,10,22
deepseek-v3.2-think,S0,38,1,3,Wrong,-0.11491570518000321,round,,D_local,S_final,10,10,22
deepseek-v3.2-think,S0,38,2,1,Wrong,-0.11075903169707024,round,,D_local,S_final,10,10,22
deepseek-v3.2-think,S0,38,2,2,Wrong,-0.08968508760467486,round,,D_local,S_final,10,10,22
deepseek-v3.2-think,S0,38,2,3,Wrong,-0.12650221503035786,round,,D_local,S_final,10,10,22
deepseek-v3.2-think,S0,39,1,1,Correct,-0.038171249290360754,round,,D_local,S_final,10,10,22
deepseek-v3.2-think,S0,39,1,2,Wrong,-0.08427040410665876,round,,D_local,S_final,10,10,22
deepseek-v3.2-think,S0,39,1,3,Correct,-0.03132917611194386,round,,D_local,S_final,10,10,22
deepseek-v3.2-think,S0,39,2,1,Correct,0.18200365214395153,round,,D_local,S_final,10,10,22
deepseek-v3.2-think,S0,39,2,2,Correct,0.16075304823555292,round,,D_local,S_final,10,10,22
deepseek-v3.2-think,S0,39,2,3,Correct,0.16505449817618245,round,,D_local,S_final,10,10,22
deepseek-v3.2-think,S0,40,1,1,Correct,0.07484468015709789,round,,D_local,S_final,10,10,22
deepseek-v3.2-think,S0,40,1,2,Correct,0.06935669565404556,round,,D_local,S_final,10,10,22
deepseek-v3.2-think,S0,40,1,3,Correct,0.07397534689697449,round,,D_local,S_final,10,10,22
deepseek-v3.2-think,S0,40,2,1,Correct,0.06061355354298392,round,,D_local,S_final,10,10,22
deepseek-v3.2-think,S0,40,2,2,Correct,0.05023027851089612,round,,D_local,S_final,10,10,22
deepseek-v3.2-think,S0,40,2,3,Correct,0.07709659862229179,round,,D_local,S_final,10,10,22
deepseek-v3.2-think,S0,40,3,1,Correct,0.0034188181210124124,round,,D_local,S_final,10,10,22
deepseek-v3.2-think,S0,40,3,2,Correct,0.014425703238012622,round,,D_local,S_final,10,10,22
deepseek-v3.2-think,S0,40,3,3,Correct,0.029725861765948713,round,,D_local,S_final,10,10,22
deepseek-v3.2-think,S0,40,4,1,Correct,-0.00414510036406901,round,,D_local,S_final,10,10,22
deepseek-v3.2-think,S0,40,4,2,Wrong,0.011651836689344663,round,,D_local,S_final,10,10,22
deepseek-v3.2-think,S0,40,4,3,Correct,0.005198305588624441,round,,D_local,S_final,10,10,22
deepseek-v3.2-think,S0,40,5,1,Wrong,0.06716209288846642,round,,D_local,S_final,10,10,22
deepseek-v3.2-think,S0,40,5,2,Wrong,0.03854258680001499,round,,D_local,S_final,10,10,22
deepseek-v3.2-think,S0,40,5,3,Wrong,0.08285337460090203,round,,D_local,S_final,10,10,22
deepseek-v3.2-think,S0,40,6,1,Correct,0.04318251191885847,round,,D_local,S_final,10,10,22
deepseek-v3.2-think,S0,40,6,2,Correct,0.04176514518839369,round,,D_local,S_final,10,10,22
deepseek-v3.2-think,S0,40,6,3,Correct,0.047788705711611756,round,,D_local,S_final,10,10,22
deepseek-v3.2-think,S0,41,1,1,Correct,0.08764366733404871,round,,D_local,S_final,10,10,22
deepseek-v3.2-think,S0,41,1,2,Correct,0.10939020552040146,round,,D_local,S_final,10,10,22
deepseek-v3.2-think,S0,41,1,3,Correct,0.08642425581512214,round,,D_local,S_final,10,10,22
deepseek-v3.2-think,S0,42,1,1,Wrong,-0.034407171826384086,round,,D_local,S_final,10,10,22
deepseek-v3.2-think,S0,42,1,2,Wrong,-0.04492795030819785,round,,D_local,S_final,10,10,22
deepseek-v3.2-think,S0,42,1,3,Wrong,-0.02016175023440958,round,,D_local,S_final,10,10,22
deepseek-v3.2-think,S0,43,1,1,Wrong,-0.06155297003466542,round,,D_local,S_final,10,10,22
deepseek-v3.2-think,S0,43,1,2,Wrong,-0.06729182801390787,round,,D_local,S_final,10,10,22
deepseek-v3.2-think,S0,43,1,3,Wrong,-0.06314022620723014,round,,D_local,S_final,10,10,22
deepseek-v3.2-think,S0,44,1,1,Wrong,0.0447006717926316,round,,D_local,S_final,10,10,22
deepseek-v3.2-think,S0,44,1,2,Wrong,0.054931220268002345,round,,D_local,S_final,10,10,22
deepseek-v3.2-think,S0,44,1,3,Wrong,0.06487305562710399,round,,D_local,S_final,10,10,22
deepseek-v3.2-think,S0,45,1,1,Correct,0.14600230110561574,round,,D_local,S_final,10,10,22
deepseek-v3.2-think,S0,45,1,2,Correct,0.16424264321412008,round,,D_local,S_final,10,10,22
deepseek-v3.2-think,S0,45,1,3,Correct,0.14633693240707035,round,,D_local,S_final,10,10,22
deepseek-v3.2-think,S0,45,2,1,Wrong,-0.08663854412568017,round,,D_local,S_final,10,10,22
deepseek-v3.2-think,S0,45,2,2,Wrong,-0.1021139150716448,round,,D_local,S_final,10,10,22
deepseek-v3.2-think,S0,45,2,3,Wrong,-0.09910676973303933,round,,D_local,S_final,10,10,22
deepseek-v3.2-think,S0,45,3,1,Wrong,-0.07755367763103194,round,,D_local,S_final,10,10,22
deepseek-v3.2-think,S0,45,3,2,Wrong,-0.071390066094351,round,,D_local,S_final,10,10,22
deepseek-v3.2-think,S0,45,3,3,Wrong,-0.08046192450199408,round,,D_local,S_final,10,10,22
deepseek-v3.2-think,S0,46,1,1,Correct,0.1001261750254866,round,,D_local,S_final,10,10,22
deepseek-v3.2-think,S0,46,1,2,Correct,0.09680661197006879,round,,D_local,S_final,10,10,22
deepseek-v3.2-think,S0,46,1,3,Correct,0.11252367541023589,round,,D_local,S_final,10,10,22
deepseek-v3.2-think,S0,46,2,1,Correct,0.05855355965591513,round,,D_local,S_final,10,10,22
deepseek-v3.2-think,S0,46,2,2,Correct,0.04547782087532337,round,,D_local,S_final,10,10,22
deepseek-v3.2-think,S0,46,2,3,Correct,0.04784320234103756,round,,D_local,S_final,10,10,22
deepseek-v3.2-think,S0,47,1,1,Correct,0.1110733321879841,round,,D_local,S_final,10,10,22
deepseek-v3.2-think,S0,47,1,2,Correct,0.11431457761861186,round,,D_local,S_final,10,10,22
deepseek-v3.2-think,S0,47,1,3,Correct,0.118093405909658,round,,D_local,S_final,10,10,22
deepseek-v3.2-think,S0,47,2,1,Correct,0.025813926793217812,round,,D_local,S_final,10,10,22
deepseek-v3.2-think,S0,47,2,2,Correct,-0.011792183467097872,round,,D_local,S_final,10,10,22
deepseek-v3.2-think,S0,47,2,3,Correct,0.02450438207165706,round,,D_local,S_final,10,10,22
deepseek-v3.2-think,S0,48,1,1,Correct,0.10437926693939548,round,,D_local,S_final,10,10,22
deepseek-v3.2-think,S0,48,1,2,Correct,0.09932052384814416,round,,D_local,S_final,10,10,22
deepseek-v3.2-think,S0,48,1,3,Correct,0.09509126387182631,round,,D_local,S_final,10,10,22
deepseek-v3.2-think,S0,48,2,1,Wrong,-0.014555512618728561,round,,D_local,S_final,10,10,22
deepseek-v3.2-think,S0,48,2,2,Correct,-0.0350590471650889,round,,D_local,S_final,10,10,22
deepseek-v3.2-think,S0,48,2,3,Wrong,-0.028147216554662235,round,,D_local,S_final,10,10,22
deepseek-v3.2-think,S0,49,1,1,Wrong,0.005827976694556591,round,,D_local,S_final,10,10,22
deepseek-v3.2-think,S0,49,1,2,Correct,0.05019156040920758,round,,D_local,S_final,10,10,22
deepseek-v3.2-think,S0,49,1,3,Wrong,0.009405260876806099,round,,D_local,S_final,10,10,22
deepseek-v3.2-think,S0,50,1,1,Wrong,0.0005878724913855882,round,,D_local,S_final,10,10,22
deepseek-v3.2-think,S0,50,1,2,Wrong,0.008574978270281752,round,,D_local,S_final,10,10,22
deepseek-v3.2-think,S0,50,1,3,Correct,0.01808048040650534,round,,D_local,S_final,10,10,22
deepseek-v3.2-think,S0,51,1,1,Wrong,0.10333863033010726,round,,D_local,S_final,10,10,22
deepseek-v3.2-think,S0,51,1,2,Wrong,0.07509671067810364,round,,D_local,S_final,10,10,22
deepseek-v3.2-think,S0,51,1,3,Wrong,0.05694813923413844,round,,D_local,S_final,10,10,22
deepseek-v3.2-think,S0,52,1,1,Correct,0.17083869214238045,round,,D_local,S_final,10,10,22
deepseek-v3.2-think,S0,52,1,2,Correct,0.15343957118257723,round,,D_local,S_final,10,10,22
deepseek-v3.2-think,S0,52,1,3,Correct,0.15415391577513426,round,,D_local,S_final,10,10,22
deepseek-v3.2-think,S0,53,1,1,Wrong,0.00020320780162708107,round,,D_local,S_final,10,10,22
deepseek-v3.2-think,S0,53,1,2,Wrong,0.04410677872747193,round,,D_local,S_final,10,10,22
deepseek-v3.2-think,S0,53,1,3,Wrong,0.0010099004191170824,round,,D_local,S_final,10,10,22
deepseek-v3.2-think,S0,53,2,1,Correct,0.06092447433971204,round,,D_local,S_final,10,10,22
deepseek-v3.2-think,S0,53,2,2,Correct,0.05778587851369521,round,,D_local,S_final,10,10,22
deepseek-v3.2-think,S0,53,2,3,Correct,0.07938405550875671,round,,D_local,S_final,10,10,22
deepseek-v3.2-think,S0,54,1,1,Wrong,-0.08612996350568924,round,,D_local,S_final,10,10,22
deepseek-v3.2-think,S0,54,1,2,Wrong,-0.06741375835369556,round,,D_local,S_final,10,10,22
deepseek-v3.2-think,S0,54,1,3,Wrong,-0.09355584316844523,round,,D_local,S_final,10,10,22
deepseek-v3.2-think,S0,54,2,1,Correct,0.08414995816259863,round,,D_local,S_final,10,10,22
deepseek-v3.2-think,S0,54,2,2,Correct,0.07365847011577586,round,,D_local,S_final,10,10,22
deepseek-v3.2-think,S0,54,2,3,Correct,0.07942539171829999,round,,D_local,S_final,10,10,22
deepseek-v3.2-think,S0,55,1,1,Correct,-0.0406761796118289,round,,D_local,S_final,10,10,22
deepseek-v3.2-think,S0,55,1,2,Wrong,-0.05705812480001826,round,,D_local,S_final,10,10,22
deepseek-v3.2-think,S0,55,1,3,Wrong,-0.05783047550287701,round,,D_local,S_final,10,10,22
deepseek-v3.2-think,S0,55,2,1,Correct,0.1178521901036153,round,,D_local,S_final,10,10,22
deepseek-v3.2-think,S0,55,2,2,Correct,0.12314531803890999,round,,D_local,S_final,10,10,22
deepseek-v3.2-think,S0,55,2,3,Correct,0.11682081398786548,round,,D_local,S_final,10,10,22
deepseek-v3.2-think,S0,56,1,1,Correct,0.042718747759097675,round,,D_local,S_final,10,10,22
deepseek-v3.2-think,S0,56,1,2,Correct,0.0680981193999447,round,,D_local,S_final,10,10,22
deepseek-v3.2-think,S0,56,1,3,Correct,0.002347500699927507,round,,D_local,S_final,10,10,22
deepseek-v3.2-think,S0,56,2,1,Correct,0.055608893006674265,round,,D_local,S_final,10,10,22
deepseek-v3.2-think,S0,56,2,2,Correct,0.0754059266502986,round,,D_local,S_final,10,10,22
deepseek-v3.2-think,S0,56,2,3,Correct,0.04407449720850021,round,,D_local,S_final,10,10,22
deepseek-v3.2-think,S0,57,1,1,Wrong,-0.10785326083170221,round,,D_local,S_final,10,10,22
deepseek-v3.2-think,S0,57,1,2,Wrong,-0.0978056278978312,round,,D_local,S_final,10,10,22
deepseek-v3.2-think,S0,57,1,3,Wrong,-0.11847382596929179,round,,D_local,S_final,10,10,22
deepseek-v3.2-think,S0,57,2,1,Wrong,-0.17381695565621202,round,,D_local,S_final,10,10,22
deepseek-v3.2-think,S0,57,2,2,Wrong,-0.12942010830109052,round,,D_local,S_final,10,10,22
deepseek-v3.2-think,S0,57,2,3,Wrong,-0.17242183143367495,round,,D_local,S_final,10,10,22
deepseek-v3.2-think,S0,58,1,1,Correct,0.0018991497259979173,round,,D_local,S_final,10,10,22
deepseek-v3.2-think,S0,58,1,2,Correct,0.003641922580310819,round,,D_local,S_final,10,10,22
deepseek-v3.2-think,S0,58,1,3,Correct,0.001708656287905952,round,,D_local,S_final,10,10,22
deepseek-v3.2-think,S0,58,2,1,Correct,0.053289218943101235,round,,D_local,S_final,10,10,22
deepseek-v3.2-think,S0,58,2,2,Correct,0.042960491137782775,round,,D_local,S_final,10,10,22
deepseek-v3.2-think,S0,58,2,3,Correct,0.0681655534891138,round,,D_local,S_final,10,10,22
deepseek-v3.2-think,S0,59,1,1,Correct,-0.05332592633708466,round,,D_local,S_final,10,10,22
deepseek-v3.2-think,S0,59,1,2,Correct,-0.0360057200842695,round,,D_local,S_final,10,10,22
deepseek-v3.2-think,S0,59,1,3,Wrong,-0.040269245088456807,round,,D_local,S_final,10,10,22
deepseek-v3.2-think,S0,59,2,1,Correct,0.06593372020910138,round,,D_local,S_final,10,10,22
deepseek-v3.2-think,S0,59,2,2,Correct,0.06013257874725314,round,,D_local,S_final,10,10,22
deepseek-v3.2-think,S0,59,2,3,Correct,0.056089512816488774,round,,D_local,S_final,10,10,22
deepseek-v3.2-think,S0,60,1,1,Correct,-0.07000786944273257,round,,D_local,S_final,10,10,22
deepseek-v3.2-think,S0,60,1,2,Wrong,-0.0969830276602664,round,,D_local,S_final,10,10,22
deepseek-v3.2-think,S0,60,1,3,Correct,-0.0900021595801821,round,,D_local,S_final,10,10,22
deepseek-v3.2-think,S0,60,2,1,Correct,0.08852747798910293,round,,D_local,S_final,10,10,22
deepseek-v3.2-think,S0,60,2,2,Correct,0.05951701044548019,round,,D_local,S_final,10,10,22
deepseek-v3.2-think,S0,60,2,3,Correct,0.06835620558792399,round,,D_local,S_final,10,10,22
deepseek-v3.2-think,S0,61,1,1,Wrong,-0.0889184786859083,round,,D_local,S_final,10,10,22
deepseek-v3.2-think,S0,61,1,2,Correct,-0.07040405456664167,round,,D_local,S_final,10,10,22
deepseek-v3.2-think,S0,61,1,3,Wrong,-0.08989779899730277,round,,D_local,S_final,10,10,22
deepseek-v3.2-think,S0,61,2,1,Correct,0.09605599704171008,round,,D_local,S_final,10,10,22
deepseek-v3.2-think,S0,61,2,2,Correct,0.08554320810965121,round,,D_local,S_final,10,10,22
deepseek-v3.2-think,S0,61,2,3,Correct,0.09255083921619112,round,,D_local,S_final,10,10,22
deepseek-v3.2-think,S0,62,1,1,Wrong,-0.007035624396319995,round,,D_local,S_final,10,10,22
deepseek-v3.2-think,S0,62,1,2,Wrong,-0.0112859371039985,round,,D_local,S_final,10,10,22
deepseek-v3.2-think,S0,62,1,3,Wrong,-0.02803432052060051,round,,D_local,S_final,10,10,22
deepseek-v3.2-think,S0,62,2,1,Wrong,0.004334139484865829,round,,D_local,S_final,10,10,22
deepseek-v3.2-think,S0,62,2,2,Wrong,-0.00803735869754496,round,,D_local,S_final,10,10,22
deepseek-v3.2-think,S0,62,2,3,Wrong,-0.010711293790702459,round,,D_local,S_final,10,10,22
deepseek-v3.2-think,S0,63,1,1,Wrong,-0.004158965708439877,round,,D_local,S_final,10,10,22
deepseek-v3.2-think,S0,63,1,2,Correct,0.014500389797525215,round,,D_local,S_final,10,10,22
deepseek-v3.2-think,S0,63,1,3,Wrong,-0.004316424915262851,round,,D_local,S_final,10,10,22
deepseek-v3.2-think,S0,63,2,1,Wrong,-0.013613370670181646,round,,D_local,S_final,10,10,22
deepseek-v3.2-think,S0,63,2,2,Wrong,-0.003313531128484315,round,,D_local,S_final,10,10,22
deepseek-v3.2-think,S0,63,2,3,Wrong,-0.011287444940579872,round,,D_local,S_final,10,10,22
deepseek-v3.2-think,S0,64,1,1,Correct,-0.005176325218795852,round,,D_local,S_final,10,10,22
deepseek-v3.2-think,S0,64,1,2,Correct,0.04609728517816891,round,,D_local,S_final,10,10,22
deepseek-v3.2-think,S0,64,1,3,Correct,-0.004118900384466384,round,,D_local,S_final,10,10,22
deepseek-v3.2-think,S0,64,2,1,Correct,0.034826133152948135,round,,D_local,S_final,10,10,22
deepseek-v3.2-think,S0,64,2,2,Correct,0.04211568773817265,round,,D_local,S_final,10,10,22
deepseek-v3.2-think,S0,64,2,3,Correct,0.07695275823426329,round,,D_local,S_final,10,10,22
deepseek-v3.2-think,S1_1,1,1,1,Correct,0.11334311218973525,round,,D_local,S_final,10,10,22
deepseek-v3.2-think,S1_1,1,1,2,Wrong,0.0882201144912158,round,,D_local,S_final,10,10,22
deepseek-v3.2-think,S1_1,1,1,3,Correct,0.08897563945208076,round,,D_local,S_final,10,10,22
deepseek-v3.2-think,S1_1,1,2,1,Correct,0.02376298645004693,round,,D_local,S_final,10,10,22
deepseek-v3.2-think,S1_1,1,2,2,Correct,0.03193162799438054,round,,D_local,S_final,10,10,22
deepseek-v3.2-think,S1_1,1,2,3,Correct,0.036719062411231795,round,,D_local,S_final,10,10,22
deepseek-v3.2-think,S1_1,1,3,1,Correct,-0.008859237714219925,round,,D_local,S_final,10,10,22
deepseek-v3.2-think,S1_1,1,3,2,Correct,-0.021084012605043223,round,,D_local,S_final,10,10,22
deepseek-v3.2-think,S1_1,1,3,3,Correct,-0.0276388745535876,round,,D_local,S_final,10,10,22
deepseek-v3.2-think,S1_1,1,4,1,Correct,0.10208936709772543,round,,D_local,S_final,10,10,22
deepseek-v3.2-think,S1_1,1,4,2,Correct,0.08090102920679165,round,,D_local,S_final,10,10,22
deepseek-v3.2-think,S1_1,1,4,3,Correct,0.08519386676008156,round,,D_local,S_final,10,10,22
deepseek-v3.2-think,S1_1,1,5,1,Correct,0.06323755769892059,round,,D_local,S_final,10,10,22
deepseek-v3.2-think,S1_1,1,5,2,Correct,0.04157741363684908,round,,D_local,S_final,10,10,22
deepseek-v3.2-think,S1_1,1,5,3,Correct,0.09060325076184617,round,,D_local,S_final,10,10,22
deepseek-v3.2-think,S1_1,2,1,1,Correct,0.20108086667152947,round,,D_local,S_final,10,10,22
deepseek-v3.2-think,S1_1,2,1,2,Wrong,0.18383996296888666,round,,D_local,S_final,10,10,22
deepseek-v3.2-think,S1_1,2,1,3,Wrong,0.20428630535108067,round,,D_local,S_final,10,10,22
deepseek-v3.2-think,S1_1,3,1,1,Correct,0.2199081992521848,round,,D_local,S_final,10,10,22
deepseek-v3.2-think,S1_1,3,1,2,Wrong,0.1427105979026294,round,,D_local,S_final,10,10,22
deepseek-v3.2-think,S1_1,3,1,3,Correct,0.19603504208474087,round,,D_local,S_final,10,10,22
deepseek-v3.2-think,S1_1,3,2,1,Correct,0.2124296577578667,round,,D_local,S_final,10,10,22
deepseek-v3.2-think,S1_1,3,2,2,Correct,0.20557070157267232,round,,D_local,S_final,10,10,22
deepseek-v3.2-think,S1_1,3,2,3,Correct,0.20869756418999175,round,,D_local,S_final,10,10,22
deepseek-v3.2-think,S1_1,4,1,1,Correct,0.12423139990217213,round,,D_local,S_final,10,10,22
deepseek-v3.2-think,S1_1,4,1,2,Correct,0.12278547912848725,round,,D_local,S_final,10,10,22
deepseek-v3.2-think,S1_1,4,1,3,Correct,0.12108961831859033,round,,D_local,S_final,10,10,22
deepseek-v3.2-think,S1_1,4,2,1,Correct,0.08798161163444451,round,,D_local,S_final,10,10,22
deepseek-v3.2-think,S1_1,4,2,2,Wrong,0.0865731385432662,round,,D_local,S_final,10,10,22
deepseek-v3.2-think,S1_1,4,2,3,Correct,0.09929569217942824,round,,D_local,S_final,10,10,22
deepseek-v3.2-think,S1_1,4,3,1,Correct,0.06070894639550117,round,,D_local,S_final,10,10,22
deepseek-v3.2-think,S1_1,4,3,2,Correct,0.047650803404887476,round,,D_local,S_final,10,10,22
deepseek-v3.2-think,S1_1,4,3,3,Correct,0.04592581377396243,round,,D_local,S_final,10,10,22
deepseek-v3.2-think,S1_1,5,1,1,Correct,0.09477724076310212,round,,D_local,S_final,10,10,22
deepseek-v3.2-think,S1_1,5,1,2,Correct,0.12410952337926129,round,,D_local,S_final,10,10,22
deepseek-v3.2-think,S1_1,5,1,3,Correct,0.12766290081039844,round,,D_local,S_final,10,10,22
deepseek-v3.2-think,S1_1,5,2,1,Correct,0.0651287565761971,round,,D_local,S_final,10,10,22
deepseek-v3.2-think,S1_1,5,2,2,Correct,0.0786310571199359,round,,D_local,S_final,10,10,22
deepseek-v3.2-think,S1_1,5,2,3,Correct,0.06016770441598518,round,,D_local,S_final,10,10,22
deepseek-v3.2-think,S1_1,5,3,1,Wrong,0.06444595573603706,round,,D_local,S_final,10,10,22
deepseek-v3.2-think,S1_1,5,3,2,Wrong,0.05755201038531521,round,,D_local,S_final,10,10,22
deepseek-v3.2-think,S1_1,5,3,3,Wrong,0.06924506327619129,round,,D_local,S_final,10,10,22
deepseek-v3.2-think,S1_1,6,1,1,Correct,0.07923120931393801,round,,D_local,S_final,10,10,22
deepseek-v3.2-think,S1_1,6,1,2,Correct,0.09215943823751316,round,,D_local,S_final,10,10,22
deepseek-v3.2-think,S1_1,6,1,3,Correct,0.10423497305455565,round,,D_local,S_final,10,10,22
deepseek-v3.2-think,S1_1,6,2,1,Wrong,0.026667337316271134,round,,D_local,S_final,10,10,22
deepseek-v3.2-think,S1_1,6,2,2,Correct,0.06704754499623278,round,,D_local,S_final,10,10,22
deepseek-v3.2-think,S1_1,6,2,3,Wrong,-0.006623984502316382,round,,D_local,S_final,10,10,22
deepseek-v3.2-think,S1_1,6,3,1,Correct,0.0828254365284028,round,,D_local,S_final,10,10,22
deepseek-v3.2-think,S1_1,6,3,2,Correct,0.07825506563401663,round,,D_local,S_final,10,10,22
deepseek-v3.2-think,S1_1,6,3,3,Correct,0.06451748678555413,round,,D_local,S_final,10,10,22
deepseek-v3.2-think,S1_1,7,1,1,Correct,0.07935406077295881,round,,D_local,S_final,10,10,22
deepseek-v3.2-think,S1_1,7,1,2,Wrong,0.07512070654279068,round,,D_local,S_final,10,10,22
deepseek-v3.2-think,S1_1,7,1,3,Correct,0.07979591850325563,round,,D_local,S_final,10,10,22
deepseek-v3.2-think,S1_1,7,2,1,Wrong,0.09081845410663958,round,,D_local,S_final,10,10,22
deepseek-v3.2-think,S1_1,7,2,2,Wrong,0.08488529763442665,round,,D_local,S_final,10,10,22
deepseek-v3.2-think,S1_1,7,2,3,Wrong,0.08442928192986865,round,,D_local,S_final,10,10,22
deepseek-v3.2-think,S1_1,7,3,1,Wrong,-0.01379733484861112,round,,D_local,S_final,10,10,22
deepseek-v3.2-think,S1_1,7,3,2,Wrong,-0.01580849009795593,round,,D_local,S_final,10,10,22
deepseek-v3.2-think,S1_1,7,3,3,Wrong,-0.011504959770493484,round,,D_local,S_final,10,10,22
deepseek-v3.2-think,S1_1,7,4,1,Correct,-0.009994799082155392,round,,D_local,S_final,10,10,22
deepseek-v3.2-think,S1_1,7,4,2,Correct,-0.01244225442808633,round,,D_local,S_final,10,10,22
deepseek-v3.2-think,S1_1,7,4,3,Correct,0.01075771434414885,round,,D_local,S_final,10,10,22
deepseek-v3.2-think,S1_1,7,5,1,Correct,0.053605485635111694,round,,D_local,S_final,10,10,22
deepseek-v3.2-think,S1_1,7,5,2,Correct,0.06806523505794015,round,,D_local,S_final,10,10,22
deepseek-v3.2-think,S1_1,7,5,3,Correct,0.08655496743790969,round,,D_local,S_final,10,10,22
deepseek-v3.2-think,S1_1,7,6,1,Wrong,-0.0015116417800212778,round,,D_local,S_final,10,10,22
deepseek-v3.2-think,S1_1,7,6,2,Wrong,-0.022419799750438507,round,,D_local,S_final,10,10,22
deepseek-v3.2-think,S1_1,7,6,3,Wrong,-0.02304463193773909,round,,D_local,S_final,10,10,22
deepseek-v3.2-think,S1_1,7,7,1,Wrong,0.06117734324339008,round,,D_local,S_final,10,10,22
deepseek-v3.2-think,S1_1,7,7,2,Wrong,0.07347407700405795,round,,D_local,S_final,10,10,22
deepseek-v3.2-think,S1_1,7,7,3,Wrong,0.08171552378233704,round,,D_local,S_final,10,10,22
deepseek-v3.2-think,S1_1,7,8,1,Correct,0.020652932319762174,round,,D_local,S_final,10,10,22
deepseek-v3.2-think,S1_1,7,8,2,Correct,0.043323497770052954,round,,D_local,S_final,10,10,22
deepseek-v3.2-think,S1_1,7,8,3,Correct,0.09931966308128848,round,,D_local,S_final,10,10,22
deepseek-v3.2-think,S1_1,7,9,1,Correct,0.0693594886976735,round,,D_local,S_final,10,10,22
deepseek-v3.2-think,S1_1,7,9,2,Correct,0.08602212301966605,round,,D_local,S_final,10,10,22
deepseek-v3.2-think,S1_1,7,9,3,Correct,0.10674749194986055,round,,D_local,S_final,10,10,22
deepseek-v3.2-think,S1_1,7,10,1,Wrong,0.014137206301757188,round,,D_local,S_final,10,10,22
deepseek-v3.2-think,S1_1,7,10,2,Wrong,-0.006458569527940106,round,,D_local,S_final,10,10,22
deepseek-v3.2-think,S1_1,7,10,3,Wrong,0.0008101550000035873,round,,D_local,S_final,10,10,22
deepseek-v3.2-think,S1_1,7,11,1,Wrong,0.0560931783703581,round,,D_local,S_final,10,10,22
deepseek-v3.2-think,S1_1,7,11,2,Wrong,0.10908353177191288,round,,D_local,S_final,10,10,22
deepseek-v3.2-think,S1_1,7,11,3,Wrong,0.05349861618349927,round,,D_local,S_final,10,10,22
deepseek-v3.2-think,S1_1,8,1,1,Correct,0.08273250152581291,round,,D_local,S_final,10,10,22
deepseek-v3.2-think,S1_1,8,1,2,Wrong,0.06626486413312449,round,,D_local,S_final,10,10,22
deepseek-v3.2-think,S1_1,8,1,3,Correct,0.08191385702353748,round,,D_local,S_final,10,10,22
deepseek-v3.2-think,S1_1,8,2,1,Correct,0.0770274138226964,round,,D_local,S_final,10,10,22
deepseek-v3.2-think,S1_1,8,2,2,Correct,0.061467886412525985,round,,D_local,S_final,10,10,22
deepseek-v3.2-think,S1_1,8,2,3,Correct,0.05370110595974498,round,,D_local,S_final,10,10,22
deepseek-v3.2-think,S1_1,8,3,1,Wrong,0.007184762246633891,round,,D_local,S_final,10,10,22
deepseek-v3.2-think,S1_1,8,3,2,Wrong,0.006132910876725961,round,,D_local,S_final,10,10,22
deepseek-v3.2-think,S1_1,8,3,3,Wrong,0.03266769561607119,round,,D_local,S_final,10,10,22
deepseek-v3.2-think,S1_1,8,4,1,Wrong,-0.023199797382890686,round,,D_local,S_final,10,10,22
deepseek-v3.2-think,S1_1,8,4,2,Wrong,0.01462128697216869,round,,D_local,S_final,10,10,22
deepseek-v3.2-think,S1_1,8,4,3,Wrong,-0.01003003966422722,round,,D_local,S_final,10,10,22
deepseek-v3.2-think,S1_1,9,1,1,Correct,0.0355078034563554,round,,D_local,S_final,10,10,22
deepseek-v3.2-think,S1_1,9,1,2,Correct,0.043181667309894145,round,,D_local,S_final,10,10,22
deepseek-v3.2-think,S1_1,9,1,3,Correct,0.043896206577933694,round,,D_local,S_final,10,10,22
deepseek-v3.2-think,S1_1,9,2,1,Wrong,0.04025721822175199,round,,D_local,S_final,10,10,22
deepseek-v3.2-think,S1_1,9,2,2,Wrong,0.051477685045347776,round,,D_local,S_final,10,10,22
deepseek-v3.2-think,S1_1,9,2,3,Wrong,0.04198299077577028,round,,D_local,S_final,10,10,22
deepseek-v3.2-think,S1_1,9,3,1,Correct,0.06298117249627533,round,,D_local,S_final,10,10,22
deepseek-v3.2-think,S1_1,9,3,2,Correct,0.0642622287288599,round,,D_local,S_final,10,10,22
deepseek-v3.2-think,S1_1,9,3,3,Correct,0.058441231185275444,round,,D_local,S_final,10,10,22
deepseek-v3.2-think,S1_1,10,1,1,Wrong,0.09434325436014979,round,,D_local,S_final,10,10,22
deepseek-v3.2-think,S1_1,10,1,2,Wrong,0.0925182543661992,round,,D_local,S_final,10,10,22
deepseek-v3.2-think,S1_1,10,1,3,Wrong,0.07457857228717835,round,,D_local,S_final,10,10,22
deepseek-v3.2-think,S1_1,10,2,1,Wrong,0.09935421322832083,round,,D_local,S_final,10,10,22
deepseek-v3.2-think,S1_1,10,2,2,Correct,0.11186703180155155,round,,D_local,S_final,10,10,22
deepseek-v3.2-think,S1_1,10,2,3,Correct,0.10465121159446722,round,,D_local,S_final,10,10,22
deepseek-v3.2-think,S1_1,11,1,1,Wrong,0.017481250737431453,round,,D_local,S_final,10,10,22
deepseek-v3.2-think,S1_1,11,1,2,Correct,-0.00763114230118811,round,,D_local,S_final,10,10,22
deepseek-v3.2-think,S1_1,11,1,3,Wrong,-0.03601931002610542,round,,D_local,S_final,10,10,22
deepseek-v3.2-think,S1_1,12,1,1,Correct,0.010137739411336555,round,,D_local,S_final,10,10,22
deepseek-v3.2-think,S1_1,12,1,2,Correct,0.02745752866276374,round,,D_local,S_final,10,10,22
deepseek-v3.2-think,S1_1,12,1,3,Correct,-0.007913844666515235,round,,D_local,S_final,10,10,22
deepseek-v3.2-think,S1_1,13,1,1,Wrong,0.14684933598709737,round,,D_local,S_final,10,10,22
deepseek-v3.2-think,S1_1,13,1,2,Correct,0.1589903227449867,round,,D_local,S_final,10,10,22
deepseek-v3.2-think,S1_1,13,1,3,Correct,0.16444338552589266,round,,D_local,S_final,10,10,22
deepseek-v3.2-think,S1_1,13,2,1,Wrong,-0.012496532217229572,round,,D_local,S_final,10,10,22
deepseek-v3.2-think,S1_1,13,2,2,Correct,-0.00450161984373032,round,,D_local,S_final,10,10,22
deepseek-v3.2-think,S1_1,13,2,3,Wrong,0.019655242744738954,round,,D_local,S_final,10,10,22
deepseek-v3.2-think,S1_1,13,3,1,Wrong,0.027005404584822146,round,,D_local,S_final,10,10,22
deepseek-v3.2-think,S1_1,13,3,2,Correct,0.07891864520578262,round,,D_local,S_final,10,10,22
deepseek-v3.2-think,S1_1,13,3,3,Wrong,0.004968074998546568,round,,D_local,S_final,10,10,22
deepseek-v3.2-think,S1_1,14,1,1,Correct,0.07212011758621018,round,,D_local,S_final,10,10,22
deepseek-v3.2-think,S1_1,14,1,2,Correct,0.07674789344636301,round,,D_local,S_final,10,10,22
deepseek-v3.2-think,S1_1,14,1,3,Correct,0.044109710750748654,round,,D_local,S_final,10,10,22
deepseek-v3.2-think,S1_1,15,1,1,Wrong,-0.09326900909551983,round,,D_local,S_final,10,10,22
deepseek-v3.2-think,S1_1,15,1,2,Wrong,-0.08621011807983026,round,,D_local,S_final,10,10,22
deepseek-v3.2-think,S1_1,15,1,3,Wrong,-0.08316433401949819,round,,D_local,S_final,10,10,22
deepseek-v3.2-think,S1_1,16,1,1,Correct,0.14751929729387037,round,,D_local,S_final,10,10,22
deepseek-v3.2-think,S1_1,16,1,2,Correct,0.12168651812687581,round,,D_local,S_final,10,10,22
deepseek-v3.2-think,S1_1,16,1,3,Correct,0.12649696863553006,round,,D_local,S_final,10,10,22
deepseek-v3.2-think,S1_1,17,1,1,Correct,0.04924972047809584,round,,D_local,S_final,10,10,22
deepseek-v3.2-think,S1_1,17,1,2,Correct,0.0584542457608207,round,,D_local,S_final,10,10,22
deepseek-v3.2-think,S1_1,17,1,3,Correct,0.03971637416359519,round,,D_local,S_final,10,10,22
deepseek-v3.2-think,S1_1,18,1,1,Correct,0.13481201512608953,round,,D_local,S_final,10,10,22
deepseek-v3.2-think,S1_1,18,1,2,Correct,0.10381476793465716,round,,D_local,S_final,10,10,22
deepseek-v3.2-think,S1_1,18,1,3,Correct,0.1164938899121628,round,,D_local,S_final,10,10,22
deepseek-v3.2-think,S1_1,19,1,1,Correct,0.08903009363861814,round,,D_local,S_final,10,10,22
deepseek-v3.2-think,S1_1,19,1,2,Correct,0.009468319711343764,round,,D_local,S_final,10,10,22
deepseek-v3.2-think,S1_1,19,1,3,Correct,0.06958961635259875,round,,D_local,S_final,10,10,22
deepseek-v3.2-think,S1_1,20,1,1,Correct,0.1285409313771919,round,,D_local,S_final,10,10,22
deepseek-v3.2-think,S1_1,20,1,2,Correct,0.1335506228051193,round,,D_local,S_final,10,10,22
deepseek-v3.2-think,S1_1,20,1,3,Correct,0.14361612691165976,round,,D_local,S_final,10,10,22
deepseek-v3.2-think,S1_1,21,1,1,Correct,0.10992478296825059,round,,D_local,S_final,10,10,22
deepseek-v3.2-think,S1_1,21,1,2,Correct,0.10494754984674959,round,,D_local,S_final,10,10,22
deepseek-v3.2-think,S1_1,21,1,3,Correct,0.09887630381605639,round,,D_local,S_final,10,10,22
deepseek-v3.2-think,S1_1,22,1,1,Correct,0.033843727750175745,round,,D_local,S_final,10,10,22
deepseek-v3.2-think,S1_1,22,1,2,Wrong,0.021974450168134096,round,,D_local,S_final,10,10,22
deepseek-v3.2-think,S1_1,22,1,3,Correct,0.036057482114609685,round,,D_local,S_final,10,10,22
deepseek-v3.2-think,S1_1,23,1,1,Correct,0.056928141993824566,round,,D_local,S_final,10,10,22
deepseek-v3.2-think,S1_1,23,1,2,Correct,0.08202635302944083,round,,D_local,S_final,10,10,22
deepseek-v3.2-think,S1_1,23,1,3,Correct,0.07468927490170774,round,,D_local,S_final,10,10,22
deepseek-v3.2-think,S1_1,24,1,1,Correct,0.029478359789725128,round,,D_local,S_final,10,10,22
deepseek-v3.2-think,S1_1,24,1,2,Correct,0.023863856855469212,round,,D_local,S_final,10,10,22
deepseek-v3.2-think,S1_1,24,1,3,Correct,0.03073091368125347,round,,D_local,S_final,10,10,22
deepseek-v3.2-think,S1_1,25,1,1,Correct,0.012218645155443575,round,,D_local,S_final,10,10,22
deepseek-v3.2-think,S1_1,25,1,2,Correct,-0.0227876713606342,round,,D_local,S_final,10,10,22
deepseek-v3.2-think,S1_1,25,1,3,Correct,-0.05429098816619571,round,,D_local,S_final,10,10,22
deepseek-v3.2-think,S1_1,25,2,1,Correct,0.08387347853432414,round,,D_local,S_final,10,10,22
deepseek-v3.2-think,S1_1,25,2,2,Correct,0.08059476584996639,round,,D_local,S_final,10,10,22
deepseek-v3.2-think,S1_1,25,2,3,Correct,0.08526664665301797,round,,D_local,S_final,10,10,22
deepseek-v3.2-think,S1_1,26,1,1,Correct,0.09337179721870031,round,,D_local,S_final,10,10,22
deepseek-v3.2-think,S1_1,26,1,2,Correct,0.08544000032181709,round,,D_local,S_final,10,10,22
deepseek-v3.2-think,S1_1,26,1,3,Correct,0.08350773796532379,round,,D_local,S_final,10,10,22
deepseek-v3.2-think,S1_1,26,2,1,Correct,-0.023263155795731183,round,,D_local,S_final,10,10,22
deepseek-v3.2-think,S1_1,26,2,2,Correct,0.014384887696945237,round,,D_local,S_final,10,10,22
deepseek-v3.2-think,S1_1,26,2,3,Correct,-0.041445143702940945,round,,D_local,S_final,10,10,22
deepseek-v3.2-think,S1_1,26,3,1,Correct,-0.034797194464525893,round,,D_local,S_final,10,10,22
deepseek-v3.2-think,S1_1,26,3,2,Correct,-0.03501412854271868,round,,D_local,S_final,10,10,22
deepseek-v3.2-think,S1_1,26,3,3,Correct,-0.0267898495140928,round,,D_local,S_final,10,10,22
deepseek-v3.2-think,S1_1,26,4,1,Correct,0.14467583423918107,round,,D_local,S_final,10,10,22
deepseek-v3.2-think,S1_1,26,4,2,Correct,0.1502846530910339,round,,D_local,S_final,10,10,22
deepseek-v3.2-think,S1_1,26,4,3,Correct,0.14408938322177833,round,,D_local,S_final,10,10,22
deepseek-v3.2-think,S1_1,27,1,1,Correct,0.07044368788711941,round,,D_local,S_final,10,10,22
deepseek-v3.2-think,S1_1,27,1,2,Correct,0.05234167346644536,round,,D_local,S_final,10,10,22
deepseek-v3.2-think,S1_1,27,1,3,Correct,0.058874826758718246,round,,D_local,S_final,10,10,22
deepseek-v3.2-think,S1_1,27,2,1,Correct,0.005186529081092628,round,,D_local,S_final,10,10,22
deepseek-v3.2-think,S1_1,27,2,2,Correct,0.005262999164015403,round,,D_local,S_final,10,10,22
deepseek-v3.2-think,S1_1,27,2,3,Correct,-0.030294809512069976,round,,D_local,S_final,10,10,22
deepseek-v3.2-think,S1_1,27,3,1,Correct,0.01622152530701315,round,,D_local,S_final,10,10,22
deepseek-v3.2-think,S1_1,27,3,2,Correct,0.011222974659311657,round,,D_local,S_final,10,10,22
deepseek-v3.2-think,S1_1,27,3,3,Correct,-0.028263505631111685,round,,D_local,S_final,10,10,22
deepseek-v3.2-think,S1_1,27,4,1,Correct,0.14830886908128849,round,,D_local,S_final,10,10,22
deepseek-v3.2-think,S1_1,27,4,2,Correct,0.16917822994755288,round,,D_local,S_final,10,10,22
deepseek-v3.2-think,S1_1,27,4,3,Correct,0.17845003056857223,round,,D_local,S_final,10,10,22
deepseek-v3.2-think,S1_1,28,1,1,Correct,0.052931287248656256,round,,D_local,S_final,10,10,22
deepseek-v3.2-think,S1_1,28,1,2,Correct,0.05541579307636568,round,,D_local,S_final,10,10,22
deepseek-v3.2-think,S1_1,28,1,3,Correct,0.03498658127479437,round,,D_local,S_final,10,10,22
deepseek-v3.2-think,S1_1,28,2,1,Correct,-0.03092904604201341,round,,D_local,S_final,10,10,22
deepseek-v3.2-think,S1_1,28,2,2,Correct,-0.04998571737454549,round,,D_local,S_final,10,10,22
deepseek-v3.2-think,S1_1,28,2,3,Correct,-0.06198349298752387,round,,D_local,S_final,10,10,22
deepseek-v3.2-think,S1_1,29,1,1,Correct,0.09118015366866461,round,,D_local,S_final,10,10,22
deepseek-v3.2-think,S1_1,29,1,2,Correct,0.11296299192938619,round,,D_local,S_final,10,10,22
deepseek-v3.2-think,S1_1,29,1,3,Correct,0.1032911400718346,round,,D_local,S_final,10,10,22
deepseek-v3.2-think,S1_1,29,2,1,Correct,-0.06237460058149291,round,,D_local,S_final,10,10,22
deepseek-v3.2-think,S1_1,29,2,2,Correct,-0.07069193114722838,round,,D_local,S_final,10,10,22
deepseek-v3.2-think,S1_1,29,2,3,Correct,-0.059158141804051545,round,,D_local,S_final,10,10,22
deepseek-v3.2-think,S1_1,30,1,1,Correct,0.06672682992029999,round,,D_local,S_final,10,10,22
deepseek-v3.2-think,S1_1,30,1,2,Correct,0.042076748631008964,round,,D_local,S_final,10,10,22
deepseek-v3.2-think,S1_1,30,1,3,Correct,0.07590871558971068,round,,D_local,S_final,10,10,22
deepseek-v3.2-think,S1_1,30,2,1,Correct,-0.07331575939026308,round,,D_local,S_final,10,10,22
deepseek-v3.2-think,S1_1,30,2,2,Correct,-0.05630150513540927,round,,D_local,S_final,10,10,22
deepseek-v3.2-think,S1_1,30,2,3,Correct,-0.024752020853606393,round,,D_local,S_final,10,10,22
deepseek-v3.2-think,S1_1,31,1,1,Wrong,0.1168231525931076,round,,D_local,S_final,10,10,22
deepseek-v3.2-think,S1_1,31,1,2,Wrong,0.10201552259208402,round,,D_local,S_final,10,10,22
deepseek-v3.2-think,S1_1,31,1,3,Wrong,0.11591334344424065,round,,D_local,S_final,10,10,22
deepseek-v3.2-think,S1_1,32,1,1,Correct,0.0517121259927239,round,,D_local,S_final,10,10,22
deepseek-v3.2-think,S1_1,32,1,2,Correct,0.018314272326820036,round,,D_local,S_final,10,10,22
deepseek-v3.2-think,S1_1,32,1,3,Correct,0.058829926965206614,round,,D_local,S_final,10,10,22
deepseek-v3.2-think,S1_1,33,1,1,Wrong,0.06183684206321305,round,,D_local,S_final,10,10,22
deepseek-v3.2-think,S1_1,33,1,2,Correct,0.11348363115512661,round,,D_local,S_final,10,10,22
deepseek-v3.2-think,S1_1,33,1,3,Correct,0.1353355750033447,round,,D_local,S_final,10,10,22
deepseek-v3.2-think,S1_1,34,1,1,Correct,0.03537446882525408,round,,D_local,S_final,10,10,22
deepseek-v3.2-think,S1_1,34,1,2,Correct,0.030607970557241737,round,,D_local,S_final,10,10,22
deepseek-v3.2-think,S1_1,34,1,3,Wrong,0.010090647291228327,round,,D_local,S_final,10,10,22
deepseek-v3.2-think,S1_1,35,1,1,Wrong,-0.06964009401438032,round,,D_local,S_final,10,10,22
deepseek-v3.2-think,S1_1,35,1,2,Wrong,-0.0419756064079333,round,,D_local,S_final,10,10,22
deepseek-v3.2-think,S1_1,35,1,3,Wrong,-0.025254997072102436,round,,D_local,S_final,10,10,22
deepseek-v3.2-think,S1_1,36,1,1,Wrong,0.09336552017871924,round,,D_local,S_final,10,10,22
deepseek-v3.2-think,S1_1,36,1,2,Wrong,0.07918194313361249,round,,D_local,S_final,10,10,22
deepseek-v3.2-think,S1_1,36,1,3,Wrong,0.10182168546603654,round,,D_local,S_final,10,10,22
deepseek-v3.2-think,S1_1,36,2,1,Correct,0.03547485271270734,round,,D_local,S_final,10,10,22
deepseek-v3.2-think,S1_1,36,2,2,Correct,0.04687414010717572,round,,D_local,S_final,10,10,22
deepseek-v3.2-think,S1_1,36,2,3,Correct,0.042618910724840475,round,,D_local,S_final,10,10,22
deepseek-v3.2-think,S1_1,36,3,1,Wrong,-0.0188836310499082,round,,D_local,S_final,10,10,22
deepseek-v3.2-think,S1_1,36,3,2,Correct,0.022327316582490764,round,,D_local,S_final,10,10,22
deepseek-v3.2-think,S1_1,36,3,3,Correct,0.010876008855073005,round,,D_local,S_final,10,10,22
deepseek-v3.2-think,S1_1,37,1,1,Correct,0.012561634463299165,round,,D_local,S_final,10,10,22
deepseek-v3.2-think,S1_1,37,1,2,Correct,-0.003910551077652813,round,,D_local,S_final,10,10,22
deepseek-v3.2-think,S1_1,37,1,3,Correct,0.020888723656036556,round,,D_local,S_final,10,10,22
deepseek-v3.2-think,S1_1,37,2,1,Wrong,0.0841285850588751,round,,D_local,S_final,10,10,22
deepseek-v3.2-think,S1_1,37,2,2,Wrong,0.07663240675262772,round,,D_local,S_final,10,10,22
deepseek-v3.2-think,S1_1,37,2,3,Wrong,0.07449807945639819,round,,D_local,S_final,10,10,22
deepseek-v3.2-think,S1_1,38,1,1,Correct,-0.12771131786519418,round,,D_local,S_final,10,10,22
deepseek-v3.2-think,S1_1,38,1,2,Correct,-0.10077802024924604,round,,D_local,S_final,10,10,22
deepseek-v3.2-think,S1_1,38,1,3,Correct,-0.0847206117407232,round,,D_local,S_final,10,10,22
deepseek-v3.2-think,S1_1,38,2,1,Wrong,-0.12113868896383373,round,,D_local,S_final,10,10,22
deepseek-v3.2-think,S1_1,38,2,2,Wrong,-0.106302809587003,round,,D_local,S_final,10,10,22
deepseek-v3.2-think,S1_1,38,2,3,Wrong,-0.09661994276365043,round,,D_local,S_final,10,10,22
deepseek-v3.2-think,S1_1,39,1,1,Wrong,-0.044791784795744194,round,,D_local,S_final,10,10,22
deepseek-v3.2-think,S1_1,39,1,2,Wrong,-0.052066660967793665,round,,D_local,S_final,10,10,22
deepseek-v3.2-think,S1_1,39,1,3,Wrong,-0.04974730233565816,round,,D_local,S_final,10,10,22
deepseek-v3.2-think,S1_1,39,2,1,Correct,0.13158806952205693,round,,D_local,S_final,10,10,22
deepseek-v3.2-think,S1_1,39,2,2,Correct,0.15387039787277224,round,,D_local,S_final,10,10,22
deepseek-v3.2-think,S1_1,39,2,3,Correct,0.15630667593711034,round,,D_local,S_final,10,10,22
deepseek-v3.2-think,S1_1,40,1,1,Correct,0.09461098693128533,round,,D_local,S_final,10,10,22
deepseek-v3.2-think,S1_1,40,1,2,Correct,0.07455886751908358,round,,D_local,S_final,10,10,22
deepseek-v3.2-think,S1_1,40,1,3,Correct,0.07219914980514708,round,,D_local,S_final,10,10,22
deepseek-v3.2-think,S1_1,40,2,1,Wrong,0.1217464874442834,round,,D_local,S_final,10,10,22
deepseek-v3.2-think,S1_1,40,2,2,Wrong,0.08486032202454785,round,,D_local,S_final,10,10,22
deepseek-v3.2-think,S1_1,40,2,3,Wrong,0.11270204949746065,round,,D_local,S_final,10,10,22
deepseek-v3.2-think,S1_1,40,3,1,Wrong,0.06460676060258264,round,,D_local,S_final,10,10,22
deepseek-v3.2-think,S1_1,40,3,2,Correct,0.02405176235352735,round,,D_local,S_final,10,10,22
deepseek-v3.2-think,S1_1,40,3,3,Correct,0.048805161086642124,round,,D_local,S_final,10,10,22
deepseek-v3.2-think,S1_1,40,4,1,Wrong,0.04750746538309225,round,,D_local,S_final,10,10,22
deepseek-v3.2-think,S1_1,40,4,2,Wrong,0.0207762534979955,round,,D_local,S_final,10,10,22
deepseek-v3.2-think,S1_1,40,4,3,Wrong,0.03972366712406006,round,,D_local,S_final,10,10,22
deepseek-v3.2-think,S1_1,40,5,1,Wrong,0.031620701164179255,round,,D_local,S_final,10,10,22
deepseek-v3.2-think,S1_1,40,5,2,Wrong,0.05181457213793883,round,,D_local,S_final,10,10,22
deepseek-v3.2-think,S1_1,40,5,3,Wrong,0.04775965866717802,round,,D_local,S_final,10,10,22
deepseek-v3.2-think,S1_1,40,6,1,Correct,0.05016777480474721,round,,D_local,S_final,10,10,22
deepseek-v3.2-think,S1_1,40,6,2,Correct,0.05900661580918842,round,,D_local,S_final,10,10,22
deepseek-v3.2-think,S1_1,40,6,3,Correct,0.054704416325019656,round,,D_local,S_final,10,10,22
deepseek-v3.2-think,S1_1,41,1,1,Wrong,0.0855002285954044,round,,D_local,S_final,10,10,22
deepseek-v3.2-think,S1_1,41,1,2,Wrong,0.07778073463038249,round,,D_local,S_final,10,10,22
deepseek-v3.2-think,S1_1,41,1,3,Wrong,0.0806514051151126,round,,D_local,S_final,10,10,22
deepseek-v3.2-think,S1_1,42,1,1,Correct,-0.018579044384545718,round,,D_local,S_final,10,10,22
deepseek-v3.2-think,S1_1,42,1,2,Correct,-0.03978917085023481,round,,D_local,S_final,10,10,22
deepseek-v3.2-think,S1_1,42,1,3,Correct,-0.0001500742004744149,round,,D_local,S_final,10,10,22
deepseek-v3.2-think,S1_1,43,1,1,Correct,0.00027835589040692277,round,,D_local,S_final,10,10,22
deepseek-v3.2-think,S1_1,43,1,2,Wrong,-0.03981023457765953,round,,D_local,S_final,10,10,22
deepseek-v3.2-think,S1_1,43,1,3,Wrong,-0.06090146156945109,round,,D_local,S_final,10,10,22
deepseek-v3.2-think,S1_1,44,1,1,Correct,0.12313424144117247,round,,D_local,S_final,10,10,22
deepseek-v3.2-think,S1_1,44,1,2,Correct,0.11810884381813036,round,,D_local,S_final,10,10,22
deepseek-v3.2-think,S1_1,44,1,3,Correct,0.07098252921438986,round,,D_local,S_final,10,10,22
deepseek-v3.2-think,S1_1,45,1,1,Correct,0.10502652084377062,round,,D_local,S_final,10,10,22
deepseek-v3.2-think,S1_1,45,1,2,Correct,0.1086894138235166,round,,D_local,S_final,10,10,22
deepseek-v3.2-think,S1_1,45,1,3,Correct,0.14182949693078672,round,,D_local,S_final,10,10,22
deepseek-v3.2-think,S1_1,45,2,1,Correct,0.0071975412796411176,round,,D_local,S_final,10,10,22
deepseek-v3.2-think,S1_1,45,2,2,Wrong,-0.02200692489829492,round,,D_local,S_final,10,10,22
deepseek-v3.2-think,S1_1,45,2,3,Wrong,-0.05477429574584902,round,,D_local,S_final,10,10,22
deepseek-v3.2-think,S1_1,45,3,1,Wrong,-0.03279039706213027,round,,D_local,S_final,10,10,22
deepseek-v3.2-think,S1_1,45,3,2,Wrong,-0.05312210305431936,round,,D_local,S_final,10,10,22
deepseek-v3.2-think,S1_1,45,3,3,Wrong,-0.06077269325652396,round,,D_local,S_final,10,10,22
deepseek-v3.2-think,S1_1,46,1,1,Correct,0.0917552071453982,round,,D_local,S_final,10,10,22
deepseek-v3.2-think,S1_1,46,1,2,Correct,0.0922208556652816,round,,D_local,S_final,10,10,22
deepseek-v3.2-think,S1_1,46,1,3,Correct,0.09712990178793235,round,,D_local,S_final,10,10,22
deepseek-v3.2-think,S1_1,46,2,1,Correct,0.05730367871176911,round,,D_local,S_final,10,10,22
deepseek-v3.2-think,S1_1,46,2,2,Correct,0.048905917024164025,round,,D_local,S_final,10,10,22
deepseek-v3.2-think,S1_1,46,2,3,Correct,0.06457938547008424,round,,D_local,S_final,10,10,22
deepseek-v3.2-think,S1_1,47,1,1,Correct,0.11937762794237328,round,,D_local,S_final,10,10,22
deepseek-v3.2-think,S1_1,47,1,2,Correct,0.1314766006360113,round,,D_local,S_final,10,10,22
deepseek-v3.2-think,S1_1,47,1,3,Correct,0.11889225739423837,round,,D_local,S_final,10,10,22
deepseek-v3.2-think,S1_1,47,2,1,Correct,0.03314534136229552,round,,D_local,S_final,10,10,22
deepseek-v3.2-think,S1_1,47,2,2,Correct,0.0603349069981427,round,,D_local,S_final,10,10,22
deepseek-v3.2-think,S1_1,47,2,3,Correct,0.04317814306313261,round,,D_local,S_final,10,10,22
deepseek-v3.2-think,S1_1,48,1,1,Wrong,0.08345739277901765,round,,D_local,S_final,10,10,22
deepseek-v3.2-think,S1_1,48,1,2,Wrong,0.0423499605129643,round,,D_local,S_final,10,10,22
deepseek-v3.2-think,S1_1,48,1,3,Wrong,0.05220445171901156,round,,D_local,S_final,10,10,22
deepseek-v3.2-think,S1_1,48,2,1,Correct,-0.03564107991408527,round,,D_local,S_final,10,10,22
deepseek-v3.2-think,S1_1,48,2,2,Correct,-0.005194304506180192,round,,D_local,S_final,10,10,22
deepseek-v3.2-think,S1_1,48,2,3,Correct,-0.004315937172391315,round,,D_local,S_final,10,10,22
deepseek-v3.2-think,S1_1,49,1,1,Correct,0.03956350160422828,round,,D_local,S_final,10,10,22
deepseek-v3.2-think,S1_1,49,1,2,Correct,0.04225737674978525,round,,D_local,S_final,10,10,22
deepseek-v3.2-think,S1_1,49,1,3,Correct,0.01687002133372395,round,,D_local,S_final,10,10,22
deepseek-v3.2-think,S1_1,50,1,1,Wrong,-0.04861514720317045,round,,D_local,S_final,10,10,22
deepseek-v3.2-think,S1_1,50,1,2,Correct,-0.02503721609943521,round,,D_local,S_final,10,10,22
deepseek-v3.2-think,S1_1,50,1,3,Correct,0.001150519746301204,round,,D_local,S_final,10,10,22
deepseek-v3.2-think,S1_1,51,1,1,Correct,0.15534978918990328,round,,D_local,S_final,10,10,22
deepseek-v3.2-think,S1_1,51,1,2,Wrong,0.08958287316953428,round,,D_local,S_final,10,10,22
deepseek-v3.2-think,S1_1,51,1,3,Wrong,0.10653642090668192,round,,D_local,S_final,10,10,22
deepseek-v3.2-think,S1_1,52,1,1,Correct,0.14314749207620825,round,,D_local,S_final,10,10,22
deepseek-v3.2-think,S1_1,52,1,2,Wrong,0.12904302457436534,round,,D_local,S_final,10,10,22
deepseek-v3.2-think,S1_1,52,1,3,Correct,0.1604599107892215,round,,D_local,S_final,10,10,22
deepseek-v3.2-think,S1_1,53,1,1,Correct,0.026649507135025785,round,,D_local,S_final,10,10,22
deepseek-v3.2-think,S1_1,53,1,2,Correct,0.018481292762607904,round,,D_local,S_final,10,10,22
deepseek-v3.2-think,S1_1,53,1,3,Correct,0.0036918816518243247,round,,D_local,S_final,10,10,22
deepseek-v3.2-think,S1_1,53,2,1,Correct,0.06086794711242094,round,,D_local,S_final,10,10,22
deepseek-v3.2-think,S1_1,53,2,2,Correct,0.07776205843371309,round,,D_local,S_final,10,10,22
deepseek-v3.2-think,S1_1,53,2,3,Correct,0.07656370064595147,round,,D_local,S_final,10,10,22
deepseek-v3.2-think,S1_1,54,1,1,Correct,-0.07883235929536037,round,,D_local,S_final,10,10,22
deepseek-v3.2-think,S1_1,54,1,2,Correct,-0.12759565893138836,round,,D_local,S_final,10,10,22
deepseek-v3.2-think,S1_1,54,1,3,Correct,-0.10888855317117652,round,,D_local,S_final,10,10,22
deepseek-v3.2-think,S1_1,54,2,1,Correct,0.10262987012872482,round,,D_local,S_final,10,10,22
deepseek-v3.2-think,S1_1,54,2,2,Correct,0.11586051933547048,round,,D_local,S_final,10,10,22
deepseek-v3.2-think,S1_1,54,2,3,Correct,0.0949366545299467,round,,D_local,S_final,10,10,22
deepseek-v3.2-think,S1_1,55,1,1,Correct,-0.035843580378822626,round,,D_local,S_final,10,10,22
deepseek-v3.2-think,S1_1,55,1,2,Correct,-0.005875178405045256,round,,D_local,S_final,10,10,22
deepseek-v3.2-think,S1_1,55,1,3,Correct,0.014559725179593697,round,,D_local,S_final,10,10,22
deepseek-v3.2-think,S1_1,55,2,1,Correct,0.11640340442778874,round,,D_local,S_final,10,10,22
deepseek-v3.2-think,S1_1,55,2,2,Correct,0.12162236663550641,round,,D_local,S_final,10,10,22
deepseek-v3.2-think,S1_1,55,2,3,Correct,0.12396517268025264,round,,D_local,S_final,10,10,22
deepseek-v3.2-think,S1_1,56,1,1,Wrong,-0.017313250607479125,round,,D_local,S_final,10,10,22
deepseek-v3.2-think,S1_1,56,1,2,Wrong,-0.025830824017238352,round,,D_local,S_final,10,10,22
deepseek-v3.2-think,S1_1,56,1,3,Wrong,-0.008147129411195553,round,,D_local,S_final,10,10,22
deepseek-v3.2-think,S1_1,56,2,1,Correct,0.07488620755047842,round,,D_local,S_final,10,10,22
deepseek-v3.2-think,S1_1,56,2,2,Correct,0.04044724002078204,round,,D_local,S_final,10,10,22
deepseek-v3.2-think,S1_1,56,2,3,Correct,0.07390814887866276,round,,D_local,S_final,10,10,22
deepseek-v3.2-think,S1_1,57,1,1,Correct,-0.0988980129921958,round,,D_local,S_final,10,10,22
deepseek-v3.2-think,S1_1,57,1,2,Correct,-0.09674093485200497,round,,D_local,S_final,10,10,22
deepseek-v3.2-think,S1_1,57,1,3,Correct,-0.09783364057789079,round,,D_local,S_final,10,10,22
deepseek-v3.2-think,S1_1,57,2,1,Wrong,-0.1669821754708879,round,,D_local,S_final,10,10,22
deepseek-v3.2-think,S1_1,57,2,2,Correct,-0.10887196346439476,round,,D_local,S_final,10,10,22
deepseek-v3.2-think,S1_1,57,2,3,Wrong,-0.09151764694123465,round,,D_local,S_final,10,10,22
deepseek-v3.2-think,S1_1,58,1,1,Correct,0.015835910948418463,round,,D_local,S_final,10,10,22
deepseek-v3.2-think,S1_1,58,1,2,Correct,0.013443014604195613,round,,D_local,S_final,10,10,22
deepseek-v3.2-think,S1_1,58,1,3,Correct,0.01341612887206145,round,,D_local,S_final,10,10,22
deepseek-v3.2-think,S1_1,58,2,1,Correct,0.03354224606718059,round,,D_local,S_final,10,10,22
deepseek-v3.2-think,S1_1,58,2,2,Correct,0.03664212366358999,round,,D_local,S_final,10,10,22
deepseek-v3.2-think,S1_1,58,2,3,Correct,0.0333757686985533,round,,D_local,S_final,10,10,22
deepseek-v3.2-think,S1_1,59,1,1,Correct,-0.04846120017364597,round,,D_local,S_final,10,10,22
deepseek-v3.2-think,S1_1,59,1,2,Correct,-0.03784408875894174,round,,D_local,S_final,10,10,22
deepseek-v3.2-think,S1_1,59,1,3,Correct,-0.05241029063993341,round,,D_local,S_final,10,10,22
deepseek-v3.2-think,S1_1,59,2,1,Correct,0.07743464841659708,round,,D_local,S_final,10,10,22
deepseek-v3.2-think,S1_1,59,2,2,Correct,0.0746918610961611,round,,D_local,S_final,10,10,22
deepseek-v3.2-think,S1_1,59,2,3,Correct,0.05773427195883918,round,,D_local,S_final,10,10,22
deepseek-v3.2-think,S1_1,60,1,1,Correct,-0.08808167046675852,round,,D_local,S_final,10,10,22
deepseek-v3.2-think,S1_1,60,1,2,Correct,-0.10399921927451966,round,,D_local,S_final,10,10,22
deepseek-v3.2-think,S1_1,60,1,3,Correct,-0.09545373811770641,round,,D_local,S_final,10,10,22
deepseek-v3.2-think,S1_1,60,2,1,Correct,0.08300684114375234,round,,D_local,S_final,10,10,22
deepseek-v3.2-think,S1_1,60,2,2,Correct,0.07895692471945376,round,,D_local,S_final,10,10,22
deepseek-v3.2-think,S1_1,60,2,3,Correct,0.11480859016107614,round,,D_local,S_final,10,10,22
deepseek-v3.2-think,S1_1,61,1,1,Correct,-0.08056742122078375,round,,D_local,S_final,10,10,22
deepseek-v3.2-think,S1_1,61,1,2,Correct,-0.04502443762966546,round,,D_local,S_final,10,10,22
deepseek-v3.2-think,S1_1,61,1,3,Correct,-0.07057937341458087,round,,D_local,S_final,10,10,22
deepseek-v3.2-think,S1_1,61,2,1,Correct,0.0952648014715809,round,,D_local,S_final,10,10,22
deepseek-v3.2-think,S1_1,61,2,2,Correct,0.08885720697335397,round,,D_local,S_final,10,10,22
deepseek-v3.2-think,S1_1,61,2,3,Correct,0.08286514330855699,round,,D_local,S_final,10,10,22
deepseek-v3.2-think,S1_1,62,1,1,Correct,0.02580475382142755,round,,D_local,S_final,10,10,22
deepseek-v3.2-think,S1_1,62,1,2,Correct,0.003885411270561856,round,,D_local,S_final,10,10,22
deepseek-v3.2-think,S1_1,62,1,3,Correct,0.03304889763477037,round,,D_local,S_final,10,10,22
deepseek-v3.2-think,S1_1,62,2,1,Correct,0.02932150670203504,round,,D_local,S_final,10,10,22
deepseek-v3.2-think,S1_1,62,2,2,Correct,0.03205808147121503,round,,D_local,S_final,10,10,22
deepseek-v3.2-think,S1_1,62,2,3,Correct,0.03483844083826637,round,,D_local,S_final,10,10,22
deepseek-v3.2-think,S1_1,63,1,1,Correct,0.02595273361563022,round,,D_local,S_final,10,10,22
deepseek-v3.2-think,S1_1,63,1,2,Correct,0.04184526564162616,round,,D_local,S_final,10,10,22
deepseek-v3.2-think,S1_1,63,1,3,Correct,0.017692589150151705,round,,D_local,S_final,10,10,22
deepseek-v3.2-think,S1_1,63,2,1,Correct,0.029997188033674793,round,,D_local,S_final,10,10,22
deepseek-v3.2-think,S1_1,63,2,2,Correct,0.031346543219047285,round,,D_local,S_final,10,10,22
deepseek-v3.2-think,S1_1,63,2,3,Correct,0.022449270330878512,round,,D_local,S_final,10,10,22
deepseek-v3.2-think,S1_1,64,1,1,Correct,0.020920170138281957,round,,D_local,S_final,10,10,22
deepseek-v3.2-think,S1_1,64,1,2,Wrong,0.02893179548624958,round,,D_local,S_final,10,10,22
deepseek-v3.2-think,S1_1,64,1,3,Correct,0.024445709339485866,round,,D_local,S_final,10,10,22
deepseek-v3.2-think,S1_1,64,2,1,Correct,0.02827207222540784,round,,D_local,S_final,10,10,22
deepseek-v3.2-think,S1_1,64,2,2,Wrong,-0.02287697317198567,round,,D_local,S_final,10,10,22
deepseek-v3.2-think,S1_1,64,2,3,Wrong,-0.00030767044169122126,round,,D_local,S_final,10,10,22
deepseek-v3.2-think,S2_1,1,1,1,Correct,0.13928781161491477,round,,D_local,S_final,10,10,22
deepseek-v3.2-think,S2_1,1,1,2,Correct,0.12385935857481856,round,,D_local,S_final,10,10,22
deepseek-v3.2-think,S2_1,1,1,3,Correct,0.12638299205980796,round,,D_local,S_final,10,10,22
deepseek-v3.2-think,S2_1,1,2,1,Correct,0.04379459137327579,round,,D_local,S_final,10,10,22
deepseek-v3.2-think,S2_1,1,2,2,Correct,0.05141637248843356,round,,D_local,S_final,10,10,22
deepseek-v3.2-think,S2_1,1,2,3,Correct,0.039377460310422885,round,,D_local,S_final,10,10,22
deepseek-v3.2-think,S2_1,1,3,1,Correct,-0.01624052100800988,round,,D_local,S_final,10,10,22
deepseek-v3.2-think,S2_1,1,3,2,Correct,-0.04244798017964546,round,,D_local,S_final,10,10,22
deepseek-v3.2-think,S2_1,1,3,3,Correct,-0.007400752638713981,round,,D_local,S_final,10,10,22
deepseek-v3.2-think,S2_1,1,4,1,Correct,0.07576818259225704,round,,D_local,S_final,10,10,22
deepseek-v3.2-think,S2_1,1,4,2,Correct,0.07354644547173927,round,,D_local,S_final,10,10,22
deepseek-v3.2-think,S2_1,1,4,3,Correct,0.10053531187809739,round,,D_local,S_final,10,10,22
deepseek-v3.2-think,S2_1,1,5,1,Correct,0.022945593975719603,round,,D_local,S_final,10,10,22
deepseek-v3.2-think,S2_1,1,5,2,Correct,0.03302676316538011,round,,D_local,S_final,10,10,22
deepseek-v3.2-think,S2_1,1,5,3,Correct,0.11100034828758754,round,,D_local,S_final,10,10,22
deepseek-v3.2-think,S2_1,2,1,1,Correct,0.19189503486399662,round,,D_local,S_final,10,10,22
deepseek-v3.2-think,S2_1,2,1,2,Correct,0.19353502226371216,round,,D_local,S_final,10,10,22
deepseek-v3.2-think,S2_1,2,1,3,Correct,0.2126830839938918,round,,D_local,S_final,10,10,22
deepseek-v3.2-think,S2_1,3,1,1,Correct,0.18629551271342093,round,,D_local,S_final,10,10,22
deepseek-v3.2-think,S2_1,3,1,2,Correct,0.21990507768089618,round,,D_local,S_final,10,10,22
deepseek-v3.2-think,S2_1,3,1,3,Correct,0.23342808804885162,round,,D_local,S_final,10,10,22
deepseek-v3.2-think,S2_1,3,2,1,Correct,0.25818979497770383,round,,D_local,S_final,10,10,22
deepseek-v3.2-think,S2_1,3,2,2,Correct,0.21681373728804632,round,,D_local,S_final,10,10,22
deepseek-v3.2-think,S2_1,3,2,3,Correct,0.25574243127030816,round,,D_local,S_final,10,10,22
deepseek-v3.2-think,S2_1,4,1,1,Correct,0.11252266770369568,round,,D_local,S_final,10,10,22
deepseek-v3.2-think,S2_1,4,1,2,Correct,0.12491130811945073,round,,D_local,S_final,10,10,22
deepseek-v3.2-think,S2_1,4,1,3,Correct,0.10545774996242996,round,,D_local,S_final,10,10,22
deepseek-v3.2-think,S2_1,4,2,1,Wrong,0.08246921644780258,round,,D_local,S_final,10,10,22
deepseek-v3.2-think,S2_1,4,2,2,Wrong,0.09015250066300629,round,,D_local,S_final,10,10,22
deepseek-v3.2-think,S2_1,4,2,3,Wrong,0.09181411709190668,round,,D_local,S_final,10,10,22
deepseek-v3.2-think,S2_1,4,3,1,Correct,0.034916426570111514,round,,D_local,S_final,10,10,22
deepseek-v3.2-think,S2_1,4,3,2,Correct,0.049845979441305865,round,,D_local,S_final,10,10,22
deepseek-v3.2-think,S2_1,4,3,3,Correct,0.06235646491816749,round,,D_local,S_final,10,10,22
deepseek-v3.2-think,S2_1,5,1,1,Correct,0.12675459774650977,round,,D_local,S_final,10,10,22
deepseek-v3.2-think,S2_1,5,1,2,Correct,0.11012181394807363,round,,D_local,S_final,10,10,22
deepseek-v3.2-think,S2_1,5,1,3,Wrong,0.09639565880097012,round,,D_local,S_final,10,10,22
deepseek-v3.2-think,S2_1,5,2,1,Correct,0.07535646195685541,round,,D_local,S_final,10,10,22
deepseek-v3.2-think,S2_1,5,2,2,Correct,0.06059262115406683,round,,D_local,S_final,10,10,22
deepseek-v3.2-think,S2_1,5,2,3,Correct,0.07137843386691878,round,,D_local,S_final,10,10,22
deepseek-v3.2-think,S2_1,5,3,1,Wrong,0.06230244577326205,round,,D_local,S_final,10,10,22
deepseek-v3.2-think,S2_1,5,3,2,Wrong,0.07587979479511509,round,,D_local,S_final,10,10,22
deepseek-v3.2-think,S2_1,5,3,3,Wrong,0.06036186645714181,round,,D_local,S_final,10,10,22
deepseek-v3.2-think,S2_1,6,1,1,Correct,0.11351132542114939,round,,D_local,S_final,10,10,22
deepseek-v3.2-think,S2_1,6,1,2,Correct,0.09138323864328146,round,,D_local,S_final,10,10,22
deepseek-v3.2-think,S2_1,6,1,3,Correct,0.09582542293469531,round,,D_local,S_final,10,10,22
deepseek-v3.2-think,S2_1,6,2,1,Wrong,0.023735769103990334,round,,D_local,S_final,10,10,22
deepseek-v3.2-think,S2_1,6,2,2,Wrong,0.03911075561457933,round,,D_local,S_final,10,10,22
deepseek-v3.2-think,S2_1,6,2,3,Wrong,0.03786075728139415,round,,D_local,S_final,10,10,22
deepseek-v3.2-think,S2_1,6,3,1,Correct,0.04660949743200471,round,,D_local,S_final,10,10,22
deepseek-v3.2-think,S2_1,6,3,2,Correct,0.08681321600901948,round,,D_local,S_final,10,10,22
deepseek-v3.2-think,S2_1,6,3,3,Correct,0.06782513985183236,round,,D_local,S_final,10,10,22
deepseek-v3.2-think,S2_1,7,1,1,Wrong,0.1084075818211061,round,,D_local,S_final,10,10,22
deepseek-v3.2-think,S2_1,7,1,2,Correct,0.10217916687323203,round,,D_local,S_final,10,10,22
deepseek-v3.2-think,S2_1,7,1,3,Wrong,0.09173347245368213,round,,D_local,S_final,10,10,22
deepseek-v3.2-think,S2_1,7,2,1,Wrong,0.09690005058685192,round,,D_local,S_final,10,10,22
deepseek-v3.2-think,S2_1,7,2,2,Wrong,0.1250899605055682,round,,D_local,S_final,10,10,22
deepseek-v3.2-think,S2_1,7,2,3,Wrong,0.09817210398283416,round,,D_local,S_final,10,10,22
deepseek-v3.2-think,S2_1,7,3,1,Wrong,-0.012688934350470804,round,,D_local,S_final,10,10,22
deepseek-v3.2-think,S2_1,7,3,2,Wrong,-0.020992432805306604,round,,D_local,S_final,10,10,22
deepseek-v3.2-think,S2_1,7,3,3,Wrong,-0.00046188879511843695,round,,D_local,S_final,10,10,22
deepseek-v3.2-think,S2_1,7,4,1,Correct,-0.005505758396586513,round,,D_local,S_final,10,10,22
deepseek-v3.2-think,S2_1,7,4,2,Correct,-0.0015410805376769865,round,,D_local,S_final,10,10,22
deepseek-v3.2-think,S2_1,7,4,3,Correct,0.018350561641396146,round,,D_local,S_final,10,10,22
deepseek-v3.2-think,S2_1,7,5,1,Correct,0.059449895990039914,round,,D_local,S_final,10,10,22
deepseek-v3.2-think,S2_1,7,5,2,Correct,0.04374882780815714,round,,D_local,S_final,10,10,22
deepseek-v3.2-think,S2_1,7,5,3,Correct,0.0823545767508348,round,,D_local,S_final,10,10,22
deepseek-v3.2-think,S2_1,7,6,1,Wrong,-0.009719302283141107,round,,D_local,S_final,10,10,22
deepseek-v3.2-think,S2_1,7,6,2,Wrong,-0.011720609082958355,round,,D_local,S_final,10,10,22
deepseek-v3.2-think,S2_1,7,6,3,Wrong,0.0037267928246573767,round,,D_local,S_final,10,10,22
deepseek-v3.2-think,S2_1,7,7,1,Wrong,0.0638910874621732,round,,D_local,S_final,10,10,22
deepseek-v3.2-think,S2_1,7,7,2,Wrong,0.06321348692751017,round,,D_local,S_final,10,10,22
deepseek-v3.2-think,S2_1,7,7,3,Wrong,0.07010827795471952,round,,D_local,S_final,10,10,22
deepseek-v3.2-think,S2_1,7,8,1,Correct,0.014099736085667391,round,,D_local,S_final,10,10,22
deepseek-v3.2-think,S2_1,7,8,2,Correct,0.05882952749855541,round,,D_local,S_final,10,10,22
deepseek-v3.2-think,S2_1,7,8,3,Correct,0.05298503899678619,round,,D_local,S_final,10,10,22
deepseek-v3.2-think,S2_1,7,9,1,Correct,0.10477916955163502,round,,D_local,S_final,10,10,22
deepseek-v3.2-think,S2_1,7,9,2,Correct,0.09762149238313522,round,,D_local,S_final,10,10,22
deepseek-v3.2-think,S2_1,7,9,3,Correct,0.08527428361009814,round,,D_local,S_final,10,10,22
deepseek-v3.2-think,S2_1,7,10,1,Wrong,0.018809191824400773,round,,D_local,S_final,10,10,22
deepseek-v3.2-think,S2_1,7,10,2,Wrong,0.009287322545234344,round,,D_local,S_final,10,10,22
deepseek-v3.2-think,S2_1,7,10,3,Wrong,0.036486651507908086,round,,D_local,S_final,10,10,22
deepseek-v3.2-think,S2_1,7,11,1,Wrong,0.09007344713375798,round,,D_local,S_final,10,10,22
deepseek-v3.2-think,S2_1,7,11,2,Wrong,0.09011550822328684,round,,D_local,S_final,10,10,22
deepseek-v3.2-think,S2_1,7,11,3,Wrong,0.04026994111183135,round,,D_local,S_final,10,10,22
deepseek-v3.2-think,S2_1,8,1,1,Correct,0.08265827155164496,round,,D_local,S_final,10,10,22
deepseek-v3.2-think,S2_1,8,1,2,Correct,0.07616837792600595,round,,D_local,S_final,10,10,22
deepseek-v3.2-think,S2_1,8,1,3,Correct,0.08005351518478665,round,,D_local,S_final,10,10,22
deepseek-v3.2-think,S2_1,8,2,1,Correct,0.06641717029008354,round,,D_local,S_final,10,10,22
deepseek-v3.2-think,S2_1,8,2,2,Correct,0.06804147242751668,round,,D_local,S_final,10,10,22
deepseek-v3.2-think,S2_1,8,2,3,Correct,0.07275850214548851,round,,D_local,S_final,10,10,22
deepseek-v3.2-think,S2_1,8,3,1,Wrong,0.00959269958295561,round,,D_local,S_final,10,10,22
deepseek-v3.2-think,S2_1,8,3,2,Wrong,0.011196042310276488,round,,D_local,S_final,10,10,22
deepseek-v3.2-think,S2_1,8,3,3,Wrong,0.01846182313940803,round,,D_local,S_final,10,10,22
deepseek-v3.2-think,S2_1,8,4,1,Wrong,0.0090102303580476,round,,D_local,S_final,10,10,22
deepseek-v3.2-think,S2_1,8,4,2,Wrong,0.025850459676544757,round,,D_local,S_final,10,10,22
deepseek-v3.2-think,S2_1,8,4,3,Wrong,0.020749907980449733,round,,D_local,S_final,10,10,22
deepseek-v3.2-think,S2_1,9,1,1,Correct,0.03794606095418407,round,,D_local,S_final,10,10,22
deepseek-v3.2-think,S2_1,9,1,2,Correct,0.03352239165054283,round,,D_local,S_final,10,10,22
deepseek-v3.2-think,S2_1,9,1,3,Correct,0.044217256934490856,round,,D_local,S_final,10,10,22
deepseek-v3.2-think,S2_1,9,2,1,Wrong,0.0729104622669271,round,,D_local,S_final,10,10,22
deepseek-v3.2-think,S2_1,9,2,2,Wrong,0.03699390884339737,round,,D_local,S_final,10,10,22
deepseek-v3.2-think,S2_1,9,2,3,Wrong,0.05027076771247796,round,,D_local,S_final,10,10,22
deepseek-v3.2-think,S2_1,9,3,1,Correct,0.04076657290795638,round,,D_local,S_final,10,10,22
deepseek-v3.2-think,S2_1,9,3,2,Correct,0.05941384191643717,round,,D_local,S_final,10,10,22
deepseek-v3.2-think,S2_1,9,3,3,Correct,0.056513143207343686,round,,D_local,S_final,10,10,22
deepseek-v3.2-think,S2_1,10,1,1,Wrong,0.07168755429178031,round,,D_local,S_final,10,10,22
deepseek-v3.2-think,S2_1,10,1,2,Wrong,0.0726257363605104,round,,D_local,S_final,10,10,22
deepseek-v3.2-think,S2_1,10,1,3,Wrong,0.07139443250531641,round,,D_local,S_final,10,10,22
deepseek-v3.2-think,S2_1,10,2,1,Wrong,0.10230203017244299,round,,D_local,S_final,10,10,22
deepseek-v3.2-think,S2_1,10,2,2,Wrong,0.07978029209350157,round,,D_local,S_final,10,10,22
deepseek-v3.2-think,S2_1,10,2,3,Wrong,0.10271791967213362,round,,D_local,S_final,10,10,22
deepseek-v3.2-think,S2_1,11,1,1,Correct,0.05839662640129539,round,,D_local,S_final,10,10,22
deepseek-v3.2-think,S2_1,11,1,2,Correct,0.010638742708204751,round,,D_local,S_final,10,10,22
deepseek-v3.2-think,S2_1,11,1,3,Correct,0.012916066848584928,round,,D_local,S_final,10,10,22
deepseek-v3.2-think,S2_1,12,1,1,Correct,0.010977905645118913,round,,D_local,S_final,10,10,22
deepseek-v3.2-think,S2_1,12,1,2,Correct,0.007501068961981994,round,,D_local,S_final,10,10,22
deepseek-v3.2-think,S2_1,12,1,3,Correct,0.02100618210885774,round,,D_local,S_final,10,10,22
deepseek-v3.2-think,S2_1,13,1,1,Correct,0.16362762209868287,round,,D_local,S_final,10,10,22
deepseek-v3.2-think,S2_1,13,1,2,Wrong,0.1160131835919298,round,,D_local,S_final,10,10,22
deepseek-v3.2-think,S2_1,13,1,3,Wrong,0.16612707929956283,round,,D_local,S_final,10,10,22
deepseek-v3.2-think,S2_1,13,2,1,Wrong,0.006348547738325716,round,,D_local,S_final,10,10,22
deepseek-v3.2-think,S2_1,13,2,2,Wrong,-0.010536646808459227,round,,D_local,S_final,10,10,22
deepseek-v3.2-think,S2_1,13,2,3,Correct,0.04180279974436529,round,,D_local,S_final,10,10,22
deepseek-v3.2-think,S2_1,13,3,1,Correct,0.042805913809159324,round,,D_local,S_final,10,10,22
deepseek-v3.2-think,S2_1,13,3,2,Wrong,0.02691227868208601,round,,D_local,S_final,10,10,22
deepseek-v3.2-think,S2_1,13,3,3,Correct,0.013573608072175669,round,,D_local,S_final,10,10,22
deepseek-v3.2-think,S2_1,14,1,1,Correct,0.04499013102876315,round,,D_local,S_final,10,10,22
deepseek-v3.2-think,S2_1,14,1,2,Correct,0.06434737671147561,round,,D_local,S_final,10,10,22
deepseek-v3.2-think,S2_1,14,1,3,Correct,0.06443866592655134,round,,D_local,S_final,10,10,22
deepseek-v3.2-think,S2_1,15,1,1,Wrong,-0.11437247146178309,round,,D_local,S_final,10,10,22
deepseek-v3.2-think,S2_1,15,1,2,Wrong,-0.05658128148429775,round,,D_local,S_final,10,10,22
deepseek-v3.2-think,S2_1,15,1,3,Wrong,-0.11057468776129475,round,,D_local,S_final,10,10,22
deepseek-v3.2-think,S2_1,16,1,1,Correct,0.1445115290378678,round,,D_local,S_final,10,10,22
deepseek-v3.2-think,S2_1,16,1,2,Correct,0.1425613156694029,round,,D_local,S_final,10,10,22
deepseek-v3.2-think,S2_1,16,1,3,Correct,0.1278844990652262,round,,D_local,S_final,10,10,22
deepseek-v3.2-think,S2_1,17,1,1,Correct,0.06363573906269748,round,,D_local,S_final,10,10,22
deepseek-v3.2-think,S2_1,17,1,2,Correct,0.07273107088353192,round,,D_local,S_final,10,10,22
deepseek-v3.2-think,S2_1,17,1,3,Correct,0.06500649149305593,round,,D_local,S_final,10,10,22
deepseek-v3.2-think,S2_1,18,1,1,Correct,0.10895846075245175,round,,D_local,S_final,10,10,22
deepseek-v3.2-think,S2_1,18,1,2,Correct,0.12317697452488019,round,,D_local,S_final,10,10,22
deepseek-v3.2-think,S2_1,18,1,3,Correct,0.12875129360777426,round,,D_local,S_final,10,10,22
deepseek-v3.2-think,S2_1,19,1,1,Correct,0.06159983403547986,round,,D_local,S_final,10,10,22
deepseek-v3.2-think,S2_1,19,1,2,Correct,0.09180775400815344,round,,D_local,S_final,10,10,22
deepseek-v3.2-think,S2_1,19,1,3,Correct,0.055654074281267785,round,,D_local,S_final,10,10,22
deepseek-v3.2-think,S2_1,20,1,1,Wrong,0.07200920523972187,round,,D_local,S_final,10,10,22
deepseek-v3.2-think,S2_1,20,1,2,Correct,0.11977574217833065,round,,D_local,S_final,10,10,22
deepseek-v3.2-think,S2_1,20,1,3,Wrong,0.07114502262499278,round,,D_local,S_final,10,10,22
deepseek-v3.2-think,S2_1,21,1,1,Correct,0.10477464404712966,round,,D_local,S_final,10,10,22
deepseek-v3.2-think,S2_1,21,1,2,Correct,0.08587461826922083,round,,D_local,S_final,10,10,22
deepseek-v3.2-think,S2_1,21,1,3,Correct,0.11112941521697317,round,,D_local,S_final,10,10,22
deepseek-v3.2-think,S2_1,22,1,1,Correct,0.03995740882907978,round,,D_local,S_final,10,10,22
deepseek-v3.2-think,S2_1,22,1,2,Correct,0.015529204158149734,round,,D_local,S_final,10,10,22
deepseek-v3.2-think,S2_1,22,1,3,Correct,0.028454717535150387,round,,D_local,S_final,10,10,22
deepseek-v3.2-think,S2_1,23,1,1,Correct,0.05538885552386963,round,,D_local,S_final,10,10,22
deepseek-v3.2-think,S2_1,23,1,2,Correct,0.0783428205275678,round,,D_local,S_final,10,10,22
deepseek-v3.2-think,S2_1,23,1,3,Correct,0.06746000751275316,round,,D_local,S_final,10,10,22
deepseek-v3.2-think,S2_1,24,1,1,Correct,0.022097673566398912,round,,D_local,S_final,10,10,22
deepseek-v3.2-think,S2_1,24,1,2,Correct,0.030304273760618616,round,,D_local,S_final,10,10,22
deepseek-v3.2-think,S2_1,24,1,3,Correct,0.03182224122217825,round,,D_local,S_final,10,10,22
deepseek-v3.2-think,S2_1,25,1,1,Wrong,-0.05245909694622186,round,,D_local,S_final,10,10,22
deepseek-v3.2-think,S2_1,25,1,2,Correct,-0.02787127671056089,round,,D_local,S_final,10,10,22
deepseek-v3.2-think,S2_1,25,1,3,Correct,-0.027898920708013142,round,,D_local,S_final,10,10,22
deepseek-v3.2-think,S2_1,25,2,1,Correct,0.09331029767061172,round,,D_local,S_final,10,10,22
deepseek-v3.2-think,S2_1,25,2,2,Correct,0.1000855811117376,round,,D_local,S_final,10,10,22
deepseek-v3.2-think,S2_1,25,2,3,Correct,0.13253200464780568,round,,D_local,S_final,10,10,22
deepseek-v3.2-think,S2_1,26,1,1,Wrong,0.07292397427127395,round,,D_local,S_final,10,10,22
deepseek-v3.2-think,S2_1,26,1,2,Correct,0.06627691834393301,round,,D_local,S_final,10,10,22
deepseek-v3.2-think,S2_1,26,1,3,Correct,0.09640420274874556,round,,D_local,S_final,10,10,22
deepseek-v3.2-think,S2_1,26,2,1,Correct,-0.0561928406152144,round,,D_local,S_final,10,10,22
deepseek-v3.2-think,S2_1,26,2,2,Correct,0.01814015292890625,round,,D_local,S_final,10,10,22
deepseek-v3.2-think,S2_1,26,2,3,Correct,-0.01894581457002331,round,,D_local,S_final,10,10,22
deepseek-v3.2-think,S2_1,26,3,1,Correct,0.00829930215038266,round,,D_local,S_final,10,10,22
deepseek-v3.2-think,S2_1,26,3,2,Correct,-0.04942100490324347,round,,D_local,S_final,10,10,22
deepseek-v3.2-think,S2_1,26,3,3,Correct,-0.04452872405885283,round,,D_local,S_final,10,10,22
deepseek-v3.2-think,S2_1,26,4,1,Correct,0.12984612906320203,round,,D_local,S_final,10,10,22
deepseek-v3.2-think,S2_1,26,4,2,Correct,0.1464321027202311,round,,D_local,S_final,10,10,22
deepseek-v3.2-think,S2_1,26,4,3,Correct,0.16235835330013593,round,,D_local,S_final,10,10,22
deepseek-v3.2-think,S2_1,27,1,1,Correct,0.06444585267720271,round,,D_local,S_final,10,10,22
deepseek-v3.2-think,S2_1,27,1,2,Correct,0.0506585787543028,round,,D_local,S_final,10,10,22
deepseek-v3.2-think,S2_1,27,1,3,Correct,0.07288037323959118,round,,D_local,S_final,10,10,22
deepseek-v3.2-think,S2_1,27,2,1,Correct,-0.019631559359886364,round,,D_local,S_final,10,10,22
deepseek-v3.2-think,S2_1,27,2,2,Correct,0.01780953650742234,round,,D_local,S_final,10,10,22
deepseek-v3.2-think,S2_1,27,2,3,Correct,0.0034250616523019417,round,,D_local,S_final,10,10,22
deepseek-v3.2-think,S2_1,27,3,1,Correct,0.01765830068751184,round,,D_local,S_final,10,10,22
deepseek-v3.2-think,S2_1,27,3,2,Correct,-0.008803354839206246,round,,D_local,S_final,10,10,22
deepseek-v3.2-think,S2_1,27,3,3,Correct,-0.05264007620283706,round,,D_local,S_final,10,10,22
deepseek-v3.2-think,S2_1,27,4,1,Correct,0.19904115685984558,round,,D_local,S_final,10,10,22
deepseek-v3.2-think,S2_1,27,4,2,Correct,0.15961270791564897,round,,D_local,S_final,10,10,22
deepseek-v3.2-think,S2_1,27,4,3,Correct,0.1832064820901117,round,,D_local,S_final,10,10,22
deepseek-v3.2-think,S2_1,28,1,1,Wrong,0.04792563027266167,round,,D_local,S_final,10,10,22
deepseek-v3.2-think,S2_1,28,1,2,Correct,0.05176436390211869,round,,D_local,S_final,10,10,22
deepseek-v3.2-think,S2_1,28,1,3,Wrong,0.04369937425176229,round,,D_local,S_final,10,10,22
deepseek-v3.2-think,S2_1,28,2,1,Correct,-0.0529178053749495,round,,D_local,S_final,10,10,22
deepseek-v3.2-think,S2_1,28,2,2,Correct,-0.04308759979092314,round,,D_local,S_final,10,10,22
deepseek-v3.2-think,S2_1,28,2,3,Correct,-0.028655031310070356,round,,D_local,S_final,10,10,22
deepseek-v3.2-think,S2_1,29,1,1,Correct,0.13041150539935986,round,,D_local,S_final,10,10,22
deepseek-v3.2-think,S2_1,29,1,2,Correct,0.1287708622570644,round,,D_local,S_final,10,10,22
deepseek-v3.2-think,S2_1,29,1,3,Correct,0.13110424579883884,round,,D_local,S_final,10,10,22
deepseek-v3.2-think,S2_1,29,2,1,Correct,-0.048156998124633144,round,,D_local,S_final,10,10,22
deepseek-v3.2-think,S2_1,29,2,2,Correct,-0.0500181210656942,round,,D_local,S_final,10,10,22
deepseek-v3.2-think,S2_1,29,2,3,Correct,-0.05796333323476177,round,,D_local,S_final,10,10,22
deepseek-v3.2-think,S2_1,30,1,1,Correct,0.04294785788775696,round,,D_local,S_final,10,10,22
deepseek-v3.2-think,S2_1,30,1,2,Correct,0.06493735373220133,round,,D_local,S_final,10,10,22
deepseek-v3.2-think,S2_1,30,1,3,Correct,0.046133080676861615,round,,D_local,S_final,10,10,22
deepseek-v3.2-think,S2_1,30,2,1,Correct,-0.03991751914022068,round,,D_local,S_final,10,10,22
deepseek-v3.2-think,S2_1,30,2,2,Correct,-0.07177021849057197,round,,D_local,S_final,10,10,22
deepseek-v3.2-think,S2_1,30,2,3,Correct,-0.04281422562082937,round,,D_local,S_final,10,10,22
deepseek-v3.2-think,S2_1,31,1,1,Wrong,0.1107260450215356,round,,D_local,S_final,10,10,22
deepseek-v3.2-think,S2_1,31,1,2,Wrong,0.13415711624474352,round,,D_local,S_final,10,10,22
deepseek-v3.2-think,S2_1,31,1,3,Wrong,0.12196630900504257,round,,D_local,S_final,10,10,22
deepseek-v3.2-think,S2_1,32,1,1,Correct,0.062413183329488864,round,,D_local,S_final,10,10,22
deepseek-v3.2-think,S2_1,32,1,2,Correct,0.07538878045219743,round,,D_local,S_final,10,10,22
deepseek-v3.2-think,S2_1,32,1,3,Correct,0.10190975318712892,round,,D_local,S_final,10,10,22
deepseek-v3.2-think,S2_1,33,1,1,Wrong,0.09888079312789355,round,,D_local,S_final,10,10,22
deepseek-v3.2-think,S2_1,33,1,2,Correct,0.15590114863019167,round,,D_local,S_final,10,10,22
deepseek-v3.2-think,S2_1,33,1,3,Wrong,0.1009366767280826,round,,D_local,S_final,10,10,22
deepseek-v3.2-think,S2_1,34,1,1,Correct,0.004404126424762733,round,,D_local,S_final,10,10,22
deepseek-v3.2-think,S2_1,34,1,2,Correct,0.026922808889326855,round,,D_local,S_final,10,10,22
deepseek-v3.2-think,S2_1,34,1,3,Wrong,0.012332500148997894,round,,D_local,S_final,10,10,22
deepseek-v3.2-think,S2_1,35,1,1,Wrong,-0.010326621663874769,round,,D_local,S_final,10,10,22
deepseek-v3.2-think,S2_1,35,1,2,Wrong,-0.014601111198680239,round,,D_local,S_final,10,10,22
deepseek-v3.2-think,S2_1,35,1,3,Correct,-0.013949596210116433,round,,D_local,S_final,10,10,22
deepseek-v3.2-think,S2_1,36,1,1,Wrong,0.10947873721575568,round,,D_local,S_final,10,10,22
deepseek-v3.2-think,S2_1,36,1,2,Wrong,0.09537850851966645,round,,D_local,S_final,10,10,22
deepseek-v3.2-think,S2_1,36,1,3,Wrong,0.09628390566648093,round,,D_local,S_final,10,10,22
deepseek-v3.2-think,S2_1,36,2,1,Correct,0.06171273932972321,round,,D_local,S_final,10,10,22
deepseek-v3.2-think,S2_1,36,2,2,Correct,0.05876336443245389,round,,D_local,S_final,10,10,22
deepseek-v3.2-think,S2_1,36,2,3,Correct,0.051357640391108794,round,,D_local,S_final,10,10,22
deepseek-v3.2-think,S2_1,36,3,1,Correct,0.03268634850889807,round,,D_local,S_final,10,10,22
deepseek-v3.2-think,S2_1,36,3,2,Wrong,0.00023828122871771829,round,,D_local,S_final,10,10,22
deepseek-v3.2-think,S2_1,36,3,3,Correct,0.0325583156726853,round,,D_local,S_final,10,10,22
deepseek-v3.2-think,S2_1,37,1,1,Correct,-0.005664859620237883,round,,D_local,S_final,10,10,22
deepseek-v3.2-think,S2_1,37,1,2,Correct,-0.005215655807107145,round,,D_local,S_final,10,10,22
deepseek-v3.2-think,S2_1,37,1,3,Correct,0.00652436711243265,round,,D_local,S_final,10,10,22
deepseek-v3.2-think,S2_1,37,2,1,Wrong,0.056709755567424414,round,,D_local,S_final,10,10,22
deepseek-v3.2-think,S2_1,37,2,2,Wrong,0.07057562805623274,round,,D_local,S_final,10,10,22
deepseek-v3.2-think,S2_1,37,2,3,Wrong,0.09962550365583489,round,,D_local,S_final,10,10,22
deepseek-v3.2-think,S2_1,38,1,1,Correct,-0.11074713319035911,round,,D_local,S_final,10,10,22
deepseek-v3.2-think,S2_1,38,1,2,Correct,-0.10910751315861339,round,,D_local,S_final,10,10,22
deepseek-v3.2-think,S2_1,38,1,3,Correct,-0.0644080983597719,round,,D_local,S_final,10,10,22
deepseek-v3.2-think,S2_1,38,2,1,Wrong,-0.1354998727342141,round,,D_local,S_final,10,10,22
deepseek-v3.2-think,S2_1,38,2,2,Wrong,-0.12773733512601204,round,,D_local,S_final,10,10,22
deepseek-v3.2-think,S2_1,38,2,3,Wrong,-0.11149391982699186,round,,D_local,S_final,10,10,22
deepseek-v3.2-think,S2_1,39,1,1,Wrong,-0.08449132388288372,round,,D_local,S_final,10,10,22
deepseek-v3.2-think,S2_1,39,1,2,Wrong,-0.044469117638124445,round,,D_local,S_final,10,10,22
deepseek-v3.2-think,S2_1,39,1,3,Wrong,-0.056955331310062585,round,,D_local,S_final,10,10,22
deepseek-v3.2-think,S2_1,39,2,1,Correct,0.13453442103194102,round,,D_local,S_final,10,10,22
deepseek-v3.2-think,S2_1,39,2,2,Correct,0.1333009328980751,round,,D_local,S_final,10,10,22
deepseek-v3.2-think,S2_1,39,2,3,Correct,0.14780447908598537,round,,D_local,S_final,10,10,22
deepseek-v3.2-think,S2_1,40,1,1,Correct,0.07651847599876227,round,,D_local,S_final,10,10,22
deepseek-v3.2-think,S2_1,40,1,2,Correct,0.07957934376742892,round,,D_local,S_final,10,10,22
deepseek-v3.2-think,S2_1,40,1,3,Correct,0.08589776453340436,round,,D_local,S_final,10,10,22
deepseek-v3.2-think,S2_1,40,2,1,Correct,0.053376205514935715,round,,D_local,S_final,10,10,22
deepseek-v3.2-think,S2_1,40,2,2,Wrong,0.07093742819217086,round,,D_local,S_final,10,10,22
deepseek-v3.2-think,S2_1,40,2,3,Wrong,0.09282549524641814,round,,D_local,S_final,10,10,22
deepseek-v3.2-think,S2_1,40,3,1,Correct,0.04275217010856902,round,,D_local,S_final,10,10,22
deepseek-v3.2-think,S2_1,40,3,2,Correct,0.026071949060445743,round,,D_local,S_final,10,10,22
deepseek-v3.2-think,S2_1,40,3,3,Correct,0.07045980616210457,round,,D_local,S_final,10,10,22
deepseek-v3.2-think,S2_1,40,4,1,Wrong,0.03333451455004477,round,,D_local,S_final,10,10,22
deepseek-v3.2-think,S2_1,40,4,2,Wrong,0.05271619753450363,round,,D_local,S_final,10,10,22
deepseek-v3.2-think,S2_1,40,4,3,Wrong,0.032074395892680685,round,,D_local,S_final,10,10,22
deepseek-v3.2-think,S2_1,40,5,1,Wrong,0.05337246473377366,round,,D_local,S_final,10,10,22
deepseek-v3.2-think,S2_1,40,5,2,Wrong,0.06125667150023306,round,,D_local,S_final,10,10,22
deepseek-v3.2-think,S2_1,40,5,3,Wrong,0.04486415743480554,round,,D_local,S_final,10,10,22
deepseek-v3.2-think,S2_1,40,6,1,Correct,0.05060054018404103,round,,D_local,S_final,10,10,22
deepseek-v3.2-think,S2_1,40,6,2,Correct,0.06331712940779088,round,,D_local,S_final,10,10,22
deepseek-v3.2-think,S2_1,40,6,3,Correct,0.033310667591469834,round,,D_local,S_final,10,10,22
deepseek-v3.2-think,S2_1,41,1,1,Wrong,0.08769379888793949,round,,D_local,S_final,10,10,22
deepseek-v3.2-think,S2_1,41,1,2,Wrong,0.07719012457252383,round,,D_local,S_final,10,10,22
deepseek-v3.2-think,S2_1,41,1,3,Wrong,0.08118267523030698,round,,D_local,S_final,10,10,22
deepseek-v3.2-think,S2_1,42,1,1,Wrong,-0.05872205095170269,round,,D_local,S_final,10,10,22
deepseek-v3.2-think,S2_1,42,1,2,Wrong,-0.04798123806814025,round,,D_local,S_final,10,10,22
deepseek-v3.2-think,S2_1,42,1,3,Wrong,-0.046199818945590665,round,,D_local,S_final,10,10,22
deepseek-v3.2-think,S2_1,43,1,1,Wrong,-0.04853406087171808,round,,D_local,S_final,10,10,22
deepseek-v3.2-think,S2_1,43,1,2,Correct,-0.002953505721282612,round,,D_local,S_final,10,10,22
deepseek-v3.2-think,S2_1,43,1,3,Correct,0.0063071368350320345,round,,D_local,S_final,10,10,22
deepseek-v3.2-think,S2_1,44,1,1,Correct,0.10769588069677061,round,,D_local,S_final,10,10,22
deepseek-v3.2-think,S2_1,44,1,2,Correct,0.07894777066096814,round,,D_local,S_final,10,10,22
deepseek-v3.2-think,S2_1,44,1,3,Correct,0.08849852968033411,round,,D_local,S_final,10,10,22
deepseek-v3.2-think,S2_1,45,1,1,Correct,0.11678713972609978,round,,D_local,S_final,10,10,22
deepseek-v3.2-think,S2_1,45,1,2,Correct,0.11394898565724809,round,,D_local,S_final,10,10,22
deepseek-v3.2-think,S2_1,45,1,3,Correct,0.100217038312164,round,,D_local,S_final,10,10,22
deepseek-v3.2-think,S2_1,45,2,1,Wrong,-0.06519670122112375,round,,D_local,S_final,10,10,22
deepseek-v3.2-think,S2_1,45,2,2,Correct,0.025501900870994243,round,,D_local,S_final,10,10,22
deepseek-v3.2-think,S2_1,45,2,3,Wrong,0.005189909423321204,round,,D_local,S_final,10,10,22
deepseek-v3.2-think,S2_1,45,3,1,Wrong,-0.04179682692158748,round,,D_local,S_final,10,10,22
deepseek-v3.2-think,S2_1,45,3,2,Correct,0.010792136429361832,round,,D_local,S_final,10,10,22
deepseek-v3.2-think,S2_1,45,3,3,Correct,0.005155579147591349,round,,D_local,S_final,10,10,22
deepseek-v3.2-think,S2_1,46,1,1,Correct,0.06912991697409476,round,,D_local,S_final,10,10,22
deepseek-v3.2-think,S2_1,46,1,2,Correct,0.07575256667713459,round,,D_local,S_final,10,10,22
deepseek-v3.2-think,S2_1,46,1,3,Correct,0.09166578582448481,round,,D_local,S_final,10,10,22
deepseek-v3.2-think,S2_1,46,2,1,Correct,0.06423140621352641,round,,D_local,S_final,10,10,22
deepseek-v3.2-think,S2_1,46,2,2,Correct,0.029431447058173132,round,,D_local,S_final,10,10,22
deepseek-v3.2-think,S2_1,46,2,3,Correct,0.03607805484591775,round,,D_local,S_final,10,10,22
deepseek-v3.2-think,S2_1,47,1,1,Correct,0.10998492383275715,round,,D_local,S_final,10,10,22
deepseek-v3.2-think,S2_1,47,1,2,Correct,0.10724289513680374,round,,D_local,S_final,10,10,22
deepseek-v3.2-think,S2_1,47,1,3,Correct,0.10927875500857198,round,,D_local,S_final,10,10,22
deepseek-v3.2-think,S2_1,47,2,1,Correct,0.021851553750935393,round,,D_local,S_final,10,10,22
deepseek-v3.2-think,S2_1,47,2,2,Correct,0.06844416003602127,round,,D_local,S_final,10,10,22
deepseek-v3.2-think,S2_1,47,2,3,Correct,0.01787683789347827,round,,D_local,S_final,10,10,22
deepseek-v3.2-think,S2_1,48,1,1,Wrong,0.0556794656493127,round,,D_local,S_final,10,10,22
deepseek-v3.2-think,S2_1,48,1,2,Wrong,0.049503914162260076,round,,D_local,S_final,10,10,22
deepseek-v3.2-think,S2_1,48,1,3,Wrong,0.06401048478145432,round,,D_local,S_final,10,10,22
deepseek-v3.2-think,S2_1,48,2,1,Correct,0.026975683480945034,round,,D_local,S_final,10,10,22
deepseek-v3.2-think,S2_1,48,2,2,Wrong,0.013879610176781743,round,,D_local,S_final,10,10,22
deepseek-v3.2-think,S2_1,48,2,3,Correct,0.010428104346065448,round,,D_local,S_final,10,10,22
deepseek-v3.2-think,S2_1,49,1,1,Correct,0.05577891456163897,round,,D_local,S_final,10,10,22
deepseek-v3.2-think,S2_1,49,1,2,Correct,0.035892406337597826,round,,D_local,S_final,10,10,22
deepseek-v3.2-think,S2_1,49,1,3,Correct,0.07148600318087628,round,,D_local,S_final,10,10,22
deepseek-v3.2-think,S2_1,50,1,1,Correct,0.0004889790392262894,round,,D_local,S_final,10,10,22
deepseek-v3.2-think,S2_1,50,1,2,Correct,0.015012185721202997,round,,D_local,S_final,10,10,22
deepseek-v3.2-think,S2_1,50,1,3,Correct,0.018154551003424002,round,,D_local,S_final,10,10,22
deepseek-v3.2-think,S2_1,51,1,1,Correct,0.10310410628842398,round,,D_local,S_final,10,10,22
deepseek-v3.2-think,S2_1,51,1,2,Wrong,0.09047981358290919,round,,D_local,S_final,10,10,22
deepseek-v3.2-think,S2_1,51,1,3,Correct,0.11349813271835485,round,,D_local,S_final,10,10,22
deepseek-v3.2-think,S2_1,52,1,1,Correct,0.15736074568929348,round,,D_local,S_final,10,10,22
deepseek-v3.2-think,S2_1,52,1,2,Correct,0.1445568579569897,round,,D_local,S_final,10,10,22
deepseek-v3.2-think,S2_1,52,1,3,Correct,0.16732928405669778,round,,D_local,S_final,10,10,22
deepseek-v3.2-think,S2_1,53,1,1,Correct,-0.02017314867956771,round,,D_local,S_final,10,10,22
deepseek-v3.2-think,S2_1,53,1,2,Correct,0.02158430389163224,round,,D_local,S_final,10,10,22
deepseek-v3.2-think,S2_1,53,1,3,Correct,-0.023830076067480943,round,,D_local,S_final,10,10,22
deepseek-v3.2-think,S2_1,53,2,1,Correct,0.10743013145751135,round,,D_local,S_final,10,10,22
deepseek-v3.2-think,S2_1,53,2,2,Correct,0.09561953085827635,round,,D_local,S_final,10,10,22
deepseek-v3.2-think,S2_1,53,2,3,Correct,0.09336760680601885,round,,D_local,S_final,10,10,22
deepseek-v3.2-think,S2_1,54,1,1,Correct,-0.11302026215179317,round,,D_local,S_final,10,10,22
deepseek-v3.2-think,S2_1,54,1,2,Correct,-0.08227967415395604,round,,D_local,S_final,10,10,22
deepseek-v3.2-think,S2_1,54,1,3,Correct,-0.08177230644862166,round,,D_local,S_final,10,10,22
deepseek-v3.2-think,S2_1,54,2,1,Correct,0.09829323011397373,round,,D_local,S_final,10,10,22
deepseek-v3.2-think,S2_1,54,2,2,Correct,0.09390840935881006,round,,D_local,S_final,10,10,22
deepseek-v3.2-think,S2_1,54,2,3,Correct,0.1070648562942097,round,,D_local,S_final,10,10,22
deepseek-v3.2-think,S2_1,55,1,1,Correct,-0.015290749080658084,round,,D_local,S_final,10,10,22
deepseek-v3.2-think,S2_1,55,1,2,Correct,0.014973023405496999,round,,D_local,S_final,10,10,22
deepseek-v3.2-think,S2_1,55,1,3,Correct,-0.0008182904580280592,round,,D_local,S_final,10,10,22
deepseek-v3.2-think,S2_1,55,2,1,Correct,0.13565199209111534,round,,D_local,S_final,10,10,22
deepseek-v3.2-think,S2_1,55,2,2,Correct,0.11773446493876205,round,,D_local,S_final,10,10,22
deepseek-v3.2-think,S2_1,55,2,3,Correct,0.11556180677854705,round,,D_local,S_final,10,10,22
deepseek-v3.2-think,S2_1,56,1,1,Wrong,-0.03456983759970278,round,,D_local,S_final,10,10,22
deepseek-v3.2-think,S2_1,56,1,2,Wrong,-0.0011916617528141549,round,,D_local,S_final,10,10,22
deepseek-v3.2-think,S2_1,56,1,3,Wrong,-0.009498717311084315,round,,D_local,S_final,10,10,22
deepseek-v3.2-think,S2_1,56,2,1,Correct,0.02473058398134942,round,,D_local,S_final,10,10,22
deepseek-v3.2-think,S2_1,56,2,2,Correct,0.05381516840025047,round,,D_local,S_final,10,10,22
deepseek-v3.2-think,S2_1,56,2,3,Correct,0.062115702476578494,round,,D_local,S_final,10,10,22
deepseek-v3.2-think,S2_1,57,1,1,Correct,-0.0994648396807718,round,,D_local,S_final,10,10,22
deepseek-v3.2-think,S2_1,57,1,2,Correct,-0.08611565306773095,round,,D_local,S_final,10,10,22
deepseek-v3.2-think,S2_1,57,1,3,Correct,-0.09640837660682333,round,,D_local,S_final,10,10,22
deepseek-v3.2-think,S2_1,57,2,1,Wrong,-0.18472302173246535,round,,D_local,S_final,10,10,22
deepseek-v3.2-think,S2_1,57,2,2,Correct,-0.1790102045379499,round,,D_local,S_final,10,10,22
deepseek-v3.2-think,S2_1,57,2,3,Correct,-0.12079902091893369,round,,D_local,S_final,10,10,22
deepseek-v3.2-think,S2_1,58,1,1,Correct,0.008023761903572346,round,,D_local,S_final,10,10,22
deepseek-v3.2-think,S2_1,58,1,2,Correct,0.00463155330359355,round,,D_local,S_final,10,10,22
deepseek-v3.2-think,S2_1,58,1,3,Correct,0.015052434288652439,round,,D_local,S_final,10,10,22
deepseek-v3.2-think,S2_1,58,2,1,Correct,0.0423628944707507,round,,D_local,S_final,10,10,22
deepseek-v3.2-think,S2_1,58,2,2,Correct,0.0466922397215343,round,,D_local,S_final,10,10,22
deepseek-v3.2-think,S2_1,58,2,3,Correct,0.031031931424465142,round,,D_local,S_final,10,10,22
deepseek-v3.2-think,S2_1,59,1,1,Correct,-0.02547116764925128,round,,D_local,S_final,10,10,22
deepseek-v3.2-think,S2_1,59,1,2,Correct,-0.010587258155711154,round,,D_local,S_final,10,10,22
deepseek-v3.2-think,S2_1,59,1,3,Correct,-0.047054675573925064,round,,D_local,S_final,10,10,22
deepseek-v3.2-think,S2_1,59,2,1,Correct,0.08286241178763387,round,,D_local,S_final,10,10,22
deepseek-v3.2-think,S2_1,59,2,2,Correct,0.0833222883876118,round,,D_local,S_final,10,10,22
deepseek-v3.2-think,S2_1,59,2,3,Correct,0.07328639107922386,round,,D_local,S_final,10,10,22
deepseek-v3.2-think,S2_1,60,1,1,Correct,-0.0815797443360064,round,,D_local,S_final,10,10,22
deepseek-v3.2-think,S2_1,60,1,2,Correct,-0.07975010060148413,round,,D_local,S_final,10,10,22
deepseek-v3.2-think,S2_1,60,1,3,Correct,-0.09678939444138174,round,,D_local,S_final,10,10,22
deepseek-v3.2-think,S2_1,60,2,1,Correct,0.10207462173780713,round,,D_local,S_final,10,10,22
deepseek-v3.2-think,S2_1,60,2,2,Correct,0.1072524575801106,round,,D_local,S_final,10,10,22
deepseek-v3.2-think,S2_1,60,2,3,Correct,0.08561109140386558,round,,D_local,S_final,10,10,22
deepseek-v3.2-think,S2_1,61,1,1,Correct,-0.06458381017427273,round,,D_local,S_final,10,10,22
deepseek-v3.2-think,S2_1,61,1,2,Correct,-0.06855514297346132,round,,D_local,S_final,10,10,22
deepseek-v3.2-think,S2_1,61,1,3,Correct,-0.07370208863826422,round,,D_local,S_final,10,10,22
deepseek-v3.2-think,S2_1,61,2,1,Correct,0.09887402207488571,round,,D_local,S_final,10,10,22
deepseek-v3.2-think,S2_1,61,2,2,Correct,0.09283096752435371,round,,D_local,S_final,10,10,22
deepseek-v3.2-think,S2_1,61,2,3,Correct,0.09646625742387804,round,,D_local,S_final,10,10,22
deepseek-v3.2-think,S2_1,62,1,1,Correct,0.027674386652889682,round,,D_local,S_final,10,10,22
deepseek-v3.2-think,S2_1,62,1,2,Correct,0.023936565274869648,round,,D_local,S_final,10,10,22
deepseek-v3.2-think,S2_1,62,1,3,Correct,0.030381492047690584,round,,D_local,S_final,10,10,22
deepseek-v3.2-think,S2_1,62,2,1,Correct,0.027006534778871605,round,,D_local,S_final,10,10,22
deepseek-v3.2-think,S2_1,62,2,2,Correct,0.017425964604954824,round,,D_local,S_final,10,10,22
deepseek-v3.2-think,S2_1,62,2,3,Correct,0.0171108195513201,round,,D_local,S_final,10,10,22
deepseek-v3.2-think,S2_1,63,1,1,Correct,0.04834359690490386,round,,D_local,S_final,10,10,22
deepseek-v3.2-think,S2_1,63,1,2,Correct,0.042579242211062684,round,,D_local,S_final,10,10,22
deepseek-v3.2-think,S2_1,63,1,3,Correct,0.02214211498645491,round,,D_local,S_final,10,10,22
deepseek-v3.2-think,S2_1,63,2,1,Correct,0.024647324888966038,round,,D_local,S_final,10,10,22
deepseek-v3.2-think,S2_1,63,2,2,Correct,0.03246400784733994,round,,D_local,S_final,10,10,22
deepseek-v3.2-think,S2_1,63,2,3,Correct,0.03424935246937344,round,,D_local,S_final,10,10,22
deepseek-v3.2-think,S2_1,64,1,1,Correct,0.03069461796594919,round,,D_local,S_final,10,10,22
deepseek-v3.2-think,S2_1,64,1,2,Wrong,0.03993393058452266,round,,D_local,S_final,10,10,22
deepseek-v3.2-think,S2_1,64,1,3,Wrong,0.05006349731815618,round,,D_local,S_final,10,10,22
deepseek-v3.2-think,S2_1,64,2,1,Correct,0.04269969988501776,round,,D_local,S_final,10,10,22
deepseek-v3.2-think,S2_1,64,2,2,Correct,0.01908212118525454,round,,D_local,S_final,10,10,22
deepseek-v3.2-think,S2_1,64,2,3,Correct,0.046354829368873696,round,,D_local,S_final,10,10,22
deepseek-v3.2-think,S3_1,1,1,1,Correct,0.14762163771909564,round,,D_local,S_final,10,10,22
deepseek-v3.2-think,S3_1,1,1,2,Correct,0.13990842862792807,round,,D_local,S_final,10,10,22
deepseek-v3.2-think,S3_1,1,1,3,Correct,0.12709304097898866,round,,D_local,S_final,10,10,22
deepseek-v3.2-think,S3_1,1,2,1,Correct,0.02308786081645775,round,,D_local,S_final,10,10,22
deepseek-v3.2-think,S3_1,1,2,2,Correct,0.04520135533106273,round,,D_local,S_final,10,10,22
deepseek-v3.2-think,S3_1,1,2,3,Correct,0.04366548298139716,round,,D_local,S_final,10,10,22
deepseek-v3.2-think,S3_1,1,3,1,Correct,-0.024099239445828813,round,,D_local,S_final,10,10,22
deepseek-v3.2-think,S3_1,1,3,2,Correct,-0.00027277642237855115,round,,D_local,S_final,10,10,22
deepseek-v3.2-think,S3_1,1,3,3,Correct,-0.0060781890296784935,round,,D_local,S_final,10,10,22
deepseek-v3.2-think,S3_1,1,4,1,Correct,0.07617060299012834,round,,D_local,S_final,10,10,22
deepseek-v3.2-think,S3_1,1,4,2,Correct,0.05745341890302602,round,,D_local,S_final,10,10,22
deepseek-v3.2-think,S3_1,1,4,3,Correct,0.0630215076162628,round,,D_local,S_final,10,10,22
deepseek-v3.2-think,S3_1,1,5,1,Correct,0.04386679695262585,round,,D_local,S_final,10,10,22
deepseek-v3.2-think,S3_1,1,5,2,Correct,0.02678684490729122,round,,D_local,S_final,10,10,22
deepseek-v3.2-think,S3_1,1,5,3,Correct,0.07142903933502309,round,,D_local,S_final,10,10,22
deepseek-v3.2-think,S3_1,2,1,1,Correct,0.21331653533370032,round,,D_local,S_final,10,10,22
deepseek-v3.2-think,S3_1,2,1,2,Correct,0.20900408415510485,round,,D_local,S_final,10,10,22
deepseek-v3.2-think,S3_1,2,1,3,Correct,0.21877780687908255,round,,D_local,S_final,10,10,22
deepseek-v3.2-think,S3_1,3,1,1,Correct,0.23826468898132752,round,,D_local,S_final,10,10,22
deepseek-v3.2-think,S3_1,3,1,2,Correct,0.20710388897615623,round,,D_local,S_final,10,10,22
deepseek-v3.2-think,S3_1,3,1,3,Correct,0.18682943214787073,round,,D_local,S_final,10,10,22
deepseek-v3.2-think,S3_1,3,2,1,Correct,0.24787159024202454,round,,D_local,S_final,10,10,22
deepseek-v3.2-think,S3_1,3,2,2,Wrong,0.22842220828514803,round,,D_local,S_final,10,10,22
deepseek-v3.2-think,S3_1,3,2,3,Correct,0.2524646236189031,round,,D_local,S_final,10,10,22
deepseek-v3.2-think,S3_1,4,1,1,Wrong,0.09371821036626438,round,,D_local,S_final,10,10,22
deepseek-v3.2-think,S3_1,4,1,2,Wrong,0.09996272879037504,round,,D_local,S_final,10,10,22
deepseek-v3.2-think,S3_1,4,1,3,Correct,0.13604153518999373,round,,D_local,S_final,10,10,22
deepseek-v3.2-think,S3_1,4,2,1,Wrong,0.10664447919005515,round,,D_local,S_final,10,10,22
deepseek-v3.2-think,S3_1,4,2,2,Wrong,0.1092476042292162,round,,D_local,S_final,10,10,22
deepseek-v3.2-think,S3_1,4,2,3,Wrong,0.10506458115921546,round,,D_local,S_final,10,10,22
deepseek-v3.2-think,S3_1,4,3,1,Correct,0.07216755285369925,round,,D_local,S_final,10,10,22
deepseek-v3.2-think,S3_1,4,3,2,Correct,0.06114936012614314,round,,D_local,S_final,10,10,22
deepseek-v3.2-think,S3_1,4,3,3,Correct,0.06441875825673526,round,,D_local,S_final,10,10,22
deepseek-v3.2-think,S3_1,5,1,1,Wrong,0.11157162091726669,round,,D_local,S_final,10,10,22
deepseek-v3.2-think,S3_1,5,1,2,Wrong,0.08715266417072032,round,,D_local,S_final,10,10,22
deepseek-v3.2-think,S3_1,5,1,3,Correct,0.10103337341794205,round,,D_local,S_final,10,10,22
deepseek-v3.2-think,S3_1,5,2,1,Correct,0.0824186070153714,round,,D_local,S_final,10,10,22
deepseek-v3.2-think,S3_1,5,2,2,Correct,0.11155200161943046,round,,D_local,S_final,10,10,22
deepseek-v3.2-think,S3_1,5,2,3,Correct,0.06242259538927153,round,,D_local,S_final,10,10,22
deepseek-v3.2-think,S3_1,5,3,1,Correct,0.08774189918186659,round,,D_local,S_final,10,10,22
deepseek-v3.2-think,S3_1,5,3,2,Correct,0.09175972236634367,round,,D_local,S_final,10,10,22
deepseek-v3.2-think,S3_1,5,3,3,Correct,0.0813728569093295,round,,D_local,S_final,10,10,22
deepseek-v3.2-think,S3_1,6,1,1,Correct,0.12062469493007832,round,,D_local,S_final,10,10,22
deepseek-v3.2-think,S3_1,6,1,2,Correct,0.11001082889794123,round,,D_local,S_final,10,10,22
deepseek-v3.2-think,S3_1,6,1,3,Correct,0.07575066454876644,round,,D_local,S_final,10,10,22
deepseek-v3.2-think,S3_1,6,2,1,Wrong,0.011039610827378477,round,,D_local,S_final,10,10,22
deepseek-v3.2-think,S3_1,6,2,2,Wrong,0.006346500943533284,round,,D_local,S_final,10,10,22
deepseek-v3.2-think,S3_1,6,2,3,Wrong,0.006805394404065579,round,,D_local,S_final,10,10,22
deepseek-v3.2-think,S3_1,6,3,1,Correct,0.06694828333360303,round,,D_local,S_final,10,10,22
deepseek-v3.2-think,S3_1,6,3,2,Correct,0.08033458614204336,round,,D_local,S_final,10,10,22
deepseek-v3.2-think,S3_1,6,3,3,Correct,0.06859943605259655,round,,D_local,S_final,10,10,22
deepseek-v3.2-think,S3_1,7,1,1,Correct,0.09010840021220046,round,,D_local,S_final,10,10,22
deepseek-v3.2-think,S3_1,7,1,2,Correct,0.07549616472876786,round,,D_local,S_final,10,10,22
deepseek-v3.2-think,S3_1,7,1,3,Correct,0.09528813367141176,round,,D_local,S_final,10,10,22
deepseek-v3.2-think,S3_1,7,2,1,Wrong,0.10422641930902865,round,,D_local,S_final,10,10,22
deepseek-v3.2-think,S3_1,7,2,2,Wrong,0.06700938598641215,round,,D_local,S_final,10,10,22
deepseek-v3.2-think,S3_1,7,2,3,Wrong,0.10361591152468586,round,,D_local,S_final,10,10,22
deepseek-v3.2-think,S3_1,7,3,1,Wrong,-0.01709859704213057,round,,D_local,S_final,10,10,22
deepseek-v3.2-think,S3_1,7,3,2,Wrong,-0.024414262759893446,round,,D_local,S_final,10,10,22
deepseek-v3.2-think,S3_1,7,3,3,Wrong,0.008704849803444326,round,,D_local,S_final,10,10,22
deepseek-v3.2-think,S3_1,7,4,1,Correct,0.002777377734203057,round,,D_local,S_final,10,10,22
deepseek-v3.2-think,S3_1,7,4,2,Correct,0.0411651263838001,round,,D_local,S_final,10,10,22
deepseek-v3.2-think,S3_1,7,4,3,Correct,0.009893032903472876,round,,D_local,S_final,10,10,22
deepseek-v3.2-think,S3_1,7,5,1,Correct,0.06930248848982079,round,,D_local,S_final,10,10,22
deepseek-v3.2-think,S3_1,7,5,2,Correct,0.07040624547689112,round,,D_local,S_final,10,10,22
deepseek-v3.2-think,S3_1,7,5,3,Correct,0.06482826931458208,round,,D_local,S_final,10,10,22
deepseek-v3.2-think,S3_1,7,6,1,Wrong,-0.006415245050070406,round,,D_local,S_final,10,10,22
deepseek-v3.2-think,S3_1,7,6,2,Wrong,-0.02740676702322009,round,,D_local,S_final,10,10,22
deepseek-v3.2-think,S3_1,7,6,3,Wrong,-0.027083409531706737,round,,D_local,S_final,10,10,22
deepseek-v3.2-think,S3_1,7,7,1,Wrong,0.07038055580118452,round,,D_local,S_final,10,10,22
deepseek-v3.2-think,S3_1,7,7,2,Wrong,0.07348809460251182,round,,D_local,S_final,10,10,22
deepseek-v3.2-think,S3_1,7,7,3,Wrong,0.05947605441987114,round,,D_local,S_final,10,10,22
deepseek-v3.2-think,S3_1,7,8,1,Wrong,0.06389721510328084,round,,D_local,S_final,10,10,22
deepseek-v3.2-think,S3_1,7,8,2,Correct,0.06839609487770604,round,,D_local,S_final,10,10,22
deepseek-v3.2-think,S3_1,7,8,3,Correct,0.08020636634311751,round,,D_local,S_final,10,10,22
deepseek-v3.2-think,S3_1,7,9,1,Correct,0.139485697958997,round,,D_local,S_final,10,10,22
deepseek-v3.2-think,S3_1,7,9,2,Correct,0.12748127856099167,round,,D_local,S_final,10,10,22
deepseek-v3.2-think,S3_1,7,9,3,Correct,0.12066536080846024,round,,D_local,S_final,10,10,22
deepseek-v3.2-think,S3_1,7,10,1,Wrong,0.001235873122006348,round,,D_local,S_final,10,10,22
deepseek-v3.2-think,S3_1,7,10,2,Wrong,0.033205127923911615,round,,D_local,S_final,10,10,22
deepseek-v3.2-think,S3_1,7,10,3,Wrong,0.02561742635675357,round,,D_local,S_final,10,10,22
deepseek-v3.2-think,S3_1,7,11,1,Wrong,0.06058700411689122,round,,D_local,S_final,10,10,22
deepseek-v3.2-think,S3_1,7,11,2,Wrong,0.05746548033863719,round,,D_local,S_final,10,10,22
deepseek-v3.2-think,S3_1,7,11,3,Wrong,0.10225042617745705,round,,D_local,S_final,10,10,22
deepseek-v3.2-think,S3_1,8,1,1,Correct,0.09337539450978605,round,,D_local,S_final,10,10,22
deepseek-v3.2-think,S3_1,8,1,2,Correct,0.08353223618762973,round,,D_local,S_final,10,10,22
deepseek-v3.2-think,S3_1,8,1,3,Correct,0.068762358239006,round,,D_local,S_final,10,10,22
deepseek-v3.2-think,S3_1,8,2,1,Correct,0.06264292752205969,round,,D_local,S_final,10,10,22
deepseek-v3.2-think,S3_1,8,2,2,Correct,0.05341037093817613,round,,D_local,S_final,10,10,22
deepseek-v3.2-think,S3_1,8,2,3,Correct,0.036096737441119964,round,,D_local,S_final,10,10,22
deepseek-v3.2-think,S3_1,8,3,1,Wrong,0.01714822778830749,round,,D_local,S_final,10,10,22
deepseek-v3.2-think,S3_1,8,3,2,Wrong,0.030396705352492503,round,,D_local,S_final,10,10,22
deepseek-v3.2-think,S3_1,8,3,3,Wrong,0.021285159313791935,round,,D_local,S_final,10,10,22
deepseek-v3.2-think,S3_1,8,4,1,Wrong,-0.016942020613282205,round,,D_local,S_final,10,10,22
deepseek-v3.2-think,S3_1,8,4,2,Wrong,-0.025891644141354142,round,,D_local,S_final,10,10,22
deepseek-v3.2-think,S3_1,8,4,3,Wrong,-0.029893186982657305,round,,D_local,S_final,10,10,22
deepseek-v3.2-think,S3_1,9,1,1,Correct,0.048643049482791856,round,,D_local,S_final,10,10,22
deepseek-v3.2-think,S3_1,9,1,2,Correct,0.04397377344715592,round,,D_local,S_final,10,10,22
deepseek-v3.2-think,S3_1,9,1,3,Correct,0.06737250358728653,round,,D_local,S_final,10,10,22
deepseek-v3.2-think,S3_1,9,2,1,Wrong,0.04790544249747175,round,,D_local,S_final,10,10,22
deepseek-v3.2-think,S3_1,9,2,2,Wrong,0.04952385480743848,round,,D_local,S_final,10,10,22
deepseek-v3.2-think,S3_1,9,2,3,Wrong,0.0392609519652839,round,,D_local,S_final,10,10,22
deepseek-v3.2-think,S3_1,9,3,1,Correct,0.07315234776076363,round,,D_local,S_final,10,10,22
deepseek-v3.2-think,S3_1,9,3,2,Correct,0.0458691447862678,round,,D_local,S_final,10,10,22
deepseek-v3.2-think,S3_1,9,3,3,Correct,0.05329954295221928,round,,D_local,S_final,10,10,22
deepseek-v3.2-think,S3_1,10,1,1,Wrong,0.07067982224424774,round,,D_local,S_final,10,10,22
deepseek-v3.2-think,S3_1,10,1,2,Wrong,0.09637362286114837,round,,D_local,S_final,10,10,22
deepseek-v3.2-think,S3_1,10,1,3,Wrong,0.08247465003970139,round,,D_local,S_final,10,10,22
deepseek-v3.2-think,S3_1,10,2,1,Wrong,0.12230242307940509,round,,D_local,S_final,10,10,22
deepseek-v3.2-think,S3_1,10,2,2,Correct,0.11179570115636883,round,,D_local,S_final,10,10,22
deepseek-v3.2-think,S3_1,10,2,3,Wrong,0.10927555737418804,round,,D_local,S_final,10,10,22
deepseek-v3.2-think,S3_1,11,1,1,Correct,0.03576272019180815,round,,D_local,S_final,10,10,22
deepseek-v3.2-think,S3_1,11,1,2,Correct,0.013599094343612506,round,,D_local,S_final,10,10,22
deepseek-v3.2-think,S3_1,11,1,3,Correct,-0.021587268244023072,round,,D_local,S_final,10,10,22
deepseek-v3.2-think,S3_1,12,1,1,Correct,0.04238531110142252,round,,D_local,S_final,10,10,22
deepseek-v3.2-think,S3_1,12,1,2,Correct,0.04598794653559268,round,,D_local,S_final,10,10,22
deepseek-v3.2-think,S3_1,12,1,3,Correct,0.03972714787487985,round,,D_local,S_final,10,10,22
deepseek-v3.2-think,S3_1,13,1,1,Wrong,0.16013012639740742,round,,D_local,S_final,10,10,22
deepseek-v3.2-think,S3_1,13,1,2,Correct,0.1611178817855693,round,,D_local,S_final,10,10,22
deepseek-v3.2-think,S3_1,13,1,3,Correct,0.16679764616414028,round,,D_local,S_final,10,10,22
deepseek-v3.2-think,S3_1,13,2,1,Wrong,-0.008679269624471742,round,,D_local,S_final,10,10,22
deepseek-v3.2-think,S3_1,13,2,2,Wrong,0.010305473959260514,round,,D_local,S_final,10,10,22
deepseek-v3.2-think,S3_1,13,2,3,Wrong,-0.009605318967114473,round,,D_local,S_final,10,10,22
deepseek-v3.2-think,S3_1,13,3,1,Wrong,-0.003356257858865175,round,,D_local,S_final,10,10,22
deepseek-v3.2-think,S3_1,13,3,2,Wrong,0.021954385403990195,round,,D_local,S_final,10,10,22
deepseek-v3.2-think,S3_1,13,3,3,Correct,0.03227199934074099,round,,D_local,S_final,10,10,22
deepseek-v3.2-think,S3_1,14,1,1,Correct,0.06666338928238524,round,,D_local,S_final,10,10,22
deepseek-v3.2-think,S3_1,14,1,2,Wrong,0.007495797567474649,round,,D_local,S_final,10,10,22
deepseek-v3.2-think,S3_1,14,1,3,Wrong,0.05865477409188802,round,,D_local,S_final,10,10,22
deepseek-v3.2-think,S3_1,15,1,1,Wrong,-0.06434841322436058,round,,D_local,S_final,10,10,22
deepseek-v3.2-think,S3_1,15,1,2,Wrong,-0.047672943522131694,round,,D_local,S_final,10,10,22
deepseek-v3.2-think,S3_1,15,1,3,Wrong,-0.06142964848689825,round,,D_local,S_final,10,10,22
deepseek-v3.2-think,S3_1,16,1,1,Correct,0.1453355710347326,round,,D_local,S_final,10,10,22
deepseek-v3.2-think,S3_1,16,1,2,Correct,0.14376281008542868,round,,D_local,S_final,10,10,22
deepseek-v3.2-think,S3_1,16,1,3,Correct,0.1467136999139831,round,,D_local,S_final,10,10,22
deepseek-v3.2-think,S3_1,17,1,1,Correct,0.049829961157663694,round,,D_local,S_final,10,10,22
deepseek-v3.2-think,S3_1,17,1,2,Correct,0.020174982867302016,round,,D_local,S_final,10,10,22
deepseek-v3.2-think,S3_1,17,1,3,Correct,0.08087308291185602,round,,D_local,S_final,10,10,22
deepseek-v3.2-think,S3_1,18,1,1,Correct,0.15740971931946524,round,,D_local,S_final,10,10,22
deepseek-v3.2-think,S3_1,18,1,2,Correct,0.16467891010190283,round,,D_local,S_final,10,10,22
deepseek-v3.2-think,S3_1,18,1,3,Correct,0.13386072467173027,round,,D_local,S_final,10,10,22
deepseek-v3.2-think,S3_1,19,1,1,Correct,0.10343209995810065,round,,D_local,S_final,10,10,22
deepseek-v3.2-think,S3_1,19,1,2,Correct,0.04560746954382289,round,,D_local,S_final,10,10,22
deepseek-v3.2-think,S3_1,19,1,3,Correct,0.06247279157965169,round,,D_local,S_final,10,10,22
deepseek-v3.2-think,S3_1,20,1,1,Correct,0.10054874762223687,round,,D_local,S_final,10,10,22
deepseek-v3.2-think,S3_1,20,1,2,Correct,0.14859274808146894,round,,D_local,S_final,10,10,22
deepseek-v3.2-think,S3_1,20,1,3,Correct,0.15431255584284453,round,,D_local,S_final,10,10,22
deepseek-v3.2-think,S3_1,21,1,1,Correct,0.07462329479694474,round,,D_local,S_final,10,10,22
deepseek-v3.2-think,S3_1,21,1,2,Wrong,0.07921431137636559,round,,D_local,S_final,10,10,22
deepseek-v3.2-think,S3_1,21,1,3,Wrong,0.061774607547834814,round,,D_local,S_final,10,10,22
deepseek-v3.2-think,S3_1,22,1,1,Correct,0.023575033471542883,round,,D_local,S_final,10,10,22
deepseek-v3.2-think,S3_1,22,1,2,Correct,0.02766909013384722,round,,D_local,S_final,10,10,22
deepseek-v3.2-think,S3_1,22,1,3,Correct,0.028910412193238644,round,,D_local,S_final,10,10,22
deepseek-v3.2-think,S3_1,23,1,1,Correct,0.011925731491027491,round,,D_local,S_final,10,10,22
deepseek-v3.2-think,S3_1,23,1,2,Correct,0.05888521931663959,round,,D_local,S_final,10,10,22
deepseek-v3.2-think,S3_1,23,1,3,Correct,0.029680315767662502,round,,D_local,S_final,10,10,22
deepseek-v3.2-think,S3_1,24,1,1,Correct,0.025124044537880752,round,,D_local,S_final,10,10,22
deepseek-v3.2-think,S3_1,24,1,2,Correct,0.04170138780641597,round,,D_local,S_final,10,10,22
deepseek-v3.2-think,S3_1,24,1,3,Wrong,0.022315158074679542,round,,D_local,S_final,10,10,22
deepseek-v3.2-think,S3_1,25,1,1,Wrong,-0.017767309897131267,round,,D_local,S_final,10,10,22
deepseek-v3.2-think,S3_1,25,1,2,Correct,-0.011506636735120535,round,,D_local,S_final,10,10,22
deepseek-v3.2-think,S3_1,25,1,3,Correct,-0.008031182013672367,round,,D_local,S_final,10,10,22
deepseek-v3.2-think,S3_1,25,2,1,Correct,0.08601420059067544,round,,D_local,S_final,10,10,22
deepseek-v3.2-think,S3_1,25,2,2,Correct,0.12163452116569429,round,,D_local,S_final,10,10,22
deepseek-v3.2-think,S3_1,25,2,3,Correct,0.0952788391179501,round,,D_local,S_final,10,10,22
deepseek-v3.2-think,S3_1,26,1,1,Wrong,0.05067774325955199,round,,D_local,S_final,10,10,22
deepseek-v3.2-think,S3_1,26,1,2,Correct,0.08511097024310554,round,,D_local,S_final,10,10,22
deepseek-v3.2-think,S3_1,26,1,3,Correct,0.06772269368342587,round,,D_local,S_final,10,10,22
deepseek-v3.2-think,S3_1,26,2,1,Correct,-0.0333171740635706,round,,D_local,S_final,10,10,22
deepseek-v3.2-think,S3_1,26,2,2,Correct,0.004641727442209143,round,,D_local,S_final,10,10,22
deepseek-v3.2-think,S3_1,26,2,3,Correct,-0.015821309821086427,round,,D_local,S_final,10,10,22
deepseek-v3.2-think,S3_1,26,3,1,Correct,0.02824518292490341,round,,D_local,S_final,10,10,22
deepseek-v3.2-think,S3_1,26,3,2,Correct,0.018943624625228028,round,,D_local,S_final,10,10,22
deepseek-v3.2-think,S3_1,26,3,3,Correct,-0.02232372804091043,round,,D_local,S_final,10,10,22
deepseek-v3.2-think,S3_1,26,4,1,Correct,0.15293020320044892,round,,D_local,S_final,10,10,22
deepseek-v3.2-think,S3_1,26,4,2,Correct,0.14047353831766307,round,,D_local,S_final,10,10,22
deepseek-v3.2-think,S3_1,26,4,3,Correct,0.1519270040780205,round,,D_local,S_final,10,10,22
deepseek-v3.2-think,S3_1,27,1,1,Correct,0.040757742784656936,round,,D_local,S_final,10,10,22
deepseek-v3.2-think,S3_1,27,1,2,Correct,0.0733509737552851,round,,D_local,S_final,10,10,22
deepseek-v3.2-think,S3_1,27,1,3,Correct,0.07160804720185598,round,,D_local,S_final,10,10,22
deepseek-v3.2-think,S3_1,27,2,1,Correct,-0.03444451557585887,round,,D_local,S_final,10,10,22
deepseek-v3.2-think,S3_1,27,2,2,Correct,-0.045424652492195794,round,,D_local,S_final,10,10,22
deepseek-v3.2-think,S3_1,27,2,3,Correct,-0.031688302667473356,round,,D_local,S_final,10,10,22
deepseek-v3.2-think,S3_1,27,3,1,Correct,0.017297284374842792,round,,D_local,S_final,10,10,22
deepseek-v3.2-think,S3_1,27,3,2,Correct,0.008560254120896893,round,,D_local,S_final,10,10,22
deepseek-v3.2-think,S3_1,27,3,3,Correct,0.0065967840586204085,round,,D_local,S_final,10,10,22
deepseek-v3.2-think,S3_1,27,4,1,Correct,0.20530215038389332,round,,D_local,S_final,10,10,22
deepseek-v3.2-think,S3_1,27,4,2,Correct,0.19378675930956857,round,,D_local,S_final,10,10,22
deepseek-v3.2-think,S3_1,27,4,3,Correct,0.20187073796103105,round,,D_local,S_final,10,10,22
deepseek-v3.2-think,S3_1,28,1,1,Correct,0.042548823523061774,round,,D_local,S_final,10,10,22
deepseek-v3.2-think,S3_1,28,1,2,Correct,0.05262008628715775,round,,D_local,S_final,10,10,22
deepseek-v3.2-think,S3_1,28,1,3,Correct,0.06188487940570231,round,,D_local,S_final,10,10,22
deepseek-v3.2-think,S3_1,28,2,1,Correct,-0.05238037068904555,round,,D_local,S_final,10,10,22
deepseek-v3.2-think,S3_1,28,2,2,Correct,0.01105627148468169,round,,D_local,S_final,10,10,22
deepseek-v3.2-think,S3_1,28,2,3,Correct,-0.044636125391283366,round,,D_local,S_final,10,10,22
deepseek-v3.2-think,S3_1,29,1,1,Correct,0.10059859523400427,round,,D_local,S_final,10,10,22
deepseek-v3.2-think,S3_1,29,1,2,Correct,0.14109193868260722,round,,D_local,S_final,10,10,22
deepseek-v3.2-think,S3_1,29,1,3,Correct,0.06609963806340058,round,,D_local,S_final,10,10,22
deepseek-v3.2-think,S3_1,29,2,1,Correct,-0.04268048048144257,round,,D_local,S_final,10,10,22
deepseek-v3.2-think,S3_1,29,2,2,Correct,-0.05678541787526481,round,,D_local,S_final,10,10,22
deepseek-v3.2-think,S3_1,29,2,3,Correct,-0.05743164926441374,round,,D_local,S_final,10,10,22
deepseek-v3.2-think,S3_1,30,1,1,Correct,0.08243981234147046,round,,D_local,S_final,10,10,22
deepseek-v3.2-think,S3_1,30,1,2,Correct,0.05513536101773775,round,,D_local,S_final,10,10,22
deepseek-v3.2-think,S3_1,30,1,3,Correct,0.08349866967094821,round,,D_local,S_final,10,10,22
deepseek-v3.2-think,S3_1,30,2,1,Correct,-0.0455521540227829,round,,D_local,S_final,10,10,22
deepseek-v3.2-think,S3_1,30,2,2,Correct,-0.04102337918218335,round,,D_local,S_final,10,10,22
deepseek-v3.2-think,S3_1,30,2,3,Correct,-0.03853918782371296,round,,D_local,S_final,10,10,22
deepseek-v3.2-think,S3_1,31,1,1,Wrong,0.11854208949661893,round,,D_local,S_final,10,10,22
deepseek-v3.2-think,S3_1,31,1,2,Wrong,0.12575909610475744,round,,D_local,S_final,10,10,22
deepseek-v3.2-think,S3_1,31,1,3,Wrong,0.13178238512493146,round,,D_local,S_final,10,10,22
deepseek-v3.2-think,S3_1,32,1,1,Correct,0.06595405398503318,round,,D_local,S_final,10,10,22
deepseek-v3.2-think,S3_1,32,1,2,Correct,0.0833554907760915,round,,D_local,S_final,10,10,22
deepseek-v3.2-think,S3_1,32,1,3,Correct,0.11867410638541065,round,,D_local,S_final,10,10,22
deepseek-v3.2-think,S3_1,33,1,1,Correct,0.08624513454611743,round,,D_local,S_final,10,10,22
deepseek-v3.2-think,S3_1,33,1,2,Correct,0.1258422503605987,round,,D_local,S_final,10,10,22
deepseek-v3.2-think,S3_1,33,1,3,Correct,0.0738671335805896,round,,D_local,S_final,10,10,22
deepseek-v3.2-think,S3_1,34,1,1,Correct,0.04290452440130321,round,,D_local,S_final,10,10,22
deepseek-v3.2-think,S3_1,34,1,2,Correct,0.03466447123336913,round,,D_local,S_final,10,10,22
deepseek-v3.2-think,S3_1,34,1,3,Correct,0.06692342624768777,round,,D_local,S_final,10,10,22
deepseek-v3.2-think,S3_1,35,1,1,Wrong,-0.02657779395298765,round,,D_local,S_final,10,10,22
deepseek-v3.2-think,S3_1,35,1,2,Wrong,0.01468968867324505,round,,D_local,S_final,10,10,22
deepseek-v3.2-think,S3_1,35,1,3,Wrong,0.004533487692266025,round,,D_local,S_final,10,10,22
deepseek-v3.2-think,S3_1,36,1,1,Wrong,0.10857630560640963,round,,D_local,S_final,10,10,22
deepseek-v3.2-think,S3_1,36,1,2,Wrong,0.08832087661057109,round,,D_local,S_final,10,10,22
deepseek-v3.2-think,S3_1,36,1,3,Wrong,0.10679376916525729,round,,D_local,S_final,10,10,22
deepseek-v3.2-think,S3_1,36,2,1,Correct,0.07681409702981767,round,,D_local,S_final,10,10,22
deepseek-v3.2-think,S3_1,36,2,2,Correct,0.051187337283507106,round,,D_local,S_final,10,10,22
deepseek-v3.2-think,S3_1,36,2,3,Wrong,0.02797594342364418,round,,D_local,S_final,10,10,22
deepseek-v3.2-think,S3_1,36,3,1,Correct,0.03343277729228633,round,,D_local,S_final,10,10,22
deepseek-v3.2-think,S3_1,36,3,2,Correct,0.04328917649979935,round,,D_local,S_final,10,10,22
deepseek-v3.2-think,S3_1,36,3,3,Correct,0.05036984862763627,round,,D_local,S_final,10,10,22
deepseek-v3.2-think,S3_1,37,1,1,Correct,0.0384497638853698,round,,D_local,S_final,10,10,22
deepseek-v3.2-think,S3_1,37,1,2,Correct,0.025841111086627566,round,,D_local,S_final,10,10,22
deepseek-v3.2-think,S3_1,37,1,3,Correct,-0.010717043868754161,round,,D_local,S_final,10,10,22
deepseek-v3.2-think,S3_1,37,2,1,Wrong,0.12181123938212768,round,,D_local,S_final,10,10,22
deepseek-v3.2-think,S3_1,37,2,2,Wrong,0.10305322108872417,round,,D_local,S_final,10,10,22
deepseek-v3.2-think,S3_1,37,2,3,Wrong,0.0884791184500271,round,,D_local,S_final,10,10,22
deepseek-v3.2-think,S3_1,38,1,1,Correct,-0.09816323416507255,round,,D_local,S_final,10,10,22
deepseek-v3.2-think,S3_1,38,1,2,Correct,-0.1121328200226625,round,,D_local,S_final,10,10,22
deepseek-v3.2-think,S3_1,38,1,3,Correct,-0.07349358195380062,round,,D_local,S_final,10,10,22
deepseek-v3.2-think,S3_1,38,2,1,Wrong,-0.09554782904918424,round,,D_local,S_final,10,10,22
deepseek-v3.2-think,S3_1,38,2,2,Wrong,-0.13331563821185172,round,,D_local,S_final,10,10,22
deepseek-v3.2-think,S3_1,38,2,3,Wrong,-0.0907950320310359,round,,D_local,S_final,10,10,22
deepseek-v3.2-think,S3_1,39,1,1,Correct,-0.02263408652148985,round,,D_local,S_final,10,10,22
deepseek-v3.2-think,S3_1,39,1,2,Correct,-0.029581065779188398,round,,D_local,S_final,10,10,22
deepseek-v3.2-think,S3_1,39,1,3,Correct,-0.07300359498039066,round,,D_local,S_final,10,10,22
deepseek-v3.2-think,S3_1,39,2,1,Correct,0.14365004915606416,round,,D_local,S_final,10,10,22
deepseek-v3.2-think,S3_1,39,2,2,Correct,0.14632099566510115,round,,D_local,S_final,10,10,22
deepseek-v3.2-think,S3_1,39,2,3,Correct,0.15183084276414238,round,,D_local,S_final,10,10,22
deepseek-v3.2-think,S3_1,40,1,1,Correct,0.07370204299424177,round,,D_local,S_final,10,10,22
deepseek-v3.2-think,S3_1,40,1,2,Correct,0.07152799155894618,round,,D_local,S_final,10,10,22
deepseek-v3.2-think,S3_1,40,1,3,Correct,0.08290289423759156,round,,D_local,S_final,10,10,22
deepseek-v3.2-think,S3_1,40,2,1,Correct,0.06921504272242252,round,,D_local,S_final,10,10,22
deepseek-v3.2-think,S3_1,40,2,2,Correct,0.07203828308719062,round,,D_local,S_final,10,10,22
deepseek-v3.2-think,S3_1,40,2,3,Correct,0.045835033997456254,round,,D_local,S_final,10,10,22
deepseek-v3.2-think,S3_1,40,3,1,Wrong,0.07296655412355557,round,,D_local,S_final,10,10,22
deepseek-v3.2-think,S3_1,40,3,2,Correct,0.03975363868170145,round,,D_local,S_final,10,10,22
deepseek-v3.2-think,S3_1,40,3,3,Correct,0.049285735082892024,round,,D_local,S_final,10,10,22
deepseek-v3.2-think,S3_1,40,4,1,Wrong,0.07672765006139859,round,,D_local,S_final,10,10,22
deepseek-v3.2-think,S3_1,40,4,2,Wrong,0.052094456780864995,round,,D_local,S_final,10,10,22
deepseek-v3.2-think,S3_1,40,4,3,Wrong,0.061976750130424474,round,,D_local,S_final,10,10,22
deepseek-v3.2-think,S3_1,40,5,1,Correct,0.009647664031754655,round,,D_local,S_final,10,10,22
deepseek-v3.2-think,S3_1,40,5,2,Wrong,0.05264608924258629,round,,D_local,S_final,10,10,22
deepseek-v3.2-think,S3_1,40,5,3,Wrong,0.045337747947977625,round,,D_local,S_final,10,10,22
deepseek-v3.2-think,S3_1,40,6,1,Correct,0.061669958209209286,round,,D_local,S_final,10,10,22
deepseek-v3.2-think,S3_1,40,6,2,Correct,0.047851540223520894,round,,D_local,S_final,10,10,22
deepseek-v3.2-think,S3_1,40,6,3,Correct,0.07324285869377978,round,,D_local,S_final,10,10,22
deepseek-v3.2-think,S3_1,41,1,1,Wrong,0.08978316825702926,round,,D_local,S_final,10,10,22
deepseek-v3.2-think,S3_1,41,1,2,Wrong,0.09768681414733271,round,,D_local,S_final,10,10,22
deepseek-v3.2-think,S3_1,41,1,3,Wrong,0.11003470751157352,round,,D_local,S_final,10,10,22
deepseek-v3.2-think,S3_1,42,1,1,Wrong,-0.04435858581229779,round,,D_local,S_final,10,10,22
deepseek-v3.2-think,S3_1,42,1,2,Wrong,-0.05757612685048408,round,,D_local,S_final,10,10,22
deepseek-v3.2-think,S3_1,42,1,3,Wrong,-0.03437605386401932,round,,D_local,S_final,10,10,22
deepseek-v3.2-think,S3_1,43,1,1,Wrong,-0.025050942983150803,round,,D_local,S_final,10,10,22
deepseek-v3.2-think,S3_1,43,1,2,Wrong,-0.01935915501045049,round,,D_local,S_final,10,10,22
deepseek-v3.2-think,S3_1,43,1,3,Wrong,-0.012699965062702434,round,,D_local,S_final,10,10,22
deepseek-v3.2-think,S3_1,44,1,1,Correct,0.08825760343492117,round,,D_local,S_final,10,10,22
deepseek-v3.2-think,S3_1,44,1,2,Correct,0.10251925297272857,round,,D_local,S_final,10,10,22
deepseek-v3.2-think,S3_1,44,1,3,Wrong,0.09802041850095311,round,,D_local,S_final,10,10,22
deepseek-v3.2-think,S3_1,45,1,1,Correct,0.1375799050640829,round,,D_local,S_final,10,10,22
deepseek-v3.2-think,S3_1,45,1,2,Correct,0.18621201727414144,round,,D_local,S_final,10,10,22
deepseek-v3.2-think,S3_1,45,1,3,Correct,0.17939284883048007,round,,D_local,S_final,10,10,22
deepseek-v3.2-think,S3_1,45,2,1,Wrong,-0.037274085873385654,round,,D_local,S_final,10,10,22
deepseek-v3.2-think,S3_1,45,2,2,Correct,-0.011902303692058025,round,,D_local,S_final,10,10,22
deepseek-v3.2-think,S3_1,45,2,3,Wrong,-0.06813923204850736,round,,D_local,S_final,10,10,22
deepseek-v3.2-think,S3_1,45,3,1,Correct,0.001480765951000218,round,,D_local,S_final,10,10,22
deepseek-v3.2-think,S3_1,45,3,2,Wrong,-0.05638393711935141,round,,D_local,S_final,10,10,22
deepseek-v3.2-think,S3_1,45,3,3,Wrong,-0.02781334176165129,round,,D_local,S_final,10,10,22
deepseek-v3.2-think,S3_1,46,1,1,Correct,0.10447509997767168,round,,D_local,S_final,10,10,22
deepseek-v3.2-think,S3_1,46,1,2,Correct,0.09341372438731699,round,,D_local,S_final,10,10,22
deepseek-v3.2-think,S3_1,46,1,3,Correct,0.09723391971655138,round,,D_local,S_final,10,10,22
deepseek-v3.2-think,S3_1,46,2,1,Correct,0.0705164323001406,round,,D_local,S_final,10,10,22
deepseek-v3.2-think,S3_1,46,2,2,Correct,0.05421247861313805,round,,D_local,S_final,10,10,22
deepseek-v3.2-think,S3_1,46,2,3,Correct,0.051828767881436644,round,,D_local,S_final,10,10,22
deepseek-v3.2-think,S3_1,47,1,1,Correct,0.11609890692197788,round,,D_local,S_final,10,10,22
deepseek-v3.2-think,S3_1,47,1,2,Correct,0.11432647058875633,round,,D_local,S_final,10,10,22
deepseek-v3.2-think,S3_1,47,1,3,Correct,0.13078836500312574,round,,D_local,S_final,10,10,22
deepseek-v3.2-think,S3_1,47,2,1,Correct,0.029109336045584744,round,,D_local,S_final,10,10,22
deepseek-v3.2-think,S3_1,47,2,2,Correct,0.037205986299262084,round,,D_local,S_final,10,10,22
deepseek-v3.2-think,S3_1,47,2,3,Correct,0.050348267678565706,round,,D_local,S_final,10,10,22
deepseek-v3.2-think,S3_1,48,1,1,Correct,0.10588876122416546,round,,D_local,S_final,10,10,22
deepseek-v3.2-think,S3_1,48,1,2,Correct,0.08568870700623821,round,,D_local,S_final,10,10,22
deepseek-v3.2-think,S3_1,48,1,3,Correct,0.1095400689010747,round,,D_local,S_final,10,10,22
deepseek-v3.2-think,S3_1,48,2,1,Wrong,-0.024259183337357437,round,,D_local,S_final,10,10,22
deepseek-v3.2-think,S3_1,48,2,2,Correct,-0.03215849074821642,round,,D_local,S_final,10,10,22
deepseek-v3.2-think,S3_1,48,2,3,Wrong,0.05527366873702588,round,,D_local,S_final,10,10,22
deepseek-v3.2-think,S3_1,49,1,1,Correct,0.052883909143378593,round,,D_local,S_final,10,10,22
deepseek-v3.2-think,S3_1,49,1,2,Correct,0.03590546504434261,round,,D_local,S_final,10,10,22
deepseek-v3.2-think,S3_1,49,1,3,Correct,0.04956892711937022,round,,D_local,S_final,10,10,22
deepseek-v3.2-think,S3_1,50,1,1,Correct,0.046020260330070895,round,,D_local,S_final,10,10,22
deepseek-v3.2-think,S3_1,50,1,2,Correct,0.033593468522352565,round,,D_local,S_final,10,10,22
deepseek-v3.2-think,S3_1,50,1,3,Correct,0.04409002854169075,round,,D_local,S_final,10,10,22
deepseek-v3.2-think,S3_1,51,1,1,Correct,0.11833562953594468,round,,D_local,S_final,10,10,22
deepseek-v3.2-think,S3_1,51,1,2,Correct,0.0969825946445867,round,,D_local,S_final,10,10,22
deepseek-v3.2-think,S3_1,51,1,3,Wrong,0.10750335787769416,round,,D_local,S_final,10,10,22
deepseek-v3.2-think,S3_1,52,1,1,Wrong,0.18747982560773008,round,,D_local,S_final,10,10,22
deepseek-v3.2-think,S3_1,52,1,2,Correct,0.16293268236913283,round,,D_local,S_final,10,10,22
deepseek-v3.2-think,S3_1,52,1,3,Correct,0.1586711783815673,round,,D_local,S_final,10,10,22
deepseek-v3.2-think,S3_1,53,1,1,Correct,-0.003597113633399762,round,,D_local,S_final,10,10,22
deepseek-v3.2-think,S3_1,53,1,2,Correct,-0.018021553928959322,round,,D_local,S_final,10,10,22
deepseek-v3.2-think,S3_1,53,1,3,Correct,-0.01905717283246572,round,,D_local,S_final,10,10,22
deepseek-v3.2-think,S3_1,53,2,1,Correct,0.09359670092530736,round,,D_local,S_final,10,10,22
deepseek-v3.2-think,S3_1,53,2,2,Correct,0.09162001257097907,round,,D_local,S_final,10,10,22
deepseek-v3.2-think,S3_1,53,2,3,Correct,0.081303002821834,round,,D_local,S_final,10,10,22
deepseek-v3.2-think,S3_1,54,1,1,Correct,-0.09520914364148936,round,,D_local,S_final,10,10,22
deepseek-v3.2-think,S3_1,54,1,2,Correct,-0.1281113371343101,round,,D_local,S_final,10,10,22
deepseek-v3.2-think,S3_1,54,1,3,Correct,-0.1048261531964278,round,,D_local,S_final,10,10,22
deepseek-v3.2-think,S3_1,54,2,1,Correct,0.13206286151157254,round,,D_local,S_final,10,10,22
deepseek-v3.2-think,S3_1,54,2,2,Correct,0.1400151608689305,round,,D_local,S_final,10,10,22
deepseek-v3.2-think,S3_1,54,2,3,Correct,0.12874958127706349,round,,D_local,S_final,10,10,22
deepseek-v3.2-think,S3_1,55,1,1,Correct,-0.011941494698467947,round,,D_local,S_final,10,10,22
deepseek-v3.2-think,S3_1,55,1,2,Correct,-0.03379700998845642,round,,D_local,S_final,10,10,22
deepseek-v3.2-think,S3_1,55,1,3,Correct,-0.005476250809604566,round,,D_local,S_final,10,10,22
deepseek-v3.2-think,S3_1,55,2,1,Correct,0.11213983339451472,round,,D_local,S_final,10,10,22
deepseek-v3.2-think,S3_1,55,2,2,Correct,0.11659813197169971,round,,D_local,S_final,10,10,22
deepseek-v3.2-think,S3_1,55,2,3,Correct,0.11599957616129047,round,,D_local,S_final,10,10,22
deepseek-v3.2-think,S3_1,56,1,1,Wrong,-0.018051302180520423,round,,D_local,S_final,10,10,22
deepseek-v3.2-think,S3_1,56,1,2,Wrong,-0.04216123633546087,round,,D_local,S_final,10,10,22
deepseek-v3.2-think,S3_1,56,1,3,Wrong,-0.04621690163992653,round,,D_local,S_final,10,10,22
deepseek-v3.2-think,S3_1,56,2,1,Correct,0.07780434793245461,round,,D_local,S_final,10,10,22
deepseek-v3.2-think,S3_1,56,2,2,Correct,0.06418623203937979,round,,D_local,S_final,10,10,22
deepseek-v3.2-think,S3_1,56,2,3,Correct,0.07448394673152642,round,,D_local,S_final,10,10,22
deepseek-v3.2-think,S3_1,57,1,1,Correct,-0.10958636955386747,round,,D_local,S_final,10,10,22
deepseek-v3.2-think,S3_1,57,1,2,Correct,-0.10541467980526309,round,,D_local,S_final,10,10,22
deepseek-v3.2-think,S3_1,57,1,3,Correct,-0.0852572137290355,round,,D_local,S_final,10,10,22
deepseek-v3.2-think,S3_1,57,2,1,Wrong,-0.17880467670965983,round,,D_local,S_final,10,10,22
deepseek-v3.2-think,S3_1,57,2,2,Wrong,-0.11506710549189636,round,,D_local,S_final,10,10,22
deepseek-v3.2-think,S3_1,57,2,3,Correct,-0.12329638478215554,round,,D_local,S_final,10,10,22
deepseek-v3.2-think,S3_1,58,1,1,Correct,0.013135195361240415,round,,D_local,S_final,10,10,22
deepseek-v3.2-think,S3_1,58,1,2,Correct,0.0027944933037564734,round,,D_local,S_final,10,10,22
deepseek-v3.2-think,S3_1,58,1,3,Correct,0.012610231868912525,round,,D_local,S_final,10,10,22
deepseek-v3.2-think,S3_1,58,2,1,Correct,0.049049340101546324,round,,D_local,S_final,10,10,22
deepseek-v3.2-think,S3_1,58,2,2,Correct,0.04988414131225327,round,,D_local,S_final,10,10,22
deepseek-v3.2-think,S3_1,58,2,3,Correct,0.06304097518634144,round,,D_local,S_final,10,10,22
deepseek-v3.2-think,S3_1,59,1,1,Correct,-0.038819759031228585,round,,D_local,S_final,10,10,22
deepseek-v3.2-think,S3_1,59,1,2,Correct,-0.03341483548231461,round,,D_local,S_final,10,10,22
deepseek-v3.2-think,S3_1,59,1,3,Correct,-0.03641335676973867,round,,D_local,S_final,10,10,22
deepseek-v3.2-think,S3_1,59,2,1,Correct,0.06842429365639346,round,,D_local,S_final,10,10,22
deepseek-v3.2-think,S3_1,59,2,2,Correct,0.0861226531285747,round,,D_local,S_final,10,10,22
deepseek-v3.2-think,S3_1,59,2,3,Correct,0.09261407342126304,round,,D_local,S_final,10,10,22
deepseek-v3.2-think,S3_1,60,1,1,Correct,-0.14045723203594918,round,,D_local,S_final,10,10,22
deepseek-v3.2-think,S3_1,60,1,2,Correct,-0.09709463987325112,round,,D_local,S_final,10,10,22
deepseek-v3.2-think,S3_1,60,1,3,Correct,-0.12235390158481563,round,,D_local,S_final,10,10,22
deepseek-v3.2-think,S3_1,60,2,1,Correct,0.1011781796954786,round,,D_local,S_final,10,10,22
deepseek-v3.2-think,S3_1,60,2,2,Correct,0.08269478197260749,round,,D_local,S_final,10,10,22
deepseek-v3.2-think,S3_1,60,2,3,Correct,0.0698443097813316,round,,D_local,S_final,10,10,22
deepseek-v3.2-think,S3_1,61,1,1,Correct,-0.09216403225616887,round,,D_local,S_final,10,10,22
deepseek-v3.2-think,S3_1,61,1,2,Correct,-0.0865150362590259,round,,D_local,S_final,10,10,22
deepseek-v3.2-think,S3_1,61,1,3,Correct,-0.08729234312295342,round,,D_local,S_final,10,10,22
deepseek-v3.2-think,S3_1,61,2,1,Correct,0.12172669354144516,round,,D_local,S_final,10,10,22
deepseek-v3.2-think,S3_1,61,2,2,Correct,0.11718411580774213,round,,D_local,S_final,10,10,22
deepseek-v3.2-think,S3_1,61,2,3,Correct,0.10982675483613091,round,,D_local,S_final,10,10,22
deepseek-v3.2-think,S3_1,62,1,1,Correct,0.0368091835559351,round,,D_local,S_final,10,10,22
deepseek-v3.2-think,S3_1,62,1,2,Correct,0.06916267016332267,round,,D_local,S_final,10,10,22
deepseek-v3.2-think,S3_1,62,1,3,Correct,0.04237447389551896,round,,D_local,S_final,10,10,22
deepseek-v3.2-think,S3_1,62,2,1,Correct,0.013622352832451834,round,,D_local,S_final,10,10,22
deepseek-v3.2-think,S3_1,62,2,2,Correct,0.0007557881249694032,round,,D_local,S_final,10,10,22
deepseek-v3.2-think,S3_1,62,2,3,Correct,0.01913291961135466,round,,D_local,S_final,10,10,22
deepseek-v3.2-think,S3_1,63,1,1,Correct,0.05667591740089273,round,,D_local,S_final,10,10,22
deepseek-v3.2-think,S3_1,63,1,2,Correct,0.051647127474376386,round,,D_local,S_final,10,10,22
deepseek-v3.2-think,S3_1,63,1,3,Correct,-0.008702596250850847,round,,D_local,S_final,10,10,22
deepseek-v3.2-think,S3_1,63,2,1,Correct,0.02972807746993711,round,,D_local,S_final,10,10,22
deepseek-v3.2-think,S3_1,63,2,2,Correct,0.04278994038138484,round,,D_local,S_final,10,10,22
deepseek-v3.2-think,S3_1,63,2,3,Correct,0.03662467058227159,round,,D_local,S_final,10,10,22
deepseek-v3.2-think,S3_1,64,1,1,Correct,0.048652904185369494,round,,D_local,S_final,10,10,22
deepseek-v3.2-think,S3_1,64,1,2,Correct,0.019500576089510946,round,,D_local,S_final,10,10,22
deepseek-v3.2-think,S3_1,64,1,3,Correct,0.005346346995530715,round,,D_local,S_final,10,10,22
deepseek-v3.2-think,S3_1,64,2,1,Correct,0.022664155882040293,round,,D_local,S_final,10,10,22
deepseek-v3.2-think,S3_1,64,2,2,Correct,0.0819546736240836,round,,D_local,S_final,10,10,22
deepseek-v3.2-think,S3_1,64,2,3,Correct,0.07178909364124175,round,,D_local,S_final,10,10,22
gemini-3.1-flash-lite,S0,1,1,1,Correct,0.11014995152719664,round,,D_local,S_final,10,10,22
gemini-3.1-flash-lite,S0,1,1,2,Correct,0.13523850452178232,round,,D_local,S_final,10,10,22
gemini-3.1-flash-lite,S0,1,1,3,Correct,0.11488055635006089,round,,D_local,S_final,10,10,22
gemini-3.1-flash-lite,S0,1,2,1,Wrong,0.030759560898259708,round,,D_local,S_final,10,10,22
gemini-3.1-flash-lite,S0,1,2,2,Wrong,0.046932981302780896,round,,D_local,S_final,10,10,22
gemini-3.1-flash-lite,S0,1,2,3,Wrong,0.03770651012451498,round,,D_local,S_final,10,10,22
gemini-3.1-flash-lite,S0,1,3,1,Wrong,-0.016724347929215733,round,,D_local,S_final,10,10,22
gemini-3.1-flash-lite,S0,1,3,2,Wrong,-0.02765088032656493,round,,D_local,S_final,10,10,22
gemini-3.1-flash-lite,S0,1,3,3,Wrong,-0.007537879330491215,round,,D_local,S_final,10,10,22
gemini-3.1-flash-lite,S0,1,4,1,Correct,0.0796546988081761,round,,D_local,S_final,10,10,22
gemini-3.1-flash-lite,S0,1,4,2,Correct,0.08443353186874947,round,,D_local,S_final,10,10,22
gemini-3.1-flash-lite,S0,1,4,3,Correct,0.07827904998509394,round,,D_local,S_final,10,10,22
gemini-3.1-flash-lite,S0,1,5,1,Wrong,0.00087525362380525,round,,D_local,S_final,10,10,22
gemini-3.1-flash-lite,S0,1,5,2,Wrong,0.036827282504889425,round,,D_local,S_final,10,10,22
gemini-3.1-flash-lite,S0,1,5,3,Wrong,0.045941927559761564,round,,D_local,S_final,10,10,22
gemini-3.1-flash-lite,S0,2,1,1,Correct,0.2560896186719146,round,,D_local,S_final,10,10,22
gemini-3.1-flash-lite,S0,2,1,2,Correct,0.2548439130377194,round,,D_local,S_final,10,10,22
gemini-3.1-flash-lite,S0,2,1,3,Correct,0.26751134752243927,round,,D_local,S_final,10,10,22
gemini-3.1-flash-lite,S0,3,1,1,Correct,0.26276721250210067,round,,D_local,S_final,10,10,22
gemini-3.1-flash-lite,S0,3,1,2,Correct,0.2800710822740451,round,,D_local,S_final,10,10,22
gemini-3.1-flash-lite,S0,3,1,3,Correct,0.2746830261503922,round,,D_local,S_final,10,10,22
gemini-3.1-flash-lite,S0,3,2,1,Wrong,0.20033207687338184,round,,D_local,S_final,10,10,22
gemini-3.1-flash-lite,S0,3,2,2,Wrong,0.18420615335568058,round,,D_local,S_final,10,10,22
gemini-3.1-flash-lite,S0,3,2,3,Wrong,0.18942198315001169,round,,D_local,S_final,10,10,22
gemini-3.1-flash-lite,S0,4,1,1,Correct,0.13719682900923258,round,,D_local,S_final,10,10,22
gemini-3.1-flash-lite,S0,4,1,2,Correct,0.13464322451557076,round,,D_local,S_final,10,10,22
gemini-3.1-flash-lite,S0,4,1,3,Correct,0.12141470004166022,round,,D_local,S_final,10,10,22
gemini-3.1-flash-lite,S0,4,2,1,Correct,0.13403061453570508,round,,D_local,S_final,10,10,22
gemini-3.1-flash-lite,S0,4,2,2,Correct,0.12915746306131293,round,,D_local,S_final,10,10,22
gemini-3.1-flash-lite,S0,4,2,3,Correct,0.1369132045883299,round,,D_local,S_final,10,10,22
gemini-3.1-flash-lite,S0,4,3,1,Correct,0.11441801107697103,round,,D_local,S_final,10,10,22
gemini-3.1-flash-lite,S0,4,3,2,Correct,0.08724287651082818,round,,D_local,S_final,10,10,22
gemini-3.1-flash-lite,S0,4,3,3,Correct,0.09976888417601115,round,,D_local,S_final,10,10,22
gemini-3.1-flash-lite,S0,5,1,1,Wrong,0.09409659894027833,round,,D_local,S_final,10,10,22
gemini-3.1-flash-lite,S0,5,1,2,Wrong,0.08947128030453089,round,,D_local,S_final,10,10,22
gemini-3.1-flash-lite,S0,5,1,3,Correct,0.10212174159247012,round,,D_local,S_final,10,10,22
gemini-3.1-flash-lite,S0,5,2,1,Wrong,0.05387740501013105,round,,D_local,S_final,10,10,22
gemini-3.1-flash-lite,S0,5,2,2,Wrong,0.04425523943340126,round,,D_local,S_final,10,10,22
gemini-3.1-flash-lite,S0,5,2,3,Wrong,0.0479414772894885,round,,D_local,S_final,10,10,22
gemini-3.1-flash-lite,S0,5,3,1,Correct,0.09547530100714452,round,,D_local,S_final,10,10,22
gemini-3.1-flash-lite,S0,5,3,2,Wrong,0.09010430733684416,round,,D_local,S_final,10,10,22
gemini-3.1-flash-lite,S0,5,3,3,Correct,0.09334035434322474,round,,D_local,S_final,10,10,22
gemini-3.1-flash-lite,S0,6,1,1,Correct,0.07413876136439701,round,,D_local,S_final,10,10,22
gemini-3.1-flash-lite,S0,6,1,2,Correct,0.0879531125190619,round,,D_local,S_final,10,10,22
gemini-3.1-flash-lite,S0,6,1,3,Correct,0.09536469664609215,round,,D_local,S_final,10,10,22
gemini-3.1-flash-lite,S0,6,2,1,Correct,0.02783947914160234,round,,D_local,S_final,10,10,22
gemini-3.1-flash-lite,S0,6,2,2,Correct,0.024116746991992954,round,,D_local,S_final,10,10,22
gemini-3.1-flash-lite,S0,6,2,3,Correct,0.012937462163681523,round,,D_local,S_final,10,10,22
gemini-3.1-flash-lite,S0,6,3,1,Correct,0.07703502623065162,round,,D_local,S_final,10,10,22
gemini-3.1-flash-lite,S0,6,3,2,Correct,0.07511648014859462,round,,D_local,S_final,10,10,22
gemini-3.1-flash-lite,S0,6,3,3,Correct,0.06954184448386713,round,,D_local,S_final,10,10,22
gemini-3.1-flash-lite,S0,7,1,1,Wrong,0.1405592756496561,round,,D_local,S_final,10,10,22
gemini-3.1-flash-lite,S0,7,1,2,Wrong,0.12561589017837205,round,,D_local,S_final,10,10,22
gemini-3.1-flash-lite,S0,7,1,3,Correct,0.115444582280263,round,,D_local,S_final,10,10,22
gemini-3.1-flash-lite,S0,7,2,1,Wrong,0.127785119659777,round,,D_local,S_final,10,10,22
gemini-3.1-flash-lite,S0,7,2,2,Wrong,0.09914531799911674,round,,D_local,S_final,10,10,22
gemini-3.1-flash-lite,S0,7,2,3,Wrong,0.09587496316519672,round,,D_local,S_final,10,10,22
gemini-3.1-flash-lite,S0,7,3,1,Wrong,-0.008563338589817282,round,,D_local,S_final,10,10,22
gemini-3.1-flash-lite,S0,7,3,2,Wrong,-0.0251764138777536,round,,D_local,S_final,10,10,22
gemini-3.1-flash-lite,S0,7,3,3,Wrong,-0.008287491094929766,round,,D_local,S_final,10,10,22
gemini-3.1-flash-lite,S0,7,4,1,Correct,0.05681007805739968,round,,D_local,S_final,10,10,22
gemini-3.1-flash-lite,S0,7,4,2,Correct,0.047513404464222364,round,,D_local,S_final,10,10,22
gemini-3.1-flash-lite,S0,7,4,3,Correct,0.032997375085149105,round,,D_local,S_final,10,10,22
gemini-3.1-flash-lite,S0,7,5,1,Correct,0.06834138604596729,round,,D_local,S_final,10,10,22
gemini-3.1-flash-lite,S0,7,5,2,Correct,0.07720926155348196,round,,D_local,S_final,10,10,22
gemini-3.1-flash-lite,S0,7,5,3,Correct,0.08254429650522788,round,,D_local,S_final,10,10,22
gemini-3.1-flash-lite,S0,7,6,1,Wrong,-0.021717065728638185,round,,D_local,S_final,10,10,22
gemini-3.1-flash-lite,S0,7,6,2,Wrong,-0.014714232246642589,round,,D_local,S_final,10,10,22
gemini-3.1-flash-lite,S0,7,6,3,Wrong,-0.023424984392504067,round,,D_local,S_final,10,10,22
gemini-3.1-flash-lite,S0,7,7,1,Wrong,0.06477782233759533,round,,D_local,S_final,10,10,22
gemini-3.1-flash-lite,S0,7,7,2,Wrong,0.0402082951656374,round,,D_local,S_final,10,10,22
gemini-3.1-flash-lite,S0,7,7,3,Wrong,0.03702946069957236,round,,D_local,S_final,10,10,22
gemini-3.1-flash-lite,S0,7,8,1,Correct,0.09193208845955325,round,,D_local,S_final,10,10,22
gemini-3.1-flash-lite,S0,7,8,2,Correct,0.08586750372362228,round,,D_local,S_final,10,10,22
gemini-3.1-flash-lite,S0,7,8,3,Correct,0.08576346392227752,round,,D_local,S_final,10,10,22
gemini-3.1-flash-lite,S0,7,9,1,Correct,0.14340279393611355,round,,D_local,S_final,10,10,22
gemini-3.1-flash-lite,S0,7,9,2,Correct,0.15027542646441028,round,,D_local,S_final,10,10,22
gemini-3.1-flash-lite,S0,7,9,3,Correct,0.13473067035075104,round,,D_local,S_final,10,10,22
gemini-3.1-flash-lite,S0,7,10,1,Wrong,-0.02307653825549949,round,,D_local,S_final,10,10,22
gemini-3.1-flash-lite,S0,7,10,2,Wrong,-0.060779096998152427,round,,D_local,S_final,10,10,22
gemini-3.1-flash-lite,S0,7,10,3,Wrong,-0.046777353215262774,round,,D_local,S_final,10,10,22
gemini-3.1-flash-lite,S0,7,11,1,Wrong,0.02183180256267514,round,,D_local,S_final,10,10,22
gemini-3.1-flash-lite,S0,7,11,2,Wrong,0.03254996061673121,round,,D_local,S_final,10,10,22
gemini-3.1-flash-lite,S0,7,11,3,Wrong,0.030044344752467977,round,,D_local,S_final,10,10,22
gemini-3.1-flash-lite,S0,8,1,1,Correct,0.055567513076786645,round,,D_local,S_final,10,10,22
gemini-3.1-flash-lite,S0,8,1,2,Wrong,0.0603153726637623,round,,D_local,S_final,10,10,22
gemini-3.1-flash-lite,S0,8,1,3,Wrong,0.055788151956332355,round,,D_local,S_final,10,10,22
gemini-3.1-flash-lite,S0,8,2,1,Wrong,0.02006796132805766,round,,D_local,S_final,10,10,22
gemini-3.1-flash-lite,S0,8,2,2,Wrong,0.030117659915575468,round,,D_local,S_final,10,10,22
gemini-3.1-flash-lite,S0,8,2,3,Wrong,0.041858384462466036,round,,D_local,S_final,10,10,22
gemini-3.1-flash-lite,S0,8,3,1,Wrong,0.03556156402024191,round,,D_local,S_final,10,10,22
gemini-3.1-flash-lite,S0,8,3,2,Correct,0.09936384540800747,round,,D_local,S_final,10,10,22
gemini-3.1-flash-lite,S0,8,3,3,Correct,0.09680601795204402,round,,D_local,S_final,10,10,22
gemini-3.1-flash-lite,S0,8,4,1,Correct,-0.035250178584651626,round,,D_local,S_final,10,10,22
gemini-3.1-flash-lite,S0,8,4,2,Correct,-0.010588391566105027,round,,D_local,S_final,10,10,22
gemini-3.1-flash-lite,S0,8,4,3,Correct,-0.016828519014487786,round,,D_local,S_final,10,10,22
gemini-3.1-flash-lite,S0,9,1,1,Wrong,0.0719701341337774,round,,D_local,S_final,10,10,22
gemini-3.1-flash-lite,S0,9,1,2,Correct,0.08461951837124926,round,,D_local,S_final,10,10,22
gemini-3.1-flash-lite,S0,9,1,3,Wrong,0.05213488128522881,round,,D_local,S_final,10,10,22
gemini-3.1-flash-lite,S0,9,2,1,Correct,0.1029354906177381,round,,D_local,S_final,10,10,22
gemini-3.1-flash-lite,S0,9,2,2,Wrong,0.07882158843586717,round,,D_local,S_final,10,10,22
gemini-3.1-flash-lite,S0,9,2,3,Wrong,0.08338788295209121,round,,D_local,S_final,10,10,22
gemini-3.1-flash-lite,S0,9,3,1,Wrong,0.10805364374919124,round,,D_local,S_final,10,10,22
gemini-3.1-flash-lite,S0,9,3,2,Wrong,0.08992373684686206,round,,D_local,S_final,10,10,22
gemini-3.1-flash-lite,S0,9,3,3,Wrong,0.10254294679504172,round,,D_local,S_final,10,10,22
gemini-3.1-flash-lite,S0,10,1,1,Correct,0.13256146430280358,round,,D_local,S_final,10,10,22
gemini-3.1-flash-lite,S0,10,1,2,Correct,0.11963996978998526,round,,D_local,S_final,10,10,22
gemini-3.1-flash-lite,S0,10,1,3,Correct,0.12645255408324418,round,,D_local,S_final,10,10,22
gemini-3.1-flash-lite,S0,10,2,1,Correct,0.1372142891669751,round,,D_local,S_final,10,10,22
gemini-3.1-flash-lite,S0,10,2,2,Correct,0.14616188020373644,round,,D_local,S_final,10,10,22
gemini-3.1-flash-lite,S0,10,2,3,Correct,0.1391007387087836,round,,D_local,S_final,10,10,22
gemini-3.1-flash-lite,S0,11,1,1,Wrong,0.0030516544740283313,round,,D_local,S_final,10,10,22
gemini-3.1-flash-lite,S0,11,1,2,Wrong,-0.005800178478531426,round,,D_local,S_final,10,10,22
gemini-3.1-flash-lite,S0,11,1,3,Wrong,-0.0025536293417045552,round,,D_local,S_final,10,10,22
gemini-3.1-flash-lite,S0,12,1,1,Wrong,0.005254941258181267,round,,D_local,S_final,10,10,22
gemini-3.1-flash-lite,S0,12,1,2,Wrong,0.011995844798640909,round,,D_local,S_final,10,10,22
gemini-3.1-flash-lite,S0,12,1,3,Wrong,-0.010411023692163734,round,,D_local,S_final,10,10,22
gemini-3.1-flash-lite,S0,13,1,1,Correct,0.21870643214203056,round,,D_local,S_final,10,10,22
gemini-3.1-flash-lite,S0,13,1,2,Correct,0.21400795922041094,round,,D_local,S_final,10,10,22
gemini-3.1-flash-lite,S0,13,1,3,Correct,0.2162628813398524,round,,D_local,S_final,10,10,22
gemini-3.1-flash-lite,S0,13,2,1,Correct,-0.006094479967862609,round,,D_local,S_final,10,10,22
gemini-3.1-flash-lite,S0,13,2,2,Correct,-0.028052661591641437,round,,D_local,S_final,10,10,22
gemini-3.1-flash-lite,S0,13,2,3,Correct,-0.005833961498684093,round,,D_local,S_final,10,10,22
gemini-3.1-flash-lite,S0,13,3,1,Wrong,-0.005309330811931412,round,,D_local,S_final,10,10,22
gemini-3.1-flash-lite,S0,13,3,2,Wrong,-2.6226808242268973e-05,round,,D_local,S_final,10,10,22
gemini-3.1-flash-lite,S0,13,3,3,Wrong,-0.003428159553539478,round,,D_local,S_final,10,10,22
gemini-3.1-flash-lite,S0,14,1,1,Correct,0.009243319621320856,round,,D_local,S_final,10,10,22
gemini-3.1-flash-lite,S0,14,1,2,Wrong,-0.023642221860471047,round,,D_local,S_final,10,10,22
gemini-3.1-flash-lite,S0,14,1,3,Wrong,-0.00931627533876378,round,,D_local,S_final,10,10,22
gemini-3.1-flash-lite,S0,15,1,1,Wrong,-0.12990463778076555,round,,D_local,S_final,10,10,22
gemini-3.1-flash-lite,S0,15,1,2,Wrong,-0.14187755879389552,round,,D_local,S_final,10,10,22
gemini-3.1-flash-lite,S0,15,1,3,Wrong,-0.13105052746460455,round,,D_local,S_final,10,10,22
gemini-3.1-flash-lite,S0,16,1,1,Correct,0.13719331320261963,round,,D_local,S_final,10,10,22
gemini-3.1-flash-lite,S0,16,1,2,Correct,0.12792330759643344,round,,D_local,S_final,10,10,22
gemini-3.1-flash-lite,S0,16,1,3,Correct,0.1458421502702285,round,,D_local,S_final,10,10,22
gemini-3.1-flash-lite,S0,17,1,1,Wrong,-0.043926240320028676,round,,D_local,S_final,10,10,22
gemini-3.1-flash-lite,S0,17,1,2,Wrong,-0.0515020256117118,round,,D_local,S_final,10,10,22
gemini-3.1-flash-lite,S0,17,1,3,Wrong,-0.051059987001767504,round,,D_local,S_final,10,10,22
gemini-3.1-flash-lite,S0,18,1,1,Correct,0.16856753355166676,round,,D_local,S_final,10,10,22
gemini-3.1-flash-lite,S0,18,1,2,Correct,0.1561648839822407,round,,D_local,S_final,10,10,22
gemini-3.1-flash-lite,S0,18,1,3,Correct,0.16701657738695186,round,,D_local,S_final,10,10,22
gemini-3.1-flash-lite,S0,19,1,1,Correct,0.004281601537119539,round,,D_local,S_final,10,10,22
gemini-3.1-flash-lite,S0,19,1,2,Correct,0.0008938674395019275,round,,D_local,S_final,10,10,22
gemini-3.1-flash-lite,S0,19,1,3,Correct,-0.0098773468193174,round,,D_local,S_final,10,10,22
gemini-3.1-flash-lite,S0,20,1,1,Correct,0.1765727536221272,round,,D_local,S_final,10,10,22
gemini-3.1-flash-lite,S0,20,1,2,Correct,0.18348151657758738,round,,D_local,S_final,10,10,22
gemini-3.1-flash-lite,S0,20,1,3,Correct,0.1700641245105926,round,,D_local,S_final,10,10,22
gemini-3.1-flash-lite,S0,21,1,1,Correct,0.15433839296044882,round,,D_local,S_final,10,10,22
gemini-3.1-flash-lite,S0,21,1,2,Correct,0.1396293825679613,round,,D_local,S_final,10,10,22
gemini-3.1-flash-lite,S0,21,1,3,Correct,0.12210139437539824,round,,D_local,S_final,10,10,22
gemini-3.1-flash-lite,S0,22,1,1,Wrong,0.02775163485573795,round,,D_local,S_final,10,10,22
gemini-3.1-flash-lite,S0,22,1,2,Wrong,0.020716978284182286,round,,D_local,S_final,10,10,22
gemini-3.1-flash-lite,S0,22,1,3,Wrong,0.016458910882837685,round,,D_local,S_final,10,10,22
gemini-3.1-flash-lite,S0,23,1,1,Wrong,0.07564842429540752,round,,D_local,S_final,10,10,22
gemini-3.1-flash-lite,S0,23,1,2,Wrong,0.07486043440303125,round,,D_local,S_final,10,10,22
gemini-3.1-flash-lite,S0,23,1,3,Wrong,0.0866100549217278,round,,D_local,S_final,10,10,22
gemini-3.1-flash-lite,S0,24,1,1,Wrong,-0.01356233652920047,round,,D_local,S_final,10,10,22
gemini-3.1-flash-lite,S0,24,1,2,Correct,0.010896220895947217,round,,D_local,S_final,10,10,22
gemini-3.1-flash-lite,S0,24,1,3,Wrong,0.002220987900455107,round,,D_local,S_final,10,10,22
gemini-3.1-flash-lite,S0,25,1,1,Wrong,-0.07885249219163082,round,,D_local,S_final,10,10,22
gemini-3.1-flash-lite,S0,25,1,2,Wrong,-0.06488397349494635,round,,D_local,S_final,10,10,22
gemini-3.1-flash-lite,S0,25,1,3,Wrong,-0.08027057790204994,round,,D_local,S_final,10,10,22
gemini-3.1-flash-lite,S0,25,2,1,Correct,0.10489447398335983,round,,D_local,S_final,10,10,22
gemini-3.1-flash-lite,S0,25,2,2,Correct,0.09006281887502549,round,,D_local,S_final,10,10,22
gemini-3.1-flash-lite,S0,25,2,3,Correct,0.05722958456474808,round,,D_local,S_final,10,10,22
gemini-3.1-flash-lite,S0,26,1,1,Wrong,0.09108052480055207,round,,D_local,S_final,10,10,22
gemini-3.1-flash-lite,S0,26,1,2,Correct,0.1015166516087278,round,,D_local,S_final,10,10,22
gemini-3.1-flash-lite,S0,26,1,3,Correct,0.10875063341571234,round,,D_local,S_final,10,10,22
gemini-3.1-flash-lite,S0,26,2,1,Correct,-0.04881403260940498,round,,D_local,S_final,10,10,22
gemini-3.1-flash-lite,S0,26,2,2,Wrong,-0.04377245064322388,round,,D_local,S_final,10,10,22
gemini-3.1-flash-lite,S0,26,2,3,Wrong,-0.054645439935856244,round,,D_local,S_final,10,10,22
gemini-3.1-flash-lite,S0,26,3,1,Wrong,-0.0380823752527083,round,,D_local,S_final,10,10,22
gemini-3.1-flash-lite,S0,26,3,2,Correct,-0.03436887166430602,round,,D_local,S_final,10,10,22
gemini-3.1-flash-lite,S0,26,3,3,Wrong,-0.03434007100737502,round,,D_local,S_final,10,10,22
gemini-3.1-flash-lite,S0,26,4,1,Correct,0.17018440120650613,round,,D_local,S_final,10,10,22
gemini-3.1-flash-lite,S0,26,4,2,Correct,0.17577065782821666,round,,D_local,S_final,10,10,22
gemini-3.1-flash-lite,S0,26,4,3,Correct,0.17444947700149982,round,,D_local,S_final,10,10,22
gemini-3.1-flash-lite,S0,27,1,1,Correct,0.04070698578916898,round,,D_local,S_final,10,10,22
gemini-3.1-flash-lite,S0,27,1,2,Correct,0.04717427229747262,round,,D_local,S_final,10,10,22
gemini-3.1-flash-lite,S0,27,1,3,Correct,0.061763638021348766,round,,D_local,S_final,10,10,22
gemini-3.1-flash-lite,S0,27,2,1,Correct,-0.04255793656969509,round,,D_local,S_final,10,10,22
gemini-3.1-flash-lite,S0,27,2,2,Correct,-0.03881830966873101,round,,D_local,S_final,10,10,22
gemini-3.1-flash-lite,S0,27,2,3,Correct,-0.030029680941639714,round,,D_local,S_final,10,10,22
gemini-3.1-flash-lite,S0,27,3,1,Wrong,-0.06373727688580488,round,,D_local,S_final,10,10,22
gemini-3.1-flash-lite,S0,27,3,2,Correct,-0.04560115822051669,round,,D_local,S_final,10,10,22
gemini-3.1-flash-lite,S0,27,3,3,Wrong,-0.04302549938705491,round,,D_local,S_final,10,10,22
gemini-3.1-flash-lite,S0,27,4,1,Correct,0.17685827379128705,round,,D_local,S_final,10,10,22
gemini-3.1-flash-lite,S0,27,4,2,Correct,0.17451154267646263,round,,D_local,S_final,10,10,22
gemini-3.1-flash-lite,S0,27,4,3,Correct,0.19449281344310554,round,,D_local,S_final,10,10,22
gemini-3.1-flash-lite,S0,28,1,1,Wrong,-0.0007210343262816776,round,,D_local,S_final,10,10,22
gemini-3.1-flash-lite,S0,28,1,2,Wrong,0.011444432289416051,round,,D_local,S_final,10,10,22
gemini-3.1-flash-lite,S0,28,1,3,Wrong,0.009391757629210185,round,,D_local,S_final,10,10,22
gemini-3.1-flash-lite,S0,28,2,1,Correct,-0.06597826090564984,round,,D_local,S_final,10,10,22
gemini-3.1-flash-lite,S0,28,2,2,Correct,-0.10619739888085566,round,,D_local,S_final,10,10,22
gemini-3.1-flash-lite,S0,28,2,3,Correct,-0.08898264766719588,round,,D_local,S_final,10,10,22
gemini-3.1-flash-lite,S0,29,1,1,Correct,0.0779063380824544,round,,D_local,S_final,10,10,22
gemini-3.1-flash-lite,S0,29,1,2,Correct,0.09234073838918444,round,,D_local,S_final,10,10,22
gemini-3.1-flash-lite,S0,29,1,3,Correct,0.10843314529795212,round,,D_local,S_final,10,10,22
gemini-3.1-flash-lite,S0,29,2,1,Correct,-0.05167043247742692,round,,D_local,S_final,10,10,22
gemini-3.1-flash-lite,S0,29,2,2,Correct,-0.04909281468200333,round,,D_local,S_final,10,10,22
gemini-3.1-flash-lite,S0,29,2,3,Correct,-0.055556032018639456,round,,D_local,S_final,10,10,22
gemini-3.1-flash-lite,S0,30,1,1,Wrong,0.05429610612815616,round,,D_local,S_final,10,10,22
gemini-3.1-flash-lite,S0,30,1,2,Correct,0.047094223693126436,round,,D_local,S_final,10,10,22
gemini-3.1-flash-lite,S0,30,1,3,Correct,0.0626382319580866,round,,D_local,S_final,10,10,22
gemini-3.1-flash-lite,S0,30,2,1,Correct,-0.038991277590014306,round,,D_local,S_final,10,10,22
gemini-3.1-flash-lite,S0,30,2,2,Correct,-0.048906742210650056,round,,D_local,S_final,10,10,22
gemini-3.1-flash-lite,S0,30,2,3,Correct,-0.04302263255936423,round,,D_local,S_final,10,10,22
gemini-3.1-flash-lite,S0,31,1,1,Correct,0.17517955669695218,round,,D_local,S_final,10,10,22
gemini-3.1-flash-lite,S0,31,1,2,Correct,0.1753567878000405,round,,D_local,S_final,10,10,22
gemini-3.1-flash-lite,S0,31,1,3,Correct,0.16117944450016064,round,,D_local,S_final,10,10,22
gemini-3.1-flash-lite,S0,32,1,1,Wrong,0.013806272533343766,round,,D_local,S_final,10,10,22
gemini-3.1-flash-lite,S0,32,1,2,Wrong,-0.0036178325808855494,round,,D_local,S_final,10,10,22
gemini-3.1-flash-lite,S0,32,1,3,Wrong,0.026083307474450868,round,,D_local,S_final,10,10,22
gemini-3.1-flash-lite,S0,33,1,1,Wrong,0.03777450676343308,round,,D_local,S_final,10,10,22
gemini-3.1-flash-lite,S0,33,1,2,Wrong,0.0508508978692086,round,,D_local,S_final,10,10,22
gemini-3.1-flash-lite,S0,33,1,3,Wrong,0.06413541824886915,round,,D_local,S_final,10,10,22
gemini-3.1-flash-lite,S0,34,1,1,Wrong,-0.037199350439845236,round,,D_local,S_final,10,10,22
gemini-3.1-flash-lite,S0,34,1,2,Correct,-0.008637072926762301,round,,D_local,S_final,10,10,22
gemini-3.1-flash-lite,S0,34,1,3,Correct,0.013267163297515316,round,,D_local,S_final,10,10,22
gemini-3.1-flash-lite,S0,35,1,1,Wrong,0.007344241143837138,round,,D_local,S_final,10,10,22
gemini-3.1-flash-lite,S0,35,1,2,Wrong,0.026482527536748623,round,,D_local,S_final,10,10,22
gemini-3.1-flash-lite,S0,35,1,3,Wrong,-0.0027249552434742697,round,,D_local,S_final,10,10,22
gemini-3.1-flash-lite,S0,36,1,1,Correct,0.12728532721399466,round,,D_local,S_final,10,10,22
gemini-3.1-flash-lite,S0,36,1,2,Correct,0.11166369350736804,round,,D_local,S_final,10,10,22
gemini-3.1-flash-lite,S0,36,1,3,Correct,0.14126001903442031,round,,D_local,S_final,10,10,22
gemini-3.1-flash-lite,S0,36,2,1,Wrong,0.005628712588897189,round,,D_local,S_final,10,10,22
gemini-3.1-flash-lite,S0,36,2,2,Wrong,-0.0011843834329098302,round,,D_local,S_final,10,10,22
gemini-3.1-flash-lite,S0,36,2,3,Wrong,0.02263572184105833,round,,D_local,S_final,10,10,22
gemini-3.1-flash-lite,S0,36,3,1,Correct,0.037214920949706465,round,,D_local,S_final,10,10,22
gemini-3.1-flash-lite,S0,36,3,2,Correct,0.000143854946784705,round,,D_local,S_final,10,10,22
gemini-3.1-flash-lite,S0,36,3,3,Correct,-0.010306050986502835,round,,D_local,S_final,10,10,22
gemini-3.1-flash-lite,S0,37,1,1,Wrong,-0.010234516093252322,round,,D_local,S_final,10,10,22
gemini-3.1-flash-lite,S0,37,1,2,Wrong,0.018288618901803888,round,,D_local,S_final,10,10,22
gemini-3.1-flash-lite,S0,37,1,3,Correct,0.056525724937425914,round,,D_local,S_final,10,10,22
gemini-3.1-flash-lite,S0,37,2,1,Correct,0.10198742642161884,round,,D_local,S_final,10,10,22
gemini-3.1-flash-lite,S0,37,2,2,Wrong,0.12544120627837363,round,,D_local,S_final,10,10,22
gemini-3.1-flash-lite,S0,37,2,3,Correct,0.10430797115825141,round,,D_local,S_final,10,10,22
gemini-3.1-flash-lite,S0,38,1,1,Wrong,-0.13692070827459413,round,,D_local,S_final,10,10,22
gemini-3.1-flash-lite,S0,38,1,2,Wrong,-0.14081769145824274,round,,D_local,S_final,10,10,22
gemini-3.1-flash-lite,S0,38,1,3,Wrong,-0.1651448648257714,round,,D_local,S_final,10,10,22
gemini-3.1-flash-lite,S0,38,2,1,Wrong,-0.1458164027977712,round,,D_local,S_final,10,10,22
gemini-3.1-flash-lite,S0,38,2,2,Wrong,-0.1283371261406389,round,,D_local,S_final,10,10,22
gemini-3.1-flash-lite,S0,38,2,3,Wrong,-0.15524876579107671,round,,D_local,S_final,10,10,22
gemini-3.1-flash-lite,S0,39,1,1,Wrong,-0.06672503269006269,round,,D_local,S_final,10,10,22
gemini-3.1-flash-lite,S0,39,1,2,Wrong,-0.07175047093711029,round,,D_local,S_final,10,10,22
gemini-3.1-flash-lite,S0,39,1,3,Correct,-0.054341612692111796,round,,D_local,S_final,10,10,22
gemini-3.1-flash-lite,S0,39,2,1,Correct,0.1404136741059393,round,,D_local,S_final,10,10,22
gemini-3.1-flash-lite,S0,39,2,2,Correct,0.18727899466963482,round,,D_local,S_final,10,10,22
gemini-3.1-flash-lite,S0,39,2,3,Correct,0.1810821823776333,round,,D_local,S_final,10,10,22
gemini-3.1-flash-lite,S0,40,1,1,Correct,0.06161420601183665,round,,D_local,S_final,10,10,22
gemini-3.1-flash-lite,S0,40,1,2,Correct,0.07111143752464155,round,,D_local,S_final,10,10,22
gemini-3.1-flash-lite,S0,40,1,3,Correct,0.07458389184799075,round,,D_local,S_final,10,10,22
gemini-3.1-flash-lite,S0,40,2,1,Correct,0.09290608425260205,round,,D_local,S_final,10,10,22
gemini-3.1-flash-lite,S0,40,2,2,Correct,0.08863111461644113,round,,D_local,S_final,10,10,22
gemini-3.1-flash-lite,S0,40,2,3,Correct,0.07696425909713356,round,,D_local,S_final,10,10,22
gemini-3.1-flash-lite,S0,40,3,1,Correct,0.008084738610025122,round,,D_local,S_final,10,10,22
gemini-3.1-flash-lite,S0,40,3,2,Correct,0.004671920136512631,round,,D_local,S_final,10,10,22
gemini-3.1-flash-lite,S0,40,3,3,Correct,0.016090405667030683,round,,D_local,S_final,10,10,22
gemini-3.1-flash-lite,S0,40,4,1,Correct,0.028863341394513298,round,,D_local,S_final,10,10,22
gemini-3.1-flash-lite,S0,40,4,2,Correct,0.026046564468787725,round,,D_local,S_final,10,10,22
gemini-3.1-flash-lite,S0,40,4,3,Correct,0.035167057156488934,round,,D_local,S_final,10,10,22
gemini-3.1-flash-lite,S0,40,5,1,Wrong,0.07029574843911535,round,,D_local,S_final,10,10,22
gemini-3.1-flash-lite,S0,40,5,2,Wrong,0.06259656546586756,round,,D_local,S_final,10,10,22
gemini-3.1-flash-lite,S0,40,5,3,Wrong,0.06876117192463793,round,,D_local,S_final,10,10,22
gemini-3.1-flash-lite,S0,40,6,1,Correct,0.07325505853727576,round,,D_local,S_final,10,10,22
gemini-3.1-flash-lite,S0,40,6,2,Correct,0.04884977691672043,round,,D_local,S_final,10,10,22
gemini-3.1-flash-lite,S0,40,6,3,Correct,0.0470432350058273,round,,D_local,S_final,10,10,22
gemini-3.1-flash-lite,S0,41,1,1,Correct,0.11315850357794699,round,,D_local,S_final,10,10,22
gemini-3.1-flash-lite,S0,41,1,2,Correct,0.09695362134024099,round,,D_local,S_final,10,10,22
gemini-3.1-flash-lite,S0,41,1,3,Correct,0.11672523727296291,round,,D_local,S_final,10,10,22
gemini-3.1-flash-lite,S0,42,1,1,Wrong,-0.03599342477954781,round,,D_local,S_final,10,10,22
gemini-3.1-flash-lite,S0,42,1,2,Wrong,-0.04392388639244571,round,,D_local,S_final,10,10,22
gemini-3.1-flash-lite,S0,42,1,3,Wrong,-0.034079016694235076,round,,D_local,S_final,10,10,22
gemini-3.1-flash-lite,S0,43,1,1,Wrong,-0.0718957941810946,round,,D_local,S_final,10,10,22
gemini-3.1-flash-lite,S0,43,1,2,Wrong,-0.07461658519019676,round,,D_local,S_final,10,10,22
gemini-3.1-flash-lite,S0,43,1,3,Wrong,-0.08985654480641458,round,,D_local,S_final,10,10,22
gemini-3.1-flash-lite,S0,44,1,1,Wrong,0.04067666300064987,round,,D_local,S_final,10,10,22
gemini-3.1-flash-lite,S0,44,1,2,Wrong,0.03133064623777815,round,,D_local,S_final,10,10,22
gemini-3.1-flash-lite,S0,44,1,3,Wrong,0.03665257973183933,round,,D_local,S_final,10,10,22
gemini-3.1-flash-lite,S0,45,1,1,Correct,0.1718697732429343,round,,D_local,S_final,10,10,22
gemini-3.1-flash-lite,S0,45,1,2,Correct,0.1567098378736974,round,,D_local,S_final,10,10,22
gemini-3.1-flash-lite,S0,45,1,3,Correct,0.16215222822838393,round,,D_local,S_final,10,10,22
gemini-3.1-flash-lite,S0,45,2,1,Wrong,-0.1055913236339927,round,,D_local,S_final,10,10,22
gemini-3.1-flash-lite,S0,45,2,2,Wrong,-0.10012949695694695,round,,D_local,S_final,10,10,22
gemini-3.1-flash-lite,S0,45,2,3,Wrong,-0.10892314425699157,round,,D_local,S_final,10,10,22
gemini-3.1-flash-lite,S0,45,3,1,Wrong,-0.08611108068848711,round,,D_local,S_final,10,10,22
gemini-3.1-flash-lite,S0,45,3,2,Wrong,-0.07994572430649372,round,,D_local,S_final,10,10,22
gemini-3.1-flash-lite,S0,45,3,3,Wrong,-0.06982286755126088,round,,D_local,S_final,10,10,22
gemini-3.1-flash-lite,S0,46,1,1,Correct,0.1029368059538488,round,,D_local,S_final,10,10,22
gemini-3.1-flash-lite,S0,46,1,2,Correct,0.11291785016199518,round,,D_local,S_final,10,10,22
gemini-3.1-flash-lite,S0,46,1,3,Correct,0.11345090825339599,round,,D_local,S_final,10,10,22
gemini-3.1-flash-lite,S0,46,2,1,Correct,0.06491261146379912,round,,D_local,S_final,10,10,22
gemini-3.1-flash-lite,S0,46,2,2,Correct,0.06149021926919529,round,,D_local,S_final,10,10,22
gemini-3.1-flash-lite,S0,46,2,3,Correct,0.05850038988093531,round,,D_local,S_final,10,10,22
gemini-3.1-flash-lite,S0,47,1,1,Correct,0.12139439846880495,round,,D_local,S_final,10,10,22
gemini-3.1-flash-lite,S0,47,1,2,Correct,0.12264969560243744,round,,D_local,S_final,10,10,22
gemini-3.1-flash-lite,S0,47,1,3,Correct,0.10963165412888554,round,,D_local,S_final,10,10,22
gemini-3.1-flash-lite,S0,47,2,1,Correct,-0.0012444956822723618,round,,D_local,S_final,10,10,22
gemini-3.1-flash-lite,S0,47,2,2,Correct,0.015399980974518668,round,,D_local,S_final,10,10,22
gemini-3.1-flash-lite,S0,47,2,3,Correct,-0.0025036774520429406,round,,D_local,S_final,10,10,22
gemini-3.1-flash-lite,S0,48,1,1,Correct,0.10960427664904093,round,,D_local,S_final,10,10,22
gemini-3.1-flash-lite,S0,48,1,2,Correct,0.10380780031973247,round,,D_local,S_final,10,10,22
gemini-3.1-flash-lite,S0,48,1,3,Correct,0.11432058203847384,round,,D_local,S_final,10,10,22
gemini-3.1-flash-lite,S0,48,2,1,Wrong,-0.05185663035903654,round,,D_local,S_final,10,10,22
gemini-3.1-flash-lite,S0,48,2,2,Wrong,-0.035342923247584146,round,,D_local,S_final,10,10,22
gemini-3.1-flash-lite,S0,48,2,3,Wrong,-0.04176563915076281,round,,D_local,S_final,10,10,22
gemini-3.1-flash-lite,S0,49,1,1,Correct,0.05583950603252663,round,,D_local,S_final,10,10,22
gemini-3.1-flash-lite,S0,49,1,2,Correct,0.019750596350243455,round,,D_local,S_final,10,10,22
gemini-3.1-flash-lite,S0,49,1,3,Correct,0.043036896838741234,round,,D_local,S_final,10,10,22
gemini-3.1-flash-lite,S0,50,1,1,Correct,0.024343333899376596,round,,D_local,S_final,10,10,22
gemini-3.1-flash-lite,S0,50,1,2,Correct,0.02683686134064045,round,,D_local,S_final,10,10,22
gemini-3.1-flash-lite,S0,50,1,3,Correct,0.03699356696794698,round,,D_local,S_final,10,10,22
gemini-3.1-flash-lite,S0,51,1,1,Wrong,0.10843265980486794,round,,D_local,S_final,10,10,22
gemini-3.1-flash-lite,S0,51,1,2,Wrong,0.09695498277136172,round,,D_local,S_final,10,10,22
gemini-3.1-flash-lite,S0,51,1,3,Wrong,0.10468252068941497,round,,D_local,S_final,10,10,22
gemini-3.1-flash-lite,S0,52,1,1,Correct,0.14379583873328716,round,,D_local,S_final,10,10,22
gemini-3.1-flash-lite,S0,52,1,2,Correct,0.16525310811176352,round,,D_local,S_final,10,10,22
gemini-3.1-flash-lite,S0,52,1,3,Correct,0.14371620967858034,round,,D_local,S_final,10,10,22
gemini-3.1-flash-lite,S0,53,1,1,Wrong,0.03516865705640704,round,,D_local,S_final,10,10,22
gemini-3.1-flash-lite,S0,53,1,2,Wrong,0.035339164365203124,round,,D_local,S_final,10,10,22
gemini-3.1-flash-lite,S0,53,1,3,Wrong,0.015219666514701413,round,,D_local,S_final,10,10,22
gemini-3.1-flash-lite,S0,53,2,1,Correct,0.0887956749391664,round,,D_local,S_final,10,10,22
gemini-3.1-flash-lite,S0,53,2,2,Correct,0.08837839056658214,round,,D_local,S_final,10,10,22
gemini-3.1-flash-lite,S0,53,2,3,Correct,0.06008994720686056,round,,D_local,S_final,10,10,22
gemini-3.1-flash-lite,S0,54,1,1,Wrong,-0.08511830251401731,round,,D_local,S_final,10,10,22
gemini-3.1-flash-lite,S0,54,1,2,Wrong,-0.11847420925094704,round,,D_local,S_final,10,10,22
gemini-3.1-flash-lite,S0,54,1,3,Wrong,-0.09515843276413538,round,,D_local,S_final,10,10,22
gemini-3.1-flash-lite,S0,54,2,1,Correct,0.07310164519681583,round,,D_local,S_final,10,10,22
gemini-3.1-flash-lite,S0,54,2,2,Correct,0.08581589879617879,round,,D_local,S_final,10,10,22
gemini-3.1-flash-lite,S0,54,2,3,Correct,0.08404734590490615,round,,D_local,S_final,10,10,22
gemini-3.1-flash-lite,S0,55,1,1,Wrong,-0.04972867069954057,round,,D_local,S_final,10,10,22
gemini-3.1-flash-lite,S0,55,1,2,Wrong,-0.04359550852327254,round,,D_local,S_final,10,10,22
gemini-3.1-flash-lite,S0,55,1,3,Wrong,-0.04397903632956479,round,,D_local,S_final,10,10,22
gemini-3.1-flash-lite,S0,55,2,1,Correct,0.11177773420210957,round,,D_local,S_final,10,10,22
gemini-3.1-flash-lite,S0,55,2,2,Correct,0.10047067589323,round,,D_local,S_final,10,10,22
gemini-3.1-flash-lite,S0,55,2,3,Correct,0.085415656592717,round,,D_local,S_final,10,10,22
gemini-3.1-flash-lite,S0,56,1,1,Correct,0.04246950365024316,round,,D_local,S_final,10,10,22
gemini-3.1-flash-lite,S0,56,1,2,Correct,0.043978158009697954,round,,D_local,S_final,10,10,22
gemini-3.1-flash-lite,S0,56,1,3,Correct,0.03755806324668942,round,,D_local,S_final,10,10,22
gemini-3.1-flash-lite,S0,56,2,1,Correct,0.040816203544068896,round,,D_local,S_final,10,10,22
gemini-3.1-flash-lite,S0,56,2,2,Correct,0.04820122000146365,round,,D_local,S_final,10,10,22
gemini-3.1-flash-lite,S0,56,2,3,Correct,0.055820407819425544,round,,D_local,S_final,10,10,22
gemini-3.1-flash-lite,S0,57,1,1,Wrong,-0.12684784293392848,round,,D_local,S_final,10,10,22
gemini-3.1-flash-lite,S0,57,1,2,Wrong,-0.13638318123450444,round,,D_local,S_final,10,10,22
gemini-3.1-flash-lite,S0,57,1,3,Wrong,-0.12959859786206795,round,,D_local,S_final,10,10,22
gemini-3.1-flash-lite,S0,57,2,1,Wrong,-0.19870449073307372,round,,D_local,S_final,10,10,22
gemini-3.1-flash-lite,S0,57,2,2,Wrong,-0.21248058965146033,round,,D_local,S_final,10,10,22
gemini-3.1-flash-lite,S0,57,2,3,Wrong,-0.18790807213896088,round,,D_local,S_final,10,10,22
gemini-3.1-flash-lite,S0,58,1,1,Wrong,-0.029313123158224763,round,,D_local,S_final,10,10,22
gemini-3.1-flash-lite,S0,58,1,2,Wrong,-0.017180947439105698,round,,D_local,S_final,10,10,22
gemini-3.1-flash-lite,S0,58,1,3,Wrong,-0.017631563375307358,round,,D_local,S_final,10,10,22
gemini-3.1-flash-lite,S0,58,2,1,Correct,0.05641654856554912,round,,D_local,S_final,10,10,22
gemini-3.1-flash-lite,S0,58,2,2,Correct,0.040481971067312994,round,,D_local,S_final,10,10,22
gemini-3.1-flash-lite,S0,58,2,3,Correct,0.05151117774159031,round,,D_local,S_final,10,10,22
gemini-3.1-flash-lite,S0,59,1,1,Wrong,-0.05844593012620092,round,,D_local,S_final,10,10,22
gemini-3.1-flash-lite,S0,59,1,2,Wrong,-0.05082337111425056,round,,D_local,S_final,10,10,22
gemini-3.1-flash-lite,S0,59,1,3,Wrong,-0.05564151739789125,round,,D_local,S_final,10,10,22
gemini-3.1-flash-lite,S0,59,2,1,Correct,0.06271475386887981,round,,D_local,S_final,10,10,22
gemini-3.1-flash-lite,S0,59,2,2,Correct,0.07990550908019167,round,,D_local,S_final,10,10,22
gemini-3.1-flash-lite,S0,59,2,3,Correct,0.07684216573637803,round,,D_local,S_final,10,10,22
gemini-3.1-flash-lite,S0,60,1,1,Wrong,-0.09580520660758729,round,,D_local,S_final,10,10,22
gemini-3.1-flash-lite,S0,60,1,2,Wrong,-0.114187542773042,round,,D_local,S_final,10,10,22
gemini-3.1-flash-lite,S0,60,1,3,Wrong,-0.11212276057499071,round,,D_local,S_final,10,10,22
gemini-3.1-flash-lite,S0,60,2,1,Correct,0.10018662018936958,round,,D_local,S_final,10,10,22
gemini-3.1-flash-lite,S0,60,2,2,Correct,0.07871626264073472,round,,D_local,S_final,10,10,22
gemini-3.1-flash-lite,S0,60,2,3,Correct,0.10110208146728383,round,,D_local,S_final,10,10,22
gemini-3.1-flash-lite,S0,61,1,1,Wrong,-0.08140814413034492,round,,D_local,S_final,10,10,22
gemini-3.1-flash-lite,S0,61,1,2,Wrong,-0.0941395868776751,round,,D_local,S_final,10,10,22
gemini-3.1-flash-lite,S0,61,1,3,Wrong,-0.08126307890394702,round,,D_local,S_final,10,10,22
gemini-3.1-flash-lite,S0,61,2,1,Correct,0.09724496578140229,round,,D_local,S_final,10,10,22
gemini-3.1-flash-lite,S0,61,2,2,Correct,0.09239248232153241,round,,D_local,S_final,10,10,22
gemini-3.1-flash-lite,S0,61,2,3,Correct,0.09374165416666513,round,,D_local,S_final,10,10,22
gemini-3.1-flash-lite,S0,62,1,1,Wrong,-0.006033844706235025,round,,D_local,S_final,10,10,22
gemini-3.1-flash-lite,S0,62,1,2,Wrong,-0.00531779277961586,round,,D_local,S_final,10,10,22
gemini-3.1-flash-lite,S0,62,1,3,Wrong,-0.0030762838530752346,round,,D_local,S_final,10,10,22
gemini-3.1-flash-lite,S0,62,2,1,Wrong,-0.010472678063557561,round,,D_local,S_final,10,10,22
gemini-3.1-flash-lite,S0,62,2,2,Wrong,-0.005167508603061588,round,,D_local,S_final,10,10,22
gemini-3.1-flash-lite,S0,62,2,3,Wrong,0.0005098146982369656,round,,D_local,S_final,10,10,22
gemini-3.1-flash-lite,S0,63,1,1,Wrong,0.006201789691550164,round,,D_local,S_final,10,10,22
gemini-3.1-flash-lite,S0,63,1,2,Wrong,0.0010694317175933277,round,,D_local,S_final,10,10,22
gemini-3.1-flash-lite,S0,63,1,3,Wrong,0.011522049600993567,round,,D_local,S_final,10,10,22
gemini-3.1-flash-lite,S0,63,2,1,Wrong,-0.006312096197781281,round,,D_local,S_final,10,10,22
gemini-3.1-flash-lite,S0,63,2,2,Wrong,-0.0092129719653129,round,,D_local,S_final,10,10,22
gemini-3.1-flash-lite,S0,63,2,3,Wrong,-0.01560384234230372,round,,D_local,S_final,10,10,22
gemini-3.1-flash-lite,S0,64,1,1,Correct,-0.027195640873908578,round,,D_local,S_final,10,10,22
gemini-3.1-flash-lite,S0,64,1,2,Correct,0.02291575678422031,round,,D_local,S_final,10,10,22
gemini-3.1-flash-lite,S0,64,1,3,Correct,-0.017002681727345093,round,,D_local,S_final,10,10,22
gemini-3.1-flash-lite,S0,64,2,1,Correct,0.03724803859930226,round,,D_local,S_final,10,10,22
gemini-3.1-flash-lite,S0,64,2,2,Correct,0.03394293309677743,round,,D_local,S_final,10,10,22
gemini-3.1-flash-lite,S0,64,2,3,Correct,0.02923893967688962,round,,D_local,S_final,10,10,22
gemini-3.1-flash-lite,S1_1,1,1,1,Correct,0.1414215543629933,round,,D_local,S_final,10,10,22
gemini-3.1-flash-lite,S1_1,1,1,2,Correct,0.12244351950537935,round,,D_local,S_final,10,10,22
gemini-3.1-flash-lite,S1_1,1,1,3,Correct,0.09478800019621703,round,,D_local,S_final,10,10,22
gemini-3.1-flash-lite,S1_1,1,2,1,Wrong,0.030984388144363106,round,,D_local,S_final,10,10,22
gemini-3.1-flash-lite,S1_1,1,2,2,Wrong,0.009697854755139734,round,,D_local,S_final,10,10,22
gemini-3.1-flash-lite,S1_1,1,2,3,Correct,0.017947790153792442,round,,D_local,S_final,10,10,22
gemini-3.1-flash-lite,S1_1,1,3,1,Correct,-0.014514140793039254,round,,D_local,S_final,10,10,22
gemini-3.1-flash-lite,S1_1,1,3,2,Correct,-0.039539909738960155,round,,D_local,S_final,10,10,22
gemini-3.1-flash-lite,S1_1,1,3,3,Correct,-0.03409725466402003,round,,D_local,S_final,10,10,22
gemini-3.1-flash-lite,S1_1,1,4,1,Correct,0.07137081195470707,round,,D_local,S_final,10,10,22
gemini-3.1-flash-lite,S1_1,1,4,2,Wrong,0.05357893320479279,round,,D_local,S_final,10,10,22
gemini-3.1-flash-lite,S1_1,1,4,3,Correct,0.07204912067178082,round,,D_local,S_final,10,10,22
gemini-3.1-flash-lite,S1_1,1,5,1,Correct,0.061406719614535255,round,,D_local,S_final,10,10,22
gemini-3.1-flash-lite,S1_1,1,5,2,Correct,0.048301354079552494,round,,D_local,S_final,10,10,22
gemini-3.1-flash-lite,S1_1,1,5,3,Correct,0.07214897845653345,round,,D_local,S_final,10,10,22
gemini-3.1-flash-lite,S1_1,2,1,1,Correct,0.23006484280050904,round,,D_local,S_final,10,10,22
gemini-3.1-flash-lite,S1_1,2,1,2,Wrong,0.20356060176184698,round,,D_local,S_final,10,10,22
gemini-3.1-flash-lite,S1_1,2,1,3,Wrong,0.17414881456735065,round,,D_local,S_final,10,10,22
gemini-3.1-flash-lite,S1_1,3,1,1,Wrong,0.18888107671297283,round,,D_local,S_final,10,10,22
gemini-3.1-flash-lite,S1_1,3,1,2,Correct,0.21736361377890145,round,,D_local,S_final,10,10,22
gemini-3.1-flash-lite,S1_1,3,1,3,Correct,0.20669028354759972,round,,D_local,S_final,10,10,22
gemini-3.1-flash-lite,S1_1,3,2,1,Wrong,0.18585885689644277,round,,D_local,S_final,10,10,22
gemini-3.1-flash-lite,S1_1,3,2,2,Correct,0.20624557843342778,round,,D_local,S_final,10,10,22
gemini-3.1-flash-lite,S1_1,3,2,3,Correct,0.18994254362129037,round,,D_local,S_final,10,10,22
gemini-3.1-flash-lite,S1_1,4,1,1,Correct,0.13269027504841302,round,,D_local,S_final,10,10,22
gemini-3.1-flash-lite,S1_1,4,1,2,Correct,0.13020674362967677,round,,D_local,S_final,10,10,22
gemini-3.1-flash-lite,S1_1,4,1,3,Correct,0.1334620694122276,round,,D_local,S_final,10,10,22
gemini-3.1-flash-lite,S1_1,4,2,1,Correct,0.0956565947261645,round,,D_local,S_final,10,10,22
gemini-3.1-flash-lite,S1_1,4,2,2,Correct,0.1102959491197324,round,,D_local,S_final,10,10,22
gemini-3.1-flash-lite,S1_1,4,2,3,Correct,0.11124329910960706,round,,D_local,S_final,10,10,22
gemini-3.1-flash-lite,S1_1,4,3,1,Correct,0.061588749877544036,round,,D_local,S_final,10,10,22
gemini-3.1-flash-lite,S1_1,4,3,2,Correct,0.07209503810134676,round,,D_local,S_final,10,10,22
gemini-3.1-flash-lite,S1_1,4,3,3,Correct,0.06185016243261432,round,,D_local,S_final,10,10,22
gemini-3.1-flash-lite,S1_1,5,1,1,Correct,0.12340308686355728,round,,D_local,S_final,10,10,22
gemini-3.1-flash-lite,S1_1,5,1,2,Correct,0.12499805653918428,round,,D_local,S_final,10,10,22
gemini-3.1-flash-lite,S1_1,5,1,3,Correct,0.11981892595750943,round,,D_local,S_final,10,10,22
gemini-3.1-flash-lite,S1_1,5,2,1,Correct,0.06436219186832348,round,,D_local,S_final,10,10,22
gemini-3.1-flash-lite,S1_1,5,2,2,Correct,0.08337480487020099,round,,D_local,S_final,10,10,22
gemini-3.1-flash-lite,S1_1,5,2,3,Correct,0.06389289260507758,round,,D_local,S_final,10,10,22
gemini-3.1-flash-lite,S1_1,5,3,1,Wrong,0.06587301744770813,round,,D_local,S_final,10,10,22
gemini-3.1-flash-lite,S1_1,5,3,2,Wrong,0.06582416394077562,round,,D_local,S_final,10,10,22
gemini-3.1-flash-lite,S1_1,5,3,3,Wrong,0.06397323133038091,round,,D_local,S_final,10,10,22
gemini-3.1-flash-lite,S1_1,6,1,1,Correct,0.09527663174059187,round,,D_local,S_final,10,10,22
gemini-3.1-flash-lite,S1_1,6,1,2,Correct,0.08668208109719078,round,,D_local,S_final,10,10,22
gemini-3.1-flash-lite,S1_1,6,1,3,Correct,0.09540599077149914,round,,D_local,S_final,10,10,22
gemini-3.1-flash-lite,S1_1,6,2,1,Correct,0.03547244384472836,round,,D_local,S_final,10,10,22
gemini-3.1-flash-lite,S1_1,6,2,2,Correct,0.03723165667132955,round,,D_local,S_final,10,10,22
gemini-3.1-flash-lite,S1_1,6,2,3,Correct,0.04399393342901581,round,,D_local,S_final,10,10,22
gemini-3.1-flash-lite,S1_1,6,3,1,Correct,0.0790234137274729,round,,D_local,S_final,10,10,22
gemini-3.1-flash-lite,S1_1,6,3,2,Correct,0.08548773293680356,round,,D_local,S_final,10,10,22
gemini-3.1-flash-lite,S1_1,6,3,3,Correct,0.07000208793448526,round,,D_local,S_final,10,10,22
gemini-3.1-flash-lite,S1_1,7,1,1,Correct,0.10747387231183447,round,,D_local,S_final,10,10,22
gemini-3.1-flash-lite,S1_1,7,1,2,Correct,0.1409495702858926,round,,D_local,S_final,10,10,22
gemini-3.1-flash-lite,S1_1,7,1,3,Correct,0.10795988964955316,round,,D_local,S_final,10,10,22
gemini-3.1-flash-lite,S1_1,7,2,1,Wrong,0.08646870945560747,round,,D_local,S_final,10,10,22
gemini-3.1-flash-lite,S1_1,7,2,2,Wrong,0.1027258210969012,round,,D_local,S_final,10,10,22
gemini-3.1-flash-lite,S1_1,7,2,3,Wrong,0.13708174252707317,round,,D_local,S_final,10,10,22
gemini-3.1-flash-lite,S1_1,7,3,1,Wrong,0.003639602363801231,round,,D_local,S_final,10,10,22
gemini-3.1-flash-lite,S1_1,7,3,2,Wrong,-0.010338665395872138,round,,D_local,S_final,10,10,22
gemini-3.1-flash-lite,S1_1,7,3,3,Wrong,-0.010642190382008643,round,,D_local,S_final,10,10,22
gemini-3.1-flash-lite,S1_1,7,4,1,Correct,0.01859124523807365,round,,D_local,S_final,10,10,22
gemini-3.1-flash-lite,S1_1,7,4,2,Correct,0.040946987095716425,round,,D_local,S_final,10,10,22
gemini-3.1-flash-lite,S1_1,7,4,3,Correct,0.023227693689561457,round,,D_local,S_final,10,10,22
gemini-3.1-flash-lite,S1_1,7,5,1,Correct,0.028357634170761647,round,,D_local,S_final,10,10,22
gemini-3.1-flash-lite,S1_1,7,5,2,Correct,0.042021265538500385,round,,D_local,S_final,10,10,22
gemini-3.1-flash-lite,S1_1,7,5,3,Correct,0.07012074346451447,round,,D_local,S_final,10,10,22
gemini-3.1-flash-lite,S1_1,7,6,1,Wrong,-0.0093007704260889,round,,D_local,S_final,10,10,22
gemini-3.1-flash-lite,S1_1,7,6,2,Wrong,-0.025538281899600612,round,,D_local,S_final,10,10,22
gemini-3.1-flash-lite,S1_1,7,6,3,Wrong,-0.016537241010037285,round,,D_local,S_final,10,10,22
gemini-3.1-flash-lite,S1_1,7,7,1,Wrong,0.07513004384362865,round,,D_local,S_final,10,10,22
gemini-3.1-flash-lite,S1_1,7,7,2,Wrong,0.07057490149625634,round,,D_local,S_final,10,10,22
gemini-3.1-flash-lite,S1_1,7,7,3,Wrong,0.06542843559150602,round,,D_local,S_final,10,10,22
gemini-3.1-flash-lite,S1_1,7,8,1,Correct,0.10108214997932274,round,,D_local,S_final,10,10,22
gemini-3.1-flash-lite,S1_1,7,8,2,Correct,0.10430946637257077,round,,D_local,S_final,10,10,22
gemini-3.1-flash-lite,S1_1,7,8,3,Correct,0.09842834661831579,round,,D_local,S_final,10,10,22
gemini-3.1-flash-lite,S1_1,7,9,1,Correct,0.09178060517772824,round,,D_local,S_final,10,10,22
gemini-3.1-flash-lite,S1_1,7,9,2,Correct,0.10619236765477824,round,,D_local,S_final,10,10,22
gemini-3.1-flash-lite,S1_1,7,9,3,Correct,0.10298369637320204,round,,D_local,S_final,10,10,22
gemini-3.1-flash-lite,S1_1,7,10,1,Wrong,-0.05066470893250197,round,,D_local,S_final,10,10,22
gemini-3.1-flash-lite,S1_1,7,10,2,Wrong,-0.03330102010114555,round,,D_local,S_final,10,10,22
gemini-3.1-flash-lite,S1_1,7,10,3,Wrong,-0.06116979860742311,round,,D_local,S_final,10,10,22
gemini-3.1-flash-lite,S1_1,7,11,1,Wrong,0.04066292427930007,round,,D_local,S_final,10,10,22
gemini-3.1-flash-lite,S1_1,7,11,2,Wrong,0.026178074461195022,round,,D_local,S_final,10,10,22
gemini-3.1-flash-lite,S1_1,7,11,3,Wrong,0.014007458363961889,round,,D_local,S_final,10,10,22
gemini-3.1-flash-lite,S1_1,8,1,1,Correct,0.04675092395007252,round,,D_local,S_final,10,10,22
gemini-3.1-flash-lite,S1_1,8,1,2,Correct,0.055043702239599424,round,,D_local,S_final,10,10,22
gemini-3.1-flash-lite,S1_1,8,1,3,Correct,0.06446288374183307,round,,D_local,S_final,10,10,22
gemini-3.1-flash-lite,S1_1,8,2,1,Correct,0.07375168556725376,round,,D_local,S_final,10,10,22
gemini-3.1-flash-lite,S1_1,8,2,2,Correct,0.0556134173004319,round,,D_local,S_final,10,10,22
gemini-3.1-flash-lite,S1_1,8,2,3,Correct,0.05486273035908684,round,,D_local,S_final,10,10,22
gemini-3.1-flash-lite,S1_1,8,3,1,Wrong,0.04074566850002326,round,,D_local,S_final,10,10,22
gemini-3.1-flash-lite,S1_1,8,3,2,Wrong,0.0274465338454547,round,,D_local,S_final,10,10,22
gemini-3.1-flash-lite,S1_1,8,3,3,Wrong,0.042645233867493415,round,,D_local,S_final,10,10,22
gemini-3.1-flash-lite,S1_1,8,4,1,Correct,-0.06356851391322893,round,,D_local,S_final,10,10,22
gemini-3.1-flash-lite,S1_1,8,4,2,Wrong,-0.08581025077748922,round,,D_local,S_final,10,10,22
gemini-3.1-flash-lite,S1_1,8,4,3,Wrong,-0.08395264316017303,round,,D_local,S_final,10,10,22
gemini-3.1-flash-lite,S1_1,9,1,1,Correct,0.03934973252504648,round,,D_local,S_final,10,10,22
gemini-3.1-flash-lite,S1_1,9,1,2,Correct,0.04179625342345272,round,,D_local,S_final,10,10,22
gemini-3.1-flash-lite,S1_1,9,1,3,Correct,0.04610306704471201,round,,D_local,S_final,10,10,22
gemini-3.1-flash-lite,S1_1,9,2,1,Wrong,0.0518948916032943,round,,D_local,S_final,10,10,22
gemini-3.1-flash-lite,S1_1,9,2,2,Wrong,0.05311822974739144,round,,D_local,S_final,10,10,22
gemini-3.1-flash-lite,S1_1,9,2,3,Wrong,0.08562884402534987,round,,D_local,S_final,10,10,22
gemini-3.1-flash-lite,S1_1,9,3,1,Correct,0.05603894486410388,round,,D_local,S_final,10,10,22
gemini-3.1-flash-lite,S1_1,9,3,2,Correct,0.05721201194574865,round,,D_local,S_final,10,10,22
gemini-3.1-flash-lite,S1_1,9,3,3,Correct,0.06748501317266276,round,,D_local,S_final,10,10,22
gemini-3.1-flash-lite,S1_1,10,1,1,Wrong,0.08293111434138256,round,,D_local,S_final,10,10,22
gemini-3.1-flash-lite,S1_1,10,1,2,Wrong,0.08146986830777542,round,,D_local,S_final,10,10,22
gemini-3.1-flash-lite,S1_1,10,1,3,Wrong,0.08039141071693634,round,,D_local,S_final,10,10,22
gemini-3.1-flash-lite,S1_1,10,2,1,Correct,0.13044639989980056,round,,D_local,S_final,10,10,22
gemini-3.1-flash-lite,S1_1,10,2,2,Wrong,0.09613160479280392,round,,D_local,S_final,10,10,22
gemini-3.1-flash-lite,S1_1,10,2,3,Correct,0.11924050173091227,round,,D_local,S_final,10,10,22
gemini-3.1-flash-lite,S1_1,11,1,1,Wrong,0.03353560917281345,round,,D_local,S_final,10,10,22
gemini-3.1-flash-lite,S1_1,11,1,2,Wrong,0.0015008394393142277,round,,D_local,S_final,10,10,22
gemini-3.1-flash-lite,S1_1,11,1,3,Wrong,0.005118225663375386,round,,D_local,S_final,10,10,22
gemini-3.1-flash-lite,S1_1,12,1,1,Correct,-0.004149494487161842,round,,D_local,S_final,10,10,22
gemini-3.1-flash-lite,S1_1,12,1,2,Correct,0.00823182641774478,round,,D_local,S_final,10,10,22
gemini-3.1-flash-lite,S1_1,12,1,3,Correct,-0.0004022028541188494,round,,D_local,S_final,10,10,22
gemini-3.1-flash-lite,S1_1,13,1,1,Wrong,0.16884538796334725,round,,D_local,S_final,10,10,22
gemini-3.1-flash-lite,S1_1,13,1,2,Correct,0.17552713845560086,round,,D_local,S_final,10,10,22
gemini-3.1-flash-lite,S1_1,13,1,3,Wrong,0.16831364885316336,round,,D_local,S_final,10,10,22
gemini-3.1-flash-lite,S1_1,13,2,1,Correct,-0.012461121569318334,round,,D_local,S_final,10,10,22
gemini-3.1-flash-lite,S1_1,13,2,2,Correct,-0.007355114745367541,round,,D_local,S_final,10,10,22
gemini-3.1-flash-lite,S1_1,13,2,3,Wrong,0.008771082055807122,round,,D_local,S_final,10,10,22
gemini-3.1-flash-lite,S1_1,13,3,1,Correct,0.009292386282092613,round,,D_local,S_final,10,10,22
gemini-3.1-flash-lite,S1_1,13,3,2,Correct,0.018866248687982923,round,,D_local,S_final,10,10,22
gemini-3.1-flash-lite,S1_1,13,3,3,Correct,0.016031761755763596,round,,D_local,S_final,10,10,22
gemini-3.1-flash-lite,S1_1,14,1,1,Correct,0.05769422024309501,round,,D_local,S_final,10,10,22
gemini-3.1-flash-lite,S1_1,14,1,2,Correct,0.056129432643870936,round,,D_local,S_final,10,10,22
gemini-3.1-flash-lite,S1_1,14,1,3,Correct,0.042002199045407806,round,,D_local,S_final,10,10,22
gemini-3.1-flash-lite,S1_1,15,1,1,Wrong,-0.07011634018427193,round,,D_local,S_final,10,10,22
gemini-3.1-flash-lite,S1_1,15,1,2,Wrong,-0.07435571688023657,round,,D_local,S_final,10,10,22
gemini-3.1-flash-lite,S1_1,15,1,3,Wrong,-0.08194660309326474,round,,D_local,S_final,10,10,22
gemini-3.1-flash-lite,S1_1,16,1,1,Correct,0.16066061886825767,round,,D_local,S_final,10,10,22
gemini-3.1-flash-lite,S1_1,16,1,2,Correct,0.1574066589282921,round,,D_local,S_final,10,10,22
gemini-3.1-flash-lite,S1_1,16,1,3,Correct,0.15040382402307773,round,,D_local,S_final,10,10,22
gemini-3.1-flash-lite,S1_1,17,1,1,Correct,0.08541698004171672,round,,D_local,S_final,10,10,22
gemini-3.1-flash-lite,S1_1,17,1,2,Correct,0.06438894216626323,round,,D_local,S_final,10,10,22
gemini-3.1-flash-lite,S1_1,17,1,3,Correct,0.07658285719929536,round,,D_local,S_final,10,10,22
gemini-3.1-flash-lite,S1_1,18,1,1,Correct,0.1647623779577312,round,,D_local,S_final,10,10,22
gemini-3.1-flash-lite,S1_1,18,1,2,Correct,0.17782427941612444,round,,D_local,S_final,10,10,22
gemini-3.1-flash-lite,S1_1,18,1,3,Correct,0.16158542573739976,round,,D_local,S_final,10,10,22
gemini-3.1-flash-lite,S1_1,19,1,1,Correct,0.03741978923776479,round,,D_local,S_final,10,10,22
gemini-3.1-flash-lite,S1_1,19,1,2,Correct,0.04400963686257009,round,,D_local,S_final,10,10,22
gemini-3.1-flash-lite,S1_1,19,1,3,Correct,0.042355129024476246,round,,D_local,S_final,10,10,22
gemini-3.1-flash-lite,S1_1,20,1,1,Correct,0.1473240873028826,round,,D_local,S_final,10,10,22
gemini-3.1-flash-lite,S1_1,20,1,2,Correct,0.148842418599895,round,,D_local,S_final,10,10,22
gemini-3.1-flash-lite,S1_1,20,1,3,Correct,0.14780601930337722,round,,D_local,S_final,10,10,22
gemini-3.1-flash-lite,S1_1,21,1,1,Correct,0.14590215991744215,round,,D_local,S_final,10,10,22
gemini-3.1-flash-lite,S1_1,21,1,2,Correct,0.14336648653754003,round,,D_local,S_final,10,10,22
gemini-3.1-flash-lite,S1_1,21,1,3,Correct,0.11896698586431309,round,,D_local,S_final,10,10,22
gemini-3.1-flash-lite,S1_1,22,1,1,Correct,0.0316694083949135,round,,D_local,S_final,10,10,22
gemini-3.1-flash-lite,S1_1,22,1,2,Wrong,0.020133059078222493,round,,D_local,S_final,10,10,22
gemini-3.1-flash-lite,S1_1,22,1,3,Correct,0.013028766244564172,round,,D_local,S_final,10,10,22
gemini-3.1-flash-lite,S1_1,23,1,1,Correct,0.07439474788281364,round,,D_local,S_final,10,10,22
gemini-3.1-flash-lite,S1_1,23,1,2,Correct,0.10490601736150929,round,,D_local,S_final,10,10,22
gemini-3.1-flash-lite,S1_1,23,1,3,Correct,0.09957131914103579,round,,D_local,S_final,10,10,22
gemini-3.1-flash-lite,S1_1,24,1,1,Correct,0.018247659378864634,round,,D_local,S_final,10,10,22
gemini-3.1-flash-lite,S1_1,24,1,2,Correct,0.022608564400229625,round,,D_local,S_final,10,10,22
gemini-3.1-flash-lite,S1_1,24,1,3,Correct,0.023065187574422774,round,,D_local,S_final,10,10,22
gemini-3.1-flash-lite,S1_1,25,1,1,Wrong,-0.025884725432312905,round,,D_local,S_final,10,10,22
gemini-3.1-flash-lite,S1_1,25,1,2,Correct,-0.010845958978943138,round,,D_local,S_final,10,10,22
gemini-3.1-flash-lite,S1_1,25,1,3,Wrong,-0.01325694987607906,round,,D_local,S_final,10,10,22
gemini-3.1-flash-lite,S1_1,25,2,1,Correct,0.06797284408208382,round,,D_local,S_final,10,10,22
gemini-3.1-flash-lite,S1_1,25,2,2,Correct,0.05881607157322266,round,,D_local,S_final,10,10,22
gemini-3.1-flash-lite,S1_1,25,2,3,Correct,0.06666826799968567,round,,D_local,S_final,10,10,22
gemini-3.1-flash-lite,S1_1,26,1,1,Correct,0.09161240757141875,round,,D_local,S_final,10,10,22
gemini-3.1-flash-lite,S1_1,26,1,2,Correct,0.0748655079579228,round,,D_local,S_final,10,10,22
gemini-3.1-flash-lite,S1_1,26,1,3,Correct,0.08430972941152715,round,,D_local,S_final,10,10,22
gemini-3.1-flash-lite,S1_1,26,2,1,Correct,-0.013200546171504679,round,,D_local,S_final,10,10,22
gemini-3.1-flash-lite,S1_1,26,2,2,Correct,-0.03416475251900114,round,,D_local,S_final,10,10,22
gemini-3.1-flash-lite,S1_1,26,2,3,Correct,-0.004265388752596189,round,,D_local,S_final,10,10,22
gemini-3.1-flash-lite,S1_1,26,3,1,Correct,-0.035360980082101756,round,,D_local,S_final,10,10,22
gemini-3.1-flash-lite,S1_1,26,3,2,Correct,-0.03034901342443863,round,,D_local,S_final,10,10,22
gemini-3.1-flash-lite,S1_1,26,3,3,Correct,-0.027119853239901737,round,,D_local,S_final,10,10,22
gemini-3.1-flash-lite,S1_1,26,4,1,Correct,0.15200463854654744,round,,D_local,S_final,10,10,22
gemini-3.1-flash-lite,S1_1,26,4,2,Correct,0.14870125490585884,round,,D_local,S_final,10,10,22
gemini-3.1-flash-lite,S1_1,26,4,3,Correct,0.1712170570423578,round,,D_local,S_final,10,10,22
gemini-3.1-flash-lite,S1_1,27,1,1,Correct,0.07634620169472162,round,,D_local,S_final,10,10,22
gemini-3.1-flash-lite,S1_1,27,1,2,Correct,0.0615517822351308,round,,D_local,S_final,10,10,22
gemini-3.1-flash-lite,S1_1,27,1,3,Correct,0.061536851012569116,round,,D_local,S_final,10,10,22
gemini-3.1-flash-lite,S1_1,27,2,1,Correct,-0.0097647356616688,round,,D_local,S_final,10,10,22
gemini-3.1-flash-lite,S1_1,27,2,2,Correct,-0.007804590774349807,round,,D_local,S_final,10,10,22
gemini-3.1-flash-lite,S1_1,27,2,3,Correct,-0.005336628383336706,round,,D_local,S_final,10,10,22
gemini-3.1-flash-lite,S1_1,27,3,1,Correct,-0.01977767934604502,round,,D_local,S_final,10,10,22
gemini-3.1-flash-lite,S1_1,27,3,2,Correct,-0.006353010032551287,round,,D_local,S_final,10,10,22
gemini-3.1-flash-lite,S1_1,27,3,3,Correct,-0.02689503181665509,round,,D_local,S_final,10,10,22
gemini-3.1-flash-lite,S1_1,27,4,1,Correct,0.18597169964263083,round,,D_local,S_final,10,10,22
gemini-3.1-flash-lite,S1_1,27,4,2,Correct,0.18360924750837576,round,,D_local,S_final,10,10,22
gemini-3.1-flash-lite,S1_1,27,4,3,Correct,0.19112776459774883,round,,D_local,S_final,10,10,22
gemini-3.1-flash-lite,S1_1,28,1,1,Correct,0.05836660712838104,round,,D_local,S_final,10,10,22
gemini-3.1-flash-lite,S1_1,28,1,2,Correct,0.053800787315548604,round,,D_local,S_final,10,10,22
gemini-3.1-flash-lite,S1_1,28,1,3,Correct,0.05679600460206158,round,,D_local,S_final,10,10,22
gemini-3.1-flash-lite,S1_1,28,2,1,Correct,-0.08867703124512216,round,,D_local,S_final,10,10,22
gemini-3.1-flash-lite,S1_1,28,2,2,Correct,-0.0639424669076093,round,,D_local,S_final,10,10,22
gemini-3.1-flash-lite,S1_1,28,2,3,Correct,-0.09796124968297426,round,,D_local,S_final,10,10,22
gemini-3.1-flash-lite,S1_1,29,1,1,Correct,0.0944763729775413,round,,D_local,S_final,10,10,22
gemini-3.1-flash-lite,S1_1,29,1,2,Correct,0.11163765923965796,round,,D_local,S_final,10,10,22
gemini-3.1-flash-lite,S1_1,29,1,3,Correct,0.10264623349714574,round,,D_local,S_final,10,10,22
gemini-3.1-flash-lite,S1_1,29,2,1,Correct,-0.05927734735779705,round,,D_local,S_final,10,10,22
gemini-3.1-flash-lite,S1_1,29,2,2,Correct,-0.06498785368647397,round,,D_local,S_final,10,10,22
gemini-3.1-flash-lite,S1_1,29,2,3,Correct,-0.07654705857480815,round,,D_local,S_final,10,10,22
gemini-3.1-flash-lite,S1_1,30,1,1,Correct,0.08631725409028612,round,,D_local,S_final,10,10,22
gemini-3.1-flash-lite,S1_1,30,1,2,Correct,0.08615527213782481,round,,D_local,S_final,10,10,22
gemini-3.1-flash-lite,S1_1,30,1,3,Correct,0.08757283479964795,round,,D_local,S_final,10,10,22
gemini-3.1-flash-lite,S1_1,30,2,1,Correct,-0.08057931365514837,round,,D_local,S_final,10,10,22
gemini-3.1-flash-lite,S1_1,30,2,2,Correct,-0.0821187199818813,round,,D_local,S_final,10,10,22
gemini-3.1-flash-lite,S1_1,30,2,3,Correct,-0.0775167249544868,round,,D_local,S_final,10,10,22
gemini-3.1-flash-lite,S1_1,31,1,1,Wrong,0.14210326802111917,round,,D_local,S_final,10,10,22
gemini-3.1-flash-lite,S1_1,31,1,2,Wrong,0.12320426002956708,round,,D_local,S_final,10,10,22
gemini-3.1-flash-lite,S1_1,31,1,3,Wrong,0.13768629197466303,round,,D_local,S_final,10,10,22
gemini-3.1-flash-lite,S1_1,32,1,1,Correct,0.0708263991750917,round,,D_local,S_final,10,10,22
gemini-3.1-flash-lite,S1_1,32,1,2,Correct,0.0748229322338464,round,,D_local,S_final,10,10,22
gemini-3.1-flash-lite,S1_1,32,1,3,Correct,0.05850742883855664,round,,D_local,S_final,10,10,22
gemini-3.1-flash-lite,S1_1,33,1,1,Correct,0.11725046098958358,round,,D_local,S_final,10,10,22
gemini-3.1-flash-lite,S1_1,33,1,2,Correct,0.13307838384726278,round,,D_local,S_final,10,10,22
gemini-3.1-flash-lite,S1_1,33,1,3,Correct,0.12579472920953738,round,,D_local,S_final,10,10,22
gemini-3.1-flash-lite,S1_1,34,1,1,Correct,0.01723760480407288,round,,D_local,S_final,10,10,22
gemini-3.1-flash-lite,S1_1,34,1,2,Correct,0.04607947824635894,round,,D_local,S_final,10,10,22
gemini-3.1-flash-lite,S1_1,34,1,3,Correct,0.02042746421003705,round,,D_local,S_final,10,10,22
gemini-3.1-flash-lite,S1_1,35,1,1,Wrong,0.014298033406970223,round,,D_local,S_final,10,10,22
gemini-3.1-flash-lite,S1_1,35,1,2,Correct,0.051708099971568,round,,D_local,S_final,10,10,22
gemini-3.1-flash-lite,S1_1,35,1,3,Wrong,0.030866137031328567,round,,D_local,S_final,10,10,22
gemini-3.1-flash-lite,S1_1,36,1,1,Correct,0.10895938538294558,round,,D_local,S_final,10,10,22
gemini-3.1-flash-lite,S1_1,36,1,2,Correct,0.10316061767833973,round,,D_local,S_final,10,10,22
gemini-3.1-flash-lite,S1_1,36,1,3,Correct,0.10222678030134857,round,,D_local,S_final,10,10,22
gemini-3.1-flash-lite,S1_1,36,2,1,Correct,0.029491503075748327,round,,D_local,S_final,10,10,22
gemini-3.1-flash-lite,S1_1,36,2,2,Correct,0.042339722304432836,round,,D_local,S_final,10,10,22
gemini-3.1-flash-lite,S1_1,36,2,3,Correct,0.05330982951528784,round,,D_local,S_final,10,10,22
gemini-3.1-flash-lite,S1_1,36,3,1,Correct,0.04463456344400918,round,,D_local,S_final,10,10,22
gemini-3.1-flash-lite,S1_1,36,3,2,Correct,0.03324492636124954,round,,D_local,S_final,10,10,22
gemini-3.1-flash-lite,S1_1,36,3,3,Correct,0.02827755149459188,round,,D_local,S_final,10,10,22
gemini-3.1-flash-lite,S1_1,37,1,1,Correct,-0.05026638962925867,round,,D_local,S_final,10,10,22
gemini-3.1-flash-lite,S1_1,37,1,2,Correct,0.04534607188838058,round,,D_local,S_final,10,10,22
gemini-3.1-flash-lite,S1_1,37,1,3,Correct,0.014236882894550607,round,,D_local,S_final,10,10,22
gemini-3.1-flash-lite,S1_1,37,2,1,Wrong,0.052940865085450484,round,,D_local,S_final,10,10,22
gemini-3.1-flash-lite,S1_1,37,2,2,Wrong,0.08351217649913756,round,,D_local,S_final,10,10,22
gemini-3.1-flash-lite,S1_1,37,2,3,Wrong,0.08742048011239312,round,,D_local,S_final,10,10,22
gemini-3.1-flash-lite,S1_1,38,1,1,Wrong,-0.13255063017585522,round,,D_local,S_final,10,10,22
gemini-3.1-flash-lite,S1_1,38,1,2,Wrong,-0.13494037960398553,round,,D_local,S_final,10,10,22
gemini-3.1-flash-lite,S1_1,38,1,3,Wrong,-0.14793144266346825,round,,D_local,S_final,10,10,22
gemini-3.1-flash-lite,S1_1,38,2,1,Wrong,-0.149294423508206,round,,D_local,S_final,10,10,22
gemini-3.1-flash-lite,S1_1,38,2,2,Wrong,-0.13615937282981716,round,,D_local,S_final,10,10,22
gemini-3.1-flash-lite,S1_1,38,2,3,Wrong,-0.14065036268010106,round,,D_local,S_final,10,10,22
gemini-3.1-flash-lite,S1_1,39,1,1,Wrong,-0.04704894738172749,round,,D_local,S_final,10,10,22
gemini-3.1-flash-lite,S1_1,39,1,2,Wrong,-0.039076083230956016,round,,D_local,S_final,10,10,22
gemini-3.1-flash-lite,S1_1,39,1,3,Wrong,-0.044321378799488276,round,,D_local,S_final,10,10,22
gemini-3.1-flash-lite,S1_1,39,2,1,Correct,0.14805664745210745,round,,D_local,S_final,10,10,22
gemini-3.1-flash-lite,S1_1,39,2,2,Correct,0.1414348972933176,round,,D_local,S_final,10,10,22
gemini-3.1-flash-lite,S1_1,39,2,3,Wrong,0.18908247538059486,round,,D_local,S_final,10,10,22
gemini-3.1-flash-lite,S1_1,40,1,1,Correct,0.06911207729847035,round,,D_local,S_final,10,10,22
gemini-3.1-flash-lite,S1_1,40,1,2,Correct,0.07407955475963657,round,,D_local,S_final,10,10,22
gemini-3.1-flash-lite,S1_1,40,1,3,Correct,0.07486961656317614,round,,D_local,S_final,10,10,22
gemini-3.1-flash-lite,S1_1,40,2,1,Correct,0.04403246772190872,round,,D_local,S_final,10,10,22
gemini-3.1-flash-lite,S1_1,40,2,2,Correct,0.05391492886903815,round,,D_local,S_final,10,10,22
gemini-3.1-flash-lite,S1_1,40,2,3,Wrong,0.06681916971186252,round,,D_local,S_final,10,10,22
gemini-3.1-flash-lite,S1_1,40,3,1,Correct,0.006260111542044866,round,,D_local,S_final,10,10,22
gemini-3.1-flash-lite,S1_1,40,3,2,Correct,0.013387578898363839,round,,D_local,S_final,10,10,22
gemini-3.1-flash-lite,S1_1,40,3,3,Correct,-0.01805046467354221,round,,D_local,S_final,10,10,22
gemini-3.1-flash-lite,S1_1,40,4,1,Wrong,0.011282561305670735,round,,D_local,S_final,10,10,22
gemini-3.1-flash-lite,S1_1,40,4,2,Wrong,-0.016938169172873718,round,,D_local,S_final,10,10,22
gemini-3.1-flash-lite,S1_1,40,4,3,Correct,-0.03609052801200985,round,,D_local,S_final,10,10,22
gemini-3.1-flash-lite,S1_1,40,5,1,Wrong,0.05345533832475757,round,,D_local,S_final,10,10,22
gemini-3.1-flash-lite,S1_1,40,5,2,Wrong,0.04686705406395064,round,,D_local,S_final,10,10,22
gemini-3.1-flash-lite,S1_1,40,5,3,Wrong,0.05210445618693216,round,,D_local,S_final,10,10,22
gemini-3.1-flash-lite,S1_1,40,6,1,Correct,0.05842623763738597,round,,D_local,S_final,10,10,22
gemini-3.1-flash-lite,S1_1,40,6,2,Correct,0.06136191266616353,round,,D_local,S_final,10,10,22
gemini-3.1-flash-lite,S1_1,40,6,3,Wrong,0.05693228825263996,round,,D_local,S_final,10,10,22
gemini-3.1-flash-lite,S1_1,41,1,1,Wrong,0.09690562212375198,round,,D_local,S_final,10,10,22
gemini-3.1-flash-lite,S1_1,41,1,2,Wrong,0.056292834047107276,round,,D_local,S_final,10,10,22
gemini-3.1-flash-lite,S1_1,41,1,3,Wrong,0.08927999384029117,round,,D_local,S_final,10,10,22
gemini-3.1-flash-lite,S1_1,42,1,1,Wrong,-0.06044837921435953,round,,D_local,S_final,10,10,22
gemini-3.1-flash-lite,S1_1,42,1,2,Wrong,-0.06107836249280263,round,,D_local,S_final,10,10,22
gemini-3.1-flash-lite,S1_1,42,1,3,Wrong,-0.040509803049064486,round,,D_local,S_final,10,10,22
gemini-3.1-flash-lite,S1_1,43,1,1,Wrong,-0.02649662742588077,round,,D_local,S_final,10,10,22
gemini-3.1-flash-lite,S1_1,43,1,2,Correct,-0.0018518886266564172,round,,D_local,S_final,10,10,22
gemini-3.1-flash-lite,S1_1,43,1,3,Correct,0.015808632098868625,round,,D_local,S_final,10,10,22
gemini-3.1-flash-lite,S1_1,44,1,1,Correct,0.11101165170760374,round,,D_local,S_final,10,10,22
gemini-3.1-flash-lite,S1_1,44,1,2,Correct,0.08683875658433537,round,,D_local,S_final,10,10,22
gemini-3.1-flash-lite,S1_1,44,1,3,Correct,0.12179805494178098,round,,D_local,S_final,10,10,22
gemini-3.1-flash-lite,S1_1,45,1,1,Correct,0.22996135897969516,round,,D_local,S_final,10,10,22
gemini-3.1-flash-lite,S1_1,45,1,2,Correct,0.16404142502164676,round,,D_local,S_final,10,10,22
gemini-3.1-flash-lite,S1_1,45,1,3,Correct,0.14128576053769293,round,,D_local,S_final,10,10,22
gemini-3.1-flash-lite,S1_1,45,2,1,Correct,-0.08298866039183084,round,,D_local,S_final,10,10,22
gemini-3.1-flash-lite,S1_1,45,2,2,Wrong,-0.05115254678702108,round,,D_local,S_final,10,10,22
gemini-3.1-flash-lite,S1_1,45,2,3,Wrong,-0.056160801306986974,round,,D_local,S_final,10,10,22
gemini-3.1-flash-lite,S1_1,45,3,1,Wrong,-0.07523117369066468,round,,D_local,S_final,10,10,22
gemini-3.1-flash-lite,S1_1,45,3,2,Wrong,-0.06552903553841094,round,,D_local,S_final,10,10,22
gemini-3.1-flash-lite,S1_1,45,3,3,Correct,-0.0763653271111403,round,,D_local,S_final,10,10,22
gemini-3.1-flash-lite,S1_1,46,1,1,Correct,0.09644834065356955,round,,D_local,S_final,10,10,22
gemini-3.1-flash-lite,S1_1,46,1,2,Correct,0.08859267378896929,round,,D_local,S_final,10,10,22
gemini-3.1-flash-lite,S1_1,46,1,3,Correct,0.10540768184712745,round,,D_local,S_final,10,10,22
gemini-3.1-flash-lite,S1_1,46,2,1,Correct,0.05624777523893609,round,,D_local,S_final,10,10,22
gemini-3.1-flash-lite,S1_1,46,2,2,Correct,0.06021682493682423,round,,D_local,S_final,10,10,22
gemini-3.1-flash-lite,S1_1,46,2,3,Correct,0.07135404681408186,round,,D_local,S_final,10,10,22
gemini-3.1-flash-lite,S1_1,47,1,1,Correct,0.1303322488727332,round,,D_local,S_final,10,10,22
gemini-3.1-flash-lite,S1_1,47,1,2,Correct,0.13375868699901083,round,,D_local,S_final,10,10,22
gemini-3.1-flash-lite,S1_1,47,1,3,Correct,0.118709707962383,round,,D_local,S_final,10,10,22
gemini-3.1-flash-lite,S1_1,47,2,1,Correct,0.02071089650492819,round,,D_local,S_final,10,10,22
gemini-3.1-flash-lite,S1_1,47,2,2,Correct,0.023239125582036002,round,,D_local,S_final,10,10,22
gemini-3.1-flash-lite,S1_1,47,2,3,Correct,0.03957231428299823,round,,D_local,S_final,10,10,22
gemini-3.1-flash-lite,S1_1,48,1,1,Correct,0.1077082214474141,round,,D_local,S_final,10,10,22
gemini-3.1-flash-lite,S1_1,48,1,2,Correct,0.1137143513068748,round,,D_local,S_final,10,10,22
gemini-3.1-flash-lite,S1_1,48,1,3,Correct,0.0952947530400311,round,,D_local,S_final,10,10,22
gemini-3.1-flash-lite,S1_1,48,2,1,Wrong,-0.05427938626370754,round,,D_local,S_final,10,10,22
gemini-3.1-flash-lite,S1_1,48,2,2,Wrong,-0.04944759216296479,round,,D_local,S_final,10,10,22
gemini-3.1-flash-lite,S1_1,48,2,3,Wrong,-0.05476545379966502,round,,D_local,S_final,10,10,22
gemini-3.1-flash-lite,S1_1,49,1,1,Wrong,0.028720583822349655,round,,D_local,S_final,10,10,22
gemini-3.1-flash-lite,S1_1,49,1,2,Correct,0.01633958191744822,round,,D_local,S_final,10,10,22
gemini-3.1-flash-lite,S1_1,49,1,3,Correct,0.025189446631373236,round,,D_local,S_final,10,10,22
gemini-3.1-flash-lite,S1_1,50,1,1,Wrong,-0.002276562537883775,round,,D_local,S_final,10,10,22
gemini-3.1-flash-lite,S1_1,50,1,2,Correct,0.0424355594310466,round,,D_local,S_final,10,10,22
gemini-3.1-flash-lite,S1_1,50,1,3,Wrong,0.04712237290034138,round,,D_local,S_final,10,10,22
gemini-3.1-flash-lite,S1_1,51,1,1,Correct,0.12827013829421785,round,,D_local,S_final,10,10,22
gemini-3.1-flash-lite,S1_1,51,1,2,Correct,0.14317155664790893,round,,D_local,S_final,10,10,22
gemini-3.1-flash-lite,S1_1,51,1,3,Correct,0.1343431247124518,round,,D_local,S_final,10,10,22
gemini-3.1-flash-lite,S1_1,52,1,1,Correct,0.1648608382337673,round,,D_local,S_final,10,10,22
gemini-3.1-flash-lite,S1_1,52,1,2,Correct,0.18654350757809823,round,,D_local,S_final,10,10,22
gemini-3.1-flash-lite,S1_1,52,1,3,Correct,0.15985937416015172,round,,D_local,S_final,10,10,22
gemini-3.1-flash-lite,S1_1,53,1,1,Correct,-0.020999938581290567,round,,D_local,S_final,10,10,22
gemini-3.1-flash-lite,S1_1,53,1,2,Correct,-0.027951577506372116,round,,D_local,S_final,10,10,22
gemini-3.1-flash-lite,S1_1,53,1,3,Correct,-0.002751533234292003,round,,D_local,S_final,10,10,22
gemini-3.1-flash-lite,S1_1,53,2,1,Correct,0.07531852047751197,round,,D_local,S_final,10,10,22
gemini-3.1-flash-lite,S1_1,53,2,2,Correct,0.08716075532548528,round,,D_local,S_final,10,10,22
gemini-3.1-flash-lite,S1_1,53,2,3,Correct,0.07016002349020367,round,,D_local,S_final,10,10,22
gemini-3.1-flash-lite,S1_1,54,1,1,Correct,-0.12496637532287325,round,,D_local,S_final,10,10,22
gemini-3.1-flash-lite,S1_1,54,1,2,Correct,-0.10280070821072851,round,,D_local,S_final,10,10,22
gemini-3.1-flash-lite,S1_1,54,1,3,Correct,-0.10816843889584377,round,,D_local,S_final,10,10,22
gemini-3.1-flash-lite,S1_1,54,2,1,Correct,0.112032667208671,round,,D_local,S_final,10,10,22
gemini-3.1-flash-lite,S1_1,54,2,2,Correct,0.11077027438688647,round,,D_local,S_final,10,10,22
gemini-3.1-flash-lite,S1_1,54,2,3,Correct,0.11539456203896903,round,,D_local,S_final,10,10,22
gemini-3.1-flash-lite,S1_1,55,1,1,Wrong,-0.016903347072957486,round,,D_local,S_final,10,10,22
gemini-3.1-flash-lite,S1_1,55,1,2,Correct,-0.0188282530645546,round,,D_local,S_final,10,10,22
gemini-3.1-flash-lite,S1_1,55,1,3,Correct,-0.009988645720874212,round,,D_local,S_final,10,10,22
gemini-3.1-flash-lite,S1_1,55,2,1,Correct,0.10707683995841166,round,,D_local,S_final,10,10,22
gemini-3.1-flash-lite,S1_1,55,2,2,Correct,0.11288343383752641,round,,D_local,S_final,10,10,22
gemini-3.1-flash-lite,S1_1,55,2,3,Correct,0.12195781436778974,round,,D_local,S_final,10,10,22
gemini-3.1-flash-lite,S1_1,56,1,1,Wrong,-0.023098326135917113,round,,D_local,S_final,10,10,22
gemini-3.1-flash-lite,S1_1,56,1,2,Wrong,0.03429858887788462,round,,D_local,S_final,10,10,22
gemini-3.1-flash-lite,S1_1,56,1,3,Wrong,-0.014262009076794646,round,,D_local,S_final,10,10,22
gemini-3.1-flash-lite,S1_1,56,2,1,Correct,0.04946839714158535,round,,D_local,S_final,10,10,22
gemini-3.1-flash-lite,S1_1,56,2,2,Correct,0.07511953412794659,round,,D_local,S_final,10,10,22
gemini-3.1-flash-lite,S1_1,56,2,3,Correct,0.06150063583134324,round,,D_local,S_final,10,10,22
gemini-3.1-flash-lite,S1_1,57,1,1,Correct,-0.09256237759862662,round,,D_local,S_final,10,10,22
gemini-3.1-flash-lite,S1_1,57,1,2,Correct,-0.09795676087887584,round,,D_local,S_final,10,10,22
gemini-3.1-flash-lite,S1_1,57,1,3,Correct,-0.09543757165019151,round,,D_local,S_final,10,10,22
gemini-3.1-flash-lite,S1_1,57,2,1,Correct,-0.1974203162237183,round,,D_local,S_final,10,10,22
gemini-3.1-flash-lite,S1_1,57,2,2,Wrong,-0.1600866182002847,round,,D_local,S_final,10,10,22
gemini-3.1-flash-lite,S1_1,57,2,3,Correct,-0.11701751621259149,round,,D_local,S_final,10,10,22
gemini-3.1-flash-lite,S1_1,58,1,1,Correct,0.004580207933946423,round,,D_local,S_final,10,10,22
gemini-3.1-flash-lite,S1_1,58,1,2,Correct,0.013064406715045274,round,,D_local,S_final,10,10,22
gemini-3.1-flash-lite,S1_1,58,1,3,Correct,-0.004424611660848399,round,,D_local,S_final,10,10,22
gemini-3.1-flash-lite,S1_1,58,2,1,Correct,0.04965484459036107,round,,D_local,S_final,10,10,22
gemini-3.1-flash-lite,S1_1,58,2,2,Correct,0.01982027965868849,round,,D_local,S_final,10,10,22
gemini-3.1-flash-lite,S1_1,58,2,3,Correct,0.032844846754027546,round,,D_local,S_final,10,10,22
gemini-3.1-flash-lite,S1_1,59,1,1,Correct,-0.04133864856335556,round,,D_local,S_final,10,10,22
gemini-3.1-flash-lite,S1_1,59,1,2,Correct,-0.025436217729892574,round,,D_local,S_final,10,10,22
gemini-3.1-flash-lite,S1_1,59,1,3,Correct,-0.043214880874798856,round,,D_local,S_final,10,10,22
gemini-3.1-flash-lite,S1_1,59,2,1,Correct,0.08034176666302195,round,,D_local,S_final,10,10,22
gemini-3.1-flash-lite,S1_1,59,2,2,Correct,0.07900610462456281,round,,D_local,S_final,10,10,22
gemini-3.1-flash-lite,S1_1,59,2,3,Correct,0.07144703004272801,round,,D_local,S_final,10,10,22
gemini-3.1-flash-lite,S1_1,60,1,1,Correct,-0.09762345079228885,round,,D_local,S_final,10,10,22
gemini-3.1-flash-lite,S1_1,60,1,2,Correct,-0.09429962748560439,round,,D_local,S_final,10,10,22
gemini-3.1-flash-lite,S1_1,60,1,3,Correct,-0.0710079389182679,round,,D_local,S_final,10,10,22
gemini-3.1-flash-lite,S1_1,60,2,1,Correct,0.11394317735956327,round,,D_local,S_final,10,10,22
gemini-3.1-flash-lite,S1_1,60,2,2,Correct,0.08947314979761589,round,,D_local,S_final,10,10,22
gemini-3.1-flash-lite,S1_1,60,2,3,Correct,0.08174606301416437,round,,D_local,S_final,10,10,22
gemini-3.1-flash-lite,S1_1,61,1,1,Correct,-0.09454801365488275,round,,D_local,S_final,10,10,22
gemini-3.1-flash-lite,S1_1,61,1,2,Correct,-0.0738355950338303,round,,D_local,S_final,10,10,22
gemini-3.1-flash-lite,S1_1,61,1,3,Correct,-0.05991622871824276,round,,D_local,S_final,10,10,22
gemini-3.1-flash-lite,S1_1,61,2,1,Correct,0.1201391371160011,round,,D_local,S_final,10,10,22
gemini-3.1-flash-lite,S1_1,61,2,2,Correct,0.10279110643405454,round,,D_local,S_final,10,10,22
gemini-3.1-flash-lite,S1_1,61,2,3,Correct,0.11475827147884843,round,,D_local,S_final,10,10,22
gemini-3.1-flash-lite,S1_1,62,1,1,Correct,0.02814935098018201,round,,D_local,S_final,10,10,22
gemini-3.1-flash-lite,S1_1,62,1,2,Correct,0.029500200776331975,round,,D_local,S_final,10,10,22
gemini-3.1-flash-lite,S1_1,62,1,3,Correct,0.00688104060480621,round,,D_local,S_final,10,10,22
gemini-3.1-flash-lite,S1_1,62,2,1,Correct,0.00996980676950121,round,,D_local,S_final,10,10,22
gemini-3.1-flash-lite,S1_1,62,2,2,Correct,0.02554471182335749,round,,D_local,S_final,10,10,22
gemini-3.1-flash-lite,S1_1,62,2,3,Correct,0.022728740252683344,round,,D_local,S_final,10,10,22
gemini-3.1-flash-lite,S1_1,63,1,1,Correct,0.03676255396385919,round,,D_local,S_final,10,10,22
gemini-3.1-flash-lite,S1_1,63,1,2,Correct,0.018065787300724723,round,,D_local,S_final,10,10,22
gemini-3.1-flash-lite,S1_1,63,1,3,Correct,0.025890291024659562,round,,D_local,S_final,10,10,22
gemini-3.1-flash-lite,S1_1,63,2,1,Correct,0.013625092532951188,round,,D_local,S_final,10,10,22
gemini-3.1-flash-lite,S1_1,63,2,2,Correct,0.010678060090842045,round,,D_local,S_final,10,10,22
gemini-3.1-flash-lite,S1_1,63,2,3,Correct,0.013860030286891423,round,,D_local,S_final,10,10,22
gemini-3.1-flash-lite,S1_1,64,1,1,Correct,0.03728475429789857,round,,D_local,S_final,10,10,22
gemini-3.1-flash-lite,S1_1,64,1,2,Correct,0.027157631402284665,round,,D_local,S_final,10,10,22
gemini-3.1-flash-lite,S1_1,64,1,3,Correct,0.02913657615058074,round,,D_local,S_final,10,10,22
gemini-3.1-flash-lite,S1_1,64,2,1,Correct,0.010399125502789652,round,,D_local,S_final,10,10,22
gemini-3.1-flash-lite,S1_1,64,2,2,Correct,-0.01974604494097132,round,,D_local,S_final,10,10,22
gemini-3.1-flash-lite,S1_1,64,2,3,Correct,0.013107989976435919,round,,D_local,S_final,10,10,22
gemini-3.1-flash-lite,S2_1,1,1,1,Correct,0.1116663884670781,round,,D_local,S_final,10,10,22
gemini-3.1-flash-lite,S2_1,1,1,2,Correct,0.11959586922478771,round,,D_local,S_final,10,10,22
gemini-3.1-flash-lite,S2_1,1,1,3,Correct,0.14248780474661726,round,,D_local,S_final,10,10,22
gemini-3.1-flash-lite,S2_1,1,2,1,Correct,-0.004909868367644732,round,,D_local,S_final,10,10,22
gemini-3.1-flash-lite,S2_1,1,2,2,Correct,0.027058409170957032,round,,D_local,S_final,10,10,22
gemini-3.1-flash-lite,S2_1,1,2,3,Correct,0.026046099838693437,round,,D_local,S_final,10,10,22
gemini-3.1-flash-lite,S2_1,1,3,1,Correct,-0.0030288542692989973,round,,D_local,S_final,10,10,22
gemini-3.1-flash-lite,S2_1,1,3,2,Correct,-0.019862878062975486,round,,D_local,S_final,10,10,22
gemini-3.1-flash-lite,S2_1,1,3,3,Correct,-0.015853020889603164,round,,D_local,S_final,10,10,22
gemini-3.1-flash-lite,S2_1,1,4,1,Correct,0.0634496266803728,round,,D_local,S_final,10,10,22
gemini-3.1-flash-lite,S2_1,1,4,2,Correct,0.06638974953182586,round,,D_local,S_final,10,10,22
gemini-3.1-flash-lite,S2_1,1,4,3,Correct,0.0774766065351764,round,,D_local,S_final,10,10,22
gemini-3.1-flash-lite,S2_1,1,5,1,Correct,0.06868397103338586,round,,D_local,S_final,10,10,22
gemini-3.1-flash-lite,S2_1,1,5,2,Correct,0.07294673122265316,round,,D_local,S_final,10,10,22
gemini-3.1-flash-lite,S2_1,1,5,3,Correct,0.04015789310016471,round,,D_local,S_final,10,10,22
gemini-3.1-flash-lite,S2_1,2,1,1,Correct,0.19694843140193996,round,,D_local,S_final,10,10,22
gemini-3.1-flash-lite,S2_1,2,1,2,Correct,0.20655928154695025,round,,D_local,S_final,10,10,22
gemini-3.1-flash-lite,S2_1,2,1,3,Correct,0.2071005690078237,round,,D_local,S_final,10,10,22
gemini-3.1-flash-lite,S2_1,3,1,1,Correct,0.2272326606430533,round,,D_local,S_final,10,10,22
gemini-3.1-flash-lite,S2_1,3,1,2,Correct,0.19997229234522423,round,,D_local,S_final,10,10,22
gemini-3.1-flash-lite,S2_1,3,1,3,Correct,0.19915777001135881,round,,D_local,S_final,10,10,22
gemini-3.1-flash-lite,S2_1,3,2,1,Correct,0.2132155333561322,round,,D_local,S_final,10,10,22
gemini-3.1-flash-lite,S2_1,3,2,2,Correct,0.23092897811626867,round,,D_local,S_final,10,10,22
gemini-3.1-flash-lite,S2_1,3,2,3,Correct,0.23283994407965247,round,,D_local,S_final,10,10,22
gemini-3.1-flash-lite,S2_1,4,1,1,Correct,0.12574871225487938,round,,D_local,S_final,10,10,22
gemini-3.1-flash-lite,S2_1,4,1,2,Correct,0.12399843660536658,round,,D_local,S_final,10,10,22
gemini-3.1-flash-lite,S2_1,4,1,3,Correct,0.1306954561912772,round,,D_local,S_final,10,10,22
gemini-3.1-flash-lite,S2_1,4,2,1,Correct,0.11498568489895189,round,,D_local,S_final,10,10,22
gemini-3.1-flash-lite,S2_1,4,2,2,Correct,0.12058200480739822,round,,D_local,S_final,10,10,22
gemini-3.1-flash-lite,S2_1,4,2,3,Correct,0.12502451460366437,round,,D_local,S_final,10,10,22
gemini-3.1-flash-lite,S2_1,4,3,1,Correct,0.06413154431672086,round,,D_local,S_final,10,10,22
gemini-3.1-flash-lite,S2_1,4,3,2,Correct,0.05944012802350662,round,,D_local,S_final,10,10,22
gemini-3.1-flash-lite,S2_1,4,3,3,Correct,0.05856372377832786,round,,D_local,S_final,10,10,22
gemini-3.1-flash-lite,S2_1,5,1,1,Correct,0.14246336038812535,round,,D_local,S_final,10,10,22
gemini-3.1-flash-lite,S2_1,5,1,2,Correct,0.09669404737843856,round,,D_local,S_final,10,10,22
gemini-3.1-flash-lite,S2_1,5,1,3,Correct,0.14539281997769815,round,,D_local,S_final,10,10,22
gemini-3.1-flash-lite,S2_1,5,2,1,Correct,0.07519796176452298,round,,D_local,S_final,10,10,22
gemini-3.1-flash-lite,S2_1,5,2,2,Correct,0.06482906102640196,round,,D_local,S_final,10,10,22
gemini-3.1-flash-lite,S2_1,5,2,3,Correct,0.06744503066426455,round,,D_local,S_final,10,10,22
gemini-3.1-flash-lite,S2_1,5,3,1,Wrong,0.07871447438924994,round,,D_local,S_final,10,10,22
gemini-3.1-flash-lite,S2_1,5,3,2,Wrong,0.062654912880589,round,,D_local,S_final,10,10,22
gemini-3.1-flash-lite,S2_1,5,3,3,Wrong,0.07242954713904781,round,,D_local,S_final,10,10,22
gemini-3.1-flash-lite,S2_1,6,1,1,Correct,0.08814892191912471,round,,D_local,S_final,10,10,22
gemini-3.1-flash-lite,S2_1,6,1,2,Correct,0.08062335964392564,round,,D_local,S_final,10,10,22
gemini-3.1-flash-lite,S2_1,6,1,3,Correct,0.10185542430877403,round,,D_local,S_final,10,10,22
gemini-3.1-flash-lite,S2_1,6,2,1,Correct,0.029359912579540737,round,,D_local,S_final,10,10,22
gemini-3.1-flash-lite,S2_1,6,2,2,Wrong,0.03311314602958493,round,,D_local,S_final,10,10,22
gemini-3.1-flash-lite,S2_1,6,2,3,Wrong,0.04380300815923255,round,,D_local,S_final,10,10,22
gemini-3.1-flash-lite,S2_1,6,3,1,Correct,0.07104342875183056,round,,D_local,S_final,10,10,22
gemini-3.1-flash-lite,S2_1,6,3,2,Correct,0.0758389817881463,round,,D_local,S_final,10,10,22
gemini-3.1-flash-lite,S2_1,6,3,3,Correct,0.07903498838322276,round,,D_local,S_final,10,10,22
gemini-3.1-flash-lite,S2_1,7,1,1,Correct,0.12024537509065081,round,,D_local,S_final,10,10,22
gemini-3.1-flash-lite,S2_1,7,1,2,Correct,0.11651402923360643,round,,D_local,S_final,10,10,22
gemini-3.1-flash-lite,S2_1,7,1,3,Correct,0.11930187535083914,round,,D_local,S_final,10,10,22
gemini-3.1-flash-lite,S2_1,7,2,1,Wrong,0.11365498277807795,round,,D_local,S_final,10,10,22
gemini-3.1-flash-lite,S2_1,7,2,2,Wrong,0.1349211002244779,round,,D_local,S_final,10,10,22
gemini-3.1-flash-lite,S2_1,7,2,3,Wrong,0.09897475972268799,round,,D_local,S_final,10,10,22
gemini-3.1-flash-lite,S2_1,7,3,1,Wrong,-0.021478374378493537,round,,D_local,S_final,10,10,22
gemini-3.1-flash-lite,S2_1,7,3,2,Wrong,-0.008471344670573977,round,,D_local,S_final,10,10,22
gemini-3.1-flash-lite,S2_1,7,3,3,Wrong,-0.008450427684907003,round,,D_local,S_final,10,10,22
gemini-3.1-flash-lite,S2_1,7,4,1,Correct,0.0219015277887169,round,,D_local,S_final,10,10,22
gemini-3.1-flash-lite,S2_1,7,4,2,Correct,0.026674786231973502,round,,D_local,S_final,10,10,22
gemini-3.1-flash-lite,S2_1,7,4,3,Correct,0.015991666229145385,round,,D_local,S_final,10,10,22
gemini-3.1-flash-lite,S2_1,7,5,1,Correct,0.04755275501277423,round,,D_local,S_final,10,10,22
gemini-3.1-flash-lite,S2_1,7,5,2,Correct,0.051729068854064586,round,,D_local,S_final,10,10,22
gemini-3.1-flash-lite,S2_1,7,5,3,Correct,0.0512179317881567,round,,D_local,S_final,10,10,22
gemini-3.1-flash-lite,S2_1,7,6,1,Wrong,-0.02828856509329969,round,,D_local,S_final,10,10,22
gemini-3.1-flash-lite,S2_1,7,6,2,Wrong,-0.011768333114003937,round,,D_local,S_final,10,10,22
gemini-3.1-flash-lite,S2_1,7,6,3,Correct,-0.017142717576800748,round,,D_local,S_final,10,10,22
gemini-3.1-flash-lite,S2_1,7,7,1,Wrong,0.06907701820191425,round,,D_local,S_final,10,10,22
gemini-3.1-flash-lite,S2_1,7,7,2,Wrong,0.0507075948825334,round,,D_local,S_final,10,10,22
gemini-3.1-flash-lite,S2_1,7,7,3,Wrong,0.06278753723270314,round,,D_local,S_final,10,10,22
gemini-3.1-flash-lite,S2_1,7,8,1,Correct,0.07682374261656189,round,,D_local,S_final,10,10,22
gemini-3.1-flash-lite,S2_1,7,8,2,Correct,0.07764533463456735,round,,D_local,S_final,10,10,22
gemini-3.1-flash-lite,S2_1,7,8,3,Correct,0.09493146319898693,round,,D_local,S_final,10,10,22
gemini-3.1-flash-lite,S2_1,7,9,1,Correct,0.11238999380317316,round,,D_local,S_final,10,10,22
gemini-3.1-flash-lite,S2_1,7,9,2,Correct,0.10420605886980394,round,,D_local,S_final,10,10,22
gemini-3.1-flash-lite,S2_1,7,9,3,Correct,0.10405517634521255,round,,D_local,S_final,10,10,22
gemini-3.1-flash-lite,S2_1,7,10,1,Wrong,-0.050819117934286284,round,,D_local,S_final,10,10,22
gemini-3.1-flash-lite,S2_1,7,10,2,Wrong,-0.03222867241836469,round,,D_local,S_final,10,10,22
gemini-3.1-flash-lite,S2_1,7,10,3,Correct,-0.009758486135517552,round,,D_local,S_final,10,10,22
gemini-3.1-flash-lite,S2_1,7,11,1,Wrong,0.04437520699012276,round,,D_local,S_final,10,10,22
gemini-3.1-flash-lite,S2_1,7,11,2,Wrong,0.037951825289079255,round,,D_local,S_final,10,10,22
gemini-3.1-flash-lite,S2_1,7,11,3,Wrong,0.029985242899478903,round,,D_local,S_final,10,10,22
gemini-3.1-flash-lite,S2_1,8,1,1,Correct,0.05097195058314263,round,,D_local,S_final,10,10,22
gemini-3.1-flash-lite,S2_1,8,1,2,Correct,0.05525353427980495,round,,D_local,S_final,10,10,22
gemini-3.1-flash-lite,S2_1,8,1,3,Correct,0.06090610111269501,round,,D_local,S_final,10,10,22
gemini-3.1-flash-lite,S2_1,8,2,1,Correct,0.0904977228786884,round,,D_local,S_final,10,10,22
gemini-3.1-flash-lite,S2_1,8,2,2,Correct,0.06657900570899433,round,,D_local,S_final,10,10,22
gemini-3.1-flash-lite,S2_1,8,2,3,Correct,0.08269974095491706,round,,D_local,S_final,10,10,22
gemini-3.1-flash-lite,S2_1,8,3,1,Wrong,0.029110032951000897,round,,D_local,S_final,10,10,22
gemini-3.1-flash-lite,S2_1,8,3,2,Wrong,0.048888529758445265,round,,D_local,S_final,10,10,22
gemini-3.1-flash-lite,S2_1,8,3,3,Wrong,0.03869028091309734,round,,D_local,S_final,10,10,22
gemini-3.1-flash-lite,S2_1,8,4,1,Wrong,-0.07898675036232805,round,,D_local,S_final,10,10,22
gemini-3.1-flash-lite,S2_1,8,4,2,Wrong,-0.09463318019082534,round,,D_local,S_final,10,10,22
gemini-3.1-flash-lite,S2_1,8,4,3,Wrong,-0.06111364766689875,round,,D_local,S_final,10,10,22
gemini-3.1-flash-lite,S2_1,9,1,1,Correct,0.05211839508543492,round,,D_local,S_final,10,10,22
gemini-3.1-flash-lite,S2_1,9,1,2,Correct,0.024977394031221012,round,,D_local,S_final,10,10,22
gemini-3.1-flash-lite,S2_1,9,1,3,Correct,0.050043797139192825,round,,D_local,S_final,10,10,22
gemini-3.1-flash-lite,S2_1,9,2,1,Wrong,0.04882815852190847,round,,D_local,S_final,10,10,22
gemini-3.1-flash-lite,S2_1,9,2,2,Wrong,0.05698059269840039,round,,D_local,S_final,10,10,22
gemini-3.1-flash-lite,S2_1,9,2,3,Wrong,0.06411857693355771,round,,D_local,S_final,10,10,22
gemini-3.1-flash-lite,S2_1,9,3,1,Correct,0.05401124602256557,round,,D_local,S_final,10,10,22
gemini-3.1-flash-lite,S2_1,9,3,2,Correct,0.0606988148869978,round,,D_local,S_final,10,10,22
gemini-3.1-flash-lite,S2_1,9,3,3,Correct,0.06553359822724836,round,,D_local,S_final,10,10,22
gemini-3.1-flash-lite,S2_1,10,1,1,Correct,0.10316520867095047,round,,D_local,S_final,10,10,22
gemini-3.1-flash-lite,S2_1,10,1,2,Correct,0.10803397623796018,round,,D_local,S_final,10,10,22
gemini-3.1-flash-lite,S2_1,10,1,3,Correct,0.10376809481623217,round,,D_local,S_final,10,10,22
gemini-3.1-flash-lite,S2_1,10,2,1,Wrong,0.10130039699657845,round,,D_local,S_final,10,10,22
gemini-3.1-flash-lite,S2_1,10,2,2,Wrong,0.11348919619097486,round,,D_local,S_final,10,10,22
gemini-3.1-flash-lite,S2_1,10,2,3,Wrong,0.11433325852921816,round,,D_local,S_final,10,10,22
gemini-3.1-flash-lite,S2_1,11,1,1,Wrong,0.011869016972266277,round,,D_local,S_final,10,10,22
gemini-3.1-flash-lite,S2_1,11,1,2,Correct,0.04388982865767066,round,,D_local,S_final,10,10,22
gemini-3.1-flash-lite,S2_1,11,1,3,Wrong,0.031041030153580174,round,,D_local,S_final,10,10,22
gemini-3.1-flash-lite,S2_1,12,1,1,Correct,-0.013403681184404714,round,,D_local,S_final,10,10,22
gemini-3.1-flash-lite,S2_1,12,1,2,Correct,-0.02138119710686237,round,,D_local,S_final,10,10,22
gemini-3.1-flash-lite,S2_1,12,1,3,Correct,-0.02329402580475426,round,,D_local,S_final,10,10,22
gemini-3.1-flash-lite,S2_1,13,1,1,Wrong,0.16536651194989294,round,,D_local,S_final,10,10,22
gemini-3.1-flash-lite,S2_1,13,1,2,Wrong,0.16809601804012986,round,,D_local,S_final,10,10,22
gemini-3.1-flash-lite,S2_1,13,1,3,Wrong,0.16598348187534817,round,,D_local,S_final,10,10,22
gemini-3.1-flash-lite,S2_1,13,2,1,Correct,-0.012543604750356652,round,,D_local,S_final,10,10,22
gemini-3.1-flash-lite,S2_1,13,2,2,Correct,-0.021373384833235587,round,,D_local,S_final,10,10,22
gemini-3.1-flash-lite,S2_1,13,2,3,Correct,-0.02769223276208166,round,,D_local,S_final,10,10,22
gemini-3.1-flash-lite,S2_1,13,3,1,Correct,0.02840625168573052,round,,D_local,S_final,10,10,22
gemini-3.1-flash-lite,S2_1,13,3,2,Correct,-0.027022771681500357,round,,D_local,S_final,10,10,22
gemini-3.1-flash-lite,S2_1,13,3,3,Correct,0.03418408924661698,round,,D_local,S_final,10,10,22
gemini-3.1-flash-lite,S2_1,14,1,1,Correct,0.039227659098383216,round,,D_local,S_final,10,10,22
gemini-3.1-flash-lite,S2_1,14,1,2,Correct,0.038453492722378635,round,,D_local,S_final,10,10,22
gemini-3.1-flash-lite,S2_1,14,1,3,Correct,0.052954237448657016,round,,D_local,S_final,10,10,22
gemini-3.1-flash-lite,S2_1,15,1,1,Wrong,-0.06641544058242532,round,,D_local,S_final,10,10,22
gemini-3.1-flash-lite,S2_1,15,1,2,Wrong,-0.05844718167948593,round,,D_local,S_final,10,10,22
gemini-3.1-flash-lite,S2_1,15,1,3,Wrong,-0.07230475810349996,round,,D_local,S_final,10,10,22
gemini-3.1-flash-lite,S2_1,16,1,1,Correct,0.16202346776725118,round,,D_local,S_final,10,10,22
gemini-3.1-flash-lite,S2_1,16,1,2,Correct,0.15731580723705363,round,,D_local,S_final,10,10,22
gemini-3.1-flash-lite,S2_1,16,1,3,Correct,0.1552291730569476,round,,D_local,S_final,10,10,22
gemini-3.1-flash-lite,S2_1,17,1,1,Correct,0.0972368650934945,round,,D_local,S_final,10,10,22
gemini-3.1-flash-lite,S2_1,17,1,2,Correct,0.0756681586830199,round,,D_local,S_final,10,10,22
gemini-3.1-flash-lite,S2_1,17,1,3,Correct,0.06908685726300412,round,,D_local,S_final,10,10,22
gemini-3.1-flash-lite,S2_1,18,1,1,Correct,0.16864271574635203,round,,D_local,S_final,10,10,22
gemini-3.1-flash-lite,S2_1,18,1,2,Correct,0.17693127879687331,round,,D_local,S_final,10,10,22
gemini-3.1-flash-lite,S2_1,18,1,3,Correct,0.16515358901214172,round,,D_local,S_final,10,10,22
gemini-3.1-flash-lite,S2_1,19,1,1,Correct,0.08401919313900263,round,,D_local,S_final,10,10,22
gemini-3.1-flash-lite,S2_1,19,1,2,Correct,0.10339915566399449,round,,D_local,S_final,10,10,22
gemini-3.1-flash-lite,S2_1,19,1,3,Correct,0.04917732714801293,round,,D_local,S_final,10,10,22
gemini-3.1-flash-lite,S2_1,20,1,1,Correct,0.15317476701556432,round,,D_local,S_final,10,10,22
gemini-3.1-flash-lite,S2_1,20,1,2,Correct,0.1531083552463246,round,,D_local,S_final,10,10,22
gemini-3.1-flash-lite,S2_1,20,1,3,Correct,0.1655507785311101,round,,D_local,S_final,10,10,22
gemini-3.1-flash-lite,S2_1,21,1,1,Correct,0.17729991105597365,round,,D_local,S_final,10,10,22
gemini-3.1-flash-lite,S2_1,21,1,2,Correct,0.14604394330620907,round,,D_local,S_final,10,10,22
gemini-3.1-flash-lite,S2_1,21,1,3,Correct,0.15103806745302717,round,,D_local,S_final,10,10,22
gemini-3.1-flash-lite,S2_1,22,1,1,Correct,0.02273858647179594,round,,D_local,S_final,10,10,22
gemini-3.1-flash-lite,S2_1,22,1,2,Wrong,0.011168376008294345,round,,D_local,S_final,10,10,22
gemini-3.1-flash-lite,S2_1,22,1,3,Correct,0.034010668037416036,round,,D_local,S_final,10,10,22
gemini-3.1-flash-lite,S2_1,23,1,1,Correct,0.08460067673903715,round,,D_local,S_final,10,10,22
gemini-3.1-flash-lite,S2_1,23,1,2,Correct,0.07793718171615494,round,,D_local,S_final,10,10,22
gemini-3.1-flash-lite,S2_1,23,1,3,Correct,0.0973747402342876,round,,D_local,S_final,10,10,22
gemini-3.1-flash-lite,S2_1,24,1,1,Correct,0.014757131251843192,round,,D_local,S_final,10,10,22
gemini-3.1-flash-lite,S2_1,24,1,2,Correct,0.03470589023346016,round,,D_local,S_final,10,10,22
gemini-3.1-flash-lite,S2_1,24,1,3,Correct,0.018992232412882504,round,,D_local,S_final,10,10,22
gemini-3.1-flash-lite,S2_1,25,1,1,Correct,-0.017600484567593888,round,,D_local,S_final,10,10,22
gemini-3.1-flash-lite,S2_1,25,1,2,Correct,-0.010950165364339903,round,,D_local,S_final,10,10,22
gemini-3.1-flash-lite,S2_1,25,1,3,Correct,-0.011551481196668267,round,,D_local,S_final,10,10,22
gemini-3.1-flash-lite,S2_1,25,2,1,Correct,0.07501028657807934,round,,D_local,S_final,10,10,22
gemini-3.1-flash-lite,S2_1,25,2,2,Correct,0.09120356985067707,round,,D_local,S_final,10,10,22
gemini-3.1-flash-lite,S2_1,25,2,3,Correct,0.06942708185089186,round,,D_local,S_final,10,10,22
gemini-3.1-flash-lite,S2_1,26,1,1,Correct,0.1075651586886529,round,,D_local,S_final,10,10,22
gemini-3.1-flash-lite,S2_1,26,1,2,Correct,0.09410647879296763,round,,D_local,S_final,10,10,22
gemini-3.1-flash-lite,S2_1,26,1,3,Correct,0.09110920706180536,round,,D_local,S_final,10,10,22
gemini-3.1-flash-lite,S2_1,26,2,1,Correct,-0.05103950843912902,round,,D_local,S_final,10,10,22
gemini-3.1-flash-lite,S2_1,26,2,2,Correct,-0.050527319035027274,round,,D_local,S_final,10,10,22
gemini-3.1-flash-lite,S2_1,26,2,3,Correct,-0.034004766814932696,round,,D_local,S_final,10,10,22
gemini-3.1-flash-lite,S2_1,26,3,1,Correct,-0.04417250770844583,round,,D_local,S_final,10,10,22
gemini-3.1-flash-lite,S2_1,26,3,2,Correct,-0.012687049764366187,round,,D_local,S_final,10,10,22
gemini-3.1-flash-lite,S2_1,26,3,3,Correct,-0.057785457998443146,round,,D_local,S_final,10,10,22
gemini-3.1-flash-lite,S2_1,26,4,1,Correct,0.14355385681554889,round,,D_local,S_final,10,10,22
gemini-3.1-flash-lite,S2_1,26,4,2,Correct,0.15800200347124682,round,,D_local,S_final,10,10,22
gemini-3.1-flash-lite,S2_1,26,4,3,Correct,0.16017368040505203,round,,D_local,S_final,10,10,22
gemini-3.1-flash-lite,S2_1,27,1,1,Correct,0.07196784288527458,round,,D_local,S_final,10,10,22
gemini-3.1-flash-lite,S2_1,27,1,2,Correct,0.07156002501049896,round,,D_local,S_final,10,10,22
gemini-3.1-flash-lite,S2_1,27,1,3,Correct,0.0843466034653787,round,,D_local,S_final,10,10,22
gemini-3.1-flash-lite,S2_1,27,2,1,Correct,-0.06943533303732186,round,,D_local,S_final,10,10,22
gemini-3.1-flash-lite,S2_1,27,2,2,Correct,-0.04330295079034907,round,,D_local,S_final,10,10,22
gemini-3.1-flash-lite,S2_1,27,2,3,Correct,-0.049141095546714086,round,,D_local,S_final,10,10,22
gemini-3.1-flash-lite,S2_1,27,3,1,Correct,-0.06097658009582807,round,,D_local,S_final,10,10,22
gemini-3.1-flash-lite,S2_1,27,3,2,Correct,-0.051683605598404236,round,,D_local,S_final,10,10,22
gemini-3.1-flash-lite,S2_1,27,3,3,Correct,-0.06708410454633529,round,,D_local,S_final,10,10,22
gemini-3.1-flash-lite,S2_1,27,4,1,Correct,0.20359751929432857,round,,D_local,S_final,10,10,22
gemini-3.1-flash-lite,S2_1,27,4,2,Correct,0.1857976821819446,round,,D_local,S_final,10,10,22
gemini-3.1-flash-lite,S2_1,27,4,3,Correct,0.2190809787424134,round,,D_local,S_final,10,10,22
gemini-3.1-flash-lite,S2_1,28,1,1,Correct,0.06094494637865944,round,,D_local,S_final,10,10,22
gemini-3.1-flash-lite,S2_1,28,1,2,Correct,0.06589416642303081,round,,D_local,S_final,10,10,22
gemini-3.1-flash-lite,S2_1,28,1,3,Correct,0.05752022091265685,round,,D_local,S_final,10,10,22
gemini-3.1-flash-lite,S2_1,28,2,1,Correct,-0.08745233510373163,round,,D_local,S_final,10,10,22
gemini-3.1-flash-lite,S2_1,28,2,2,Correct,-0.0916788023518399,round,,D_local,S_final,10,10,22
gemini-3.1-flash-lite,S2_1,28,2,3,Correct,-0.09237395827113337,round,,D_local,S_final,10,10,22
gemini-3.1-flash-lite,S2_1,29,1,1,Correct,0.10320905132346248,round,,D_local,S_final,10,10,22
gemini-3.1-flash-lite,S2_1,29,1,2,Correct,0.08659670662704488,round,,D_local,S_final,10,10,22
gemini-3.1-flash-lite,S2_1,29,1,3,Correct,0.09023786590309169,round,,D_local,S_final,10,10,22
gemini-3.1-flash-lite,S2_1,29,2,1,Correct,-0.07596623886489051,round,,D_local,S_final,10,10,22
gemini-3.1-flash-lite,S2_1,29,2,2,Correct,-0.08064124040045817,round,,D_local,S_final,10,10,22
gemini-3.1-flash-lite,S2_1,29,2,3,Correct,-0.06707823105957966,round,,D_local,S_final,10,10,22
gemini-3.1-flash-lite,S2_1,30,1,1,Correct,0.07522643186469058,round,,D_local,S_final,10,10,22
gemini-3.1-flash-lite,S2_1,30,1,2,Correct,0.0693024457664102,round,,D_local,S_final,10,10,22
gemini-3.1-flash-lite,S2_1,30,1,3,Correct,0.0804406772686932,round,,D_local,S_final,10,10,22
gemini-3.1-flash-lite,S2_1,30,2,1,Correct,-0.10669234838740516,round,,D_local,S_final,10,10,22
gemini-3.1-flash-lite,S2_1,30,2,2,Correct,-0.07117632294119919,round,,D_local,S_final,10,10,22
gemini-3.1-flash-lite,S2_1,30,2,3,Correct,-0.06898699689107146,round,,D_local,S_final,10,10,22
gemini-3.1-flash-lite,S2_1,31,1,1,Wrong,0.13922249082179883,round,,D_local,S_final,10,10,22
gemini-3.1-flash-lite,S2_1,31,1,2,Wrong,0.13088947105073512,round,,D_local,S_final,10,10,22
gemini-3.1-flash-lite,S2_1,31,1,3,Wrong,0.13530092362091112,round,,D_local,S_final,10,10,22
gemini-3.1-flash-lite,S2_1,32,1,1,Correct,0.0427347385351432,round,,D_local,S_final,10,10,22
gemini-3.1-flash-lite,S2_1,32,1,2,Correct,0.06633876038955211,round,,D_local,S_final,10,10,22
gemini-3.1-flash-lite,S2_1,32,1,3,Correct,0.029801101267061925,round,,D_local,S_final,10,10,22
gemini-3.1-flash-lite,S2_1,33,1,1,Correct,0.13230856923605328,round,,D_local,S_final,10,10,22
gemini-3.1-flash-lite,S2_1,33,1,2,Correct,0.146223024334043,round,,D_local,S_final,10,10,22
gemini-3.1-flash-lite,S2_1,33,1,3,Correct,0.11753219159542683,round,,D_local,S_final,10,10,22
gemini-3.1-flash-lite,S2_1,34,1,1,Correct,0.04440394864660735,round,,D_local,S_final,10,10,22
gemini-3.1-flash-lite,S2_1,34,1,2,Correct,0.028381470830454558,round,,D_local,S_final,10,10,22
gemini-3.1-flash-lite,S2_1,34,1,3,Correct,0.0361744782779736,round,,D_local,S_final,10,10,22
gemini-3.1-flash-lite,S2_1,35,1,1,Wrong,0.04877261293464408,round,,D_local,S_final,10,10,22
gemini-3.1-flash-lite,S2_1,35,1,2,Correct,0.0941381732226213,round,,D_local,S_final,10,10,22
gemini-3.1-flash-lite,S2_1,35,1,3,Wrong,0.038393335549193885,round,,D_local,S_final,10,10,22
gemini-3.1-flash-lite,S2_1,36,1,1,Correct,0.11010812234615397,round,,D_local,S_final,10,10,22
gemini-3.1-flash-lite,S2_1,36,1,2,Correct,0.10475917848600702,round,,D_local,S_final,10,10,22
gemini-3.1-flash-lite,S2_1,36,1,3,Correct,0.1048527383671406,round,,D_local,S_final,10,10,22
gemini-3.1-flash-lite,S2_1,36,2,1,Wrong,0.014954001946051232,round,,D_local,S_final,10,10,22
gemini-3.1-flash-lite,S2_1,36,2,2,Correct,0.04211977734090244,round,,D_local,S_final,10,10,22
gemini-3.1-flash-lite,S2_1,36,2,3,Correct,0.04514786945955507,round,,D_local,S_final,10,10,22
gemini-3.1-flash-lite,S2_1,36,3,1,Correct,0.029316207594868415,round,,D_local,S_final,10,10,22
gemini-3.1-flash-lite,S2_1,36,3,2,Correct,0.0354993070546723,round,,D_local,S_final,10,10,22
gemini-3.1-flash-lite,S2_1,36,3,3,Correct,0.0285138406483465,round,,D_local,S_final,10,10,22
gemini-3.1-flash-lite,S2_1,37,1,1,Correct,-0.006951545709540818,round,,D_local,S_final,10,10,22
gemini-3.1-flash-lite,S2_1,37,1,2,Correct,-0.013081845153150695,round,,D_local,S_final,10,10,22
gemini-3.1-flash-lite,S2_1,37,1,3,Correct,-0.012938173572477174,round,,D_local,S_final,10,10,22
gemini-3.1-flash-lite,S2_1,37,2,1,Wrong,0.06640893968150152,round,,D_local,S_final,10,10,22
gemini-3.1-flash-lite,S2_1,37,2,2,Wrong,0.06272951997085896,round,,D_local,S_final,10,10,22
gemini-3.1-flash-lite,S2_1,37,2,3,Wrong,0.07441577101416841,round,,D_local,S_final,10,10,22
gemini-3.1-flash-lite,S2_1,38,1,1,Wrong,-0.13587309225345046,round,,D_local,S_final,10,10,22
gemini-3.1-flash-lite,S2_1,38,1,2,Wrong,-0.1516865500543929,round,,D_local,S_final,10,10,22
gemini-3.1-flash-lite,S2_1,38,1,3,Correct,-0.12179908678081297,round,,D_local,S_final,10,10,22
gemini-3.1-flash-lite,S2_1,38,2,1,Wrong,-0.15113377000607925,round,,D_local,S_final,10,10,22
gemini-3.1-flash-lite,S2_1,38,2,2,Wrong,-0.14609740244057312,round,,D_local,S_final,10,10,22
gemini-3.1-flash-lite,S2_1,38,2,3,Wrong,-0.15330508283903255,round,,D_local,S_final,10,10,22
gemini-3.1-flash-lite,S2_1,39,1,1,Wrong,-0.036521669388130285,round,,D_local,S_final,10,10,22
gemini-3.1-flash-lite,S2_1,39,1,2,Wrong,-0.04727336400052751,round,,D_local,S_final,10,10,22
gemini-3.1-flash-lite,S2_1,39,1,3,Wrong,-0.039845968943782784,round,,D_local,S_final,10,10,22
gemini-3.1-flash-lite,S2_1,39,2,1,Correct,0.15245114132957605,round,,D_local,S_final,10,10,22
gemini-3.1-flash-lite,S2_1,39,2,2,Correct,0.1461187316253929,round,,D_local,S_final,10,10,22
gemini-3.1-flash-lite,S2_1,39,2,3,Correct,0.14725502631640186,round,,D_local,S_final,10,10,22
gemini-3.1-flash-lite,S2_1,40,1,1,Correct,0.07680834955263627,round,,D_local,S_final,10,10,22
gemini-3.1-flash-lite,S2_1,40,1,2,Correct,0.06987973923421875,round,,D_local,S_final,10,10,22
gemini-3.1-flash-lite,S2_1,40,1,3,Correct,0.06427496976040636,round,,D_local,S_final,10,10,22
gemini-3.1-flash-lite,S2_1,40,2,1,Wrong,0.08850446818854418,round,,D_local,S_final,10,10,22
gemini-3.1-flash-lite,S2_1,40,2,2,Correct,0.07550491453432173,round,,D_local,S_final,10,10,22
gemini-3.1-flash-lite,S2_1,40,2,3,Wrong,0.0893101686409894,round,,D_local,S_final,10,10,22
gemini-3.1-flash-lite,S2_1,40,3,1,Correct,0.014617166887819555,round,,D_local,S_final,10,10,22
gemini-3.1-flash-lite,S2_1,40,3,2,Correct,0.01705639069405218,round,,D_local,S_final,10,10,22
gemini-3.1-flash-lite,S2_1,40,3,3,Correct,0.0004586762353319118,round,,D_local,S_final,10,10,22
gemini-3.1-flash-lite,S2_1,40,4,1,Wrong,-0.012346338406265756,round,,D_local,S_final,10,10,22
gemini-3.1-flash-lite,S2_1,40,4,2,Wrong,-0.02914035998190334,round,,D_local,S_final,10,10,22
gemini-3.1-flash-lite,S2_1,40,4,3,Wrong,-0.012859592662987862,round,,D_local,S_final,10,10,22
gemini-3.1-flash-lite,S2_1,40,5,1,Wrong,0.03892222737896178,round,,D_local,S_final,10,10,22
gemini-3.1-flash-lite,S2_1,40,5,2,Wrong,0.047051151132659896,round,,D_local,S_final,10,10,22
gemini-3.1-flash-lite,S2_1,40,5,3,Wrong,0.0531802045437173,round,,D_local,S_final,10,10,22
gemini-3.1-flash-lite,S2_1,40,6,1,Correct,0.06633294850951277,round,,D_local,S_final,10,10,22
gemini-3.1-flash-lite,S2_1,40,6,2,Correct,0.07651694239178808,round,,D_local,S_final,10,10,22
gemini-3.1-flash-lite,S2_1,40,6,3,Correct,0.055379359772449344,round,,D_local,S_final,10,10,22
gemini-3.1-flash-lite,S2_1,41,1,1,Wrong,0.07025400034115004,round,,D_local,S_final,10,10,22
gemini-3.1-flash-lite,S2_1,41,1,2,Wrong,0.07705754335574211,round,,D_local,S_final,10,10,22
gemini-3.1-flash-lite,S2_1,41,1,3,Wrong,0.07829246299432135,round,,D_local,S_final,10,10,22
gemini-3.1-flash-lite,S2_1,42,1,1,Wrong,-0.04774263592461747,round,,D_local,S_final,10,10,22
gemini-3.1-flash-lite,S2_1,42,1,2,Wrong,-0.03900449648103499,round,,D_local,S_final,10,10,22
gemini-3.1-flash-lite,S2_1,42,1,3,Wrong,-0.041139132110604604,round,,D_local,S_final,10,10,22
gemini-3.1-flash-lite,S2_1,43,1,1,Wrong,-0.03709200436937177,round,,D_local,S_final,10,10,22
gemini-3.1-flash-lite,S2_1,43,1,2,Wrong,-0.027315368219939296,round,,D_local,S_final,10,10,22
gemini-3.1-flash-lite,S2_1,43,1,3,Correct,0.01774237431241088,round,,D_local,S_final,10,10,22
gemini-3.1-flash-lite,S2_1,44,1,1,Correct,0.14762763103679521,round,,D_local,S_final,10,10,22
gemini-3.1-flash-lite,S2_1,44,1,2,Correct,0.11171385030274972,round,,D_local,S_final,10,10,22
gemini-3.1-flash-lite,S2_1,44,1,3,Correct,0.09477739371011573,round,,D_local,S_final,10,10,22
gemini-3.1-flash-lite,S2_1,45,1,1,Correct,0.17061150029897743,round,,D_local,S_final,10,10,22
gemini-3.1-flash-lite,S2_1,45,1,2,Correct,0.17051408056895034,round,,D_local,S_final,10,10,22
gemini-3.1-flash-lite,S2_1,45,1,3,Correct,0.17184236455923663,round,,D_local,S_final,10,10,22
gemini-3.1-flash-lite,S2_1,45,2,1,Wrong,-0.051350471851341006,round,,D_local,S_final,10,10,22
gemini-3.1-flash-lite,S2_1,45,2,2,Wrong,-0.027144401118379236,round,,D_local,S_final,10,10,22
gemini-3.1-flash-lite,S2_1,45,2,3,Wrong,-0.0697814500645012,round,,D_local,S_final,10,10,22
gemini-3.1-flash-lite,S2_1,45,3,1,Wrong,-0.05286174040020264,round,,D_local,S_final,10,10,22
gemini-3.1-flash-lite,S2_1,45,3,2,Wrong,-0.04567540305444373,round,,D_local,S_final,10,10,22
gemini-3.1-flash-lite,S2_1,45,3,3,Wrong,-0.05375552143608808,round,,D_local,S_final,10,10,22
gemini-3.1-flash-lite,S2_1,46,1,1,Correct,0.08351284010310345,round,,D_local,S_final,10,10,22
gemini-3.1-flash-lite,S2_1,46,1,2,Correct,0.12243562873412961,round,,D_local,S_final,10,10,22
gemini-3.1-flash-lite,S2_1,46,1,3,Correct,0.11108542952762412,round,,D_local,S_final,10,10,22
gemini-3.1-flash-lite,S2_1,46,2,1,Correct,0.0560402177878595,round,,D_local,S_final,10,10,22
gemini-3.1-flash-lite,S2_1,46,2,2,Correct,0.06018337090370396,round,,D_local,S_final,10,10,22
gemini-3.1-flash-lite,S2_1,46,2,3,Correct,0.0524987428317204,round,,D_local,S_final,10,10,22
gemini-3.1-flash-lite,S2_1,47,1,1,Correct,0.12189647302703766,round,,D_local,S_final,10,10,22
gemini-3.1-flash-lite,S2_1,47,1,2,Correct,0.1320704984353771,round,,D_local,S_final,10,10,22
gemini-3.1-flash-lite,S2_1,47,1,3,Correct,0.12265092785052889,round,,D_local,S_final,10,10,22
gemini-3.1-flash-lite,S2_1,47,2,1,Correct,0.02526273695824066,round,,D_local,S_final,10,10,22
gemini-3.1-flash-lite,S2_1,47,2,2,Correct,0.03889539263424113,round,,D_local,S_final,10,10,22
gemini-3.1-flash-lite,S2_1,47,2,3,Correct,0.03916626097078324,round,,D_local,S_final,10,10,22
gemini-3.1-flash-lite,S2_1,48,1,1,Correct,0.07974075958618276,round,,D_local,S_final,10,10,22
gemini-3.1-flash-lite,S2_1,48,1,2,Correct,0.08487818892656374,round,,D_local,S_final,10,10,22
gemini-3.1-flash-lite,S2_1,48,1,3,Correct,0.09938233696740018,round,,D_local,S_final,10,10,22
gemini-3.1-flash-lite,S2_1,48,2,1,Wrong,-0.05206854032469144,round,,D_local,S_final,10,10,22
gemini-3.1-flash-lite,S2_1,48,2,2,Wrong,-0.04473325714714005,round,,D_local,S_final,10,10,22
gemini-3.1-flash-lite,S2_1,48,2,3,Wrong,-0.06281137542191106,round,,D_local,S_final,10,10,22
gemini-3.1-flash-lite,S2_1,49,1,1,Correct,0.023305243862305702,round,,D_local,S_final,10,10,22
gemini-3.1-flash-lite,S2_1,49,1,2,Correct,0.02626944461229941,round,,D_local,S_final,10,10,22
gemini-3.1-flash-lite,S2_1,49,1,3,Wrong,0.019761558585128403,round,,D_local,S_final,10,10,22
gemini-3.1-flash-lite,S2_1,50,1,1,Correct,0.019289129853869436,round,,D_local,S_final,10,10,22
gemini-3.1-flash-lite,S2_1,50,1,2,Correct,0.008477951056551136,round,,D_local,S_final,10,10,22
gemini-3.1-flash-lite,S2_1,50,1,3,Correct,0.013992584237769723,round,,D_local,S_final,10,10,22
gemini-3.1-flash-lite,S2_1,51,1,1,Correct,0.12104337681849486,round,,D_local,S_final,10,10,22
gemini-3.1-flash-lite,S2_1,51,1,2,Correct,0.15092394985370472,round,,D_local,S_final,10,10,22
gemini-3.1-flash-lite,S2_1,51,1,3,Correct,0.14987224950063038,round,,D_local,S_final,10,10,22
gemini-3.1-flash-lite,S2_1,52,1,1,Correct,0.16723012505001833,round,,D_local,S_final,10,10,22
gemini-3.1-flash-lite,S2_1,52,1,2,Correct,0.15702034296291523,round,,D_local,S_final,10,10,22
gemini-3.1-flash-lite,S2_1,52,1,3,Correct,0.1402603178393047,round,,D_local,S_final,10,10,22
gemini-3.1-flash-lite,S2_1,53,1,1,Correct,-0.039651459593346705,round,,D_local,S_final,10,10,22
gemini-3.1-flash-lite,S2_1,53,1,2,Correct,-0.007326069078139041,round,,D_local,S_final,10,10,22
gemini-3.1-flash-lite,S2_1,53,1,3,Correct,0.009027546732634839,round,,D_local,S_final,10,10,22
gemini-3.1-flash-lite,S2_1,53,2,1,Correct,0.07285587930373794,round,,D_local,S_final,10,10,22
gemini-3.1-flash-lite,S2_1,53,2,2,Correct,0.06745482332561725,round,,D_local,S_final,10,10,22
gemini-3.1-flash-lite,S2_1,53,2,3,Correct,0.07987994954819999,round,,D_local,S_final,10,10,22
gemini-3.1-flash-lite,S2_1,54,1,1,Correct,-0.09305607861733972,round,,D_local,S_final,10,10,22
gemini-3.1-flash-lite,S2_1,54,1,2,Correct,-0.08971037317429553,round,,D_local,S_final,10,10,22
gemini-3.1-flash-lite,S2_1,54,1,3,Correct,-0.1003477907714555,round,,D_local,S_final,10,10,22
gemini-3.1-flash-lite,S2_1,54,2,1,Correct,0.11031499146162316,round,,D_local,S_final,10,10,22
gemini-3.1-flash-lite,S2_1,54,2,2,Correct,0.12673624461705935,round,,D_local,S_final,10,10,22
gemini-3.1-flash-lite,S2_1,54,2,3,Correct,0.10137036350067141,round,,D_local,S_final,10,10,22
gemini-3.1-flash-lite,S2_1,55,1,1,Correct,-0.00984064121343986,round,,D_local,S_final,10,10,22
gemini-3.1-flash-lite,S2_1,55,1,2,Correct,-0.00926238515704314,round,,D_local,S_final,10,10,22
gemini-3.1-flash-lite,S2_1,55,1,3,Correct,-0.004338881375126835,round,,D_local,S_final,10,10,22
gemini-3.1-flash-lite,S2_1,55,2,1,Correct,0.1289303361439948,round,,D_local,S_final,10,10,22
gemini-3.1-flash-lite,S2_1,55,2,2,Correct,0.10671326563869621,round,,D_local,S_final,10,10,22
gemini-3.1-flash-lite,S2_1,55,2,3,Correct,0.12805289861367075,round,,D_local,S_final,10,10,22
gemini-3.1-flash-lite,S2_1,56,1,1,Wrong,-0.015030184574190142,round,,D_local,S_final,10,10,22
gemini-3.1-flash-lite,S2_1,56,1,2,Wrong,-0.019218012159181064,round,,D_local,S_final,10,10,22
gemini-3.1-flash-lite,S2_1,56,1,3,Wrong,-0.03437321177365765,round,,D_local,S_final,10,10,22
gemini-3.1-flash-lite,S2_1,56,2,1,Correct,0.057389913798355896,round,,D_local,S_final,10,10,22
gemini-3.1-flash-lite,S2_1,56,2,2,Correct,0.018691450690014655,round,,D_local,S_final,10,10,22
gemini-3.1-flash-lite,S2_1,56,2,3,Correct,0.05129125915662858,round,,D_local,S_final,10,10,22
gemini-3.1-flash-lite,S2_1,57,1,1,Correct,-0.1047590296036004,round,,D_local,S_final,10,10,22
gemini-3.1-flash-lite,S2_1,57,1,2,Correct,-0.10322914043422815,round,,D_local,S_final,10,10,22
gemini-3.1-flash-lite,S2_1,57,1,3,Correct,-0.09806428530581013,round,,D_local,S_final,10,10,22
gemini-3.1-flash-lite,S2_1,57,2,1,Correct,-0.19987640866332151,round,,D_local,S_final,10,10,22
gemini-3.1-flash-lite,S2_1,57,2,2,Correct,-0.13869577324664772,round,,D_local,S_final,10,10,22
gemini-3.1-flash-lite,S2_1,57,2,3,Correct,-0.19485138304524396,round,,D_local,S_final,10,10,22
gemini-3.1-flash-lite,S2_1,58,1,1,Correct,-0.006409063121727732,round,,D_local,S_final,10,10,22
gemini-3.1-flash-lite,S2_1,58,1,2,Correct,0.0020542368220990426,round,,D_local,S_final,10,10,22
gemini-3.1-flash-lite,S2_1,58,1,3,Correct,0.0126632487506938,round,,D_local,S_final,10,10,22
gemini-3.1-flash-lite,S2_1,58,2,1,Correct,0.038278512011641896,round,,D_local,S_final,10,10,22
gemini-3.1-flash-lite,S2_1,58,2,2,Correct,0.0385114784401136,round,,D_local,S_final,10,10,22
gemini-3.1-flash-lite,S2_1,58,2,3,Correct,0.03471354726364584,round,,D_local,S_final,10,10,22
gemini-3.1-flash-lite,S2_1,59,1,1,Correct,-0.046157172942269065,round,,D_local,S_final,10,10,22
gemini-3.1-flash-lite,S2_1,59,1,2,Correct,-0.026372209629843657,round,,D_local,S_final,10,10,22
gemini-3.1-flash-lite,S2_1,59,1,3,Correct,-0.06079425799593685,round,,D_local,S_final,10,10,22
gemini-3.1-flash-lite,S2_1,59,2,1,Correct,0.09677864654302404,round,,D_local,S_final,10,10,22
gemini-3.1-flash-lite,S2_1,59,2,2,Correct,0.07553505070927735,round,,D_local,S_final,10,10,22
gemini-3.1-flash-lite,S2_1,59,2,3,Correct,0.09585535864782913,round,,D_local,S_final,10,10,22
gemini-3.1-flash-lite,S2_1,60,1,1,Correct,-0.10427265867184632,round,,D_local,S_final,10,10,22
gemini-3.1-flash-lite,S2_1,60,1,2,Correct,-0.09022978408110915,round,,D_local,S_final,10,10,22
gemini-3.1-flash-lite,S2_1,60,1,3,Correct,-0.10839153292030562,round,,D_local,S_final,10,10,22
gemini-3.1-flash-lite,S2_1,60,2,1,Correct,0.0926540457056978,round,,D_local,S_final,10,10,22
gemini-3.1-flash-lite,S2_1,60,2,2,Correct,0.09494278885091495,round,,D_local,S_final,10,10,22
gemini-3.1-flash-lite,S2_1,60,2,3,Correct,0.12043034548032794,round,,D_local,S_final,10,10,22
gemini-3.1-flash-lite,S2_1,61,1,1,Correct,-0.07242249794611044,round,,D_local,S_final,10,10,22
gemini-3.1-flash-lite,S2_1,61,1,2,Correct,-0.08434633529019231,round,,D_local,S_final,10,10,22
gemini-3.1-flash-lite,S2_1,61,1,3,Correct,-0.07471712078376835,round,,D_local,S_final,10,10,22
gemini-3.1-flash-lite,S2_1,61,2,1,Correct,0.12480970246471201,round,,D_local,S_final,10,10,22
gemini-3.1-flash-lite,S2_1,61,2,2,Correct,0.10848821434172562,round,,D_local,S_final,10,10,22
gemini-3.1-flash-lite,S2_1,61,2,3,Wrong,0.12621219213669843,round,,D_local,S_final,10,10,22
gemini-3.1-flash-lite,S2_1,62,1,1,Correct,0.02421677607479944,round,,D_local,S_final,10,10,22
gemini-3.1-flash-lite,S2_1,62,1,2,Correct,0.01790194007949042,round,,D_local,S_final,10,10,22
gemini-3.1-flash-lite,S2_1,62,1,3,Correct,0.02609348678332757,round,,D_local,S_final,10,10,22
gemini-3.1-flash-lite,S2_1,62,2,1,Correct,0.007788608025179888,round,,D_local,S_final,10,10,22
gemini-3.1-flash-lite,S2_1,62,2,2,Correct,0.015014970508569037,round,,D_local,S_final,10,10,22
gemini-3.1-flash-lite,S2_1,62,2,3,Correct,0.01665960973928582,round,,D_local,S_final,10,10,22
gemini-3.1-flash-lite,S2_1,63,1,1,Correct,0.029137308910445747,round,,D_local,S_final,10,10,22
gemini-3.1-flash-lite,S2_1,63,1,2,Correct,0.023313678356748913,round,,D_local,S_final,10,10,22
gemini-3.1-flash-lite,S2_1,63,1,3,Correct,0.020202973782442957,round,,D_local,S_final,10,10,22
gemini-3.1-flash-lite,S2_1,63,2,1,Correct,0.02077043256320421,round,,D_local,S_final,10,10,22
gemini-3.1-flash-lite,S2_1,63,2,2,Correct,0.006344889521715524,round,,D_local,S_final,10,10,22
gemini-3.1-flash-lite,S2_1,63,2,3,Correct,0.008760673079797332,round,,D_local,S_final,10,10,22
gemini-3.1-flash-lite,S2_1,64,1,1,Correct,0.04858757628132915,round,,D_local,S_final,10,10,22
gemini-3.1-flash-lite,S2_1,64,1,2,Correct,0.05945373840823531,round,,D_local,S_final,10,10,22
gemini-3.1-flash-lite,S2_1,64,1,3,Correct,0.028941181257671977,round,,D_local,S_final,10,10,22
gemini-3.1-flash-lite,S2_1,64,2,1,Correct,0.02587554283070259,round,,D_local,S_final,10,10,22
gemini-3.1-flash-lite,S2_1,64,2,2,Correct,0.033052977605953826,round,,D_local,S_final,10,10,22
gemini-3.1-flash-lite,S2_1,64,2,3,Correct,0.033343009888125,round,,D_local,S_final,10,10,22
gemini-3.1-flash-lite,S3_1,1,1,1,Correct,0.1378767870247476,round,,D_local,S_final,10,10,22
gemini-3.1-flash-lite,S3_1,1,1,2,Correct,0.11793199499228602,round,,D_local,S_final,10,10,22
gemini-3.1-flash-lite,S3_1,1,1,3,Correct,0.1272039714961486,round,,D_local,S_final,10,10,22
gemini-3.1-flash-lite,S3_1,1,2,1,Correct,0.029959970109931677,round,,D_local,S_final,10,10,22
gemini-3.1-flash-lite,S3_1,1,2,2,Correct,0.029747174245490116,round,,D_local,S_final,10,10,22
gemini-3.1-flash-lite,S3_1,1,2,3,Correct,0.025891497974819933,round,,D_local,S_final,10,10,22
gemini-3.1-flash-lite,S3_1,1,3,1,Correct,-0.054958095257130135,round,,D_local,S_final,10,10,22
gemini-3.1-flash-lite,S3_1,1,3,2,Correct,-0.03257539864743253,round,,D_local,S_final,10,10,22
gemini-3.1-flash-lite,S3_1,1,3,3,Correct,-0.048315041825364835,round,,D_local,S_final,10,10,22
gemini-3.1-flash-lite,S3_1,1,4,1,Wrong,0.07731123695624142,round,,D_local,S_final,10,10,22
gemini-3.1-flash-lite,S3_1,1,4,2,Wrong,0.06457343599406318,round,,D_local,S_final,10,10,22
gemini-3.1-flash-lite,S3_1,1,4,3,Wrong,0.06673331676105188,round,,D_local,S_final,10,10,22
gemini-3.1-flash-lite,S3_1,1,5,1,Correct,0.0758576252968185,round,,D_local,S_final,10,10,22
gemini-3.1-flash-lite,S3_1,1,5,2,Correct,0.05825351622156194,round,,D_local,S_final,10,10,22
gemini-3.1-flash-lite,S3_1,1,5,3,Correct,0.059751682072990864,round,,D_local,S_final,10,10,22
gemini-3.1-flash-lite,S3_1,2,1,1,Correct,0.206182529851002,round,,D_local,S_final,10,10,22
gemini-3.1-flash-lite,S3_1,2,1,2,Correct,0.20907039479325296,round,,D_local,S_final,10,10,22
gemini-3.1-flash-lite,S3_1,2,1,3,Correct,0.19580010256138886,round,,D_local,S_final,10,10,22
gemini-3.1-flash-lite,S3_1,3,1,1,Correct,0.2166340923780728,round,,D_local,S_final,10,10,22
gemini-3.1-flash-lite,S3_1,3,1,2,Correct,0.24476454850528395,round,,D_local,S_final,10,10,22
gemini-3.1-flash-lite,S3_1,3,1,3,Correct,0.23131830002936293,round,,D_local,S_final,10,10,22
gemini-3.1-flash-lite,S3_1,3,2,1,Correct,0.239401394592493,round,,D_local,S_final,10,10,22
gemini-3.1-flash-lite,S3_1,3,2,2,Correct,0.23294443408022925,round,,D_local,S_final,10,10,22
gemini-3.1-flash-lite,S3_1,3,2,3,Correct,0.22765023473290136,round,,D_local,S_final,10,10,22
gemini-3.1-flash-lite,S3_1,4,1,1,Correct,0.14049305470374596,round,,D_local,S_final,10,10,22
gemini-3.1-flash-lite,S3_1,4,1,2,Correct,0.13833281356174876,round,,D_local,S_final,10,10,22
gemini-3.1-flash-lite,S3_1,4,1,3,Correct,0.14178116909725091,round,,D_local,S_final,10,10,22
gemini-3.1-flash-lite,S3_1,4,2,1,Correct,0.12772147885490504,round,,D_local,S_final,10,10,22
gemini-3.1-flash-lite,S3_1,4,2,2,Wrong,0.12809726104168018,round,,D_local,S_final,10,10,22
gemini-3.1-flash-lite,S3_1,4,2,3,Correct,0.12246138434044895,round,,D_local,S_final,10,10,22
gemini-3.1-flash-lite,S3_1,4,3,1,Correct,0.08720409915245697,round,,D_local,S_final,10,10,22
gemini-3.1-flash-lite,S3_1,4,3,2,Correct,0.08697098220088206,round,,D_local,S_final,10,10,22
gemini-3.1-flash-lite,S3_1,4,3,3,Correct,0.08934234812139308,round,,D_local,S_final,10,10,22
gemini-3.1-flash-lite,S3_1,5,1,1,Correct,0.14864462702272085,round,,D_local,S_final,10,10,22
gemini-3.1-flash-lite,S3_1,5,1,2,Correct,0.12601375019940508,round,,D_local,S_final,10,10,22
gemini-3.1-flash-lite,S3_1,5,1,3,Correct,0.13244551892660283,round,,D_local,S_final,10,10,22
gemini-3.1-flash-lite,S3_1,5,2,1,Correct,0.08471670522930808,round,,D_local,S_final,10,10,22
gemini-3.1-flash-lite,S3_1,5,2,2,Correct,0.10195299109013845,round,,D_local,S_final,10,10,22
gemini-3.1-flash-lite,S3_1,5,2,3,Correct,0.07281113309597853,round,,D_local,S_final,10,10,22
gemini-3.1-flash-lite,S3_1,5,3,1,Wrong,0.08637799795081302,round,,D_local,S_final,10,10,22
gemini-3.1-flash-lite,S3_1,5,3,2,Wrong,0.09931788659216723,round,,D_local,S_final,10,10,22
gemini-3.1-flash-lite,S3_1,5,3,3,Wrong,0.09386720169340523,round,,D_local,S_final,10,10,22
gemini-3.1-flash-lite,S3_1,6,1,1,Correct,0.11297202767258296,round,,D_local,S_final,10,10,22
gemini-3.1-flash-lite,S3_1,6,1,2,Correct,0.08974138536410026,round,,D_local,S_final,10,10,22
gemini-3.1-flash-lite,S3_1,6,1,3,Correct,0.10667223314742824,round,,D_local,S_final,10,10,22
gemini-3.1-flash-lite,S3_1,6,2,1,Wrong,0.02626368527130296,round,,D_local,S_final,10,10,22
gemini-3.1-flash-lite,S3_1,6,2,2,Wrong,0.020900534794832337,round,,D_local,S_final,10,10,22
gemini-3.1-flash-lite,S3_1,6,2,3,Wrong,0.0048351144195692974,round,,D_local,S_final,10,10,22
gemini-3.1-flash-lite,S3_1,6,3,1,Correct,0.0831221636903895,round,,D_local,S_final,10,10,22
gemini-3.1-flash-lite,S3_1,6,3,2,Correct,0.08399195882661781,round,,D_local,S_final,10,10,22
gemini-3.1-flash-lite,S3_1,6,3,3,Correct,0.08129750770433841,round,,D_local,S_final,10,10,22
gemini-3.1-flash-lite,S3_1,7,1,1,Correct,0.1267269604545953,round,,D_local,S_final,10,10,22
gemini-3.1-flash-lite,S3_1,7,1,2,Correct,0.14302058340018575,round,,D_local,S_final,10,10,22
gemini-3.1-flash-lite,S3_1,7,1,3,Correct,0.13996787191352122,round,,D_local,S_final,10,10,22
gemini-3.1-flash-lite,S3_1,7,2,1,Wrong,0.09481258559687422,round,,D_local,S_final,10,10,22
gemini-3.1-flash-lite,S3_1,7,2,2,Wrong,0.09223235214209136,round,,D_local,S_final,10,10,22
gemini-3.1-flash-lite,S3_1,7,2,3,Wrong,0.1315048268737914,round,,D_local,S_final,10,10,22
gemini-3.1-flash-lite,S3_1,7,3,1,Wrong,-0.011366623784702545,round,,D_local,S_final,10,10,22
gemini-3.1-flash-lite,S3_1,7,3,2,Wrong,-0.007696439393276133,round,,D_local,S_final,10,10,22
gemini-3.1-flash-lite,S3_1,7,3,3,Wrong,-0.029048417506780777,round,,D_local,S_final,10,10,22
gemini-3.1-flash-lite,S3_1,7,4,1,Correct,0.021318156258796184,round,,D_local,S_final,10,10,22
gemini-3.1-flash-lite,S3_1,7,4,2,Correct,0.005458515360960314,round,,D_local,S_final,10,10,22
gemini-3.1-flash-lite,S3_1,7,4,3,Correct,0.036204875798358516,round,,D_local,S_final,10,10,22
gemini-3.1-flash-lite,S3_1,7,5,1,Correct,0.057051476728880446,round,,D_local,S_final,10,10,22
gemini-3.1-flash-lite,S3_1,7,5,2,Correct,0.06212251911607891,round,,D_local,S_final,10,10,22
gemini-3.1-flash-lite,S3_1,7,5,3,Correct,0.06053323736360228,round,,D_local,S_final,10,10,22
gemini-3.1-flash-lite,S3_1,7,6,1,Wrong,-0.043267444408931044,round,,D_local,S_final,10,10,22
gemini-3.1-flash-lite,S3_1,7,6,2,Wrong,-0.02278551289567332,round,,D_local,S_final,10,10,22
gemini-3.1-flash-lite,S3_1,7,6,3,Wrong,-0.007087553725418028,round,,D_local,S_final,10,10,22
gemini-3.1-flash-lite,S3_1,7,7,1,Wrong,0.07486404066298102,round,,D_local,S_final,10,10,22
gemini-3.1-flash-lite,S3_1,7,7,2,Wrong,0.06035643345873842,round,,D_local,S_final,10,10,22
gemini-3.1-flash-lite,S3_1,7,7,3,Wrong,0.07663500612993479,round,,D_local,S_final,10,10,22
gemini-3.1-flash-lite,S3_1,7,8,1,Correct,0.08319144126592859,round,,D_local,S_final,10,10,22
gemini-3.1-flash-lite,S3_1,7,8,2,Correct,0.08641380932832088,round,,D_local,S_final,10,10,22
gemini-3.1-flash-lite,S3_1,7,8,3,Correct,0.07821026163109601,round,,D_local,S_final,10,10,22
gemini-3.1-flash-lite,S3_1,7,9,1,Correct,0.10484830731180705,round,,D_local,S_final,10,10,22
gemini-3.1-flash-lite,S3_1,7,9,2,Correct,0.10228162781396266,round,,D_local,S_final,10,10,22
gemini-3.1-flash-lite,S3_1,7,9,3,Correct,0.10212398113577337,round,,D_local,S_final,10,10,22
gemini-3.1-flash-lite,S3_1,7,10,1,Wrong,-0.039287151687186106,round,,D_local,S_final,10,10,22
gemini-3.1-flash-lite,S3_1,7,10,2,Wrong,-0.01492839466214202,round,,D_local,S_final,10,10,22
gemini-3.1-flash-lite,S3_1,7,10,3,Wrong,-0.011706429071981161,round,,D_local,S_final,10,10,22
gemini-3.1-flash-lite,S3_1,7,11,1,Wrong,0.06252062469334307,round,,D_local,S_final,10,10,22
gemini-3.1-flash-lite,S3_1,7,11,2,Wrong,0.08067017084334582,round,,D_local,S_final,10,10,22
gemini-3.1-flash-lite,S3_1,7,11,3,Wrong,0.03943781023521353,round,,D_local,S_final,10,10,22
gemini-3.1-flash-lite,S3_1,8,1,1,Correct,0.074041204701077,round,,D_local,S_final,10,10,22
gemini-3.1-flash-lite,S3_1,8,1,2,Correct,0.06212873070961833,round,,D_local,S_final,10,10,22
gemini-3.1-flash-lite,S3_1,8,1,3,Correct,0.07939400277630626,round,,D_local,S_final,10,10,22
gemini-3.1-flash-lite,S3_1,8,2,1,Correct,0.05032271117508058,round,,D_local,S_final,10,10,22
gemini-3.1-flash-lite,S3_1,8,2,2,Correct,0.05912160393283694,round,,D_local,S_final,10,10,22
gemini-3.1-flash-lite,S3_1,8,2,3,Correct,0.06225273245290164,round,,D_local,S_final,10,10,22
gemini-3.1-flash-lite,S3_1,8,3,1,Wrong,0.018990703647139617,round,,D_local,S_final,10,10,22
gemini-3.1-flash-lite,S3_1,8,3,2,Wrong,0.04682986902911768,round,,D_local,S_final,10,10,22
gemini-3.1-flash-lite,S3_1,8,3,3,Wrong,0.03687222503801857,round,,D_local,S_final,10,10,22
gemini-3.1-flash-lite,S3_1,8,4,1,Wrong,-0.0600175866055882,round,,D_local,S_final,10,10,22
gemini-3.1-flash-lite,S3_1,8,4,2,Wrong,-0.0715031106543833,round,,D_local,S_final,10,10,22
gemini-3.1-flash-lite,S3_1,8,4,3,Correct,-0.04638606867542272,round,,D_local,S_final,10,10,22
gemini-3.1-flash-lite,S3_1,9,1,1,Correct,0.05498709877321084,round,,D_local,S_final,10,10,22
gemini-3.1-flash-lite,S3_1,9,1,2,Correct,0.06792288991641637,round,,D_local,S_final,10,10,22
gemini-3.1-flash-lite,S3_1,9,1,3,Correct,0.038222016944334136,round,,D_local,S_final,10,10,22
gemini-3.1-flash-lite,S3_1,9,2,1,Wrong,0.08011397439682955,round,,D_local,S_final,10,10,22
gemini-3.1-flash-lite,S3_1,9,2,2,Wrong,0.06510913687233733,round,,D_local,S_final,10,10,22
gemini-3.1-flash-lite,S3_1,9,2,3,Wrong,0.09012251062808219,round,,D_local,S_final,10,10,22
gemini-3.1-flash-lite,S3_1,9,3,1,Correct,0.07173910923043825,round,,D_local,S_final,10,10,22
gemini-3.1-flash-lite,S3_1,9,3,2,Correct,0.06379291456995162,round,,D_local,S_final,10,10,22
gemini-3.1-flash-lite,S3_1,9,3,3,Correct,0.04944244623327809,round,,D_local,S_final,10,10,22
gemini-3.1-flash-lite,S3_1,10,1,1,Correct,0.10003979998837442,round,,D_local,S_final,10,10,22
gemini-3.1-flash-lite,S3_1,10,1,2,Correct,0.10365931893491775,round,,D_local,S_final,10,10,22
gemini-3.1-flash-lite,S3_1,10,1,3,Correct,0.1127060574653701,round,,D_local,S_final,10,10,22
gemini-3.1-flash-lite,S3_1,10,2,1,Correct,0.13497004833866805,round,,D_local,S_final,10,10,22
gemini-3.1-flash-lite,S3_1,10,2,2,Correct,0.14654261218642917,round,,D_local,S_final,10,10,22
gemini-3.1-flash-lite,S3_1,10,2,3,Correct,0.12602108739213003,round,,D_local,S_final,10,10,22
gemini-3.1-flash-lite,S3_1,11,1,1,Correct,0.0748000470196527,round,,D_local,S_final,10,10,22
gemini-3.1-flash-lite,S3_1,11,1,2,Correct,0.03997399110976352,round,,D_local,S_final,10,10,22
gemini-3.1-flash-lite,S3_1,11,1,3,Correct,0.04178210505161717,round,,D_local,S_final,10,10,22
gemini-3.1-flash-lite,S3_1,12,1,1,Wrong,0.0077081129314258146,round,,D_local,S_final,10,10,22
gemini-3.1-flash-lite,S3_1,12,1,2,Wrong,-0.010332658235589931,round,,D_local,S_final,10,10,22
gemini-3.1-flash-lite,S3_1,12,1,3,Wrong,-0.021599853435286254,round,,D_local,S_final,10,10,22
gemini-3.1-flash-lite,S3_1,13,1,1,Wrong,0.18118120224995127,round,,D_local,S_final,10,10,22
gemini-3.1-flash-lite,S3_1,13,1,2,Wrong,0.1387931982624322,round,,D_local,S_final,10,10,22
gemini-3.1-flash-lite,S3_1,13,1,3,Wrong,0.18255310305002326,round,,D_local,S_final,10,10,22
gemini-3.1-flash-lite,S3_1,13,2,1,Correct,-0.029096737507529946,round,,D_local,S_final,10,10,22
gemini-3.1-flash-lite,S3_1,13,2,2,Correct,0.005165208483624006,round,,D_local,S_final,10,10,22
gemini-3.1-flash-lite,S3_1,13,2,3,Correct,-0.010031070866168945,round,,D_local,S_final,10,10,22
gemini-3.1-flash-lite,S3_1,13,3,1,Correct,0.03610098575355036,round,,D_local,S_final,10,10,22
gemini-3.1-flash-lite,S3_1,13,3,2,Correct,0.015811178910328128,round,,D_local,S_final,10,10,22
gemini-3.1-flash-lite,S3_1,13,3,3,Correct,0.04490172213866328,round,,D_local,S_final,10,10,22
gemini-3.1-flash-lite,S3_1,14,1,1,Correct,0.058999995892080825,round,,D_local,S_final,10,10,22
gemini-3.1-flash-lite,S3_1,14,1,2,Correct,0.06947268346771207,round,,D_local,S_final,10,10,22
gemini-3.1-flash-lite,S3_1,14,1,3,Correct,0.07037746114455035,round,,D_local,S_final,10,10,22
gemini-3.1-flash-lite,S3_1,15,1,1,Correct,-0.054364163703142454,round,,D_local,S_final,10,10,22
gemini-3.1-flash-lite,S3_1,15,1,2,Correct,-0.03685856668702214,round,,D_local,S_final,10,10,22
gemini-3.1-flash-lite,S3_1,15,1,3,Wrong,-0.05465263966981282,round,,D_local,S_final,10,10,22
gemini-3.1-flash-lite,S3_1,16,1,1,Correct,0.20083499935273064,round,,D_local,S_final,10,10,22
gemini-3.1-flash-lite,S3_1,16,1,2,Correct,0.17253723286015699,round,,D_local,S_final,10,10,22
gemini-3.1-flash-lite,S3_1,16,1,3,Correct,0.15988143199656657,round,,D_local,S_final,10,10,22
gemini-3.1-flash-lite,S3_1,17,1,1,Correct,0.057002206729851124,round,,D_local,S_final,10,10,22
gemini-3.1-flash-lite,S3_1,17,1,2,Correct,0.06393757556053359,round,,D_local,S_final,10,10,22
gemini-3.1-flash-lite,S3_1,17,1,3,Correct,0.07331514331032363,round,,D_local,S_final,10,10,22
gemini-3.1-flash-lite,S3_1,18,1,1,Correct,0.18347767514810742,round,,D_local,S_final,10,10,22
gemini-3.1-flash-lite,S3_1,18,1,2,Correct,0.20374026757449343,round,,D_local,S_final,10,10,22
gemini-3.1-flash-lite,S3_1,18,1,3,Correct,0.18985960296118737,round,,D_local,S_final,10,10,22
gemini-3.1-flash-lite,S3_1,19,1,1,Correct,0.10174970909929315,round,,D_local,S_final,10,10,22
gemini-3.1-flash-lite,S3_1,19,1,2,Correct,0.08817846612342572,round,,D_local,S_final,10,10,22
gemini-3.1-flash-lite,S3_1,19,1,3,Correct,0.09601514634237263,round,,D_local,S_final,10,10,22
gemini-3.1-flash-lite,S3_1,20,1,1,Correct,0.16834793273346027,round,,D_local,S_final,10,10,22
gemini-3.1-flash-lite,S3_1,20,1,2,Correct,0.14392795980567308,round,,D_local,S_final,10,10,22
gemini-3.1-flash-lite,S3_1,20,1,3,Correct,0.14415808977736655,round,,D_local,S_final,10,10,22
gemini-3.1-flash-lite,S3_1,21,1,1,Wrong,0.08264779802688405,round,,D_local,S_final,10,10,22
gemini-3.1-flash-lite,S3_1,21,1,2,Wrong,0.10910034959554715,round,,D_local,S_final,10,10,22
gemini-3.1-flash-lite,S3_1,21,1,3,Wrong,0.09645278655316114,round,,D_local,S_final,10,10,22
gemini-3.1-flash-lite,S3_1,22,1,1,Correct,0.029654231405651488,round,,D_local,S_final,10,10,22
gemini-3.1-flash-lite,S3_1,22,1,2,Correct,0.025581134113604742,round,,D_local,S_final,10,10,22
gemini-3.1-flash-lite,S3_1,22,1,3,Correct,0.020711867290409525,round,,D_local,S_final,10,10,22
gemini-3.1-flash-lite,S3_1,23,1,1,Correct,0.10155992999855168,round,,D_local,S_final,10,10,22
gemini-3.1-flash-lite,S3_1,23,1,2,Correct,0.09711468883807772,round,,D_local,S_final,10,10,22
gemini-3.1-flash-lite,S3_1,23,1,3,Correct,0.07249367107459459,round,,D_local,S_final,10,10,22
gemini-3.1-flash-lite,S3_1,24,1,1,Wrong,0.01148308413788024,round,,D_local,S_final,10,10,22
gemini-3.1-flash-lite,S3_1,24,1,2,Wrong,0.03297215424087041,round,,D_local,S_final,10,10,22
gemini-3.1-flash-lite,S3_1,24,1,3,Wrong,0.0165645232071856,round,,D_local,S_final,10,10,22
gemini-3.1-flash-lite,S3_1,25,1,1,Correct,-0.013226605083309084,round,,D_local,S_final,10,10,22
gemini-3.1-flash-lite,S3_1,25,1,2,Correct,-0.009762176737415529,round,,D_local,S_final,10,10,22
gemini-3.1-flash-lite,S3_1,25,1,3,Correct,-0.018918734920792657,round,,D_local,S_final,10,10,22
gemini-3.1-flash-lite,S3_1,25,2,1,Correct,0.07731272055135141,round,,D_local,S_final,10,10,22
gemini-3.1-flash-lite,S3_1,25,2,2,Correct,0.061451506191727845,round,,D_local,S_final,10,10,22
gemini-3.1-flash-lite,S3_1,25,2,3,Correct,0.0818436192690638,round,,D_local,S_final,10,10,22
gemini-3.1-flash-lite,S3_1,26,1,1,Correct,0.09265999645371525,round,,D_local,S_final,10,10,22
gemini-3.1-flash-lite,S3_1,26,1,2,Correct,0.06961519486068202,round,,D_local,S_final,10,10,22
gemini-3.1-flash-lite,S3_1,26,1,3,Correct,0.07217175240409834,round,,D_local,S_final,10,10,22
gemini-3.1-flash-lite,S3_1,26,2,1,Correct,0.03531904570175226,round,,D_local,S_final,10,10,22
gemini-3.1-flash-lite,S3_1,26,2,2,Correct,0.028049006320964187,round,,D_local,S_final,10,10,22
gemini-3.1-flash-lite,S3_1,26,2,3,Correct,-0.006343959192859683,round,,D_local,S_final,10,10,22
gemini-3.1-flash-lite,S3_1,26,3,1,Correct,-0.0037745746337931596,round,,D_local,S_final,10,10,22
gemini-3.1-flash-lite,S3_1,26,3,2,Correct,-0.017576145502485097,round,,D_local,S_final,10,10,22
gemini-3.1-flash-lite,S3_1,26,3,3,Correct,0.010290934091470194,round,,D_local,S_final,10,10,22
gemini-3.1-flash-lite,S3_1,26,4,1,Correct,0.1594750347309395,round,,D_local,S_final,10,10,22
gemini-3.1-flash-lite,S3_1,26,4,2,Correct,0.12541642362190675,round,,D_local,S_final,10,10,22
gemini-3.1-flash-lite,S3_1,26,4,3,Correct,0.13166520557934058,round,,D_local,S_final,10,10,22
gemini-3.1-flash-lite,S3_1,27,1,1,Correct,0.09156803414289161,round,,D_local,S_final,10,10,22
gemini-3.1-flash-lite,S3_1,27,1,2,Correct,0.09395684302172524,round,,D_local,S_final,10,10,22
gemini-3.1-flash-lite,S3_1,27,1,3,Correct,0.08058291688162089,round,,D_local,S_final,10,10,22
gemini-3.1-flash-lite,S3_1,27,2,1,Correct,0.0120381014669666,round,,D_local,S_final,10,10,22
gemini-3.1-flash-lite,S3_1,27,2,2,Correct,-0.006837171492204974,round,,D_local,S_final,10,10,22
gemini-3.1-flash-lite,S3_1,27,2,3,Correct,0.008090037811032236,round,,D_local,S_final,10,10,22
gemini-3.1-flash-lite,S3_1,27,3,1,Correct,0.038146393254120725,round,,D_local,S_final,10,10,22
gemini-3.1-flash-lite,S3_1,27,3,2,Correct,0.016555053642170248,round,,D_local,S_final,10,10,22
gemini-3.1-flash-lite,S3_1,27,3,3,Correct,0.0620101890345941,round,,D_local,S_final,10,10,22
gemini-3.1-flash-lite,S3_1,27,4,1,Correct,0.22179043892410966,round,,D_local,S_final,10,10,22
gemini-3.1-flash-lite,S3_1,27,4,2,Correct,0.23730874214024933,round,,D_local,S_final,10,10,22
gemini-3.1-flash-lite,S3_1,27,4,3,Correct,0.19277338598790894,round,,D_local,S_final,10,10,22
gemini-3.1-flash-lite,S3_1,28,1,1,Correct,0.07503174306223226,round,,D_local,S_final,10,10,22
gemini-3.1-flash-lite,S3_1,28,1,2,Correct,0.05622038236890958,round,,D_local,S_final,10,10,22
gemini-3.1-flash-lite,S3_1,28,1,3,Correct,0.041992640298558204,round,,D_local,S_final,10,10,22
gemini-3.1-flash-lite,S3_1,28,2,1,Correct,-0.08656656005817354,round,,D_local,S_final,10,10,22
gemini-3.1-flash-lite,S3_1,28,2,2,Correct,-0.045462111186141074,round,,D_local,S_final,10,10,22
gemini-3.1-flash-lite,S3_1,28,2,3,Correct,-0.04791586139911852,round,,D_local,S_final,10,10,22
gemini-3.1-flash-lite,S3_1,29,1,1,Correct,0.08128481409774468,round,,D_local,S_final,10,10,22
gemini-3.1-flash-lite,S3_1,29,1,2,Correct,0.13135352937548972,round,,D_local,S_final,10,10,22
gemini-3.1-flash-lite,S3_1,29,1,3,Correct,0.07356025567338687,round,,D_local,S_final,10,10,22
gemini-3.1-flash-lite,S3_1,29,2,1,Correct,-0.07074199046273638,round,,D_local,S_final,10,10,22
gemini-3.1-flash-lite,S3_1,29,2,2,Correct,-0.07559068547902054,round,,D_local,S_final,10,10,22
gemini-3.1-flash-lite,S3_1,29,2,3,Correct,-0.08963715458281585,round,,D_local,S_final,10,10,22
gemini-3.1-flash-lite,S3_1,30,1,1,Correct,0.07793119056861819,round,,D_local,S_final,10,10,22
gemini-3.1-flash-lite,S3_1,30,1,2,Correct,0.09023403210589098,round,,D_local,S_final,10,10,22
gemini-3.1-flash-lite,S3_1,30,1,3,Correct,0.0998705963044183,round,,D_local,S_final,10,10,22
gemini-3.1-flash-lite,S3_1,30,2,1,Correct,-0.0715307179597442,round,,D_local,S_final,10,10,22
gemini-3.1-flash-lite,S3_1,30,2,2,Correct,-0.05680442518163309,round,,D_local,S_final,10,10,22
gemini-3.1-flash-lite,S3_1,30,2,3,Correct,-0.04481722039695679,round,,D_local,S_final,10,10,22
gemini-3.1-flash-lite,S3_1,31,1,1,Correct,0.1638308173138432,round,,D_local,S_final,10,10,22
gemini-3.1-flash-lite,S3_1,31,1,2,Correct,0.1738370148922152,round,,D_local,S_final,10,10,22
gemini-3.1-flash-lite,S3_1,31,1,3,Correct,0.18974003992073296,round,,D_local,S_final,10,10,22
gemini-3.1-flash-lite,S3_1,32,1,1,Correct,0.13824557663789028,round,,D_local,S_final,10,10,22
gemini-3.1-flash-lite,S3_1,32,1,2,Correct,0.09350618798588717,round,,D_local,S_final,10,10,22
gemini-3.1-flash-lite,S3_1,32,1,3,Correct,0.11388651651004722,round,,D_local,S_final,10,10,22
gemini-3.1-flash-lite,S3_1,33,1,1,Correct,0.11244860329195605,round,,D_local,S_final,10,10,22
gemini-3.1-flash-lite,S3_1,33,1,2,Correct,0.12218591703677806,round,,D_local,S_final,10,10,22
gemini-3.1-flash-lite,S3_1,33,1,3,Correct,0.12931820947897754,round,,D_local,S_final,10,10,22
gemini-3.1-flash-lite,S3_1,34,1,1,Correct,0.05903898443915345,round,,D_local,S_final,10,10,22
gemini-3.1-flash-lite,S3_1,34,1,2,Correct,0.06919194889044777,round,,D_local,S_final,10,10,22
gemini-3.1-flash-lite,S3_1,34,1,3,Correct,0.05097891775917385,round,,D_local,S_final,10,10,22
gemini-3.1-flash-lite,S3_1,35,1,1,Wrong,0.03578483473864735,round,,D_local,S_final,10,10,22
gemini-3.1-flash-lite,S3_1,35,1,2,Wrong,0.03640117176703772,round,,D_local,S_final,10,10,22
gemini-3.1-flash-lite,S3_1,35,1,3,Wrong,0.0473862819115044,round,,D_local,S_final,10,10,22
gemini-3.1-flash-lite,S3_1,36,1,1,Correct,0.13612910651690202,round,,D_local,S_final,10,10,22
gemini-3.1-flash-lite,S3_1,36,1,2,Correct,0.12403744528347826,round,,D_local,S_final,10,10,22
gemini-3.1-flash-lite,S3_1,36,1,3,Correct,0.14884632256437502,round,,D_local,S_final,10,10,22
gemini-3.1-flash-lite,S3_1,36,2,1,Wrong,0.0013646174566697145,round,,D_local,S_final,10,10,22
gemini-3.1-flash-lite,S3_1,36,2,2,Wrong,-0.0035082383574269738,round,,D_local,S_final,10,10,22
gemini-3.1-flash-lite,S3_1,36,2,3,Wrong,0.01533742887627454,round,,D_local,S_final,10,10,22
gemini-3.1-flash-lite,S3_1,36,3,1,Correct,0.027074875711767588,round,,D_local,S_final,10,10,22
gemini-3.1-flash-lite,S3_1,36,3,2,Correct,0.021109693120774486,round,,D_local,S_final,10,10,22
gemini-3.1-flash-lite,S3_1,36,3,3,Correct,0.03319158360762109,round,,D_local,S_final,10,10,22
gemini-3.1-flash-lite,S3_1,37,1,1,Correct,0.014061105161900955,round,,D_local,S_final,10,10,22
gemini-3.1-flash-lite,S3_1,37,1,2,Correct,0.028226308181530713,round,,D_local,S_final,10,10,22
gemini-3.1-flash-lite,S3_1,37,1,3,Correct,0.0374963720990904,round,,D_local,S_final,10,10,22
gemini-3.1-flash-lite,S3_1,37,2,1,Wrong,0.12080302995394909,round,,D_local,S_final,10,10,22
gemini-3.1-flash-lite,S3_1,37,2,2,Wrong,0.12964670226964037,round,,D_local,S_final,10,10,22
gemini-3.1-flash-lite,S3_1,37,2,3,Wrong,0.15332486477278862,round,,D_local,S_final,10,10,22
gemini-3.1-flash-lite,S3_1,38,1,1,Wrong,-0.11191669862844306,round,,D_local,S_final,10,10,22
gemini-3.1-flash-lite,S3_1,38,1,2,Correct,-0.12470546102704227,round,,D_local,S_final,10,10,22
gemini-3.1-flash-lite,S3_1,38,1,3,Correct,-0.11413418863373959,round,,D_local,S_final,10,10,22
gemini-3.1-flash-lite,S3_1,38,2,1,Wrong,-0.15569900715221102,round,,D_local,S_final,10,10,22
gemini-3.1-flash-lite,S3_1,38,2,2,Wrong,-0.13541409994039166,round,,D_local,S_final,10,10,22
gemini-3.1-flash-lite,S3_1,38,2,3,Wrong,-0.1538438857687705,round,,D_local,S_final,10,10,22
gemini-3.1-flash-lite,S3_1,39,1,1,Correct,-0.02050012717277394,round,,D_local,S_final,10,10,22
gemini-3.1-flash-lite,S3_1,39,1,2,Correct,-0.02287865087207941,round,,D_local,S_final,10,10,22
gemini-3.1-flash-lite,S3_1,39,1,3,Correct,-0.0167193868393527,round,,D_local,S_final,10,10,22
gemini-3.1-flash-lite,S3_1,39,2,1,Correct,0.16635694721155858,round,,D_local,S_final,10,10,22
gemini-3.1-flash-lite,S3_1,39,2,2,Correct,0.18440440845069805,round,,D_local,S_final,10,10,22
gemini-3.1-flash-lite,S3_1,39,2,3,Correct,0.1876592448342389,round,,D_local,S_final,10,10,22
gemini-3.1-flash-lite,S3_1,40,1,1,Correct,0.08221849606489362,round,,D_local,S_final,10,10,22
gemini-3.1-flash-lite,S3_1,40,1,2,Correct,0.08323761879898506,round,,D_local,S_final,10,10,22
gemini-3.1-flash-lite,S3_1,40,1,3,Correct,0.07358340060393054,round,,D_local,S_final,10,10,22
gemini-3.1-flash-lite,S3_1,40,2,1,Correct,0.06162992500028508,round,,D_local,S_final,10,10,22
gemini-3.1-flash-lite,S3_1,40,2,2,Correct,0.058876328588566396,round,,D_local,S_final,10,10,22
gemini-3.1-flash-lite,S3_1,40,2,3,Correct,0.07112937876229875,round,,D_local,S_final,10,10,22
gemini-3.1-flash-lite,S3_1,40,3,1,Correct,0.003909839289879535,round,,D_local,S_final,10,10,22
gemini-3.1-flash-lite,S3_1,40,3,2,Correct,-0.006620102263194649,round,,D_local,S_final,10,10,22
gemini-3.1-flash-lite,S3_1,40,3,3,Correct,-0.006075535706060342,round,,D_local,S_final,10,10,22
gemini-3.1-flash-lite,S3_1,40,4,1,Wrong,0.0025085128437706272,round,,D_local,S_final,10,10,22
gemini-3.1-flash-lite,S3_1,40,4,2,Wrong,0.013543030068977724,round,,D_local,S_final,10,10,22
gemini-3.1-flash-lite,S3_1,40,4,3,Wrong,0.04790490660114277,round,,D_local,S_final,10,10,22
gemini-3.1-flash-lite,S3_1,40,5,1,Wrong,0.04008364264796682,round,,D_local,S_final,10,10,22
gemini-3.1-flash-lite,S3_1,40,5,2,Wrong,0.05387308358077081,round,,D_local,S_final,10,10,22
gemini-3.1-flash-lite,S3_1,40,5,3,Wrong,0.040537485636030324,round,,D_local,S_final,10,10,22
gemini-3.1-flash-lite,S3_1,40,6,1,Correct,0.06789849180167518,round,,D_local,S_final,10,10,22
gemini-3.1-flash-lite,S3_1,40,6,2,Correct,0.1045650198374497,round,,D_local,S_final,10,10,22
gemini-3.1-flash-lite,S3_1,40,6,3,Correct,0.07334913759687545,round,,D_local,S_final,10,10,22
gemini-3.1-flash-lite,S3_1,41,1,1,Wrong,0.09736816522681258,round,,D_local,S_final,10,10,22
gemini-3.1-flash-lite,S3_1,41,1,2,Wrong,0.08100358699839827,round,,D_local,S_final,10,10,22
gemini-3.1-flash-lite,S3_1,41,1,3,Wrong,0.08375729780719687,round,,D_local,S_final,10,10,22
gemini-3.1-flash-lite,S3_1,42,1,1,Wrong,-0.06959277521771934,round,,D_local,S_final,10,10,22
gemini-3.1-flash-lite,S3_1,42,1,2,Wrong,-0.0184127814758408,round,,D_local,S_final,10,10,22
gemini-3.1-flash-lite,S3_1,42,1,3,Wrong,-0.02270710500158779,round,,D_local,S_final,10,10,22
gemini-3.1-flash-lite,S3_1,43,1,1,Wrong,-0.011050272173588449,round,,D_local,S_final,10,10,22
gemini-3.1-flash-lite,S3_1,43,1,2,Wrong,-0.01753865259218812,round,,D_local,S_final,10,10,22
gemini-3.1-flash-lite,S3_1,43,1,3,Wrong,-0.023511261414743023,round,,D_local,S_final,10,10,22
gemini-3.1-flash-lite,S3_1,44,1,1,Correct,0.119436191651763,round,,D_local,S_final,10,10,22
gemini-3.1-flash-lite,S3_1,44,1,2,Correct,0.16966659464765588,round,,D_local,S_final,10,10,22
gemini-3.1-flash-lite,S3_1,44,1,3,Correct,0.14631270845427136,round,,D_local,S_final,10,10,22
gemini-3.1-flash-lite,S3_1,45,1,1,Correct,0.16943065374811905,round,,D_local,S_final,10,10,22
gemini-3.1-flash-lite,S3_1,45,1,2,Correct,0.1682953397766267,round,,D_local,S_final,10,10,22
gemini-3.1-flash-lite,S3_1,45,1,3,Correct,0.1403303319388901,round,,D_local,S_final,10,10,22
gemini-3.1-flash-lite,S3_1,45,2,1,Correct,-0.06410282281004198,round,,D_local,S_final,10,10,22
gemini-3.1-flash-lite,S3_1,45,2,2,Correct,-0.008897266473498644,round,,D_local,S_final,10,10,22
gemini-3.1-flash-lite,S3_1,45,2,3,Wrong,-0.07133395578462809,round,,D_local,S_final,10,10,22
gemini-3.1-flash-lite,S3_1,45,3,1,Correct,-0.05147982982241772,round,,D_local,S_final,10,10,22
gemini-3.1-flash-lite,S3_1,45,3,2,Wrong,-0.055949667833495864,round,,D_local,S_final,10,10,22
gemini-3.1-flash-lite,S3_1,45,3,3,Correct,-0.0480515641213638,round,,D_local,S_final,10,10,22
gemini-3.1-flash-lite,S3_1,46,1,1,Correct,0.10655954789605704,round,,D_local,S_final,10,10,22
gemini-3.1-flash-lite,S3_1,46,1,2,Correct,0.10198464499298332,round,,D_local,S_final,10,10,22
gemini-3.1-flash-lite,S3_1,46,1,3,Correct,0.10598152040923614,round,,D_local,S_final,10,10,22
gemini-3.1-flash-lite,S3_1,46,2,1,Correct,0.04871170486152454,round,,D_local,S_final,10,10,22
gemini-3.1-flash-lite,S3_1,46,2,2,Correct,0.051956570068586005,round,,D_local,S_final,10,10,22
gemini-3.1-flash-lite,S3_1,46,2,3,Correct,0.04765110512483306,round,,D_local,S_final,10,10,22
gemini-3.1-flash-lite,S3_1,47,1,1,Correct,0.1403463092456454,round,,D_local,S_final,10,10,22
gemini-3.1-flash-lite,S3_1,47,1,2,Correct,0.12570875573094098,round,,D_local,S_final,10,10,22
gemini-3.1-flash-lite,S3_1,47,1,3,Correct,0.11949415025101096,round,,D_local,S_final,10,10,22
gemini-3.1-flash-lite,S3_1,47,2,1,Correct,0.02322021603850155,round,,D_local,S_final,10,10,22
gemini-3.1-flash-lite,S3_1,47,2,2,Correct,0.01788135097641097,round,,D_local,S_final,10,10,22
gemini-3.1-flash-lite,S3_1,47,2,3,Correct,0.03642353757646555,round,,D_local,S_final,10,10,22
gemini-3.1-flash-lite,S3_1,48,1,1,Correct,0.10597342119406838,round,,D_local,S_final,10,10,22
gemini-3.1-flash-lite,S3_1,48,1,2,Correct,0.07689895588250972,round,,D_local,S_final,10,10,22
gemini-3.1-flash-lite,S3_1,48,1,3,Correct,0.10584642388112897,round,,D_local,S_final,10,10,22
gemini-3.1-flash-lite,S3_1,48,2,1,Wrong,-0.07559698891644173,round,,D_local,S_final,10,10,22
gemini-3.1-flash-lite,S3_1,48,2,2,Wrong,-0.06378587237615474,round,,D_local,S_final,10,10,22
gemini-3.1-flash-lite,S3_1,48,2,3,Wrong,-0.06947340498054122,round,,D_local,S_final,10,10,22
gemini-3.1-flash-lite,S3_1,49,1,1,Correct,0.06820531644212746,round,,D_local,S_final,10,10,22
gemini-3.1-flash-lite,S3_1,49,1,2,Correct,0.03123690228374787,round,,D_local,S_final,10,10,22
gemini-3.1-flash-lite,S3_1,49,1,3,Correct,0.04419279552938915,round,,D_local,S_final,10,10,22
gemini-3.1-flash-lite,S3_1,50,1,1,Correct,0.037854673638311576,round,,D_local,S_final,10,10,22
gemini-3.1-flash-lite,S3_1,50,1,2,Correct,0.04790587533337587,round,,D_local,S_final,10,10,22
gemini-3.1-flash-lite,S3_1,50,1,3,Correct,0.08555136272393493,round,,D_local,S_final,10,10,22
gemini-3.1-flash-lite,S3_1,51,1,1,Correct,0.17278875123398063,round,,D_local,S_final,10,10,22
gemini-3.1-flash-lite,S3_1,51,1,2,Correct,0.17049085423279453,round,,D_local,S_final,10,10,22
gemini-3.1-flash-lite,S3_1,51,1,3,Correct,0.1599392324830048,round,,D_local,S_final,10,10,22
gemini-3.1-flash-lite,S3_1,52,1,1,Wrong,0.13619141040455063,round,,D_local,S_final,10,10,22
gemini-3.1-flash-lite,S3_1,52,1,2,Correct,0.1520721256202534,round,,D_local,S_final,10,10,22
gemini-3.1-flash-lite,S3_1,52,1,3,Correct,0.13986089131025958,round,,D_local,S_final,10,10,22
gemini-3.1-flash-lite,S3_1,53,1,1,Correct,-0.0055622506370517355,round,,D_local,S_final,10,10,22
gemini-3.1-flash-lite,S3_1,53,1,2,Correct,-0.03387093937114305,round,,D_local,S_final,10,10,22
gemini-3.1-flash-lite,S3_1,53,1,3,Correct,-0.019259352415548436,round,,D_local,S_final,10,10,22
gemini-3.1-flash-lite,S3_1,53,2,1,Wrong,0.08182501418604726,round,,D_local,S_final,10,10,22
gemini-3.1-flash-lite,S3_1,53,2,2,Correct,0.0875459988214008,round,,D_local,S_final,10,10,22
gemini-3.1-flash-lite,S3_1,53,2,3,Correct,0.06207938501780608,round,,D_local,S_final,10,10,22
gemini-3.1-flash-lite,S3_1,54,1,1,Correct,-0.13633884434011168,round,,D_local,S_final,10,10,22
gemini-3.1-flash-lite,S3_1,54,1,2,Correct,-0.1526439322319254,round,,D_local,S_final,10,10,22
gemini-3.1-flash-lite,S3_1,54,1,3,Correct,-0.11703146850373647,round,,D_local,S_final,10,10,22
gemini-3.1-flash-lite,S3_1,54,2,1,Correct,0.12415290677427548,round,,D_local,S_final,10,10,22
gemini-3.1-flash-lite,S3_1,54,2,2,Correct,0.13650535297548527,round,,D_local,S_final,10,10,22
gemini-3.1-flash-lite,S3_1,54,2,3,Correct,0.14392853228725655,round,,D_local,S_final,10,10,22
gemini-3.1-flash-lite,S3_1,55,1,1,Correct,-0.022831995461165877,round,,D_local,S_final,10,10,22
gemini-3.1-flash-lite,S3_1,55,1,2,Correct,0.013438660239937672,round,,D_local,S_final,10,10,22
gemini-3.1-flash-lite,S3_1,55,1,3,Correct,-0.03062407121160393,round,,D_local,S_final,10,10,22
gemini-3.1-flash-lite,S3_1,55,2,1,Correct,0.12952832631758882,round,,D_local,S_final,10,10,22
gemini-3.1-flash-lite,S3_1,55,2,2,Correct,0.12741440108196989,round,,D_local,S_final,10,10,22
gemini-3.1-flash-lite,S3_1,55,2,3,Correct,0.11584695966021108,round,,D_local,S_final,10,10,22
gemini-3.1-flash-lite,S3_1,56,1,1,Wrong,-0.06173251581328154,round,,D_local,S_final,10,10,22
gemini-3.1-flash-lite,S3_1,56,1,2,Wrong,0.007811467584808107,round,,D_local,S_final,10,10,22
gemini-3.1-flash-lite,S3_1,56,1,3,Wrong,-0.045007807346845286,round,,D_local,S_final,10,10,22
gemini-3.1-flash-lite,S3_1,56,2,1,Correct,0.05085247773497181,round,,D_local,S_final,10,10,22
gemini-3.1-flash-lite,S3_1,56,2,2,Correct,0.023245732578296208,round,,D_local,S_final,10,10,22
gemini-3.1-flash-lite,S3_1,56,2,3,Correct,0.03972811289787359,round,,D_local,S_final,10,10,22
gemini-3.1-flash-lite,S3_1,57,1,1,Correct,-0.12364839655507442,round,,D_local,S_final,10,10,22
gemini-3.1-flash-lite,S3_1,57,1,2,Correct,-0.11924288333181865,round,,D_local,S_final,10,10,22
gemini-3.1-flash-lite,S3_1,57,1,3,Correct,-0.11681968668291842,round,,D_local,S_final,10,10,22
gemini-3.1-flash-lite,S3_1,57,2,1,Correct,-0.18707073177113503,round,,D_local,S_final,10,10,22
gemini-3.1-flash-lite,S3_1,57,2,2,Correct,-0.20694594805666422,round,,D_local,S_final,10,10,22
gemini-3.1-flash-lite,S3_1,57,2,3,Correct,-0.17528662628748526,round,,D_local,S_final,10,10,22
gemini-3.1-flash-lite,S3_1,58,1,1,Correct,0.007585959991792457,round,,D_local,S_final,10,10,22
gemini-3.1-flash-lite,S3_1,58,1,2,Correct,-0.007275458988165284,round,,D_local,S_final,10,10,22
gemini-3.1-flash-lite,S3_1,58,1,3,Correct,0.00600047714389218,round,,D_local,S_final,10,10,22
gemini-3.1-flash-lite,S3_1,58,2,1,Correct,0.05157641270830304,round,,D_local,S_final,10,10,22
gemini-3.1-flash-lite,S3_1,58,2,2,Correct,0.06463625954162922,round,,D_local,S_final,10,10,22
gemini-3.1-flash-lite,S3_1,58,2,3,Correct,0.05937967906805375,round,,D_local,S_final,10,10,22
gemini-3.1-flash-lite,S3_1,59,1,1,Correct,-0.058847262608230144,round,,D_local,S_final,10,10,22
gemini-3.1-flash-lite,S3_1,59,1,2,Correct,-0.09332921375310876,round,,D_local,S_final,10,10,22
gemini-3.1-flash-lite,S3_1,59,1,3,Correct,-0.07960477134782862,round,,D_local,S_final,10,10,22
gemini-3.1-flash-lite,S3_1,59,2,1,Correct,0.09361524359625706,round,,D_local,S_final,10,10,22
gemini-3.1-flash-lite,S3_1,59,2,2,Correct,0.09024233686956329,round,,D_local,S_final,10,10,22
gemini-3.1-flash-lite,S3_1,59,2,3,Correct,0.09786032038690706,round,,D_local,S_final,10,10,22
gemini-3.1-flash-lite,S3_1,60,1,1,Correct,-0.0986521738408277,round,,D_local,S_final,10,10,22
gemini-3.1-flash-lite,S3_1,60,1,2,Correct,-0.10490229700663867,round,,D_local,S_final,10,10,22
gemini-3.1-flash-lite,S3_1,60,1,3,Correct,-0.11876487913922618,round,,D_local,S_final,10,10,22
gemini-3.1-flash-lite,S3_1,60,2,1,Correct,0.10505780097788275,round,,D_local,S_final,10,10,22
gemini-3.1-flash-lite,S3_1,60,2,2,Correct,0.09160538567162457,round,,D_local,S_final,10,10,22
gemini-3.1-flash-lite,S3_1,60,2,3,Correct,0.09215033651857296,round,,D_local,S_final,10,10,22
gemini-3.1-flash-lite,S3_1,61,1,1,Correct,-0.08194724482322036,round,,D_local,S_final,10,10,22
gemini-3.1-flash-lite,S3_1,61,1,2,Correct,-0.09523346016042122,round,,D_local,S_final,10,10,22
gemini-3.1-flash-lite,S3_1,61,1,3,Correct,-0.08172510940891498,round,,D_local,S_final,10,10,22
gemini-3.1-flash-lite,S3_1,61,2,1,Correct,0.12364852252870184,round,,D_local,S_final,10,10,22
gemini-3.1-flash-lite,S3_1,61,2,2,Correct,0.10821762787605016,round,,D_local,S_final,10,10,22
gemini-3.1-flash-lite,S3_1,61,2,3,Correct,0.11757408447840645,round,,D_local,S_final,10,10,22
gemini-3.1-flash-lite,S3_1,62,1,1,Correct,0.05130285595953776,round,,D_local,S_final,10,10,22
gemini-3.1-flash-lite,S3_1,62,1,2,Correct,0.03995344157858638,round,,D_local,S_final,10,10,22
gemini-3.1-flash-lite,S3_1,62,1,3,Correct,0.0450657726083612,round,,D_local,S_final,10,10,22
gemini-3.1-flash-lite,S3_1,62,2,1,Correct,0.03506872873532152,round,,D_local,S_final,10,10,22
gemini-3.1-flash-lite,S3_1,62,2,2,Correct,0.011846591250206373,round,,D_local,S_final,10,10,22
gemini-3.1-flash-lite,S3_1,62,2,3,Correct,0.03557669999268387,round,,D_local,S_final,10,10,22
gemini-3.1-flash-lite,S3_1,63,1,1,Correct,0.026269120353751174,round,,D_local,S_final,10,10,22
gemini-3.1-flash-lite,S3_1,63,1,2,Correct,0.024071052342298782,round,,D_local,S_final,10,10,22
gemini-3.1-flash-lite,S3_1,63,1,3,Correct,0.026700007971846573,round,,D_local,S_final,10,10,22
gemini-3.1-flash-lite,S3_1,63,2,1,Correct,0.01716787365206429,round,,D_local,S_final,10,10,22
gemini-3.1-flash-lite,S3_1,63,2,2,Correct,0.0440281380370704,round,,D_local,S_final,10,10,22
gemini-3.1-flash-lite,S3_1,63,2,3,Correct,0.02903069334035524,round,,D_local,S_final,10,10,22
gemini-3.1-flash-lite,S3_1,64,1,1,Correct,0.05504528191390334,round,,D_local,S_final,10,10,22
gemini-3.1-flash-lite,S3_1,64,1,2,Correct,0.02507950782291224,round,,D_local,S_final,10,10,22
gemini-3.1-flash-lite,S3_1,64,1,3,Correct,0.016291018921047562,round,,D_local,S_final,10,10,22
gemini-3.1-flash-lite,S3_1,64,2,1,Correct,0.02322877769217757,round,,D_local,S_final,10,10,22
gemini-3.1-flash-lite,S3_1,64,2,2,Correct,0.032627707283767515,round,,D_local,S_final,10,10,22
gemini-3.1-flash-lite,S3_1,64,2,3,Correct,0.029375074634645282,round,,D_local,S_final,10,10,22
gpt-4o,S0,1,1,1,Correct,0.13098302650387095,round,,D_local,S_final,10,10,22
gpt-4o,S0,1,1,2,Correct,0.10978117442757451,round,,D_local,S_final,10,10,22
gpt-4o,S0,1,1,3,Correct,0.08679824733761599,round,,D_local,S_final,10,10,22
gpt-4o,S0,1,2,1,Wrong,0.033984442402496096,round,,D_local,S_final,10,10,22
gpt-4o,S0,1,2,2,Wrong,0.05289686394687554,round,,D_local,S_final,10,10,22
gpt-4o,S0,1,2,3,Wrong,0.04646233231738661,round,,D_local,S_final,10,10,22
gpt-4o,S0,1,3,1,Wrong,-0.008725415206827014,round,,D_local,S_final,10,10,22
gpt-4o,S0,1,3,2,Wrong,-0.017996869679438143,round,,D_local,S_final,10,10,22
gpt-4o,S0,1,3,3,Wrong,-0.01589841665679248,round,,D_local,S_final,10,10,22
gpt-4o,S0,1,4,1,Correct,0.0878436803116186,round,,D_local,S_final,10,10,22
gpt-4o,S0,1,4,2,Correct,0.08845444287312365,round,,D_local,S_final,10,10,22
gpt-4o,S0,1,4,3,Correct,0.07706414980963283,round,,D_local,S_final,10,10,22
gpt-4o,S0,1,5,1,Wrong,-0.016423323572054893,round,,D_local,S_final,10,10,22
gpt-4o,S0,1,5,2,Wrong,-0.012464587191991394,round,,D_local,S_final,10,10,22
gpt-4o,S0,1,5,3,Wrong,-0.03391467178908514,round,,D_local,S_final,10,10,22
gpt-4o,S0,2,1,1,Correct,0.22964872422120985,round,,D_local,S_final,10,10,22
gpt-4o,S0,2,1,2,Correct,0.18712148614807206,round,,D_local,S_final,10,10,22
gpt-4o,S0,2,1,3,Correct,0.2137081614676743,round,,D_local,S_final,10,10,22
gpt-4o,S0,3,1,1,Correct,0.1818062998309261,round,,D_local,S_final,10,10,22
gpt-4o,S0,3,1,2,Correct,0.2101297008554195,round,,D_local,S_final,10,10,22
gpt-4o,S0,3,1,3,Correct,0.1925077366497182,round,,D_local,S_final,10,10,22
gpt-4o,S0,3,2,1,Wrong,0.1703606095026411,round,,D_local,S_final,10,10,22
gpt-4o,S0,3,2,2,Wrong,0.1512224932168149,round,,D_local,S_final,10,10,22
gpt-4o,S0,3,2,3,Wrong,0.1696364838698733,round,,D_local,S_final,10,10,22
gpt-4o,S0,4,1,1,Correct,0.12813324499314005,round,,D_local,S_final,10,10,22
gpt-4o,S0,4,1,2,Correct,0.06987899236500561,round,,D_local,S_final,10,10,22
gpt-4o,S0,4,1,3,Correct,0.12192964401537076,round,,D_local,S_final,10,10,22
gpt-4o,S0,4,2,1,Correct,0.10655877792352886,round,,D_local,S_final,10,10,22
gpt-4o,S0,4,2,2,Correct,0.09780207344316294,round,,D_local,S_final,10,10,22
gpt-4o,S0,4,2,3,Correct,0.10621519210367592,round,,D_local,S_final,10,10,22
gpt-4o,S0,4,3,1,Correct,0.06495719180190251,round,,D_local,S_final,10,10,22
gpt-4o,S0,4,3,2,Correct,0.05887453619730487,round,,D_local,S_final,10,10,22
gpt-4o,S0,4,3,3,Correct,0.044590319140335954,round,,D_local,S_final,10,10,22
gpt-4o,S0,5,1,1,Correct,0.09143964214660794,round,,D_local,S_final,10,10,22
gpt-4o,S0,5,1,2,Correct,0.08041270441722104,round,,D_local,S_final,10,10,22
gpt-4o,S0,5,1,3,Correct,0.07856062931534435,round,,D_local,S_final,10,10,22
gpt-4o,S0,5,2,1,Correct,0.05539098981434665,round,,D_local,S_final,10,10,22
gpt-4o,S0,5,2,2,Correct,0.0638273220539255,round,,D_local,S_final,10,10,22
gpt-4o,S0,5,2,3,Correct,0.06125462053248576,round,,D_local,S_final,10,10,22
gpt-4o,S0,5,3,1,Wrong,0.07366474516227084,round,,D_local,S_final,10,10,22
gpt-4o,S0,5,3,2,Wrong,0.06277555449290262,round,,D_local,S_final,10,10,22
gpt-4o,S0,5,3,3,Wrong,0.07463638129386985,round,,D_local,S_final,10,10,22
gpt-4o,S0,6,1,1,Correct,0.0819895718397502,round,,D_local,S_final,10,10,22
gpt-4o,S0,6,1,2,Correct,0.07494846773550767,round,,D_local,S_final,10,10,22
gpt-4o,S0,6,1,3,Correct,0.07931748212257916,round,,D_local,S_final,10,10,22
gpt-4o,S0,6,2,1,Correct,0.016599226058159444,round,,D_local,S_final,10,10,22
gpt-4o,S0,6,2,2,Correct,0.026027507275711015,round,,D_local,S_final,10,10,22
gpt-4o,S0,6,2,3,Correct,0.05202098217350748,round,,D_local,S_final,10,10,22
gpt-4o,S0,6,3,1,Correct,0.07905760548258867,round,,D_local,S_final,10,10,22
gpt-4o,S0,6,3,2,Correct,0.07921403767727819,round,,D_local,S_final,10,10,22
gpt-4o,S0,6,3,3,Correct,0.08454028731188445,round,,D_local,S_final,10,10,22
gpt-4o,S0,7,1,1,Wrong,0.13120934870095324,round,,D_local,S_final,10,10,22
gpt-4o,S0,7,1,2,Wrong,0.1295856869347478,round,,D_local,S_final,10,10,22
gpt-4o,S0,7,1,3,Wrong,0.12269604059593564,round,,D_local,S_final,10,10,22
gpt-4o,S0,7,2,1,Wrong,0.11140171244592012,round,,D_local,S_final,10,10,22
gpt-4o,S0,7,2,2,Wrong,0.10960102776274483,round,,D_local,S_final,10,10,22
gpt-4o,S0,7,2,3,Wrong,0.09567313661227472,round,,D_local,S_final,10,10,22
gpt-4o,S0,7,3,1,Wrong,0.012171317294556783,round,,D_local,S_final,10,10,22
gpt-4o,S0,7,3,2,Wrong,-0.007498302851829952,round,,D_local,S_final,10,10,22
gpt-4o,S0,7,3,3,Wrong,0.011074811112101401,round,,D_local,S_final,10,10,22
gpt-4o,S0,7,4,1,Correct,0.03773476714108304,round,,D_local,S_final,10,10,22
gpt-4o,S0,7,4,2,Correct,0.03762043843478613,round,,D_local,S_final,10,10,22
gpt-4o,S0,7,4,3,Correct,0.021651374151301472,round,,D_local,S_final,10,10,22
gpt-4o,S0,7,5,1,Correct,0.06521589105892855,round,,D_local,S_final,10,10,22
gpt-4o,S0,7,5,2,Correct,0.08439077624678304,round,,D_local,S_final,10,10,22
gpt-4o,S0,7,5,3,Correct,0.08048732189789065,round,,D_local,S_final,10,10,22
gpt-4o,S0,7,6,1,Wrong,0.009438674976051664,round,,D_local,S_final,10,10,22
gpt-4o,S0,7,6,2,Wrong,-0.02037745532646107,round,,D_local,S_final,10,10,22
gpt-4o,S0,7,6,3,Wrong,-0.00403216970657394,round,,D_local,S_final,10,10,22
gpt-4o,S0,7,7,1,Wrong,0.03566533303265995,round,,D_local,S_final,10,10,22
gpt-4o,S0,7,7,2,Wrong,0.044497815636023286,round,,D_local,S_final,10,10,22
gpt-4o,S0,7,7,3,Wrong,0.045039292887285254,round,,D_local,S_final,10,10,22
gpt-4o,S0,7,8,1,Correct,0.02834185255028887,round,,D_local,S_final,10,10,22
gpt-4o,S0,7,8,2,Correct,0.03753060812280129,round,,D_local,S_final,10,10,22
gpt-4o,S0,7,8,3,Correct,0.0418348003266239,round,,D_local,S_final,10,10,22
gpt-4o,S0,7,9,1,Correct,0.09874602152880085,round,,D_local,S_final,10,10,22
gpt-4o,S0,7,9,2,Correct,0.04758268019564316,round,,D_local,S_final,10,10,22
gpt-4o,S0,7,9,3,Correct,0.029000909539149022,round,,D_local,S_final,10,10,22
gpt-4o,S0,7,10,1,Wrong,0.018195446937490423,round,,D_local,S_final,10,10,22
gpt-4o,S0,7,10,2,Wrong,-0.015590246647201211,round,,D_local,S_final,10,10,22
gpt-4o,S0,7,10,3,Wrong,0.026881450401714968,round,,D_local,S_final,10,10,22
gpt-4o,S0,7,11,1,Wrong,0.047010817479246736,round,,D_local,S_final,10,10,22
gpt-4o,S0,7,11,2,Wrong,0.028130821208974366,round,,D_local,S_final,10,10,22
gpt-4o,S0,7,11,3,Wrong,0.07414248267038659,round,,D_local,S_final,10,10,22
gpt-4o,S0,8,1,1,Wrong,0.05104315086707578,round,,D_local,S_final,10,10,22
gpt-4o,S0,8,1,2,Wrong,0.04580481115747981,round,,D_local,S_final,10,10,22
gpt-4o,S0,8,1,3,Wrong,0.05497174778643288,round,,D_local,S_final,10,10,22
gpt-4o,S0,8,2,1,Wrong,0.021027472591704344,round,,D_local,S_final,10,10,22
gpt-4o,S0,8,2,2,Wrong,0.01699918191543992,round,,D_local,S_final,10,10,22
gpt-4o,S0,8,2,3,Wrong,0.015743669468953447,round,,D_local,S_final,10,10,22
gpt-4o,S0,8,3,1,Correct,0.06641499960247388,round,,D_local,S_final,10,10,22
gpt-4o,S0,8,3,2,Correct,0.037993149883812305,round,,D_local,S_final,10,10,22
gpt-4o,S0,8,3,3,Correct,0.05456027419565734,round,,D_local,S_final,10,10,22
gpt-4o,S0,8,4,1,Correct,-0.006860872672610374,round,,D_local,S_final,10,10,22
gpt-4o,S0,8,4,2,Correct,-0.03261973923155137,round,,D_local,S_final,10,10,22
gpt-4o,S0,8,4,3,Correct,-0.018727838606037883,round,,D_local,S_final,10,10,22
gpt-4o,S0,9,1,1,Wrong,0.057753754203053176,round,,D_local,S_final,10,10,22
gpt-4o,S0,9,1,2,Wrong,0.06450337331990386,round,,D_local,S_final,10,10,22
gpt-4o,S0,9,1,3,Wrong,0.06285308183918759,round,,D_local,S_final,10,10,22
gpt-4o,S0,9,2,1,Wrong,0.05499124135725497,round,,D_local,S_final,10,10,22
gpt-4o,S0,9,2,2,Wrong,0.05672363280946091,round,,D_local,S_final,10,10,22
gpt-4o,S0,9,2,3,Wrong,0.05939151855718405,round,,D_local,S_final,10,10,22
gpt-4o,S0,9,3,1,Wrong,0.0783116956939236,round,,D_local,S_final,10,10,22
gpt-4o,S0,9,3,2,Wrong,0.06814643228424244,round,,D_local,S_final,10,10,22
gpt-4o,S0,9,3,3,Wrong,0.06798244545932963,round,,D_local,S_final,10,10,22
gpt-4o,S0,10,1,1,Correct,0.10284019555622814,round,,D_local,S_final,10,10,22
gpt-4o,S0,10,1,2,Correct,0.09843476091424852,round,,D_local,S_final,10,10,22
gpt-4o,S0,10,1,3,Correct,0.11081844475594393,round,,D_local,S_final,10,10,22
gpt-4o,S0,10,2,1,Correct,0.08417706020142601,round,,D_local,S_final,10,10,22
gpt-4o,S0,10,2,2,Correct,0.11528855246048786,round,,D_local,S_final,10,10,22
gpt-4o,S0,10,2,3,Correct,0.10458896225654224,round,,D_local,S_final,10,10,22
gpt-4o,S0,11,1,1,Wrong,0.018998964046079148,round,,D_local,S_final,10,10,22
gpt-4o,S0,11,1,2,Wrong,0.0200792837424959,round,,D_local,S_final,10,10,22
gpt-4o,S0,11,1,3,Wrong,0.019457555986732822,round,,D_local,S_final,10,10,22
gpt-4o,S0,12,1,1,Wrong,-0.020771401544307566,round,,D_local,S_final,10,10,22
gpt-4o,S0,12,1,2,Wrong,-0.013556124209488818,round,,D_local,S_final,10,10,22
gpt-4o,S0,12,1,3,Wrong,0.025670763471281166,round,,D_local,S_final,10,10,22
gpt-4o,S0,13,1,1,Correct,0.17304547995364894,round,,D_local,S_final,10,10,22
gpt-4o,S0,13,1,2,Correct,0.16158885591320127,round,,D_local,S_final,10,10,22
gpt-4o,S0,13,1,3,Correct,0.17076547305990897,round,,D_local,S_final,10,10,22
gpt-4o,S0,13,2,1,Correct,-0.01715949668399419,round,,D_local,S_final,10,10,22
gpt-4o,S0,13,2,2,Correct,-0.0005513619140142811,round,,D_local,S_final,10,10,22
gpt-4o,S0,13,2,3,Correct,-0.030698418288308105,round,,D_local,S_final,10,10,22
gpt-4o,S0,13,3,1,Wrong,0.025960592590717257,round,,D_local,S_final,10,10,22
gpt-4o,S0,13,3,2,Wrong,0.038006431629299064,round,,D_local,S_final,10,10,22
gpt-4o,S0,13,3,3,Wrong,0.020587951017413175,round,,D_local,S_final,10,10,22
gpt-4o,S0,14,1,1,Wrong,-0.0026643470338727493,round,,D_local,S_final,10,10,22
gpt-4o,S0,14,1,2,Wrong,0.008591169744671667,round,,D_local,S_final,10,10,22
gpt-4o,S0,14,1,3,Wrong,-0.0015589615454373318,round,,D_local,S_final,10,10,22
gpt-4o,S0,15,1,1,Correct,-0.12504746981711945,round,,D_local,S_final,10,10,22
gpt-4o,S0,15,1,2,Wrong,-0.08189533559244533,round,,D_local,S_final,10,10,22
gpt-4o,S0,15,1,3,Correct,-0.10195139434475764,round,,D_local,S_final,10,10,22
gpt-4o,S0,16,1,1,Correct,0.1083717017774044,round,,D_local,S_final,10,10,22
gpt-4o,S0,16,1,2,Correct,0.09995400091473161,round,,D_local,S_final,10,10,22
gpt-4o,S0,16,1,3,Correct,0.1191172599137359,round,,D_local,S_final,10,10,22
gpt-4o,S0,17,1,1,Wrong,0.0020683461690251814,round,,D_local,S_final,10,10,22
gpt-4o,S0,17,1,2,Wrong,0.006796096921459882,round,,D_local,S_final,10,10,22
gpt-4o,S0,17,1,3,Wrong,-0.03236996695318828,round,,D_local,S_final,10,10,22
gpt-4o,S0,18,1,1,Correct,0.13680639586861754,round,,D_local,S_final,10,10,22
gpt-4o,S0,18,1,2,Correct,0.1363121086394643,round,,D_local,S_final,10,10,22
gpt-4o,S0,18,1,3,Correct,0.13501744427067497,round,,D_local,S_final,10,10,22
gpt-4o,S0,19,1,1,Correct,0.022333649255794508,round,,D_local,S_final,10,10,22
gpt-4o,S0,19,1,2,Correct,0.03372611869903508,round,,D_local,S_final,10,10,22
gpt-4o,S0,19,1,3,Correct,0.014930050622204094,round,,D_local,S_final,10,10,22
gpt-4o,S0,20,1,1,Correct,0.10104811567588179,round,,D_local,S_final,10,10,22
gpt-4o,S0,20,1,2,Correct,0.1269172171707018,round,,D_local,S_final,10,10,22
gpt-4o,S0,20,1,3,Correct,0.08705698358902592,round,,D_local,S_final,10,10,22
gpt-4o,S0,21,1,1,Correct,0.11105253573677054,round,,D_local,S_final,10,10,22
gpt-4o,S0,21,1,2,Correct,0.11843119407252045,round,,D_local,S_final,10,10,22
gpt-4o,S0,21,1,3,Correct,0.09687476504956083,round,,D_local,S_final,10,10,22
gpt-4o,S0,22,1,1,Wrong,0.05276093360694134,round,,D_local,S_final,10,10,22
gpt-4o,S0,22,1,2,Wrong,0.018224604531449917,round,,D_local,S_final,10,10,22
gpt-4o,S0,22,1,3,Wrong,0.024855979994610422,round,,D_local,S_final,10,10,22
gpt-4o,S0,23,1,1,Wrong,0.0658308615546489,round,,D_local,S_final,10,10,22
gpt-4o,S0,23,1,2,Wrong,0.08300464653853257,round,,D_local,S_final,10,10,22
gpt-4o,S0,23,1,3,Wrong,0.036246083165666576,round,,D_local,S_final,10,10,22
gpt-4o,S0,24,1,1,Wrong,-0.0031344966783578565,round,,D_local,S_final,10,10,22
gpt-4o,S0,24,1,2,Wrong,-0.003615311092855178,round,,D_local,S_final,10,10,22
gpt-4o,S0,24,1,3,Wrong,-0.0028512549900986395,round,,D_local,S_final,10,10,22
gpt-4o,S0,25,1,1,Wrong,-0.07039449399856579,round,,D_local,S_final,10,10,22
gpt-4o,S0,25,1,2,Correct,-0.05265862415819178,round,,D_local,S_final,10,10,22
gpt-4o,S0,25,1,3,Correct,-0.042469205938489796,round,,D_local,S_final,10,10,22
gpt-4o,S0,25,2,1,Correct,0.07327622680350576,round,,D_local,S_final,10,10,22
gpt-4o,S0,25,2,2,Correct,0.08137689312279439,round,,D_local,S_final,10,10,22
gpt-4o,S0,25,2,3,Correct,0.07911404481061401,round,,D_local,S_final,10,10,22
gpt-4o,S0,26,1,1,Correct,0.08657328427308086,round,,D_local,S_final,10,10,22
gpt-4o,S0,26,1,2,Correct,0.09414411764890607,round,,D_local,S_final,10,10,22
gpt-4o,S0,26,1,3,Correct,0.0702829664606498,round,,D_local,S_final,10,10,22
gpt-4o,S0,26,2,1,Wrong,-0.0600869672895441,round,,D_local,S_final,10,10,22
gpt-4o,S0,26,2,2,Wrong,-0.056835985208229856,round,,D_local,S_final,10,10,22
gpt-4o,S0,26,2,3,Wrong,-0.06382735403750145,round,,D_local,S_final,10,10,22
gpt-4o,S0,26,3,1,Wrong,-0.06822998878610259,round,,D_local,S_final,10,10,22
gpt-4o,S0,26,3,2,Wrong,-0.06980471408817107,round,,D_local,S_final,10,10,22
gpt-4o,S0,26,3,3,Wrong,-0.0535373372071023,round,,D_local,S_final,10,10,22
gpt-4o,S0,26,4,1,Correct,0.15183502538584592,round,,D_local,S_final,10,10,22
gpt-4o,S0,26,4,2,Correct,0.16023302581320487,round,,D_local,S_final,10,10,22
gpt-4o,S0,26,4,3,Correct,0.15015785815125815,round,,D_local,S_final,10,10,22
gpt-4o,S0,27,1,1,Correct,0.04457895802820999,round,,D_local,S_final,10,10,22
gpt-4o,S0,27,1,2,Correct,0.05056792971550528,round,,D_local,S_final,10,10,22
gpt-4o,S0,27,1,3,Correct,0.0692354289940007,round,,D_local,S_final,10,10,22
gpt-4o,S0,27,2,1,Correct,-0.05559848438927928,round,,D_local,S_final,10,10,22
gpt-4o,S0,27,2,2,Correct,-0.06627898797734066,round,,D_local,S_final,10,10,22
gpt-4o,S0,27,2,3,Correct,-0.062375257106858095,round,,D_local,S_final,10,10,22
gpt-4o,S0,27,3,1,Correct,-0.061793050246258974,round,,D_local,S_final,10,10,22
gpt-4o,S0,27,3,2,Wrong,-0.06911358103689624,round,,D_local,S_final,10,10,22
gpt-4o,S0,27,3,3,Wrong,-0.06790607742004351,round,,D_local,S_final,10,10,22
gpt-4o,S0,27,4,1,Correct,0.21526622982595822,round,,D_local,S_final,10,10,22
gpt-4o,S0,27,4,2,Correct,0.16554836666701522,round,,D_local,S_final,10,10,22
gpt-4o,S0,27,4,3,Correct,0.17985820859282875,round,,D_local,S_final,10,10,22
gpt-4o,S0,28,1,1,Wrong,0.03792598858257512,round,,D_local,S_final,10,10,22
gpt-4o,S0,28,1,2,Wrong,0.024747407929859078,round,,D_local,S_final,10,10,22
gpt-4o,S0,28,1,3,Wrong,0.0028022504689435568,round,,D_local,S_final,10,10,22
gpt-4o,S0,28,2,1,Correct,-0.014481023539340665,round,,D_local,S_final,10,10,22
gpt-4o,S0,28,2,2,Correct,-0.036096805700417844,round,,D_local,S_final,10,10,22
gpt-4o,S0,28,2,3,Correct,-0.061785669686156564,round,,D_local,S_final,10,10,22
gpt-4o,S0,29,1,1,Correct,0.10490188573765968,round,,D_local,S_final,10,10,22
gpt-4o,S0,29,1,2,Correct,0.09631627472883642,round,,D_local,S_final,10,10,22
gpt-4o,S0,29,1,3,Wrong,0.10449079562315466,round,,D_local,S_final,10,10,22
gpt-4o,S0,29,2,1,Correct,-0.06233132951424902,round,,D_local,S_final,10,10,22
gpt-4o,S0,29,2,2,Correct,-0.055664732819049156,round,,D_local,S_final,10,10,22
gpt-4o,S0,29,2,3,Correct,-0.08061210946453545,round,,D_local,S_final,10,10,22
gpt-4o,S0,30,1,1,Correct,0.05536131031400637,round,,D_local,S_final,10,10,22
gpt-4o,S0,30,1,2,Correct,0.03832547610471526,round,,D_local,S_final,10,10,22
gpt-4o,S0,30,1,3,Correct,0.04636320886824019,round,,D_local,S_final,10,10,22
gpt-4o,S0,30,2,1,Correct,-0.05616126653180509,round,,D_local,S_final,10,10,22
gpt-4o,S0,30,2,2,Correct,-0.0620192635687411,round,,D_local,S_final,10,10,22
gpt-4o,S0,30,2,3,Correct,-0.05962749623466951,round,,D_local,S_final,10,10,22
gpt-4o,S0,31,1,1,Correct,0.1408816022057412,round,,D_local,S_final,10,10,22
gpt-4o,S0,31,1,2,Correct,0.13739670347019906,round,,D_local,S_final,10,10,22
gpt-4o,S0,31,1,3,Correct,0.12955201178823672,round,,D_local,S_final,10,10,22
gpt-4o,S0,32,1,1,Wrong,-0.010216905672846943,round,,D_local,S_final,10,10,22
gpt-4o,S0,32,1,2,Wrong,-0.0075930410648834545,round,,D_local,S_final,10,10,22
gpt-4o,S0,32,1,3,Wrong,0.004595732199924152,round,,D_local,S_final,10,10,22
gpt-4o,S0,33,1,1,Wrong,0.055383922451547885,round,,D_local,S_final,10,10,22
gpt-4o,S0,33,1,2,Wrong,0.04485796803458364,round,,D_local,S_final,10,10,22
gpt-4o,S0,33,1,3,Wrong,0.053127500206164746,round,,D_local,S_final,10,10,22
gpt-4o,S0,34,1,1,Wrong,0.03799110584541432,round,,D_local,S_final,10,10,22
gpt-4o,S0,34,1,2,Wrong,0.02494275743047636,round,,D_local,S_final,10,10,22
gpt-4o,S0,34,1,3,Wrong,0.0090024627975821,round,,D_local,S_final,10,10,22
gpt-4o,S0,35,1,1,Wrong,-0.06476644289671513,round,,D_local,S_final,10,10,22
gpt-4o,S0,35,1,2,Wrong,-0.022222618383612724,round,,D_local,S_final,10,10,22
gpt-4o,S0,35,1,3,Wrong,-0.042438343159634906,round,,D_local,S_final,10,10,22
gpt-4o,S0,36,1,1,Correct,0.1055611434622381,round,,D_local,S_final,10,10,22
gpt-4o,S0,36,1,2,Correct,0.07934457615644241,round,,D_local,S_final,10,10,22
gpt-4o,S0,36,1,3,Correct,0.08582734655908941,round,,D_local,S_final,10,10,22
gpt-4o,S0,36,2,1,Correct,0.040693120142258676,round,,D_local,S_final,10,10,22
gpt-4o,S0,36,2,2,Wrong,0.01176827362134758,round,,D_local,S_final,10,10,22
gpt-4o,S0,36,2,3,Wrong,0.002469254584259617,round,,D_local,S_final,10,10,22
gpt-4o,S0,36,3,1,Correct,0.006167134361123594,round,,D_local,S_final,10,10,22
gpt-4o,S0,36,3,2,Correct,-0.005289133517569322,round,,D_local,S_final,10,10,22
gpt-4o,S0,36,3,3,Correct,0.007425349846403528,round,,D_local,S_final,10,10,22
gpt-4o,S0,37,1,1,Wrong,0.027793533568830187,round,,D_local,S_final,10,10,22
gpt-4o,S0,37,1,2,Wrong,-0.0018091408477823867,round,,D_local,S_final,10,10,22
gpt-4o,S0,37,1,3,Wrong,-0.01146743838220421,round,,D_local,S_final,10,10,22
gpt-4o,S0,37,2,1,Correct,0.07998932128910141,round,,D_local,S_final,10,10,22
gpt-4o,S0,37,2,2,Correct,0.06225075482828868,round,,D_local,S_final,10,10,22
gpt-4o,S0,37,2,3,Correct,0.08307296700833688,round,,D_local,S_final,10,10,22
gpt-4o,S0,38,1,1,Wrong,-0.1197911169987082,round,,D_local,S_final,10,10,22
gpt-4o,S0,38,1,2,Wrong,-0.12589880462870606,round,,D_local,S_final,10,10,22
gpt-4o,S0,38,1,3,Wrong,-0.13713149499945854,round,,D_local,S_final,10,10,22
gpt-4o,S0,38,2,1,Wrong,-0.1462305949405558,round,,D_local,S_final,10,10,22
gpt-4o,S0,38,2,2,Wrong,-0.13258615383779648,round,,D_local,S_final,10,10,22
gpt-4o,S0,38,2,3,Wrong,-0.1299242327656921,round,,D_local,S_final,10,10,22
gpt-4o,S0,39,1,1,Wrong,-0.04964300795382459,round,,D_local,S_final,10,10,22
gpt-4o,S0,39,1,2,Wrong,-0.03519726478501439,round,,D_local,S_final,10,10,22
gpt-4o,S0,39,1,3,Correct,-0.024806437174476836,round,,D_local,S_final,10,10,22
gpt-4o,S0,39,2,1,Correct,0.1572453331807141,round,,D_local,S_final,10,10,22
gpt-4o,S0,39,2,2,Wrong,0.13898943080709503,round,,D_local,S_final,10,10,22
gpt-4o,S0,39,2,3,Correct,0.14628535461251668,round,,D_local,S_final,10,10,22
gpt-4o,S0,40,1,1,Correct,0.0925457301615572,round,,D_local,S_final,10,10,22
gpt-4o,S0,40,1,2,Correct,0.08461508191819711,round,,D_local,S_final,10,10,22
gpt-4o,S0,40,1,3,Correct,0.10769049163757538,round,,D_local,S_final,10,10,22
gpt-4o,S0,40,2,1,Correct,0.06107428638115564,round,,D_local,S_final,10,10,22
gpt-4o,S0,40,2,2,Correct,0.057529763133086775,round,,D_local,S_final,10,10,22
gpt-4o,S0,40,2,3,Correct,0.08074414848964473,round,,D_local,S_final,10,10,22
gpt-4o,S0,40,3,1,Correct,0.00437925405519668,round,,D_local,S_final,10,10,22
gpt-4o,S0,40,3,2,Correct,-0.00033951439665746985,round,,D_local,S_final,10,10,22
gpt-4o,S0,40,3,3,Correct,0.055692916596998265,round,,D_local,S_final,10,10,22
gpt-4o,S0,40,4,1,Correct,0.025732916191657407,round,,D_local,S_final,10,10,22
gpt-4o,S0,40,4,2,Correct,0.034175640167509846,round,,D_local,S_final,10,10,22
gpt-4o,S0,40,4,3,Correct,0.03472993117538703,round,,D_local,S_final,10,10,22
gpt-4o,S0,40,5,1,Wrong,0.08428976685750467,round,,D_local,S_final,10,10,22
gpt-4o,S0,40,5,2,Wrong,0.08284968291498496,round,,D_local,S_final,10,10,22
gpt-4o,S0,40,5,3,Wrong,0.09499179822127612,round,,D_local,S_final,10,10,22
gpt-4o,S0,40,6,1,Correct,0.03417000507534418,round,,D_local,S_final,10,10,22
gpt-4o,S0,40,6,2,Correct,0.029200920975480882,round,,D_local,S_final,10,10,22
gpt-4o,S0,40,6,3,Correct,0.03409672815568632,round,,D_local,S_final,10,10,22
gpt-4o,S0,41,1,1,Correct,0.08255190514349975,round,,D_local,S_final,10,10,22
gpt-4o,S0,41,1,2,Correct,0.09782651222165106,round,,D_local,S_final,10,10,22
gpt-4o,S0,41,1,3,Correct,0.09014637987120566,round,,D_local,S_final,10,10,22
gpt-4o,S0,42,1,1,Wrong,-0.048306090066073226,round,,D_local,S_final,10,10,22
gpt-4o,S0,42,1,2,Wrong,-0.033229418184171466,round,,D_local,S_final,10,10,22
gpt-4o,S0,42,1,3,Wrong,-0.03927795249549959,round,,D_local,S_final,10,10,22
gpt-4o,S0,43,1,1,Wrong,-0.04898248466327926,round,,D_local,S_final,10,10,22
gpt-4o,S0,43,1,2,Wrong,-0.06866467932984033,round,,D_local,S_final,10,10,22
gpt-4o,S0,43,1,3,Wrong,-0.0639434431412792,round,,D_local,S_final,10,10,22
gpt-4o,S0,44,1,1,Wrong,0.07552753952118219,round,,D_local,S_final,10,10,22
gpt-4o,S0,44,1,2,Wrong,0.04895469252168161,round,,D_local,S_final,10,10,22
gpt-4o,S0,44,1,3,Wrong,0.06779276719893457,round,,D_local,S_final,10,10,22
gpt-4o,S0,45,1,1,Correct,0.14498681454625417,round,,D_local,S_final,10,10,22
gpt-4o,S0,45,1,2,Correct,0.14699627741809906,round,,D_local,S_final,10,10,22
gpt-4o,S0,45,1,3,Wrong,0.14146754537568884,round,,D_local,S_final,10,10,22
gpt-4o,S0,45,2,1,Wrong,-0.06304406126481465,round,,D_local,S_final,10,10,22
gpt-4o,S0,45,2,2,Wrong,-0.0768816076214347,round,,D_local,S_final,10,10,22
gpt-4o,S0,45,2,3,Wrong,-0.08353200196530369,round,,D_local,S_final,10,10,22
gpt-4o,S0,45,3,1,Wrong,-0.06970145729529525,round,,D_local,S_final,10,10,22
gpt-4o,S0,45,3,2,Wrong,-0.05877066374565609,round,,D_local,S_final,10,10,22
gpt-4o,S0,45,3,3,Wrong,-0.057911834212599156,round,,D_local,S_final,10,10,22
gpt-4o,S0,46,1,1,Correct,0.07859335136655077,round,,D_local,S_final,10,10,22
gpt-4o,S0,46,1,2,Correct,0.11065066768056753,round,,D_local,S_final,10,10,22
gpt-4o,S0,46,1,3,Correct,0.10364129209660167,round,,D_local,S_final,10,10,22
gpt-4o,S0,46,2,1,Correct,0.064248552505897,round,,D_local,S_final,10,10,22
gpt-4o,S0,46,2,2,Correct,0.057044259120810015,round,,D_local,S_final,10,10,22
gpt-4o,S0,46,2,3,Correct,0.05973638774618195,round,,D_local,S_final,10,10,22
gpt-4o,S0,47,1,1,Correct,0.1052125521427103,round,,D_local,S_final,10,10,22
gpt-4o,S0,47,1,2,Correct,0.10948582087297265,round,,D_local,S_final,10,10,22
gpt-4o,S0,47,1,3,Correct,0.09280057483469428,round,,D_local,S_final,10,10,22
gpt-4o,S0,47,2,1,Correct,0.003827897687913806,round,,D_local,S_final,10,10,22
gpt-4o,S0,47,2,2,Correct,0.009828607919793786,round,,D_local,S_final,10,10,22
gpt-4o,S0,47,2,3,Correct,0.01620915583033622,round,,D_local,S_final,10,10,22
gpt-4o,S0,48,1,1,Correct,0.08736519160380618,round,,D_local,S_final,10,10,22
gpt-4o,S0,48,1,2,Correct,0.0885381729063206,round,,D_local,S_final,10,10,22
gpt-4o,S0,48,1,3,Correct,0.08306447304266062,round,,D_local,S_final,10,10,22
gpt-4o,S0,48,2,1,Wrong,0.0099683887238321,round,,D_local,S_final,10,10,22
gpt-4o,S0,48,2,2,Wrong,0.015125892426635423,round,,D_local,S_final,10,10,22
gpt-4o,S0,48,2,3,Wrong,-0.02816050865743258,round,,D_local,S_final,10,10,22
gpt-4o,S0,49,1,1,Wrong,0.037912467316217446,round,,D_local,S_final,10,10,22
gpt-4o,S0,49,1,2,Wrong,0.028795297479061732,round,,D_local,S_final,10,10,22
gpt-4o,S0,49,1,3,Wrong,0.022852968188037948,round,,D_local,S_final,10,10,22
gpt-4o,S0,50,1,1,Correct,-0.008258249687019381,round,,D_local,S_final,10,10,22
gpt-4o,S0,50,1,2,Correct,0.002295408110945918,round,,D_local,S_final,10,10,22
gpt-4o,S0,50,1,3,Wrong,-0.003931996748722688,round,,D_local,S_final,10,10,22
gpt-4o,S0,51,1,1,Wrong,0.0744625030541366,round,,D_local,S_final,10,10,22
gpt-4o,S0,51,1,2,Wrong,0.0825574506752832,round,,D_local,S_final,10,10,22
gpt-4o,S0,51,1,3,Wrong,0.04353083928471513,round,,D_local,S_final,10,10,22
gpt-4o,S0,52,1,1,Correct,0.14119552659738266,round,,D_local,S_final,10,10,22
gpt-4o,S0,52,1,2,Correct,0.11433750746370241,round,,D_local,S_final,10,10,22
gpt-4o,S0,52,1,3,Correct,0.11482884770485524,round,,D_local,S_final,10,10,22
gpt-4o,S0,53,1,1,Wrong,0.07325453012773986,round,,D_local,S_final,10,10,22
gpt-4o,S0,53,1,2,Wrong,0.06147859149045065,round,,D_local,S_final,10,10,22
gpt-4o,S0,53,1,3,Wrong,0.07173450490056821,round,,D_local,S_final,10,10,22
gpt-4o,S0,53,2,1,Correct,0.08726728655935123,round,,D_local,S_final,10,10,22
gpt-4o,S0,53,2,2,Correct,0.10067314766731006,round,,D_local,S_final,10,10,22
gpt-4o,S0,53,2,3,Correct,0.0890134521533843,round,,D_local,S_final,10,10,22
gpt-4o,S0,54,1,1,Wrong,-0.06352318572750909,round,,D_local,S_final,10,10,22
gpt-4o,S0,54,1,2,Wrong,-0.0631740134038129,round,,D_local,S_final,10,10,22
gpt-4o,S0,54,1,3,Wrong,-0.059468807276385816,round,,D_local,S_final,10,10,22
gpt-4o,S0,54,2,1,Correct,0.06565212610146964,round,,D_local,S_final,10,10,22
gpt-4o,S0,54,2,2,Correct,0.07081327117833025,round,,D_local,S_final,10,10,22
gpt-4o,S0,54,2,3,Correct,0.07686416976941901,round,,D_local,S_final,10,10,22
gpt-4o,S0,55,1,1,Wrong,-0.032857114366693474,round,,D_local,S_final,10,10,22
gpt-4o,S0,55,1,2,Wrong,-0.03698826779836628,round,,D_local,S_final,10,10,22
gpt-4o,S0,55,1,3,Wrong,-0.04068489428916644,round,,D_local,S_final,10,10,22
gpt-4o,S0,55,2,1,Correct,0.08523079603731054,round,,D_local,S_final,10,10,22
gpt-4o,S0,55,2,2,Correct,0.10449961308200562,round,,D_local,S_final,10,10,22
gpt-4o,S0,55,2,3,Correct,0.09838753081262719,round,,D_local,S_final,10,10,22
gpt-4o,S0,56,1,1,Correct,0.032531912178352385,round,,D_local,S_final,10,10,22
gpt-4o,S0,56,1,2,Correct,0.025539891183217645,round,,D_local,S_final,10,10,22
gpt-4o,S0,56,1,3,Correct,0.013445328107120513,round,,D_local,S_final,10,10,22
gpt-4o,S0,56,2,1,Correct,0.07092986187065353,round,,D_local,S_final,10,10,22
gpt-4o,S0,56,2,2,Correct,0.03851506601216237,round,,D_local,S_final,10,10,22
gpt-4o,S0,56,2,3,Correct,0.04573517080959977,round,,D_local,S_final,10,10,22
gpt-4o,S0,57,1,1,Wrong,-0.07850107459737116,round,,D_local,S_final,10,10,22
gpt-4o,S0,57,1,2,Wrong,-0.11309135322300423,round,,D_local,S_final,10,10,22
gpt-4o,S0,57,1,3,Correct,-0.08612017063665767,round,,D_local,S_final,10,10,22
gpt-4o,S0,57,2,1,Wrong,-0.19323940673843654,round,,D_local,S_final,10,10,22
gpt-4o,S0,57,2,2,Wrong,-0.19568848905306974,round,,D_local,S_final,10,10,22
gpt-4o,S0,57,2,3,Wrong,-0.18871999927216676,round,,D_local,S_final,10,10,22
gpt-4o,S0,58,1,1,Wrong,0.018753600696137962,round,,D_local,S_final,10,10,22
gpt-4o,S0,58,1,2,Wrong,0.01002872733719895,round,,D_local,S_final,10,10,22
gpt-4o,S0,58,1,3,Wrong,-0.008565735698323307,round,,D_local,S_final,10,10,22
gpt-4o,S0,58,2,1,Correct,0.042310206991905686,round,,D_local,S_final,10,10,22
gpt-4o,S0,58,2,2,Correct,0.04024931357623729,round,,D_local,S_final,10,10,22
gpt-4o,S0,58,2,3,Correct,0.04506233545929306,round,,D_local,S_final,10,10,22
gpt-4o,S0,59,1,1,Wrong,-0.02042669525140317,round,,D_local,S_final,10,10,22
gpt-4o,S0,59,1,2,Wrong,-0.03551761584179047,round,,D_local,S_final,10,10,22
gpt-4o,S0,59,1,3,Wrong,-0.03456543939965151,round,,D_local,S_final,10,10,22
gpt-4o,S0,59,2,1,Correct,0.055117867184700464,round,,D_local,S_final,10,10,22
gpt-4o,S0,59,2,2,Correct,0.06596808571716684,round,,D_local,S_final,10,10,22
gpt-4o,S0,59,2,3,Correct,0.052612100041561694,round,,D_local,S_final,10,10,22
gpt-4o,S0,60,1,1,Wrong,-0.07821466916310749,round,,D_local,S_final,10,10,22
gpt-4o,S0,60,1,2,Wrong,-0.08538412855249583,round,,D_local,S_final,10,10,22
gpt-4o,S0,60,1,3,Wrong,-0.11025888546868046,round,,D_local,S_final,10,10,22
gpt-4o,S0,60,2,1,Correct,0.07197115397430187,round,,D_local,S_final,10,10,22
gpt-4o,S0,60,2,2,Correct,0.06353445829763915,round,,D_local,S_final,10,10,22
gpt-4o,S0,60,2,3,Correct,0.06959502463898137,round,,D_local,S_final,10,10,22
gpt-4o,S0,61,1,1,Wrong,-0.05547946000039128,round,,D_local,S_final,10,10,22
gpt-4o,S0,61,1,2,Wrong,-0.09099226295144663,round,,D_local,S_final,10,10,22
gpt-4o,S0,61,1,3,Wrong,-0.0790925480399407,round,,D_local,S_final,10,10,22
gpt-4o,S0,61,2,1,Correct,0.07633830691871524,round,,D_local,S_final,10,10,22
gpt-4o,S0,61,2,2,Correct,0.0648876454868873,round,,D_local,S_final,10,10,22
gpt-4o,S0,61,2,3,Correct,0.07188169379580334,round,,D_local,S_final,10,10,22
gpt-4o,S0,62,1,1,Wrong,0.0011654734798949296,round,,D_local,S_final,10,10,22
gpt-4o,S0,62,1,2,Wrong,0.014573369083109355,round,,D_local,S_final,10,10,22
gpt-4o,S0,62,1,3,Wrong,-0.010958987048282576,round,,D_local,S_final,10,10,22
gpt-4o,S0,62,2,1,Wrong,0.0003749655793869877,round,,D_local,S_final,10,10,22
gpt-4o,S0,62,2,2,Wrong,-0.003752008634661963,round,,D_local,S_final,10,10,22
gpt-4o,S0,62,2,3,Wrong,-0.00423903119093616,round,,D_local,S_final,10,10,22
gpt-4o,S0,63,1,1,Wrong,0.004540349113857922,round,,D_local,S_final,10,10,22
gpt-4o,S0,63,1,2,Correct,0.017259038452210107,round,,D_local,S_final,10,10,22
gpt-4o,S0,63,1,3,Wrong,0.0061223365806512,round,,D_local,S_final,10,10,22
gpt-4o,S0,63,2,1,Wrong,-0.0056207876054901185,round,,D_local,S_final,10,10,22
gpt-4o,S0,63,2,2,Wrong,-0.0071021498284284945,round,,D_local,S_final,10,10,22
gpt-4o,S0,63,2,3,Wrong,-0.00349328601615595,round,,D_local,S_final,10,10,22
gpt-4o,S0,64,1,1,Correct,-0.022893790235827938,round,,D_local,S_final,10,10,22
gpt-4o,S0,64,1,2,Correct,-0.013236187190695303,round,,D_local,S_final,10,10,22
gpt-4o,S0,64,1,3,Correct,-0.012994061672609636,round,,D_local,S_final,10,10,22
gpt-4o,S0,64,2,1,Correct,0.07962642804774633,round,,D_local,S_final,10,10,22
gpt-4o,S0,64,2,2,Correct,0.09273085777619772,round,,D_local,S_final,10,10,22
gpt-4o,S0,64,2,3,Correct,0.076140623980964,round,,D_local,S_final,10,10,22
gpt-4o,S1_1,1,1,1,Correct,0.06803194125206224,round,,D_local,S_final,10,10,22
gpt-4o,S1_1,1,1,2,Correct,0.0423089089172729,round,,D_local,S_final,10,10,22
gpt-4o,S1_1,1,1,3,Correct,0.0525306426260459,round,,D_local,S_final,10,10,22
gpt-4o,S1_1,1,2,1,Wrong,0.03522007566475416,round,,D_local,S_final,10,10,22
gpt-4o,S1_1,1,2,2,Correct,0.045275883446400655,round,,D_local,S_final,10,10,22
gpt-4o,S1_1,1,2,3,Wrong,0.04475474701212978,round,,D_local,S_final,10,10,22
gpt-4o,S1_1,1,3,1,Correct,-0.022965027367545243,round,,D_local,S_final,10,10,22
gpt-4o,S1_1,1,3,2,Correct,-0.014524662778385378,round,,D_local,S_final,10,10,22
gpt-4o,S1_1,1,3,3,Correct,-0.011949122953179625,round,,D_local,S_final,10,10,22
gpt-4o,S1_1,1,4,1,Correct,0.08710928344663149,round,,D_local,S_final,10,10,22
gpt-4o,S1_1,1,4,2,Wrong,0.09478856149453196,round,,D_local,S_final,10,10,22
gpt-4o,S1_1,1,4,3,Wrong,0.07512027434218804,round,,D_local,S_final,10,10,22
gpt-4o,S1_1,1,5,1,Correct,0.03483674827020955,round,,D_local,S_final,10,10,22
gpt-4o,S1_1,1,5,2,Wrong,0.049140579001239915,round,,D_local,S_final,10,10,22
gpt-4o,S1_1,1,5,3,Wrong,-0.02226662152725778,round,,D_local,S_final,10,10,22
gpt-4o,S1_1,2,1,1,Wrong,0.1365282023922264,round,,D_local,S_final,10,10,22
gpt-4o,S1_1,2,1,2,Wrong,0.15631361852144787,round,,D_local,S_final,10,10,22
gpt-4o,S1_1,2,1,3,Wrong,0.1381522479755286,round,,D_local,S_final,10,10,22
gpt-4o,S1_1,3,1,1,Wrong,0.1656569128190063,round,,D_local,S_final,10,10,22
gpt-4o,S1_1,3,1,2,Wrong,0.14412769802901731,round,,D_local,S_final,10,10,22
gpt-4o,S1_1,3,1,3,Wrong,0.14228085673771257,round,,D_local,S_final,10,10,22
gpt-4o,S1_1,3,2,1,Correct,0.2100310277888724,round,,D_local,S_final,10,10,22
gpt-4o,S1_1,3,2,2,Correct,0.16866507170451817,round,,D_local,S_final,10,10,22
gpt-4o,S1_1,3,2,3,Correct,0.19513799023969003,round,,D_local,S_final,10,10,22
gpt-4o,S1_1,4,1,1,Correct,0.1155818923850882,round,,D_local,S_final,10,10,22
gpt-4o,S1_1,4,1,2,Wrong,0.08614873296117609,round,,D_local,S_final,10,10,22
gpt-4o,S1_1,4,1,3,Wrong,0.09870952646318043,round,,D_local,S_final,10,10,22
gpt-4o,S1_1,4,2,1,Correct,0.09205511100190222,round,,D_local,S_final,10,10,22
gpt-4o,S1_1,4,2,2,Correct,0.10599872377479025,round,,D_local,S_final,10,10,22
gpt-4o,S1_1,4,2,3,Wrong,0.08053599726619398,round,,D_local,S_final,10,10,22
gpt-4o,S1_1,4,3,1,Correct,0.04307680939186653,round,,D_local,S_final,10,10,22
gpt-4o,S1_1,4,3,2,Wrong,0.03358565780397493,round,,D_local,S_final,10,10,22
gpt-4o,S1_1,4,3,3,Correct,0.03875854382756849,round,,D_local,S_final,10,10,22
gpt-4o,S1_1,5,1,1,Correct,0.09018554516655541,round,,D_local,S_final,10,10,22
gpt-4o,S1_1,5,1,2,Correct,0.11738143239992405,round,,D_local,S_final,10,10,22
gpt-4o,S1_1,5,1,3,Correct,0.09556015732503453,round,,D_local,S_final,10,10,22
gpt-4o,S1_1,5,2,1,Correct,0.058897669129657326,round,,D_local,S_final,10,10,22
gpt-4o,S1_1,5,2,2,Correct,0.05142873190003705,round,,D_local,S_final,10,10,22
gpt-4o,S1_1,5,2,3,Correct,0.05632695817856048,round,,D_local,S_final,10,10,22
gpt-4o,S1_1,5,3,1,Wrong,0.06635045310748611,round,,D_local,S_final,10,10,22
gpt-4o,S1_1,5,3,2,Wrong,0.0689478797366555,round,,D_local,S_final,10,10,22
gpt-4o,S1_1,5,3,3,Wrong,0.06501627278099487,round,,D_local,S_final,10,10,22
gpt-4o,S1_1,6,1,1,Correct,0.09118816104802296,round,,D_local,S_final,10,10,22
gpt-4o,S1_1,6,1,2,Correct,0.09748301387933911,round,,D_local,S_final,10,10,22
gpt-4o,S1_1,6,1,3,Correct,0.09689243300101946,round,,D_local,S_final,10,10,22
gpt-4o,S1_1,6,2,1,Wrong,0.015877122531170906,round,,D_local,S_final,10,10,22
gpt-4o,S1_1,6,2,2,Wrong,0.0032556848437144126,round,,D_local,S_final,10,10,22
gpt-4o,S1_1,6,2,3,Wrong,0.037106595764273664,round,,D_local,S_final,10,10,22
gpt-4o,S1_1,6,3,1,Correct,0.05869936991780622,round,,D_local,S_final,10,10,22
gpt-4o,S1_1,6,3,2,Correct,0.05600224841036394,round,,D_local,S_final,10,10,22
gpt-4o,S1_1,6,3,3,Correct,0.05067596624037085,round,,D_local,S_final,10,10,22
gpt-4o,S1_1,7,1,1,Wrong,0.08653825990402697,round,,D_local,S_final,10,10,22
gpt-4o,S1_1,7,1,2,Wrong,0.09620930324718746,round,,D_local,S_final,10,10,22
gpt-4o,S1_1,7,1,3,Wrong,0.09086283478764412,round,,D_local,S_final,10,10,22
gpt-4o,S1_1,7,2,1,Wrong,0.08509295739341605,round,,D_local,S_final,10,10,22
gpt-4o,S1_1,7,2,2,Wrong,0.0766137179004045,round,,D_local,S_final,10,10,22
gpt-4o,S1_1,7,2,3,Correct,0.06714830714805842,round,,D_local,S_final,10,10,22
gpt-4o,S1_1,7,3,1,Wrong,-0.01713502180410853,round,,D_local,S_final,10,10,22
gpt-4o,S1_1,7,3,2,Wrong,-0.024328961917236103,round,,D_local,S_final,10,10,22
gpt-4o,S1_1,7,3,3,Wrong,-0.01429939085160481,round,,D_local,S_final,10,10,22
gpt-4o,S1_1,7,4,1,Correct,0.0017545935633853649,round,,D_local,S_final,10,10,22
gpt-4o,S1_1,7,4,2,Correct,-0.0017129706164172864,round,,D_local,S_final,10,10,22
gpt-4o,S1_1,7,4,3,Correct,0.0036589510122527757,round,,D_local,S_final,10,10,22
gpt-4o,S1_1,7,5,1,Correct,0.03246948171452102,round,,D_local,S_final,10,10,22
gpt-4o,S1_1,7,5,2,Correct,0.03718522321128792,round,,D_local,S_final,10,10,22
gpt-4o,S1_1,7,5,3,Correct,0.04565488906483217,round,,D_local,S_final,10,10,22
gpt-4o,S1_1,7,6,1,Wrong,-0.03075692740555047,round,,D_local,S_final,10,10,22
gpt-4o,S1_1,7,6,2,Wrong,-0.024866021857595788,round,,D_local,S_final,10,10,22
gpt-4o,S1_1,7,6,3,Wrong,-0.025380408596524684,round,,D_local,S_final,10,10,22
gpt-4o,S1_1,7,7,1,Wrong,0.05219283026853694,round,,D_local,S_final,10,10,22
gpt-4o,S1_1,7,7,2,Wrong,0.04868078825851174,round,,D_local,S_final,10,10,22
gpt-4o,S1_1,7,7,3,Wrong,0.06212619257228491,round,,D_local,S_final,10,10,22
gpt-4o,S1_1,7,8,1,Correct,-0.002279066923226103,round,,D_local,S_final,10,10,22
gpt-4o,S1_1,7,8,2,Correct,-0.005925758907247003,round,,D_local,S_final,10,10,22
gpt-4o,S1_1,7,8,3,Correct,0.02462318516761519,round,,D_local,S_final,10,10,22
gpt-4o,S1_1,7,9,1,Correct,0.05853278635025838,round,,D_local,S_final,10,10,22
gpt-4o,S1_1,7,9,2,Correct,0.03299525218704735,round,,D_local,S_final,10,10,22
gpt-4o,S1_1,7,9,3,Correct,0.07603181684226978,round,,D_local,S_final,10,10,22
gpt-4o,S1_1,7,10,1,Wrong,0.0078986094822453,round,,D_local,S_final,10,10,22
gpt-4o,S1_1,7,10,2,Wrong,0.022152131193408864,round,,D_local,S_final,10,10,22
gpt-4o,S1_1,7,10,3,Wrong,0.012339122989263318,round,,D_local,S_final,10,10,22
gpt-4o,S1_1,7,11,1,Wrong,0.026991320748550485,round,,D_local,S_final,10,10,22
gpt-4o,S1_1,7,11,2,Wrong,0.024412820055093154,round,,D_local,S_final,10,10,22
gpt-4o,S1_1,7,11,3,Wrong,0.056717432520352884,round,,D_local,S_final,10,10,22
gpt-4o,S1_1,8,1,1,Wrong,0.0637390245427083,round,,D_local,S_final,10,10,22
gpt-4o,S1_1,8,1,2,Wrong,0.05998685479293786,round,,D_local,S_final,10,10,22
gpt-4o,S1_1,8,1,3,Correct,0.05757034349081791,round,,D_local,S_final,10,10,22
gpt-4o,S1_1,8,2,1,Correct,0.053361198180869485,round,,D_local,S_final,10,10,22
gpt-4o,S1_1,8,2,2,Correct,0.07875288140225956,round,,D_local,S_final,10,10,22
gpt-4o,S1_1,8,2,3,Correct,0.04545685721990622,round,,D_local,S_final,10,10,22
gpt-4o,S1_1,8,3,1,Correct,0.010140174545900105,round,,D_local,S_final,10,10,22
gpt-4o,S1_1,8,3,2,Correct,0.013294193318453384,round,,D_local,S_final,10,10,22
gpt-4o,S1_1,8,3,3,Correct,0.016957427141307324,round,,D_local,S_final,10,10,22
gpt-4o,S1_1,8,4,1,Correct,-0.020510446267851812,round,,D_local,S_final,10,10,22
gpt-4o,S1_1,8,4,2,Correct,-0.027209823779412723,round,,D_local,S_final,10,10,22
gpt-4o,S1_1,8,4,3,Correct,-0.017447631592429902,round,,D_local,S_final,10,10,22
gpt-4o,S1_1,9,1,1,Correct,0.041420715980580614,round,,D_local,S_final,10,10,22
gpt-4o,S1_1,9,1,2,Correct,0.04746780526809302,round,,D_local,S_final,10,10,22
gpt-4o,S1_1,9,1,3,Correct,0.037607981950949165,round,,D_local,S_final,10,10,22
gpt-4o,S1_1,9,2,1,Wrong,0.0540590530372832,round,,D_local,S_final,10,10,22
gpt-4o,S1_1,9,2,2,Wrong,0.03558986318999657,round,,D_local,S_final,10,10,22
gpt-4o,S1_1,9,2,3,Wrong,0.04913840167540595,round,,D_local,S_final,10,10,22
gpt-4o,S1_1,9,3,1,Correct,0.051255169040867576,round,,D_local,S_final,10,10,22
gpt-4o,S1_1,9,3,2,Correct,0.07806177286925431,round,,D_local,S_final,10,10,22
gpt-4o,S1_1,9,3,3,Correct,0.07572728572695575,round,,D_local,S_final,10,10,22
gpt-4o,S1_1,10,1,1,Wrong,0.09368485365933121,round,,D_local,S_final,10,10,22
gpt-4o,S1_1,10,1,2,Wrong,0.08720267641755985,round,,D_local,S_final,10,10,22
gpt-4o,S1_1,10,1,3,Wrong,0.0921091926067179,round,,D_local,S_final,10,10,22
gpt-4o,S1_1,10,2,1,Wrong,0.10386359871053358,round,,D_local,S_final,10,10,22
gpt-4o,S1_1,10,2,2,Wrong,0.08690349442673784,round,,D_local,S_final,10,10,22
gpt-4o,S1_1,10,2,3,Wrong,0.09624610549596946,round,,D_local,S_final,10,10,22
gpt-4o,S1_1,11,1,1,Wrong,-0.036877419482488905,round,,D_local,S_final,10,10,22
gpt-4o,S1_1,11,1,2,Wrong,-0.026474667791429984,round,,D_local,S_final,10,10,22
gpt-4o,S1_1,11,1,3,Wrong,-0.06923855271976997,round,,D_local,S_final,10,10,22
gpt-4o,S1_1,12,1,1,Correct,-0.041718699501012146,round,,D_local,S_final,10,10,22
gpt-4o,S1_1,12,1,2,Correct,-0.002432415521537612,round,,D_local,S_final,10,10,22
gpt-4o,S1_1,12,1,3,Correct,-0.028221253304122285,round,,D_local,S_final,10,10,22
gpt-4o,S1_1,13,1,1,Correct,0.15898416499428958,round,,D_local,S_final,10,10,22
gpt-4o,S1_1,13,1,2,Correct,0.14356755472726046,round,,D_local,S_final,10,10,22
gpt-4o,S1_1,13,1,3,Correct,0.14406680644415715,round,,D_local,S_final,10,10,22
gpt-4o,S1_1,13,2,1,Correct,-0.01976191713186981,round,,D_local,S_final,10,10,22
gpt-4o,S1_1,13,2,2,Correct,-0.018289659655458035,round,,D_local,S_final,10,10,22
gpt-4o,S1_1,13,2,3,Correct,-0.039934916289479094,round,,D_local,S_final,10,10,22
gpt-4o,S1_1,13,3,1,Wrong,0.021593508130335892,round,,D_local,S_final,10,10,22
gpt-4o,S1_1,13,3,2,Wrong,0.02548048011427584,round,,D_local,S_final,10,10,22
gpt-4o,S1_1,13,3,3,Correct,0.003770820835191757,round,,D_local,S_final,10,10,22
gpt-4o,S1_1,14,1,1,Correct,0.030902652586736634,round,,D_local,S_final,10,10,22
gpt-4o,S1_1,14,1,2,Wrong,0.02855894134833248,round,,D_local,S_final,10,10,22
gpt-4o,S1_1,14,1,3,Wrong,0.02020139760607753,round,,D_local,S_final,10,10,22
gpt-4o,S1_1,15,1,1,Wrong,-0.05939056476295779,round,,D_local,S_final,10,10,22
gpt-4o,S1_1,15,1,2,Wrong,-0.08588786757972511,round,,D_local,S_final,10,10,22
gpt-4o,S1_1,15,1,3,Wrong,-0.08540514096178853,round,,D_local,S_final,10,10,22
gpt-4o,S1_1,16,1,1,Correct,0.12136820867868814,round,,D_local,S_final,10,10,22
gpt-4o,S1_1,16,1,2,Correct,0.13584992546417984,round,,D_local,S_final,10,10,22
gpt-4o,S1_1,16,1,3,Correct,0.13311907770143683,round,,D_local,S_final,10,10,22
gpt-4o,S1_1,17,1,1,Correct,0.02897441225966546,round,,D_local,S_final,10,10,22
gpt-4o,S1_1,17,1,2,Correct,0.07467563384027287,round,,D_local,S_final,10,10,22
gpt-4o,S1_1,17,1,3,Correct,0.06578139652278203,round,,D_local,S_final,10,10,22
gpt-4o,S1_1,18,1,1,Correct,0.10833114503404129,round,,D_local,S_final,10,10,22
gpt-4o,S1_1,18,1,2,Correct,0.13346182612549018,round,,D_local,S_final,10,10,22
gpt-4o,S1_1,18,1,3,Correct,0.15230567885902013,round,,D_local,S_final,10,10,22
gpt-4o,S1_1,19,1,1,Correct,0.07965438245515322,round,,D_local,S_final,10,10,22
gpt-4o,S1_1,19,1,2,Correct,0.0784358227653853,round,,D_local,S_final,10,10,22
gpt-4o,S1_1,19,1,3,Correct,0.061770885494638716,round,,D_local,S_final,10,10,22
gpt-4o,S1_1,20,1,1,Correct,0.05489565465910651,round,,D_local,S_final,10,10,22
gpt-4o,S1_1,20,1,2,Correct,0.10020869037758506,round,,D_local,S_final,10,10,22
gpt-4o,S1_1,20,1,3,Wrong,0.09057511908495919,round,,D_local,S_final,10,10,22
gpt-4o,S1_1,21,1,1,Correct,0.07101638670768973,round,,D_local,S_final,10,10,22
gpt-4o,S1_1,21,1,2,Correct,0.10265305011246084,round,,D_local,S_final,10,10,22
gpt-4o,S1_1,21,1,3,Correct,0.11446292236935363,round,,D_local,S_final,10,10,22
gpt-4o,S1_1,22,1,1,Correct,0.027148969631912157,round,,D_local,S_final,10,10,22
gpt-4o,S1_1,22,1,2,Correct,0.02793308058206212,round,,D_local,S_final,10,10,22
gpt-4o,S1_1,22,1,3,Correct,0.015754409127275992,round,,D_local,S_final,10,10,22
gpt-4o,S1_1,23,1,1,Correct,0.06107014005483924,round,,D_local,S_final,10,10,22
gpt-4o,S1_1,23,1,2,Correct,0.04630899466925886,round,,D_local,S_final,10,10,22
gpt-4o,S1_1,23,1,3,Correct,0.054591332379324564,round,,D_local,S_final,10,10,22
gpt-4o,S1_1,24,1,1,Correct,0.03600399410232069,round,,D_local,S_final,10,10,22
gpt-4o,S1_1,24,1,2,Correct,0.025004750127232467,round,,D_local,S_final,10,10,22
gpt-4o,S1_1,24,1,3,Correct,0.02780401968590629,round,,D_local,S_final,10,10,22
gpt-4o,S1_1,25,1,1,Correct,0.03056088393963663,round,,D_local,S_final,10,10,22
gpt-4o,S1_1,25,1,2,Correct,-0.021278563862399735,round,,D_local,S_final,10,10,22
gpt-4o,S1_1,25,1,3,Correct,-0.001570189219341156,round,,D_local,S_final,10,10,22
gpt-4o,S1_1,25,2,1,Correct,0.05411024085073812,round,,D_local,S_final,10,10,22
gpt-4o,S1_1,25,2,2,Correct,0.06228428360981997,round,,D_local,S_final,10,10,22
gpt-4o,S1_1,25,2,3,Correct,0.04579673662294359,round,,D_local,S_final,10,10,22
gpt-4o,S1_1,26,1,1,Correct,0.061344420460563875,round,,D_local,S_final,10,10,22
gpt-4o,S1_1,26,1,2,Correct,0.06578183681563676,round,,D_local,S_final,10,10,22
gpt-4o,S1_1,26,1,3,Correct,0.07464902187913369,round,,D_local,S_final,10,10,22
gpt-4o,S1_1,26,2,1,Correct,-0.06988892137699271,round,,D_local,S_final,10,10,22
gpt-4o,S1_1,26,2,2,Correct,-0.06359407538515327,round,,D_local,S_final,10,10,22
gpt-4o,S1_1,26,2,3,Correct,-0.057574364226563646,round,,D_local,S_final,10,10,22
gpt-4o,S1_1,26,3,1,Correct,-0.036313952907448654,round,,D_local,S_final,10,10,22
gpt-4o,S1_1,26,3,2,Correct,-0.04767649670236673,round,,D_local,S_final,10,10,22
gpt-4o,S1_1,26,3,3,Correct,-0.02260976395540132,round,,D_local,S_final,10,10,22
gpt-4o,S1_1,26,4,1,Correct,0.14987551700333174,round,,D_local,S_final,10,10,22
gpt-4o,S1_1,26,4,2,Correct,0.10998237203706607,round,,D_local,S_final,10,10,22
gpt-4o,S1_1,26,4,3,Correct,0.11755525448898857,round,,D_local,S_final,10,10,22
gpt-4o,S1_1,27,1,1,Correct,0.06388701628254445,round,,D_local,S_final,10,10,22
gpt-4o,S1_1,27,1,2,Correct,0.03924202392768539,round,,D_local,S_final,10,10,22
gpt-4o,S1_1,27,1,3,Wrong,0.05451996831023631,round,,D_local,S_final,10,10,22
gpt-4o,S1_1,27,2,1,Correct,-0.02909019984588923,round,,D_local,S_final,10,10,22
gpt-4o,S1_1,27,2,2,Correct,-0.059741224095828216,round,,D_local,S_final,10,10,22
gpt-4o,S1_1,27,2,3,Correct,-0.03854752534443162,round,,D_local,S_final,10,10,22
gpt-4o,S1_1,27,3,1,Correct,-0.04402700801967302,round,,D_local,S_final,10,10,22
gpt-4o,S1_1,27,3,2,Correct,-0.054759892780931074,round,,D_local,S_final,10,10,22
gpt-4o,S1_1,27,3,3,Correct,-0.054973523159219495,round,,D_local,S_final,10,10,22
gpt-4o,S1_1,27,4,1,Correct,0.18577607968809556,round,,D_local,S_final,10,10,22
gpt-4o,S1_1,27,4,2,Correct,0.171404516680418,round,,D_local,S_final,10,10,22
gpt-4o,S1_1,27,4,3,Correct,0.19135938861247054,round,,D_local,S_final,10,10,22
gpt-4o,S1_1,28,1,1,Wrong,0.048373264668510496,round,,D_local,S_final,10,10,22
gpt-4o,S1_1,28,1,2,Correct,0.07217372100553937,round,,D_local,S_final,10,10,22
gpt-4o,S1_1,28,1,3,Correct,0.026229268277112472,round,,D_local,S_final,10,10,22
gpt-4o,S1_1,28,2,1,Correct,-0.00283130930585751,round,,D_local,S_final,10,10,22
gpt-4o,S1_1,28,2,2,Correct,-0.04293917247503787,round,,D_local,S_final,10,10,22
gpt-4o,S1_1,28,2,3,Correct,-0.02214272183937782,round,,D_local,S_final,10,10,22
gpt-4o,S1_1,29,1,1,Correct,0.13287999895425034,round,,D_local,S_final,10,10,22
gpt-4o,S1_1,29,1,2,Wrong,0.0896112187407625,round,,D_local,S_final,10,10,22
gpt-4o,S1_1,29,1,3,Correct,0.12828263472174706,round,,D_local,S_final,10,10,22
gpt-4o,S1_1,29,2,1,Correct,-0.006138255589627106,round,,D_local,S_final,10,10,22
gpt-4o,S1_1,29,2,2,Correct,-0.03626753621675005,round,,D_local,S_final,10,10,22
gpt-4o,S1_1,29,2,3,Correct,-0.06536843300194156,round,,D_local,S_final,10,10,22
gpt-4o,S1_1,30,1,1,Correct,0.0583866796456195,round,,D_local,S_final,10,10,22
gpt-4o,S1_1,30,1,2,Correct,0.06860245851776992,round,,D_local,S_final,10,10,22
gpt-4o,S1_1,30,1,3,Correct,0.04682414071387503,round,,D_local,S_final,10,10,22
gpt-4o,S1_1,30,2,1,Correct,-0.07274114470212889,round,,D_local,S_final,10,10,22
gpt-4o,S1_1,30,2,2,Correct,-0.0863159433870026,round,,D_local,S_final,10,10,22
gpt-4o,S1_1,30,2,3,Correct,-0.030573619482567205,round,,D_local,S_final,10,10,22
gpt-4o,S1_1,31,1,1,Wrong,0.11031461402555776,round,,D_local,S_final,10,10,22
gpt-4o,S1_1,31,1,2,Wrong,0.08396069629952463,round,,D_local,S_final,10,10,22
gpt-4o,S1_1,31,1,3,Wrong,0.08399493828777471,round,,D_local,S_final,10,10,22
gpt-4o,S1_1,32,1,1,Correct,0.08134834084384635,round,,D_local,S_final,10,10,22
gpt-4o,S1_1,32,1,2,Correct,0.03689188695458856,round,,D_local,S_final,10,10,22
gpt-4o,S1_1,32,1,3,Wrong,0.051129618787213116,round,,D_local,S_final,10,10,22
gpt-4o,S1_1,33,1,1,Wrong,0.05655526315952247,round,,D_local,S_final,10,10,22
gpt-4o,S1_1,33,1,2,Correct,0.07581294015515055,round,,D_local,S_final,10,10,22
gpt-4o,S1_1,33,1,3,Correct,0.08493939233483028,round,,D_local,S_final,10,10,22
gpt-4o,S1_1,34,1,1,Correct,0.04641809476174863,round,,D_local,S_final,10,10,22
gpt-4o,S1_1,34,1,2,Correct,0.05100636759781352,round,,D_local,S_final,10,10,22
gpt-4o,S1_1,34,1,3,Correct,0.027987076172761305,round,,D_local,S_final,10,10,22
gpt-4o,S1_1,35,1,1,Wrong,-0.02700371202441365,round,,D_local,S_final,10,10,22
gpt-4o,S1_1,35,1,2,Wrong,-0.018866897110735525,round,,D_local,S_final,10,10,22
gpt-4o,S1_1,35,1,3,Wrong,-0.007895264040156169,round,,D_local,S_final,10,10,22
gpt-4o,S1_1,36,1,1,Wrong,0.07915379470241957,round,,D_local,S_final,10,10,22
gpt-4o,S1_1,36,1,2,Wrong,0.09134902901088204,round,,D_local,S_final,10,10,22
gpt-4o,S1_1,36,1,3,Correct,0.09429324031055009,round,,D_local,S_final,10,10,22
gpt-4o,S1_1,36,2,1,Wrong,0.044526602139064675,round,,D_local,S_final,10,10,22
gpt-4o,S1_1,36,2,2,Wrong,0.03824033401173754,round,,D_local,S_final,10,10,22
gpt-4o,S1_1,36,2,3,Correct,0.04998412028999799,round,,D_local,S_final,10,10,22
gpt-4o,S1_1,36,3,1,Correct,0.028046177714847964,round,,D_local,S_final,10,10,22
gpt-4o,S1_1,36,3,2,Wrong,0.04148046162548491,round,,D_local,S_final,10,10,22
gpt-4o,S1_1,36,3,3,Wrong,0.03280457501080836,round,,D_local,S_final,10,10,22
gpt-4o,S1_1,37,1,1,Correct,0.0058817007804540244,round,,D_local,S_final,10,10,22
gpt-4o,S1_1,37,1,2,Correct,0.11161758822221624,round,,D_local,S_final,10,10,22
gpt-4o,S1_1,37,1,3,Correct,0.1086039337608079,round,,D_local,S_final,10,10,22
gpt-4o,S1_1,37,2,1,Wrong,0.11222766398835837,round,,D_local,S_final,10,10,22
gpt-4o,S1_1,37,2,2,Wrong,0.07850806304460323,round,,D_local,S_final,10,10,22
gpt-4o,S1_1,37,2,3,Wrong,0.1177440677268875,round,,D_local,S_final,10,10,22
gpt-4o,S1_1,38,1,1,Correct,-0.14070347203298222,round,,D_local,S_final,10,10,22
gpt-4o,S1_1,38,1,2,Correct,-0.1183967065048318,round,,D_local,S_final,10,10,22
gpt-4o,S1_1,38,1,3,Correct,-0.12289411396033151,round,,D_local,S_final,10,10,22
gpt-4o,S1_1,38,2,1,Wrong,-0.1463763472040791,round,,D_local,S_final,10,10,22
gpt-4o,S1_1,38,2,2,Wrong,-0.13918614532566825,round,,D_local,S_final,10,10,22
gpt-4o,S1_1,38,2,3,Correct,-0.14340779964767914,round,,D_local,S_final,10,10,22
gpt-4o,S1_1,39,1,1,Wrong,-0.009164984697691225,round,,D_local,S_final,10,10,22
gpt-4o,S1_1,39,1,2,Wrong,-0.03326246723918802,round,,D_local,S_final,10,10,22
gpt-4o,S1_1,39,1,3,Wrong,-0.035804392041550726,round,,D_local,S_final,10,10,22
gpt-4o,S1_1,39,2,1,Correct,0.1397560100439269,round,,D_local,S_final,10,10,22
gpt-4o,S1_1,39,2,2,Correct,0.14818577219197115,round,,D_local,S_final,10,10,22
gpt-4o,S1_1,39,2,3,Correct,0.13888313025695342,round,,D_local,S_final,10,10,22
gpt-4o,S1_1,40,1,1,Correct,0.05944516882188988,round,,D_local,S_final,10,10,22
gpt-4o,S1_1,40,1,2,Correct,0.08438482439084505,round,,D_local,S_final,10,10,22
gpt-4o,S1_1,40,1,3,Correct,0.0815373543340785,round,,D_local,S_final,10,10,22
gpt-4o,S1_1,40,2,1,Wrong,0.08106554307041436,round,,D_local,S_final,10,10,22
gpt-4o,S1_1,40,2,2,Wrong,0.059516255978484534,round,,D_local,S_final,10,10,22
gpt-4o,S1_1,40,2,3,Wrong,0.07952904643066261,round,,D_local,S_final,10,10,22
gpt-4o,S1_1,40,3,1,Wrong,0.04864320099470909,round,,D_local,S_final,10,10,22
gpt-4o,S1_1,40,3,2,Wrong,0.04333759264805581,round,,D_local,S_final,10,10,22
gpt-4o,S1_1,40,3,3,Wrong,0.07182601796408394,round,,D_local,S_final,10,10,22
gpt-4o,S1_1,40,4,1,Wrong,0.01579165893761436,round,,D_local,S_final,10,10,22
gpt-4o,S1_1,40,4,2,Wrong,0.056494034949408634,round,,D_local,S_final,10,10,22
gpt-4o,S1_1,40,4,3,Wrong,-0.013463533817424045,round,,D_local,S_final,10,10,22
gpt-4o,S1_1,40,5,1,Wrong,0.03438436885251739,round,,D_local,S_final,10,10,22
gpt-4o,S1_1,40,5,2,Wrong,0.046099145990526225,round,,D_local,S_final,10,10,22
gpt-4o,S1_1,40,5,3,Wrong,0.06182097325626046,round,,D_local,S_final,10,10,22
gpt-4o,S1_1,40,6,1,Correct,0.01097009515467784,round,,D_local,S_final,10,10,22
gpt-4o,S1_1,40,6,2,Correct,0.04362251576306975,round,,D_local,S_final,10,10,22
gpt-4o,S1_1,40,6,3,Correct,0.051394083591230544,round,,D_local,S_final,10,10,22
gpt-4o,S1_1,41,1,1,Wrong,0.06682675489702472,round,,D_local,S_final,10,10,22
gpt-4o,S1_1,41,1,2,Wrong,0.0740702028074588,round,,D_local,S_final,10,10,22
gpt-4o,S1_1,41,1,3,Wrong,0.05738614717279411,round,,D_local,S_final,10,10,22
gpt-4o,S1_1,42,1,1,Correct,-0.03387525256846402,round,,D_local,S_final,10,10,22
gpt-4o,S1_1,42,1,2,Correct,-0.02197944247056305,round,,D_local,S_final,10,10,22
gpt-4o,S1_1,42,1,3,Correct,-0.01929814022358156,round,,D_local,S_final,10,10,22
gpt-4o,S1_1,43,1,1,Correct,-0.02054964923129099,round,,D_local,S_final,10,10,22
gpt-4o,S1_1,43,1,2,Correct,-0.0264882750716795,round,,D_local,S_final,10,10,22
gpt-4o,S1_1,43,1,3,Correct,-0.051626294454566235,round,,D_local,S_final,10,10,22
gpt-4o,S1_1,44,1,1,Correct,0.12210964825837978,round,,D_local,S_final,10,10,22
gpt-4o,S1_1,44,1,2,Correct,0.09739231501389589,round,,D_local,S_final,10,10,22
gpt-4o,S1_1,44,1,3,Correct,0.05337037539060241,round,,D_local,S_final,10,10,22
gpt-4o,S1_1,45,1,1,Correct,0.08598990837525444,round,,D_local,S_final,10,10,22
gpt-4o,S1_1,45,1,2,Correct,0.11179316981548992,round,,D_local,S_final,10,10,22
gpt-4o,S1_1,45,1,3,Correct,0.09533980448992785,round,,D_local,S_final,10,10,22
gpt-4o,S1_1,45,2,1,Wrong,-0.058650907225211046,round,,D_local,S_final,10,10,22
gpt-4o,S1_1,45,2,2,Wrong,0.004552383808467786,round,,D_local,S_final,10,10,22
gpt-4o,S1_1,45,2,3,Wrong,-0.010098055911218484,round,,D_local,S_final,10,10,22
gpt-4o,S1_1,45,3,1,Wrong,-0.029682158796989544,round,,D_local,S_final,10,10,22
gpt-4o,S1_1,45,3,2,Wrong,-0.019242318393380864,round,,D_local,S_final,10,10,22
gpt-4o,S1_1,45,3,3,Wrong,-0.043391875965843374,round,,D_local,S_final,10,10,22
gpt-4o,S1_1,46,1,1,Correct,0.05326471179299852,round,,D_local,S_final,10,10,22
gpt-4o,S1_1,46,1,2,Correct,0.08595003482637842,round,,D_local,S_final,10,10,22
gpt-4o,S1_1,46,1,3,Correct,0.0841313468121282,round,,D_local,S_final,10,10,22
gpt-4o,S1_1,46,2,1,Correct,0.07614335054240962,round,,D_local,S_final,10,10,22
gpt-4o,S1_1,46,2,2,Correct,0.05853571240830291,round,,D_local,S_final,10,10,22
gpt-4o,S1_1,46,2,3,Correct,0.08022277561713609,round,,D_local,S_final,10,10,22
gpt-4o,S1_1,47,1,1,Correct,0.10995890213397408,round,,D_local,S_final,10,10,22
gpt-4o,S1_1,47,1,2,Correct,0.10683116045023378,round,,D_local,S_final,10,10,22
gpt-4o,S1_1,47,1,3,Correct,0.09662158050355052,round,,D_local,S_final,10,10,22
gpt-4o,S1_1,47,2,1,Correct,0.009806815726834506,round,,D_local,S_final,10,10,22
gpt-4o,S1_1,47,2,2,Correct,0.042606886818011835,round,,D_local,S_final,10,10,22
gpt-4o,S1_1,47,2,3,Correct,0.026326348614060913,round,,D_local,S_final,10,10,22
gpt-4o,S1_1,48,1,1,Wrong,0.04812674237818515,round,,D_local,S_final,10,10,22
gpt-4o,S1_1,48,1,2,Wrong,0.05930868839513004,round,,D_local,S_final,10,10,22
gpt-4o,S1_1,48,1,3,Wrong,0.020670820635310505,round,,D_local,S_final,10,10,22
gpt-4o,S1_1,48,2,1,Correct,0.005754672808607253,round,,D_local,S_final,10,10,22
gpt-4o,S1_1,48,2,2,Correct,-0.023615217907652086,round,,D_local,S_final,10,10,22
gpt-4o,S1_1,48,2,3,Correct,-0.002588291503725526,round,,D_local,S_final,10,10,22
gpt-4o,S1_1,49,1,1,Wrong,-0.0015491122553675796,round,,D_local,S_final,10,10,22
gpt-4o,S1_1,49,1,2,Wrong,0.029309135699827737,round,,D_local,S_final,10,10,22
gpt-4o,S1_1,49,1,3,Wrong,-0.004179780677518674,round,,D_local,S_final,10,10,22
gpt-4o,S1_1,50,1,1,Correct,-0.02853906783069371,round,,D_local,S_final,10,10,22
gpt-4o,S1_1,50,1,2,Correct,-0.06881347042463459,round,,D_local,S_final,10,10,22
gpt-4o,S1_1,50,1,3,Correct,-0.05107790016902625,round,,D_local,S_final,10,10,22
gpt-4o,S1_1,51,1,1,Wrong,0.11537012489505227,round,,D_local,S_final,10,10,22
gpt-4o,S1_1,51,1,2,Wrong,0.08339796969882929,round,,D_local,S_final,10,10,22
gpt-4o,S1_1,51,1,3,Wrong,0.10435009599060407,round,,D_local,S_final,10,10,22
gpt-4o,S1_1,52,1,1,Correct,0.1492634443367521,round,,D_local,S_final,10,10,22
gpt-4o,S1_1,52,1,2,Correct,0.1540668031165211,round,,D_local,S_final,10,10,22
gpt-4o,S1_1,52,1,3,Correct,0.1487899333352002,round,,D_local,S_final,10,10,22
gpt-4o,S1_1,53,1,1,Correct,0.003558785627911676,round,,D_local,S_final,10,10,22
gpt-4o,S1_1,53,1,2,Correct,0.0041502969625182295,round,,D_local,S_final,10,10,22
gpt-4o,S1_1,53,1,3,Correct,-0.003983241767840262,round,,D_local,S_final,10,10,22
gpt-4o,S1_1,53,2,1,Correct,0.07553203420820498,round,,D_local,S_final,10,10,22
gpt-4o,S1_1,53,2,2,Correct,0.07919136314504971,round,,D_local,S_final,10,10,22
gpt-4o,S1_1,53,2,3,Correct,0.10153770381561333,round,,D_local,S_final,10,10,22
gpt-4o,S1_1,54,1,1,Correct,-0.08916632781001366,round,,D_local,S_final,10,10,22
gpt-4o,S1_1,54,1,2,Correct,-0.11667230771505488,round,,D_local,S_final,10,10,22
gpt-4o,S1_1,54,1,3,Correct,-0.13540819795487524,round,,D_local,S_final,10,10,22
gpt-4o,S1_1,54,2,1,Correct,0.09917664300601037,round,,D_local,S_final,10,10,22
gpt-4o,S1_1,54,2,2,Correct,0.118406481472768,round,,D_local,S_final,10,10,22
gpt-4o,S1_1,54,2,3,Correct,0.11640525758174791,round,,D_local,S_final,10,10,22
gpt-4o,S1_1,55,1,1,Correct,0.00582374650426154,round,,D_local,S_final,10,10,22
gpt-4o,S1_1,55,1,2,Wrong,-0.032070368004924577,round,,D_local,S_final,10,10,22
gpt-4o,S1_1,55,1,3,Correct,0.02048321097315442,round,,D_local,S_final,10,10,22
gpt-4o,S1_1,55,2,1,Correct,0.14612900582585153,round,,D_local,S_final,10,10,22
gpt-4o,S1_1,55,2,2,Correct,0.1392125282014096,round,,D_local,S_final,10,10,22
gpt-4o,S1_1,55,2,3,Correct,0.12472950611976907,round,,D_local,S_final,10,10,22
gpt-4o,S1_1,56,1,1,Wrong,-0.024043282304733182,round,,D_local,S_final,10,10,22
gpt-4o,S1_1,56,1,2,Wrong,-0.016186363981468332,round,,D_local,S_final,10,10,22
gpt-4o,S1_1,56,1,3,Wrong,-0.02969608759270037,round,,D_local,S_final,10,10,22
gpt-4o,S1_1,56,2,1,Correct,0.02678973761662684,round,,D_local,S_final,10,10,22
gpt-4o,S1_1,56,2,2,Correct,0.04154438182073239,round,,D_local,S_final,10,10,22
gpt-4o,S1_1,56,2,3,Correct,0.052251445046203715,round,,D_local,S_final,10,10,22
gpt-4o,S1_1,57,1,1,Correct,-0.08996921588794643,round,,D_local,S_final,10,10,22
gpt-4o,S1_1,57,1,2,Correct,-0.08063822173424662,round,,D_local,S_final,10,10,22
gpt-4o,S1_1,57,1,3,Correct,-0.0835081735811038,round,,D_local,S_final,10,10,22
gpt-4o,S1_1,57,2,1,Correct,-0.1975589668150406,round,,D_local,S_final,10,10,22
gpt-4o,S1_1,57,2,2,Wrong,-0.15860260037392704,round,,D_local,S_final,10,10,22
gpt-4o,S1_1,57,2,3,Wrong,-0.13649449410322056,round,,D_local,S_final,10,10,22
gpt-4o,S1_1,58,1,1,Correct,-0.01682956626825205,round,,D_local,S_final,10,10,22
gpt-4o,S1_1,58,1,2,Correct,0.014551627830414415,round,,D_local,S_final,10,10,22
gpt-4o,S1_1,58,1,3,Correct,0.013374093291740774,round,,D_local,S_final,10,10,22
gpt-4o,S1_1,58,2,1,Correct,0.019186841442220604,round,,D_local,S_final,10,10,22
gpt-4o,S1_1,58,2,2,Correct,0.015560856267266443,round,,D_local,S_final,10,10,22
gpt-4o,S1_1,58,2,3,Correct,0.02864491079662368,round,,D_local,S_final,10,10,22
gpt-4o,S1_1,59,1,1,Correct,-0.050039444633142804,round,,D_local,S_final,10,10,22
gpt-4o,S1_1,59,1,2,Correct,-0.04750105668309568,round,,D_local,S_final,10,10,22
gpt-4o,S1_1,59,1,3,Correct,-0.028646842064328548,round,,D_local,S_final,10,10,22
gpt-4o,S1_1,59,2,1,Correct,0.08150865826235687,round,,D_local,S_final,10,10,22
gpt-4o,S1_1,59,2,2,Correct,0.0818199211172671,round,,D_local,S_final,10,10,22
gpt-4o,S1_1,59,2,3,Correct,0.06482221041164049,round,,D_local,S_final,10,10,22
gpt-4o,S1_1,60,1,1,Correct,-0.11592837287074592,round,,D_local,S_final,10,10,22
gpt-4o,S1_1,60,1,2,Correct,-0.09182473341726322,round,,D_local,S_final,10,10,22
gpt-4o,S1_1,60,1,3,Correct,-0.09940777851128335,round,,D_local,S_final,10,10,22
gpt-4o,S1_1,60,2,1,Correct,0.09484894151967838,round,,D_local,S_final,10,10,22
gpt-4o,S1_1,60,2,2,Correct,0.051788126438134574,round,,D_local,S_final,10,10,22
gpt-4o,S1_1,60,2,3,Correct,0.09232443523865164,round,,D_local,S_final,10,10,22
gpt-4o,S1_1,61,1,1,Correct,-0.04927211505810558,round,,D_local,S_final,10,10,22
gpt-4o,S1_1,61,1,2,Correct,-0.06699626510164525,round,,D_local,S_final,10,10,22
gpt-4o,S1_1,61,1,3,Correct,-0.06587603135303538,round,,D_local,S_final,10,10,22
gpt-4o,S1_1,61,2,1,Wrong,0.09047148831198115,round,,D_local,S_final,10,10,22
gpt-4o,S1_1,61,2,2,Correct,0.09151275145532034,round,,D_local,S_final,10,10,22
gpt-4o,S1_1,61,2,3,Correct,0.10543823178136824,round,,D_local,S_final,10,10,22
gpt-4o,S1_1,62,1,1,Correct,0.026174783038524052,round,,D_local,S_final,10,10,22
gpt-4o,S1_1,62,1,2,Correct,0.03978338983082175,round,,D_local,S_final,10,10,22
gpt-4o,S1_1,62,1,3,Correct,0.04584814862746056,round,,D_local,S_final,10,10,22
gpt-4o,S1_1,62,2,1,Correct,0.0229406863223911,round,,D_local,S_final,10,10,22
gpt-4o,S1_1,62,2,2,Correct,0.0334789216565794,round,,D_local,S_final,10,10,22
gpt-4o,S1_1,62,2,3,Correct,0.040788321399157446,round,,D_local,S_final,10,10,22
gpt-4o,S1_1,63,1,1,Correct,0.03871456016806296,round,,D_local,S_final,10,10,22
gpt-4o,S1_1,63,1,2,Correct,0.028185020473568856,round,,D_local,S_final,10,10,22
gpt-4o,S1_1,63,1,3,Correct,0.047390056891656984,round,,D_local,S_final,10,10,22
gpt-4o,S1_1,63,2,1,Correct,0.02627457451992099,round,,D_local,S_final,10,10,22
gpt-4o,S1_1,63,2,2,Correct,0.021218217153767815,round,,D_local,S_final,10,10,22
gpt-4o,S1_1,63,2,3,Correct,0.01892402999684195,round,,D_local,S_final,10,10,22
gpt-4o,S1_1,64,1,1,Correct,0.01907387120166304,round,,D_local,S_final,10,10,22
gpt-4o,S1_1,64,1,2,Correct,0.013260342064145725,round,,D_local,S_final,10,10,22
gpt-4o,S1_1,64,1,3,Correct,0.0030325213840772802,round,,D_local,S_final,10,10,22
gpt-4o,S1_1,64,2,1,Wrong,0.009508515002296103,round,,D_local,S_final,10,10,22
gpt-4o,S1_1,64,2,2,Wrong,-0.005836139162959664,round,,D_local,S_final,10,10,22
gpt-4o,S1_1,64,2,3,Wrong,-0.008347449539006235,round,,D_local,S_final,10,10,22
gpt-4o,S2_1,1,1,1,Correct,0.12037132271841866,round,,D_local,S_final,10,10,22
gpt-4o,S2_1,1,1,2,Correct,0.13367710554847567,round,,D_local,S_final,10,10,22
gpt-4o,S2_1,1,1,3,Correct,0.11414459299360735,round,,D_local,S_final,10,10,22
gpt-4o,S2_1,1,2,1,Correct,0.06393524788093807,round,,D_local,S_final,10,10,22
gpt-4o,S2_1,1,2,2,Correct,0.03102022215551259,round,,D_local,S_final,10,10,22
gpt-4o,S2_1,1,2,3,Correct,0.03399550984876287,round,,D_local,S_final,10,10,22
gpt-4o,S2_1,1,3,1,Correct,-0.026083316709199944,round,,D_local,S_final,10,10,22
gpt-4o,S2_1,1,3,2,Correct,-0.01719609798815902,round,,D_local,S_final,10,10,22
gpt-4o,S2_1,1,3,3,Correct,-0.011279373620304733,round,,D_local,S_final,10,10,22
gpt-4o,S2_1,1,4,1,Correct,0.0871493913530621,round,,D_local,S_final,10,10,22
gpt-4o,S2_1,1,4,2,Wrong,0.08302405819020398,round,,D_local,S_final,10,10,22
gpt-4o,S2_1,1,4,3,Correct,0.07805540637516961,round,,D_local,S_final,10,10,22
gpt-4o,S2_1,1,5,1,Correct,0.08768876432491135,round,,D_local,S_final,10,10,22
gpt-4o,S2_1,1,5,2,Wrong,0.0031190463492962728,round,,D_local,S_final,10,10,22
gpt-4o,S2_1,1,5,3,Wrong,0.01460450576392891,round,,D_local,S_final,10,10,22
gpt-4o,S2_1,2,1,1,Correct,0.19805518013431989,round,,D_local,S_final,10,10,22
gpt-4o,S2_1,2,1,2,Correct,0.18528207367741567,round,,D_local,S_final,10,10,22
gpt-4o,S2_1,2,1,3,Correct,0.19841488717880407,round,,D_local,S_final,10,10,22
gpt-4o,S2_1,3,1,1,Correct,0.19651267862429905,round,,D_local,S_final,10,10,22
gpt-4o,S2_1,3,1,2,Correct,0.20319825711682804,round,,D_local,S_final,10,10,22
gpt-4o,S2_1,3,1,3,Correct,0.19137386731822636,round,,D_local,S_final,10,10,22
gpt-4o,S2_1,3,2,1,Wrong,0.2242120199755666,round,,D_local,S_final,10,10,22
gpt-4o,S2_1,3,2,2,Correct,0.21968730130361303,round,,D_local,S_final,10,10,22
gpt-4o,S2_1,3,2,3,Correct,0.21787873695159565,round,,D_local,S_final,10,10,22
gpt-4o,S2_1,4,1,1,Correct,0.11326990943365212,round,,D_local,S_final,10,10,22
gpt-4o,S2_1,4,1,2,Correct,0.10365978294067757,round,,D_local,S_final,10,10,22
gpt-4o,S2_1,4,1,3,Correct,0.10936496657825978,round,,D_local,S_final,10,10,22
gpt-4o,S2_1,4,2,1,Wrong,0.0974635911730477,round,,D_local,S_final,10,10,22
gpt-4o,S2_1,4,2,2,Wrong,0.08577155175087536,round,,D_local,S_final,10,10,22
gpt-4o,S2_1,4,2,3,Wrong,0.08561185899719537,round,,D_local,S_final,10,10,22
gpt-4o,S2_1,4,3,1,Wrong,0.034421658950398726,round,,D_local,S_final,10,10,22
gpt-4o,S2_1,4,3,2,Correct,0.06747830049197867,round,,D_local,S_final,10,10,22
gpt-4o,S2_1,4,3,3,Correct,0.04137898407943852,round,,D_local,S_final,10,10,22
gpt-4o,S2_1,5,1,1,Correct,0.11931428922239806,round,,D_local,S_final,10,10,22
gpt-4o,S2_1,5,1,2,Correct,0.06650015494706696,round,,D_local,S_final,10,10,22
gpt-4o,S2_1,5,1,3,Wrong,0.10785851673086155,round,,D_local,S_final,10,10,22
gpt-4o,S2_1,5,2,1,Correct,0.06752779422545196,round,,D_local,S_final,10,10,22
gpt-4o,S2_1,5,2,2,Correct,0.057838316674429735,round,,D_local,S_final,10,10,22
gpt-4o,S2_1,5,2,3,Correct,0.05997986738830696,round,,D_local,S_final,10,10,22
gpt-4o,S2_1,5,3,1,Wrong,0.06916313197029023,round,,D_local,S_final,10,10,22
gpt-4o,S2_1,5,3,2,Wrong,0.06714519112323436,round,,D_local,S_final,10,10,22
gpt-4o,S2_1,5,3,3,Wrong,0.07074178355382965,round,,D_local,S_final,10,10,22
gpt-4o,S2_1,6,1,1,Correct,0.06733783814825622,round,,D_local,S_final,10,10,22
gpt-4o,S2_1,6,1,2,Correct,0.07954934193186303,round,,D_local,S_final,10,10,22
gpt-4o,S2_1,6,1,3,Correct,0.06277973774013379,round,,D_local,S_final,10,10,22
gpt-4o,S2_1,6,2,1,Wrong,-0.007532879616596655,round,,D_local,S_final,10,10,22
gpt-4o,S2_1,6,2,2,Wrong,0.0018530149091369186,round,,D_local,S_final,10,10,22
gpt-4o,S2_1,6,2,3,Wrong,0.028608720785156416,round,,D_local,S_final,10,10,22
gpt-4o,S2_1,6,3,1,Correct,0.05751734041703238,round,,D_local,S_final,10,10,22
gpt-4o,S2_1,6,3,2,Correct,0.0629058190509667,round,,D_local,S_final,10,10,22
gpt-4o,S2_1,6,3,3,Correct,0.04596382954684397,round,,D_local,S_final,10,10,22
gpt-4o,S2_1,7,1,1,Wrong,0.1208159009503963,round,,D_local,S_final,10,10,22
gpt-4o,S2_1,7,1,2,Wrong,0.1227395142980604,round,,D_local,S_final,10,10,22
gpt-4o,S2_1,7,1,3,Wrong,0.11590555966576965,round,,D_local,S_final,10,10,22
gpt-4o,S2_1,7,2,1,Wrong,0.09845880040504107,round,,D_local,S_final,10,10,22
gpt-4o,S2_1,7,2,2,Wrong,0.08826815103529018,round,,D_local,S_final,10,10,22
gpt-4o,S2_1,7,2,3,Wrong,0.09744097712800193,round,,D_local,S_final,10,10,22
gpt-4o,S2_1,7,3,1,Wrong,-0.00685222590805723,round,,D_local,S_final,10,10,22
gpt-4o,S2_1,7,3,2,Wrong,-0.024496280874800713,round,,D_local,S_final,10,10,22
gpt-4o,S2_1,7,3,3,Wrong,-0.016156389796967208,round,,D_local,S_final,10,10,22
gpt-4o,S2_1,7,4,1,Correct,-0.0030904909203467446,round,,D_local,S_final,10,10,22
gpt-4o,S2_1,7,4,2,Correct,-0.010934819036390486,round,,D_local,S_final,10,10,22
gpt-4o,S2_1,7,4,3,Correct,-0.010930194246679403,round,,D_local,S_final,10,10,22
gpt-4o,S2_1,7,5,1,Correct,0.02902684609694428,round,,D_local,S_final,10,10,22
gpt-4o,S2_1,7,5,2,Correct,0.040193478056150145,round,,D_local,S_final,10,10,22
gpt-4o,S2_1,7,5,3,Correct,0.03423999143248091,round,,D_local,S_final,10,10,22
gpt-4o,S2_1,7,6,1,Wrong,-0.04241027877806336,round,,D_local,S_final,10,10,22
gpt-4o,S2_1,7,6,2,Wrong,-0.013853549260468778,round,,D_local,S_final,10,10,22
gpt-4o,S2_1,7,6,3,Wrong,-0.040130980573729325,round,,D_local,S_final,10,10,22
gpt-4o,S2_1,7,7,1,Wrong,0.05672879682425158,round,,D_local,S_final,10,10,22
gpt-4o,S2_1,7,7,2,Wrong,0.059280616838213285,round,,D_local,S_final,10,10,22
gpt-4o,S2_1,7,7,3,Wrong,0.054485884207555846,round,,D_local,S_final,10,10,22
gpt-4o,S2_1,7,8,1,Correct,-0.004474325817880986,round,,D_local,S_final,10,10,22
gpt-4o,S2_1,7,8,2,Correct,0.03938673493866762,round,,D_local,S_final,10,10,22
gpt-4o,S2_1,7,8,3,Correct,0.02095902718599385,round,,D_local,S_final,10,10,22
gpt-4o,S2_1,7,9,1,Correct,0.0170841703043495,round,,D_local,S_final,10,10,22
gpt-4o,S2_1,7,9,2,Correct,0.06307294731541635,round,,D_local,S_final,10,10,22
gpt-4o,S2_1,7,9,3,Correct,0.056289241686101166,round,,D_local,S_final,10,10,22
gpt-4o,S2_1,7,10,1,Wrong,0.03283045427209108,round,,D_local,S_final,10,10,22
gpt-4o,S2_1,7,10,2,Wrong,0.007755862163597804,round,,D_local,S_final,10,10,22
gpt-4o,S2_1,7,10,3,Wrong,0.011302357236405713,round,,D_local,S_final,10,10,22
gpt-4o,S2_1,7,11,1,Wrong,0.04799558659339653,round,,D_local,S_final,10,10,22
gpt-4o,S2_1,7,11,2,Wrong,0.0646589072505982,round,,D_local,S_final,10,10,22
gpt-4o,S2_1,7,11,3,Wrong,0.04517151404027642,round,,D_local,S_final,10,10,22
gpt-4o,S2_1,8,1,1,Wrong,0.06550343185792795,round,,D_local,S_final,10,10,22
gpt-4o,S2_1,8,1,2,Correct,0.07619246263561397,round,,D_local,S_final,10,10,22
gpt-4o,S2_1,8,1,3,Wrong,0.06449554754645537,round,,D_local,S_final,10,10,22
gpt-4o,S2_1,8,2,1,Correct,0.0527334988790823,round,,D_local,S_final,10,10,22
gpt-4o,S2_1,8,2,2,Correct,0.050868412906729055,round,,D_local,S_final,10,10,22
gpt-4o,S2_1,8,2,3,Correct,0.049115999434105495,round,,D_local,S_final,10,10,22
gpt-4o,S2_1,8,3,1,Correct,0.021559756129923335,round,,D_local,S_final,10,10,22
gpt-4o,S2_1,8,3,2,Correct,-0.004574190479272544,round,,D_local,S_final,10,10,22
gpt-4o,S2_1,8,3,3,Correct,0.013310604336709164,round,,D_local,S_final,10,10,22
gpt-4o,S2_1,8,4,1,Wrong,-0.07616314724013729,round,,D_local,S_final,10,10,22
gpt-4o,S2_1,8,4,2,Correct,-0.008085829171373904,round,,D_local,S_final,10,10,22
gpt-4o,S2_1,8,4,3,Wrong,-0.023578361438475914,round,,D_local,S_final,10,10,22
gpt-4o,S2_1,9,1,1,Correct,0.05489181821139433,round,,D_local,S_final,10,10,22
gpt-4o,S2_1,9,1,2,Correct,0.062682172198821,round,,D_local,S_final,10,10,22
gpt-4o,S2_1,9,1,3,Correct,0.033113718790676816,round,,D_local,S_final,10,10,22
gpt-4o,S2_1,9,2,1,Wrong,0.04345820098563036,round,,D_local,S_final,10,10,22
gpt-4o,S2_1,9,2,2,Wrong,0.05702304281640691,round,,D_local,S_final,10,10,22
gpt-4o,S2_1,9,2,3,Wrong,0.05914626162621184,round,,D_local,S_final,10,10,22
gpt-4o,S2_1,9,3,1,Correct,0.06743119242936446,round,,D_local,S_final,10,10,22
gpt-4o,S2_1,9,3,2,Correct,0.059072498118786454,round,,D_local,S_final,10,10,22
gpt-4o,S2_1,9,3,3,Correct,0.07231911109311029,round,,D_local,S_final,10,10,22
gpt-4o,S2_1,10,1,1,Wrong,0.08778726428751438,round,,D_local,S_final,10,10,22
gpt-4o,S2_1,10,1,2,Wrong,0.05842325328694442,round,,D_local,S_final,10,10,22
gpt-4o,S2_1,10,1,3,Wrong,0.0864846851755327,round,,D_local,S_final,10,10,22
gpt-4o,S2_1,10,2,1,Wrong,0.10538419338579696,round,,D_local,S_final,10,10,22
gpt-4o,S2_1,10,2,2,Wrong,0.09724842670251788,round,,D_local,S_final,10,10,22
gpt-4o,S2_1,10,2,3,Wrong,0.09592301220966609,round,,D_local,S_final,10,10,22
gpt-4o,S2_1,11,1,1,Correct,-0.001382235443754376,round,,D_local,S_final,10,10,22
gpt-4o,S2_1,11,1,2,Correct,0.04156061404856465,round,,D_local,S_final,10,10,22
gpt-4o,S2_1,11,1,3,Correct,-0.013895483107341566,round,,D_local,S_final,10,10,22
gpt-4o,S2_1,12,1,1,Correct,0.0021287392408440575,round,,D_local,S_final,10,10,22
gpt-4o,S2_1,12,1,2,Correct,0.00388182397195852,round,,D_local,S_final,10,10,22
gpt-4o,S2_1,12,1,3,Correct,-0.002108822145034661,round,,D_local,S_final,10,10,22
gpt-4o,S2_1,13,1,1,Correct,0.17408949593205092,round,,D_local,S_final,10,10,22
gpt-4o,S2_1,13,1,2,Wrong,0.0986295284242521,round,,D_local,S_final,10,10,22
gpt-4o,S2_1,13,1,3,Correct,0.14209865194000326,round,,D_local,S_final,10,10,22
gpt-4o,S2_1,13,2,1,Correct,-0.04114971544165613,round,,D_local,S_final,10,10,22
gpt-4o,S2_1,13,2,2,Correct,-0.01051272354526911,round,,D_local,S_final,10,10,22
gpt-4o,S2_1,13,2,3,Correct,-0.0003624690118642082,round,,D_local,S_final,10,10,22
gpt-4o,S2_1,13,3,1,Wrong,0.02424516633121887,round,,D_local,S_final,10,10,22
gpt-4o,S2_1,13,3,2,Wrong,0.024311436315204382,round,,D_local,S_final,10,10,22
gpt-4o,S2_1,13,3,3,Wrong,0.0037989067233402674,round,,D_local,S_final,10,10,22
gpt-4o,S2_1,14,1,1,Wrong,0.01349410959594366,round,,D_local,S_final,10,10,22
gpt-4o,S2_1,14,1,2,Correct,0.03830324445626132,round,,D_local,S_final,10,10,22
gpt-4o,S2_1,14,1,3,Correct,0.02856030639722673,round,,D_local,S_final,10,10,22
gpt-4o,S2_1,15,1,1,Wrong,-0.06934747819560155,round,,D_local,S_final,10,10,22
gpt-4o,S2_1,15,1,2,Wrong,-0.08065506578389203,round,,D_local,S_final,10,10,22
gpt-4o,S2_1,15,1,3,Wrong,-0.07099755832597132,round,,D_local,S_final,10,10,22
gpt-4o,S2_1,16,1,1,Correct,0.127410547173041,round,,D_local,S_final,10,10,22
gpt-4o,S2_1,16,1,2,Correct,0.12440555305539547,round,,D_local,S_final,10,10,22
gpt-4o,S2_1,16,1,3,Correct,0.13478394082968248,round,,D_local,S_final,10,10,22
gpt-4o,S2_1,17,1,1,Correct,0.056399166867087014,round,,D_local,S_final,10,10,22
gpt-4o,S2_1,17,1,2,Correct,0.027692343488928572,round,,D_local,S_final,10,10,22
gpt-4o,S2_1,17,1,3,Wrong,0.009063001047177166,round,,D_local,S_final,10,10,22
gpt-4o,S2_1,18,1,1,Correct,0.1413272647128584,round,,D_local,S_final,10,10,22
gpt-4o,S2_1,18,1,2,Correct,0.16161976984223148,round,,D_local,S_final,10,10,22
gpt-4o,S2_1,18,1,3,Correct,0.11679871238117434,round,,D_local,S_final,10,10,22
gpt-4o,S2_1,19,1,1,Correct,0.04598278133614275,round,,D_local,S_final,10,10,22
gpt-4o,S2_1,19,1,2,Correct,0.05382190437926049,round,,D_local,S_final,10,10,22
gpt-4o,S2_1,19,1,3,Correct,0.08060823638198766,round,,D_local,S_final,10,10,22
gpt-4o,S2_1,20,1,1,Correct,0.08431506729002569,round,,D_local,S_final,10,10,22
gpt-4o,S2_1,20,1,2,Correct,0.07805545027779048,round,,D_local,S_final,10,10,22
gpt-4o,S2_1,20,1,3,Correct,0.10608063678938384,round,,D_local,S_final,10,10,22
gpt-4o,S2_1,21,1,1,Correct,0.09872870175202242,round,,D_local,S_final,10,10,22
gpt-4o,S2_1,21,1,2,Correct,0.10902536433501153,round,,D_local,S_final,10,10,22
gpt-4o,S2_1,21,1,3,Correct,0.08062397301742585,round,,D_local,S_final,10,10,22
gpt-4o,S2_1,22,1,1,Correct,0.029064034721381304,round,,D_local,S_final,10,10,22
gpt-4o,S2_1,22,1,2,Correct,0.03099580788415035,round,,D_local,S_final,10,10,22
gpt-4o,S2_1,22,1,3,Correct,0.020464799105885723,round,,D_local,S_final,10,10,22
gpt-4o,S2_1,23,1,1,Correct,0.046428132613482775,round,,D_local,S_final,10,10,22
gpt-4o,S2_1,23,1,2,Correct,0.08368635672082747,round,,D_local,S_final,10,10,22
gpt-4o,S2_1,23,1,3,Correct,0.07559132131133128,round,,D_local,S_final,10,10,22
gpt-4o,S2_1,24,1,1,Correct,0.0383765880473812,round,,D_local,S_final,10,10,22
gpt-4o,S2_1,24,1,2,Correct,0.016230154110556838,round,,D_local,S_final,10,10,22
gpt-4o,S2_1,24,1,3,Correct,0.03501893215560792,round,,D_local,S_final,10,10,22
gpt-4o,S2_1,25,1,1,Correct,0.02139750013686159,round,,D_local,S_final,10,10,22
gpt-4o,S2_1,25,1,2,Correct,0.00961476698488739,round,,D_local,S_final,10,10,22
gpt-4o,S2_1,25,1,3,Correct,-0.010608328435931735,round,,D_local,S_final,10,10,22
gpt-4o,S2_1,25,2,1,Correct,0.11172231181496411,round,,D_local,S_final,10,10,22
gpt-4o,S2_1,25,2,2,Correct,0.05140693784449346,round,,D_local,S_final,10,10,22
gpt-4o,S2_1,25,2,3,Correct,0.06334907784405974,round,,D_local,S_final,10,10,22
gpt-4o,S2_1,26,1,1,Wrong,0.07045523571301615,round,,D_local,S_final,10,10,22
gpt-4o,S2_1,26,1,2,Correct,0.058661532325686494,round,,D_local,S_final,10,10,22
gpt-4o,S2_1,26,1,3,Correct,0.08026443010884399,round,,D_local,S_final,10,10,22
gpt-4o,S2_1,26,2,1,Correct,-0.05702404306098813,round,,D_local,S_final,10,10,22
gpt-4o,S2_1,26,2,2,Correct,-0.048428482635140935,round,,D_local,S_final,10,10,22
gpt-4o,S2_1,26,2,3,Correct,-0.011241462352510223,round,,D_local,S_final,10,10,22
gpt-4o,S2_1,26,3,1,Correct,-0.06477172516964774,round,,D_local,S_final,10,10,22
gpt-4o,S2_1,26,3,2,Correct,-0.06246711976942837,round,,D_local,S_final,10,10,22
gpt-4o,S2_1,26,3,3,Correct,-0.04798144390071796,round,,D_local,S_final,10,10,22
gpt-4o,S2_1,26,4,1,Correct,0.10333943851306715,round,,D_local,S_final,10,10,22
gpt-4o,S2_1,26,4,2,Correct,0.13616074582354765,round,,D_local,S_final,10,10,22
gpt-4o,S2_1,26,4,3,Correct,0.13145857889659873,round,,D_local,S_final,10,10,22
gpt-4o,S2_1,27,1,1,Correct,0.04925896811562269,round,,D_local,S_final,10,10,22
gpt-4o,S2_1,27,1,2,Correct,0.01286743709046112,round,,D_local,S_final,10,10,22
gpt-4o,S2_1,27,1,3,Correct,0.05719752799947064,round,,D_local,S_final,10,10,22
gpt-4o,S2_1,27,2,1,Correct,-0.06049010031665303,round,,D_local,S_final,10,10,22
gpt-4o,S2_1,27,2,2,Correct,-0.051273463062809,round,,D_local,S_final,10,10,22
gpt-4o,S2_1,27,2,3,Correct,-0.07685482611280214,round,,D_local,S_final,10,10,22
gpt-4o,S2_1,27,3,1,Correct,-0.07893752587313008,round,,D_local,S_final,10,10,22
gpt-4o,S2_1,27,3,2,Correct,-0.05860194566530219,round,,D_local,S_final,10,10,22
gpt-4o,S2_1,27,3,3,Correct,-0.078173510225504,round,,D_local,S_final,10,10,22
gpt-4o,S2_1,27,4,1,Correct,0.18079873386167944,round,,D_local,S_final,10,10,22
gpt-4o,S2_1,27,4,2,Correct,0.18560487564510092,round,,D_local,S_final,10,10,22
gpt-4o,S2_1,27,4,3,Correct,0.17878434231295903,round,,D_local,S_final,10,10,22
gpt-4o,S2_1,28,1,1,Correct,0.035386471547883214,round,,D_local,S_final,10,10,22
gpt-4o,S2_1,28,1,2,Wrong,0.06567385882803445,round,,D_local,S_final,10,10,22
gpt-4o,S2_1,28,1,3,Correct,0.05943107970957556,round,,D_local,S_final,10,10,22
gpt-4o,S2_1,28,2,1,Correct,-0.022274941597429487,round,,D_local,S_final,10,10,22
gpt-4o,S2_1,28,2,2,Correct,-0.025852182112140243,round,,D_local,S_final,10,10,22
gpt-4o,S2_1,28,2,3,Correct,-0.031022104485404878,round,,D_local,S_final,10,10,22
gpt-4o,S2_1,29,1,1,Correct,0.1479030794204329,round,,D_local,S_final,10,10,22
gpt-4o,S2_1,29,1,2,Correct,0.11487454123021879,round,,D_local,S_final,10,10,22
gpt-4o,S2_1,29,1,3,Correct,0.1379744361042669,round,,D_local,S_final,10,10,22
gpt-4o,S2_1,29,2,1,Correct,-0.08380925208163525,round,,D_local,S_final,10,10,22
gpt-4o,S2_1,29,2,2,Correct,-0.06489301900288935,round,,D_local,S_final,10,10,22
gpt-4o,S2_1,29,2,3,Correct,-0.038835608704654745,round,,D_local,S_final,10,10,22
gpt-4o,S2_1,30,1,1,Correct,0.0631903369730592,round,,D_local,S_final,10,10,22
gpt-4o,S2_1,30,1,2,Correct,0.06327557454932342,round,,D_local,S_final,10,10,22
gpt-4o,S2_1,30,1,3,Correct,0.052367457968081066,round,,D_local,S_final,10,10,22
gpt-4o,S2_1,30,2,1,Correct,-0.05896427239718194,round,,D_local,S_final,10,10,22
gpt-4o,S2_1,30,2,2,Correct,-0.040009908454151755,round,,D_local,S_final,10,10,22
gpt-4o,S2_1,30,2,3,Correct,-0.04661340314182605,round,,D_local,S_final,10,10,22
gpt-4o,S2_1,31,1,1,Wrong,0.10154760998953921,round,,D_local,S_final,10,10,22
gpt-4o,S2_1,31,1,2,Wrong,0.10824829038233763,round,,D_local,S_final,10,10,22
gpt-4o,S2_1,31,1,3,Wrong,0.10265459738710103,round,,D_local,S_final,10,10,22
gpt-4o,S2_1,32,1,1,Correct,0.04922198296039382,round,,D_local,S_final,10,10,22
gpt-4o,S2_1,32,1,2,Correct,0.04683017600182493,round,,D_local,S_final,10,10,22
gpt-4o,S2_1,32,1,3,Wrong,0.03494811278307641,round,,D_local,S_final,10,10,22
gpt-4o,S2_1,33,1,1,Correct,0.10641900219985534,round,,D_local,S_final,10,10,22
gpt-4o,S2_1,33,1,2,Correct,0.08645635626534875,round,,D_local,S_final,10,10,22
gpt-4o,S2_1,33,1,3,Correct,0.05571138694148048,round,,D_local,S_final,10,10,22
gpt-4o,S2_1,34,1,1,Correct,0.03839946818852347,round,,D_local,S_final,10,10,22
gpt-4o,S2_1,34,1,2,Correct,0.051522052556217446,round,,D_local,S_final,10,10,22
gpt-4o,S2_1,34,1,3,Wrong,0.03448899511504766,round,,D_local,S_final,10,10,22
gpt-4o,S2_1,35,1,1,Wrong,-0.02873820107069669,round,,D_local,S_final,10,10,22
gpt-4o,S2_1,35,1,2,Wrong,-0.050555953407281584,round,,D_local,S_final,10,10,22
gpt-4o,S2_1,35,1,3,Wrong,-0.018960442528474952,round,,D_local,S_final,10,10,22
gpt-4o,S2_1,36,1,1,Wrong,0.08603730543653398,round,,D_local,S_final,10,10,22
gpt-4o,S2_1,36,1,2,Wrong,0.08418752228180959,round,,D_local,S_final,10,10,22
gpt-4o,S2_1,36,1,3,Correct,0.09414624155895579,round,,D_local,S_final,10,10,22
gpt-4o,S2_1,36,2,1,Wrong,0.033494248661010695,round,,D_local,S_final,10,10,22
gpt-4o,S2_1,36,2,2,Wrong,0.06559563862539852,round,,D_local,S_final,10,10,22
gpt-4o,S2_1,36,2,3,Wrong,0.0271694386121214,round,,D_local,S_final,10,10,22
gpt-4o,S2_1,36,3,1,Correct,0.051922263790114,round,,D_local,S_final,10,10,22
gpt-4o,S2_1,36,3,2,Wrong,0.05781516472907522,round,,D_local,S_final,10,10,22
gpt-4o,S2_1,36,3,3,Wrong,-0.0027611656827850606,round,,D_local,S_final,10,10,22
gpt-4o,S2_1,37,1,1,Correct,0.10357072025030456,round,,D_local,S_final,10,10,22
gpt-4o,S2_1,37,1,2,Correct,0.09020041411714341,round,,D_local,S_final,10,10,22
gpt-4o,S2_1,37,1,3,Correct,0.004686148911021704,round,,D_local,S_final,10,10,22
gpt-4o,S2_1,37,2,1,Wrong,0.07582747011615354,round,,D_local,S_final,10,10,22
gpt-4o,S2_1,37,2,2,Wrong,0.08801025141504648,round,,D_local,S_final,10,10,22
gpt-4o,S2_1,37,2,3,Wrong,0.11644262947837924,round,,D_local,S_final,10,10,22
gpt-4o,S2_1,38,1,1,Correct,-0.1285542985220498,round,,D_local,S_final,10,10,22
gpt-4o,S2_1,38,1,2,Correct,-0.1304986927566708,round,,D_local,S_final,10,10,22
gpt-4o,S2_1,38,1,3,Correct,-0.10304431793456215,round,,D_local,S_final,10,10,22
gpt-4o,S2_1,38,2,1,Wrong,-0.14762395472179868,round,,D_local,S_final,10,10,22
gpt-4o,S2_1,38,2,2,Correct,-0.12584778543371772,round,,D_local,S_final,10,10,22
gpt-4o,S2_1,38,2,3,Wrong,-0.13102507132751096,round,,D_local,S_final,10,10,22
gpt-4o,S2_1,39,1,1,Wrong,-0.04926722046299503,round,,D_local,S_final,10,10,22
gpt-4o,S2_1,39,1,2,Wrong,-0.030816532852890766,round,,D_local,S_final,10,10,22
gpt-4o,S2_1,39,1,3,Wrong,-0.01864059300666887,round,,D_local,S_final,10,10,22
gpt-4o,S2_1,39,2,1,Correct,0.13292986342255586,round,,D_local,S_final,10,10,22
gpt-4o,S2_1,39,2,2,Correct,0.1281303724045344,round,,D_local,S_final,10,10,22
gpt-4o,S2_1,39,2,3,Correct,0.1554287563768424,round,,D_local,S_final,10,10,22
gpt-4o,S2_1,40,1,1,Correct,0.08146634706884859,round,,D_local,S_final,10,10,22
gpt-4o,S2_1,40,1,2,Correct,0.10689881655199007,round,,D_local,S_final,10,10,22
gpt-4o,S2_1,40,1,3,Correct,0.09532327530225915,round,,D_local,S_final,10,10,22
gpt-4o,S2_1,40,2,1,Wrong,0.06487921428933263,round,,D_local,S_final,10,10,22
gpt-4o,S2_1,40,2,2,Wrong,0.08858609041984544,round,,D_local,S_final,10,10,22
gpt-4o,S2_1,40,2,3,Wrong,0.08939771433414745,round,,D_local,S_final,10,10,22
gpt-4o,S2_1,40,3,1,Wrong,0.04054930178720895,round,,D_local,S_final,10,10,22
gpt-4o,S2_1,40,3,2,Wrong,0.027872237118932164,round,,D_local,S_final,10,10,22
gpt-4o,S2_1,40,3,3,Correct,0.04570751175450505,round,,D_local,S_final,10,10,22
gpt-4o,S2_1,40,4,1,Wrong,0.013717235845014608,round,,D_local,S_final,10,10,22
gpt-4o,S2_1,40,4,2,Wrong,0.021723254129640934,round,,D_local,S_final,10,10,22
gpt-4o,S2_1,40,4,3,Wrong,-0.011281954749423395,round,,D_local,S_final,10,10,22
gpt-4o,S2_1,40,5,1,Wrong,0.04525857867513561,round,,D_local,S_final,10,10,22
gpt-4o,S2_1,40,5,2,Wrong,0.020544546748990422,round,,D_local,S_final,10,10,22
gpt-4o,S2_1,40,5,3,Wrong,0.031025130338547036,round,,D_local,S_final,10,10,22
gpt-4o,S2_1,40,6,1,Correct,0.04793171262853446,round,,D_local,S_final,10,10,22
gpt-4o,S2_1,40,6,2,Correct,0.022588778315747904,round,,D_local,S_final,10,10,22
gpt-4o,S2_1,40,6,3,Correct,0.03379627098281934,round,,D_local,S_final,10,10,22
gpt-4o,S2_1,41,1,1,Wrong,0.07780740221439852,round,,D_local,S_final,10,10,22
gpt-4o,S2_1,41,1,2,Wrong,0.06713452772865003,round,,D_local,S_final,10,10,22
gpt-4o,S2_1,41,1,3,Wrong,0.05528816411625548,round,,D_local,S_final,10,10,22
gpt-4o,S2_1,42,1,1,Wrong,-0.056000967464380436,round,,D_local,S_final,10,10,22
gpt-4o,S2_1,42,1,2,Wrong,-0.05970574919341698,round,,D_local,S_final,10,10,22
gpt-4o,S2_1,42,1,3,Wrong,-0.05007126937812845,round,,D_local,S_final,10,10,22
gpt-4o,S2_1,43,1,1,Correct,-0.025804897212950095,round,,D_local,S_final,10,10,22
gpt-4o,S2_1,43,1,2,Correct,-0.023782346514114372,round,,D_local,S_final,10,10,22
gpt-4o,S2_1,43,1,3,Correct,-0.05560836960214077,round,,D_local,S_final,10,10,22
gpt-4o,S2_1,44,1,1,Correct,0.12814598097464125,round,,D_local,S_final,10,10,22
gpt-4o,S2_1,44,1,2,Correct,0.1001614633585568,round,,D_local,S_final,10,10,22
gpt-4o,S2_1,44,1,3,Correct,0.0712112371559761,round,,D_local,S_final,10,10,22
gpt-4o,S2_1,45,1,1,Correct,0.0858847396870075,round,,D_local,S_final,10,10,22
gpt-4o,S2_1,45,1,2,Correct,0.11862908131744676,round,,D_local,S_final,10,10,22
gpt-4o,S2_1,45,1,3,Correct,0.11770609146541677,round,,D_local,S_final,10,10,22
gpt-4o,S2_1,45,2,1,Wrong,-0.05058781962321668,round,,D_local,S_final,10,10,22
gpt-4o,S2_1,45,2,2,Wrong,-0.04624302084812382,round,,D_local,S_final,10,10,22
gpt-4o,S2_1,45,2,3,Wrong,-0.010506265920159241,round,,D_local,S_final,10,10,22
gpt-4o,S2_1,45,3,1,Wrong,-0.030642181032135007,round,,D_local,S_final,10,10,22
gpt-4o,S2_1,45,3,2,Wrong,-0.038438726472239226,round,,D_local,S_final,10,10,22
gpt-4o,S2_1,45,3,3,Wrong,-0.05490545018986437,round,,D_local,S_final,10,10,22
gpt-4o,S2_1,46,1,1,Correct,0.05062191249332315,round,,D_local,S_final,10,10,22
gpt-4o,S2_1,46,1,2,Correct,0.05680977898451256,round,,D_local,S_final,10,10,22
gpt-4o,S2_1,46,1,3,Correct,0.07784924365401669,round,,D_local,S_final,10,10,22
gpt-4o,S2_1,46,2,1,Correct,0.058365167483648506,round,,D_local,S_final,10,10,22
gpt-4o,S2_1,46,2,2,Correct,0.05967873490600373,round,,D_local,S_final,10,10,22
gpt-4o,S2_1,46,2,3,Correct,0.059593364952819194,round,,D_local,S_final,10,10,22
gpt-4o,S2_1,47,1,1,Correct,0.09647906789191063,round,,D_local,S_final,10,10,22
gpt-4o,S2_1,47,1,2,Correct,0.088015399622009,round,,D_local,S_final,10,10,22
gpt-4o,S2_1,47,1,3,Correct,0.09380982824544148,round,,D_local,S_final,10,10,22
gpt-4o,S2_1,47,2,1,Correct,0.03020838750882293,round,,D_local,S_final,10,10,22
gpt-4o,S2_1,47,2,2,Correct,0.04666715995830095,round,,D_local,S_final,10,10,22
gpt-4o,S2_1,47,2,3,Correct,0.0379528114877018,round,,D_local,S_final,10,10,22
gpt-4o,S2_1,48,1,1,Wrong,0.04062127056099646,round,,D_local,S_final,10,10,22
gpt-4o,S2_1,48,1,2,Wrong,0.05200764431316307,round,,D_local,S_final,10,10,22
gpt-4o,S2_1,48,1,3,Wrong,0.040006419981743147,round,,D_local,S_final,10,10,22
gpt-4o,S2_1,48,2,1,Correct,0.03196208150109914,round,,D_local,S_final,10,10,22
gpt-4o,S2_1,48,2,2,Correct,0.02641983724907293,round,,D_local,S_final,10,10,22
gpt-4o,S2_1,48,2,3,Correct,-0.011470034114648253,round,,D_local,S_final,10,10,22
gpt-4o,S2_1,49,1,1,Wrong,-0.0015419469797518515,round,,D_local,S_final,10,10,22
gpt-4o,S2_1,49,1,2,Wrong,0.019675415773741767,round,,D_local,S_final,10,10,22
gpt-4o,S2_1,49,1,3,Wrong,0.03981168570668758,round,,D_local,S_final,10,10,22
gpt-4o,S2_1,50,1,1,Correct,-0.00021344191819505642,round,,D_local,S_final,10,10,22
gpt-4o,S2_1,50,1,2,Correct,-0.006844988117294781,round,,D_local,S_final,10,10,22
gpt-4o,S2_1,50,1,3,Correct,0.01775255379764451,round,,D_local,S_final,10,10,22
gpt-4o,S2_1,51,1,1,Correct,0.11267619759651448,round,,D_local,S_final,10,10,22
gpt-4o,S2_1,51,1,2,Correct,0.11849378230979457,round,,D_local,S_final,10,10,22
gpt-4o,S2_1,51,1,3,Wrong,0.09011453725200846,round,,D_local,S_final,10,10,22
gpt-4o,S2_1,52,1,1,Correct,0.15745056931602996,round,,D_local,S_final,10,10,22
gpt-4o,S2_1,52,1,2,Correct,0.13028390576098148,round,,D_local,S_final,10,10,22
gpt-4o,S2_1,52,1,3,Correct,0.16812190234861546,round,,D_local,S_final,10,10,22
gpt-4o,S2_1,53,1,1,Correct,0.02285155481231471,round,,D_local,S_final,10,10,22
gpt-4o,S2_1,53,1,2,Correct,0.03755787529936716,round,,D_local,S_final,10,10,22
gpt-4o,S2_1,53,1,3,Correct,-0.026821667325230836,round,,D_local,S_final,10,10,22
gpt-4o,S2_1,53,2,1,Correct,0.07719510396399099,round,,D_local,S_final,10,10,22
gpt-4o,S2_1,53,2,2,Correct,0.09730191841207703,round,,D_local,S_final,10,10,22
gpt-4o,S2_1,53,2,3,Correct,0.07808146440777142,round,,D_local,S_final,10,10,22
gpt-4o,S2_1,54,1,1,Correct,-0.10573016622215547,round,,D_local,S_final,10,10,22
gpt-4o,S2_1,54,1,2,Correct,-0.13141921549438906,round,,D_local,S_final,10,10,22
gpt-4o,S2_1,54,1,3,Correct,-0.11249798920649012,round,,D_local,S_final,10,10,22
gpt-4o,S2_1,54,2,1,Correct,0.09480409668534562,round,,D_local,S_final,10,10,22
gpt-4o,S2_1,54,2,2,Correct,0.10525668947175648,round,,D_local,S_final,10,10,22
gpt-4o,S2_1,54,2,3,Correct,0.1126142379411228,round,,D_local,S_final,10,10,22
gpt-4o,S2_1,55,1,1,Wrong,0.037631102594495425,round,,D_local,S_final,10,10,22
gpt-4o,S2_1,55,1,2,Correct,0.05950469391108548,round,,D_local,S_final,10,10,22
gpt-4o,S2_1,55,1,3,Correct,-0.003609447736819371,round,,D_local,S_final,10,10,22
gpt-4o,S2_1,55,2,1,Correct,0.1366589517850756,round,,D_local,S_final,10,10,22
gpt-4o,S2_1,55,2,2,Correct,0.13088689896120875,round,,D_local,S_final,10,10,22
gpt-4o,S2_1,55,2,3,Correct,0.10688386705775865,round,,D_local,S_final,10,10,22
gpt-4o,S2_1,56,1,1,Wrong,-0.011719772037108722,round,,D_local,S_final,10,10,22
gpt-4o,S2_1,56,1,2,Wrong,-0.025211212899474922,round,,D_local,S_final,10,10,22
gpt-4o,S2_1,56,1,3,Wrong,-0.02175771425494699,round,,D_local,S_final,10,10,22
gpt-4o,S2_1,56,2,1,Correct,0.045833036267911575,round,,D_local,S_final,10,10,22
gpt-4o,S2_1,56,2,2,Correct,0.0361977429272502,round,,D_local,S_final,10,10,22
gpt-4o,S2_1,56,2,3,Wrong,0.011759325210243143,round,,D_local,S_final,10,10,22
gpt-4o,S2_1,57,1,1,Correct,-0.08185502381074894,round,,D_local,S_final,10,10,22
gpt-4o,S2_1,57,1,2,Correct,-0.09680514069719626,round,,D_local,S_final,10,10,22
gpt-4o,S2_1,57,1,3,Correct,-0.07205009090435543,round,,D_local,S_final,10,10,22
gpt-4o,S2_1,57,2,1,Correct,-0.1635761380636619,round,,D_local,S_final,10,10,22
gpt-4o,S2_1,57,2,2,Wrong,-0.1723937357405967,round,,D_local,S_final,10,10,22
gpt-4o,S2_1,57,2,3,Wrong,-0.17532442724325803,round,,D_local,S_final,10,10,22
gpt-4o,S2_1,58,1,1,Correct,0.0030577836288951943,round,,D_local,S_final,10,10,22
gpt-4o,S2_1,58,1,2,Correct,0.0038219931947568453,round,,D_local,S_final,10,10,22
gpt-4o,S2_1,58,1,3,Correct,0.008815440032078237,round,,D_local,S_final,10,10,22
gpt-4o,S2_1,58,2,1,Correct,0.012363960290016518,round,,D_local,S_final,10,10,22
gpt-4o,S2_1,58,2,2,Correct,0.019960719463351206,round,,D_local,S_final,10,10,22
gpt-4o,S2_1,58,2,3,Correct,0.020393930584044484,round,,D_local,S_final,10,10,22
gpt-4o,S2_1,59,1,1,Correct,-0.05357518486244539,round,,D_local,S_final,10,10,22
gpt-4o,S2_1,59,1,2,Correct,-0.04567228375291621,round,,D_local,S_final,10,10,22
gpt-4o,S2_1,59,1,3,Correct,-0.04214006471711307,round,,D_local,S_final,10,10,22
gpt-4o,S2_1,59,2,1,Correct,0.060409146443037964,round,,D_local,S_final,10,10,22
gpt-4o,S2_1,59,2,2,Correct,0.08477238392372022,round,,D_local,S_final,10,10,22
gpt-4o,S2_1,59,2,3,Correct,0.08207963133792329,round,,D_local,S_final,10,10,22
gpt-4o,S2_1,60,1,1,Correct,-0.08831500361381167,round,,D_local,S_final,10,10,22
gpt-4o,S2_1,60,1,2,Correct,-0.09849256340743584,round,,D_local,S_final,10,10,22
gpt-4o,S2_1,60,1,3,Correct,-0.09174173064413327,round,,D_local,S_final,10,10,22
gpt-4o,S2_1,60,2,1,Correct,0.08172808603431414,round,,D_local,S_final,10,10,22
gpt-4o,S2_1,60,2,2,Correct,0.09811089106428483,round,,D_local,S_final,10,10,22
gpt-4o,S2_1,60,2,3,Correct,0.09621346330997427,round,,D_local,S_final,10,10,22
gpt-4o,S2_1,61,1,1,Correct,-0.01305820291173565,round,,D_local,S_final,10,10,22
gpt-4o,S2_1,61,1,2,Correct,-0.06692176192730687,round,,D_local,S_final,10,10,22
gpt-4o,S2_1,61,1,3,Correct,-0.04676719511902849,round,,D_local,S_final,10,10,22
gpt-4o,S2_1,61,2,1,Wrong,0.09949357843994955,round,,D_local,S_final,10,10,22
gpt-4o,S2_1,61,2,2,Wrong,0.10004412981769806,round,,D_local,S_final,10,10,22
gpt-4o,S2_1,61,2,3,Correct,0.10014198010320108,round,,D_local,S_final,10,10,22
gpt-4o,S2_1,62,1,1,Correct,0.004118158191606991,round,,D_local,S_final,10,10,22
gpt-4o,S2_1,62,1,2,Correct,0.013440928746146441,round,,D_local,S_final,10,10,22
gpt-4o,S2_1,62,1,3,Correct,0.019275415025110987,round,,D_local,S_final,10,10,22
gpt-4o,S2_1,62,2,1,Correct,0.03224835675028459,round,,D_local,S_final,10,10,22
gpt-4o,S2_1,62,2,2,Correct,0.021225291958656523,round,,D_local,S_final,10,10,22
gpt-4o,S2_1,62,2,3,Correct,0.0282232592197722,round,,D_local,S_final,10,10,22
gpt-4o,S2_1,63,1,1,Correct,0.01727330643264746,round,,D_local,S_final,10,10,22
gpt-4o,S2_1,63,1,2,Correct,0.025406930055131727,round,,D_local,S_final,10,10,22
gpt-4o,S2_1,63,1,3,Correct,0.021638533693587703,round,,D_local,S_final,10,10,22
gpt-4o,S2_1,63,2,1,Correct,0.053904330388518495,round,,D_local,S_final,10,10,22
gpt-4o,S2_1,63,2,2,Correct,0.04600174884499497,round,,D_local,S_final,10,10,22
gpt-4o,S2_1,63,2,3,Correct,0.03263353973759986,round,,D_local,S_final,10,10,22
gpt-4o,S2_1,64,1,1,Correct,0.001460723872663161,round,,D_local,S_final,10,10,22
gpt-4o,S2_1,64,1,2,Wrong,-0.001737625805640186,round,,D_local,S_final,10,10,22
gpt-4o,S2_1,64,1,3,Correct,0.010016557260700831,round,,D_local,S_final,10,10,22
gpt-4o,S2_1,64,2,1,Correct,-0.009936632395951772,round,,D_local,S_final,10,10,22
gpt-4o,S2_1,64,2,2,Correct,-0.006408658383341481,round,,D_local,S_final,10,10,22
gpt-4o,S2_1,64,2,3,Correct,0.029707504412466057,round,,D_local,S_final,10,10,22
gpt-4o,S3_1,1,1,1,Correct,0.1277698063431667,round,,D_local,S_final,10,10,22
gpt-4o,S3_1,1,1,2,Correct,0.13182672616927582,round,,D_local,S_final,10,10,22
gpt-4o,S3_1,1,1,3,Correct,0.13166025157949046,round,,D_local,S_final,10,10,22
gpt-4o,S3_1,1,2,1,Correct,0.04508655332206679,round,,D_local,S_final,10,10,22
gpt-4o,S3_1,1,2,2,Correct,0.029462560946222904,round,,D_local,S_final,10,10,22
gpt-4o,S3_1,1,2,3,Correct,0.012857627901889379,round,,D_local,S_final,10,10,22
gpt-4o,S3_1,1,3,1,Correct,-0.03184648486769781,round,,D_local,S_final,10,10,22
gpt-4o,S3_1,1,3,2,Correct,-0.05467227597473656,round,,D_local,S_final,10,10,22
gpt-4o,S3_1,1,3,3,Correct,-0.03858711578349461,round,,D_local,S_final,10,10,22
gpt-4o,S3_1,1,4,1,Wrong,0.10141976765228722,round,,D_local,S_final,10,10,22
gpt-4o,S3_1,1,4,2,Correct,0.08347990228144109,round,,D_local,S_final,10,10,22
gpt-4o,S3_1,1,4,3,Wrong,0.08641897304134427,round,,D_local,S_final,10,10,22
gpt-4o,S3_1,1,5,1,Correct,0.08376343219755422,round,,D_local,S_final,10,10,22
gpt-4o,S3_1,1,5,2,Correct,0.07758081486302848,round,,D_local,S_final,10,10,22
gpt-4o,S3_1,1,5,3,Correct,0.09123480700236897,round,,D_local,S_final,10,10,22
gpt-4o,S3_1,2,1,1,Correct,0.2003159484706457,round,,D_local,S_final,10,10,22
gpt-4o,S3_1,2,1,2,Correct,0.23172895816948402,round,,D_local,S_final,10,10,22
gpt-4o,S3_1,2,1,3,Wrong,0.179906992700697,round,,D_local,S_final,10,10,22
gpt-4o,S3_1,3,1,1,Correct,0.2568340016953966,round,,D_local,S_final,10,10,22
gpt-4o,S3_1,3,1,2,Wrong,0.2207681222695338,round,,D_local,S_final,10,10,22
gpt-4o,S3_1,3,1,3,Correct,0.22869491323361485,round,,D_local,S_final,10,10,22
gpt-4o,S3_1,3,2,1,Wrong,0.211690449138898,round,,D_local,S_final,10,10,22
gpt-4o,S3_1,3,2,2,Wrong,0.2339323587856269,round,,D_local,S_final,10,10,22
gpt-4o,S3_1,3,2,3,Correct,0.2734673195676865,round,,D_local,S_final,10,10,22
gpt-4o,S3_1,4,1,1,Correct,0.14064961540032017,round,,D_local,S_final,10,10,22
gpt-4o,S3_1,4,1,2,Correct,0.125480743048762,round,,D_local,S_final,10,10,22
gpt-4o,S3_1,4,1,3,Wrong,0.11249632591886671,round,,D_local,S_final,10,10,22
gpt-4o,S3_1,4,2,1,Wrong,0.10803540461755201,round,,D_local,S_final,10,10,22
gpt-4o,S3_1,4,2,2,Wrong,0.09788158383722678,round,,D_local,S_final,10,10,22
gpt-4o,S3_1,4,2,3,Wrong,0.10673409464728056,round,,D_local,S_final,10,10,22
gpt-4o,S3_1,4,3,1,Correct,0.056074196759205,round,,D_local,S_final,10,10,22
gpt-4o,S3_1,4,3,2,Correct,0.0796990541754109,round,,D_local,S_final,10,10,22
gpt-4o,S3_1,4,3,3,Correct,0.08170241555453561,round,,D_local,S_final,10,10,22
gpt-4o,S3_1,5,1,1,Wrong,0.09383624523415246,round,,D_local,S_final,10,10,22
gpt-4o,S3_1,5,1,2,Correct,0.08871734220710281,round,,D_local,S_final,10,10,22
gpt-4o,S3_1,5,1,3,Wrong,0.09791997893357174,round,,D_local,S_final,10,10,22
gpt-4o,S3_1,5,2,1,Correct,0.08197265691913846,round,,D_local,S_final,10,10,22
gpt-4o,S3_1,5,2,2,Correct,0.08292443185685139,round,,D_local,S_final,10,10,22
gpt-4o,S3_1,5,2,3,Correct,0.09697137872907224,round,,D_local,S_final,10,10,22
gpt-4o,S3_1,5,3,1,Wrong,0.10397580185890998,round,,D_local,S_final,10,10,22
gpt-4o,S3_1,5,3,2,Wrong,0.08633429249102875,round,,D_local,S_final,10,10,22
gpt-4o,S3_1,5,3,3,Correct,0.10183117206807946,round,,D_local,S_final,10,10,22
gpt-4o,S3_1,6,1,1,Correct,0.08533237031980345,round,,D_local,S_final,10,10,22
gpt-4o,S3_1,6,1,2,Correct,0.12229328963306219,round,,D_local,S_final,10,10,22
gpt-4o,S3_1,6,1,3,Correct,0.08248848360467897,round,,D_local,S_final,10,10,22
gpt-4o,S3_1,6,2,1,Wrong,0.02975702476409081,round,,D_local,S_final,10,10,22
gpt-4o,S3_1,6,2,2,Wrong,0.008377812492632586,round,,D_local,S_final,10,10,22
gpt-4o,S3_1,6,2,3,Wrong,0.024736646814995544,round,,D_local,S_final,10,10,22
gpt-4o,S3_1,6,3,1,Correct,0.07212842733084734,round,,D_local,S_final,10,10,22
gpt-4o,S3_1,6,3,2,Correct,0.05232850893823959,round,,D_local,S_final,10,10,22
gpt-4o,S3_1,6,3,3,Correct,0.06973792114514576,round,,D_local,S_final,10,10,22
gpt-4o,S3_1,7,1,1,Correct,0.1133916488429132,round,,D_local,S_final,10,10,22
gpt-4o,S3_1,7,1,2,Correct,0.13775685663664405,round,,D_local,S_final,10,10,22
gpt-4o,S3_1,7,1,3,Correct,0.11820414860229589,round,,D_local,S_final,10,10,22
gpt-4o,S3_1,7,2,1,Wrong,0.09988746128769288,round,,D_local,S_final,10,10,22
gpt-4o,S3_1,7,2,2,Wrong,0.12088753815322473,round,,D_local,S_final,10,10,22
gpt-4o,S3_1,7,2,3,Wrong,0.1144147421660815,round,,D_local,S_final,10,10,22
gpt-4o,S3_1,7,3,1,Wrong,-0.0019866464450791765,round,,D_local,S_final,10,10,22
gpt-4o,S3_1,7,3,2,Wrong,-0.011172911882836312,round,,D_local,S_final,10,10,22
gpt-4o,S3_1,7,3,3,Wrong,-0.020618539499982713,round,,D_local,S_final,10,10,22
gpt-4o,S3_1,7,4,1,Correct,0.019115845433688272,round,,D_local,S_final,10,10,22
gpt-4o,S3_1,7,4,2,Wrong,0.014522393494558528,round,,D_local,S_final,10,10,22
gpt-4o,S3_1,7,4,3,Correct,0.013459084763649876,round,,D_local,S_final,10,10,22
gpt-4o,S3_1,7,5,1,Correct,0.019459344520940114,round,,D_local,S_final,10,10,22
gpt-4o,S3_1,7,5,2,Correct,0.05032633401935105,round,,D_local,S_final,10,10,22
gpt-4o,S3_1,7,5,3,Correct,0.03469739157395879,round,,D_local,S_final,10,10,22
gpt-4o,S3_1,7,6,1,Wrong,-0.025905193868012155,round,,D_local,S_final,10,10,22
gpt-4o,S3_1,7,6,2,Wrong,-0.011485943020207445,round,,D_local,S_final,10,10,22
gpt-4o,S3_1,7,6,3,Wrong,-0.010559253317284911,round,,D_local,S_final,10,10,22
gpt-4o,S3_1,7,7,1,Wrong,0.07360384809806886,round,,D_local,S_final,10,10,22
gpt-4o,S3_1,7,7,2,Correct,0.07311167404572871,round,,D_local,S_final,10,10,22
gpt-4o,S3_1,7,7,3,Correct,0.07764924209936153,round,,D_local,S_final,10,10,22
gpt-4o,S3_1,7,8,1,Correct,0.01352905313572228,round,,D_local,S_final,10,10,22
gpt-4o,S3_1,7,8,2,Correct,0.02998776772425371,round,,D_local,S_final,10,10,22
gpt-4o,S3_1,7,8,3,Wrong,0.020495107799015644,round,,D_local,S_final,10,10,22
gpt-4o,S3_1,7,9,1,Correct,0.10854098484551855,round,,D_local,S_final,10,10,22
gpt-4o,S3_1,7,9,2,Correct,0.0878016739657711,round,,D_local,S_final,10,10,22
gpt-4o,S3_1,7,9,3,Correct,0.1005142712731979,round,,D_local,S_final,10,10,22
gpt-4o,S3_1,7,10,1,Wrong,0.00880288874719326,round,,D_local,S_final,10,10,22
gpt-4o,S3_1,7,10,2,Wrong,0.01643903196940666,round,,D_local,S_final,10,10,22
gpt-4o,S3_1,7,10,3,Wrong,-0.010227575842017167,round,,D_local,S_final,10,10,22
gpt-4o,S3_1,7,11,1,Wrong,0.08923918264607533,round,,D_local,S_final,10,10,22
gpt-4o,S3_1,7,11,2,Wrong,0.014890290442242438,round,,D_local,S_final,10,10,22
gpt-4o,S3_1,7,11,3,Wrong,0.021073154468947752,round,,D_local,S_final,10,10,22
gpt-4o,S3_1,8,1,1,Correct,0.07212833525750395,round,,D_local,S_final,10,10,22
gpt-4o,S3_1,8,1,2,Correct,0.06696391533284884,round,,D_local,S_final,10,10,22
gpt-4o,S3_1,8,1,3,Correct,0.07167823092783387,round,,D_local,S_final,10,10,22
gpt-4o,S3_1,8,2,1,Correct,0.05626756229430896,round,,D_local,S_final,10,10,22
gpt-4o,S3_1,8,2,2,Correct,0.04513686668596506,round,,D_local,S_final,10,10,22
gpt-4o,S3_1,8,2,3,Correct,0.05533704606456491,round,,D_local,S_final,10,10,22
gpt-4o,S3_1,8,3,1,Wrong,0.012065458469817325,round,,D_local,S_final,10,10,22
gpt-4o,S3_1,8,3,2,Wrong,0.011344530827933297,round,,D_local,S_final,10,10,22
gpt-4o,S3_1,8,3,3,Wrong,0.013586804390913976,round,,D_local,S_final,10,10,22
gpt-4o,S3_1,8,4,1,Wrong,-0.09296986513564431,round,,D_local,S_final,10,10,22
gpt-4o,S3_1,8,4,2,Wrong,-0.05368004130863635,round,,D_local,S_final,10,10,22
gpt-4o,S3_1,8,4,3,Wrong,-0.05978259096472793,round,,D_local,S_final,10,10,22
gpt-4o,S3_1,9,1,1,Correct,0.043441381218626174,round,,D_local,S_final,10,10,22
gpt-4o,S3_1,9,1,2,Correct,0.06537364827773573,round,,D_local,S_final,10,10,22
gpt-4o,S3_1,9,1,3,Correct,0.051838174120634295,round,,D_local,S_final,10,10,22
gpt-4o,S3_1,9,2,1,Wrong,0.05634640595208962,round,,D_local,S_final,10,10,22
gpt-4o,S3_1,9,2,2,Wrong,0.05303856731440104,round,,D_local,S_final,10,10,22
gpt-4o,S3_1,9,2,3,Wrong,0.053210128881593266,round,,D_local,S_final,10,10,22
gpt-4o,S3_1,9,3,1,Correct,0.04272402817402132,round,,D_local,S_final,10,10,22
gpt-4o,S3_1,9,3,2,Correct,0.06372819522891071,round,,D_local,S_final,10,10,22
gpt-4o,S3_1,9,3,3,Correct,0.05297907898390619,round,,D_local,S_final,10,10,22
gpt-4o,S3_1,10,1,1,Wrong,0.09572125067652526,round,,D_local,S_final,10,10,22
gpt-4o,S3_1,10,1,2,Wrong,0.07092879366861071,round,,D_local,S_final,10,10,22
gpt-4o,S3_1,10,1,3,Wrong,0.08919737930354699,round,,D_local,S_final,10,10,22
gpt-4o,S3_1,10,2,1,Correct,0.11705786205388247,round,,D_local,S_final,10,10,22
gpt-4o,S3_1,10,2,2,Correct,0.1102887021979223,round,,D_local,S_final,10,10,22
gpt-4o,S3_1,10,2,3,Wrong,0.10631298663154087,round,,D_local,S_final,10,10,22
gpt-4o,S3_1,11,1,1,Correct,0.06165017437495934,round,,D_local,S_final,10,10,22
gpt-4o,S3_1,11,1,2,Correct,0.06839300275222249,round,,D_local,S_final,10,10,22
gpt-4o,S3_1,11,1,3,Correct,0.07978099002926498,round,,D_local,S_final,10,10,22
gpt-4o,S3_1,12,1,1,Wrong,-0.009857073913213998,round,,D_local,S_final,10,10,22
gpt-4o,S3_1,12,1,2,Correct,0.011615685294218858,round,,D_local,S_final,10,10,22
gpt-4o,S3_1,12,1,3,Wrong,0.004086862949648773,round,,D_local,S_final,10,10,22
gpt-4o,S3_1,13,1,1,Correct,0.15660358308067102,round,,D_local,S_final,10,10,22
gpt-4o,S3_1,13,1,2,Correct,0.16228302895949065,round,,D_local,S_final,10,10,22
gpt-4o,S3_1,13,1,3,Correct,0.17321821360466816,round,,D_local,S_final,10,10,22
gpt-4o,S3_1,13,2,1,Correct,-0.018812738194618928,round,,D_local,S_final,10,10,22
gpt-4o,S3_1,13,2,2,Correct,-0.010333035712911554,round,,D_local,S_final,10,10,22
gpt-4o,S3_1,13,2,3,Correct,-0.04501135959142222,round,,D_local,S_final,10,10,22
gpt-4o,S3_1,13,3,1,Wrong,0.025547198616766464,round,,D_local,S_final,10,10,22
gpt-4o,S3_1,13,3,2,Wrong,-0.017337932976009496,round,,D_local,S_final,10,10,22
gpt-4o,S3_1,13,3,3,Correct,0.017777861499435277,round,,D_local,S_final,10,10,22
gpt-4o,S3_1,14,1,1,Wrong,0.07717939800339646,round,,D_local,S_final,10,10,22
gpt-4o,S3_1,14,1,2,Wrong,0.05113746347092152,round,,D_local,S_final,10,10,22
gpt-4o,S3_1,14,1,3,Correct,0.07031958605810817,round,,D_local,S_final,10,10,22
gpt-4o,S3_1,15,1,1,Correct,-0.013206109745589334,round,,D_local,S_final,10,10,22
gpt-4o,S3_1,15,1,2,Wrong,-0.012816321784359874,round,,D_local,S_final,10,10,22
gpt-4o,S3_1,15,1,3,Correct,-0.06488363352679849,round,,D_local,S_final,10,10,22
gpt-4o,S3_1,16,1,1,Correct,0.1679821139111486,round,,D_local,S_final,10,10,22
gpt-4o,S3_1,16,1,2,Correct,0.11755501939407287,round,,D_local,S_final,10,10,22
gpt-4o,S3_1,16,1,3,Correct,0.1540213038826299,round,,D_local,S_final,10,10,22
gpt-4o,S3_1,17,1,1,Correct,0.07023320307081393,round,,D_local,S_final,10,10,22
gpt-4o,S3_1,17,1,2,Correct,0.0886582754414047,round,,D_local,S_final,10,10,22
gpt-4o,S3_1,17,1,3,Correct,0.06209029742938088,round,,D_local,S_final,10,10,22
gpt-4o,S3_1,18,1,1,Correct,0.1566112004476513,round,,D_local,S_final,10,10,22
gpt-4o,S3_1,18,1,2,Correct,0.13850081465719333,round,,D_local,S_final,10,10,22
gpt-4o,S3_1,18,1,3,Correct,0.15028894738802956,round,,D_local,S_final,10,10,22
gpt-4o,S3_1,19,1,1,Wrong,0.08331608189092521,round,,D_local,S_final,10,10,22
gpt-4o,S3_1,19,1,2,Wrong,0.09993851064150683,round,,D_local,S_final,10,10,22
gpt-4o,S3_1,19,1,3,Wrong,0.0849332222880409,round,,D_local,S_final,10,10,22
gpt-4o,S3_1,20,1,1,Correct,0.11806159264863936,round,,D_local,S_final,10,10,22
gpt-4o,S3_1,20,1,2,Correct,0.07410793975693952,round,,D_local,S_final,10,10,22
gpt-4o,S3_1,20,1,3,Wrong,0.10723198511146914,round,,D_local,S_final,10,10,22
gpt-4o,S3_1,21,1,1,Correct,0.07674155419987283,round,,D_local,S_final,10,10,22
gpt-4o,S3_1,21,1,2,Correct,0.08809402988822113,round,,D_local,S_final,10,10,22
gpt-4o,S3_1,21,1,3,Correct,0.08776215825021982,round,,D_local,S_final,10,10,22
gpt-4o,S3_1,22,1,1,Correct,0.01130938452568031,round,,D_local,S_final,10,10,22
gpt-4o,S3_1,22,1,2,Correct,0.021140280024991243,round,,D_local,S_final,10,10,22
gpt-4o,S3_1,22,1,3,Correct,0.020329318629085047,round,,D_local,S_final,10,10,22
gpt-4o,S3_1,23,1,1,Correct,0.06532948516727966,round,,D_local,S_final,10,10,22
gpt-4o,S3_1,23,1,2,Correct,0.07201694239186796,round,,D_local,S_final,10,10,22
gpt-4o,S3_1,23,1,3,Correct,0.03638865310401107,round,,D_local,S_final,10,10,22
gpt-4o,S3_1,24,1,1,Wrong,0.039331597487279435,round,,D_local,S_final,10,10,22
gpt-4o,S3_1,24,1,2,Wrong,0.049837353941882045,round,,D_local,S_final,10,10,22
gpt-4o,S3_1,24,1,3,Wrong,0.02143391156353691,round,,D_local,S_final,10,10,22
gpt-4o,S3_1,25,1,1,Correct,-0.004778436308182199,round,,D_local,S_final,10,10,22
gpt-4o,S3_1,25,1,2,Correct,-0.0266562607379911,round,,D_local,S_final,10,10,22
gpt-4o,S3_1,25,1,3,Correct,-0.052112204625505254,round,,D_local,S_final,10,10,22
gpt-4o,S3_1,25,2,1,Correct,0.09698785369752394,round,,D_local,S_final,10,10,22
gpt-4o,S3_1,25,2,2,Correct,0.0841938180774916,round,,D_local,S_final,10,10,22
gpt-4o,S3_1,25,2,3,Correct,0.11494224340720527,round,,D_local,S_final,10,10,22
gpt-4o,S3_1,26,1,1,Correct,0.07856249081955957,round,,D_local,S_final,10,10,22
gpt-4o,S3_1,26,1,2,Correct,0.06489373741482984,round,,D_local,S_final,10,10,22
gpt-4o,S3_1,26,1,3,Correct,0.06312569893877173,round,,D_local,S_final,10,10,22
gpt-4o,S3_1,26,2,1,Correct,0.014016209338836294,round,,D_local,S_final,10,10,22
gpt-4o,S3_1,26,2,2,Correct,0.07268926714771817,round,,D_local,S_final,10,10,22
gpt-4o,S3_1,26,2,3,Correct,-0.0451825231789752,round,,D_local,S_final,10,10,22
gpt-4o,S3_1,26,3,1,Correct,-0.017288320002508573,round,,D_local,S_final,10,10,22
gpt-4o,S3_1,26,3,2,Correct,-0.05570670311918746,round,,D_local,S_final,10,10,22
gpt-4o,S3_1,26,3,3,Correct,-0.02362127189890373,round,,D_local,S_final,10,10,22
gpt-4o,S3_1,26,4,1,Correct,0.13234849756008848,round,,D_local,S_final,10,10,22
gpt-4o,S3_1,26,4,2,Correct,0.14210744980798873,round,,D_local,S_final,10,10,22
gpt-4o,S3_1,26,4,3,Correct,0.13682480604795233,round,,D_local,S_final,10,10,22
gpt-4o,S3_1,27,1,1,Correct,0.09805005045191861,round,,D_local,S_final,10,10,22
gpt-4o,S3_1,27,1,2,Correct,0.06363018462910741,round,,D_local,S_final,10,10,22
gpt-4o,S3_1,27,1,3,Correct,0.07593148996403554,round,,D_local,S_final,10,10,22
gpt-4o,S3_1,27,2,1,Correct,0.01650066601998057,round,,D_local,S_final,10,10,22
gpt-4o,S3_1,27,2,2,Correct,-0.03459976254226882,round,,D_local,S_final,10,10,22
gpt-4o,S3_1,27,2,3,Correct,0.009182188753366516,round,,D_local,S_final,10,10,22
gpt-4o,S3_1,27,3,1,Correct,-0.026816570573085063,round,,D_local,S_final,10,10,22
gpt-4o,S3_1,27,3,2,Correct,-0.019699937691242786,round,,D_local,S_final,10,10,22
gpt-4o,S3_1,27,3,3,Correct,-0.033688710989175474,round,,D_local,S_final,10,10,22
gpt-4o,S3_1,27,4,1,Correct,0.218054019350424,round,,D_local,S_final,10,10,22
gpt-4o,S3_1,27,4,2,Correct,0.22655135764165957,round,,D_local,S_final,10,10,22
gpt-4o,S3_1,27,4,3,Correct,0.1967376041589013,round,,D_local,S_final,10,10,22
gpt-4o,S3_1,28,1,1,Correct,0.03852789813735136,round,,D_local,S_final,10,10,22
gpt-4o,S3_1,28,1,2,Correct,0.07986114377333442,round,,D_local,S_final,10,10,22
gpt-4o,S3_1,28,1,3,Correct,0.04607337966660485,round,,D_local,S_final,10,10,22
gpt-4o,S3_1,28,2,1,Correct,-0.016095690085106362,round,,D_local,S_final,10,10,22
gpt-4o,S3_1,28,2,2,Correct,-0.005867746775909288,round,,D_local,S_final,10,10,22
gpt-4o,S3_1,28,2,3,Correct,-0.0439698654000783,round,,D_local,S_final,10,10,22
gpt-4o,S3_1,29,1,1,Correct,0.06647702413239209,round,,D_local,S_final,10,10,22
gpt-4o,S3_1,29,1,2,Correct,0.1339666810811312,round,,D_local,S_final,10,10,22
gpt-4o,S3_1,29,1,3,Correct,0.13957196942447792,round,,D_local,S_final,10,10,22
gpt-4o,S3_1,29,2,1,Correct,-0.0714487384977125,round,,D_local,S_final,10,10,22
gpt-4o,S3_1,29,2,2,Correct,-0.04637657766682396,round,,D_local,S_final,10,10,22
gpt-4o,S3_1,29,2,3,Correct,-0.059041788410466034,round,,D_local,S_final,10,10,22
gpt-4o,S3_1,30,1,1,Correct,0.08722382997270073,round,,D_local,S_final,10,10,22
gpt-4o,S3_1,30,1,2,Correct,0.08648342301492618,round,,D_local,S_final,10,10,22
gpt-4o,S3_1,30,1,3,Correct,0.07525936460454574,round,,D_local,S_final,10,10,22
gpt-4o,S3_1,30,2,1,Correct,-0.0495076205009185,round,,D_local,S_final,10,10,22
gpt-4o,S3_1,30,2,2,Correct,-0.07357120257005134,round,,D_local,S_final,10,10,22
gpt-4o,S3_1,30,2,3,Correct,-0.0571827299890314,round,,D_local,S_final,10,10,22
gpt-4o,S3_1,31,1,1,Wrong,0.1251748174888747,round,,D_local,S_final,10,10,22
gpt-4o,S3_1,31,1,2,Wrong,0.12681269685163254,round,,D_local,S_final,10,10,22
gpt-4o,S3_1,31,1,3,Wrong,0.1271709591530531,round,,D_local,S_final,10,10,22
gpt-4o,S3_1,32,1,1,Correct,0.06572086789188525,round,,D_local,S_final,10,10,22
gpt-4o,S3_1,32,1,2,Correct,0.1054154805661397,round,,D_local,S_final,10,10,22
gpt-4o,S3_1,32,1,3,Correct,0.08947950164746199,round,,D_local,S_final,10,10,22
gpt-4o,S3_1,33,1,1,Correct,0.12492591664430996,round,,D_local,S_final,10,10,22
gpt-4o,S3_1,33,1,2,Correct,0.13390082103964107,round,,D_local,S_final,10,10,22
gpt-4o,S3_1,33,1,3,Correct,0.11837409727910042,round,,D_local,S_final,10,10,22
gpt-4o,S3_1,34,1,1,Correct,0.06183379884440643,round,,D_local,S_final,10,10,22
gpt-4o,S3_1,34,1,2,Correct,0.06164717348860371,round,,D_local,S_final,10,10,22
gpt-4o,S3_1,34,1,3,Correct,0.054718991477650025,round,,D_local,S_final,10,10,22
gpt-4o,S3_1,35,1,1,Wrong,-0.009754377365848721,round,,D_local,S_final,10,10,22
gpt-4o,S3_1,35,1,2,Wrong,-0.004479349648606412,round,,D_local,S_final,10,10,22
gpt-4o,S3_1,35,1,3,Wrong,-0.021419809345330276,round,,D_local,S_final,10,10,22
gpt-4o,S3_1,36,1,1,Wrong,0.10137651804533476,round,,D_local,S_final,10,10,22
gpt-4o,S3_1,36,1,2,Wrong,0.12153079504912356,round,,D_local,S_final,10,10,22
gpt-4o,S3_1,36,1,3,Wrong,0.10599996865812844,round,,D_local,S_final,10,10,22
gpt-4o,S3_1,36,2,1,Correct,0.05579762548592859,round,,D_local,S_final,10,10,22
gpt-4o,S3_1,36,2,2,Wrong,0.02583655074365665,round,,D_local,S_final,10,10,22
gpt-4o,S3_1,36,2,3,Wrong,0.031217529534276367,round,,D_local,S_final,10,10,22
gpt-4o,S3_1,36,3,1,Correct,0.046042672897103065,round,,D_local,S_final,10,10,22
gpt-4o,S3_1,36,3,2,Correct,0.01524994427325932,round,,D_local,S_final,10,10,22
gpt-4o,S3_1,36,3,3,Correct,0.010440000303589825,round,,D_local,S_final,10,10,22
gpt-4o,S3_1,37,1,1,Correct,0.025970771400740555,round,,D_local,S_final,10,10,22
gpt-4o,S3_1,37,1,2,Correct,0.027995746666178878,round,,D_local,S_final,10,10,22
gpt-4o,S3_1,37,1,3,Correct,0.08364385021499732,round,,D_local,S_final,10,10,22
gpt-4o,S3_1,37,2,1,Wrong,0.08679010377380003,round,,D_local,S_final,10,10,22
gpt-4o,S3_1,37,2,2,Wrong,0.08690676687248988,round,,D_local,S_final,10,10,22
gpt-4o,S3_1,37,2,3,Wrong,0.09413420161115149,round,,D_local,S_final,10,10,22
gpt-4o,S3_1,38,1,1,Correct,-0.10664529416267032,round,,D_local,S_final,10,10,22
gpt-4o,S3_1,38,1,2,Correct,-0.13484856798489447,round,,D_local,S_final,10,10,22
gpt-4o,S3_1,38,1,3,Correct,-0.13048170526794978,round,,D_local,S_final,10,10,22
gpt-4o,S3_1,38,2,1,Wrong,-0.12475301871352662,round,,D_local,S_final,10,10,22
gpt-4o,S3_1,38,2,2,Wrong,-0.13229851455089747,round,,D_local,S_final,10,10,22
gpt-4o,S3_1,38,2,3,Correct,-0.1402862500472538,round,,D_local,S_final,10,10,22
gpt-4o,S3_1,39,1,1,Correct,-0.02810591893829384,round,,D_local,S_final,10,10,22
gpt-4o,S3_1,39,1,2,Correct,-0.047410636801041184,round,,D_local,S_final,10,10,22
gpt-4o,S3_1,39,1,3,Correct,-0.03132184520191372,round,,D_local,S_final,10,10,22
gpt-4o,S3_1,39,2,1,Correct,0.17106916233240455,round,,D_local,S_final,10,10,22
gpt-4o,S3_1,39,2,2,Correct,0.14956866187779772,round,,D_local,S_final,10,10,22
gpt-4o,S3_1,39,2,3,Correct,0.13651777052329617,round,,D_local,S_final,10,10,22
gpt-4o,S3_1,40,1,1,Correct,0.0867027204392774,round,,D_local,S_final,10,10,22
gpt-4o,S3_1,40,1,2,Correct,0.08569055279302618,round,,D_local,S_final,10,10,22
gpt-4o,S3_1,40,1,3,Correct,0.07812864158247468,round,,D_local,S_final,10,10,22
gpt-4o,S3_1,40,2,1,Wrong,0.1058820342617891,round,,D_local,S_final,10,10,22
gpt-4o,S3_1,40,2,2,Wrong,0.08559101870539132,round,,D_local,S_final,10,10,22
gpt-4o,S3_1,40,2,3,Wrong,0.0825002417949321,round,,D_local,S_final,10,10,22
gpt-4o,S3_1,40,3,1,Correct,0.034019376598693696,round,,D_local,S_final,10,10,22
gpt-4o,S3_1,40,3,2,Correct,0.06699850425759213,round,,D_local,S_final,10,10,22
gpt-4o,S3_1,40,3,3,Correct,0.05204748402805082,round,,D_local,S_final,10,10,22
gpt-4o,S3_1,40,4,1,Wrong,0.014638471637996697,round,,D_local,S_final,10,10,22
gpt-4o,S3_1,40,4,2,Correct,0.012166045250167068,round,,D_local,S_final,10,10,22
gpt-4o,S3_1,40,4,3,Correct,0.029278036220191095,round,,D_local,S_final,10,10,22
gpt-4o,S3_1,40,5,1,Wrong,0.02814490305868167,round,,D_local,S_final,10,10,22
gpt-4o,S3_1,40,5,2,Wrong,0.05463578690746829,round,,D_local,S_final,10,10,22
gpt-4o,S3_1,40,5,3,Wrong,0.0621542455902121,round,,D_local,S_final,10,10,22
gpt-4o,S3_1,40,6,1,Correct,0.0698389973380773,round,,D_local,S_final,10,10,22
gpt-4o,S3_1,40,6,2,Correct,0.06965492247584315,round,,D_local,S_final,10,10,22
gpt-4o,S3_1,40,6,3,Correct,0.046270276383650444,round,,D_local,S_final,10,10,22
gpt-4o,S3_1,41,1,1,Wrong,0.06976519617566834,round,,D_local,S_final,10,10,22
gpt-4o,S3_1,41,1,2,Wrong,0.08997072542763918,round,,D_local,S_final,10,10,22
gpt-4o,S3_1,41,1,3,Wrong,0.06695806238615731,round,,D_local,S_final,10,10,22
gpt-4o,S3_1,42,1,1,Wrong,-0.047107477731275216,round,,D_local,S_final,10,10,22
gpt-4o,S3_1,42,1,2,Wrong,-0.02426545899483934,round,,D_local,S_final,10,10,22
gpt-4o,S3_1,42,1,3,Wrong,-0.04906487109641733,round,,D_local,S_final,10,10,22
gpt-4o,S3_1,43,1,1,Correct,-0.018730954148185264,round,,D_local,S_final,10,10,22
gpt-4o,S3_1,43,1,2,Wrong,0.00275071362642465,round,,D_local,S_final,10,10,22
gpt-4o,S3_1,43,1,3,Correct,0.018598607225418617,round,,D_local,S_final,10,10,22
gpt-4o,S3_1,44,1,1,Correct,0.11564407666573384,round,,D_local,S_final,10,10,22
gpt-4o,S3_1,44,1,2,Correct,0.11441561319634042,round,,D_local,S_final,10,10,22
gpt-4o,S3_1,44,1,3,Correct,0.12065765040790988,round,,D_local,S_final,10,10,22
gpt-4o,S3_1,45,1,1,Correct,0.08255231554200249,round,,D_local,S_final,10,10,22
gpt-4o,S3_1,45,1,2,Correct,0.11601596267972725,round,,D_local,S_final,10,10,22
gpt-4o,S3_1,45,1,3,Correct,0.12039588533320356,round,,D_local,S_final,10,10,22
gpt-4o,S3_1,45,2,1,Wrong,-0.051440553117629295,round,,D_local,S_final,10,10,22
gpt-4o,S3_1,45,2,2,Wrong,-0.03722349418350318,round,,D_local,S_final,10,10,22
gpt-4o,S3_1,45,2,3,Correct,-0.01401036974784764,round,,D_local,S_final,10,10,22
gpt-4o,S3_1,45,3,1,Correct,-0.0195676013023387,round,,D_local,S_final,10,10,22
gpt-4o,S3_1,45,3,2,Correct,-0.0146583844716337,round,,D_local,S_final,10,10,22
gpt-4o,S3_1,45,3,3,Correct,-0.018131109043139304,round,,D_local,S_final,10,10,22
gpt-4o,S3_1,46,1,1,Correct,0.06749156188709504,round,,D_local,S_final,10,10,22
gpt-4o,S3_1,46,1,2,Correct,0.09068466470874204,round,,D_local,S_final,10,10,22
gpt-4o,S3_1,46,1,3,Correct,0.07575295182541475,round,,D_local,S_final,10,10,22
gpt-4o,S3_1,46,2,1,Correct,0.05961727640828074,round,,D_local,S_final,10,10,22
gpt-4o,S3_1,46,2,2,Correct,0.06695736863460056,round,,D_local,S_final,10,10,22
gpt-4o,S3_1,46,2,3,Correct,0.06814333610949141,round,,D_local,S_final,10,10,22
gpt-4o,S3_1,47,1,1,Correct,0.1140171927099971,round,,D_local,S_final,10,10,22
gpt-4o,S3_1,47,1,2,Correct,0.11142662039115103,round,,D_local,S_final,10,10,22
gpt-4o,S3_1,47,1,3,Correct,0.12595815624499718,round,,D_local,S_final,10,10,22
gpt-4o,S3_1,47,2,1,Correct,0.03312822022419171,round,,D_local,S_final,10,10,22
gpt-4o,S3_1,47,2,2,Correct,0.008700252337393577,round,,D_local,S_final,10,10,22
gpt-4o,S3_1,47,2,3,Correct,0.02448822619553681,round,,D_local,S_final,10,10,22
gpt-4o,S3_1,48,1,1,Correct,0.10289578543296551,round,,D_local,S_final,10,10,22
gpt-4o,S3_1,48,1,2,Correct,0.08523151334705037,round,,D_local,S_final,10,10,22
gpt-4o,S3_1,48,1,3,Correct,0.09402247257796503,round,,D_local,S_final,10,10,22
gpt-4o,S3_1,48,2,1,Wrong,-0.04236910837672492,round,,D_local,S_final,10,10,22
gpt-4o,S3_1,48,2,2,Wrong,-0.04834126601330613,round,,D_local,S_final,10,10,22
gpt-4o,S3_1,48,2,3,Wrong,-0.010155278256882339,round,,D_local,S_final,10,10,22
gpt-4o,S3_1,49,1,1,Correct,0.06341250496125206,round,,D_local,S_final,10,10,22
gpt-4o,S3_1,49,1,2,Correct,0.04795613667627474,round,,D_local,S_final,10,10,22
gpt-4o,S3_1,49,1,3,Wrong,0.03672252269032994,round,,D_local,S_final,10,10,22
gpt-4o,S3_1,50,1,1,Correct,0.005334084905890046,round,,D_local,S_final,10,10,22
gpt-4o,S3_1,50,1,2,Correct,0.029982633096934164,round,,D_local,S_final,10,10,22
gpt-4o,S3_1,50,1,3,Correct,0.02133092775783013,round,,D_local,S_final,10,10,22
gpt-4o,S3_1,51,1,1,Correct,0.14566385851103436,round,,D_local,S_final,10,10,22
gpt-4o,S3_1,51,1,2,Correct,0.14652370768150247,round,,D_local,S_final,10,10,22
gpt-4o,S3_1,51,1,3,Correct,0.12115369074390048,round,,D_local,S_final,10,10,22
gpt-4o,S3_1,52,1,1,Correct,0.16688201779812784,round,,D_local,S_final,10,10,22
gpt-4o,S3_1,52,1,2,Wrong,0.14163117107140621,round,,D_local,S_final,10,10,22
gpt-4o,S3_1,52,1,3,Wrong,0.17509440025172407,round,,D_local,S_final,10,10,22
gpt-4o,S3_1,53,1,1,Correct,-0.03591722988700974,round,,D_local,S_final,10,10,22
gpt-4o,S3_1,53,1,2,Correct,0.0011809028376572606,round,,D_local,S_final,10,10,22
gpt-4o,S3_1,53,1,3,Correct,0.045593898631970275,round,,D_local,S_final,10,10,22
gpt-4o,S3_1,53,2,1,Correct,0.08286350628425321,round,,D_local,S_final,10,10,22
gpt-4o,S3_1,53,2,2,Correct,0.08313345331227084,round,,D_local,S_final,10,10,22
gpt-4o,S3_1,53,2,3,Correct,0.09631556030533417,round,,D_local,S_final,10,10,22
gpt-4o,S3_1,54,1,1,Correct,-0.14148944760911158,round,,D_local,S_final,10,10,22
gpt-4o,S3_1,54,1,2,Correct,-0.13354306549407347,round,,D_local,S_final,10,10,22
gpt-4o,S3_1,54,1,3,Correct,-0.1618409223489763,round,,D_local,S_final,10,10,22
gpt-4o,S3_1,54,2,1,Correct,0.12559101103563364,round,,D_local,S_final,10,10,22
gpt-4o,S3_1,54,2,2,Correct,0.14396311891711777,round,,D_local,S_final,10,10,22
gpt-4o,S3_1,54,2,3,Correct,0.12460244431387113,round,,D_local,S_final,10,10,22
gpt-4o,S3_1,55,1,1,Wrong,0.0017617835013470362,round,,D_local,S_final,10,10,22
gpt-4o,S3_1,55,1,2,Correct,0.003120080238737999,round,,D_local,S_final,10,10,22
gpt-4o,S3_1,55,1,3,Wrong,-0.010385907956080853,round,,D_local,S_final,10,10,22
gpt-4o,S3_1,55,2,1,Correct,0.11427312335732465,round,,D_local,S_final,10,10,22
gpt-4o,S3_1,55,2,2,Correct,0.10925326058233276,round,,D_local,S_final,10,10,22
gpt-4o,S3_1,55,2,3,Correct,0.14040650816195654,round,,D_local,S_final,10,10,22
gpt-4o,S3_1,56,1,1,Wrong,-0.03252309879476212,round,,D_local,S_final,10,10,22
gpt-4o,S3_1,56,1,2,Wrong,0.00041774759713009146,round,,D_local,S_final,10,10,22
gpt-4o,S3_1,56,1,3,Wrong,0.0020850565893674178,round,,D_local,S_final,10,10,22
gpt-4o,S3_1,56,2,1,Correct,0.05236734284448974,round,,D_local,S_final,10,10,22
gpt-4o,S3_1,56,2,2,Correct,0.06963296425868537,round,,D_local,S_final,10,10,22
gpt-4o,S3_1,56,2,3,Correct,0.08014620376322346,round,,D_local,S_final,10,10,22
gpt-4o,S3_1,57,1,1,Correct,-0.06343552394290852,round,,D_local,S_final,10,10,22
gpt-4o,S3_1,57,1,2,Correct,-0.10419428016786358,round,,D_local,S_final,10,10,22
gpt-4o,S3_1,57,1,3,Correct,-0.09023857288308113,round,,D_local,S_final,10,10,22
gpt-4o,S3_1,57,2,1,Correct,-0.16092954560678258,round,,D_local,S_final,10,10,22
gpt-4o,S3_1,57,2,2,Correct,-0.10169737674703455,round,,D_local,S_final,10,10,22
gpt-4o,S3_1,57,2,3,Wrong,-0.1666184349583324,round,,D_local,S_final,10,10,22
gpt-4o,S3_1,58,1,1,Correct,0.007338559627132035,round,,D_local,S_final,10,10,22
gpt-4o,S3_1,58,1,2,Correct,-0.00762012095539355,round,,D_local,S_final,10,10,22
gpt-4o,S3_1,58,1,3,Correct,-0.00015655312733209303,round,,D_local,S_final,10,10,22
gpt-4o,S3_1,58,2,1,Correct,0.0503704663004263,round,,D_local,S_final,10,10,22
gpt-4o,S3_1,58,2,2,Correct,0.05125365427978146,round,,D_local,S_final,10,10,22
gpt-4o,S3_1,58,2,3,Wrong,0.04440403302637408,round,,D_local,S_final,10,10,22
gpt-4o,S3_1,59,1,1,Correct,-0.0192727658767754,round,,D_local,S_final,10,10,22
gpt-4o,S3_1,59,1,2,Correct,-0.04567936943346895,round,,D_local,S_final,10,10,22
gpt-4o,S3_1,59,1,3,Correct,-0.03067795623098568,round,,D_local,S_final,10,10,22
gpt-4o,S3_1,59,2,1,Correct,0.10533287605401509,round,,D_local,S_final,10,10,22
gpt-4o,S3_1,59,2,2,Correct,0.11749191769570755,round,,D_local,S_final,10,10,22
gpt-4o,S3_1,59,2,3,Correct,0.08683067153227886,round,,D_local,S_final,10,10,22
gpt-4o,S3_1,60,1,1,Correct,-0.14157156569820278,round,,D_local,S_final,10,10,22
gpt-4o,S3_1,60,1,2,Correct,-0.12913034603503992,round,,D_local,S_final,10,10,22
gpt-4o,S3_1,60,1,3,Correct,-0.15620564282362015,round,,D_local,S_final,10,10,22
gpt-4o,S3_1,60,2,1,Correct,0.07849196366912525,round,,D_local,S_final,10,10,22
gpt-4o,S3_1,60,2,2,Correct,0.09089763437840681,round,,D_local,S_final,10,10,22
gpt-4o,S3_1,60,2,3,Correct,0.06455163932411656,round,,D_local,S_final,10,10,22
gpt-4o,S3_1,61,1,1,Correct,-0.09008016385281936,round,,D_local,S_final,10,10,22
gpt-4o,S3_1,61,1,2,Correct,-0.06188372675231202,round,,D_local,S_final,10,10,22
gpt-4o,S3_1,61,1,3,Correct,-0.08527040470319719,round,,D_local,S_final,10,10,22
gpt-4o,S3_1,61,2,1,Correct,0.10552876164618608,round,,D_local,S_final,10,10,22
gpt-4o,S3_1,61,2,2,Wrong,0.10919792367871983,round,,D_local,S_final,10,10,22
gpt-4o,S3_1,61,2,3,Correct,0.09497265650580966,round,,D_local,S_final,10,10,22
gpt-4o,S3_1,62,1,1,Correct,0.030856003434784562,round,,D_local,S_final,10,10,22
gpt-4o,S3_1,62,1,2,Correct,0.05656370626923246,round,,D_local,S_final,10,10,22
gpt-4o,S3_1,62,1,3,Correct,0.048154218609920196,round,,D_local,S_final,10,10,22
gpt-4o,S3_1,62,2,1,Correct,0.024892201685633664,round,,D_local,S_final,10,10,22
gpt-4o,S3_1,62,2,2,Correct,0.06897045770362853,round,,D_local,S_final,10,10,22
gpt-4o,S3_1,62,2,3,Correct,0.04856908802089854,round,,D_local,S_final,10,10,22
gpt-4o,S3_1,63,1,1,Correct,0.03191039826329012,round,,D_local,S_final,10,10,22
gpt-4o,S3_1,63,1,2,Correct,0.0374084202049767,round,,D_local,S_final,10,10,22
gpt-4o,S3_1,63,1,3,Correct,0.04493912000374389,round,,D_local,S_final,10,10,22
gpt-4o,S3_1,63,2,1,Correct,0.050143183030534666,round,,D_local,S_final,10,10,22
gpt-4o,S3_1,63,2,2,Correct,0.0366117659458558,round,,D_local,S_final,10,10,22
gpt-4o,S3_1,63,2,3,Wrong,0.044891042407579795,round,,D_local,S_final,10,10,22
gpt-4o,S3_1,64,1,1,Wrong,-0.01759227135954533,round,,D_local,S_final,10,10,22
gpt-4o,S3_1,64,1,2,Wrong,0.048295457582732015,round,,D_local,S_final,10,10,22
gpt-4o,S3_1,64,1,3,Correct,0.025176779570838415,round,,D_local,S_final,10,10,22
gpt-4o,S3_1,64,2,1,Correct,0.051856537109846834,round,,D_local,S_final,10,10,22
gpt-4o,S3_1,64,2,2,Correct,0.009826998085626926,round,,D_local,S_final,10,10,22
gpt-4o,S3_1,64,2,3,Correct,0.011901795705379636,round,,D_local,S_final,10,10,22
grok-4.3,S0,1,1,1,Correct,0.09374675610833416,round,,D_local,S_final,10,10,22
grok-4.3,S0,1,1,2,Correct,0.11193034971947724,round,,D_local,S_final,10,10,22
grok-4.3,S0,1,1,3,Correct,0.10629251874875512,round,,D_local,S_final,10,10,22
grok-4.3,S0,1,2,1,Correct,0.017276992607491493,round,,D_local,S_final,10,10,22
grok-4.3,S0,1,2,2,Correct,0.011650228549797581,round,,D_local,S_final,10,10,22
grok-4.3,S0,1,2,3,Wrong,-0.004794332554855063,round,,D_local,S_final,10,10,22
grok-4.3,S0,1,3,1,Wrong,-0.002034605532389433,round,,D_local,S_final,10,10,22
grok-4.3,S0,1,3,2,Wrong,-0.019723375226259776,round,,D_local,S_final,10,10,22
grok-4.3,S0,1,3,3,Wrong,-0.007818960112188078,round,,D_local,S_final,10,10,22
grok-4.3,S0,1,4,1,Correct,0.057176582361360806,round,,D_local,S_final,10,10,22
grok-4.3,S0,1,4,2,Correct,0.0780795157808114,round,,D_local,S_final,10,10,22
grok-4.3,S0,1,4,3,Correct,0.05713855871202389,round,,D_local,S_final,10,10,22
grok-4.3,S0,1,5,1,Wrong,0.003979719442098073,round,,D_local,S_final,10,10,22
grok-4.3,S0,1,5,2,Wrong,0.02916248710468794,round,,D_local,S_final,10,10,22
grok-4.3,S0,1,5,3,Wrong,0.014890688052220935,round,,D_local,S_final,10,10,22
grok-4.3,S0,2,1,1,Wrong,0.20277255624125629,round,,D_local,S_final,10,10,22
grok-4.3,S0,2,1,2,Wrong,0.1814907667608796,round,,D_local,S_final,10,10,22
grok-4.3,S0,2,1,3,Wrong,0.17287426184326488,round,,D_local,S_final,10,10,22
grok-4.3,S0,3,1,1,Correct,0.19014110282609398,round,,D_local,S_final,10,10,22
grok-4.3,S0,3,1,2,Wrong,0.1733052551116348,round,,D_local,S_final,10,10,22
grok-4.3,S0,3,1,3,Wrong,0.2152559827585369,round,,D_local,S_final,10,10,22
grok-4.3,S0,3,2,1,Correct,0.19837327850338937,round,,D_local,S_final,10,10,22
grok-4.3,S0,3,2,2,Correct,0.24733335691727165,round,,D_local,S_final,10,10,22
grok-4.3,S0,3,2,3,Correct,0.21574489881940995,round,,D_local,S_final,10,10,22
grok-4.3,S0,4,1,1,Correct,0.1377827085590725,round,,D_local,S_final,10,10,22
grok-4.3,S0,4,1,2,Correct,0.1506442085058327,round,,D_local,S_final,10,10,22
grok-4.3,S0,4,1,3,Wrong,0.10512682785683336,round,,D_local,S_final,10,10,22
grok-4.3,S0,4,2,1,Correct,0.1257939784221178,round,,D_local,S_final,10,10,22
grok-4.3,S0,4,2,2,Correct,0.10013672797006057,round,,D_local,S_final,10,10,22
grok-4.3,S0,4,2,3,Correct,0.1103761229327832,round,,D_local,S_final,10,10,22
grok-4.3,S0,4,3,1,Correct,0.0677752009296182,round,,D_local,S_final,10,10,22
grok-4.3,S0,4,3,2,Correct,0.09139378715937885,round,,D_local,S_final,10,10,22
grok-4.3,S0,4,3,3,Correct,0.096727658917103,round,,D_local,S_final,10,10,22
grok-4.3,S0,5,1,1,Correct,0.10100624412748416,round,,D_local,S_final,10,10,22
grok-4.3,S0,5,1,2,Wrong,0.09279367449321885,round,,D_local,S_final,10,10,22
grok-4.3,S0,5,1,3,Correct,0.09557295142937716,round,,D_local,S_final,10,10,22
grok-4.3,S0,5,2,1,Correct,0.07324437031734998,round,,D_local,S_final,10,10,22
grok-4.3,S0,5,2,2,Correct,0.09235078275107533,round,,D_local,S_final,10,10,22
grok-4.3,S0,5,2,3,Correct,0.0996367767330193,round,,D_local,S_final,10,10,22
grok-4.3,S0,5,3,1,Wrong,0.06657159789026024,round,,D_local,S_final,10,10,22
grok-4.3,S0,5,3,2,Wrong,0.07912883717995212,round,,D_local,S_final,10,10,22
grok-4.3,S0,5,3,3,Wrong,0.0806972584452873,round,,D_local,S_final,10,10,22
grok-4.3,S0,6,1,1,Correct,0.07227158334990591,round,,D_local,S_final,10,10,22
grok-4.3,S0,6,1,2,Wrong,0.08092970406510847,round,,D_local,S_final,10,10,22
grok-4.3,S0,6,1,3,Correct,0.08876597469804248,round,,D_local,S_final,10,10,22
grok-4.3,S0,6,2,1,Correct,0.06646703531251119,round,,D_local,S_final,10,10,22
grok-4.3,S0,6,2,2,Correct,0.030476630375707803,round,,D_local,S_final,10,10,22
grok-4.3,S0,6,2,3,Correct,0.022319188174670157,round,,D_local,S_final,10,10,22
grok-4.3,S0,6,3,1,Correct,0.05394722652493833,round,,D_local,S_final,10,10,22
grok-4.3,S0,6,3,2,Correct,0.09767514462202853,round,,D_local,S_final,10,10,22
grok-4.3,S0,6,3,3,Correct,0.06603082349396017,round,,D_local,S_final,10,10,22
grok-4.3,S0,7,1,1,Correct,0.09625934932458369,round,,D_local,S_final,10,10,22
grok-4.3,S0,7,1,2,Correct,0.10083428332642153,round,,D_local,S_final,10,10,22
grok-4.3,S0,7,1,3,Correct,0.11462417328486163,round,,D_local,S_final,10,10,22
grok-4.3,S0,7,2,1,Wrong,0.09659411643669702,round,,D_local,S_final,10,10,22
grok-4.3,S0,7,2,2,Wrong,0.1102033724032675,round,,D_local,S_final,10,10,22
grok-4.3,S0,7,2,3,Wrong,0.12201476201944939,round,,D_local,S_final,10,10,22
grok-4.3,S0,7,3,1,Wrong,-0.0190445654422835,round,,D_local,S_final,10,10,22
grok-4.3,S0,7,3,2,Wrong,-0.013064876622062793,round,,D_local,S_final,10,10,22
grok-4.3,S0,7,3,3,Wrong,-0.011161452359064405,round,,D_local,S_final,10,10,22
grok-4.3,S0,7,4,1,Correct,0.022286288840525303,round,,D_local,S_final,10,10,22
grok-4.3,S0,7,4,2,Correct,0.02517317900932381,round,,D_local,S_final,10,10,22
grok-4.3,S0,7,4,3,Correct,0.02265465873510064,round,,D_local,S_final,10,10,22
grok-4.3,S0,7,5,1,Correct,0.052881346707135735,round,,D_local,S_final,10,10,22
grok-4.3,S0,7,5,2,Correct,0.09114392986060782,round,,D_local,S_final,10,10,22
grok-4.3,S0,7,5,3,Correct,0.05886509210660307,round,,D_local,S_final,10,10,22
grok-4.3,S0,7,6,1,Wrong,0.0022958218103443784,round,,D_local,S_final,10,10,22
grok-4.3,S0,7,6,2,Wrong,-0.02411104983903478,round,,D_local,S_final,10,10,22
grok-4.3,S0,7,6,3,Wrong,-0.026392915666785588,round,,D_local,S_final,10,10,22
grok-4.3,S0,7,7,1,Wrong,0.08042141937060576,round,,D_local,S_final,10,10,22
grok-4.3,S0,7,7,2,Wrong,0.072599665403,round,,D_local,S_final,10,10,22
grok-4.3,S0,7,7,3,Wrong,0.05547869935423699,round,,D_local,S_final,10,10,22
grok-4.3,S0,7,8,1,Correct,0.02637368871538992,round,,D_local,S_final,10,10,22
grok-4.3,S0,7,8,2,Correct,0.08748185372866868,round,,D_local,S_final,10,10,22
grok-4.3,S0,7,8,3,Correct,0.053868209336774386,round,,D_local,S_final,10,10,22
grok-4.3,S0,7,9,1,Correct,0.09854714529183473,round,,D_local,S_final,10,10,22
grok-4.3,S0,7,9,2,Correct,0.11384621986428223,round,,D_local,S_final,10,10,22
grok-4.3,S0,7,9,3,Correct,0.08645614950363611,round,,D_local,S_final,10,10,22
grok-4.3,S0,7,10,1,Wrong,-0.009730715962462444,round,,D_local,S_final,10,10,22
grok-4.3,S0,7,10,2,Wrong,-0.061481886999872115,round,,D_local,S_final,10,10,22
grok-4.3,S0,7,10,3,Wrong,-0.028170117980355958,round,,D_local,S_final,10,10,22
grok-4.3,S0,7,11,1,Correct,0.06694157304990556,round,,D_local,S_final,10,10,22
grok-4.3,S0,7,11,2,Correct,0.09808925627834342,round,,D_local,S_final,10,10,22
grok-4.3,S0,7,11,3,Wrong,0.0763287426675795,round,,D_local,S_final,10,10,22
grok-4.3,S0,8,1,1,Correct,0.09072745390376058,round,,D_local,S_final,10,10,22
grok-4.3,S0,8,1,2,Wrong,0.06602227705095898,round,,D_local,S_final,10,10,22
grok-4.3,S0,8,1,3,Correct,0.07461575809885457,round,,D_local,S_final,10,10,22
grok-4.3,S0,8,2,1,Wrong,0.007486095780506963,round,,D_local,S_final,10,10,22
grok-4.3,S0,8,2,2,Wrong,0.007074078389204819,round,,D_local,S_final,10,10,22
grok-4.3,S0,8,2,3,Wrong,0.028484570257346298,round,,D_local,S_final,10,10,22
grok-4.3,S0,8,3,1,Correct,0.06732135368255399,round,,D_local,S_final,10,10,22
grok-4.3,S0,8,3,2,Correct,0.10510424503848248,round,,D_local,S_final,10,10,22
grok-4.3,S0,8,3,3,Correct,0.06252496696807519,round,,D_local,S_final,10,10,22
grok-4.3,S0,8,4,1,Correct,-0.003564638743607129,round,,D_local,S_final,10,10,22
grok-4.3,S0,8,4,2,Correct,-0.003123632977599544,round,,D_local,S_final,10,10,22
grok-4.3,S0,8,4,3,Correct,-0.027081778025272008,round,,D_local,S_final,10,10,22
grok-4.3,S0,9,1,1,Correct,0.03678242340847537,round,,D_local,S_final,10,10,22
grok-4.3,S0,9,1,2,Correct,0.054405479579217264,round,,D_local,S_final,10,10,22
grok-4.3,S0,9,1,3,Correct,0.05765685295917511,round,,D_local,S_final,10,10,22
grok-4.3,S0,9,2,1,Wrong,0.060687909937344964,round,,D_local,S_final,10,10,22
grok-4.3,S0,9,2,2,Wrong,0.09121914971522249,round,,D_local,S_final,10,10,22
grok-4.3,S0,9,2,3,Wrong,0.05389811067202133,round,,D_local,S_final,10,10,22
grok-4.3,S0,9,3,1,Wrong,0.07302172284471453,round,,D_local,S_final,10,10,22
grok-4.3,S0,9,3,2,Wrong,0.0737107745071689,round,,D_local,S_final,10,10,22
grok-4.3,S0,9,3,3,Wrong,0.06133257427386285,round,,D_local,S_final,10,10,22
grok-4.3,S0,10,1,1,Correct,0.1199094931668121,round,,D_local,S_final,10,10,22
grok-4.3,S0,10,1,2,Correct,0.0903024549787359,round,,D_local,S_final,10,10,22
grok-4.3,S0,10,1,3,Correct,0.13196246929847244,round,,D_local,S_final,10,10,22
grok-4.3,S0,10,2,1,Correct,0.14080874051891445,round,,D_local,S_final,10,10,22
grok-4.3,S0,10,2,2,Correct,0.133583382893683,round,,D_local,S_final,10,10,22
grok-4.3,S0,10,2,3,Correct,0.1459061354870591,round,,D_local,S_final,10,10,22
grok-4.3,S0,11,1,1,Correct,-0.023858867837446396,round,,D_local,S_final,10,10,22
grok-4.3,S0,11,1,2,Wrong,0.021810409737013425,round,,D_local,S_final,10,10,22
grok-4.3,S0,11,1,3,Correct,0.025139317976556774,round,,D_local,S_final,10,10,22
grok-4.3,S0,12,1,1,Wrong,-0.001515353935587993,round,,D_local,S_final,10,10,22
grok-4.3,S0,12,1,2,Wrong,0.008516719202823264,round,,D_local,S_final,10,10,22
grok-4.3,S0,12,1,3,Wrong,-0.019561027914559492,round,,D_local,S_final,10,10,22
grok-4.3,S0,13,1,1,Correct,0.21898299692753043,round,,D_local,S_final,10,10,22
grok-4.3,S0,13,1,2,Correct,0.15995331343351193,round,,D_local,S_final,10,10,22
grok-4.3,S0,13,1,3,Correct,0.20441794139284486,round,,D_local,S_final,10,10,22
grok-4.3,S0,13,2,1,Correct,0.05339889040700141,round,,D_local,S_final,10,10,22
grok-4.3,S0,13,2,2,Correct,0.03820602103486648,round,,D_local,S_final,10,10,22
grok-4.3,S0,13,2,3,Correct,0.05944629352906872,round,,D_local,S_final,10,10,22
grok-4.3,S0,13,3,1,Wrong,0.01683062343703312,round,,D_local,S_final,10,10,22
grok-4.3,S0,13,3,2,Wrong,0.06569850081641182,round,,D_local,S_final,10,10,22
grok-4.3,S0,13,3,3,Correct,0.044277402313715575,round,,D_local,S_final,10,10,22
grok-4.3,S0,14,1,1,Wrong,-0.004826955868947325,round,,D_local,S_final,10,10,22
grok-4.3,S0,14,1,2,Wrong,-0.004588948762375145,round,,D_local,S_final,10,10,22
grok-4.3,S0,14,1,3,Wrong,-0.02856752364529147,round,,D_local,S_final,10,10,22
grok-4.3,S0,15,1,1,Wrong,-0.12512979598556878,round,,D_local,S_final,10,10,22
grok-4.3,S0,15,1,2,Wrong,-0.14046332387436317,round,,D_local,S_final,10,10,22
grok-4.3,S0,15,1,3,Wrong,-0.1435456968493749,round,,D_local,S_final,10,10,22
grok-4.3,S0,16,1,1,Correct,0.11098061787533553,round,,D_local,S_final,10,10,22
grok-4.3,S0,16,1,2,Correct,0.10497858143511285,round,,D_local,S_final,10,10,22
grok-4.3,S0,16,1,3,Correct,0.12353200138548126,round,,D_local,S_final,10,10,22
grok-4.3,S0,17,1,1,Wrong,-0.05048682224157164,round,,D_local,S_final,10,10,22
grok-4.3,S0,17,1,2,Wrong,-0.044665336340504846,round,,D_local,S_final,10,10,22
grok-4.3,S0,17,1,3,Wrong,-0.056712800518725515,round,,D_local,S_final,10,10,22
grok-4.3,S0,18,1,1,Correct,0.18673299670741517,round,,D_local,S_final,10,10,22
grok-4.3,S0,18,1,2,Correct,0.18525372363560788,round,,D_local,S_final,10,10,22
grok-4.3,S0,18,1,3,Correct,0.1847393022557744,round,,D_local,S_final,10,10,22
grok-4.3,S0,19,1,1,Correct,0.008525268600220626,round,,D_local,S_final,10,10,22
grok-4.3,S0,19,1,2,Correct,-0.011227749440744783,round,,D_local,S_final,10,10,22
grok-4.3,S0,19,1,3,Correct,0.0037978190571990034,round,,D_local,S_final,10,10,22
grok-4.3,S0,20,1,1,Correct,0.16829544431794752,round,,D_local,S_final,10,10,22
grok-4.3,S0,20,1,2,Correct,0.12582442553833728,round,,D_local,S_final,10,10,22
grok-4.3,S0,20,1,3,Correct,0.12839968753185937,round,,D_local,S_final,10,10,22
grok-4.3,S0,21,1,1,Correct,0.09619565173576305,round,,D_local,S_final,10,10,22
grok-4.3,S0,21,1,2,Correct,0.11006652171109388,round,,D_local,S_final,10,10,22
grok-4.3,S0,21,1,3,Correct,0.10470444451953043,round,,D_local,S_final,10,10,22
grok-4.3,S0,22,1,1,Wrong,0.052505137788875555,round,,D_local,S_final,10,10,22
grok-4.3,S0,22,1,2,Wrong,0.03952291267922403,round,,D_local,S_final,10,10,22
grok-4.3,S0,22,1,3,Wrong,0.051272603729212274,round,,D_local,S_final,10,10,22
grok-4.3,S0,23,1,1,Wrong,0.10689053370096868,round,,D_local,S_final,10,10,22
grok-4.3,S0,23,1,2,Wrong,0.07760790837331155,round,,D_local,S_final,10,10,22
grok-4.3,S0,23,1,3,Wrong,0.09489079710423343,round,,D_local,S_final,10,10,22
grok-4.3,S0,24,1,1,Wrong,0.018015714759861967,round,,D_local,S_final,10,10,22
grok-4.3,S0,24,1,2,Wrong,-0.0007234686435232396,round,,D_local,S_final,10,10,22
grok-4.3,S0,24,1,3,Wrong,0.025783458606760568,round,,D_local,S_final,10,10,22
grok-4.3,S0,25,1,1,Correct,-0.0838093238180529,round,,D_local,S_final,10,10,22
grok-4.3,S0,25,1,2,Correct,-0.04510626893194858,round,,D_local,S_final,10,10,22
grok-4.3,S0,25,1,3,Correct,-0.036326560985705525,round,,D_local,S_final,10,10,22
grok-4.3,S0,25,2,1,Correct,0.11240355646070521,round,,D_local,S_final,10,10,22
grok-4.3,S0,25,2,2,Correct,0.07363584698345488,round,,D_local,S_final,10,10,22
grok-4.3,S0,25,2,3,Correct,0.10268713106943134,round,,D_local,S_final,10,10,22
grok-4.3,S0,26,1,1,Correct,0.12587536196602167,round,,D_local,S_final,10,10,22
grok-4.3,S0,26,1,2,Correct,0.11974046033320873,round,,D_local,S_final,10,10,22
grok-4.3,S0,26,1,3,Correct,0.16259691349410776,round,,D_local,S_final,10,10,22
grok-4.3,S0,26,2,1,Wrong,-0.06696484560029553,round,,D_local,S_final,10,10,22
grok-4.3,S0,26,2,2,Wrong,-0.06228064766403241,round,,D_local,S_final,10,10,22
grok-4.3,S0,26,2,3,Wrong,-0.021467181212876163,round,,D_local,S_final,10,10,22
grok-4.3,S0,26,3,1,Wrong,-0.038316480598317104,round,,D_local,S_final,10,10,22
grok-4.3,S0,26,3,2,Wrong,-0.06987378464598637,round,,D_local,S_final,10,10,22
grok-4.3,S0,26,3,3,Wrong,-0.04291705654090816,round,,D_local,S_final,10,10,22
grok-4.3,S0,26,4,1,Correct,0.12527996648081074,round,,D_local,S_final,10,10,22
grok-4.3,S0,26,4,2,Correct,0.1719850506311832,round,,D_local,S_final,10,10,22
grok-4.3,S0,26,4,3,Correct,0.17250157459024362,round,,D_local,S_final,10,10,22
grok-4.3,S0,27,1,1,Correct,0.056178610031891285,round,,D_local,S_final,10,10,22
grok-4.3,S0,27,1,2,Correct,0.0657737356895658,round,,D_local,S_final,10,10,22
grok-4.3,S0,27,1,3,Correct,0.06548147863103904,round,,D_local,S_final,10,10,22
grok-4.3,S0,27,2,1,Correct,-0.05438388411028716,round,,D_local,S_final,10,10,22
grok-4.3,S0,27,2,2,Correct,-0.05670153403568223,round,,D_local,S_final,10,10,22
grok-4.3,S0,27,2,3,Wrong,-0.06700864696925646,round,,D_local,S_final,10,10,22
grok-4.3,S0,27,3,1,Correct,-0.05684686001162509,round,,D_local,S_final,10,10,22
grok-4.3,S0,27,3,2,Wrong,-0.03228379612601673,round,,D_local,S_final,10,10,22
grok-4.3,S0,27,3,3,Wrong,-0.061886765409118416,round,,D_local,S_final,10,10,22
grok-4.3,S0,27,4,1,Correct,0.17023779859927263,round,,D_local,S_final,10,10,22
grok-4.3,S0,27,4,2,Correct,0.19523032791592504,round,,D_local,S_final,10,10,22
grok-4.3,S0,27,4,3,Correct,0.17485035385353742,round,,D_local,S_final,10,10,22
grok-4.3,S0,28,1,1,Wrong,0.0329864367515329,round,,D_local,S_final,10,10,22
grok-4.3,S0,28,1,2,Correct,0.04359039347201665,round,,D_local,S_final,10,10,22
grok-4.3,S0,28,1,3,Correct,0.051868169260998354,round,,D_local,S_final,10,10,22
grok-4.3,S0,28,2,1,Correct,-0.03491753596498115,round,,D_local,S_final,10,10,22
grok-4.3,S0,28,2,2,Correct,-0.08487109279668259,round,,D_local,S_final,10,10,22
grok-4.3,S0,28,2,3,Correct,-0.08043220450051569,round,,D_local,S_final,10,10,22
grok-4.3,S0,29,1,1,Correct,0.08993774995136494,round,,D_local,S_final,10,10,22
grok-4.3,S0,29,1,2,Correct,0.16926563004019246,round,,D_local,S_final,10,10,22
grok-4.3,S0,29,1,3,Wrong,0.11493660091312674,round,,D_local,S_final,10,10,22
grok-4.3,S0,29,2,1,Correct,-0.09701086061702369,round,,D_local,S_final,10,10,22
grok-4.3,S0,29,2,2,Correct,-0.06197793525881112,round,,D_local,S_final,10,10,22
grok-4.3,S0,29,2,3,Correct,-0.10300170750358562,round,,D_local,S_final,10,10,22
grok-4.3,S0,30,1,1,Correct,0.028397592330067112,round,,D_local,S_final,10,10,22
grok-4.3,S0,30,1,2,Correct,0.04148938029934124,round,,D_local,S_final,10,10,22
grok-4.3,S0,30,1,3,Correct,0.04792919530155881,round,,D_local,S_final,10,10,22
grok-4.3,S0,30,2,1,Correct,-0.08445925506763541,round,,D_local,S_final,10,10,22
grok-4.3,S0,30,2,2,Correct,-0.07400308792703791,round,,D_local,S_final,10,10,22
grok-4.3,S0,30,2,3,Correct,-0.09299740397645206,round,,D_local,S_final,10,10,22
grok-4.3,S0,31,1,1,Correct,0.16034630380740134,round,,D_local,S_final,10,10,22
grok-4.3,S0,31,1,2,Correct,0.15037704838249988,round,,D_local,S_final,10,10,22
grok-4.3,S0,31,1,3,Correct,0.17010391194293173,round,,D_local,S_final,10,10,22
grok-4.3,S0,32,1,1,Wrong,0.012614722088467811,round,,D_local,S_final,10,10,22
grok-4.3,S0,32,1,2,Wrong,0.005660009908648789,round,,D_local,S_final,10,10,22
grok-4.3,S0,32,1,3,Wrong,0.020209214129003228,round,,D_local,S_final,10,10,22
grok-4.3,S0,33,1,1,Wrong,0.05917149823933887,round,,D_local,S_final,10,10,22
grok-4.3,S0,33,1,2,Wrong,0.03410458169458508,round,,D_local,S_final,10,10,22
grok-4.3,S0,33,1,3,Correct,0.10483306446636509,round,,D_local,S_final,10,10,22
grok-4.3,S0,34,1,1,Wrong,0.024670446752530384,round,,D_local,S_final,10,10,22
grok-4.3,S0,34,1,2,Correct,-0.020905641948202547,round,,D_local,S_final,10,10,22
grok-4.3,S0,34,1,3,Correct,-0.019406049133645964,round,,D_local,S_final,10,10,22
grok-4.3,S0,35,1,1,Correct,0.06636251562140227,round,,D_local,S_final,10,10,22
grok-4.3,S0,35,1,2,Wrong,0.032607236473305545,round,,D_local,S_final,10,10,22
grok-4.3,S0,35,1,3,Wrong,0.01758325427032581,round,,D_local,S_final,10,10,22
grok-4.3,S0,36,1,1,Correct,0.11343196328347571,round,,D_local,S_final,10,10,22
grok-4.3,S0,36,1,2,Correct,0.1201912863547896,round,,D_local,S_final,10,10,22
grok-4.3,S0,36,1,3,Correct,0.09660365839083185,round,,D_local,S_final,10,10,22
grok-4.3,S0,36,2,1,Wrong,0.006383903980323624,round,,D_local,S_final,10,10,22
grok-4.3,S0,36,2,2,Correct,0.021930229224311315,round,,D_local,S_final,10,10,22
grok-4.3,S0,36,2,3,Wrong,-0.018505805948708542,round,,D_local,S_final,10,10,22
grok-4.3,S0,36,3,1,Correct,0.025989416582227975,round,,D_local,S_final,10,10,22
grok-4.3,S0,36,3,2,Correct,0.034077138110787275,round,,D_local,S_final,10,10,22
grok-4.3,S0,36,3,3,Correct,0.015152949884988387,round,,D_local,S_final,10,10,22
grok-4.3,S0,37,1,1,Wrong,-0.03625204449166519,round,,D_local,S_final,10,10,22
grok-4.3,S0,37,1,2,Wrong,-0.03601332378736788,round,,D_local,S_final,10,10,22
grok-4.3,S0,37,1,3,Wrong,-0.019456317365252995,round,,D_local,S_final,10,10,22
grok-4.3,S0,37,2,1,Correct,0.0334587317103443,round,,D_local,S_final,10,10,22
grok-4.3,S0,37,2,2,Correct,0.06751642214626197,round,,D_local,S_final,10,10,22
grok-4.3,S0,37,2,3,Correct,0.07854767148590391,round,,D_local,S_final,10,10,22
grok-4.3,S0,38,1,1,Wrong,-0.08278476009603564,round,,D_local,S_final,10,10,22
grok-4.3,S0,38,1,2,Wrong,-0.1524322222979126,round,,D_local,S_final,10,10,22
grok-4.3,S0,38,1,3,Wrong,-0.12876099365824872,round,,D_local,S_final,10,10,22
grok-4.3,S0,38,2,1,Wrong,-0.15640397292189295,round,,D_local,S_final,10,10,22
grok-4.3,S0,38,2,2,Wrong,-0.15950189310192264,round,,D_local,S_final,10,10,22
grok-4.3,S0,38,2,3,Wrong,-0.14135460761495477,round,,D_local,S_final,10,10,22
grok-4.3,S0,39,1,1,Correct,-0.002970354249413387,round,,D_local,S_final,10,10,22
grok-4.3,S0,39,1,2,Wrong,-0.06908970421170901,round,,D_local,S_final,10,10,22
grok-4.3,S0,39,1,3,Correct,-0.026131510487285348,round,,D_local,S_final,10,10,22
grok-4.3,S0,39,2,1,Wrong,0.1529977377705436,round,,D_local,S_final,10,10,22
grok-4.3,S0,39,2,2,Wrong,0.12719431359300004,round,,D_local,S_final,10,10,22
grok-4.3,S0,39,2,3,Wrong,0.14538587359156274,round,,D_local,S_final,10,10,22
grok-4.3,S0,40,1,1,Correct,0.0783497582945637,round,,D_local,S_final,10,10,22
grok-4.3,S0,40,1,2,Correct,0.09778544642733378,round,,D_local,S_final,10,10,22
grok-4.3,S0,40,1,3,Correct,0.09702494473527301,round,,D_local,S_final,10,10,22
grok-4.3,S0,40,2,1,Correct,0.08212151666742418,round,,D_local,S_final,10,10,22
grok-4.3,S0,40,2,2,Correct,0.08086226916141648,round,,D_local,S_final,10,10,22
grok-4.3,S0,40,2,3,Correct,0.06464578446780112,round,,D_local,S_final,10,10,22
grok-4.3,S0,40,3,1,Correct,0.048794653284384815,round,,D_local,S_final,10,10,22
grok-4.3,S0,40,3,2,Correct,0.05100006627578435,round,,D_local,S_final,10,10,22
grok-4.3,S0,40,3,3,Correct,0.09436284146593232,round,,D_local,S_final,10,10,22
grok-4.3,S0,40,4,1,Wrong,0.039458365767440884,round,,D_local,S_final,10,10,22
grok-4.3,S0,40,4,2,Wrong,0.050862626204775885,round,,D_local,S_final,10,10,22
grok-4.3,S0,40,4,3,Wrong,0.055493736894385526,round,,D_local,S_final,10,10,22
grok-4.3,S0,40,5,1,Wrong,0.09381362990951192,round,,D_local,S_final,10,10,22
grok-4.3,S0,40,5,2,Wrong,0.07409731101950046,round,,D_local,S_final,10,10,22
grok-4.3,S0,40,5,3,Wrong,0.08234925610535138,round,,D_local,S_final,10,10,22
grok-4.3,S0,40,6,1,Correct,0.008018299609441781,round,,D_local,S_final,10,10,22
grok-4.3,S0,40,6,2,Correct,-0.004278354386546446,round,,D_local,S_final,10,10,22
grok-4.3,S0,40,6,3,Correct,0.016620529331071277,round,,D_local,S_final,10,10,22
grok-4.3,S0,41,1,1,Correct,0.09997247669823561,round,,D_local,S_final,10,10,22
grok-4.3,S0,41,1,2,Correct,0.08758595289906479,round,,D_local,S_final,10,10,22
grok-4.3,S0,41,1,3,Correct,0.10438055400559898,round,,D_local,S_final,10,10,22
grok-4.3,S0,42,1,1,Wrong,-0.054426296127591645,round,,D_local,S_final,10,10,22
grok-4.3,S0,42,1,2,Wrong,-0.03795936357080276,round,,D_local,S_final,10,10,22
grok-4.3,S0,42,1,3,Wrong,-0.03958722446613683,round,,D_local,S_final,10,10,22
grok-4.3,S0,43,1,1,Wrong,-0.08530985649510014,round,,D_local,S_final,10,10,22
grok-4.3,S0,43,1,2,Wrong,-0.07801888091317488,round,,D_local,S_final,10,10,22
grok-4.3,S0,43,1,3,Wrong,-0.07803199319577736,round,,D_local,S_final,10,10,22
grok-4.3,S0,44,1,1,Wrong,0.06444994408384774,round,,D_local,S_final,10,10,22
grok-4.3,S0,44,1,2,Wrong,0.06129285498314763,round,,D_local,S_final,10,10,22
grok-4.3,S0,44,1,3,Wrong,0.07598816035541556,round,,D_local,S_final,10,10,22
grok-4.3,S0,45,1,1,Correct,0.21151273723818564,round,,D_local,S_final,10,10,22
grok-4.3,S0,45,1,2,Wrong,0.18208620046129342,round,,D_local,S_final,10,10,22
grok-4.3,S0,45,1,3,Wrong,0.2099004593211018,round,,D_local,S_final,10,10,22
grok-4.3,S0,45,2,1,Wrong,-0.11486130591433685,round,,D_local,S_final,10,10,22
grok-4.3,S0,45,2,2,Wrong,-0.092894203331012,round,,D_local,S_final,10,10,22
grok-4.3,S0,45,2,3,Wrong,-0.10046836550742488,round,,D_local,S_final,10,10,22
grok-4.3,S0,45,3,1,Wrong,-0.07286869205421742,round,,D_local,S_final,10,10,22
grok-4.3,S0,45,3,2,Wrong,-0.0730142193058575,round,,D_local,S_final,10,10,22
grok-4.3,S0,45,3,3,Wrong,-0.08439944226131912,round,,D_local,S_final,10,10,22
grok-4.3,S0,46,1,1,Correct,0.130833505654944,round,,D_local,S_final,10,10,22
grok-4.3,S0,46,1,2,Correct,0.1338328780561564,round,,D_local,S_final,10,10,22
grok-4.3,S0,46,1,3,Correct,0.12430782000372231,round,,D_local,S_final,10,10,22
grok-4.3,S0,46,2,1,Correct,0.05883960009444289,round,,D_local,S_final,10,10,22
grok-4.3,S0,46,2,2,Correct,0.0534917356575062,round,,D_local,S_final,10,10,22
grok-4.3,S0,46,2,3,Correct,0.05856882294027754,round,,D_local,S_final,10,10,22
grok-4.3,S0,47,1,1,Correct,0.08974610845228137,round,,D_local,S_final,10,10,22
grok-4.3,S0,47,1,2,Correct,0.12518477430216313,round,,D_local,S_final,10,10,22
grok-4.3,S0,47,1,3,Correct,0.11421760103497769,round,,D_local,S_final,10,10,22
grok-4.3,S0,47,2,1,Correct,0.0029949017654384846,round,,D_local,S_final,10,10,22
grok-4.3,S0,47,2,2,Correct,-0.01327118069582256,round,,D_local,S_final,10,10,22
grok-4.3,S0,47,2,3,Correct,-0.005166544294521569,round,,D_local,S_final,10,10,22
grok-4.3,S0,48,1,1,Correct,0.0902320028493998,round,,D_local,S_final,10,10,22
grok-4.3,S0,48,1,2,Correct,0.12155153228944526,round,,D_local,S_final,10,10,22
grok-4.3,S0,48,1,3,Correct,0.10852329099710145,round,,D_local,S_final,10,10,22
grok-4.3,S0,48,2,1,Correct,-0.03166215298322417,round,,D_local,S_final,10,10,22
grok-4.3,S0,48,2,2,Correct,-0.08192698246605457,round,,D_local,S_final,10,10,22
grok-4.3,S0,48,2,3,Correct,0.02620489596344755,round,,D_local,S_final,10,10,22
grok-4.3,S0,49,1,1,Correct,0.05845660112445805,round,,D_local,S_final,10,10,22
grok-4.3,S0,49,1,2,Correct,0.07883167987884865,round,,D_local,S_final,10,10,22
grok-4.3,S0,49,1,3,Correct,0.07688241491327763,round,,D_local,S_final,10,10,22
grok-4.3,S0,50,1,1,Correct,0.07417274637620791,round,,D_local,S_final,10,10,22
grok-4.3,S0,50,1,2,Correct,0.043460031252380904,round,,D_local,S_final,10,10,22
grok-4.3,S0,50,1,3,Correct,0.05599069022305292,round,,D_local,S_final,10,10,22
grok-4.3,S0,51,1,1,Correct,0.16295074725244352,round,,D_local,S_final,10,10,22
grok-4.3,S0,51,1,2,Correct,0.19293775866811613,round,,D_local,S_final,10,10,22
grok-4.3,S0,51,1,3,Correct,0.15212887911621087,round,,D_local,S_final,10,10,22
grok-4.3,S0,52,1,1,Correct,0.18280950392474915,round,,D_local,S_final,10,10,22
grok-4.3,S0,52,1,2,Correct,0.15911873787278985,round,,D_local,S_final,10,10,22
grok-4.3,S0,52,1,3,Correct,0.13435640572929608,round,,D_local,S_final,10,10,22
grok-4.3,S0,53,1,1,Wrong,0.005352780771831656,round,,D_local,S_final,10,10,22
grok-4.3,S0,53,1,2,Wrong,0.010138082949364802,round,,D_local,S_final,10,10,22
grok-4.3,S0,53,1,3,Wrong,0.013311414797024801,round,,D_local,S_final,10,10,22
grok-4.3,S0,53,2,1,Correct,0.06601261513622747,round,,D_local,S_final,10,10,22
grok-4.3,S0,53,2,2,Correct,0.060864889035315506,round,,D_local,S_final,10,10,22
grok-4.3,S0,53,2,3,Correct,0.05327287301642514,round,,D_local,S_final,10,10,22
grok-4.3,S0,54,1,1,Wrong,-0.10637026860245147,round,,D_local,S_final,10,10,22
grok-4.3,S0,54,1,2,Wrong,-0.09571662379782508,round,,D_local,S_final,10,10,22
grok-4.3,S0,54,1,3,Wrong,-0.09403879829442707,round,,D_local,S_final,10,10,22
grok-4.3,S0,54,2,1,Correct,0.07939410561234117,round,,D_local,S_final,10,10,22
grok-4.3,S0,54,2,2,Correct,0.09590496044661456,round,,D_local,S_final,10,10,22
grok-4.3,S0,54,2,3,Correct,0.09735479241128375,round,,D_local,S_final,10,10,22
grok-4.3,S0,55,1,1,Wrong,-0.020850913206176325,round,,D_local,S_final,10,10,22
grok-4.3,S0,55,1,2,Wrong,-0.03989262592360865,round,,D_local,S_final,10,10,22
grok-4.3,S0,55,1,3,Wrong,-0.028071729839710735,round,,D_local,S_final,10,10,22
grok-4.3,S0,55,2,1,Correct,0.10974627634853495,round,,D_local,S_final,10,10,22
grok-4.3,S0,55,2,2,Correct,0.09318037496163145,round,,D_local,S_final,10,10,22
grok-4.3,S0,55,2,3,Correct,0.06429127355533737,round,,D_local,S_final,10,10,22
grok-4.3,S0,56,1,1,Correct,0.019857471143635452,round,,D_local,S_final,10,10,22
grok-4.3,S0,56,1,2,Correct,0.0778790403218711,round,,D_local,S_final,10,10,22
grok-4.3,S0,56,1,3,Correct,0.07671741399656828,round,,D_local,S_final,10,10,22
grok-4.3,S0,56,2,1,Correct,0.04291889062390408,round,,D_local,S_final,10,10,22
grok-4.3,S0,56,2,2,Correct,0.05420952439158233,round,,D_local,S_final,10,10,22
grok-4.3,S0,56,2,3,Correct,0.059952475693473395,round,,D_local,S_final,10,10,22
grok-4.3,S0,57,1,1,Correct,-0.08604159919130672,round,,D_local,S_final,10,10,22
grok-4.3,S0,57,1,2,Correct,-0.12387837671557667,round,,D_local,S_final,10,10,22
grok-4.3,S0,57,1,3,Wrong,-0.09275703944226965,round,,D_local,S_final,10,10,22
grok-4.3,S0,57,2,1,Wrong,-0.19146968606150122,round,,D_local,S_final,10,10,22
grok-4.3,S0,57,2,2,Wrong,-0.1677680296209617,round,,D_local,S_final,10,10,22
grok-4.3,S0,57,2,3,Wrong,-0.12195135362060827,round,,D_local,S_final,10,10,22
grok-4.3,S0,58,1,1,Wrong,-0.0207374641856517,round,,D_local,S_final,10,10,22
grok-4.3,S0,58,1,2,Wrong,-0.0036853880526545035,round,,D_local,S_final,10,10,22
grok-4.3,S0,58,1,3,Wrong,-0.01652987804928796,round,,D_local,S_final,10,10,22
grok-4.3,S0,58,2,1,Correct,0.08397245611686055,round,,D_local,S_final,10,10,22
grok-4.3,S0,58,2,2,Correct,0.08889616402466893,round,,D_local,S_final,10,10,22
grok-4.3,S0,58,2,3,Correct,0.08754774742684068,round,,D_local,S_final,10,10,22
grok-4.3,S0,59,1,1,Wrong,-0.061465629806174926,round,,D_local,S_final,10,10,22
grok-4.3,S0,59,1,2,Correct,-0.05972009198238526,round,,D_local,S_final,10,10,22
grok-4.3,S0,59,1,3,Correct,-0.03577457595989886,round,,D_local,S_final,10,10,22
grok-4.3,S0,59,2,1,Correct,0.0654803159733347,round,,D_local,S_final,10,10,22
grok-4.3,S0,59,2,2,Correct,0.0626719464661305,round,,D_local,S_final,10,10,22
grok-4.3,S0,59,2,3,Correct,0.07942824714025565,round,,D_local,S_final,10,10,22
grok-4.3,S0,60,1,1,Wrong,-0.1040763391970917,round,,D_local,S_final,10,10,22
grok-4.3,S0,60,1,2,Correct,-0.08833923504899843,round,,D_local,S_final,10,10,22
grok-4.3,S0,60,1,3,Wrong,-0.09411335168875845,round,,D_local,S_final,10,10,22
grok-4.3,S0,60,2,1,Correct,0.025470357666126264,round,,D_local,S_final,10,10,22
grok-4.3,S0,60,2,2,Correct,0.07430460181596099,round,,D_local,S_final,10,10,22
grok-4.3,S0,60,2,3,Correct,0.051730597509649034,round,,D_local,S_final,10,10,22
grok-4.3,S0,61,1,1,Wrong,-0.1050244173212862,round,,D_local,S_final,10,10,22
grok-4.3,S0,61,1,2,Correct,-0.09330514016835445,round,,D_local,S_final,10,10,22
grok-4.3,S0,61,1,3,Correct,-0.08351170969863897,round,,D_local,S_final,10,10,22
grok-4.3,S0,61,2,1,Correct,0.047698952338245726,round,,D_local,S_final,10,10,22
grok-4.3,S0,61,2,2,Correct,0.09240722201286589,round,,D_local,S_final,10,10,22
grok-4.3,S0,61,2,3,Correct,0.07580122641917436,round,,D_local,S_final,10,10,22
grok-4.3,S0,62,1,1,Wrong,-0.01249925511608152,round,,D_local,S_final,10,10,22
grok-4.3,S0,62,1,2,Correct,-0.006628297215352075,round,,D_local,S_final,10,10,22
grok-4.3,S0,62,1,3,Wrong,-0.02148642203521245,round,,D_local,S_final,10,10,22
grok-4.3,S0,62,2,1,Wrong,-0.030395373577747242,round,,D_local,S_final,10,10,22
grok-4.3,S0,62,2,2,Wrong,-0.014845087830745896,round,,D_local,S_final,10,10,22
grok-4.3,S0,62,2,3,Wrong,-0.005825043984091005,round,,D_local,S_final,10,10,22
grok-4.3,S0,63,1,1,Wrong,-0.04230773925795872,round,,D_local,S_final,10,10,22
grok-4.3,S0,63,1,2,Correct,0.003007110800862911,round,,D_local,S_final,10,10,22
grok-4.3,S0,63,1,3,Wrong,-0.022099328814047747,round,,D_local,S_final,10,10,22
grok-4.3,S0,63,2,1,Wrong,-0.015995581667195502,round,,D_local,S_final,10,10,22
grok-4.3,S0,63,2,2,Wrong,-0.03857606630175492,round,,D_local,S_final,10,10,22
grok-4.3,S0,63,2,3,Wrong,-0.03414442656518524,round,,D_local,S_final,10,10,22
grok-4.3,S0,64,1,1,Correct,0.015300169762178517,round,,D_local,S_final,10,10,22
grok-4.3,S0,64,1,2,Correct,-0.010161235264776303,round,,D_local,S_final,10,10,22
grok-4.3,S0,64,1,3,Correct,0.02757826469107172,round,,D_local,S_final,10,10,22
grok-4.3,S0,64,2,1,Correct,0.09135620555026114,round,,D_local,S_final,10,10,22
grok-4.3,S0,64,2,2,Correct,0.015677564399359523,round,,D_local,S_final,10,10,22
grok-4.3,S0,64,2,3,Correct,0.03950030708058405,round,,D_local,S_final,10,10,22
grok-4.3,S1_1,1,1,1,Correct,0.13610834314675513,round,,D_local,S_final,10,10,22
grok-4.3,S1_1,1,1,2,Correct,0.0899499733293706,round,,D_local,S_final,10,10,22
grok-4.3,S1_1,1,1,3,Correct,0.07521120760993116,round,,D_local,S_final,10,10,22
grok-4.3,S1_1,1,2,1,Correct,0.03146225525796287,round,,D_local,S_final,10,10,22
grok-4.3,S1_1,1,2,2,Correct,0.05554922257174466,round,,D_local,S_final,10,10,22
grok-4.3,S1_1,1,2,3,Correct,0.03252920787688618,round,,D_local,S_final,10,10,22
grok-4.3,S1_1,1,3,1,Correct,-0.008824804822378018,round,,D_local,S_final,10,10,22
grok-4.3,S1_1,1,3,2,Correct,-0.014825905577610654,round,,D_local,S_final,10,10,22
grok-4.3,S1_1,1,3,3,Correct,0.0035413663203267554,round,,D_local,S_final,10,10,22
grok-4.3,S1_1,1,4,1,Correct,0.07485913650320641,round,,D_local,S_final,10,10,22
grok-4.3,S1_1,1,4,2,Correct,0.07832224967664281,round,,D_local,S_final,10,10,22
grok-4.3,S1_1,1,4,3,Correct,0.08091855040170748,round,,D_local,S_final,10,10,22
grok-4.3,S1_1,1,5,1,Correct,0.13232881130606566,round,,D_local,S_final,10,10,22
grok-4.3,S1_1,1,5,2,Correct,0.1010133167696976,round,,D_local,S_final,10,10,22
grok-4.3,S1_1,1,5,3,Correct,0.0763173461049853,round,,D_local,S_final,10,10,22
grok-4.3,S1_1,2,1,1,Wrong,0.17855278189092993,round,,D_local,S_final,10,10,22
grok-4.3,S1_1,2,1,2,Correct,0.18239189439796166,round,,D_local,S_final,10,10,22
grok-4.3,S1_1,2,1,3,Wrong,0.1678647499394288,round,,D_local,S_final,10,10,22
grok-4.3,S1_1,3,1,1,Wrong,0.11480159266754408,round,,D_local,S_final,10,10,22
grok-4.3,S1_1,3,1,2,Wrong,0.14965593757475282,round,,D_local,S_final,10,10,22
grok-4.3,S1_1,3,1,3,Wrong,0.1540342728380123,round,,D_local,S_final,10,10,22
grok-4.3,S1_1,3,2,1,Correct,0.23213758907707338,round,,D_local,S_final,10,10,22
grok-4.3,S1_1,3,2,2,Correct,0.21835829890375325,round,,D_local,S_final,10,10,22
grok-4.3,S1_1,3,2,3,Correct,0.23298934933884674,round,,D_local,S_final,10,10,22
grok-4.3,S1_1,4,1,1,Correct,0.12872524626723125,round,,D_local,S_final,10,10,22
grok-4.3,S1_1,4,1,2,Correct,0.12579953147131218,round,,D_local,S_final,10,10,22
grok-4.3,S1_1,4,1,3,Correct,0.13556100012409034,round,,D_local,S_final,10,10,22
grok-4.3,S1_1,4,2,1,Correct,0.11714152384888221,round,,D_local,S_final,10,10,22
grok-4.3,S1_1,4,2,2,Correct,0.10059905869221153,round,,D_local,S_final,10,10,22
grok-4.3,S1_1,4,2,3,Correct,0.10507772401857829,round,,D_local,S_final,10,10,22
grok-4.3,S1_1,4,3,1,Correct,0.050089706396203026,round,,D_local,S_final,10,10,22
grok-4.3,S1_1,4,3,2,Correct,0.0788283959119721,round,,D_local,S_final,10,10,22
grok-4.3,S1_1,4,3,3,Correct,0.09232184362014995,round,,D_local,S_final,10,10,22
grok-4.3,S1_1,5,1,1,Correct,0.11997025725746469,round,,D_local,S_final,10,10,22
grok-4.3,S1_1,5,1,2,Wrong,0.11017181852221336,round,,D_local,S_final,10,10,22
grok-4.3,S1_1,5,1,3,Wrong,0.11509419819502231,round,,D_local,S_final,10,10,22
grok-4.3,S1_1,5,2,1,Correct,0.08559864834987496,round,,D_local,S_final,10,10,22
grok-4.3,S1_1,5,2,2,Correct,0.05413146213142306,round,,D_local,S_final,10,10,22
grok-4.3,S1_1,5,2,3,Correct,0.06526361236842992,round,,D_local,S_final,10,10,22
grok-4.3,S1_1,5,3,1,Correct,0.07074707541007974,round,,D_local,S_final,10,10,22
grok-4.3,S1_1,5,3,2,Wrong,0.07744548959468656,round,,D_local,S_final,10,10,22
grok-4.3,S1_1,5,3,3,Wrong,0.07827255319441506,round,,D_local,S_final,10,10,22
grok-4.3,S1_1,6,1,1,Correct,0.12275297972100141,round,,D_local,S_final,10,10,22
grok-4.3,S1_1,6,1,2,Correct,0.09614402638577169,round,,D_local,S_final,10,10,22
grok-4.3,S1_1,6,1,3,Correct,0.14225944456856032,round,,D_local,S_final,10,10,22
grok-4.3,S1_1,6,2,1,Correct,0.04194975179474969,round,,D_local,S_final,10,10,22
grok-4.3,S1_1,6,2,2,Correct,0.018470567517558045,round,,D_local,S_final,10,10,22
grok-4.3,S1_1,6,2,3,Correct,0.036387771989262685,round,,D_local,S_final,10,10,22
grok-4.3,S1_1,6,3,1,Correct,0.0663814230750518,round,,D_local,S_final,10,10,22
grok-4.3,S1_1,6,3,2,Correct,0.08145293199144943,round,,D_local,S_final,10,10,22
grok-4.3,S1_1,6,3,3,Correct,0.06922698404595118,round,,D_local,S_final,10,10,22
grok-4.3,S1_1,7,1,1,Correct,0.08799268445312514,round,,D_local,S_final,10,10,22
grok-4.3,S1_1,7,1,2,Correct,0.10627965790804528,round,,D_local,S_final,10,10,22
grok-4.3,S1_1,7,1,3,Correct,0.10691351155073836,round,,D_local,S_final,10,10,22
grok-4.3,S1_1,7,2,1,Correct,0.08721675581797728,round,,D_local,S_final,10,10,22
grok-4.3,S1_1,7,2,2,Correct,0.08520321618462279,round,,D_local,S_final,10,10,22
grok-4.3,S1_1,7,2,3,Correct,0.08484598124144871,round,,D_local,S_final,10,10,22
grok-4.3,S1_1,7,3,1,Wrong,-0.016430133394334745,round,,D_local,S_final,10,10,22
grok-4.3,S1_1,7,3,2,Wrong,-0.02940112342872181,round,,D_local,S_final,10,10,22
grok-4.3,S1_1,7,3,3,Wrong,-0.029973942105123497,round,,D_local,S_final,10,10,22
grok-4.3,S1_1,7,4,1,Correct,0.017820197889639955,round,,D_local,S_final,10,10,22
grok-4.3,S1_1,7,4,2,Correct,0.018654040346608447,round,,D_local,S_final,10,10,22
grok-4.3,S1_1,7,4,3,Correct,-0.01727940575196607,round,,D_local,S_final,10,10,22
grok-4.3,S1_1,7,5,1,Correct,0.05172454458032816,round,,D_local,S_final,10,10,22
grok-4.3,S1_1,7,5,2,Correct,0.08701406679578139,round,,D_local,S_final,10,10,22
grok-4.3,S1_1,7,5,3,Correct,0.06153265557217358,round,,D_local,S_final,10,10,22
grok-4.3,S1_1,7,6,1,Wrong,-0.040264433756896256,round,,D_local,S_final,10,10,22
grok-4.3,S1_1,7,6,2,Wrong,-0.02943151580735459,round,,D_local,S_final,10,10,22
grok-4.3,S1_1,7,6,3,Wrong,-0.021261247536752848,round,,D_local,S_final,10,10,22
grok-4.3,S1_1,7,7,1,Wrong,0.06268267845670084,round,,D_local,S_final,10,10,22
grok-4.3,S1_1,7,7,2,Wrong,0.0838865955549064,round,,D_local,S_final,10,10,22
grok-4.3,S1_1,7,7,3,Wrong,0.08169296455998143,round,,D_local,S_final,10,10,22
grok-4.3,S1_1,7,8,1,Correct,0.04841131122146902,round,,D_local,S_final,10,10,22
grok-4.3,S1_1,7,8,2,Correct,0.04148699998560634,round,,D_local,S_final,10,10,22
grok-4.3,S1_1,7,8,3,Correct,0.04784241957951407,round,,D_local,S_final,10,10,22
grok-4.3,S1_1,7,9,1,Correct,0.0698767129423522,round,,D_local,S_final,10,10,22
grok-4.3,S1_1,7,9,2,Correct,0.09316621961876337,round,,D_local,S_final,10,10,22
grok-4.3,S1_1,7,9,3,Correct,0.09751915895228835,round,,D_local,S_final,10,10,22
grok-4.3,S1_1,7,10,1,Wrong,-0.008558262188717247,round,,D_local,S_final,10,10,22
grok-4.3,S1_1,7,10,2,Wrong,-0.023034270551585356,round,,D_local,S_final,10,10,22
grok-4.3,S1_1,7,10,3,Wrong,-0.027339379451817414,round,,D_local,S_final,10,10,22
grok-4.3,S1_1,7,11,1,Correct,0.10112301269327584,round,,D_local,S_final,10,10,22
grok-4.3,S1_1,7,11,2,Wrong,0.0401271781640824,round,,D_local,S_final,10,10,22
grok-4.3,S1_1,7,11,3,Correct,0.04790548896719582,round,,D_local,S_final,10,10,22
grok-4.3,S1_1,8,1,1,Correct,0.0908733034394863,round,,D_local,S_final,10,10,22
grok-4.3,S1_1,8,1,2,Correct,0.08394720771073683,round,,D_local,S_final,10,10,22
grok-4.3,S1_1,8,1,3,Correct,0.0781961997231273,round,,D_local,S_final,10,10,22
grok-4.3,S1_1,8,2,1,Correct,0.0806701517829631,round,,D_local,S_final,10,10,22
grok-4.3,S1_1,8,2,2,Correct,0.0710264897780929,round,,D_local,S_final,10,10,22
grok-4.3,S1_1,8,2,3,Correct,0.048590507527195514,round,,D_local,S_final,10,10,22
grok-4.3,S1_1,8,3,1,Wrong,0.042237176336685556,round,,D_local,S_final,10,10,22
grok-4.3,S1_1,8,3,2,Wrong,0.03472192408581409,round,,D_local,S_final,10,10,22
grok-4.3,S1_1,8,3,3,Wrong,0.04560762056976142,round,,D_local,S_final,10,10,22
grok-4.3,S1_1,8,4,1,Wrong,-0.01073556437826606,round,,D_local,S_final,10,10,22
grok-4.3,S1_1,8,4,2,Wrong,-0.02320434415874828,round,,D_local,S_final,10,10,22
grok-4.3,S1_1,8,4,3,Wrong,-0.07265978908370108,round,,D_local,S_final,10,10,22
grok-4.3,S1_1,9,1,1,Correct,0.054229416201418856,round,,D_local,S_final,10,10,22
grok-4.3,S1_1,9,1,2,Correct,0.04850129206534626,round,,D_local,S_final,10,10,22
grok-4.3,S1_1,9,1,3,Correct,0.06790173485389384,round,,D_local,S_final,10,10,22
grok-4.3,S1_1,9,2,1,Wrong,0.04400769158707496,round,,D_local,S_final,10,10,22
grok-4.3,S1_1,9,2,2,Wrong,0.04762969156850916,round,,D_local,S_final,10,10,22
grok-4.3,S1_1,9,2,3,Wrong,0.04058861519704582,round,,D_local,S_final,10,10,22
grok-4.3,S1_1,9,3,1,Correct,0.06274910808349987,round,,D_local,S_final,10,10,22
grok-4.3,S1_1,9,3,2,Correct,0.052386876941032834,round,,D_local,S_final,10,10,22
grok-4.3,S1_1,9,3,3,Correct,0.06583603158414597,round,,D_local,S_final,10,10,22
grok-4.3,S1_1,10,1,1,Wrong,0.0735052880206174,round,,D_local,S_final,10,10,22
grok-4.3,S1_1,10,1,2,Wrong,0.11622207497717485,round,,D_local,S_final,10,10,22
grok-4.3,S1_1,10,1,3,Wrong,0.10287350569782305,round,,D_local,S_final,10,10,22
grok-4.3,S1_1,10,2,1,Correct,0.11103954974863395,round,,D_local,S_final,10,10,22
grok-4.3,S1_1,10,2,2,Wrong,0.14045500327461813,round,,D_local,S_final,10,10,22
grok-4.3,S1_1,10,2,3,Wrong,0.13540469146291567,round,,D_local,S_final,10,10,22
grok-4.3,S1_1,11,1,1,Wrong,-0.014643877294808982,round,,D_local,S_final,10,10,22
grok-4.3,S1_1,11,1,2,Wrong,0.040035311655985395,round,,D_local,S_final,10,10,22
grok-4.3,S1_1,11,1,3,Wrong,-0.0051820283366939,round,,D_local,S_final,10,10,22
grok-4.3,S1_1,12,1,1,Correct,-0.009717207954241691,round,,D_local,S_final,10,10,22
grok-4.3,S1_1,12,1,2,Correct,0.0049857390994034745,round,,D_local,S_final,10,10,22
grok-4.3,S1_1,12,1,3,Correct,0.011489374525108231,round,,D_local,S_final,10,10,22
grok-4.3,S1_1,13,1,1,Correct,0.15543007626224659,round,,D_local,S_final,10,10,22
grok-4.3,S1_1,13,1,2,Correct,0.16316147386566027,round,,D_local,S_final,10,10,22
grok-4.3,S1_1,13,1,3,Correct,0.19498608785302263,round,,D_local,S_final,10,10,22
grok-4.3,S1_1,13,2,1,Correct,0.016551197460617173,round,,D_local,S_final,10,10,22
grok-4.3,S1_1,13,2,2,Correct,-0.009893930198441758,round,,D_local,S_final,10,10,22
grok-4.3,S1_1,13,2,3,Correct,0.015202369224044388,round,,D_local,S_final,10,10,22
grok-4.3,S1_1,13,3,1,Wrong,0.026982419502902255,round,,D_local,S_final,10,10,22
grok-4.3,S1_1,13,3,2,Wrong,0.017082036036361603,round,,D_local,S_final,10,10,22
grok-4.3,S1_1,13,3,3,Wrong,0.02055612034318044,round,,D_local,S_final,10,10,22
grok-4.3,S1_1,14,1,1,Correct,0.05678370971644742,round,,D_local,S_final,10,10,22
grok-4.3,S1_1,14,1,2,Correct,0.02691228806514212,round,,D_local,S_final,10,10,22
grok-4.3,S1_1,14,1,3,Correct,0.055192538384145506,round,,D_local,S_final,10,10,22
grok-4.3,S1_1,15,1,1,Wrong,-0.055171098299236276,round,,D_local,S_final,10,10,22
grok-4.3,S1_1,15,1,2,Wrong,-0.05645224738963306,round,,D_local,S_final,10,10,22
grok-4.3,S1_1,15,1,3,Wrong,-0.07020061589262261,round,,D_local,S_final,10,10,22
grok-4.3,S1_1,16,1,1,Correct,0.17013958551410047,round,,D_local,S_final,10,10,22
grok-4.3,S1_1,16,1,2,Correct,0.14541587948595447,round,,D_local,S_final,10,10,22
grok-4.3,S1_1,16,1,3,Correct,0.16589891712177407,round,,D_local,S_final,10,10,22
grok-4.3,S1_1,17,1,1,Correct,0.057642524246898974,round,,D_local,S_final,10,10,22
grok-4.3,S1_1,17,1,2,Correct,0.07723625174542958,round,,D_local,S_final,10,10,22
grok-4.3,S1_1,17,1,3,Correct,0.05031868971430231,round,,D_local,S_final,10,10,22
grok-4.3,S1_1,18,1,1,Correct,0.1496567834835656,round,,D_local,S_final,10,10,22
grok-4.3,S1_1,18,1,2,Correct,0.09437857974099506,round,,D_local,S_final,10,10,22
grok-4.3,S1_1,18,1,3,Correct,0.1607415262104661,round,,D_local,S_final,10,10,22
grok-4.3,S1_1,19,1,1,Correct,0.02654988696371796,round,,D_local,S_final,10,10,22
grok-4.3,S1_1,19,1,2,Correct,0.07616580943021412,round,,D_local,S_final,10,10,22
grok-4.3,S1_1,19,1,3,Correct,0.019700528381687565,round,,D_local,S_final,10,10,22
grok-4.3,S1_1,20,1,1,Correct,0.09501627970382298,round,,D_local,S_final,10,10,22
grok-4.3,S1_1,20,1,2,Correct,0.10685358437179493,round,,D_local,S_final,10,10,22
grok-4.3,S1_1,20,1,3,Correct,0.15151264438950784,round,,D_local,S_final,10,10,22
grok-4.3,S1_1,21,1,1,Correct,0.12852123094075707,round,,D_local,S_final,10,10,22
grok-4.3,S1_1,21,1,2,Correct,0.09475552403032883,round,,D_local,S_final,10,10,22
grok-4.3,S1_1,21,1,3,Correct,0.12117383463517994,round,,D_local,S_final,10,10,22
grok-4.3,S1_1,22,1,1,Correct,0.03667771723846447,round,,D_local,S_final,10,10,22
grok-4.3,S1_1,22,1,2,Correct,0.06357535720074492,round,,D_local,S_final,10,10,22
grok-4.3,S1_1,22,1,3,Correct,0.04000326194583159,round,,D_local,S_final,10,10,22
grok-4.3,S1_1,23,1,1,Correct,0.06804492102289228,round,,D_local,S_final,10,10,22
grok-4.3,S1_1,23,1,2,Correct,0.08054974522763991,round,,D_local,S_final,10,10,22
grok-4.3,S1_1,23,1,3,Correct,0.06818513640913726,round,,D_local,S_final,10,10,22
grok-4.3,S1_1,24,1,1,Correct,0.06589578786894013,round,,D_local,S_final,10,10,22
grok-4.3,S1_1,24,1,2,Correct,0.013399908858435894,round,,D_local,S_final,10,10,22
grok-4.3,S1_1,24,1,3,Correct,0.030344912327750162,round,,D_local,S_final,10,10,22
grok-4.3,S1_1,25,1,1,Correct,-0.022158563865382286,round,,D_local,S_final,10,10,22
grok-4.3,S1_1,25,1,2,Correct,-0.09501551956049115,round,,D_local,S_final,10,10,22
grok-4.3,S1_1,25,1,3,Correct,-0.05690935219852494,round,,D_local,S_final,10,10,22
grok-4.3,S1_1,25,2,1,Correct,0.11776140085293069,round,,D_local,S_final,10,10,22
grok-4.3,S1_1,25,2,2,Correct,0.12805792366158958,round,,D_local,S_final,10,10,22
grok-4.3,S1_1,25,2,3,Correct,0.09185932666282215,round,,D_local,S_final,10,10,22
grok-4.3,S1_1,26,1,1,Correct,0.07377806861504987,round,,D_local,S_final,10,10,22
grok-4.3,S1_1,26,1,2,Correct,0.10417090975881105,round,,D_local,S_final,10,10,22
grok-4.3,S1_1,26,1,3,Correct,0.09139946589269055,round,,D_local,S_final,10,10,22
grok-4.3,S1_1,26,2,1,Correct,-0.02947132354066595,round,,D_local,S_final,10,10,22
grok-4.3,S1_1,26,2,2,Correct,-0.0014637102669835533,round,,D_local,S_final,10,10,22
grok-4.3,S1_1,26,2,3,Correct,0.007847161297248051,round,,D_local,S_final,10,10,22
grok-4.3,S1_1,26,3,1,Correct,-0.025193928426350043,round,,D_local,S_final,10,10,22
grok-4.3,S1_1,26,3,2,Correct,-0.0068530707336166286,round,,D_local,S_final,10,10,22
grok-4.3,S1_1,26,3,3,Correct,-0.03148779826621917,round,,D_local,S_final,10,10,22
grok-4.3,S1_1,26,4,1,Correct,0.12436156711582025,round,,D_local,S_final,10,10,22
grok-4.3,S1_1,26,4,2,Correct,0.13131909698137145,round,,D_local,S_final,10,10,22
grok-4.3,S1_1,26,4,3,Correct,0.1356857742754467,round,,D_local,S_final,10,10,22
grok-4.3,S1_1,27,1,1,Correct,0.0672615113337679,round,,D_local,S_final,10,10,22
grok-4.3,S1_1,27,1,2,Correct,0.09953153421428496,round,,D_local,S_final,10,10,22
grok-4.3,S1_1,27,1,3,Correct,0.07436900799137225,round,,D_local,S_final,10,10,22
grok-4.3,S1_1,27,2,1,Correct,-0.0031956228685628973,round,,D_local,S_final,10,10,22
grok-4.3,S1_1,27,2,2,Correct,0.007388788670717572,round,,D_local,S_final,10,10,22
grok-4.3,S1_1,27,2,3,Correct,0.005834457447203234,round,,D_local,S_final,10,10,22
grok-4.3,S1_1,27,3,1,Correct,-0.024350413148629513,round,,D_local,S_final,10,10,22
grok-4.3,S1_1,27,3,2,Correct,-0.024258125541535724,round,,D_local,S_final,10,10,22
grok-4.3,S1_1,27,3,3,Correct,0.012081552866339273,round,,D_local,S_final,10,10,22
grok-4.3,S1_1,27,4,1,Correct,0.20968304136096844,round,,D_local,S_final,10,10,22
grok-4.3,S1_1,27,4,2,Correct,0.17209924667475596,round,,D_local,S_final,10,10,22
grok-4.3,S1_1,27,4,3,Correct,0.18791557771102763,round,,D_local,S_final,10,10,22
grok-4.3,S1_1,28,1,1,Correct,0.03189548095850436,round,,D_local,S_final,10,10,22
grok-4.3,S1_1,28,1,2,Correct,0.027638196090863265,round,,D_local,S_final,10,10,22
grok-4.3,S1_1,28,1,3,Correct,0.07950736433124828,round,,D_local,S_final,10,10,22
grok-4.3,S1_1,28,2,1,Correct,-0.0036512128556185353,round,,D_local,S_final,10,10,22
grok-4.3,S1_1,28,2,2,Correct,-0.05581646346079072,round,,D_local,S_final,10,10,22
grok-4.3,S1_1,28,2,3,Correct,-0.04024502149608833,round,,D_local,S_final,10,10,22
grok-4.3,S1_1,29,1,1,Correct,0.07926556818215835,round,,D_local,S_final,10,10,22
grok-4.3,S1_1,29,1,2,Correct,0.09548955870034026,round,,D_local,S_final,10,10,22
grok-4.3,S1_1,29,1,3,Correct,0.09768196491528869,round,,D_local,S_final,10,10,22
grok-4.3,S1_1,29,2,1,Correct,-0.03132371956866309,round,,D_local,S_final,10,10,22
grok-4.3,S1_1,29,2,2,Correct,-0.041673182444384504,round,,D_local,S_final,10,10,22
grok-4.3,S1_1,29,2,3,Correct,-0.04640253390646332,round,,D_local,S_final,10,10,22
grok-4.3,S1_1,30,1,1,Correct,0.07541334220635054,round,,D_local,S_final,10,10,22
grok-4.3,S1_1,30,1,2,Correct,0.056943996155949916,round,,D_local,S_final,10,10,22
grok-4.3,S1_1,30,1,3,Correct,0.07675206415793212,round,,D_local,S_final,10,10,22
grok-4.3,S1_1,30,2,1,Correct,-0.057703509370677364,round,,D_local,S_final,10,10,22
grok-4.3,S1_1,30,2,2,Correct,-0.04130952310493907,round,,D_local,S_final,10,10,22
grok-4.3,S1_1,30,2,3,Correct,-0.026044360003249944,round,,D_local,S_final,10,10,22
grok-4.3,S1_1,31,1,1,Wrong,0.14231106655580772,round,,D_local,S_final,10,10,22
grok-4.3,S1_1,31,1,2,Wrong,0.1459215290840501,round,,D_local,S_final,10,10,22
grok-4.3,S1_1,31,1,3,Wrong,0.12702210305156525,round,,D_local,S_final,10,10,22
grok-4.3,S1_1,32,1,1,Correct,0.11577093930241278,round,,D_local,S_final,10,10,22
grok-4.3,S1_1,32,1,2,Correct,0.12449397733713163,round,,D_local,S_final,10,10,22
grok-4.3,S1_1,32,1,3,Correct,0.09082827116674708,round,,D_local,S_final,10,10,22
grok-4.3,S1_1,33,1,1,Correct,0.13072324900065702,round,,D_local,S_final,10,10,22
grok-4.3,S1_1,33,1,2,Correct,0.06094902485514275,round,,D_local,S_final,10,10,22
grok-4.3,S1_1,33,1,3,Correct,0.08329706563134076,round,,D_local,S_final,10,10,22
grok-4.3,S1_1,34,1,1,Correct,-0.008708927670229571,round,,D_local,S_final,10,10,22
grok-4.3,S1_1,34,1,2,Correct,-0.03750126555043376,round,,D_local,S_final,10,10,22
grok-4.3,S1_1,34,1,3,Correct,-0.01124110518949406,round,,D_local,S_final,10,10,22
grok-4.3,S1_1,35,1,1,Wrong,0.04198660202076154,round,,D_local,S_final,10,10,22
grok-4.3,S1_1,35,1,2,Wrong,0.028959973482556856,round,,D_local,S_final,10,10,22
grok-4.3,S1_1,35,1,3,Wrong,-0.005601342486131311,round,,D_local,S_final,10,10,22
grok-4.3,S1_1,36,1,1,Wrong,0.07944495759785852,round,,D_local,S_final,10,10,22
grok-4.3,S1_1,36,1,2,Wrong,0.07321666589197784,round,,D_local,S_final,10,10,22
grok-4.3,S1_1,36,1,3,Wrong,0.09764173527154507,round,,D_local,S_final,10,10,22
grok-4.3,S1_1,36,2,1,Correct,0.04568584556952848,round,,D_local,S_final,10,10,22
grok-4.3,S1_1,36,2,2,Correct,0.025599049654651207,round,,D_local,S_final,10,10,22
grok-4.3,S1_1,36,2,3,Correct,0.05221717772415846,round,,D_local,S_final,10,10,22
grok-4.3,S1_1,36,3,1,Wrong,-0.0007063022086819526,round,,D_local,S_final,10,10,22
grok-4.3,S1_1,36,3,2,Wrong,0.00893801218323198,round,,D_local,S_final,10,10,22
grok-4.3,S1_1,36,3,3,Wrong,-0.0001912180843487432,round,,D_local,S_final,10,10,22
grok-4.3,S1_1,37,1,1,Correct,0.0031920483638701036,round,,D_local,S_final,10,10,22
grok-4.3,S1_1,37,1,2,Correct,-0.009748849564483186,round,,D_local,S_final,10,10,22
grok-4.3,S1_1,37,1,3,Correct,0.0021559576774794476,round,,D_local,S_final,10,10,22
grok-4.3,S1_1,37,2,1,Wrong,0.06994065446870767,round,,D_local,S_final,10,10,22
grok-4.3,S1_1,37,2,2,Wrong,0.12872563980878304,round,,D_local,S_final,10,10,22
grok-4.3,S1_1,37,2,3,Wrong,0.08315427390451935,round,,D_local,S_final,10,10,22
grok-4.3,S1_1,38,1,1,Correct,-0.09950333985449822,round,,D_local,S_final,10,10,22
grok-4.3,S1_1,38,1,2,Correct,-0.1167487698475736,round,,D_local,S_final,10,10,22
grok-4.3,S1_1,38,1,3,Correct,-0.10227061705619189,round,,D_local,S_final,10,10,22
grok-4.3,S1_1,38,2,1,Wrong,-0.11962694018383235,round,,D_local,S_final,10,10,22
grok-4.3,S1_1,38,2,2,Wrong,-0.16389985587576683,round,,D_local,S_final,10,10,22
grok-4.3,S1_1,38,2,3,Wrong,-0.13609065110907537,round,,D_local,S_final,10,10,22
grok-4.3,S1_1,39,1,1,Wrong,-0.0663547468368525,round,,D_local,S_final,10,10,22
grok-4.3,S1_1,39,1,2,Wrong,-0.06418309744713979,round,,D_local,S_final,10,10,22
grok-4.3,S1_1,39,1,3,Wrong,-0.048446245228896734,round,,D_local,S_final,10,10,22
grok-4.3,S1_1,39,2,1,Correct,0.1333113670443825,round,,D_local,S_final,10,10,22
grok-4.3,S1_1,39,2,2,Correct,0.14825074104808622,round,,D_local,S_final,10,10,22
grok-4.3,S1_1,39,2,3,Correct,0.1545098193637603,round,,D_local,S_final,10,10,22
grok-4.3,S1_1,40,1,1,Correct,0.07917117145021979,round,,D_local,S_final,10,10,22
grok-4.3,S1_1,40,1,2,Correct,0.07460755843251254,round,,D_local,S_final,10,10,22
grok-4.3,S1_1,40,1,3,Correct,0.06585704116978885,round,,D_local,S_final,10,10,22
grok-4.3,S1_1,40,2,1,Wrong,0.10385028673982877,round,,D_local,S_final,10,10,22
grok-4.3,S1_1,40,2,2,Wrong,0.12139106414540057,round,,D_local,S_final,10,10,22
grok-4.3,S1_1,40,2,3,Wrong,0.11697279461012933,round,,D_local,S_final,10,10,22
grok-4.3,S1_1,40,3,1,Correct,0.0666353447155632,round,,D_local,S_final,10,10,22
grok-4.3,S1_1,40,3,2,Correct,0.01605996940569676,round,,D_local,S_final,10,10,22
grok-4.3,S1_1,40,3,3,Correct,0.0513535339852238,round,,D_local,S_final,10,10,22
grok-4.3,S1_1,40,4,1,Wrong,0.050427712764083976,round,,D_local,S_final,10,10,22
grok-4.3,S1_1,40,4,2,Wrong,0.02925010567326447,round,,D_local,S_final,10,10,22
grok-4.3,S1_1,40,4,3,Wrong,0.014576022928058374,round,,D_local,S_final,10,10,22
grok-4.3,S1_1,40,5,1,Wrong,0.0738531215297028,round,,D_local,S_final,10,10,22
grok-4.3,S1_1,40,5,2,Wrong,0.03778971262804098,round,,D_local,S_final,10,10,22
grok-4.3,S1_1,40,5,3,Wrong,0.04568926090640968,round,,D_local,S_final,10,10,22
grok-4.3,S1_1,40,6,1,Correct,0.06630887598426971,round,,D_local,S_final,10,10,22
grok-4.3,S1_1,40,6,2,Correct,0.06960427770546718,round,,D_local,S_final,10,10,22
grok-4.3,S1_1,40,6,3,Correct,0.08191933127681883,round,,D_local,S_final,10,10,22
grok-4.3,S1_1,41,1,1,Wrong,0.08485195285400249,round,,D_local,S_final,10,10,22
grok-4.3,S1_1,41,1,2,Wrong,0.09211154619004658,round,,D_local,S_final,10,10,22
grok-4.3,S1_1,41,1,3,Wrong,0.07633533207370213,round,,D_local,S_final,10,10,22
grok-4.3,S1_1,42,1,1,Wrong,-0.06661888637624991,round,,D_local,S_final,10,10,22
grok-4.3,S1_1,42,1,2,Correct,-0.015470652482679426,round,,D_local,S_final,10,10,22
grok-4.3,S1_1,42,1,3,Correct,-0.033805509336194084,round,,D_local,S_final,10,10,22
grok-4.3,S1_1,43,1,1,Wrong,-0.053716359815997206,round,,D_local,S_final,10,10,22
grok-4.3,S1_1,43,1,2,Wrong,-0.0663022970495527,round,,D_local,S_final,10,10,22
grok-4.3,S1_1,43,1,3,Wrong,-0.04787508826985598,round,,D_local,S_final,10,10,22
grok-4.3,S1_1,44,1,1,Correct,0.09310809904794459,round,,D_local,S_final,10,10,22
grok-4.3,S1_1,44,1,2,Correct,0.06389163691607436,round,,D_local,S_final,10,10,22
grok-4.3,S1_1,44,1,3,Correct,0.06288931155010458,round,,D_local,S_final,10,10,22
grok-4.3,S1_1,45,1,1,Correct,0.114437185778407,round,,D_local,S_final,10,10,22
grok-4.3,S1_1,45,1,2,Correct,0.15253249728993445,round,,D_local,S_final,10,10,22
grok-4.3,S1_1,45,1,3,Correct,0.14441456512260553,round,,D_local,S_final,10,10,22
grok-4.3,S1_1,45,2,1,Wrong,-0.04090548035278019,round,,D_local,S_final,10,10,22
grok-4.3,S1_1,45,2,2,Wrong,-0.03353385621776239,round,,D_local,S_final,10,10,22
grok-4.3,S1_1,45,2,3,Wrong,-0.05077906985500025,round,,D_local,S_final,10,10,22
grok-4.3,S1_1,45,3,1,Wrong,-0.07080490524455985,round,,D_local,S_final,10,10,22
grok-4.3,S1_1,45,3,2,Wrong,-0.057437560303548296,round,,D_local,S_final,10,10,22
grok-4.3,S1_1,45,3,3,Wrong,-0.04731540886810004,round,,D_local,S_final,10,10,22
grok-4.3,S1_1,46,1,1,Correct,0.10636168575944682,round,,D_local,S_final,10,10,22
grok-4.3,S1_1,46,1,2,Correct,0.10770895661196278,round,,D_local,S_final,10,10,22
grok-4.3,S1_1,46,1,3,Correct,0.1342070173510853,round,,D_local,S_final,10,10,22
grok-4.3,S1_1,46,2,1,Correct,0.047950909750222315,round,,D_local,S_final,10,10,22
grok-4.3,S1_1,46,2,2,Correct,0.036028589695375035,round,,D_local,S_final,10,10,22
grok-4.3,S1_1,46,2,3,Correct,0.07160433335505578,round,,D_local,S_final,10,10,22
grok-4.3,S1_1,47,1,1,Correct,0.14965728563252934,round,,D_local,S_final,10,10,22
grok-4.3,S1_1,47,1,2,Correct,0.1406986924187663,round,,D_local,S_final,10,10,22
grok-4.3,S1_1,47,1,3,Correct,0.15739475691933924,round,,D_local,S_final,10,10,22
grok-4.3,S1_1,47,2,1,Correct,0.05117740562345097,round,,D_local,S_final,10,10,22
grok-4.3,S1_1,47,2,2,Correct,0.06281221037282281,round,,D_local,S_final,10,10,22
grok-4.3,S1_1,47,2,3,Correct,0.07993618502339528,round,,D_local,S_final,10,10,22
grok-4.3,S1_1,48,1,1,Correct,0.0698991721811919,round,,D_local,S_final,10,10,22
grok-4.3,S1_1,48,1,2,Correct,0.11461901996785684,round,,D_local,S_final,10,10,22
grok-4.3,S1_1,48,1,3,Wrong,0.04449328905501093,round,,D_local,S_final,10,10,22
grok-4.3,S1_1,48,2,1,Correct,-0.0031447075063871788,round,,D_local,S_final,10,10,22
grok-4.3,S1_1,48,2,2,Correct,-0.027320314217462394,round,,D_local,S_final,10,10,22
grok-4.3,S1_1,48,2,3,Correct,0.0010245140288196453,round,,D_local,S_final,10,10,22
grok-4.3,S1_1,49,1,1,Correct,0.05341534703016537,round,,D_local,S_final,10,10,22
grok-4.3,S1_1,49,1,2,Correct,0.060373382361815775,round,,D_local,S_final,10,10,22
grok-4.3,S1_1,49,1,3,Correct,0.07233137199123263,round,,D_local,S_final,10,10,22
grok-4.3,S1_1,50,1,1,Correct,0.020053224564693273,round,,D_local,S_final,10,10,22
grok-4.3,S1_1,50,1,2,Correct,0.0149923275638143,round,,D_local,S_final,10,10,22
grok-4.3,S1_1,50,1,3,Correct,-0.0029004321897629914,round,,D_local,S_final,10,10,22
grok-4.3,S1_1,51,1,1,Correct,0.18551596986750085,round,,D_local,S_final,10,10,22
grok-4.3,S1_1,51,1,2,Correct,0.11635455758376634,round,,D_local,S_final,10,10,22
grok-4.3,S1_1,51,1,3,Correct,0.16957611071445977,round,,D_local,S_final,10,10,22
grok-4.3,S1_1,52,1,1,Correct,0.15070243095691938,round,,D_local,S_final,10,10,22
grok-4.3,S1_1,52,1,2,Correct,0.1651436170040158,round,,D_local,S_final,10,10,22
grok-4.3,S1_1,52,1,3,Correct,0.1710772180203496,round,,D_local,S_final,10,10,22
grok-4.3,S1_1,53,1,1,Correct,0.02245199045201962,round,,D_local,S_final,10,10,22
grok-4.3,S1_1,53,1,2,Correct,0.04112720179829921,round,,D_local,S_final,10,10,22
grok-4.3,S1_1,53,1,3,Correct,-0.002598991690117902,round,,D_local,S_final,10,10,22
grok-4.3,S1_1,53,2,1,Correct,0.10040939103145163,round,,D_local,S_final,10,10,22
grok-4.3,S1_1,53,2,2,Correct,0.09051531048300532,round,,D_local,S_final,10,10,22
grok-4.3,S1_1,53,2,3,Correct,0.11000442380606967,round,,D_local,S_final,10,10,22
grok-4.3,S1_1,54,1,1,Correct,-0.10591651772528166,round,,D_local,S_final,10,10,22
grok-4.3,S1_1,54,1,2,Correct,-0.08977548917948763,round,,D_local,S_final,10,10,22
grok-4.3,S1_1,54,1,3,Correct,-0.10766451695810675,round,,D_local,S_final,10,10,22
grok-4.3,S1_1,54,2,1,Correct,0.11964408563429563,round,,D_local,S_final,10,10,22
grok-4.3,S1_1,54,2,2,Correct,0.11705694231512176,round,,D_local,S_final,10,10,22
grok-4.3,S1_1,54,2,3,Correct,0.1181168629413476,round,,D_local,S_final,10,10,22
grok-4.3,S1_1,55,1,1,Wrong,-0.02269813834137302,round,,D_local,S_final,10,10,22
grok-4.3,S1_1,55,1,2,Correct,0.01907997505921566,round,,D_local,S_final,10,10,22
grok-4.3,S1_1,55,1,3,Correct,0.011219450825280863,round,,D_local,S_final,10,10,22
grok-4.3,S1_1,55,2,1,Correct,0.10657995143405563,round,,D_local,S_final,10,10,22
grok-4.3,S1_1,55,2,2,Correct,0.12362145017610848,round,,D_local,S_final,10,10,22
grok-4.3,S1_1,55,2,3,Correct,0.12261659293592642,round,,D_local,S_final,10,10,22
grok-4.3,S1_1,56,1,1,Wrong,-0.020596804508546285,round,,D_local,S_final,10,10,22
grok-4.3,S1_1,56,1,2,Wrong,-0.046330066985752816,round,,D_local,S_final,10,10,22
grok-4.3,S1_1,56,1,3,Wrong,0.002141402076480836,round,,D_local,S_final,10,10,22
grok-4.3,S1_1,56,2,1,Correct,0.055782705136707134,round,,D_local,S_final,10,10,22
grok-4.3,S1_1,56,2,2,Correct,0.05711875780064901,round,,D_local,S_final,10,10,22
grok-4.3,S1_1,56,2,3,Correct,0.056501194125453624,round,,D_local,S_final,10,10,22
grok-4.3,S1_1,57,1,1,Correct,-0.08922100852035852,round,,D_local,S_final,10,10,22
grok-4.3,S1_1,57,1,2,Correct,-0.07846070035814046,round,,D_local,S_final,10,10,22
grok-4.3,S1_1,57,1,3,Correct,-0.08626503244064065,round,,D_local,S_final,10,10,22
grok-4.3,S1_1,57,2,1,Correct,-0.18640701184499164,round,,D_local,S_final,10,10,22
grok-4.3,S1_1,57,2,2,Wrong,-0.1470495159927908,round,,D_local,S_final,10,10,22
grok-4.3,S1_1,57,2,3,Correct,-0.20152905284595168,round,,D_local,S_final,10,10,22
grok-4.3,S1_1,58,1,1,Correct,-0.017721936779395042,round,,D_local,S_final,10,10,22
grok-4.3,S1_1,58,1,2,Correct,0.012301021632428188,round,,D_local,S_final,10,10,22
grok-4.3,S1_1,58,1,3,Correct,-0.005383932286434523,round,,D_local,S_final,10,10,22
grok-4.3,S1_1,58,2,1,Correct,0.037905343938532954,round,,D_local,S_final,10,10,22
grok-4.3,S1_1,58,2,2,Correct,0.03259915186147422,round,,D_local,S_final,10,10,22
grok-4.3,S1_1,58,2,3,Correct,0.05017316163393282,round,,D_local,S_final,10,10,22
grok-4.3,S1_1,59,1,1,Correct,-0.07148895758066692,round,,D_local,S_final,10,10,22
grok-4.3,S1_1,59,1,2,Correct,-0.06872925477293712,round,,D_local,S_final,10,10,22
grok-4.3,S1_1,59,1,3,Correct,-0.05146593760664386,round,,D_local,S_final,10,10,22
grok-4.3,S1_1,59,2,1,Correct,0.10187285792558765,round,,D_local,S_final,10,10,22
grok-4.3,S1_1,59,2,2,Correct,0.0997209478331117,round,,D_local,S_final,10,10,22
grok-4.3,S1_1,59,2,3,Correct,0.07161552396729531,round,,D_local,S_final,10,10,22
grok-4.3,S1_1,60,1,1,Correct,-0.08509676880803696,round,,D_local,S_final,10,10,22
grok-4.3,S1_1,60,1,2,Correct,-0.11833398992680477,round,,D_local,S_final,10,10,22
grok-4.3,S1_1,60,1,3,Correct,-0.11278502467046703,round,,D_local,S_final,10,10,22
grok-4.3,S1_1,60,2,1,Correct,0.10180407551352944,round,,D_local,S_final,10,10,22
grok-4.3,S1_1,60,2,2,Correct,0.10948285167845395,round,,D_local,S_final,10,10,22
grok-4.3,S1_1,60,2,3,Correct,0.0941070967711587,round,,D_local,S_final,10,10,22
grok-4.3,S1_1,61,1,1,Correct,-0.08293446630978518,round,,D_local,S_final,10,10,22
grok-4.3,S1_1,61,1,2,Correct,-0.07062502890896527,round,,D_local,S_final,10,10,22
grok-4.3,S1_1,61,1,3,Correct,-0.06680457512716409,round,,D_local,S_final,10,10,22
grok-4.3,S1_1,61,2,1,Wrong,0.12497474635010342,round,,D_local,S_final,10,10,22
grok-4.3,S1_1,61,2,2,Correct,0.09503626612268212,round,,D_local,S_final,10,10,22
grok-4.3,S1_1,61,2,3,Wrong,0.1376962109243247,round,,D_local,S_final,10,10,22
grok-4.3,S1_1,62,1,1,Correct,0.032656417057534526,round,,D_local,S_final,10,10,22
grok-4.3,S1_1,62,1,2,Correct,0.02683571507763438,round,,D_local,S_final,10,10,22
grok-4.3,S1_1,62,1,3,Correct,0.011090544602724517,round,,D_local,S_final,10,10,22
grok-4.3,S1_1,62,2,1,Correct,0.017459158598425506,round,,D_local,S_final,10,10,22
grok-4.3,S1_1,62,2,2,Correct,0.04000748816938926,round,,D_local,S_final,10,10,22
grok-4.3,S1_1,62,2,3,Correct,0.012567196419242088,round,,D_local,S_final,10,10,22
grok-4.3,S1_1,63,1,1,Correct,0.01361926277265657,round,,D_local,S_final,10,10,22
grok-4.3,S1_1,63,1,2,Correct,0.022392603755486018,round,,D_local,S_final,10,10,22
grok-4.3,S1_1,63,1,3,Correct,0.044279980598868285,round,,D_local,S_final,10,10,22
grok-4.3,S1_1,63,2,1,Correct,0.026468172109699206,round,,D_local,S_final,10,10,22
grok-4.3,S1_1,63,2,2,Correct,0.00047073170211631155,round,,D_local,S_final,10,10,22
grok-4.3,S1_1,63,2,3,Correct,0.024885736649318257,round,,D_local,S_final,10,10,22
grok-4.3,S1_1,64,1,1,Correct,0.01935627807084428,round,,D_local,S_final,10,10,22
grok-4.3,S1_1,64,1,2,Correct,0.057827891741790705,round,,D_local,S_final,10,10,22
grok-4.3,S1_1,64,1,3,Correct,0.02749471350888466,round,,D_local,S_final,10,10,22
grok-4.3,S1_1,64,2,1,Wrong,0.032956867821928304,round,,D_local,S_final,10,10,22
grok-4.3,S1_1,64,2,2,Correct,0.011672085807911348,round,,D_local,S_final,10,10,22
grok-4.3,S1_1,64,2,3,Correct,-0.0008906113433225782,round,,D_local,S_final,10,10,22
grok-4.3,S2_1,1,1,1,Correct,0.12958185789282595,round,,D_local,S_final,10,10,22
grok-4.3,S2_1,1,1,2,Correct,0.1077180385459936,round,,D_local,S_final,10,10,22
grok-4.3,S2_1,1,1,3,Correct,0.11020374674575006,round,,D_local,S_final,10,10,22
grok-4.3,S2_1,1,2,1,Correct,0.04280850094575739,round,,D_local,S_final,10,10,22
grok-4.3,S2_1,1,2,2,Correct,0.03578587188732074,round,,D_local,S_final,10,10,22
grok-4.3,S2_1,1,2,3,Correct,0.04792434538230561,round,,D_local,S_final,10,10,22
grok-4.3,S2_1,1,3,1,Correct,-0.03482782229231296,round,,D_local,S_final,10,10,22
grok-4.3,S2_1,1,3,2,Correct,-0.016650488971679756,round,,D_local,S_final,10,10,22
grok-4.3,S2_1,1,3,3,Correct,-0.009181796505549511,round,,D_local,S_final,10,10,22
grok-4.3,S2_1,1,4,1,Correct,0.07147877929434232,round,,D_local,S_final,10,10,22
grok-4.3,S2_1,1,4,2,Correct,0.05351856911691588,round,,D_local,S_final,10,10,22
grok-4.3,S2_1,1,4,3,Correct,0.07604779419867214,round,,D_local,S_final,10,10,22
grok-4.3,S2_1,1,5,1,Correct,0.10062284844899383,round,,D_local,S_final,10,10,22
grok-4.3,S2_1,1,5,2,Correct,0.09123050441117897,round,,D_local,S_final,10,10,22
grok-4.3,S2_1,1,5,3,Correct,0.080828445894782,round,,D_local,S_final,10,10,22
grok-4.3,S2_1,2,1,1,Correct,0.2007219253628355,round,,D_local,S_final,10,10,22
grok-4.3,S2_1,2,1,2,Correct,0.19668037073089928,round,,D_local,S_final,10,10,22
grok-4.3,S2_1,2,1,3,Correct,0.1957840052231022,round,,D_local,S_final,10,10,22
grok-4.3,S2_1,3,1,1,Correct,0.24655396199266405,round,,D_local,S_final,10,10,22
grok-4.3,S2_1,3,1,2,Correct,0.21869694934170952,round,,D_local,S_final,10,10,22
grok-4.3,S2_1,3,1,3,Correct,0.24335186514921603,round,,D_local,S_final,10,10,22
grok-4.3,S2_1,3,2,1,Correct,0.29044561453856,round,,D_local,S_final,10,10,22
grok-4.3,S2_1,3,2,2,Correct,0.2495921964965243,round,,D_local,S_final,10,10,22
grok-4.3,S2_1,3,2,3,Correct,0.2880166013734139,round,,D_local,S_final,10,10,22
grok-4.3,S2_1,4,1,1,Correct,0.13656282362466743,round,,D_local,S_final,10,10,22
grok-4.3,S2_1,4,1,2,Correct,0.13290517750747455,round,,D_local,S_final,10,10,22
grok-4.3,S2_1,4,1,3,Correct,0.104239671906325,round,,D_local,S_final,10,10,22
grok-4.3,S2_1,4,2,1,Correct,0.10598247234317637,round,,D_local,S_final,10,10,22
grok-4.3,S2_1,4,2,2,Correct,0.10012674319253279,round,,D_local,S_final,10,10,22
grok-4.3,S2_1,4,2,3,Wrong,0.0785725428969063,round,,D_local,S_final,10,10,22
grok-4.3,S2_1,4,3,1,Correct,0.08529463419628858,round,,D_local,S_final,10,10,22
grok-4.3,S2_1,4,3,2,Correct,0.05629684899921972,round,,D_local,S_final,10,10,22
grok-4.3,S2_1,4,3,3,Correct,0.06843850854067379,round,,D_local,S_final,10,10,22
grok-4.3,S2_1,5,1,1,Wrong,0.10391627920587054,round,,D_local,S_final,10,10,22
grok-4.3,S2_1,5,1,2,Wrong,0.11906318388735071,round,,D_local,S_final,10,10,22
grok-4.3,S2_1,5,1,3,Wrong,0.09561794313729988,round,,D_local,S_final,10,10,22
grok-4.3,S2_1,5,2,1,Correct,0.07131246432656035,round,,D_local,S_final,10,10,22
grok-4.3,S2_1,5,2,2,Correct,0.06387835755447824,round,,D_local,S_final,10,10,22
grok-4.3,S2_1,5,2,3,Correct,0.06981105365129692,round,,D_local,S_final,10,10,22
grok-4.3,S2_1,5,3,1,Wrong,0.08430640079326734,round,,D_local,S_final,10,10,22
grok-4.3,S2_1,5,3,2,Correct,0.08769691333378271,round,,D_local,S_final,10,10,22
grok-4.3,S2_1,5,3,3,Wrong,0.07608989805476929,round,,D_local,S_final,10,10,22
grok-4.3,S2_1,6,1,1,Correct,0.09363206726371498,round,,D_local,S_final,10,10,22
grok-4.3,S2_1,6,1,2,Correct,0.08824034965922667,round,,D_local,S_final,10,10,22
grok-4.3,S2_1,6,1,3,Correct,0.08715319123823762,round,,D_local,S_final,10,10,22
grok-4.3,S2_1,6,2,1,Correct,0.02163499102275679,round,,D_local,S_final,10,10,22
grok-4.3,S2_1,6,2,2,Correct,0.03157279270796276,round,,D_local,S_final,10,10,22
grok-4.3,S2_1,6,2,3,Correct,0.022785871054618934,round,,D_local,S_final,10,10,22
grok-4.3,S2_1,6,3,1,Correct,0.06007698803419692,round,,D_local,S_final,10,10,22
grok-4.3,S2_1,6,3,2,Correct,0.053039701321761834,round,,D_local,S_final,10,10,22
grok-4.3,S2_1,6,3,3,Correct,0.05628499298193923,round,,D_local,S_final,10,10,22
grok-4.3,S2_1,7,1,1,Correct,0.10732927003422554,round,,D_local,S_final,10,10,22
grok-4.3,S2_1,7,1,2,Correct,0.11343364812267909,round,,D_local,S_final,10,10,22
grok-4.3,S2_1,7,1,3,Correct,0.11586802356667036,round,,D_local,S_final,10,10,22
grok-4.3,S2_1,7,2,1,Correct,0.09547612655982196,round,,D_local,S_final,10,10,22
grok-4.3,S2_1,7,2,2,Wrong,0.0661585355051989,round,,D_local,S_final,10,10,22
grok-4.3,S2_1,7,2,3,Correct,0.09130948608127432,round,,D_local,S_final,10,10,22
grok-4.3,S2_1,7,3,1,Wrong,-0.02509766938171143,round,,D_local,S_final,10,10,22
grok-4.3,S2_1,7,3,2,Wrong,-0.008694071050370789,round,,D_local,S_final,10,10,22
grok-4.3,S2_1,7,3,3,Wrong,-0.005779212970397518,round,,D_local,S_final,10,10,22
grok-4.3,S2_1,7,4,1,Correct,0.005934959228422687,round,,D_local,S_final,10,10,22
grok-4.3,S2_1,7,4,2,Correct,0.01966979796978996,round,,D_local,S_final,10,10,22
grok-4.3,S2_1,7,4,3,Correct,0.021611743918286797,round,,D_local,S_final,10,10,22
grok-4.3,S2_1,7,5,1,Correct,0.04122931513696659,round,,D_local,S_final,10,10,22
grok-4.3,S2_1,7,5,2,Correct,0.04751156466465334,round,,D_local,S_final,10,10,22
grok-4.3,S2_1,7,5,3,Correct,0.08047404742378383,round,,D_local,S_final,10,10,22
grok-4.3,S2_1,7,6,1,Wrong,-0.026304923105642142,round,,D_local,S_final,10,10,22
grok-4.3,S2_1,7,6,2,Wrong,-0.027939299679005103,round,,D_local,S_final,10,10,22
grok-4.3,S2_1,7,6,3,Wrong,-0.03728046101155813,round,,D_local,S_final,10,10,22
grok-4.3,S2_1,7,7,1,Wrong,0.07967100797576254,round,,D_local,S_final,10,10,22
grok-4.3,S2_1,7,7,2,Wrong,0.06905645782474112,round,,D_local,S_final,10,10,22
grok-4.3,S2_1,7,7,3,Wrong,0.06669385416516838,round,,D_local,S_final,10,10,22
grok-4.3,S2_1,7,8,1,Correct,0.01929182666446294,round,,D_local,S_final,10,10,22
grok-4.3,S2_1,7,8,2,Correct,0.09191580534365473,round,,D_local,S_final,10,10,22
grok-4.3,S2_1,7,8,3,Correct,0.08259982900792107,round,,D_local,S_final,10,10,22
grok-4.3,S2_1,7,9,1,Correct,0.1047798628257568,round,,D_local,S_final,10,10,22
grok-4.3,S2_1,7,9,2,Correct,0.09711468522082323,round,,D_local,S_final,10,10,22
grok-4.3,S2_1,7,9,3,Correct,0.12176074800394965,round,,D_local,S_final,10,10,22
grok-4.3,S2_1,7,10,1,Wrong,-0.014780425563054034,round,,D_local,S_final,10,10,22
grok-4.3,S2_1,7,10,2,Wrong,-0.007664925233659581,round,,D_local,S_final,10,10,22
grok-4.3,S2_1,7,10,3,Wrong,-0.003311343705161507,round,,D_local,S_final,10,10,22
grok-4.3,S2_1,7,11,1,Wrong,0.03377711001383965,round,,D_local,S_final,10,10,22
grok-4.3,S2_1,7,11,2,Correct,0.11338871834793751,round,,D_local,S_final,10,10,22
grok-4.3,S2_1,7,11,3,Correct,0.09920350103333908,round,,D_local,S_final,10,10,22
grok-4.3,S2_1,8,1,1,Wrong,0.07175054205873177,round,,D_local,S_final,10,10,22
grok-4.3,S2_1,8,1,2,Correct,0.07540394970906839,round,,D_local,S_final,10,10,22
grok-4.3,S2_1,8,1,3,Correct,0.08082470416632437,round,,D_local,S_final,10,10,22
grok-4.3,S2_1,8,2,1,Correct,0.06966167411831059,round,,D_local,S_final,10,10,22
grok-4.3,S2_1,8,2,2,Correct,0.04348582851473637,round,,D_local,S_final,10,10,22
grok-4.3,S2_1,8,2,3,Correct,0.049711129471397,round,,D_local,S_final,10,10,22
grok-4.3,S2_1,8,3,1,Wrong,0.031172433531255206,round,,D_local,S_final,10,10,22
grok-4.3,S2_1,8,3,2,Wrong,0.03174567134706241,round,,D_local,S_final,10,10,22
grok-4.3,S2_1,8,3,3,Wrong,0.044319629771527924,round,,D_local,S_final,10,10,22
grok-4.3,S2_1,8,4,1,Wrong,-0.03407751519837188,round,,D_local,S_final,10,10,22
grok-4.3,S2_1,8,4,2,Wrong,0.005658903833403062,round,,D_local,S_final,10,10,22
grok-4.3,S2_1,8,4,3,Wrong,-0.05551733540904569,round,,D_local,S_final,10,10,22
grok-4.3,S2_1,9,1,1,Correct,0.06429406333908594,round,,D_local,S_final,10,10,22
grok-4.3,S2_1,9,1,2,Correct,0.0630561613680124,round,,D_local,S_final,10,10,22
grok-4.3,S2_1,9,1,3,Correct,0.080153607639314,round,,D_local,S_final,10,10,22
grok-4.3,S2_1,9,2,1,Wrong,0.04322513612867396,round,,D_local,S_final,10,10,22
grok-4.3,S2_1,9,2,2,Wrong,0.05909888763786164,round,,D_local,S_final,10,10,22
grok-4.3,S2_1,9,2,3,Wrong,0.06138198043022236,round,,D_local,S_final,10,10,22
grok-4.3,S2_1,9,3,1,Correct,0.058373351734518075,round,,D_local,S_final,10,10,22
grok-4.3,S2_1,9,3,2,Correct,0.06240809812801462,round,,D_local,S_final,10,10,22
grok-4.3,S2_1,9,3,3,Correct,0.07001300434217539,round,,D_local,S_final,10,10,22
grok-4.3,S2_1,10,1,1,Wrong,0.0822878615301117,round,,D_local,S_final,10,10,22
grok-4.3,S2_1,10,1,2,Wrong,0.11020332684539436,round,,D_local,S_final,10,10,22
grok-4.3,S2_1,10,1,3,Wrong,0.10093612226175974,round,,D_local,S_final,10,10,22
grok-4.3,S2_1,10,2,1,Wrong,0.12425911038094073,round,,D_local,S_final,10,10,22
grok-4.3,S2_1,10,2,2,Correct,0.09650690516503468,round,,D_local,S_final,10,10,22
grok-4.3,S2_1,10,2,3,Wrong,0.1386667865166894,round,,D_local,S_final,10,10,22
grok-4.3,S2_1,11,1,1,Wrong,0.044685018935698095,round,,D_local,S_final,10,10,22
grok-4.3,S2_1,11,1,2,Wrong,0.05631976175631859,round,,D_local,S_final,10,10,22
grok-4.3,S2_1,11,1,3,Wrong,0.0611641544976661,round,,D_local,S_final,10,10,22
grok-4.3,S2_1,12,1,1,Correct,0.027732624592777255,round,,D_local,S_final,10,10,22
grok-4.3,S2_1,12,1,2,Wrong,0.018542341934569495,round,,D_local,S_final,10,10,22
grok-4.3,S2_1,12,1,3,Correct,0.012770737273367638,round,,D_local,S_final,10,10,22
grok-4.3,S2_1,13,1,1,Correct,0.17583101460979267,round,,D_local,S_final,10,10,22
grok-4.3,S2_1,13,1,2,Correct,0.16015408403036457,round,,D_local,S_final,10,10,22
grok-4.3,S2_1,13,1,3,Correct,0.15767755305764353,round,,D_local,S_final,10,10,22
grok-4.3,S2_1,13,2,1,Correct,0.017022516981601732,round,,D_local,S_final,10,10,22
grok-4.3,S2_1,13,2,2,Correct,-0.003681121183431113,round,,D_local,S_final,10,10,22
grok-4.3,S2_1,13,2,3,Correct,0.03502167770385067,round,,D_local,S_final,10,10,22
grok-4.3,S2_1,13,3,1,Correct,0.014147367549665502,round,,D_local,S_final,10,10,22
grok-4.3,S2_1,13,3,2,Wrong,0.025268935920210067,round,,D_local,S_final,10,10,22
grok-4.3,S2_1,13,3,3,Wrong,0.026759309157132538,round,,D_local,S_final,10,10,22
grok-4.3,S2_1,14,1,1,Correct,0.05716495296103219,round,,D_local,S_final,10,10,22
grok-4.3,S2_1,14,1,2,Correct,0.05043097926174478,round,,D_local,S_final,10,10,22
grok-4.3,S2_1,14,1,3,Correct,0.058637071849027333,round,,D_local,S_final,10,10,22
grok-4.3,S2_1,15,1,1,Wrong,-0.06647397659309817,round,,D_local,S_final,10,10,22
grok-4.3,S2_1,15,1,2,Wrong,-0.09464308601319038,round,,D_local,S_final,10,10,22
grok-4.3,S2_1,15,1,3,Wrong,-0.0433971527153606,round,,D_local,S_final,10,10,22
grok-4.3,S2_1,16,1,1,Correct,0.14517255210622915,round,,D_local,S_final,10,10,22
grok-4.3,S2_1,16,1,2,Correct,0.15399031669110141,round,,D_local,S_final,10,10,22
grok-4.3,S2_1,16,1,3,Correct,0.1520129390390298,round,,D_local,S_final,10,10,22
grok-4.3,S2_1,17,1,1,Correct,0.06770583833232646,round,,D_local,S_final,10,10,22
grok-4.3,S2_1,17,1,2,Correct,0.05541949369878996,round,,D_local,S_final,10,10,22
grok-4.3,S2_1,17,1,3,Correct,0.04914801980207972,round,,D_local,S_final,10,10,22
grok-4.3,S2_1,18,1,1,Correct,0.13182994549901283,round,,D_local,S_final,10,10,22
grok-4.3,S2_1,18,1,2,Correct,0.1492196129843596,round,,D_local,S_final,10,10,22
grok-4.3,S2_1,18,1,3,Correct,0.1435473784697836,round,,D_local,S_final,10,10,22
grok-4.3,S2_1,19,1,1,Correct,0.08621660569146428,round,,D_local,S_final,10,10,22
grok-4.3,S2_1,19,1,2,Correct,0.07907793303834387,round,,D_local,S_final,10,10,22
grok-4.3,S2_1,19,1,3,Correct,0.07802946134372868,round,,D_local,S_final,10,10,22
grok-4.3,S2_1,20,1,1,Correct,0.15838057398604732,round,,D_local,S_final,10,10,22
grok-4.3,S2_1,20,1,2,Correct,0.06570041176447838,round,,D_local,S_final,10,10,22
grok-4.3,S2_1,20,1,3,Correct,0.07716249925923879,round,,D_local,S_final,10,10,22
grok-4.3,S2_1,21,1,1,Correct,0.11379305215151503,round,,D_local,S_final,10,10,22
grok-4.3,S2_1,21,1,2,Correct,0.1122003602631938,round,,D_local,S_final,10,10,22
grok-4.3,S2_1,21,1,3,Correct,0.11411505854937909,round,,D_local,S_final,10,10,22
grok-4.3,S2_1,22,1,1,Correct,0.04537485042757339,round,,D_local,S_final,10,10,22
grok-4.3,S2_1,22,1,2,Correct,0.03642943116995356,round,,D_local,S_final,10,10,22
grok-4.3,S2_1,22,1,3,Correct,0.048182970945778725,round,,D_local,S_final,10,10,22
grok-4.3,S2_1,23,1,1,Correct,0.05500645693416506,round,,D_local,S_final,10,10,22
grok-4.3,S2_1,23,1,2,Correct,0.030501815544651922,round,,D_local,S_final,10,10,22
grok-4.3,S2_1,23,1,3,Correct,0.07493908092365198,round,,D_local,S_final,10,10,22
grok-4.3,S2_1,24,1,1,Correct,0.06384078907245339,round,,D_local,S_final,10,10,22
grok-4.3,S2_1,24,1,2,Correct,0.029030414452527742,round,,D_local,S_final,10,10,22
grok-4.3,S2_1,24,1,3,Correct,0.06439390169964909,round,,D_local,S_final,10,10,22
grok-4.3,S2_1,25,1,1,Correct,-0.04345975546241654,round,,D_local,S_final,10,10,22
grok-4.3,S2_1,25,1,2,Correct,-0.05245266742899857,round,,D_local,S_final,10,10,22
grok-4.3,S2_1,25,1,3,Correct,-0.02579566975401948,round,,D_local,S_final,10,10,22
grok-4.3,S2_1,25,2,1,Correct,0.10872324768844499,round,,D_local,S_final,10,10,22
grok-4.3,S2_1,25,2,2,Correct,0.10477532126213673,round,,D_local,S_final,10,10,22
grok-4.3,S2_1,25,2,3,Correct,0.04578665267496218,round,,D_local,S_final,10,10,22
grok-4.3,S2_1,26,1,1,Correct,0.08551721722391326,round,,D_local,S_final,10,10,22
grok-4.3,S2_1,26,1,2,Correct,0.10458333980554468,round,,D_local,S_final,10,10,22
grok-4.3,S2_1,26,1,3,Correct,0.11278557586234728,round,,D_local,S_final,10,10,22
grok-4.3,S2_1,26,2,1,Correct,-0.002469283245137066,round,,D_local,S_final,10,10,22
grok-4.3,S2_1,26,2,2,Correct,-0.015412523084259888,round,,D_local,S_final,10,10,22
grok-4.3,S2_1,26,2,3,Correct,-0.02080908332931508,round,,D_local,S_final,10,10,22
grok-4.3,S2_1,26,3,1,Correct,-0.015404783122232368,round,,D_local,S_final,10,10,22
grok-4.3,S2_1,26,3,2,Correct,-0.034534177712740366,round,,D_local,S_final,10,10,22
grok-4.3,S2_1,26,3,3,Correct,-0.04852338084873553,round,,D_local,S_final,10,10,22
grok-4.3,S2_1,26,4,1,Correct,0.11755967270057988,round,,D_local,S_final,10,10,22
grok-4.3,S2_1,26,4,2,Correct,0.13552995563360126,round,,D_local,S_final,10,10,22
grok-4.3,S2_1,26,4,3,Correct,0.14649946056842633,round,,D_local,S_final,10,10,22
grok-4.3,S2_1,27,1,1,Correct,0.08671302352912114,round,,D_local,S_final,10,10,22
grok-4.3,S2_1,27,1,2,Correct,0.06846996409714834,round,,D_local,S_final,10,10,22
grok-4.3,S2_1,27,1,3,Correct,0.09918445150297084,round,,D_local,S_final,10,10,22
grok-4.3,S2_1,27,2,1,Correct,-0.011674491506936224,round,,D_local,S_final,10,10,22
grok-4.3,S2_1,27,2,2,Correct,0.010585815438235113,round,,D_local,S_final,10,10,22
grok-4.3,S2_1,27,2,3,Correct,-0.016498908889465813,round,,D_local,S_final,10,10,22
grok-4.3,S2_1,27,3,1,Correct,-0.008030610879319222,round,,D_local,S_final,10,10,22
grok-4.3,S2_1,27,3,2,Correct,-0.036286795567728736,round,,D_local,S_final,10,10,22
grok-4.3,S2_1,27,3,3,Correct,0.018240215375564972,round,,D_local,S_final,10,10,22
grok-4.3,S2_1,27,4,1,Correct,0.21812761467505126,round,,D_local,S_final,10,10,22
grok-4.3,S2_1,27,4,2,Correct,0.1941786816657356,round,,D_local,S_final,10,10,22
grok-4.3,S2_1,27,4,3,Correct,0.16071804360945574,round,,D_local,S_final,10,10,22
grok-4.3,S2_1,28,1,1,Correct,0.03066421834143973,round,,D_local,S_final,10,10,22
grok-4.3,S2_1,28,1,2,Correct,0.03815791620580988,round,,D_local,S_final,10,10,22
grok-4.3,S2_1,28,1,3,Correct,0.026131790464214988,round,,D_local,S_final,10,10,22
grok-4.3,S2_1,28,2,1,Correct,-0.03267711248515737,round,,D_local,S_final,10,10,22
grok-4.3,S2_1,28,2,2,Correct,-0.03787654966286069,round,,D_local,S_final,10,10,22
grok-4.3,S2_1,28,2,3,Correct,-0.031007198241987166,round,,D_local,S_final,10,10,22
grok-4.3,S2_1,29,1,1,Correct,0.11110247231305226,round,,D_local,S_final,10,10,22
grok-4.3,S2_1,29,1,2,Correct,0.08878573888953911,round,,D_local,S_final,10,10,22
grok-4.3,S2_1,29,1,3,Correct,0.11123333636915067,round,,D_local,S_final,10,10,22
grok-4.3,S2_1,29,2,1,Correct,-0.04365868168179554,round,,D_local,S_final,10,10,22
grok-4.3,S2_1,29,2,2,Correct,-0.065924779993496,round,,D_local,S_final,10,10,22
grok-4.3,S2_1,29,2,3,Correct,-0.057067839157897704,round,,D_local,S_final,10,10,22
grok-4.3,S2_1,30,1,1,Correct,0.07753685218217576,round,,D_local,S_final,10,10,22
grok-4.3,S2_1,30,1,2,Correct,0.0901748864966394,round,,D_local,S_final,10,10,22
grok-4.3,S2_1,30,1,3,Correct,0.06473637017667533,round,,D_local,S_final,10,10,22
grok-4.3,S2_1,30,2,1,Correct,-0.06682791615482564,round,,D_local,S_final,10,10,22
grok-4.3,S2_1,30,2,2,Correct,-0.07275459658209005,round,,D_local,S_final,10,10,22
grok-4.3,S2_1,30,2,3,Correct,-0.049946673865460034,round,,D_local,S_final,10,10,22
grok-4.3,S2_1,31,1,1,Wrong,0.13675369084343908,round,,D_local,S_final,10,10,22
grok-4.3,S2_1,31,1,2,Wrong,0.11520449093207019,round,,D_local,S_final,10,10,22
grok-4.3,S2_1,31,1,3,Wrong,0.1333736920929408,round,,D_local,S_final,10,10,22
grok-4.3,S2_1,32,1,1,Correct,0.10847858243436503,round,,D_local,S_final,10,10,22
grok-4.3,S2_1,32,1,2,Correct,0.09428342393553679,round,,D_local,S_final,10,10,22
grok-4.3,S2_1,32,1,3,Correct,0.0813130275407784,round,,D_local,S_final,10,10,22
grok-4.3,S2_1,33,1,1,Correct,0.13160487547351674,round,,D_local,S_final,10,10,22
grok-4.3,S2_1,33,1,2,Correct,0.12816473621725832,round,,D_local,S_final,10,10,22
grok-4.3,S2_1,33,1,3,Correct,0.137532288324975,round,,D_local,S_final,10,10,22
grok-4.3,S2_1,34,1,1,Correct,-0.021324429129481293,round,,D_local,S_final,10,10,22
grok-4.3,S2_1,34,1,2,Correct,-0.01416698339719935,round,,D_local,S_final,10,10,22
grok-4.3,S2_1,34,1,3,Correct,0.021687247336151905,round,,D_local,S_final,10,10,22
grok-4.3,S2_1,35,1,1,Wrong,0.02211271210103294,round,,D_local,S_final,10,10,22
grok-4.3,S2_1,35,1,2,Wrong,-0.018166606384705686,round,,D_local,S_final,10,10,22
grok-4.3,S2_1,35,1,3,Wrong,0.0018531968263290066,round,,D_local,S_final,10,10,22
grok-4.3,S2_1,36,1,1,Wrong,0.10126058373696734,round,,D_local,S_final,10,10,22
grok-4.3,S2_1,36,1,2,Wrong,0.07249362612696963,round,,D_local,S_final,10,10,22
grok-4.3,S2_1,36,1,3,Wrong,0.07092939785081909,round,,D_local,S_final,10,10,22
grok-4.3,S2_1,36,2,1,Correct,0.04552004393037734,round,,D_local,S_final,10,10,22
grok-4.3,S2_1,36,2,2,Correct,0.019349264031389368,round,,D_local,S_final,10,10,22
grok-4.3,S2_1,36,2,3,Correct,0.014731630940242435,round,,D_local,S_final,10,10,22
grok-4.3,S2_1,36,3,1,Wrong,-0.004218906832300973,round,,D_local,S_final,10,10,22
grok-4.3,S2_1,36,3,2,Wrong,-0.0049582953604841995,round,,D_local,S_final,10,10,22
grok-4.3,S2_1,36,3,3,Wrong,0.004609849760631057,round,,D_local,S_final,10,10,22
grok-4.3,S2_1,37,1,1,Correct,0.026847835641402362,round,,D_local,S_final,10,10,22
grok-4.3,S2_1,37,1,2,Correct,-0.02562791266063369,round,,D_local,S_final,10,10,22
grok-4.3,S2_1,37,1,3,Correct,-0.010968252127219413,round,,D_local,S_final,10,10,22
grok-4.3,S2_1,37,2,1,Wrong,0.11110595384576971,round,,D_local,S_final,10,10,22
grok-4.3,S2_1,37,2,2,Wrong,0.11821515176012276,round,,D_local,S_final,10,10,22
grok-4.3,S2_1,37,2,3,Wrong,0.03741345300148158,round,,D_local,S_final,10,10,22
grok-4.3,S2_1,38,1,1,Correct,-0.12775141684362595,round,,D_local,S_final,10,10,22
grok-4.3,S2_1,38,1,2,Correct,-0.08833986720451592,round,,D_local,S_final,10,10,22
grok-4.3,S2_1,38,1,3,Correct,-0.13046654674638564,round,,D_local,S_final,10,10,22
grok-4.3,S2_1,38,2,1,Wrong,-0.15839823108480866,round,,D_local,S_final,10,10,22
grok-4.3,S2_1,38,2,2,Wrong,-0.1401709591269038,round,,D_local,S_final,10,10,22
grok-4.3,S2_1,38,2,3,Wrong,-0.15425065889640938,round,,D_local,S_final,10,10,22
grok-4.3,S2_1,39,1,1,Correct,-0.0179079677587769,round,,D_local,S_final,10,10,22
grok-4.3,S2_1,39,1,2,Correct,-0.0438418546532412,round,,D_local,S_final,10,10,22
grok-4.3,S2_1,39,1,3,Correct,-0.05240412405534589,round,,D_local,S_final,10,10,22
grok-4.3,S2_1,39,2,1,Wrong,0.12168141448114689,round,,D_local,S_final,10,10,22
grok-4.3,S2_1,39,2,2,Correct,0.12895724251927843,round,,D_local,S_final,10,10,22
grok-4.3,S2_1,39,2,3,Correct,0.13426497598239318,round,,D_local,S_final,10,10,22
grok-4.3,S2_1,40,1,1,Correct,0.1090165071138699,round,,D_local,S_final,10,10,22
grok-4.3,S2_1,40,1,2,Correct,0.07837220921955346,round,,D_local,S_final,10,10,22
grok-4.3,S2_1,40,1,3,Correct,0.11655376553036001,round,,D_local,S_final,10,10,22
grok-4.3,S2_1,40,2,1,Wrong,0.0865276400331576,round,,D_local,S_final,10,10,22
grok-4.3,S2_1,40,2,2,Wrong,0.07724766039656106,round,,D_local,S_final,10,10,22
grok-4.3,S2_1,40,2,3,Wrong,0.10162329842500728,round,,D_local,S_final,10,10,22
grok-4.3,S2_1,40,3,1,Correct,0.0554257130180017,round,,D_local,S_final,10,10,22
grok-4.3,S2_1,40,3,2,Correct,0.04676302468049298,round,,D_local,S_final,10,10,22
grok-4.3,S2_1,40,3,3,Correct,0.032431696687352796,round,,D_local,S_final,10,10,22
grok-4.3,S2_1,40,4,1,Wrong,0.025198251277937733,round,,D_local,S_final,10,10,22
grok-4.3,S2_1,40,4,2,Wrong,0.04190616542129688,round,,D_local,S_final,10,10,22
grok-4.3,S2_1,40,4,3,Wrong,0.02602524415381058,round,,D_local,S_final,10,10,22
grok-4.3,S2_1,40,5,1,Wrong,0.06558493631802897,round,,D_local,S_final,10,10,22
grok-4.3,S2_1,40,5,2,Wrong,0.05559410718579605,round,,D_local,S_final,10,10,22
grok-4.3,S2_1,40,5,3,Wrong,0.04933876568518769,round,,D_local,S_final,10,10,22
grok-4.3,S2_1,40,6,1,Correct,0.08478510431471542,round,,D_local,S_final,10,10,22
grok-4.3,S2_1,40,6,2,Correct,0.04389150843515244,round,,D_local,S_final,10,10,22
grok-4.3,S2_1,40,6,3,Correct,0.08009477825940758,round,,D_local,S_final,10,10,22
grok-4.3,S2_1,41,1,1,Wrong,0.08022010123731227,round,,D_local,S_final,10,10,22
grok-4.3,S2_1,41,1,2,Wrong,0.07791472857778703,round,,D_local,S_final,10,10,22
grok-4.3,S2_1,41,1,3,Wrong,0.07562657843796827,round,,D_local,S_final,10,10,22
grok-4.3,S2_1,42,1,1,Wrong,-0.0328575094253476,round,,D_local,S_final,10,10,22
grok-4.3,S2_1,42,1,2,Wrong,-0.04434904924645933,round,,D_local,S_final,10,10,22
grok-4.3,S2_1,42,1,3,Wrong,-0.05289329588175429,round,,D_local,S_final,10,10,22
grok-4.3,S2_1,43,1,1,Wrong,-0.04910079196563799,round,,D_local,S_final,10,10,22
grok-4.3,S2_1,43,1,2,Wrong,-0.038581319080463805,round,,D_local,S_final,10,10,22
grok-4.3,S2_1,43,1,3,Wrong,-0.04008564608245535,round,,D_local,S_final,10,10,22
grok-4.3,S2_1,44,1,1,Correct,0.10424496512991255,round,,D_local,S_final,10,10,22
grok-4.3,S2_1,44,1,2,Correct,0.1634823932317283,round,,D_local,S_final,10,10,22
grok-4.3,S2_1,44,1,3,Correct,0.08292194529669472,round,,D_local,S_final,10,10,22
grok-4.3,S2_1,45,1,1,Correct,0.13952522720483485,round,,D_local,S_final,10,10,22
grok-4.3,S2_1,45,1,2,Correct,0.14512838388601235,round,,D_local,S_final,10,10,22
grok-4.3,S2_1,45,1,3,Correct,0.15346797384815314,round,,D_local,S_final,10,10,22
grok-4.3,S2_1,45,2,1,Wrong,-0.0334982753234484,round,,D_local,S_final,10,10,22
grok-4.3,S2_1,45,2,2,Wrong,-0.06287904375292597,round,,D_local,S_final,10,10,22
grok-4.3,S2_1,45,2,3,Wrong,-0.05105890793944623,round,,D_local,S_final,10,10,22
grok-4.3,S2_1,45,3,1,Wrong,-0.05863929206900276,round,,D_local,S_final,10,10,22
grok-4.3,S2_1,45,3,2,Wrong,-0.06398208967425878,round,,D_local,S_final,10,10,22
grok-4.3,S2_1,45,3,3,Wrong,-0.04352977549781156,round,,D_local,S_final,10,10,22
grok-4.3,S2_1,46,1,1,Correct,0.0829158617367668,round,,D_local,S_final,10,10,22
grok-4.3,S2_1,46,1,2,Correct,0.12464822914377649,round,,D_local,S_final,10,10,22
grok-4.3,S2_1,46,1,3,Correct,0.06921802696926271,round,,D_local,S_final,10,10,22
grok-4.3,S2_1,46,2,1,Correct,0.0515968628245187,round,,D_local,S_final,10,10,22
grok-4.3,S2_1,46,2,2,Correct,0.06556416242294771,round,,D_local,S_final,10,10,22
grok-4.3,S2_1,46,2,3,Correct,0.05087230208188964,round,,D_local,S_final,10,10,22
grok-4.3,S2_1,47,1,1,Correct,0.13128957807552732,round,,D_local,S_final,10,10,22
grok-4.3,S2_1,47,1,2,Correct,0.12455937392909067,round,,D_local,S_final,10,10,22
grok-4.3,S2_1,47,1,3,Correct,0.10774354262301522,round,,D_local,S_final,10,10,22
grok-4.3,S2_1,47,2,1,Correct,0.03464839074419401,round,,D_local,S_final,10,10,22
grok-4.3,S2_1,47,2,2,Correct,0.03161567070299165,round,,D_local,S_final,10,10,22
grok-4.3,S2_1,47,2,3,Correct,0.05872096926475612,round,,D_local,S_final,10,10,22
grok-4.3,S2_1,48,1,1,Correct,0.11821951895150795,round,,D_local,S_final,10,10,22
grok-4.3,S2_1,48,1,2,Correct,0.08859120826384237,round,,D_local,S_final,10,10,22
grok-4.3,S2_1,48,1,3,Correct,0.09843944313527542,round,,D_local,S_final,10,10,22
grok-4.3,S2_1,48,2,1,Wrong,-0.004268256831801653,round,,D_local,S_final,10,10,22
grok-4.3,S2_1,48,2,2,Correct,0.010736823923422567,round,,D_local,S_final,10,10,22
grok-4.3,S2_1,48,2,3,Correct,-0.051420042885074735,round,,D_local,S_final,10,10,22
grok-4.3,S2_1,49,1,1,Correct,0.08913746547203893,round,,D_local,S_final,10,10,22
grok-4.3,S2_1,49,1,2,Correct,0.04370270928227438,round,,D_local,S_final,10,10,22
grok-4.3,S2_1,49,1,3,Correct,0.08451797327168431,round,,D_local,S_final,10,10,22
grok-4.3,S2_1,50,1,1,Correct,0.062064140732406625,round,,D_local,S_final,10,10,22
grok-4.3,S2_1,50,1,2,Correct,0.049361858084377264,round,,D_local,S_final,10,10,22
grok-4.3,S2_1,50,1,3,Correct,0.04829971719502735,round,,D_local,S_final,10,10,22
grok-4.3,S2_1,51,1,1,Wrong,0.13950968457590907,round,,D_local,S_final,10,10,22
grok-4.3,S2_1,51,1,2,Correct,0.15898386623411986,round,,D_local,S_final,10,10,22
grok-4.3,S2_1,51,1,3,Correct,0.13581125043781217,round,,D_local,S_final,10,10,22
grok-4.3,S2_1,52,1,1,Correct,0.1818685367451407,round,,D_local,S_final,10,10,22
grok-4.3,S2_1,52,1,2,Correct,0.1403723714414402,round,,D_local,S_final,10,10,22
grok-4.3,S2_1,52,1,3,Correct,0.14484664042399664,round,,D_local,S_final,10,10,22
grok-4.3,S2_1,53,1,1,Correct,0.022095092893438473,round,,D_local,S_final,10,10,22
grok-4.3,S2_1,53,1,2,Correct,0.015566157869586261,round,,D_local,S_final,10,10,22
grok-4.3,S2_1,53,1,3,Correct,0.010829717485353774,round,,D_local,S_final,10,10,22
grok-4.3,S2_1,53,2,1,Correct,0.10267759869624937,round,,D_local,S_final,10,10,22
grok-4.3,S2_1,53,2,2,Correct,0.08193238592240837,round,,D_local,S_final,10,10,22
grok-4.3,S2_1,53,2,3,Correct,0.07196982079221981,round,,D_local,S_final,10,10,22
grok-4.3,S2_1,54,1,1,Correct,-0.12947823364562638,round,,D_local,S_final,10,10,22
grok-4.3,S2_1,54,1,2,Correct,-0.10214500113911629,round,,D_local,S_final,10,10,22
grok-4.3,S2_1,54,1,3,Correct,-0.09062450148671664,round,,D_local,S_final,10,10,22
grok-4.3,S2_1,54,2,1,Correct,0.106544992929693,round,,D_local,S_final,10,10,22
grok-4.3,S2_1,54,2,2,Correct,0.1093875804503216,round,,D_local,S_final,10,10,22
grok-4.3,S2_1,54,2,3,Correct,0.10983339806593306,round,,D_local,S_final,10,10,22
grok-4.3,S2_1,55,1,1,Wrong,-0.020380344163329567,round,,D_local,S_final,10,10,22
grok-4.3,S2_1,55,1,2,Wrong,-0.034568804853805424,round,,D_local,S_final,10,10,22
grok-4.3,S2_1,55,1,3,Correct,-0.021308513776229443,round,,D_local,S_final,10,10,22
grok-4.3,S2_1,55,2,1,Correct,0.11951354957977534,round,,D_local,S_final,10,10,22
grok-4.3,S2_1,55,2,2,Correct,0.09631417305709455,round,,D_local,S_final,10,10,22
grok-4.3,S2_1,55,2,3,Correct,0.12582848324725127,round,,D_local,S_final,10,10,22
grok-4.3,S2_1,56,1,1,Wrong,-0.02094341797576227,round,,D_local,S_final,10,10,22
grok-4.3,S2_1,56,1,2,Wrong,0.014524024464635965,round,,D_local,S_final,10,10,22
grok-4.3,S2_1,56,1,3,Wrong,-0.012432847164744576,round,,D_local,S_final,10,10,22
grok-4.3,S2_1,56,2,1,Correct,0.05354799463822457,round,,D_local,S_final,10,10,22
grok-4.3,S2_1,56,2,2,Correct,0.058660322649624286,round,,D_local,S_final,10,10,22
grok-4.3,S2_1,56,2,3,Correct,0.05141311429322604,round,,D_local,S_final,10,10,22
grok-4.3,S2_1,57,1,1,Correct,-0.08604321300418594,round,,D_local,S_final,10,10,22
grok-4.3,S2_1,57,1,2,Correct,-0.09095280074928236,round,,D_local,S_final,10,10,22
grok-4.3,S2_1,57,1,3,Correct,-0.08645311703522157,round,,D_local,S_final,10,10,22
grok-4.3,S2_1,57,2,1,Correct,-0.20129188100265405,round,,D_local,S_final,10,10,22
grok-4.3,S2_1,57,2,2,Wrong,-0.20137996361146365,round,,D_local,S_final,10,10,22
grok-4.3,S2_1,57,2,3,Wrong,-0.1926820311852923,round,,D_local,S_final,10,10,22
grok-4.3,S2_1,58,1,1,Correct,0.003717220134672239,round,,D_local,S_final,10,10,22
grok-4.3,S2_1,58,1,2,Correct,-0.011265246623315739,round,,D_local,S_final,10,10,22
grok-4.3,S2_1,58,1,3,Correct,0.01213013746123448,round,,D_local,S_final,10,10,22
grok-4.3,S2_1,58,2,1,Correct,0.04333243407575105,round,,D_local,S_final,10,10,22
grok-4.3,S2_1,58,2,2,Correct,0.04900677813759968,round,,D_local,S_final,10,10,22
grok-4.3,S2_1,58,2,3,Correct,0.03010610037456729,round,,D_local,S_final,10,10,22
grok-4.3,S2_1,59,1,1,Correct,-0.07046215682383344,round,,D_local,S_final,10,10,22
grok-4.3,S2_1,59,1,2,Correct,-0.04920155325907549,round,,D_local,S_final,10,10,22
grok-4.3,S2_1,59,1,3,Correct,-0.07175484248961139,round,,D_local,S_final,10,10,22
grok-4.3,S2_1,59,2,1,Correct,0.07472245933552946,round,,D_local,S_final,10,10,22
grok-4.3,S2_1,59,2,2,Correct,0.08915937133375168,round,,D_local,S_final,10,10,22
grok-4.3,S2_1,59,2,3,Correct,0.09186916754312713,round,,D_local,S_final,10,10,22
grok-4.3,S2_1,60,1,1,Correct,-0.11236274549291914,round,,D_local,S_final,10,10,22
grok-4.3,S2_1,60,1,2,Correct,-0.11902043076514701,round,,D_local,S_final,10,10,22
grok-4.3,S2_1,60,1,3,Correct,-0.10059672243120299,round,,D_local,S_final,10,10,22
grok-4.3,S2_1,60,2,1,Correct,0.1258820084939466,round,,D_local,S_final,10,10,22
grok-4.3,S2_1,60,2,2,Correct,0.14982735594309182,round,,D_local,S_final,10,10,22
grok-4.3,S2_1,60,2,3,Correct,0.09897386047533463,round,,D_local,S_final,10,10,22
grok-4.3,S2_1,61,1,1,Correct,-0.05664474022750399,round,,D_local,S_final,10,10,22
grok-4.3,S2_1,61,1,2,Correct,-0.08270966368520072,round,,D_local,S_final,10,10,22
grok-4.3,S2_1,61,1,3,Correct,-0.0783731466314771,round,,D_local,S_final,10,10,22
grok-4.3,S2_1,61,2,1,Wrong,0.09995991753984956,round,,D_local,S_final,10,10,22
grok-4.3,S2_1,61,2,2,Wrong,0.1178604967486877,round,,D_local,S_final,10,10,22
grok-4.3,S2_1,61,2,3,Wrong,0.12287536789742981,round,,D_local,S_final,10,10,22
grok-4.3,S2_1,62,1,1,Correct,0.007994336302077909,round,,D_local,S_final,10,10,22
grok-4.3,S2_1,62,1,2,Correct,0.017234285543682337,round,,D_local,S_final,10,10,22
grok-4.3,S2_1,62,1,3,Correct,0.029883448649095423,round,,D_local,S_final,10,10,22
grok-4.3,S2_1,62,2,1,Correct,0.032109405546276504,round,,D_local,S_final,10,10,22
grok-4.3,S2_1,62,2,2,Correct,0.02589125394800662,round,,D_local,S_final,10,10,22
grok-4.3,S2_1,62,2,3,Correct,0.021844443931091195,round,,D_local,S_final,10,10,22
grok-4.3,S2_1,63,1,1,Correct,0.007332157431323982,round,,D_local,S_final,10,10,22
grok-4.3,S2_1,63,1,2,Correct,0.006992018674256029,round,,D_local,S_final,10,10,22
grok-4.3,S2_1,63,1,3,Correct,0.014798276991691561,round,,D_local,S_final,10,10,22
grok-4.3,S2_1,63,2,1,Correct,0.024645813534063143,round,,D_local,S_final,10,10,22
grok-4.3,S2_1,63,2,2,Correct,0.01399543775474732,round,,D_local,S_final,10,10,22
grok-4.3,S2_1,63,2,3,Correct,0.02427370728648426,round,,D_local,S_final,10,10,22
grok-4.3,S2_1,64,1,1,Correct,0.05470185397798555,round,,D_local,S_final,10,10,22
grok-4.3,S2_1,64,1,2,Correct,0.02031476756385009,round,,D_local,S_final,10,10,22
grok-4.3,S2_1,64,1,3,Correct,0.09158401736098021,round,,D_local,S_final,10,10,22
grok-4.3,S2_1,64,2,1,Correct,0.05620244329622881,round,,D_local,S_final,10,10,22
grok-4.3,S2_1,64,2,2,Correct,0.044582242852616694,round,,D_local,S_final,10,10,22
grok-4.3,S2_1,64,2,3,Correct,0.04556009417731843,round,,D_local,S_final,10,10,22
grok-4.3,S3_1,1,1,1,Correct,0.12312920089774448,round,,D_local,S_final,10,10,22
grok-4.3,S3_1,1,1,2,Correct,0.13310720478911642,round,,D_local,S_final,10,10,22
grok-4.3,S3_1,1,1,3,Correct,0.1149730868164267,round,,D_local,S_final,10,10,22
grok-4.3,S3_1,1,2,1,Correct,0.029752303664560276,round,,D_local,S_final,10,10,22
grok-4.3,S3_1,1,2,2,Correct,0.025319750916996786,round,,D_local,S_final,10,10,22
grok-4.3,S3_1,1,2,3,Correct,0.039111350740448025,round,,D_local,S_final,10,10,22
grok-4.3,S3_1,1,3,1,Correct,-0.02081795025868205,round,,D_local,S_final,10,10,22
grok-4.3,S3_1,1,3,2,Correct,-0.01005428316114998,round,,D_local,S_final,10,10,22
grok-4.3,S3_1,1,3,3,Correct,-0.005610461666240463,round,,D_local,S_final,10,10,22
grok-4.3,S3_1,1,4,1,Correct,0.07929789593649383,round,,D_local,S_final,10,10,22
grok-4.3,S3_1,1,4,2,Correct,0.06422240683577618,round,,D_local,S_final,10,10,22
grok-4.3,S3_1,1,4,3,Correct,0.07141831126902598,round,,D_local,S_final,10,10,22
grok-4.3,S3_1,1,5,1,Correct,0.0799992041035944,round,,D_local,S_final,10,10,22
grok-4.3,S3_1,1,5,2,Correct,0.08983412486984244,round,,D_local,S_final,10,10,22
grok-4.3,S3_1,1,5,3,Correct,0.09492822972791004,round,,D_local,S_final,10,10,22
grok-4.3,S3_1,2,1,1,Correct,0.27330953109616735,round,,D_local,S_final,10,10,22
grok-4.3,S3_1,2,1,2,Correct,0.22034691773585047,round,,D_local,S_final,10,10,22
grok-4.3,S3_1,2,1,3,Correct,0.25515000495027096,round,,D_local,S_final,10,10,22
grok-4.3,S3_1,3,1,1,Correct,0.22656298358358573,round,,D_local,S_final,10,10,22
grok-4.3,S3_1,3,1,2,Correct,0.24793478820280346,round,,D_local,S_final,10,10,22
grok-4.3,S3_1,3,1,3,Correct,0.24717909416565914,round,,D_local,S_final,10,10,22
grok-4.3,S3_1,3,2,1,Correct,0.2876804889153871,round,,D_local,S_final,10,10,22
grok-4.3,S3_1,3,2,2,Correct,0.29914813255912753,round,,D_local,S_final,10,10,22
grok-4.3,S3_1,3,2,3,Correct,0.23977848144382263,round,,D_local,S_final,10,10,22
grok-4.3,S3_1,4,1,1,Correct,0.13462369531868423,round,,D_local,S_final,10,10,22
grok-4.3,S3_1,4,1,2,Correct,0.13411091808704523,round,,D_local,S_final,10,10,22
grok-4.3,S3_1,4,1,3,Correct,0.13110501493357085,round,,D_local,S_final,10,10,22
grok-4.3,S3_1,4,2,1,Wrong,0.11364822345281922,round,,D_local,S_final,10,10,22
grok-4.3,S3_1,4,2,2,Wrong,0.11193916938775317,round,,D_local,S_final,10,10,22
grok-4.3,S3_1,4,2,3,Wrong,0.10610095201845327,round,,D_local,S_final,10,10,22
grok-4.3,S3_1,4,3,1,Correct,0.06688112594967555,round,,D_local,S_final,10,10,22
grok-4.3,S3_1,4,3,2,Correct,0.07661156031195349,round,,D_local,S_final,10,10,22
grok-4.3,S3_1,4,3,3,Correct,0.0728726405416541,round,,D_local,S_final,10,10,22
grok-4.3,S3_1,5,1,1,Wrong,0.12576766847325194,round,,D_local,S_final,10,10,22
grok-4.3,S3_1,5,1,2,Correct,0.09768873539691458,round,,D_local,S_final,10,10,22
grok-4.3,S3_1,5,1,3,Correct,0.11735742261535476,round,,D_local,S_final,10,10,22
grok-4.3,S3_1,5,2,1,Correct,0.07735053628388266,round,,D_local,S_final,10,10,22
grok-4.3,S3_1,5,2,2,Correct,0.08975701376380085,round,,D_local,S_final,10,10,22
grok-4.3,S3_1,5,2,3,Correct,0.06887006254664796,round,,D_local,S_final,10,10,22
grok-4.3,S3_1,5,3,1,Correct,0.08172296850716809,round,,D_local,S_final,10,10,22
grok-4.3,S3_1,5,3,2,Wrong,0.08095924232928264,round,,D_local,S_final,10,10,22
grok-4.3,S3_1,5,3,3,Correct,0.10548928621226306,round,,D_local,S_final,10,10,22
grok-4.3,S3_1,6,1,1,Correct,0.10667172729880392,round,,D_local,S_final,10,10,22
grok-4.3,S3_1,6,1,2,Correct,0.0849889147893742,round,,D_local,S_final,10,10,22
grok-4.3,S3_1,6,1,3,Correct,0.11046399331185819,round,,D_local,S_final,10,10,22
grok-4.3,S3_1,6,2,1,Correct,0.047386797199534314,round,,D_local,S_final,10,10,22
grok-4.3,S3_1,6,2,2,Correct,0.0234147485662195,round,,D_local,S_final,10,10,22
grok-4.3,S3_1,6,2,3,Wrong,-0.031342239807531036,round,,D_local,S_final,10,10,22
grok-4.3,S3_1,6,3,1,Correct,0.06466458290574129,round,,D_local,S_final,10,10,22
grok-4.3,S3_1,6,3,2,Correct,0.07261367734743829,round,,D_local,S_final,10,10,22
grok-4.3,S3_1,6,3,3,Correct,0.048976215453355065,round,,D_local,S_final,10,10,22
grok-4.3,S3_1,7,1,1,Correct,0.1512882479799672,round,,D_local,S_final,10,10,22
grok-4.3,S3_1,7,1,2,Correct,0.15289354483975526,round,,D_local,S_final,10,10,22
grok-4.3,S3_1,7,1,3,Correct,0.12179155236080741,round,,D_local,S_final,10,10,22
grok-4.3,S3_1,7,2,1,Correct,0.09615057898343371,round,,D_local,S_final,10,10,22
grok-4.3,S3_1,7,2,2,Correct,0.1163455500659506,round,,D_local,S_final,10,10,22
grok-4.3,S3_1,7,2,3,Correct,0.12638240744776452,round,,D_local,S_final,10,10,22
grok-4.3,S3_1,7,3,1,Wrong,-0.02124310254061368,round,,D_local,S_final,10,10,22
grok-4.3,S3_1,7,3,2,Wrong,-0.01648052024220581,round,,D_local,S_final,10,10,22
grok-4.3,S3_1,7,3,3,Wrong,-0.04789170328965453,round,,D_local,S_final,10,10,22
grok-4.3,S3_1,7,4,1,Correct,-0.011948166919615644,round,,D_local,S_final,10,10,22
grok-4.3,S3_1,7,4,2,Correct,0.038337116574883257,round,,D_local,S_final,10,10,22
grok-4.3,S3_1,7,4,3,Correct,-0.006765556175552967,round,,D_local,S_final,10,10,22
grok-4.3,S3_1,7,5,1,Correct,0.0928202729622225,round,,D_local,S_final,10,10,22
grok-4.3,S3_1,7,5,2,Correct,0.0619296399893734,round,,D_local,S_final,10,10,22
grok-4.3,S3_1,7,5,3,Correct,0.05752088620553819,round,,D_local,S_final,10,10,22
grok-4.3,S3_1,7,6,1,Wrong,-0.027768746068972283,round,,D_local,S_final,10,10,22
grok-4.3,S3_1,7,6,2,Wrong,-0.023389326736871108,round,,D_local,S_final,10,10,22
grok-4.3,S3_1,7,6,3,Wrong,-0.006463175192306547,round,,D_local,S_final,10,10,22
grok-4.3,S3_1,7,7,1,Wrong,0.06289775972083445,round,,D_local,S_final,10,10,22
grok-4.3,S3_1,7,7,2,Wrong,0.09291837418540028,round,,D_local,S_final,10,10,22
grok-4.3,S3_1,7,7,3,Wrong,0.0722105688269512,round,,D_local,S_final,10,10,22
grok-4.3,S3_1,7,8,1,Correct,0.016945033860248482,round,,D_local,S_final,10,10,22
grok-4.3,S3_1,7,8,2,Correct,0.1217832422562275,round,,D_local,S_final,10,10,22
grok-4.3,S3_1,7,8,3,Correct,0.04481696670058477,round,,D_local,S_final,10,10,22
grok-4.3,S3_1,7,9,1,Correct,0.10278203911078954,round,,D_local,S_final,10,10,22
grok-4.3,S3_1,7,9,2,Correct,0.11711768499975261,round,,D_local,S_final,10,10,22
grok-4.3,S3_1,7,9,3,Correct,0.12195717659567995,round,,D_local,S_final,10,10,22
grok-4.3,S3_1,7,10,1,Wrong,-0.009250491589383292,round,,D_local,S_final,10,10,22
grok-4.3,S3_1,7,10,2,Wrong,-0.008631322276873576,round,,D_local,S_final,10,10,22
grok-4.3,S3_1,7,10,3,Wrong,-0.03222719924925588,round,,D_local,S_final,10,10,22
grok-4.3,S3_1,7,11,1,Correct,0.08896211223436368,round,,D_local,S_final,10,10,22
grok-4.3,S3_1,7,11,2,Correct,0.06583981296829111,round,,D_local,S_final,10,10,22
grok-4.3,S3_1,7,11,3,Correct,0.08212120716805371,round,,D_local,S_final,10,10,22
grok-4.3,S3_1,8,1,1,Correct,0.10862195478008774,round,,D_local,S_final,10,10,22
grok-4.3,S3_1,8,1,2,Correct,0.057573189490498944,round,,D_local,S_final,10,10,22
grok-4.3,S3_1,8,1,3,Correct,0.08762900354709768,round,,D_local,S_final,10,10,22
grok-4.3,S3_1,8,2,1,Correct,0.03800295093802064,round,,D_local,S_final,10,10,22
grok-4.3,S3_1,8,2,2,Correct,0.06332543729097462,round,,D_local,S_final,10,10,22
grok-4.3,S3_1,8,2,3,Correct,0.04003025837034235,round,,D_local,S_final,10,10,22
grok-4.3,S3_1,8,3,1,Wrong,0.03291518052083897,round,,D_local,S_final,10,10,22
grok-4.3,S3_1,8,3,2,Wrong,0.0003797701116557972,round,,D_local,S_final,10,10,22
grok-4.3,S3_1,8,3,3,Wrong,0.02412853086976252,round,,D_local,S_final,10,10,22
grok-4.3,S3_1,8,4,1,Wrong,-0.06074372766963343,round,,D_local,S_final,10,10,22
grok-4.3,S3_1,8,4,2,Wrong,-0.05937935898527724,round,,D_local,S_final,10,10,22
grok-4.3,S3_1,8,4,3,Wrong,-0.0640268553845239,round,,D_local,S_final,10,10,22
grok-4.3,S3_1,9,1,1,Correct,0.04895999472912693,round,,D_local,S_final,10,10,22
grok-4.3,S3_1,9,1,2,Correct,0.049618822614971414,round,,D_local,S_final,10,10,22
grok-4.3,S3_1,9,1,3,Correct,0.04367472408437356,round,,D_local,S_final,10,10,22
grok-4.3,S3_1,9,2,1,Wrong,0.06317926041364008,round,,D_local,S_final,10,10,22
grok-4.3,S3_1,9,2,2,Wrong,0.039091337644359236,round,,D_local,S_final,10,10,22
grok-4.3,S3_1,9,2,3,Wrong,0.03920260753622806,round,,D_local,S_final,10,10,22
grok-4.3,S3_1,9,3,1,Correct,0.0806840688609427,round,,D_local,S_final,10,10,22
grok-4.3,S3_1,9,3,2,Correct,0.04984862045929772,round,,D_local,S_final,10,10,22
grok-4.3,S3_1,9,3,3,Correct,0.0475389183742998,round,,D_local,S_final,10,10,22
grok-4.3,S3_1,10,1,1,Correct,0.11401588528608975,round,,D_local,S_final,10,10,22
grok-4.3,S3_1,10,1,2,Correct,0.08698935457008772,round,,D_local,S_final,10,10,22
grok-4.3,S3_1,10,1,3,Wrong,0.0994703330081883,round,,D_local,S_final,10,10,22
grok-4.3,S3_1,10,2,1,Correct,0.11854282348142975,round,,D_local,S_final,10,10,22
grok-4.3,S3_1,10,2,2,Correct,0.12853407498718583,round,,D_local,S_final,10,10,22
grok-4.3,S3_1,10,2,3,Correct,0.10978467840457307,round,,D_local,S_final,10,10,22
grok-4.3,S3_1,11,1,1,Correct,0.07715712519852036,round,,D_local,S_final,10,10,22
grok-4.3,S3_1,11,1,2,Correct,0.054902502003870035,round,,D_local,S_final,10,10,22
grok-4.3,S3_1,11,1,3,Wrong,0.07185417659262927,round,,D_local,S_final,10,10,22
grok-4.3,S3_1,12,1,1,Wrong,0.0013284367737459446,round,,D_local,S_final,10,10,22
grok-4.3,S3_1,12,1,2,Wrong,-0.019186245943441982,round,,D_local,S_final,10,10,22
grok-4.3,S3_1,12,1,3,Wrong,0.016683842680051075,round,,D_local,S_final,10,10,22
grok-4.3,S3_1,13,1,1,Correct,0.18243392505158185,round,,D_local,S_final,10,10,22
grok-4.3,S3_1,13,1,2,Correct,0.17538899079539194,round,,D_local,S_final,10,10,22
grok-4.3,S3_1,13,1,3,Correct,0.1620108484661812,round,,D_local,S_final,10,10,22
grok-4.3,S3_1,13,2,1,Correct,0.014786210343523787,round,,D_local,S_final,10,10,22
grok-4.3,S3_1,13,2,2,Correct,0.012110020401405963,round,,D_local,S_final,10,10,22
grok-4.3,S3_1,13,2,3,Correct,0.0035463854498091196,round,,D_local,S_final,10,10,22
grok-4.3,S3_1,13,3,1,Wrong,0.013911780299533216,round,,D_local,S_final,10,10,22
grok-4.3,S3_1,13,3,2,Wrong,0.021367989612055438,round,,D_local,S_final,10,10,22
grok-4.3,S3_1,13,3,3,Wrong,0.0026812628717807208,round,,D_local,S_final,10,10,22
grok-4.3,S3_1,14,1,1,Wrong,0.04784817684906162,round,,D_local,S_final,10,10,22
grok-4.3,S3_1,14,1,2,Wrong,0.07096358910581091,round,,D_local,S_final,10,10,22
grok-4.3,S3_1,14,1,3,Wrong,0.054061694629424895,round,,D_local,S_final,10,10,22
grok-4.3,S3_1,15,1,1,Wrong,-0.04107024676493576,round,,D_local,S_final,10,10,22
grok-4.3,S3_1,15,1,2,Correct,-0.05006776074496633,round,,D_local,S_final,10,10,22
grok-4.3,S3_1,15,1,3,Correct,-0.03714846111662573,round,,D_local,S_final,10,10,22
grok-4.3,S3_1,16,1,1,Correct,0.17277187296167618,round,,D_local,S_final,10,10,22
grok-4.3,S3_1,16,1,2,Correct,0.16733529360267785,round,,D_local,S_final,10,10,22
grok-4.3,S3_1,16,1,3,Correct,0.18437034601137825,round,,D_local,S_final,10,10,22
grok-4.3,S3_1,17,1,1,Correct,0.10174714394277318,round,,D_local,S_final,10,10,22
grok-4.3,S3_1,17,1,2,Correct,0.06443818612095153,round,,D_local,S_final,10,10,22
grok-4.3,S3_1,17,1,3,Correct,0.0797017066728749,round,,D_local,S_final,10,10,22
grok-4.3,S3_1,18,1,1,Correct,0.15087443676865042,round,,D_local,S_final,10,10,22
grok-4.3,S3_1,18,1,2,Correct,0.1423173551802921,round,,D_local,S_final,10,10,22
grok-4.3,S3_1,18,1,3,Correct,0.1362120762917557,round,,D_local,S_final,10,10,22
grok-4.3,S3_1,19,1,1,Wrong,0.10331573005130679,round,,D_local,S_final,10,10,22
grok-4.3,S3_1,19,1,2,Wrong,0.10502931160330786,round,,D_local,S_final,10,10,22
grok-4.3,S3_1,19,1,3,Wrong,0.08129610967855805,round,,D_local,S_final,10,10,22
grok-4.3,S3_1,20,1,1,Correct,0.055608144403471504,round,,D_local,S_final,10,10,22
grok-4.3,S3_1,20,1,2,Correct,0.12785952289612346,round,,D_local,S_final,10,10,22
grok-4.3,S3_1,20,1,3,Correct,0.06790509849491844,round,,D_local,S_final,10,10,22
grok-4.3,S3_1,21,1,1,Correct,0.10240085581413338,round,,D_local,S_final,10,10,22
grok-4.3,S3_1,21,1,2,Wrong,0.04108680882635851,round,,D_local,S_final,10,10,22
grok-4.3,S3_1,21,1,3,Wrong,0.05471223176011408,round,,D_local,S_final,10,10,22
grok-4.3,S3_1,22,1,1,Correct,0.048259722122905524,round,,D_local,S_final,10,10,22
grok-4.3,S3_1,22,1,2,Correct,0.038470230236984704,round,,D_local,S_final,10,10,22
grok-4.3,S3_1,22,1,3,Correct,0.03730987696123511,round,,D_local,S_final,10,10,22
grok-4.3,S3_1,23,1,1,Correct,0.03502042815208084,round,,D_local,S_final,10,10,22
grok-4.3,S3_1,23,1,2,Correct,0.04227636785905686,round,,D_local,S_final,10,10,22
grok-4.3,S3_1,23,1,3,Correct,0.029746662972663596,round,,D_local,S_final,10,10,22
grok-4.3,S3_1,24,1,1,Correct,0.04541918179478288,round,,D_local,S_final,10,10,22
grok-4.3,S3_1,24,1,2,Correct,0.05266004072418684,round,,D_local,S_final,10,10,22
grok-4.3,S3_1,24,1,3,Correct,0.059859273033310734,round,,D_local,S_final,10,10,22
grok-4.3,S3_1,25,1,1,Correct,0.007361353622809652,round,,D_local,S_final,10,10,22
grok-4.3,S3_1,25,1,2,Correct,-0.024805427791171786,round,,D_local,S_final,10,10,22
grok-4.3,S3_1,25,1,3,Correct,-0.02115164616890075,round,,D_local,S_final,10,10,22
grok-4.3,S3_1,25,2,1,Correct,0.07324581841502109,round,,D_local,S_final,10,10,22
grok-4.3,S3_1,25,2,2,Correct,0.12179913116600549,round,,D_local,S_final,10,10,22
grok-4.3,S3_1,25,2,3,Correct,0.11772998052757877,round,,D_local,S_final,10,10,22
grok-4.3,S3_1,26,1,1,Correct,0.10933492464851724,round,,D_local,S_final,10,10,22
grok-4.3,S3_1,26,1,2,Correct,0.07256792859527095,round,,D_local,S_final,10,10,22
grok-4.3,S3_1,26,1,3,Correct,0.07730364026026737,round,,D_local,S_final,10,10,22
grok-4.3,S3_1,26,2,1,Correct,0.049865144912517034,round,,D_local,S_final,10,10,22
grok-4.3,S3_1,26,2,2,Correct,0.036497880651058856,round,,D_local,S_final,10,10,22
grok-4.3,S3_1,26,2,3,Correct,0.06973242816409164,round,,D_local,S_final,10,10,22
grok-4.3,S3_1,26,3,1,Correct,0.056707770413065406,round,,D_local,S_final,10,10,22
grok-4.3,S3_1,26,3,2,Correct,0.03260237737391536,round,,D_local,S_final,10,10,22
grok-4.3,S3_1,26,3,3,Correct,0.023988992917117646,round,,D_local,S_final,10,10,22
grok-4.3,S3_1,26,4,1,Correct,0.14975693906205456,round,,D_local,S_final,10,10,22
grok-4.3,S3_1,26,4,2,Correct,0.14185772944621522,round,,D_local,S_final,10,10,22
grok-4.3,S3_1,26,4,3,Correct,0.1598429066121727,round,,D_local,S_final,10,10,22
grok-4.3,S3_1,27,1,1,Correct,0.07456101107288349,round,,D_local,S_final,10,10,22
grok-4.3,S3_1,27,1,2,Correct,0.0798465024861933,round,,D_local,S_final,10,10,22
grok-4.3,S3_1,27,1,3,Correct,0.07878233941866186,round,,D_local,S_final,10,10,22
grok-4.3,S3_1,27,2,1,Correct,0.0025413354640059227,round,,D_local,S_final,10,10,22
grok-4.3,S3_1,27,2,2,Correct,0.055058779676033565,round,,D_local,S_final,10,10,22
grok-4.3,S3_1,27,2,3,Correct,0.029627543438581427,round,,D_local,S_final,10,10,22
grok-4.3,S3_1,27,3,1,Correct,0.030825946924565306,round,,D_local,S_final,10,10,22
grok-4.3,S3_1,27,3,2,Correct,0.0499938228389909,round,,D_local,S_final,10,10,22
grok-4.3,S3_1,27,3,3,Correct,0.01712980520647367,round,,D_local,S_final,10,10,22
grok-4.3,S3_1,27,4,1,Correct,0.2028148217577962,round,,D_local,S_final,10,10,22
grok-4.3,S3_1,27,4,2,Correct,0.17538686606911658,round,,D_local,S_final,10,10,22
grok-4.3,S3_1,27,4,3,Correct,0.19749586352915927,round,,D_local,S_final,10,10,22
grok-4.3,S3_1,28,1,1,Correct,0.026146277628623427,round,,D_local,S_final,10,10,22
grok-4.3,S3_1,28,1,2,Correct,0.031892659055371975,round,,D_local,S_final,10,10,22
grok-4.3,S3_1,28,1,3,Correct,0.0747130147059114,round,,D_local,S_final,10,10,22
grok-4.3,S3_1,28,2,1,Correct,-0.0332496092091803,round,,D_local,S_final,10,10,22
grok-4.3,S3_1,28,2,2,Correct,-0.024519306241940653,round,,D_local,S_final,10,10,22
grok-4.3,S3_1,28,2,3,Correct,-0.027829052630558904,round,,D_local,S_final,10,10,22
grok-4.3,S3_1,29,1,1,Correct,0.136689754725155,round,,D_local,S_final,10,10,22
grok-4.3,S3_1,29,1,2,Correct,0.08645694014347072,round,,D_local,S_final,10,10,22
grok-4.3,S3_1,29,1,3,Correct,0.041703694176696615,round,,D_local,S_final,10,10,22
grok-4.3,S3_1,29,2,1,Correct,-0.03608259912346207,round,,D_local,S_final,10,10,22
grok-4.3,S3_1,29,2,2,Correct,-0.03453564111279883,round,,D_local,S_final,10,10,22
grok-4.3,S3_1,29,2,3,Correct,-0.09017753752474233,round,,D_local,S_final,10,10,22
grok-4.3,S3_1,30,1,1,Correct,0.07958920584180529,round,,D_local,S_final,10,10,22
grok-4.3,S3_1,30,1,2,Correct,0.081113570960066,round,,D_local,S_final,10,10,22
grok-4.3,S3_1,30,1,3,Correct,0.10356061023202523,round,,D_local,S_final,10,10,22
grok-4.3,S3_1,30,2,1,Correct,-0.03183952087449682,round,,D_local,S_final,10,10,22
grok-4.3,S3_1,30,2,2,Correct,-0.018151784871122456,round,,D_local,S_final,10,10,22
grok-4.3,S3_1,30,2,3,Correct,-0.031144684067082595,round,,D_local,S_final,10,10,22
grok-4.3,S3_1,31,1,1,Correct,0.18265590058629155,round,,D_local,S_final,10,10,22
grok-4.3,S3_1,31,1,2,Wrong,0.15399850638670953,round,,D_local,S_final,10,10,22
grok-4.3,S3_1,31,1,3,Correct,0.16733248625830388,round,,D_local,S_final,10,10,22
grok-4.3,S3_1,32,1,1,Correct,0.14996248075065544,round,,D_local,S_final,10,10,22
grok-4.3,S3_1,32,1,2,Correct,0.12268641074171382,round,,D_local,S_final,10,10,22
grok-4.3,S3_1,32,1,3,Correct,0.09455785221608748,round,,D_local,S_final,10,10,22
grok-4.3,S3_1,33,1,1,Correct,0.12467318102778224,round,,D_local,S_final,10,10,22
grok-4.3,S3_1,33,1,2,Correct,0.14307755150425827,round,,D_local,S_final,10,10,22
grok-4.3,S3_1,33,1,3,Correct,0.10662470296201831,round,,D_local,S_final,10,10,22
grok-4.3,S3_1,34,1,1,Correct,0.020147441361288432,round,,D_local,S_final,10,10,22
grok-4.3,S3_1,34,1,2,Correct,0.0254352447686943,round,,D_local,S_final,10,10,22
grok-4.3,S3_1,34,1,3,Correct,-0.008904189562378928,round,,D_local,S_final,10,10,22
grok-4.3,S3_1,35,1,1,Wrong,0.013770498995751113,round,,D_local,S_final,10,10,22
grok-4.3,S3_1,35,1,2,Wrong,0.014286440000271128,round,,D_local,S_final,10,10,22
grok-4.3,S3_1,35,1,3,Wrong,0.06350156761706516,round,,D_local,S_final,10,10,22
grok-4.3,S3_1,36,1,1,Correct,0.11235850880589393,round,,D_local,S_final,10,10,22
grok-4.3,S3_1,36,1,2,Correct,0.13678800138265035,round,,D_local,S_final,10,10,22
grok-4.3,S3_1,36,1,3,Correct,0.13232890701570266,round,,D_local,S_final,10,10,22
grok-4.3,S3_1,36,2,1,Wrong,0.024818260928587743,round,,D_local,S_final,10,10,22
grok-4.3,S3_1,36,2,2,Wrong,0.05294801664144466,round,,D_local,S_final,10,10,22
grok-4.3,S3_1,36,2,3,Wrong,0.027539277764082826,round,,D_local,S_final,10,10,22
grok-4.3,S3_1,36,3,1,Correct,0.03634692367405068,round,,D_local,S_final,10,10,22
grok-4.3,S3_1,36,3,2,Correct,0.05321499201914692,round,,D_local,S_final,10,10,22
grok-4.3,S3_1,36,3,3,Correct,0.04856046424061622,round,,D_local,S_final,10,10,22
grok-4.3,S3_1,37,1,1,Correct,0.04194727390395392,round,,D_local,S_final,10,10,22
grok-4.3,S3_1,37,1,2,Correct,0.00033981372878000293,round,,D_local,S_final,10,10,22
grok-4.3,S3_1,37,1,3,Correct,0.007655636543677402,round,,D_local,S_final,10,10,22
grok-4.3,S3_1,37,2,1,Wrong,0.088686279304664,round,,D_local,S_final,10,10,22
grok-4.3,S3_1,37,2,2,Wrong,0.11987730149330666,round,,D_local,S_final,10,10,22
grok-4.3,S3_1,37,2,3,Wrong,0.0879802079200469,round,,D_local,S_final,10,10,22
grok-4.3,S3_1,38,1,1,Correct,-0.08887759922594818,round,,D_local,S_final,10,10,22
grok-4.3,S3_1,38,1,2,Correct,-0.08284820770888435,round,,D_local,S_final,10,10,22
grok-4.3,S3_1,38,1,3,Correct,-0.11702555182558261,round,,D_local,S_final,10,10,22
grok-4.3,S3_1,38,2,1,Wrong,-0.1559103679695224,round,,D_local,S_final,10,10,22
grok-4.3,S3_1,38,2,2,Wrong,-0.13041768622835193,round,,D_local,S_final,10,10,22
grok-4.3,S3_1,38,2,3,Wrong,-0.1612104713630716,round,,D_local,S_final,10,10,22
grok-4.3,S3_1,39,1,1,Correct,-0.038755910795897464,round,,D_local,S_final,10,10,22
grok-4.3,S3_1,39,1,2,Correct,-0.03254397186887514,round,,D_local,S_final,10,10,22
grok-4.3,S3_1,39,1,3,Correct,-0.025901201844232613,round,,D_local,S_final,10,10,22
grok-4.3,S3_1,39,2,1,Correct,0.16147762792582743,round,,D_local,S_final,10,10,22
grok-4.3,S3_1,39,2,2,Correct,0.16048893887260818,round,,D_local,S_final,10,10,22
grok-4.3,S3_1,39,2,3,Correct,0.14210260552875642,round,,D_local,S_final,10,10,22
grok-4.3,S3_1,40,1,1,Correct,0.11770793319256068,round,,D_local,S_final,10,10,22
grok-4.3,S3_1,40,1,2,Correct,0.12602365587052267,round,,D_local,S_final,10,10,22
grok-4.3,S3_1,40,1,3,Correct,0.08110716500007664,round,,D_local,S_final,10,10,22
grok-4.3,S3_1,40,2,1,Wrong,0.09323855309693863,round,,D_local,S_final,10,10,22
grok-4.3,S3_1,40,2,2,Wrong,0.07416081719946699,round,,D_local,S_final,10,10,22
grok-4.3,S3_1,40,2,3,Wrong,0.07755627929025422,round,,D_local,S_final,10,10,22
grok-4.3,S3_1,40,3,1,Correct,0.0628864638621317,round,,D_local,S_final,10,10,22
grok-4.3,S3_1,40,3,2,Correct,0.08839367553901667,round,,D_local,S_final,10,10,22
grok-4.3,S3_1,40,3,3,Correct,0.07115099499885913,round,,D_local,S_final,10,10,22
grok-4.3,S3_1,40,4,1,Wrong,0.01857735729863863,round,,D_local,S_final,10,10,22
grok-4.3,S3_1,40,4,2,Wrong,0.019693647348791643,round,,D_local,S_final,10,10,22
grok-4.3,S3_1,40,4,3,Wrong,0.03516544003521427,round,,D_local,S_final,10,10,22
grok-4.3,S3_1,40,5,1,Wrong,0.029059403369935843,round,,D_local,S_final,10,10,22
grok-4.3,S3_1,40,5,2,Wrong,0.05308446003589473,round,,D_local,S_final,10,10,22
grok-4.3,S3_1,40,5,3,Wrong,0.07051381999278383,round,,D_local,S_final,10,10,22
grok-4.3,S3_1,40,6,1,Correct,0.09742178899871223,round,,D_local,S_final,10,10,22
grok-4.3,S3_1,40,6,2,Correct,0.03829769223514112,round,,D_local,S_final,10,10,22
grok-4.3,S3_1,40,6,3,Correct,0.06818428252153308,round,,D_local,S_final,10,10,22
grok-4.3,S3_1,41,1,1,Wrong,0.0764309940773239,round,,D_local,S_final,10,10,22
grok-4.3,S3_1,41,1,2,Wrong,0.08837414519106013,round,,D_local,S_final,10,10,22
grok-4.3,S3_1,41,1,3,Wrong,0.09058006711517896,round,,D_local,S_final,10,10,22
grok-4.3,S3_1,42,1,1,Wrong,-0.029798077440212456,round,,D_local,S_final,10,10,22
grok-4.3,S3_1,42,1,2,Wrong,-0.030015077618720354,round,,D_local,S_final,10,10,22
grok-4.3,S3_1,42,1,3,Wrong,-0.025990854772361516,round,,D_local,S_final,10,10,22
grok-4.3,S3_1,43,1,1,Wrong,-0.04022057459551309,round,,D_local,S_final,10,10,22
grok-4.3,S3_1,43,1,2,Wrong,-0.05177048011621188,round,,D_local,S_final,10,10,22
grok-4.3,S3_1,43,1,3,Wrong,-0.033475525378527826,round,,D_local,S_final,10,10,22
grok-4.3,S3_1,44,1,1,Wrong,0.09106290825725882,round,,D_local,S_final,10,10,22
grok-4.3,S3_1,44,1,2,Wrong,0.08199641091746124,round,,D_local,S_final,10,10,22
grok-4.3,S3_1,44,1,3,Wrong,0.09960697556045461,round,,D_local,S_final,10,10,22
grok-4.3,S3_1,45,1,1,Correct,0.17510388215099304,round,,D_local,S_final,10,10,22
grok-4.3,S3_1,45,1,2,Correct,0.16025316786714539,round,,D_local,S_final,10,10,22
grok-4.3,S3_1,45,1,3,Correct,0.10886665599870715,round,,D_local,S_final,10,10,22
grok-4.3,S3_1,45,2,1,Wrong,-0.0376791086347501,round,,D_local,S_final,10,10,22
grok-4.3,S3_1,45,2,2,Correct,0.00363987868166904,round,,D_local,S_final,10,10,22
grok-4.3,S3_1,45,2,3,Correct,-0.0033751407009681156,round,,D_local,S_final,10,10,22
grok-4.3,S3_1,45,3,1,Correct,-0.06136570278090592,round,,D_local,S_final,10,10,22
grok-4.3,S3_1,45,3,2,Correct,-0.038840045205641105,round,,D_local,S_final,10,10,22
grok-4.3,S3_1,45,3,3,Wrong,-0.0858262456624953,round,,D_local,S_final,10,10,22
grok-4.3,S3_1,46,1,1,Correct,0.08745937457450326,round,,D_local,S_final,10,10,22
grok-4.3,S3_1,46,1,2,Correct,0.12174374527552156,round,,D_local,S_final,10,10,22
grok-4.3,S3_1,46,1,3,Correct,0.12996762458608702,round,,D_local,S_final,10,10,22
grok-4.3,S3_1,46,2,1,Correct,0.06933580486244428,round,,D_local,S_final,10,10,22
grok-4.3,S3_1,46,2,2,Correct,0.06782559586576475,round,,D_local,S_final,10,10,22
grok-4.3,S3_1,46,2,3,Correct,0.05885597333518866,round,,D_local,S_final,10,10,22
grok-4.3,S3_1,47,1,1,Correct,0.13694687136933814,round,,D_local,S_final,10,10,22
grok-4.3,S3_1,47,1,2,Correct,0.13478020969993043,round,,D_local,S_final,10,10,22
grok-4.3,S3_1,47,1,3,Correct,0.12863242449296974,round,,D_local,S_final,10,10,22
grok-4.3,S3_1,47,2,1,Correct,0.037304237274952134,round,,D_local,S_final,10,10,22
grok-4.3,S3_1,47,2,2,Correct,0.0404735659186668,round,,D_local,S_final,10,10,22
grok-4.3,S3_1,47,2,3,Correct,0.02776781930396921,round,,D_local,S_final,10,10,22
grok-4.3,S3_1,48,1,1,Correct,0.07971383795743814,round,,D_local,S_final,10,10,22
grok-4.3,S3_1,48,1,2,Correct,0.09807574591462043,round,,D_local,S_final,10,10,22
grok-4.3,S3_1,48,1,3,Correct,0.11891003220547869,round,,D_local,S_final,10,10,22
grok-4.3,S3_1,48,2,1,Wrong,-0.041651656600385056,round,,D_local,S_final,10,10,22
grok-4.3,S3_1,48,2,2,Wrong,-0.03129251827982882,round,,D_local,S_final,10,10,22
grok-4.3,S3_1,48,2,3,Wrong,-0.010719253452379562,round,,D_local,S_final,10,10,22
grok-4.3,S3_1,49,1,1,Correct,0.08713338449493446,round,,D_local,S_final,10,10,22
grok-4.3,S3_1,49,1,2,Correct,0.07379190378494094,round,,D_local,S_final,10,10,22
grok-4.3,S3_1,49,1,3,Correct,0.08021185724451152,round,,D_local,S_final,10,10,22
grok-4.3,S3_1,50,1,1,Correct,0.0640718290636163,round,,D_local,S_final,10,10,22
grok-4.3,S3_1,50,1,2,Correct,0.07884310121610971,round,,D_local,S_final,10,10,22
grok-4.3,S3_1,50,1,3,Correct,0.09612742797068907,round,,D_local,S_final,10,10,22
grok-4.3,S3_1,51,1,1,Correct,0.15490446544929948,round,,D_local,S_final,10,10,22
grok-4.3,S3_1,51,1,2,Correct,0.12363505184119139,round,,D_local,S_final,10,10,22
grok-4.3,S3_1,51,1,3,Correct,0.14930030512045578,round,,D_local,S_final,10,10,22
grok-4.3,S3_1,52,1,1,Wrong,0.14614157950653672,round,,D_local,S_final,10,10,22
grok-4.3,S3_1,52,1,2,Wrong,0.12382690716334155,round,,D_local,S_final,10,10,22
grok-4.3,S3_1,52,1,3,Wrong,0.14160060943100627,round,,D_local,S_final,10,10,22
grok-4.3,S3_1,53,1,1,Correct,-0.022137827384861475,round,,D_local,S_final,10,10,22
grok-4.3,S3_1,53,1,2,Correct,0.02683068405785527,round,,D_local,S_final,10,10,22
grok-4.3,S3_1,53,1,3,Correct,0.016006518935211766,round,,D_local,S_final,10,10,22
grok-4.3,S3_1,53,2,1,Correct,0.12206832781944499,round,,D_local,S_final,10,10,22
grok-4.3,S3_1,53,2,2,Correct,0.12890064205162666,round,,D_local,S_final,10,10,22
grok-4.3,S3_1,53,2,3,Correct,0.12038940789353136,round,,D_local,S_final,10,10,22
grok-4.3,S3_1,54,1,1,Correct,-0.12000388054590577,round,,D_local,S_final,10,10,22
grok-4.3,S3_1,54,1,2,Correct,-0.1349620122567285,round,,D_local,S_final,10,10,22
grok-4.3,S3_1,54,1,3,Correct,-0.13631361703737344,round,,D_local,S_final,10,10,22
grok-4.3,S3_1,54,2,1,Correct,0.11823304833073589,round,,D_local,S_final,10,10,22
grok-4.3,S3_1,54,2,2,Correct,0.13604516615354345,round,,D_local,S_final,10,10,22
grok-4.3,S3_1,54,2,3,Correct,0.14504004812018556,round,,D_local,S_final,10,10,22
grok-4.3,S3_1,55,1,1,Wrong,0.009044984124061184,round,,D_local,S_final,10,10,22
grok-4.3,S3_1,55,1,2,Wrong,-0.06430338823724302,round,,D_local,S_final,10,10,22
grok-4.3,S3_1,55,1,3,Correct,-0.004281639832980799,round,,D_local,S_final,10,10,22
grok-4.3,S3_1,55,2,1,Correct,0.11997588590326491,round,,D_local,S_final,10,10,22
grok-4.3,S3_1,55,2,2,Correct,0.12478301758913368,round,,D_local,S_final,10,10,22
grok-4.3,S3_1,55,2,3,Correct,0.08556881901739744,round,,D_local,S_final,10,10,22
grok-4.3,S3_1,56,1,1,Wrong,-0.04907174578405382,round,,D_local,S_final,10,10,22
grok-4.3,S3_1,56,1,2,Wrong,-0.05233754781941935,round,,D_local,S_final,10,10,22
grok-4.3,S3_1,56,1,3,Wrong,-0.04141092296488158,round,,D_local,S_final,10,10,22
grok-4.3,S3_1,56,2,1,Correct,0.06107721509549424,round,,D_local,S_final,10,10,22
grok-4.3,S3_1,56,2,2,Correct,0.06334955629419747,round,,D_local,S_final,10,10,22
grok-4.3,S3_1,56,2,3,Correct,0.09416966548111239,round,,D_local,S_final,10,10,22
grok-4.3,S3_1,57,1,1,Correct,-0.09489629850584724,round,,D_local,S_final,10,10,22
grok-4.3,S3_1,57,1,2,Correct,-0.09940623576485175,round,,D_local,S_final,10,10,22
grok-4.3,S3_1,57,1,3,Correct,-0.08648983732096238,round,,D_local,S_final,10,10,22
grok-4.3,S3_1,57,2,1,Wrong,-0.19279589220933652,round,,D_local,S_final,10,10,22
grok-4.3,S3_1,57,2,2,Wrong,-0.1417412822206553,round,,D_local,S_final,10,10,22
grok-4.3,S3_1,57,2,3,Wrong,-0.09890688086686417,round,,D_local,S_final,10,10,22
grok-4.3,S3_1,58,1,1,Correct,-0.000580544118200077,round,,D_local,S_final,10,10,22
grok-4.3,S3_1,58,1,2,Correct,0.0033083256747463707,round,,D_local,S_final,10,10,22
grok-4.3,S3_1,58,1,3,Correct,-0.012876420695736912,round,,D_local,S_final,10,10,22
grok-4.3,S3_1,58,2,1,Correct,0.06035845714757104,round,,D_local,S_final,10,10,22
grok-4.3,S3_1,58,2,2,Correct,0.039726407059587965,round,,D_local,S_final,10,10,22
grok-4.3,S3_1,58,2,3,Correct,0.06744979864609435,round,,D_local,S_final,10,10,22
grok-4.3,S3_1,59,1,1,Correct,-0.06950108514938058,round,,D_local,S_final,10,10,22
grok-4.3,S3_1,59,1,2,Correct,-0.0636273710561277,round,,D_local,S_final,10,10,22
grok-4.3,S3_1,59,1,3,Correct,-0.05631705656244235,round,,D_local,S_final,10,10,22
grok-4.3,S3_1,59,2,1,Correct,0.11196142175159107,round,,D_local,S_final,10,10,22
grok-4.3,S3_1,59,2,2,Correct,0.07619195051488414,round,,D_local,S_final,10,10,22
grok-4.3,S3_1,59,2,3,Correct,0.12344607292438925,round,,D_local,S_final,10,10,22
grok-4.3,S3_1,60,1,1,Correct,-0.1259417548226911,round,,D_local,S_final,10,10,22
grok-4.3,S3_1,60,1,2,Correct,-0.10861536800943677,round,,D_local,S_final,10,10,22
grok-4.3,S3_1,60,1,3,Correct,-0.12582101978853844,round,,D_local,S_final,10,10,22
grok-4.3,S3_1,60,2,1,Correct,0.13172084367597547,round,,D_local,S_final,10,10,22
grok-4.3,S3_1,60,2,2,Correct,0.10817042785669262,round,,D_local,S_final,10,10,22
grok-4.3,S3_1,60,2,3,Correct,0.12178231010819396,round,,D_local,S_final,10,10,22
grok-4.3,S3_1,61,1,1,Correct,-0.10660427732910532,round,,D_local,S_final,10,10,22
grok-4.3,S3_1,61,1,2,Correct,-0.08551827964519854,round,,D_local,S_final,10,10,22
grok-4.3,S3_1,61,1,3,Correct,-0.08980862432555248,round,,D_local,S_final,10,10,22
grok-4.3,S3_1,61,2,1,Correct,0.12809883077635065,round,,D_local,S_final,10,10,22
grok-4.3,S3_1,61,2,2,Correct,0.13133688010199174,round,,D_local,S_final,10,10,22
grok-4.3,S3_1,61,2,3,Correct,0.11043288806178742,round,,D_local,S_final,10,10,22
grok-4.3,S3_1,62,1,1,Correct,0.06531197920688014,round,,D_local,S_final,10,10,22
grok-4.3,S3_1,62,1,2,Correct,0.09730381560975576,round,,D_local,S_final,10,10,22
grok-4.3,S3_1,62,1,3,Correct,0.05981212549362136,round,,D_local,S_final,10,10,22
grok-4.3,S3_1,62,2,1,Correct,0.02797856668904808,round,,D_local,S_final,10,10,22
grok-4.3,S3_1,62,2,2,Correct,0.01865121688150362,round,,D_local,S_final,10,10,22
grok-4.3,S3_1,62,2,3,Correct,0.02650113898110762,round,,D_local,S_final,10,10,22
grok-4.3,S3_1,63,1,1,Correct,0.057565806096903094,round,,D_local,S_final,10,10,22
grok-4.3,S3_1,63,1,2,Correct,0.01549048719145707,round,,D_local,S_final,10,10,22
grok-4.3,S3_1,63,1,3,Correct,0.030415057666630996,round,,D_local,S_final,10,10,22
grok-4.3,S3_1,63,2,1,Correct,0.027134908860153018,round,,D_local,S_final,10,10,22
grok-4.3,S3_1,63,2,2,Correct,0.030384282437611376,round,,D_local,S_final,10,10,22
grok-4.3,S3_1,63,2,3,Correct,0.03193608558542449,round,,D_local,S_final,10,10,22
grok-4.3,S3_1,64,1,1,Correct,0.0834231199317873,round,,D_local,S_final,10,10,22
grok-4.3,S3_1,64,1,2,Correct,0.07628469299242269,round,,D_local,S_final,10,10,22
grok-4.3,S3_1,64,1,3,Correct,0.018574114957613408,round,,D_local,S_final,10,10,22
grok-4.3,S3_1,64,2,1,Correct,0.07422136573708893,round,,D_local,S_final,10,10,22
grok-4.3,S3_1,64,2,2,Correct,0.045448795589300484,round,,D_local,S_final,10,10,22
grok-4.3,S3_1,64,2,3,Correct,0.05782891084882735,round,,D_local,S_final,10,10,22
llama-4-scout,S0,1,1,1,Correct,0.12460217795301942,round,,D_local,S_final,10,10,22
llama-4-scout,S0,1,1,2,Correct,0.10066405081277752,round,,D_local,S_final,10,10,22
llama-4-scout,S0,1,1,3,Correct,0.09640359804545473,round,,D_local,S_final,10,10,22
llama-4-scout,S0,1,2,1,Wrong,0.035454129626058095,round,,D_local,S_final,10,10,22
llama-4-scout,S0,1,2,2,Wrong,0.05595558603810458,round,,D_local,S_final,10,10,22
llama-4-scout,S0,1,2,3,Wrong,0.019456676238157056,round,,D_local,S_final,10,10,22
llama-4-scout,S0,1,3,1,Wrong,-0.030961873186167055,round,,D_local,S_final,10,10,22
llama-4-scout,S0,1,3,2,Wrong,-0.01362485116629808,round,,D_local,S_final,10,10,22
llama-4-scout,S0,1,3,3,Wrong,-0.025113639755868555,round,,D_local,S_final,10,10,22
llama-4-scout,S0,1,4,1,Correct,0.08178061911873502,round,,D_local,S_final,10,10,22
llama-4-scout,S0,1,4,2,Correct,0.08971292927274632,round,,D_local,S_final,10,10,22
llama-4-scout,S0,1,4,3,Correct,0.09447674635562553,round,,D_local,S_final,10,10,22
llama-4-scout,S0,1,5,1,Wrong,-0.000790667001174139,round,,D_local,S_final,10,10,22
llama-4-scout,S0,1,5,2,Wrong,0.038712100804270344,round,,D_local,S_final,10,10,22
llama-4-scout,S0,1,5,3,Wrong,0.019374619718434793,round,,D_local,S_final,10,10,22
llama-4-scout,S0,2,1,1,Correct,0.1931107716409381,round,,D_local,S_final,10,10,22
llama-4-scout,S0,2,1,2,Correct,0.2010933768629345,round,,D_local,S_final,10,10,22
llama-4-scout,S0,2,1,3,Correct,0.18838050888691882,round,,D_local,S_final,10,10,22
llama-4-scout,S0,3,1,1,Correct,0.17141733116751456,round,,D_local,S_final,10,10,22
llama-4-scout,S0,3,1,2,Correct,0.20435965496243869,round,,D_local,S_final,10,10,22
llama-4-scout,S0,3,1,3,Correct,0.21753501376904155,round,,D_local,S_final,10,10,22
llama-4-scout,S0,3,2,1,Wrong,0.21364186669348617,round,,D_local,S_final,10,10,22
llama-4-scout,S0,3,2,2,Wrong,0.19600160009848067,round,,D_local,S_final,10,10,22
llama-4-scout,S0,3,2,3,Wrong,0.18012477478100797,round,,D_local,S_final,10,10,22
llama-4-scout,S0,4,1,1,Correct,0.13177285134764316,round,,D_local,S_final,10,10,22
llama-4-scout,S0,4,1,2,Correct,0.107048218382369,round,,D_local,S_final,10,10,22
llama-4-scout,S0,4,1,3,Correct,0.1061917876470484,round,,D_local,S_final,10,10,22
llama-4-scout,S0,4,2,1,Correct,0.09745265502561185,round,,D_local,S_final,10,10,22
llama-4-scout,S0,4,2,2,Correct,0.09672721690202657,round,,D_local,S_final,10,10,22
llama-4-scout,S0,4,2,3,Correct,0.0917759436452209,round,,D_local,S_final,10,10,22
llama-4-scout,S0,4,3,1,Correct,0.047215671594257214,round,,D_local,S_final,10,10,22
llama-4-scout,S0,4,3,2,Correct,0.04457768267767126,round,,D_local,S_final,10,10,22
llama-4-scout,S0,4,3,3,Correct,0.042967463828299635,round,,D_local,S_final,10,10,22
llama-4-scout,S0,5,1,1,Correct,0.11136970967669912,round,,D_local,S_final,10,10,22
llama-4-scout,S0,5,1,2,Correct,0.11438211022212685,round,,D_local,S_final,10,10,22
llama-4-scout,S0,5,1,3,Correct,0.09327874928446755,round,,D_local,S_final,10,10,22
llama-4-scout,S0,5,2,1,Correct,0.054041475559984176,round,,D_local,S_final,10,10,22
llama-4-scout,S0,5,2,2,Correct,0.026460219157354303,round,,D_local,S_final,10,10,22
llama-4-scout,S0,5,2,3,Correct,0.048523214922203795,round,,D_local,S_final,10,10,22
llama-4-scout,S0,5,3,1,Wrong,0.06911342077861371,round,,D_local,S_final,10,10,22
llama-4-scout,S0,5,3,2,Wrong,0.06620706145620214,round,,D_local,S_final,10,10,22
llama-4-scout,S0,5,3,3,Wrong,0.0682595890461758,round,,D_local,S_final,10,10,22
llama-4-scout,S0,6,1,1,Correct,0.0810908715453692,round,,D_local,S_final,10,10,22
llama-4-scout,S0,6,1,2,Correct,0.08984322705159109,round,,D_local,S_final,10,10,22
llama-4-scout,S0,6,1,3,Wrong,0.09182536433518118,round,,D_local,S_final,10,10,22
llama-4-scout,S0,6,2,1,Correct,0.01949063502488424,round,,D_local,S_final,10,10,22
llama-4-scout,S0,6,2,2,Wrong,0.014028241368283734,round,,D_local,S_final,10,10,22
llama-4-scout,S0,6,2,3,Correct,0.03787989575993034,round,,D_local,S_final,10,10,22
llama-4-scout,S0,6,3,1,Correct,0.04290757354767538,round,,D_local,S_final,10,10,22
llama-4-scout,S0,6,3,2,Correct,0.05848487309894068,round,,D_local,S_final,10,10,22
llama-4-scout,S0,6,3,3,Correct,0.062176382311407985,round,,D_local,S_final,10,10,22
llama-4-scout,S0,7,1,1,Wrong,0.16000548630563993,round,,D_local,S_final,10,10,22
llama-4-scout,S0,7,1,2,Wrong,0.14866215801278382,round,,D_local,S_final,10,10,22
llama-4-scout,S0,7,1,3,Wrong,0.1531916899326079,round,,D_local,S_final,10,10,22
llama-4-scout,S0,7,2,1,Wrong,0.10924953969646745,round,,D_local,S_final,10,10,22
llama-4-scout,S0,7,2,2,Wrong,0.13115904504168452,round,,D_local,S_final,10,10,22
llama-4-scout,S0,7,2,3,Wrong,0.09990937970572344,round,,D_local,S_final,10,10,22
llama-4-scout,S0,7,3,1,Wrong,-0.02217461970207335,round,,D_local,S_final,10,10,22
llama-4-scout,S0,7,3,2,Wrong,-0.014286592022431766,round,,D_local,S_final,10,10,22
llama-4-scout,S0,7,3,3,Wrong,-0.020504899035245328,round,,D_local,S_final,10,10,22
llama-4-scout,S0,7,4,1,Correct,-0.000727246238113155,round,,D_local,S_final,10,10,22
llama-4-scout,S0,7,4,2,Correct,0.03515090278722022,round,,D_local,S_final,10,10,22
llama-4-scout,S0,7,4,3,Correct,0.0063298546790943044,round,,D_local,S_final,10,10,22
llama-4-scout,S0,7,5,1,Correct,0.06348051641449748,round,,D_local,S_final,10,10,22
llama-4-scout,S0,7,5,2,Correct,0.04037699825860264,round,,D_local,S_final,10,10,22
llama-4-scout,S0,7,5,3,Correct,0.0637808023825106,round,,D_local,S_final,10,10,22
llama-4-scout,S0,7,6,1,Wrong,-0.010601803190496417,round,,D_local,S_final,10,10,22
llama-4-scout,S0,7,6,2,Wrong,-0.002978894091390516,round,,D_local,S_final,10,10,22
llama-4-scout,S0,7,6,3,Wrong,-0.00942752447925388,round,,D_local,S_final,10,10,22
llama-4-scout,S0,7,7,1,Wrong,0.04891399409039565,round,,D_local,S_final,10,10,22
llama-4-scout,S0,7,7,2,Wrong,0.04325127500513437,round,,D_local,S_final,10,10,22
llama-4-scout,S0,7,7,3,Wrong,0.05363220297357019,round,,D_local,S_final,10,10,22
llama-4-scout,S0,7,8,1,Correct,0.049115243680387,round,,D_local,S_final,10,10,22
llama-4-scout,S0,7,8,2,Correct,0.02144418349648669,round,,D_local,S_final,10,10,22
llama-4-scout,S0,7,8,3,Correct,0.03160626487034912,round,,D_local,S_final,10,10,22
llama-4-scout,S0,7,9,1,Correct,0.10076840103375395,round,,D_local,S_final,10,10,22
llama-4-scout,S0,7,9,2,Correct,0.06588378562132335,round,,D_local,S_final,10,10,22
llama-4-scout,S0,7,9,3,Correct,0.07677071690189197,round,,D_local,S_final,10,10,22
llama-4-scout,S0,7,10,1,Wrong,0.019525948095510004,round,,D_local,S_final,10,10,22
llama-4-scout,S0,7,10,2,Wrong,0.013019131935457229,round,,D_local,S_final,10,10,22
llama-4-scout,S0,7,10,3,Wrong,0.0019626731480123505,round,,D_local,S_final,10,10,22
llama-4-scout,S0,7,11,1,Wrong,0.0738649669726843,round,,D_local,S_final,10,10,22
llama-4-scout,S0,7,11,2,Wrong,0.10342568867381496,round,,D_local,S_final,10,10,22
llama-4-scout,S0,7,11,3,Wrong,0.06368137369708748,round,,D_local,S_final,10,10,22
llama-4-scout,S0,8,1,1,Wrong,0.062066004753266846,round,,D_local,S_final,10,10,22
llama-4-scout,S0,8,1,2,Wrong,0.050910110660450925,round,,D_local,S_final,10,10,22
llama-4-scout,S0,8,1,3,Wrong,0.07079739487676562,round,,D_local,S_final,10,10,22
llama-4-scout,S0,8,2,1,Wrong,0.03652424918826658,round,,D_local,S_final,10,10,22
llama-4-scout,S0,8,2,2,Wrong,0.02378795321687288,round,,D_local,S_final,10,10,22
llama-4-scout,S0,8,2,3,Wrong,0.02157126464037551,round,,D_local,S_final,10,10,22
llama-4-scout,S0,8,3,1,Correct,0.045195591834798376,round,,D_local,S_final,10,10,22
llama-4-scout,S0,8,3,2,Correct,0.050409737629373064,round,,D_local,S_final,10,10,22
llama-4-scout,S0,8,3,3,Correct,0.03739697954618948,round,,D_local,S_final,10,10,22
llama-4-scout,S0,8,4,1,Correct,-0.021482046513125685,round,,D_local,S_final,10,10,22
llama-4-scout,S0,8,4,2,Correct,-0.007438302639310779,round,,D_local,S_final,10,10,22
llama-4-scout,S0,8,4,3,Correct,-0.003298302060105507,round,,D_local,S_final,10,10,22
llama-4-scout,S0,9,1,1,Wrong,0.06967314959198467,round,,D_local,S_final,10,10,22
llama-4-scout,S0,9,1,2,Wrong,0.059788640444683905,round,,D_local,S_final,10,10,22
llama-4-scout,S0,9,1,3,Wrong,0.07398905029987479,round,,D_local,S_final,10,10,22
llama-4-scout,S0,9,2,1,Wrong,0.08109229998010259,round,,D_local,S_final,10,10,22
llama-4-scout,S0,9,2,2,Wrong,0.057601484252189694,round,,D_local,S_final,10,10,22
llama-4-scout,S0,9,2,3,Wrong,0.06881393866323826,round,,D_local,S_final,10,10,22
llama-4-scout,S0,9,3,1,Wrong,0.06839102095844762,round,,D_local,S_final,10,10,22
llama-4-scout,S0,9,3,2,Wrong,0.06575193360207043,round,,D_local,S_final,10,10,22
llama-4-scout,S0,9,3,3,Wrong,0.07432401024717283,round,,D_local,S_final,10,10,22
llama-4-scout,S0,10,1,1,Correct,0.09730239327030987,round,,D_local,S_final,10,10,22
llama-4-scout,S0,10,1,2,Correct,0.09767798576965747,round,,D_local,S_final,10,10,22
llama-4-scout,S0,10,1,3,Correct,0.09128445031633137,round,,D_local,S_final,10,10,22
llama-4-scout,S0,10,2,1,Correct,0.09599687797629752,round,,D_local,S_final,10,10,22
llama-4-scout,S0,10,2,2,Correct,0.08283103072125275,round,,D_local,S_final,10,10,22
llama-4-scout,S0,10,2,3,Correct,0.10959124183751667,round,,D_local,S_final,10,10,22
llama-4-scout,S0,11,1,1,Wrong,-0.005204490882710688,round,,D_local,S_final,10,10,22
llama-4-scout,S0,11,1,2,Wrong,-0.011182921031861581,round,,D_local,S_final,10,10,22
llama-4-scout,S0,11,1,3,Wrong,0.013911118203064454,round,,D_local,S_final,10,10,22
llama-4-scout,S0,12,1,1,Wrong,-0.0030653177442845347,round,,D_local,S_final,10,10,22
llama-4-scout,S0,12,1,2,Wrong,0.0056264024064246465,round,,D_local,S_final,10,10,22
llama-4-scout,S0,12,1,3,Wrong,-0.0008860452364398697,round,,D_local,S_final,10,10,22
llama-4-scout,S0,13,1,1,Correct,0.15221162361005436,round,,D_local,S_final,10,10,22
llama-4-scout,S0,13,1,2,Correct,0.17612124674850138,round,,D_local,S_final,10,10,22
llama-4-scout,S0,13,1,3,Correct,0.15624113944945517,round,,D_local,S_final,10,10,22
llama-4-scout,S0,13,2,1,Correct,-0.013617892242114182,round,,D_local,S_final,10,10,22
llama-4-scout,S0,13,2,2,Correct,-0.029085350186091596,round,,D_local,S_final,10,10,22
llama-4-scout,S0,13,2,3,Correct,-0.02791709777124962,round,,D_local,S_final,10,10,22
llama-4-scout,S0,13,3,1,Correct,0.07337819602541373,round,,D_local,S_final,10,10,22
llama-4-scout,S0,13,3,2,Wrong,0.03973997542014951,round,,D_local,S_final,10,10,22
llama-4-scout,S0,13,3,3,Wrong,0.039451668490398606,round,,D_local,S_final,10,10,22
llama-4-scout,S0,14,1,1,Wrong,-0.0029529326779704768,round,,D_local,S_final,10,10,22
llama-4-scout,S0,14,1,2,Wrong,0.006696933616769041,round,,D_local,S_final,10,10,22
llama-4-scout,S0,14,1,3,Wrong,-0.007525933733197321,round,,D_local,S_final,10,10,22
llama-4-scout,S0,15,1,1,Wrong,-0.12090453252271427,round,,D_local,S_final,10,10,22
llama-4-scout,S0,15,1,2,Wrong,-0.12843049474217827,round,,D_local,S_final,10,10,22
llama-4-scout,S0,15,1,3,Wrong,-0.12377530501549061,round,,D_local,S_final,10,10,22
llama-4-scout,S0,16,1,1,Correct,0.09881880113765307,round,,D_local,S_final,10,10,22
llama-4-scout,S0,16,1,2,Correct,0.0969208367662392,round,,D_local,S_final,10,10,22
llama-4-scout,S0,16,1,3,Correct,0.10420294831231636,round,,D_local,S_final,10,10,22
llama-4-scout,S0,17,1,1,Wrong,-0.010965551420226594,round,,D_local,S_final,10,10,22
llama-4-scout,S0,17,1,2,Wrong,-0.028971568783363155,round,,D_local,S_final,10,10,22
llama-4-scout,S0,17,1,3,Wrong,-0.016387452492174104,round,,D_local,S_final,10,10,22
llama-4-scout,S0,18,1,1,Correct,0.12057257734191007,round,,D_local,S_final,10,10,22
llama-4-scout,S0,18,1,2,Correct,0.13270180032714896,round,,D_local,S_final,10,10,22
llama-4-scout,S0,18,1,3,Correct,0.1198858403937233,round,,D_local,S_final,10,10,22
llama-4-scout,S0,19,1,1,Correct,-0.011836345530296666,round,,D_local,S_final,10,10,22
llama-4-scout,S0,19,1,2,Correct,-0.005726587554708451,round,,D_local,S_final,10,10,22
llama-4-scout,S0,19,1,3,Correct,0.0022020308073154027,round,,D_local,S_final,10,10,22
llama-4-scout,S0,20,1,1,Correct,0.07736287655710494,round,,D_local,S_final,10,10,22
llama-4-scout,S0,20,1,2,Correct,0.11355700864720186,round,,D_local,S_final,10,10,22
llama-4-scout,S0,20,1,3,Correct,0.08393112422866167,round,,D_local,S_final,10,10,22
llama-4-scout,S0,21,1,1,Correct,0.0792582652632996,round,,D_local,S_final,10,10,22
llama-4-scout,S0,21,1,2,Correct,0.08045034989053912,round,,D_local,S_final,10,10,22
llama-4-scout,S0,21,1,3,Correct,0.07910668420297107,round,,D_local,S_final,10,10,22
llama-4-scout,S0,22,1,1,Wrong,0.019942745745961665,round,,D_local,S_final,10,10,22
llama-4-scout,S0,22,1,2,Wrong,0.0258089020285569,round,,D_local,S_final,10,10,22
llama-4-scout,S0,22,1,3,Wrong,0.03271090145489863,round,,D_local,S_final,10,10,22
llama-4-scout,S0,23,1,1,Wrong,0.028717808387460853,round,,D_local,S_final,10,10,22
llama-4-scout,S0,23,1,2,Wrong,0.054702892359929645,round,,D_local,S_final,10,10,22
llama-4-scout,S0,23,1,3,Wrong,0.047748447174226105,round,,D_local,S_final,10,10,22
llama-4-scout,S0,24,1,1,Wrong,0.001117354396954262,round,,D_local,S_final,10,10,22
llama-4-scout,S0,24,1,2,Wrong,-0.008822914214964506,round,,D_local,S_final,10,10,22
llama-4-scout,S0,24,1,3,Wrong,-0.0010994843423798306,round,,D_local,S_final,10,10,22
llama-4-scout,S0,25,1,1,Wrong,-0.02072744200162413,round,,D_local,S_final,10,10,22
llama-4-scout,S0,25,1,2,Wrong,-0.03199085362962606,round,,D_local,S_final,10,10,22
llama-4-scout,S0,25,1,3,Wrong,-0.016998763043847287,round,,D_local,S_final,10,10,22
llama-4-scout,S0,25,2,1,Correct,0.11648247994194422,round,,D_local,S_final,10,10,22
llama-4-scout,S0,25,2,2,Correct,0.0971828431288933,round,,D_local,S_final,10,10,22
llama-4-scout,S0,25,2,3,Correct,0.10220102720703567,round,,D_local,S_final,10,10,22
llama-4-scout,S0,26,1,1,Correct,0.08964856904906815,round,,D_local,S_final,10,10,22
llama-4-scout,S0,26,1,2,Correct,0.07543056815253579,round,,D_local,S_final,10,10,22
llama-4-scout,S0,26,1,3,Correct,0.10449653932069625,round,,D_local,S_final,10,10,22
llama-4-scout,S0,26,2,1,Wrong,-0.06471737195992311,round,,D_local,S_final,10,10,22
llama-4-scout,S0,26,2,2,Wrong,-0.04948712949638234,round,,D_local,S_final,10,10,22
llama-4-scout,S0,26,2,3,Wrong,-0.037060947088861096,round,,D_local,S_final,10,10,22
llama-4-scout,S0,26,3,1,Wrong,-0.020314824503960827,round,,D_local,S_final,10,10,22
llama-4-scout,S0,26,3,2,Correct,-0.04184521690832377,round,,D_local,S_final,10,10,22
llama-4-scout,S0,26,3,3,Correct,-0.05390399695169035,round,,D_local,S_final,10,10,22
llama-4-scout,S0,26,4,1,Correct,0.16216757556454797,round,,D_local,S_final,10,10,22
llama-4-scout,S0,26,4,2,Correct,0.15676373726103354,round,,D_local,S_final,10,10,22
llama-4-scout,S0,26,4,3,Correct,0.1493356291410909,round,,D_local,S_final,10,10,22
llama-4-scout,S0,27,1,1,Wrong,0.0704097917590717,round,,D_local,S_final,10,10,22
llama-4-scout,S0,27,1,2,Correct,0.07892592968315448,round,,D_local,S_final,10,10,22
llama-4-scout,S0,27,1,3,Wrong,0.075444018915926,round,,D_local,S_final,10,10,22
llama-4-scout,S0,27,2,1,Wrong,-0.044326964641115074,round,,D_local,S_final,10,10,22
llama-4-scout,S0,27,2,2,Wrong,-0.07409629056092859,round,,D_local,S_final,10,10,22
llama-4-scout,S0,27,2,3,Wrong,-0.0723937417820546,round,,D_local,S_final,10,10,22
llama-4-scout,S0,27,3,1,Correct,-0.0449109909714871,round,,D_local,S_final,10,10,22
llama-4-scout,S0,27,3,2,Correct,-0.057073979725321355,round,,D_local,S_final,10,10,22
llama-4-scout,S0,27,3,3,Correct,-0.02919713022816528,round,,D_local,S_final,10,10,22
llama-4-scout,S0,27,4,1,Correct,0.16903700357899987,round,,D_local,S_final,10,10,22
llama-4-scout,S0,27,4,2,Wrong,0.181039942225645,round,,D_local,S_final,10,10,22
llama-4-scout,S0,27,4,3,Correct,0.18602995330410665,round,,D_local,S_final,10,10,22
llama-4-scout,S0,28,1,1,Wrong,-0.006088682324821848,round,,D_local,S_final,10,10,22
llama-4-scout,S0,28,1,2,Wrong,0.00212336805295954,round,,D_local,S_final,10,10,22
llama-4-scout,S0,28,1,3,Wrong,-0.001924254950865678,round,,D_local,S_final,10,10,22
llama-4-scout,S0,28,2,1,Correct,-0.03633581270192221,round,,D_local,S_final,10,10,22
llama-4-scout,S0,28,2,2,Correct,-0.019376849950510255,round,,D_local,S_final,10,10,22
llama-4-scout,S0,28,2,3,Wrong,-0.025016074371867814,round,,D_local,S_final,10,10,22
llama-4-scout,S0,29,1,1,Wrong,0.09776821049091622,round,,D_local,S_final,10,10,22
llama-4-scout,S0,29,1,2,Wrong,0.12463037506635044,round,,D_local,S_final,10,10,22
llama-4-scout,S0,29,1,3,Wrong,0.1237106205926668,round,,D_local,S_final,10,10,22
llama-4-scout,S0,29,2,1,Correct,-0.09296214142275605,round,,D_local,S_final,10,10,22
llama-4-scout,S0,29,2,2,Correct,-0.0564633710887964,round,,D_local,S_final,10,10,22
llama-4-scout,S0,29,2,3,Correct,-0.07427889880637639,round,,D_local,S_final,10,10,22
llama-4-scout,S0,30,1,1,Wrong,0.013763120630165382,round,,D_local,S_final,10,10,22
llama-4-scout,S0,30,1,2,Wrong,0.011603505681182624,round,,D_local,S_final,10,10,22
llama-4-scout,S0,30,1,3,Wrong,0.019804731215947502,round,,D_local,S_final,10,10,22
llama-4-scout,S0,30,2,1,Correct,-0.07926978533288409,round,,D_local,S_final,10,10,22
llama-4-scout,S0,30,2,2,Wrong,-0.02621503651785073,round,,D_local,S_final,10,10,22
llama-4-scout,S0,30,2,3,Correct,-0.030537563656479416,round,,D_local,S_final,10,10,22
llama-4-scout,S0,31,1,1,Correct,0.08598210268432271,round,,D_local,S_final,10,10,22
llama-4-scout,S0,31,1,2,Correct,0.09312889869676466,round,,D_local,S_final,10,10,22
llama-4-scout,S0,31,1,3,Correct,0.0929599800544132,round,,D_local,S_final,10,10,22
llama-4-scout,S0,32,1,1,Wrong,-0.038043886968078144,round,,D_local,S_final,10,10,22
llama-4-scout,S0,32,1,2,Wrong,-0.0016589540990821217,round,,D_local,S_final,10,10,22
llama-4-scout,S0,32,1,3,Wrong,-0.0367238203024044,round,,D_local,S_final,10,10,22
llama-4-scout,S0,33,1,1,Wrong,0.03148196592801633,round,,D_local,S_final,10,10,22
llama-4-scout,S0,33,1,2,Wrong,0.026800337166578814,round,,D_local,S_final,10,10,22
llama-4-scout,S0,33,1,3,Wrong,0.049041738516727995,round,,D_local,S_final,10,10,22
llama-4-scout,S0,34,1,1,Wrong,0.013718414599503292,round,,D_local,S_final,10,10,22
llama-4-scout,S0,34,1,2,Wrong,0.02366876478034563,round,,D_local,S_final,10,10,22
llama-4-scout,S0,34,1,3,Wrong,-0.008039375542348681,round,,D_local,S_final,10,10,22
llama-4-scout,S0,35,1,1,Wrong,-0.024214208001630322,round,,D_local,S_final,10,10,22
llama-4-scout,S0,35,1,2,Wrong,-0.03468999323815902,round,,D_local,S_final,10,10,22
llama-4-scout,S0,35,1,3,Wrong,-0.031488622645735376,round,,D_local,S_final,10,10,22
llama-4-scout,S0,36,1,1,Correct,0.10001102319522526,round,,D_local,S_final,10,10,22
llama-4-scout,S0,36,1,2,Correct,0.09881876381343258,round,,D_local,S_final,10,10,22
llama-4-scout,S0,36,1,3,Correct,0.08978793310818722,round,,D_local,S_final,10,10,22
llama-4-scout,S0,36,2,1,Wrong,-0.026768508486152975,round,,D_local,S_final,10,10,22
llama-4-scout,S0,36,2,2,Wrong,0.02729935975382447,round,,D_local,S_final,10,10,22
llama-4-scout,S0,36,2,3,Wrong,-0.03568178345532369,round,,D_local,S_final,10,10,22
llama-4-scout,S0,36,3,1,Correct,0.005964716271193549,round,,D_local,S_final,10,10,22
llama-4-scout,S0,36,3,2,Correct,0.001736447507289407,round,,D_local,S_final,10,10,22
llama-4-scout,S0,36,3,3,Correct,0.0007807441257117187,round,,D_local,S_final,10,10,22
llama-4-scout,S0,37,1,1,Wrong,0.009965656601570672,round,,D_local,S_final,10,10,22
llama-4-scout,S0,37,1,2,Wrong,0.009901824194302411,round,,D_local,S_final,10,10,22
llama-4-scout,S0,37,1,3,Wrong,0.0016713660275003983,round,,D_local,S_final,10,10,22
llama-4-scout,S0,37,2,1,Correct,0.07902144208139239,round,,D_local,S_final,10,10,22
llama-4-scout,S0,37,2,2,Correct,0.06567803430303765,round,,D_local,S_final,10,10,22
llama-4-scout,S0,37,2,3,Correct,0.07386375343214069,round,,D_local,S_final,10,10,22
llama-4-scout,S0,38,1,1,Wrong,-0.10706318050714247,round,,D_local,S_final,10,10,22
llama-4-scout,S0,38,1,2,Wrong,-0.10115669573194447,round,,D_local,S_final,10,10,22
llama-4-scout,S0,38,1,3,Wrong,-0.1341117147621559,round,,D_local,S_final,10,10,22
llama-4-scout,S0,38,2,1,Wrong,-0.14099122714304424,round,,D_local,S_final,10,10,22
llama-4-scout,S0,38,2,2,Wrong,-0.11780320663301602,round,,D_local,S_final,10,10,22
llama-4-scout,S0,38,2,3,Wrong,-0.1272826666216731,round,,D_local,S_final,10,10,22
llama-4-scout,S0,39,1,1,Wrong,-0.05232346147859446,round,,D_local,S_final,10,10,22
llama-4-scout,S0,39,1,2,Correct,-0.037653915156795836,round,,D_local,S_final,10,10,22
llama-4-scout,S0,39,1,3,Wrong,-0.03101915164754221,round,,D_local,S_final,10,10,22
llama-4-scout,S0,39,2,1,Wrong,0.14517066425349046,round,,D_local,S_final,10,10,22
llama-4-scout,S0,39,2,2,Correct,0.16458172502172885,round,,D_local,S_final,10,10,22
llama-4-scout,S0,39,2,3,Correct,0.1488796613552944,round,,D_local,S_final,10,10,22
llama-4-scout,S0,40,1,1,Correct,0.07995947631572153,round,,D_local,S_final,10,10,22
llama-4-scout,S0,40,1,2,Correct,0.07433468516963171,round,,D_local,S_final,10,10,22
llama-4-scout,S0,40,1,3,Correct,0.07604649296593335,round,,D_local,S_final,10,10,22
llama-4-scout,S0,40,2,1,Correct,0.06707207540213822,round,,D_local,S_final,10,10,22
llama-4-scout,S0,40,2,2,Correct,0.08613301115820726,round,,D_local,S_final,10,10,22
llama-4-scout,S0,40,2,3,Correct,0.08503875505471459,round,,D_local,S_final,10,10,22
llama-4-scout,S0,40,3,1,Correct,0.021416723572595164,round,,D_local,S_final,10,10,22
llama-4-scout,S0,40,3,2,Correct,0.06950741642687863,round,,D_local,S_final,10,10,22
llama-4-scout,S0,40,3,3,Correct,0.027269033683502975,round,,D_local,S_final,10,10,22
llama-4-scout,S0,40,4,1,Correct,0.010586436624288598,round,,D_local,S_final,10,10,22
llama-4-scout,S0,40,4,2,Correct,0.05384550730677373,round,,D_local,S_final,10,10,22
llama-4-scout,S0,40,4,3,Correct,0.004480409945618602,round,,D_local,S_final,10,10,22
llama-4-scout,S0,40,5,1,Wrong,0.0648760399872017,round,,D_local,S_final,10,10,22
llama-4-scout,S0,40,5,2,Wrong,0.0687799019511427,round,,D_local,S_final,10,10,22
llama-4-scout,S0,40,5,3,Wrong,0.07234360850876587,round,,D_local,S_final,10,10,22
llama-4-scout,S0,40,6,1,Correct,0.020134505294742255,round,,D_local,S_final,10,10,22
llama-4-scout,S0,40,6,2,Correct,0.021904000432469317,round,,D_local,S_final,10,10,22
llama-4-scout,S0,40,6,3,Correct,0.021904374595017595,round,,D_local,S_final,10,10,22
llama-4-scout,S0,41,1,1,Correct,0.07132355163710846,round,,D_local,S_final,10,10,22
llama-4-scout,S0,41,1,2,Correct,0.11601368634878662,round,,D_local,S_final,10,10,22
llama-4-scout,S0,41,1,3,Correct,0.10366969506346535,round,,D_local,S_final,10,10,22
llama-4-scout,S0,42,1,1,Wrong,-0.05109133922022269,round,,D_local,S_final,10,10,22
llama-4-scout,S0,42,1,2,Wrong,-0.03382524577193702,round,,D_local,S_final,10,10,22
llama-4-scout,S0,42,1,3,Wrong,-0.04499491495730468,round,,D_local,S_final,10,10,22
llama-4-scout,S0,43,1,1,Wrong,-0.0660133894759265,round,,D_local,S_final,10,10,22
llama-4-scout,S0,43,1,2,Wrong,-0.05039640694833414,round,,D_local,S_final,10,10,22
llama-4-scout,S0,43,1,3,Wrong,-0.0545469796559821,round,,D_local,S_final,10,10,22
llama-4-scout,S0,44,1,1,Wrong,0.06286385916335324,round,,D_local,S_final,10,10,22
llama-4-scout,S0,44,1,2,Wrong,0.04840059624561088,round,,D_local,S_final,10,10,22
llama-4-scout,S0,44,1,3,Wrong,0.07487906808734979,round,,D_local,S_final,10,10,22
llama-4-scout,S0,45,1,1,Wrong,0.16871171089324222,round,,D_local,S_final,10,10,22
llama-4-scout,S0,45,1,2,Correct,0.1592478769246638,round,,D_local,S_final,10,10,22
llama-4-scout,S0,45,1,3,Wrong,0.15130222982881203,round,,D_local,S_final,10,10,22
llama-4-scout,S0,45,2,1,Correct,-0.05818237967396933,round,,D_local,S_final,10,10,22
llama-4-scout,S0,45,2,2,Wrong,-0.07975014351897569,round,,D_local,S_final,10,10,22
llama-4-scout,S0,45,2,3,Wrong,-0.0825223038911096,round,,D_local,S_final,10,10,22
llama-4-scout,S0,45,3,1,Wrong,-0.07439075195727218,round,,D_local,S_final,10,10,22
llama-4-scout,S0,45,3,2,Wrong,-0.05984465203032696,round,,D_local,S_final,10,10,22
llama-4-scout,S0,45,3,3,Wrong,-0.06035846477958218,round,,D_local,S_final,10,10,22
llama-4-scout,S0,46,1,1,Correct,0.10402779375396165,round,,D_local,S_final,10,10,22
llama-4-scout,S0,46,1,2,Correct,0.10460877485291442,round,,D_local,S_final,10,10,22
llama-4-scout,S0,46,1,3,Correct,0.08344800054361345,round,,D_local,S_final,10,10,22
llama-4-scout,S0,46,2,1,Correct,0.025952780005830456,round,,D_local,S_final,10,10,22
llama-4-scout,S0,46,2,2,Correct,0.04068208649431082,round,,D_local,S_final,10,10,22
llama-4-scout,S0,46,2,3,Correct,0.03973922377983197,round,,D_local,S_final,10,10,22
llama-4-scout,S0,47,1,1,Correct,0.09006197913059744,round,,D_local,S_final,10,10,22
llama-4-scout,S0,47,1,2,Correct,0.09065005673596815,round,,D_local,S_final,10,10,22
llama-4-scout,S0,47,1,3,Correct,0.07889335069114167,round,,D_local,S_final,10,10,22
llama-4-scout,S0,47,2,1,Correct,0.009946396703468974,round,,D_local,S_final,10,10,22
llama-4-scout,S0,47,2,2,Correct,-0.0017595143207249642,round,,D_local,S_final,10,10,22
llama-4-scout,S0,47,2,3,Correct,-0.018019713242248936,round,,D_local,S_final,10,10,22
llama-4-scout,S0,48,1,1,Correct,0.09325195205411885,round,,D_local,S_final,10,10,22
llama-4-scout,S0,48,1,2,Correct,0.08800953931991451,round,,D_local,S_final,10,10,22
llama-4-scout,S0,48,1,3,Correct,0.07562748677118125,round,,D_local,S_final,10,10,22
llama-4-scout,S0,48,2,1,Wrong,0.05444027919488714,round,,D_local,S_final,10,10,22
llama-4-scout,S0,48,2,2,Wrong,-0.013365374339781688,round,,D_local,S_final,10,10,22
llama-4-scout,S0,48,2,3,Wrong,-0.016133583329224988,round,,D_local,S_final,10,10,22
llama-4-scout,S0,49,1,1,Wrong,0.02978614316072048,round,,D_local,S_final,10,10,22
llama-4-scout,S0,49,1,2,Wrong,0.005589637740148201,round,,D_local,S_final,10,10,22
llama-4-scout,S0,49,1,3,Wrong,0.048503492779970125,round,,D_local,S_final,10,10,22
llama-4-scout,S0,50,1,1,Wrong,0.002515040960913595,round,,D_local,S_final,10,10,22
llama-4-scout,S0,50,1,2,Wrong,-9.228156394675002e-05,round,,D_local,S_final,10,10,22
llama-4-scout,S0,50,1,3,Wrong,0.01542644377447322,round,,D_local,S_final,10,10,22
llama-4-scout,S0,51,1,1,Wrong,0.07401742907964681,round,,D_local,S_final,10,10,22
llama-4-scout,S0,51,1,2,Wrong,0.055354960817128096,round,,D_local,S_final,10,10,22
llama-4-scout,S0,51,1,3,Wrong,0.07972332211411337,round,,D_local,S_final,10,10,22
llama-4-scout,S0,52,1,1,Correct,0.11661654052986759,round,,D_local,S_final,10,10,22
llama-4-scout,S0,52,1,2,Correct,0.1506904067571363,round,,D_local,S_final,10,10,22
llama-4-scout,S0,52,1,3,Correct,0.1381708224997954,round,,D_local,S_final,10,10,22
llama-4-scout,S0,53,1,1,Wrong,0.03946340401081572,round,,D_local,S_final,10,10,22
llama-4-scout,S0,53,1,2,Wrong,0.06856516239115307,round,,D_local,S_final,10,10,22
llama-4-scout,S0,53,1,3,Wrong,0.05473464299189168,round,,D_local,S_final,10,10,22
llama-4-scout,S0,53,2,1,Correct,0.07082386719769196,round,,D_local,S_final,10,10,22
llama-4-scout,S0,53,2,2,Correct,0.09175597321946061,round,,D_local,S_final,10,10,22
llama-4-scout,S0,53,2,3,Correct,0.07289727747063823,round,,D_local,S_final,10,10,22
llama-4-scout,S0,54,1,1,Wrong,-0.08857746848332554,round,,D_local,S_final,10,10,22
llama-4-scout,S0,54,1,2,Wrong,-0.07317997429772172,round,,D_local,S_final,10,10,22
llama-4-scout,S0,54,1,3,Wrong,-0.06366613296759227,round,,D_local,S_final,10,10,22
llama-4-scout,S0,54,2,1,Correct,0.07513895254734126,round,,D_local,S_final,10,10,22
llama-4-scout,S0,54,2,2,Correct,0.07127702415010262,round,,D_local,S_final,10,10,22
llama-4-scout,S0,54,2,3,Correct,0.07927001173082016,round,,D_local,S_final,10,10,22
llama-4-scout,S0,55,1,1,Wrong,-0.033555557160995564,round,,D_local,S_final,10,10,22
llama-4-scout,S0,55,1,2,Wrong,-0.023601285040715347,round,,D_local,S_final,10,10,22
llama-4-scout,S0,55,1,3,Wrong,-0.03233411773451511,round,,D_local,S_final,10,10,22
llama-4-scout,S0,55,2,1,Correct,0.09150308052751599,round,,D_local,S_final,10,10,22
llama-4-scout,S0,55,2,2,Correct,0.09711978899710239,round,,D_local,S_final,10,10,22
llama-4-scout,S0,55,2,3,Correct,0.092887085343892,round,,D_local,S_final,10,10,22
llama-4-scout,S0,56,1,1,Correct,0.029221808993602827,round,,D_local,S_final,10,10,22
llama-4-scout,S0,56,1,2,Correct,0.011170529140366536,round,,D_local,S_final,10,10,22
llama-4-scout,S0,56,1,3,Correct,0.03557289702265076,round,,D_local,S_final,10,10,22
llama-4-scout,S0,56,2,1,Correct,0.05185841259150814,round,,D_local,S_final,10,10,22
llama-4-scout,S0,56,2,2,Correct,0.056349976981086125,round,,D_local,S_final,10,10,22
llama-4-scout,S0,56,2,3,Correct,0.05523664085530233,round,,D_local,S_final,10,10,22
llama-4-scout,S0,57,1,1,Wrong,-0.10352593659092335,round,,D_local,S_final,10,10,22
llama-4-scout,S0,57,1,2,Wrong,-0.09740613264081299,round,,D_local,S_final,10,10,22
llama-4-scout,S0,57,1,3,Correct,-0.11385094337441448,round,,D_local,S_final,10,10,22
llama-4-scout,S0,57,2,1,Wrong,-0.19731163690300557,round,,D_local,S_final,10,10,22
llama-4-scout,S0,57,2,2,Wrong,-0.19924638540307127,round,,D_local,S_final,10,10,22
llama-4-scout,S0,57,2,3,Wrong,-0.1981356761672255,round,,D_local,S_final,10,10,22
llama-4-scout,S0,58,1,1,Wrong,-0.027789617162236047,round,,D_local,S_final,10,10,22
llama-4-scout,S0,58,1,2,Wrong,-0.014628506016911125,round,,D_local,S_final,10,10,22
llama-4-scout,S0,58,1,3,Wrong,-0.02821887886037233,round,,D_local,S_final,10,10,22
llama-4-scout,S0,58,2,1,Correct,0.05585001109175014,round,,D_local,S_final,10,10,22
llama-4-scout,S0,58,2,2,Correct,0.05585891198328197,round,,D_local,S_final,10,10,22
llama-4-scout,S0,58,2,3,Correct,0.05010134923496801,round,,D_local,S_final,10,10,22
llama-4-scout,S0,59,1,1,Correct,-0.0295379211131781,round,,D_local,S_final,10,10,22
llama-4-scout,S0,59,1,2,Wrong,-0.044601005835280594,round,,D_local,S_final,10,10,22
llama-4-scout,S0,59,1,3,Correct,-0.03662656827092198,round,,D_local,S_final,10,10,22
llama-4-scout,S0,59,2,1,Correct,0.07284808780448593,round,,D_local,S_final,10,10,22
llama-4-scout,S0,59,2,2,Correct,0.06643403813012494,round,,D_local,S_final,10,10,22
llama-4-scout,S0,59,2,3,Correct,0.06323802464006878,round,,D_local,S_final,10,10,22
llama-4-scout,S0,60,1,1,Wrong,-0.06442649159972236,round,,D_local,S_final,10,10,22
llama-4-scout,S0,60,1,2,Wrong,-0.07237010572186153,round,,D_local,S_final,10,10,22
llama-4-scout,S0,60,1,3,Wrong,-0.08280982118502916,round,,D_local,S_final,10,10,22
llama-4-scout,S0,60,2,1,Correct,0.05567083781161131,round,,D_local,S_final,10,10,22
llama-4-scout,S0,60,2,2,Correct,0.0479378642523286,round,,D_local,S_final,10,10,22
llama-4-scout,S0,60,2,3,Correct,0.04641096356948604,round,,D_local,S_final,10,10,22
llama-4-scout,S0,61,1,1,Wrong,-0.08395034207654484,round,,D_local,S_final,10,10,22
llama-4-scout,S0,61,1,2,Correct,-0.06690107671798473,round,,D_local,S_final,10,10,22
llama-4-scout,S0,61,1,3,Wrong,-0.0895842630895704,round,,D_local,S_final,10,10,22
llama-4-scout,S0,61,2,1,Correct,0.05558348240458166,round,,D_local,S_final,10,10,22
llama-4-scout,S0,61,2,2,Correct,0.07637684344665596,round,,D_local,S_final,10,10,22
llama-4-scout,S0,61,2,3,Correct,0.07382037193490065,round,,D_local,S_final,10,10,22
llama-4-scout,S0,62,1,1,Wrong,0.027299311718831598,round,,D_local,S_final,10,10,22
llama-4-scout,S0,62,1,2,Wrong,0.017315645448317096,round,,D_local,S_final,10,10,22
llama-4-scout,S0,62,1,3,Correct,0.013562933599328364,round,,D_local,S_final,10,10,22
llama-4-scout,S0,62,2,1,Wrong,0.0024965513617981605,round,,D_local,S_final,10,10,22
llama-4-scout,S0,62,2,2,Wrong,0.01281310628400334,round,,D_local,S_final,10,10,22
llama-4-scout,S0,62,2,3,Wrong,0.014039333920740305,round,,D_local,S_final,10,10,22
llama-4-scout,S0,63,1,1,Correct,0.014021348706992898,round,,D_local,S_final,10,10,22
llama-4-scout,S0,63,1,2,Wrong,0.02659391128379751,round,,D_local,S_final,10,10,22
llama-4-scout,S0,63,1,3,Wrong,0.01812356103653756,round,,D_local,S_final,10,10,22
llama-4-scout,S0,63,2,1,Wrong,0.011685748922120709,round,,D_local,S_final,10,10,22
llama-4-scout,S0,63,2,2,Wrong,0.007101543349359751,round,,D_local,S_final,10,10,22
llama-4-scout,S0,63,2,3,Wrong,0.011559844921893436,round,,D_local,S_final,10,10,22
llama-4-scout,S0,64,1,1,Correct,-0.01734923288788015,round,,D_local,S_final,10,10,22
llama-4-scout,S0,64,1,2,Correct,-0.001265242820052359,round,,D_local,S_final,10,10,22
llama-4-scout,S0,64,1,3,Correct,-0.01598045452067476,round,,D_local,S_final,10,10,22
llama-4-scout,S0,64,2,1,Correct,0.012161645417216871,round,,D_local,S_final,10,10,22
llama-4-scout,S0,64,2,2,Correct,0.039302469504151616,round,,D_local,S_final,10,10,22
llama-4-scout,S0,64,2,3,Correct,0.02571710316332354,round,,D_local,S_final,10,10,22
llama-4-scout,S1_1,1,1,1,Correct,0.10285470897719473,round,,D_local,S_final,10,10,22
llama-4-scout,S1_1,1,1,2,Correct,0.12036255010732788,round,,D_local,S_final,10,10,22
llama-4-scout,S1_1,1,1,3,Correct,0.07179369965653559,round,,D_local,S_final,10,10,22
llama-4-scout,S1_1,1,2,1,Correct,0.02812169325558278,round,,D_local,S_final,10,10,22
llama-4-scout,S1_1,1,2,2,Wrong,0.016173382013787374,round,,D_local,S_final,10,10,22
llama-4-scout,S1_1,1,2,3,Correct,0.04682836305575677,round,,D_local,S_final,10,10,22
llama-4-scout,S1_1,1,3,1,Correct,-0.02352555045148752,round,,D_local,S_final,10,10,22
llama-4-scout,S1_1,1,3,2,Correct,-0.024628398235246207,round,,D_local,S_final,10,10,22
llama-4-scout,S1_1,1,3,3,Correct,0.020631196552642117,round,,D_local,S_final,10,10,22
llama-4-scout,S1_1,1,4,1,Correct,0.09137408472277153,round,,D_local,S_final,10,10,22
llama-4-scout,S1_1,1,4,2,Correct,0.09490389553024947,round,,D_local,S_final,10,10,22
llama-4-scout,S1_1,1,4,3,Correct,0.08699482069949116,round,,D_local,S_final,10,10,22
llama-4-scout,S1_1,1,5,1,Wrong,0.00631424841639161,round,,D_local,S_final,10,10,22
llama-4-scout,S1_1,1,5,2,Wrong,-0.00930850741664535,round,,D_local,S_final,10,10,22
llama-4-scout,S1_1,1,5,3,Wrong,-0.001528750582560967,round,,D_local,S_final,10,10,22
llama-4-scout,S1_1,2,1,1,Wrong,0.15264293361936976,round,,D_local,S_final,10,10,22
llama-4-scout,S1_1,2,1,2,Wrong,0.1788592723998727,round,,D_local,S_final,10,10,22
llama-4-scout,S1_1,2,1,3,Wrong,0.17661244874275706,round,,D_local,S_final,10,10,22
llama-4-scout,S1_1,3,1,1,Correct,0.18886624380437528,round,,D_local,S_final,10,10,22
llama-4-scout,S1_1,3,1,2,Correct,0.18642089538202555,round,,D_local,S_final,10,10,22
llama-4-scout,S1_1,3,1,3,Correct,0.21596803861033376,round,,D_local,S_final,10,10,22
llama-4-scout,S1_1,3,2,1,Correct,0.17781267388766692,round,,D_local,S_final,10,10,22
llama-4-scout,S1_1,3,2,2,Wrong,0.17854136562838752,round,,D_local,S_final,10,10,22
llama-4-scout,S1_1,3,2,3,Wrong,0.1621785815037347,round,,D_local,S_final,10,10,22
llama-4-scout,S1_1,4,1,1,Correct,0.11475120943911443,round,,D_local,S_final,10,10,22
llama-4-scout,S1_1,4,1,2,Correct,0.11931397225549845,round,,D_local,S_final,10,10,22
llama-4-scout,S1_1,4,1,3,Wrong,0.0948837755713795,round,,D_local,S_final,10,10,22
llama-4-scout,S1_1,4,2,1,Correct,0.10601065316306235,round,,D_local,S_final,10,10,22
llama-4-scout,S1_1,4,2,2,Correct,0.10438006644719633,round,,D_local,S_final,10,10,22
llama-4-scout,S1_1,4,2,3,Correct,0.08156516700472516,round,,D_local,S_final,10,10,22
llama-4-scout,S1_1,4,3,1,Correct,0.045040772201822676,round,,D_local,S_final,10,10,22
llama-4-scout,S1_1,4,3,2,Correct,0.0447172875252857,round,,D_local,S_final,10,10,22
llama-4-scout,S1_1,4,3,3,Correct,0.058090919102914085,round,,D_local,S_final,10,10,22
llama-4-scout,S1_1,5,1,1,Correct,0.10741899268723842,round,,D_local,S_final,10,10,22
llama-4-scout,S1_1,5,1,2,Correct,0.10111985818385838,round,,D_local,S_final,10,10,22
llama-4-scout,S1_1,5,1,3,Correct,0.10534154659911177,round,,D_local,S_final,10,10,22
llama-4-scout,S1_1,5,2,1,Correct,0.06590930919453986,round,,D_local,S_final,10,10,22
llama-4-scout,S1_1,5,2,2,Correct,0.04934046040878959,round,,D_local,S_final,10,10,22
llama-4-scout,S1_1,5,2,3,Correct,0.05441492717424168,round,,D_local,S_final,10,10,22
llama-4-scout,S1_1,5,3,1,Wrong,0.06474527382791584,round,,D_local,S_final,10,10,22
llama-4-scout,S1_1,5,3,2,Wrong,0.07075368056638043,round,,D_local,S_final,10,10,22
llama-4-scout,S1_1,5,3,3,Wrong,0.06474527382791584,round,,D_local,S_final,10,10,22
llama-4-scout,S1_1,6,1,1,Correct,0.08817542751115204,round,,D_local,S_final,10,10,22
llama-4-scout,S1_1,6,1,2,Correct,0.08606585086256768,round,,D_local,S_final,10,10,22
llama-4-scout,S1_1,6,1,3,Correct,0.08211753382548936,round,,D_local,S_final,10,10,22
llama-4-scout,S1_1,6,2,1,Wrong,0.015664535280672576,round,,D_local,S_final,10,10,22
llama-4-scout,S1_1,6,2,2,Wrong,-0.011699242300848955,round,,D_local,S_final,10,10,22
llama-4-scout,S1_1,6,2,3,Wrong,0.004184658027206578,round,,D_local,S_final,10,10,22
llama-4-scout,S1_1,6,3,1,Correct,0.06613407621937928,round,,D_local,S_final,10,10,22
llama-4-scout,S1_1,6,3,2,Correct,0.04823168031026104,round,,D_local,S_final,10,10,22
llama-4-scout,S1_1,6,3,3,Correct,0.04513044610933725,round,,D_local,S_final,10,10,22
llama-4-scout,S1_1,7,1,1,Wrong,0.12390823036750886,round,,D_local,S_final,10,10,22
llama-4-scout,S1_1,7,1,2,Wrong,0.1323232972198657,round,,D_local,S_final,10,10,22
llama-4-scout,S1_1,7,1,3,Wrong,0.1133935139001725,round,,D_local,S_final,10,10,22
llama-4-scout,S1_1,7,2,1,Wrong,0.0983641727014184,round,,D_local,S_final,10,10,22
llama-4-scout,S1_1,7,2,2,Wrong,0.08328040893030864,round,,D_local,S_final,10,10,22
llama-4-scout,S1_1,7,2,3,Wrong,0.12957784194574495,round,,D_local,S_final,10,10,22
llama-4-scout,S1_1,7,3,1,Wrong,-0.01493885973538911,round,,D_local,S_final,10,10,22
llama-4-scout,S1_1,7,3,2,Wrong,-0.01466829344827536,round,,D_local,S_final,10,10,22
llama-4-scout,S1_1,7,3,3,Wrong,-0.009278343576762493,round,,D_local,S_final,10,10,22
llama-4-scout,S1_1,7,4,1,Correct,-0.015531246116939457,round,,D_local,S_final,10,10,22
llama-4-scout,S1_1,7,4,2,Correct,-0.016205039421505862,round,,D_local,S_final,10,10,22
llama-4-scout,S1_1,7,4,3,Correct,-0.01072165491253907,round,,D_local,S_final,10,10,22
llama-4-scout,S1_1,7,5,1,Correct,0.04618529105395641,round,,D_local,S_final,10,10,22
llama-4-scout,S1_1,7,5,2,Correct,0.06169444502512933,round,,D_local,S_final,10,10,22
llama-4-scout,S1_1,7,5,3,Correct,0.04766027273284712,round,,D_local,S_final,10,10,22
llama-4-scout,S1_1,7,6,1,Wrong,-0.0089929590906902,round,,D_local,S_final,10,10,22
llama-4-scout,S1_1,7,6,2,Wrong,-0.010466324371672053,round,,D_local,S_final,10,10,22
llama-4-scout,S1_1,7,6,3,Wrong,-0.013282910985202734,round,,D_local,S_final,10,10,22
llama-4-scout,S1_1,7,7,1,Wrong,0.0591125689195624,round,,D_local,S_final,10,10,22
llama-4-scout,S1_1,7,7,2,Wrong,0.05289522937696989,round,,D_local,S_final,10,10,22
llama-4-scout,S1_1,7,7,3,Wrong,0.03297713159669036,round,,D_local,S_final,10,10,22
llama-4-scout,S1_1,7,8,1,Correct,0.05796216755242389,round,,D_local,S_final,10,10,22
llama-4-scout,S1_1,7,8,2,Correct,0.03260105306578398,round,,D_local,S_final,10,10,22
llama-4-scout,S1_1,7,8,3,Correct,0.04690642114386778,round,,D_local,S_final,10,10,22
llama-4-scout,S1_1,7,9,1,Correct,0.06361286041176872,round,,D_local,S_final,10,10,22
llama-4-scout,S1_1,7,9,2,Correct,0.06448023596383523,round,,D_local,S_final,10,10,22
llama-4-scout,S1_1,7,9,3,Correct,0.017678687924309266,round,,D_local,S_final,10,10,22
llama-4-scout,S1_1,7,10,1,Wrong,0.01034100721372011,round,,D_local,S_final,10,10,22
llama-4-scout,S1_1,7,10,2,Wrong,0.008437672917454453,round,,D_local,S_final,10,10,22
llama-4-scout,S1_1,7,10,3,Wrong,0.006175984483622554,round,,D_local,S_final,10,10,22
llama-4-scout,S1_1,7,11,1,Wrong,0.045881180604105176,round,,D_local,S_final,10,10,22
llama-4-scout,S1_1,7,11,2,Wrong,0.04161899146628878,round,,D_local,S_final,10,10,22
llama-4-scout,S1_1,7,11,3,Wrong,0.04406040958128099,round,,D_local,S_final,10,10,22
llama-4-scout,S1_1,8,1,1,Correct,0.08652960313668756,round,,D_local,S_final,10,10,22
llama-4-scout,S1_1,8,1,2,Wrong,0.08124940355119514,round,,D_local,S_final,10,10,22
llama-4-scout,S1_1,8,1,3,Correct,0.08407728609385867,round,,D_local,S_final,10,10,22
llama-4-scout,S1_1,8,2,1,Correct,0.042309573263545563,round,,D_local,S_final,10,10,22
llama-4-scout,S1_1,8,2,2,Correct,0.06155398858551264,round,,D_local,S_final,10,10,22
llama-4-scout,S1_1,8,2,3,Correct,0.03514432861001715,round,,D_local,S_final,10,10,22
llama-4-scout,S1_1,8,3,1,Correct,-0.002282532695299877,round,,D_local,S_final,10,10,22
llama-4-scout,S1_1,8,3,2,Correct,-0.005528440696921044,round,,D_local,S_final,10,10,22
llama-4-scout,S1_1,8,3,3,Correct,-0.008567451894902045,round,,D_local,S_final,10,10,22
llama-4-scout,S1_1,8,4,1,Correct,-0.0315624525737237,round,,D_local,S_final,10,10,22
llama-4-scout,S1_1,8,4,2,Correct,-0.0381032975968264,round,,D_local,S_final,10,10,22
llama-4-scout,S1_1,8,4,3,Wrong,0.0018533195344714315,round,,D_local,S_final,10,10,22
llama-4-scout,S1_1,9,1,1,Correct,0.05862122749923293,round,,D_local,S_final,10,10,22
llama-4-scout,S1_1,9,1,2,Correct,0.04718915896009024,round,,D_local,S_final,10,10,22
llama-4-scout,S1_1,9,1,3,Correct,0.05358532955811013,round,,D_local,S_final,10,10,22
llama-4-scout,S1_1,9,2,1,Wrong,0.054946907596279515,round,,D_local,S_final,10,10,22
llama-4-scout,S1_1,9,2,2,Wrong,0.052807879554610415,round,,D_local,S_final,10,10,22
llama-4-scout,S1_1,9,2,3,Wrong,0.07367638140590049,round,,D_local,S_final,10,10,22
llama-4-scout,S1_1,9,3,1,Correct,0.09204433213030949,round,,D_local,S_final,10,10,22
llama-4-scout,S1_1,9,3,2,Correct,0.05545263336377948,round,,D_local,S_final,10,10,22
llama-4-scout,S1_1,9,3,3,Correct,0.07844179956009434,round,,D_local,S_final,10,10,22
llama-4-scout,S1_1,10,1,1,Wrong,0.08699546400444891,round,,D_local,S_final,10,10,22
llama-4-scout,S1_1,10,1,2,Wrong,0.07877478839957508,round,,D_local,S_final,10,10,22
llama-4-scout,S1_1,10,1,3,Wrong,0.07005548683887625,round,,D_local,S_final,10,10,22
llama-4-scout,S1_1,10,2,1,Wrong,0.12451722743989324,round,,D_local,S_final,10,10,22
llama-4-scout,S1_1,10,2,2,Wrong,0.11573696414126505,round,,D_local,S_final,10,10,22
llama-4-scout,S1_1,10,2,3,Wrong,0.10617016837193904,round,,D_local,S_final,10,10,22
llama-4-scout,S1_1,11,1,1,Wrong,-0.03158367991803901,round,,D_local,S_final,10,10,22
llama-4-scout,S1_1,11,1,2,Wrong,-0.005454234844834649,round,,D_local,S_final,10,10,22
llama-4-scout,S1_1,11,1,3,Wrong,-0.020973910690484487,round,,D_local,S_final,10,10,22
llama-4-scout,S1_1,12,1,1,Correct,-0.035536820204540964,round,,D_local,S_final,10,10,22
llama-4-scout,S1_1,12,1,2,Correct,-0.03274188982215931,round,,D_local,S_final,10,10,22
llama-4-scout,S1_1,12,1,3,Correct,0.00585792194674617,round,,D_local,S_final,10,10,22
llama-4-scout,S1_1,13,1,1,Correct,0.14122610220107057,round,,D_local,S_final,10,10,22
llama-4-scout,S1_1,13,1,2,Wrong,0.14885045752743775,round,,D_local,S_final,10,10,22
llama-4-scout,S1_1,13,1,3,Wrong,0.16110437513366316,round,,D_local,S_final,10,10,22
llama-4-scout,S1_1,13,2,1,Wrong,-0.0555268420292746,round,,D_local,S_final,10,10,22
llama-4-scout,S1_1,13,2,2,Wrong,-0.014200232991950834,round,,D_local,S_final,10,10,22
llama-4-scout,S1_1,13,2,3,Wrong,-0.038703616799865115,round,,D_local,S_final,10,10,22
llama-4-scout,S1_1,13,3,1,Correct,0.01824679786663097,round,,D_local,S_final,10,10,22
llama-4-scout,S1_1,13,3,2,Wrong,0.0175709834982003,round,,D_local,S_final,10,10,22
llama-4-scout,S1_1,13,3,3,Wrong,0.02677017671599191,round,,D_local,S_final,10,10,22
llama-4-scout,S1_1,14,1,1,Wrong,0.018908308762798587,round,,D_local,S_final,10,10,22
llama-4-scout,S1_1,14,1,2,Wrong,0.027555471995627245,round,,D_local,S_final,10,10,22
llama-4-scout,S1_1,14,1,3,Wrong,0.02867777553231654,round,,D_local,S_final,10,10,22
llama-4-scout,S1_1,15,1,1,Wrong,-0.11903139695092829,round,,D_local,S_final,10,10,22
llama-4-scout,S1_1,15,1,2,Wrong,-0.051372490490956935,round,,D_local,S_final,10,10,22
llama-4-scout,S1_1,15,1,3,Wrong,-0.0681900097946414,round,,D_local,S_final,10,10,22
llama-4-scout,S1_1,16,1,1,Correct,0.10552896338282314,round,,D_local,S_final,10,10,22
llama-4-scout,S1_1,16,1,2,Correct,0.08974432553647049,round,,D_local,S_final,10,10,22
llama-4-scout,S1_1,16,1,3,Correct,0.11201217310152223,round,,D_local,S_final,10,10,22
llama-4-scout,S1_1,17,1,1,Wrong,0.026895059259455567,round,,D_local,S_final,10,10,22
llama-4-scout,S1_1,17,1,2,Wrong,0.02252151708005956,round,,D_local,S_final,10,10,22
llama-4-scout,S1_1,17,1,3,Wrong,0.017106428242910865,round,,D_local,S_final,10,10,22
llama-4-scout,S1_1,18,1,1,Correct,0.11458444518309674,round,,D_local,S_final,10,10,22
llama-4-scout,S1_1,18,1,2,Correct,0.1219196449557638,round,,D_local,S_final,10,10,22
llama-4-scout,S1_1,18,1,3,Correct,0.14403222569829133,round,,D_local,S_final,10,10,22
llama-4-scout,S1_1,19,1,1,Correct,0.010015048347658317,round,,D_local,S_final,10,10,22
llama-4-scout,S1_1,19,1,2,Correct,0.040002823284317146,round,,D_local,S_final,10,10,22
llama-4-scout,S1_1,19,1,3,Correct,0.03210901642308339,round,,D_local,S_final,10,10,22
llama-4-scout,S1_1,20,1,1,Correct,0.10864260349797883,round,,D_local,S_final,10,10,22
llama-4-scout,S1_1,20,1,2,Correct,0.1385357567516855,round,,D_local,S_final,10,10,22
llama-4-scout,S1_1,20,1,3,Correct,0.1075077926702479,round,,D_local,S_final,10,10,22
llama-4-scout,S1_1,21,1,1,Correct,0.07857917367751988,round,,D_local,S_final,10,10,22
llama-4-scout,S1_1,21,1,2,Correct,0.07168937524899288,round,,D_local,S_final,10,10,22
llama-4-scout,S1_1,21,1,3,Correct,0.09040198344162031,round,,D_local,S_final,10,10,22
llama-4-scout,S1_1,22,1,1,Wrong,0.02080434837192946,round,,D_local,S_final,10,10,22
llama-4-scout,S1_1,22,1,2,Correct,0.0277962289483501,round,,D_local,S_final,10,10,22
llama-4-scout,S1_1,22,1,3,Correct,0.030979154067386272,round,,D_local,S_final,10,10,22
llama-4-scout,S1_1,23,1,1,Wrong,0.13495820349937881,round,,D_local,S_final,10,10,22
llama-4-scout,S1_1,23,1,2,Correct,0.11731273688305155,round,,D_local,S_final,10,10,22
llama-4-scout,S1_1,23,1,3,Correct,0.06161643415425133,round,,D_local,S_final,10,10,22
llama-4-scout,S1_1,24,1,1,Correct,0.009233628327610988,round,,D_local,S_final,10,10,22
llama-4-scout,S1_1,24,1,2,Correct,0.02711548480821735,round,,D_local,S_final,10,10,22
llama-4-scout,S1_1,24,1,3,Correct,0.0270546331100594,round,,D_local,S_final,10,10,22
llama-4-scout,S1_1,25,1,1,Wrong,-0.01035761235789151,round,,D_local,S_final,10,10,22
llama-4-scout,S1_1,25,1,2,Correct,-0.01804342988794988,round,,D_local,S_final,10,10,22
llama-4-scout,S1_1,25,1,3,Wrong,-0.028734985137211955,round,,D_local,S_final,10,10,22
llama-4-scout,S1_1,25,2,1,Correct,0.07544160932445598,round,,D_local,S_final,10,10,22
llama-4-scout,S1_1,25,2,2,Correct,0.09345899917799916,round,,D_local,S_final,10,10,22
llama-4-scout,S1_1,25,2,3,Correct,0.08550271238002788,round,,D_local,S_final,10,10,22
llama-4-scout,S1_1,26,1,1,Correct,0.06939704803324487,round,,D_local,S_final,10,10,22
llama-4-scout,S1_1,26,1,2,Correct,0.06464405965833764,round,,D_local,S_final,10,10,22
llama-4-scout,S1_1,26,1,3,Correct,0.07803085325434422,round,,D_local,S_final,10,10,22
llama-4-scout,S1_1,26,2,1,Correct,-0.0795748718418845,round,,D_local,S_final,10,10,22
llama-4-scout,S1_1,26,2,2,Correct,-0.0514987203726186,round,,D_local,S_final,10,10,22
llama-4-scout,S1_1,26,2,3,Correct,-0.06683470119443785,round,,D_local,S_final,10,10,22
llama-4-scout,S1_1,26,3,1,Correct,-0.06043453783410935,round,,D_local,S_final,10,10,22
llama-4-scout,S1_1,26,3,2,Correct,-0.08294743050114828,round,,D_local,S_final,10,10,22
llama-4-scout,S1_1,26,3,3,Correct,-0.04093200003700914,round,,D_local,S_final,10,10,22
llama-4-scout,S1_1,26,4,1,Correct,0.13814144722675725,round,,D_local,S_final,10,10,22
llama-4-scout,S1_1,26,4,2,Correct,0.14968334589264776,round,,D_local,S_final,10,10,22
llama-4-scout,S1_1,26,4,3,Correct,0.1282272812918605,round,,D_local,S_final,10,10,22
llama-4-scout,S1_1,27,1,1,Correct,0.07518211666528773,round,,D_local,S_final,10,10,22
llama-4-scout,S1_1,27,1,2,Correct,0.06988692350678027,round,,D_local,S_final,10,10,22
llama-4-scout,S1_1,27,1,3,Correct,0.08896949341182703,round,,D_local,S_final,10,10,22
llama-4-scout,S1_1,27,2,1,Correct,-0.07866391812653162,round,,D_local,S_final,10,10,22
llama-4-scout,S1_1,27,2,2,Correct,-0.06726068413647746,round,,D_local,S_final,10,10,22
llama-4-scout,S1_1,27,2,3,Correct,-0.08741209887032925,round,,D_local,S_final,10,10,22
llama-4-scout,S1_1,27,3,1,Correct,-0.03897526840725141,round,,D_local,S_final,10,10,22
llama-4-scout,S1_1,27,3,2,Wrong,-0.07489212689710412,round,,D_local,S_final,10,10,22
llama-4-scout,S1_1,27,3,3,Correct,-0.051712242150315224,round,,D_local,S_final,10,10,22
llama-4-scout,S1_1,27,4,1,Correct,0.17453333123277126,round,,D_local,S_final,10,10,22
llama-4-scout,S1_1,27,4,2,Correct,0.2015403019490875,round,,D_local,S_final,10,10,22
llama-4-scout,S1_1,27,4,3,Correct,0.183039643997982,round,,D_local,S_final,10,10,22
llama-4-scout,S1_1,28,1,1,Wrong,0.03217379503928586,round,,D_local,S_final,10,10,22
llama-4-scout,S1_1,28,1,2,Wrong,0.03826656811075968,round,,D_local,S_final,10,10,22
llama-4-scout,S1_1,28,1,3,Wrong,0.019036522053686444,round,,D_local,S_final,10,10,22
llama-4-scout,S1_1,28,2,1,Correct,-0.0651833986849974,round,,D_local,S_final,10,10,22
llama-4-scout,S1_1,28,2,2,Correct,-0.06579114279120829,round,,D_local,S_final,10,10,22
llama-4-scout,S1_1,28,2,3,Correct,-0.058747561127707626,round,,D_local,S_final,10,10,22
llama-4-scout,S1_1,29,1,1,Correct,0.11476532348525736,round,,D_local,S_final,10,10,22
llama-4-scout,S1_1,29,1,2,Correct,0.11271497624038124,round,,D_local,S_final,10,10,22
llama-4-scout,S1_1,29,1,3,Correct,0.09607468977212152,round,,D_local,S_final,10,10,22
llama-4-scout,S1_1,29,2,1,Correct,-0.06196808812402077,round,,D_local,S_final,10,10,22
llama-4-scout,S1_1,29,2,2,Correct,-0.06887612469560267,round,,D_local,S_final,10,10,22
llama-4-scout,S1_1,29,2,3,Correct,-0.04807136742538892,round,,D_local,S_final,10,10,22
llama-4-scout,S1_1,30,1,1,Correct,0.052783593054556266,round,,D_local,S_final,10,10,22
llama-4-scout,S1_1,30,1,2,Correct,0.03994818043878212,round,,D_local,S_final,10,10,22
llama-4-scout,S1_1,30,1,3,Correct,0.05141414196220773,round,,D_local,S_final,10,10,22
llama-4-scout,S1_1,30,2,1,Correct,-0.061294453365779045,round,,D_local,S_final,10,10,22
llama-4-scout,S1_1,30,2,2,Correct,-0.08153403185605645,round,,D_local,S_final,10,10,22
llama-4-scout,S1_1,30,2,3,Correct,-0.0703446024886123,round,,D_local,S_final,10,10,22
llama-4-scout,S1_1,31,1,1,Wrong,0.11486395130335414,round,,D_local,S_final,10,10,22
llama-4-scout,S1_1,31,1,2,Wrong,0.13229486238215138,round,,D_local,S_final,10,10,22
llama-4-scout,S1_1,31,1,3,Wrong,0.11864816008042722,round,,D_local,S_final,10,10,22
llama-4-scout,S1_1,32,1,1,Wrong,0.044693763120353225,round,,D_local,S_final,10,10,22
llama-4-scout,S1_1,32,1,2,Wrong,0.04711166873980799,round,,D_local,S_final,10,10,22
llama-4-scout,S1_1,32,1,3,Wrong,0.059143510891469964,round,,D_local,S_final,10,10,22
llama-4-scout,S1_1,33,1,1,Wrong,0.07455056246898994,round,,D_local,S_final,10,10,22
llama-4-scout,S1_1,33,1,2,Wrong,0.07373415807716005,round,,D_local,S_final,10,10,22
llama-4-scout,S1_1,33,1,3,Wrong,0.09591836002614895,round,,D_local,S_final,10,10,22
llama-4-scout,S1_1,34,1,1,Wrong,0.044094093746171015,round,,D_local,S_final,10,10,22
llama-4-scout,S1_1,34,1,2,Correct,0.06403018070377364,round,,D_local,S_final,10,10,22
llama-4-scout,S1_1,34,1,3,Correct,0.030746682167667627,round,,D_local,S_final,10,10,22
llama-4-scout,S1_1,35,1,1,Correct,0.00978369339252494,round,,D_local,S_final,10,10,22
llama-4-scout,S1_1,35,1,2,Wrong,0.005731394973346904,round,,D_local,S_final,10,10,22
llama-4-scout,S1_1,35,1,3,Wrong,-0.05417724071900265,round,,D_local,S_final,10,10,22
llama-4-scout,S1_1,36,1,1,Wrong,0.10906311487137477,round,,D_local,S_final,10,10,22
llama-4-scout,S1_1,36,1,2,Wrong,0.10431700835181867,round,,D_local,S_final,10,10,22
llama-4-scout,S1_1,36,1,3,Wrong,0.09775362619003647,round,,D_local,S_final,10,10,22
llama-4-scout,S1_1,36,2,1,Wrong,0.04533212215735449,round,,D_local,S_final,10,10,22
llama-4-scout,S1_1,36,2,2,Wrong,0.04215801476934533,round,,D_local,S_final,10,10,22
llama-4-scout,S1_1,36,2,3,Wrong,0.032443361963016115,round,,D_local,S_final,10,10,22
llama-4-scout,S1_1,36,3,1,Correct,0.00571044472752269,round,,D_local,S_final,10,10,22
llama-4-scout,S1_1,36,3,2,Correct,0.023415369605671588,round,,D_local,S_final,10,10,22
llama-4-scout,S1_1,36,3,3,Wrong,0.023417218412882135,round,,D_local,S_final,10,10,22
llama-4-scout,S1_1,37,1,1,Correct,0.0677282127890595,round,,D_local,S_final,10,10,22
llama-4-scout,S1_1,37,1,2,Correct,0.04819682726538366,round,,D_local,S_final,10,10,22
llama-4-scout,S1_1,37,1,3,Correct,0.03354544333063103,round,,D_local,S_final,10,10,22
llama-4-scout,S1_1,37,2,1,Wrong,0.07233853879820429,round,,D_local,S_final,10,10,22
llama-4-scout,S1_1,37,2,2,Wrong,0.08440123255497178,round,,D_local,S_final,10,10,22
llama-4-scout,S1_1,37,2,3,Wrong,0.09135352030802091,round,,D_local,S_final,10,10,22
llama-4-scout,S1_1,38,1,1,Correct,-0.10476460245786456,round,,D_local,S_final,10,10,22
llama-4-scout,S1_1,38,1,2,Correct,-0.1288976839988556,round,,D_local,S_final,10,10,22
llama-4-scout,S1_1,38,1,3,Correct,-0.1260459022175579,round,,D_local,S_final,10,10,22
llama-4-scout,S1_1,38,2,1,Wrong,-0.12854701051975537,round,,D_local,S_final,10,10,22
llama-4-scout,S1_1,38,2,2,Wrong,-0.1245955494968678,round,,D_local,S_final,10,10,22
llama-4-scout,S1_1,38,2,3,Wrong,-0.11864839599901222,round,,D_local,S_final,10,10,22
llama-4-scout,S1_1,39,1,1,Wrong,-0.052154399907890725,round,,D_local,S_final,10,10,22
llama-4-scout,S1_1,39,1,2,Wrong,-0.03187853518046324,round,,D_local,S_final,10,10,22
llama-4-scout,S1_1,39,1,3,Wrong,-0.039406146794949026,round,,D_local,S_final,10,10,22
llama-4-scout,S1_1,39,2,1,Correct,0.14535066644584083,round,,D_local,S_final,10,10,22
llama-4-scout,S1_1,39,2,2,Correct,0.10174598101440613,round,,D_local,S_final,10,10,22
llama-4-scout,S1_1,39,2,3,Correct,0.11976930878196945,round,,D_local,S_final,10,10,22
llama-4-scout,S1_1,40,1,1,Correct,0.07456954048694586,round,,D_local,S_final,10,10,22
llama-4-scout,S1_1,40,1,2,Correct,0.080707896780288,round,,D_local,S_final,10,10,22
llama-4-scout,S1_1,40,1,3,Correct,0.08039265725475686,round,,D_local,S_final,10,10,22
llama-4-scout,S1_1,40,2,1,Wrong,0.06716941790631625,round,,D_local,S_final,10,10,22
llama-4-scout,S1_1,40,2,2,Correct,0.060475442167780336,round,,D_local,S_final,10,10,22
llama-4-scout,S1_1,40,2,3,Wrong,0.06473645906438663,round,,D_local,S_final,10,10,22
llama-4-scout,S1_1,40,3,1,Wrong,0.051537628855330087,round,,D_local,S_final,10,10,22
llama-4-scout,S1_1,40,3,2,Correct,0.03715741598582578,round,,D_local,S_final,10,10,22
llama-4-scout,S1_1,40,3,3,Wrong,0.051273925556147515,round,,D_local,S_final,10,10,22
llama-4-scout,S1_1,40,4,1,Correct,0.029575098950177847,round,,D_local,S_final,10,10,22
llama-4-scout,S1_1,40,4,2,Wrong,0.024904821979581104,round,,D_local,S_final,10,10,22
llama-4-scout,S1_1,40,4,3,Wrong,0.040187061351035225,round,,D_local,S_final,10,10,22
llama-4-scout,S1_1,40,5,1,Wrong,0.03266152244746323,round,,D_local,S_final,10,10,22
llama-4-scout,S1_1,40,5,2,Wrong,0.037287571196643166,round,,D_local,S_final,10,10,22
llama-4-scout,S1_1,40,5,3,Wrong,0.009195865306089956,round,,D_local,S_final,10,10,22
llama-4-scout,S1_1,40,6,1,Correct,0.043645224231155355,round,,D_local,S_final,10,10,22
llama-4-scout,S1_1,40,6,2,Correct,0.051309085290625056,round,,D_local,S_final,10,10,22
llama-4-scout,S1_1,40,6,3,Correct,0.022069710782659402,round,,D_local,S_final,10,10,22
llama-4-scout,S1_1,41,1,1,Correct,0.08238172855016523,round,,D_local,S_final,10,10,22
llama-4-scout,S1_1,41,1,2,Wrong,0.07234469548188893,round,,D_local,S_final,10,10,22
llama-4-scout,S1_1,41,1,3,Correct,0.10960880488283309,round,,D_local,S_final,10,10,22
llama-4-scout,S1_1,42,1,1,Wrong,-0.049738303906939674,round,,D_local,S_final,10,10,22
llama-4-scout,S1_1,42,1,2,Wrong,-0.05285617139933729,round,,D_local,S_final,10,10,22
llama-4-scout,S1_1,42,1,3,Wrong,-0.06751910946506268,round,,D_local,S_final,10,10,22
llama-4-scout,S1_1,43,1,1,Wrong,-0.05746902045397273,round,,D_local,S_final,10,10,22
llama-4-scout,S1_1,43,1,2,Wrong,-0.05505431267151306,round,,D_local,S_final,10,10,22
llama-4-scout,S1_1,43,1,3,Wrong,-0.04469748041374344,round,,D_local,S_final,10,10,22
llama-4-scout,S1_1,44,1,1,Wrong,0.03224995814017684,round,,D_local,S_final,10,10,22
llama-4-scout,S1_1,44,1,2,Wrong,0.06474268966209396,round,,D_local,S_final,10,10,22
llama-4-scout,S1_1,44,1,3,Wrong,0.08140092011177524,round,,D_local,S_final,10,10,22
llama-4-scout,S1_1,45,1,1,Correct,0.17792280062948607,round,,D_local,S_final,10,10,22
llama-4-scout,S1_1,45,1,2,Correct,0.15735754397124857,round,,D_local,S_final,10,10,22
llama-4-scout,S1_1,45,1,3,Wrong,0.14349588309095063,round,,D_local,S_final,10,10,22
llama-4-scout,S1_1,45,2,1,Wrong,0.002838745640799889,round,,D_local,S_final,10,10,22
llama-4-scout,S1_1,45,2,2,Wrong,-0.06511857456611791,round,,D_local,S_final,10,10,22
llama-4-scout,S1_1,45,2,3,Wrong,-0.027801085330445674,round,,D_local,S_final,10,10,22
llama-4-scout,S1_1,45,3,1,Wrong,-0.050317891530170966,round,,D_local,S_final,10,10,22
llama-4-scout,S1_1,45,3,2,Wrong,-0.05132521177670013,round,,D_local,S_final,10,10,22
llama-4-scout,S1_1,45,3,3,Wrong,-0.030228405308654227,round,,D_local,S_final,10,10,22
llama-4-scout,S1_1,46,1,1,Correct,0.08190524997572024,round,,D_local,S_final,10,10,22
llama-4-scout,S1_1,46,1,2,Correct,0.10464166103564065,round,,D_local,S_final,10,10,22
llama-4-scout,S1_1,46,1,3,Correct,0.10214347142558156,round,,D_local,S_final,10,10,22
llama-4-scout,S1_1,46,2,1,Correct,0.0406490996040757,round,,D_local,S_final,10,10,22
llama-4-scout,S1_1,46,2,2,Correct,0.023347604924573218,round,,D_local,S_final,10,10,22
llama-4-scout,S1_1,46,2,3,Correct,0.03584498694532179,round,,D_local,S_final,10,10,22
llama-4-scout,S1_1,47,1,1,Correct,0.11505573644769929,round,,D_local,S_final,10,10,22
llama-4-scout,S1_1,47,1,2,Correct,0.10655062552049355,round,,D_local,S_final,10,10,22
llama-4-scout,S1_1,47,1,3,Correct,0.10941366793462326,round,,D_local,S_final,10,10,22
llama-4-scout,S1_1,47,2,1,Correct,0.02399851337859371,round,,D_local,S_final,10,10,22
llama-4-scout,S1_1,47,2,2,Correct,0.021710184128336807,round,,D_local,S_final,10,10,22
llama-4-scout,S1_1,47,2,3,Correct,0.024677888602653075,round,,D_local,S_final,10,10,22
llama-4-scout,S1_1,48,1,1,Wrong,0.019428930559793334,round,,D_local,S_final,10,10,22
llama-4-scout,S1_1,48,1,2,Wrong,0.07363236286674901,round,,D_local,S_final,10,10,22
llama-4-scout,S1_1,48,1,3,Correct,0.10637171568212567,round,,D_local,S_final,10,10,22
llama-4-scout,S1_1,48,2,1,Correct,0.028736061199765683,round,,D_local,S_final,10,10,22
llama-4-scout,S1_1,48,2,2,Wrong,0.01200740644167908,round,,D_local,S_final,10,10,22
llama-4-scout,S1_1,48,2,3,Wrong,0.022913445643278685,round,,D_local,S_final,10,10,22
llama-4-scout,S1_1,49,1,1,Wrong,0.015340457469060098,round,,D_local,S_final,10,10,22
llama-4-scout,S1_1,49,1,2,Wrong,-0.008563062594419912,round,,D_local,S_final,10,10,22
llama-4-scout,S1_1,49,1,3,Wrong,0.007892692638229948,round,,D_local,S_final,10,10,22
llama-4-scout,S1_1,50,1,1,Wrong,-0.0040634870925574385,round,,D_local,S_final,10,10,22
llama-4-scout,S1_1,50,1,2,Wrong,0.011743569187033343,round,,D_local,S_final,10,10,22
llama-4-scout,S1_1,50,1,3,Wrong,0.05411847515893553,round,,D_local,S_final,10,10,22
llama-4-scout,S1_1,51,1,1,Wrong,0.04720769451516449,round,,D_local,S_final,10,10,22
llama-4-scout,S1_1,51,1,2,Wrong,0.08256352716026838,round,,D_local,S_final,10,10,22
llama-4-scout,S1_1,51,1,3,Wrong,0.09100992015435327,round,,D_local,S_final,10,10,22
llama-4-scout,S1_1,52,1,1,Correct,0.15550707590560464,round,,D_local,S_final,10,10,22
llama-4-scout,S1_1,52,1,2,Correct,0.14491719901795774,round,,D_local,S_final,10,10,22
llama-4-scout,S1_1,52,1,3,Correct,0.14396555880274986,round,,D_local,S_final,10,10,22
llama-4-scout,S1_1,53,1,1,Wrong,0.03691191850145514,round,,D_local,S_final,10,10,22
llama-4-scout,S1_1,53,1,2,Correct,0.034109462882994324,round,,D_local,S_final,10,10,22
llama-4-scout,S1_1,53,1,3,Correct,0.04417893287889385,round,,D_local,S_final,10,10,22
llama-4-scout,S1_1,53,2,1,Correct,0.07332773017463501,round,,D_local,S_final,10,10,22
llama-4-scout,S1_1,53,2,2,Correct,0.08906992496905386,round,,D_local,S_final,10,10,22
llama-4-scout,S1_1,53,2,3,Correct,0.09224391598253057,round,,D_local,S_final,10,10,22
llama-4-scout,S1_1,54,1,1,Correct,-0.11423548993397453,round,,D_local,S_final,10,10,22
llama-4-scout,S1_1,54,1,2,Correct,-0.115626139992493,round,,D_local,S_final,10,10,22
llama-4-scout,S1_1,54,1,3,Correct,-0.11551757134203877,round,,D_local,S_final,10,10,22
llama-4-scout,S1_1,54,2,1,Correct,0.13256231372116895,round,,D_local,S_final,10,10,22
llama-4-scout,S1_1,54,2,2,Correct,0.1268218018837805,round,,D_local,S_final,10,10,22
llama-4-scout,S1_1,54,2,3,Correct,0.1268218018837805,round,,D_local,S_final,10,10,22
llama-4-scout,S1_1,55,1,1,Wrong,0.008069138579728796,round,,D_local,S_final,10,10,22
llama-4-scout,S1_1,55,1,2,Wrong,-0.005867759773509784,round,,D_local,S_final,10,10,22
llama-4-scout,S1_1,55,1,3,Wrong,0.008140759513911244,round,,D_local,S_final,10,10,22
llama-4-scout,S1_1,55,2,1,Correct,0.1366856812001651,round,,D_local,S_final,10,10,22
llama-4-scout,S1_1,55,2,2,Correct,0.12683630975043658,round,,D_local,S_final,10,10,22
llama-4-scout,S1_1,55,2,3,Correct,0.12539548948228507,round,,D_local,S_final,10,10,22
llama-4-scout,S1_1,56,1,1,Wrong,-0.04392649919458391,round,,D_local,S_final,10,10,22
llama-4-scout,S1_1,56,1,2,Wrong,-0.017894624464888764,round,,D_local,S_final,10,10,22
llama-4-scout,S1_1,56,1,3,Wrong,-0.035382887612441016,round,,D_local,S_final,10,10,22
llama-4-scout,S1_1,56,2,1,Correct,0.023590071815694946,round,,D_local,S_final,10,10,22
llama-4-scout,S1_1,56,2,2,Correct,0.010844522144880742,round,,D_local,S_final,10,10,22
llama-4-scout,S1_1,56,2,3,Correct,0.024375410172354117,round,,D_local,S_final,10,10,22
llama-4-scout,S1_1,57,1,1,Correct,-0.09963340938094423,round,,D_local,S_final,10,10,22
llama-4-scout,S1_1,57,1,2,Correct,-0.09956567338585809,round,,D_local,S_final,10,10,22
llama-4-scout,S1_1,57,1,3,Correct,-0.10223490631962306,round,,D_local,S_final,10,10,22
llama-4-scout,S1_1,57,2,1,Wrong,-0.15716246664639677,round,,D_local,S_final,10,10,22
llama-4-scout,S1_1,57,2,2,Wrong,-0.14724876995153435,round,,D_local,S_final,10,10,22
llama-4-scout,S1_1,57,2,3,Wrong,-0.15950457678863933,round,,D_local,S_final,10,10,22
llama-4-scout,S1_1,58,1,1,Correct,0.009136385984164108,round,,D_local,S_final,10,10,22
llama-4-scout,S1_1,58,1,2,Correct,0.006029720492130908,round,,D_local,S_final,10,10,22
llama-4-scout,S1_1,58,1,3,Correct,0.007672995731820231,round,,D_local,S_final,10,10,22
llama-4-scout,S1_1,58,2,1,Correct,0.014237696916819753,round,,D_local,S_final,10,10,22
llama-4-scout,S1_1,58,2,2,Correct,0.007046461723071273,round,,D_local,S_final,10,10,22
llama-4-scout,S1_1,58,2,3,Correct,0.02371752387739512,round,,D_local,S_final,10,10,22
llama-4-scout,S1_1,59,1,1,Correct,-0.05569530726389671,round,,D_local,S_final,10,10,22
llama-4-scout,S1_1,59,1,2,Correct,-0.05705602885779765,round,,D_local,S_final,10,10,22
llama-4-scout,S1_1,59,1,3,Correct,-0.06633521792055597,round,,D_local,S_final,10,10,22
llama-4-scout,S1_1,59,2,1,Correct,0.10229935589553363,round,,D_local,S_final,10,10,22
llama-4-scout,S1_1,59,2,2,Correct,0.08533940937428969,round,,D_local,S_final,10,10,22
llama-4-scout,S1_1,59,2,3,Correct,0.09672543095318958,round,,D_local,S_final,10,10,22
llama-4-scout,S1_1,60,1,1,Correct,-0.11450692263120243,round,,D_local,S_final,10,10,22
llama-4-scout,S1_1,60,1,2,Correct,-0.09183622073009035,round,,D_local,S_final,10,10,22
llama-4-scout,S1_1,60,1,3,Correct,-0.12086302154718853,round,,D_local,S_final,10,10,22
llama-4-scout,S1_1,60,2,1,Correct,0.14037911202197428,round,,D_local,S_final,10,10,22
llama-4-scout,S1_1,60,2,2,Correct,0.15034791062964548,round,,D_local,S_final,10,10,22
llama-4-scout,S1_1,60,2,3,Correct,0.12498327781796098,round,,D_local,S_final,10,10,22
llama-4-scout,S1_1,61,1,1,Correct,-0.08203193702166967,round,,D_local,S_final,10,10,22
llama-4-scout,S1_1,61,1,2,Correct,-0.0695711000138054,round,,D_local,S_final,10,10,22
llama-4-scout,S1_1,61,1,3,Correct,-0.05986323991795339,round,,D_local,S_final,10,10,22
llama-4-scout,S1_1,61,2,1,Correct,0.09726675957595393,round,,D_local,S_final,10,10,22
llama-4-scout,S1_1,61,2,2,Correct,0.11671637142003166,round,,D_local,S_final,10,10,22
llama-4-scout,S1_1,61,2,3,Wrong,0.11248411107626155,round,,D_local,S_final,10,10,22
llama-4-scout,S1_1,62,1,1,Correct,0.03391212214570338,round,,D_local,S_final,10,10,22
llama-4-scout,S1_1,62,1,2,Correct,0.021405042728882107,round,,D_local,S_final,10,10,22
llama-4-scout,S1_1,62,1,3,Correct,0.037496893387426455,round,,D_local,S_final,10,10,22
llama-4-scout,S1_1,62,2,1,Correct,0.02334538437437328,round,,D_local,S_final,10,10,22
llama-4-scout,S1_1,62,2,2,Correct,0.014678021473615188,round,,D_local,S_final,10,10,22
llama-4-scout,S1_1,62,2,3,Correct,0.01988300600703241,round,,D_local,S_final,10,10,22
llama-4-scout,S1_1,63,1,1,Correct,0.03288294349634002,round,,D_local,S_final,10,10,22
llama-4-scout,S1_1,63,1,2,Correct,0.03893031674291214,round,,D_local,S_final,10,10,22
llama-4-scout,S1_1,63,1,3,Correct,0.04140588414555724,round,,D_local,S_final,10,10,22
llama-4-scout,S1_1,63,2,1,Correct,0.027781742630083373,round,,D_local,S_final,10,10,22
llama-4-scout,S1_1,63,2,2,Correct,0.026997926345113665,round,,D_local,S_final,10,10,22
llama-4-scout,S1_1,63,2,3,Correct,0.013469711387310346,round,,D_local,S_final,10,10,22
llama-4-scout,S1_1,64,1,1,Correct,-0.00011396711035771556,round,,D_local,S_final,10,10,22
llama-4-scout,S1_1,64,1,2,Correct,0.019659071928000205,round,,D_local,S_final,10,10,22
llama-4-scout,S1_1,64,1,3,Correct,0.009288775278196049,round,,D_local,S_final,10,10,22
llama-4-scout,S1_1,64,2,1,Correct,-0.02813431765958796,round,,D_local,S_final,10,10,22
llama-4-scout,S1_1,64,2,2,Correct,-0.02054358549993318,round,,D_local,S_final,10,10,22
llama-4-scout,S1_1,64,2,3,Correct,-0.003947653733823109,round,,D_local,S_final,10,10,22
llama-4-scout,S2_1,1,1,1,Correct,0.14315557371526644,round,,D_local,S_final,10,10,22
llama-4-scout,S2_1,1,1,2,Correct,0.12866485365752733,round,,D_local,S_final,10,10,22
llama-4-scout,S2_1,1,1,3,Correct,0.12341141467387595,round,,D_local,S_final,10,10,22
llama-4-scout,S2_1,1,2,1,Wrong,0.04094578996697584,round,,D_local,S_final,10,10,22
llama-4-scout,S2_1,1,2,2,Correct,0.040605843378619166,round,,D_local,S_final,10,10,22
llama-4-scout,S2_1,1,2,3,Wrong,0.03561666103596517,round,,D_local,S_final,10,10,22
llama-4-scout,S2_1,1,3,1,Correct,-0.024825956509684888,round,,D_local,S_final,10,10,22
llama-4-scout,S2_1,1,3,2,Correct,-0.026674041600499798,round,,D_local,S_final,10,10,22
llama-4-scout,S2_1,1,3,3,Correct,-0.028094271276108085,round,,D_local,S_final,10,10,22
llama-4-scout,S2_1,1,4,1,Correct,0.08011206287828088,round,,D_local,S_final,10,10,22
llama-4-scout,S2_1,1,4,2,Correct,0.08603496644055109,round,,D_local,S_final,10,10,22
llama-4-scout,S2_1,1,4,3,Correct,0.08281811924287852,round,,D_local,S_final,10,10,22
llama-4-scout,S2_1,1,5,1,Wrong,-0.0008072790461985946,round,,D_local,S_final,10,10,22
llama-4-scout,S2_1,1,5,2,Wrong,-0.008430669660821288,round,,D_local,S_final,10,10,22
llama-4-scout,S2_1,1,5,3,Wrong,-0.007846296533623454,round,,D_local,S_final,10,10,22
llama-4-scout,S2_1,2,1,1,Correct,0.1916340915045754,round,,D_local,S_final,10,10,22
llama-4-scout,S2_1,2,1,2,Correct,0.2014984660722282,round,,D_local,S_final,10,10,22
llama-4-scout,S2_1,2,1,3,Correct,0.1953436803443292,round,,D_local,S_final,10,10,22
llama-4-scout,S2_1,3,1,1,Correct,0.19799443859749533,round,,D_local,S_final,10,10,22
llama-4-scout,S2_1,3,1,2,Correct,0.20773401198427144,round,,D_local,S_final,10,10,22
llama-4-scout,S2_1,3,1,3,Correct,0.2151706181192618,round,,D_local,S_final,10,10,22
llama-4-scout,S2_1,3,2,1,Correct,0.25072209794639594,round,,D_local,S_final,10,10,22
llama-4-scout,S2_1,3,2,2,Correct,0.22250456480161912,round,,D_local,S_final,10,10,22
llama-4-scout,S2_1,3,2,3,Correct,0.23346022139642225,round,,D_local,S_final,10,10,22
llama-4-scout,S2_1,4,1,1,Correct,0.09433778126362236,round,,D_local,S_final,10,10,22
llama-4-scout,S2_1,4,1,2,Correct,0.11373426484209381,round,,D_local,S_final,10,10,22
llama-4-scout,S2_1,4,1,3,Correct,0.10557589243355203,round,,D_local,S_final,10,10,22
llama-4-scout,S2_1,4,2,1,Wrong,0.10583129911160027,round,,D_local,S_final,10,10,22
llama-4-scout,S2_1,4,2,2,Correct,0.09638516710487022,round,,D_local,S_final,10,10,22
llama-4-scout,S2_1,4,2,3,Wrong,0.10220649328498999,round,,D_local,S_final,10,10,22
llama-4-scout,S2_1,4,3,1,Correct,0.029152841952376995,round,,D_local,S_final,10,10,22
llama-4-scout,S2_1,4,3,2,Correct,0.052186384403383745,round,,D_local,S_final,10,10,22
llama-4-scout,S2_1,4,3,3,Correct,0.0568333772299805,round,,D_local,S_final,10,10,22
llama-4-scout,S2_1,5,1,1,Correct,0.10245763653005946,round,,D_local,S_final,10,10,22
llama-4-scout,S2_1,5,1,2,Correct,0.12541736376739676,round,,D_local,S_final,10,10,22
llama-4-scout,S2_1,5,1,3,Correct,0.11993504777296082,round,,D_local,S_final,10,10,22
llama-4-scout,S2_1,5,2,1,Correct,0.05264053204218122,round,,D_local,S_final,10,10,22
llama-4-scout,S2_1,5,2,2,Correct,0.048304902870768385,round,,D_local,S_final,10,10,22
llama-4-scout,S2_1,5,2,3,Correct,0.07580260235138347,round,,D_local,S_final,10,10,22
llama-4-scout,S2_1,5,3,1,Wrong,0.06757281335451393,round,,D_local,S_final,10,10,22
llama-4-scout,S2_1,5,3,2,Wrong,0.06893641403072814,round,,D_local,S_final,10,10,22
llama-4-scout,S2_1,5,3,3,Wrong,0.06552741195352851,round,,D_local,S_final,10,10,22
llama-4-scout,S2_1,6,1,1,Correct,0.0826861744030829,round,,D_local,S_final,10,10,22
llama-4-scout,S2_1,6,1,2,Correct,0.10146014192402719,round,,D_local,S_final,10,10,22
llama-4-scout,S2_1,6,1,3,Correct,0.05075563143843309,round,,D_local,S_final,10,10,22
llama-4-scout,S2_1,6,2,1,Wrong,0.02023898576122707,round,,D_local,S_final,10,10,22
llama-4-scout,S2_1,6,2,2,Wrong,0.006871282538013168,round,,D_local,S_final,10,10,22
llama-4-scout,S2_1,6,2,3,Wrong,-0.006955690172262274,round,,D_local,S_final,10,10,22
llama-4-scout,S2_1,6,3,1,Correct,0.041701181166236445,round,,D_local,S_final,10,10,22
llama-4-scout,S2_1,6,3,2,Correct,0.04422303077697687,round,,D_local,S_final,10,10,22
llama-4-scout,S2_1,6,3,3,Correct,0.044772782173252645,round,,D_local,S_final,10,10,22
llama-4-scout,S2_1,7,1,1,Wrong,0.13150818114250395,round,,D_local,S_final,10,10,22
llama-4-scout,S2_1,7,1,2,Wrong,0.11780298253849486,round,,D_local,S_final,10,10,22
llama-4-scout,S2_1,7,1,3,Wrong,0.126688201211011,round,,D_local,S_final,10,10,22
llama-4-scout,S2_1,7,2,1,Wrong,0.10850664584430181,round,,D_local,S_final,10,10,22
llama-4-scout,S2_1,7,2,2,Wrong,0.08731377901522897,round,,D_local,S_final,10,10,22
llama-4-scout,S2_1,7,2,3,Wrong,0.09593448465143295,round,,D_local,S_final,10,10,22
llama-4-scout,S2_1,7,3,1,Wrong,-0.012970967192675764,round,,D_local,S_final,10,10,22
llama-4-scout,S2_1,7,3,2,Wrong,-0.012385691948866184,round,,D_local,S_final,10,10,22
llama-4-scout,S2_1,7,3,3,Wrong,-0.003411754942711398,round,,D_local,S_final,10,10,22
llama-4-scout,S2_1,7,4,1,Correct,-0.016509845083240826,round,,D_local,S_final,10,10,22
llama-4-scout,S2_1,7,4,2,Correct,-0.019319914029768626,round,,D_local,S_final,10,10,22
llama-4-scout,S2_1,7,4,3,Correct,-0.0038170820695159202,round,,D_local,S_final,10,10,22
llama-4-scout,S2_1,7,5,1,Correct,0.03972921730640888,round,,D_local,S_final,10,10,22
llama-4-scout,S2_1,7,5,2,Correct,0.042319849141069676,round,,D_local,S_final,10,10,22
llama-4-scout,S2_1,7,5,3,Correct,0.04147165394150942,round,,D_local,S_final,10,10,22
llama-4-scout,S2_1,7,6,1,Wrong,-0.014651287229657695,round,,D_local,S_final,10,10,22
llama-4-scout,S2_1,7,6,2,Wrong,-0.01746664429616318,round,,D_local,S_final,10,10,22
llama-4-scout,S2_1,7,6,3,Wrong,-0.01164340017045462,round,,D_local,S_final,10,10,22
llama-4-scout,S2_1,7,7,1,Wrong,0.065355083646362,round,,D_local,S_final,10,10,22
llama-4-scout,S2_1,7,7,2,Wrong,0.05763627974261831,round,,D_local,S_final,10,10,22
llama-4-scout,S2_1,7,7,3,Wrong,0.05973911152416689,round,,D_local,S_final,10,10,22
llama-4-scout,S2_1,7,8,1,Correct,0.05599345867618977,round,,D_local,S_final,10,10,22
llama-4-scout,S2_1,7,8,2,Correct,0.01647855713452595,round,,D_local,S_final,10,10,22
llama-4-scout,S2_1,7,8,3,Correct,0.028246763315168066,round,,D_local,S_final,10,10,22
llama-4-scout,S2_1,7,9,1,Correct,0.06075493005510024,round,,D_local,S_final,10,10,22
llama-4-scout,S2_1,7,9,2,Correct,0.04203781517999805,round,,D_local,S_final,10,10,22
llama-4-scout,S2_1,7,9,3,Correct,0.043269554756640516,round,,D_local,S_final,10,10,22
llama-4-scout,S2_1,7,10,1,Wrong,0.011777329057556907,round,,D_local,S_final,10,10,22
llama-4-scout,S2_1,7,10,2,Wrong,0.045741305306393754,round,,D_local,S_final,10,10,22
llama-4-scout,S2_1,7,10,3,Wrong,0.014965150595793841,round,,D_local,S_final,10,10,22
llama-4-scout,S2_1,7,11,1,Wrong,0.08381579620042245,round,,D_local,S_final,10,10,22
llama-4-scout,S2_1,7,11,2,Wrong,0.08843583988666759,round,,D_local,S_final,10,10,22
llama-4-scout,S2_1,7,11,3,Wrong,0.07154108018665672,round,,D_local,S_final,10,10,22
llama-4-scout,S2_1,8,1,1,Wrong,0.075311151430008,round,,D_local,S_final,10,10,22
llama-4-scout,S2_1,8,1,2,Correct,0.07486371629403032,round,,D_local,S_final,10,10,22
llama-4-scout,S2_1,8,1,3,Correct,0.09954824959122743,round,,D_local,S_final,10,10,22
llama-4-scout,S2_1,8,2,1,Correct,0.06453004693838538,round,,D_local,S_final,10,10,22
llama-4-scout,S2_1,8,2,2,Correct,0.05115987580709591,round,,D_local,S_final,10,10,22
llama-4-scout,S2_1,8,2,3,Correct,0.05705671365609,round,,D_local,S_final,10,10,22
llama-4-scout,S2_1,8,3,1,Correct,-0.0016371779768908912,round,,D_local,S_final,10,10,22
llama-4-scout,S2_1,8,3,2,Wrong,-0.010059566713318091,round,,D_local,S_final,10,10,22
llama-4-scout,S2_1,8,3,3,Correct,-0.019737487455691927,round,,D_local,S_final,10,10,22
llama-4-scout,S2_1,8,4,1,Correct,-0.0027110257025971807,round,,D_local,S_final,10,10,22
llama-4-scout,S2_1,8,4,2,Correct,-0.0267594560070461,round,,D_local,S_final,10,10,22
llama-4-scout,S2_1,8,4,3,Wrong,-0.005201936997803802,round,,D_local,S_final,10,10,22
llama-4-scout,S2_1,9,1,1,Correct,0.061913465701389336,round,,D_local,S_final,10,10,22
llama-4-scout,S2_1,9,1,2,Correct,0.059815603528414196,round,,D_local,S_final,10,10,22
llama-4-scout,S2_1,9,1,3,Correct,0.05095391195994703,round,,D_local,S_final,10,10,22
llama-4-scout,S2_1,9,2,1,Wrong,0.07276603719996289,round,,D_local,S_final,10,10,22
llama-4-scout,S2_1,9,2,2,Wrong,0.05629892788123336,round,,D_local,S_final,10,10,22
llama-4-scout,S2_1,9,2,3,Wrong,0.07356168816013942,round,,D_local,S_final,10,10,22
llama-4-scout,S2_1,9,3,1,Correct,0.05954386646643861,round,,D_local,S_final,10,10,22
llama-4-scout,S2_1,9,3,2,Correct,0.0911001798117419,round,,D_local,S_final,10,10,22
llama-4-scout,S2_1,9,3,3,Correct,0.07035054149828068,round,,D_local,S_final,10,10,22
llama-4-scout,S2_1,10,1,1,Wrong,0.07196361375915084,round,,D_local,S_final,10,10,22
llama-4-scout,S2_1,10,1,2,Wrong,0.07985944137124795,round,,D_local,S_final,10,10,22
llama-4-scout,S2_1,10,1,3,Wrong,0.07184616339967798,round,,D_local,S_final,10,10,22
llama-4-scout,S2_1,10,2,1,Wrong,0.10083970014186294,round,,D_local,S_final,10,10,22
llama-4-scout,S2_1,10,2,2,Wrong,0.07520490175471584,round,,D_local,S_final,10,10,22
llama-4-scout,S2_1,10,2,3,Wrong,0.0872265353192716,round,,D_local,S_final,10,10,22
llama-4-scout,S2_1,11,1,1,Wrong,0.020953140913405,round,,D_local,S_final,10,10,22
llama-4-scout,S2_1,11,1,2,Correct,0.018898388855675685,round,,D_local,S_final,10,10,22
llama-4-scout,S2_1,11,1,3,Wrong,0.018667536733775913,round,,D_local,S_final,10,10,22
llama-4-scout,S2_1,12,1,1,Correct,-0.009064057657630298,round,,D_local,S_final,10,10,22
llama-4-scout,S2_1,12,1,2,Correct,-0.018586445681726793,round,,D_local,S_final,10,10,22
llama-4-scout,S2_1,12,1,3,Correct,-0.0021563710426515392,round,,D_local,S_final,10,10,22
llama-4-scout,S2_1,13,1,1,Correct,0.14453048809655455,round,,D_local,S_final,10,10,22
llama-4-scout,S2_1,13,1,2,Correct,0.12876970837608048,round,,D_local,S_final,10,10,22
llama-4-scout,S2_1,13,1,3,Correct,0.15562701645224264,round,,D_local,S_final,10,10,22
llama-4-scout,S2_1,13,2,1,Correct,-0.03858024444997632,round,,D_local,S_final,10,10,22
llama-4-scout,S2_1,13,2,2,Correct,-0.01968964573787313,round,,D_local,S_final,10,10,22
llama-4-scout,S2_1,13,2,3,Correct,0.011861567962680009,round,,D_local,S_final,10,10,22
llama-4-scout,S2_1,13,3,1,Correct,0.045324352552022495,round,,D_local,S_final,10,10,22
llama-4-scout,S2_1,13,3,2,Wrong,0.03865008591017005,round,,D_local,S_final,10,10,22
llama-4-scout,S2_1,13,3,3,Wrong,0.038127182130468285,round,,D_local,S_final,10,10,22
llama-4-scout,S2_1,14,1,1,Wrong,0.011244299335618213,round,,D_local,S_final,10,10,22
llama-4-scout,S2_1,14,1,2,Wrong,0.005011201630627515,round,,D_local,S_final,10,10,22
llama-4-scout,S2_1,14,1,3,Wrong,0.020159497757095912,round,,D_local,S_final,10,10,22
llama-4-scout,S2_1,15,1,1,Wrong,-0.10994030003016408,round,,D_local,S_final,10,10,22
llama-4-scout,S2_1,15,1,2,Wrong,-0.06643186246549371,round,,D_local,S_final,10,10,22
llama-4-scout,S2_1,15,1,3,Wrong,-0.1043681595829472,round,,D_local,S_final,10,10,22
llama-4-scout,S2_1,16,1,1,Correct,0.1050584769745565,round,,D_local,S_final,10,10,22
llama-4-scout,S2_1,16,1,2,Correct,0.11172848822334036,round,,D_local,S_final,10,10,22
llama-4-scout,S2_1,16,1,3,Correct,0.10921672784125946,round,,D_local,S_final,10,10,22
llama-4-scout,S2_1,17,1,1,Wrong,0.028198927320658873,round,,D_local,S_final,10,10,22
llama-4-scout,S2_1,17,1,2,Wrong,0.009478999383049302,round,,D_local,S_final,10,10,22
llama-4-scout,S2_1,17,1,3,Wrong,0.03737027869135101,round,,D_local,S_final,10,10,22
llama-4-scout,S2_1,18,1,1,Correct,0.14842832343235668,round,,D_local,S_final,10,10,22
llama-4-scout,S2_1,18,1,2,Correct,0.12794821971400294,round,,D_local,S_final,10,10,22
llama-4-scout,S2_1,18,1,3,Correct,0.10597114830049936,round,,D_local,S_final,10,10,22
llama-4-scout,S2_1,19,1,1,Correct,0.06769187537252608,round,,D_local,S_final,10,10,22
llama-4-scout,S2_1,19,1,2,Correct,0.043177835248664254,round,,D_local,S_final,10,10,22
llama-4-scout,S2_1,19,1,3,Correct,0.06861290630253303,round,,D_local,S_final,10,10,22
llama-4-scout,S2_1,20,1,1,Correct,0.10372998342397832,round,,D_local,S_final,10,10,22
llama-4-scout,S2_1,20,1,2,Correct,0.12482634241539414,round,,D_local,S_final,10,10,22
llama-4-scout,S2_1,20,1,3,Correct,0.12545820970078037,round,,D_local,S_final,10,10,22
llama-4-scout,S2_1,21,1,1,Correct,0.07494980210879953,round,,D_local,S_final,10,10,22
llama-4-scout,S2_1,21,1,2,Correct,0.08336497145199095,round,,D_local,S_final,10,10,22
llama-4-scout,S2_1,21,1,3,Correct,0.08336497145199095,round,,D_local,S_final,10,10,22
llama-4-scout,S2_1,22,1,1,Wrong,0.026378271198958747,round,,D_local,S_final,10,10,22
llama-4-scout,S2_1,22,1,2,Wrong,0.025774707689703136,round,,D_local,S_final,10,10,22
llama-4-scout,S2_1,22,1,3,Wrong,0.010694090138875567,round,,D_local,S_final,10,10,22
llama-4-scout,S2_1,23,1,1,Wrong,0.08750596052329129,round,,D_local,S_final,10,10,22
llama-4-scout,S2_1,23,1,2,Wrong,0.1040415324853532,round,,D_local,S_final,10,10,22
llama-4-scout,S2_1,23,1,3,Correct,0.08406585698615776,round,,D_local,S_final,10,10,22
llama-4-scout,S2_1,24,1,1,Correct,0.008099333705302025,round,,D_local,S_final,10,10,22
llama-4-scout,S2_1,24,1,2,Correct,0.02640456506295641,round,,D_local,S_final,10,10,22
llama-4-scout,S2_1,24,1,3,Correct,0.03474149855096886,round,,D_local,S_final,10,10,22
llama-4-scout,S2_1,25,1,1,Wrong,-0.008079605387333877,round,,D_local,S_final,10,10,22
llama-4-scout,S2_1,25,1,2,Wrong,-0.028080127587945314,round,,D_local,S_final,10,10,22
llama-4-scout,S2_1,25,1,3,Wrong,0.00778542380852576,round,,D_local,S_final,10,10,22
llama-4-scout,S2_1,25,2,1,Correct,0.06413937940722692,round,,D_local,S_final,10,10,22
llama-4-scout,S2_1,25,2,2,Correct,0.0971722438241206,round,,D_local,S_final,10,10,22
llama-4-scout,S2_1,25,2,3,Correct,0.09109608798104235,round,,D_local,S_final,10,10,22
llama-4-scout,S2_1,26,1,1,Correct,0.06131715494364243,round,,D_local,S_final,10,10,22
llama-4-scout,S2_1,26,1,2,Correct,0.05320657056893341,round,,D_local,S_final,10,10,22
llama-4-scout,S2_1,26,1,3,Correct,0.06134371524169113,round,,D_local,S_final,10,10,22
llama-4-scout,S2_1,26,2,1,Correct,-0.07715548580715559,round,,D_local,S_final,10,10,22
llama-4-scout,S2_1,26,2,2,Correct,-0.07293175008365776,round,,D_local,S_final,10,10,22
llama-4-scout,S2_1,26,2,3,Correct,-0.05248187918971858,round,,D_local,S_final,10,10,22
llama-4-scout,S2_1,26,3,1,Correct,-0.037330035831229624,round,,D_local,S_final,10,10,22
llama-4-scout,S2_1,26,3,2,Correct,-0.07199630325182826,round,,D_local,S_final,10,10,22
llama-4-scout,S2_1,26,3,3,Correct,-0.047030124102291126,round,,D_local,S_final,10,10,22
llama-4-scout,S2_1,26,4,1,Correct,0.13227566036764887,round,,D_local,S_final,10,10,22
llama-4-scout,S2_1,26,4,2,Correct,0.13814144722675725,round,,D_local,S_final,10,10,22
llama-4-scout,S2_1,26,4,3,Correct,0.12269024393034311,round,,D_local,S_final,10,10,22
llama-4-scout,S2_1,27,1,1,Correct,0.06993882295824827,round,,D_local,S_final,10,10,22
llama-4-scout,S2_1,27,1,2,Correct,0.0521224686496744,round,,D_local,S_final,10,10,22
llama-4-scout,S2_1,27,1,3,Correct,0.0630293546179247,round,,D_local,S_final,10,10,22
llama-4-scout,S2_1,27,2,1,Correct,-0.031269884426157524,round,,D_local,S_final,10,10,22
llama-4-scout,S2_1,27,2,2,Correct,-0.07524264804694547,round,,D_local,S_final,10,10,22
llama-4-scout,S2_1,27,2,3,Correct,-0.07288479008788845,round,,D_local,S_final,10,10,22
llama-4-scout,S2_1,27,3,1,Correct,-0.07542547236810493,round,,D_local,S_final,10,10,22
llama-4-scout,S2_1,27,3,2,Correct,-0.06443941628763461,round,,D_local,S_final,10,10,22
llama-4-scout,S2_1,27,3,3,Correct,-0.05599815139614439,round,,D_local,S_final,10,10,22
llama-4-scout,S2_1,27,4,1,Correct,0.18880029001731674,round,,D_local,S_final,10,10,22
llama-4-scout,S2_1,27,4,2,Correct,0.18262902527806368,round,,D_local,S_final,10,10,22
llama-4-scout,S2_1,27,4,3,Correct,0.17318484967355308,round,,D_local,S_final,10,10,22
llama-4-scout,S2_1,28,1,1,Wrong,0.028832576006592003,round,,D_local,S_final,10,10,22
llama-4-scout,S2_1,28,1,2,Wrong,0.042551225301103335,round,,D_local,S_final,10,10,22
llama-4-scout,S2_1,28,1,3,Wrong,0.025647702222373114,round,,D_local,S_final,10,10,22
llama-4-scout,S2_1,28,2,1,Correct,-0.0621390778509332,round,,D_local,S_final,10,10,22
llama-4-scout,S2_1,28,2,2,Correct,-0.049592862139277216,round,,D_local,S_final,10,10,22
llama-4-scout,S2_1,28,2,3,Correct,-0.06730077164422749,round,,D_local,S_final,10,10,22
llama-4-scout,S2_1,29,1,1,Correct,0.13404251711041282,round,,D_local,S_final,10,10,22
llama-4-scout,S2_1,29,1,2,Correct,0.08254961504858221,round,,D_local,S_final,10,10,22
llama-4-scout,S2_1,29,1,3,Correct,0.11821663574869545,round,,D_local,S_final,10,10,22
llama-4-scout,S2_1,29,2,1,Correct,-0.02778106102021316,round,,D_local,S_final,10,10,22
llama-4-scout,S2_1,29,2,2,Correct,-0.08607641618216727,round,,D_local,S_final,10,10,22
llama-4-scout,S2_1,29,2,3,Correct,-0.0891706763036394,round,,D_local,S_final,10,10,22
llama-4-scout,S2_1,30,1,1,Correct,0.038951996197134464,round,,D_local,S_final,10,10,22
llama-4-scout,S2_1,30,1,2,Correct,0.05151365784724227,round,,D_local,S_final,10,10,22
llama-4-scout,S2_1,30,1,3,Correct,0.041581902969868356,round,,D_local,S_final,10,10,22
llama-4-scout,S2_1,30,2,1,Correct,-0.07106540361060243,round,,D_local,S_final,10,10,22
llama-4-scout,S2_1,30,2,2,Correct,-0.07258676375036244,round,,D_local,S_final,10,10,22
llama-4-scout,S2_1,30,2,3,Correct,-0.062387171308380895,round,,D_local,S_final,10,10,22
llama-4-scout,S2_1,31,1,1,Wrong,0.12447513406091043,round,,D_local,S_final,10,10,22
llama-4-scout,S2_1,31,1,2,Wrong,0.10973688364662393,round,,D_local,S_final,10,10,22
llama-4-scout,S2_1,31,1,3,Wrong,0.11368868155028916,round,,D_local,S_final,10,10,22
llama-4-scout,S2_1,32,1,1,Wrong,0.0742729108358422,round,,D_local,S_final,10,10,22
llama-4-scout,S2_1,32,1,2,Correct,0.07979934236944297,round,,D_local,S_final,10,10,22
llama-4-scout,S2_1,32,1,3,Wrong,0.08212368181720575,round,,D_local,S_final,10,10,22
llama-4-scout,S2_1,33,1,1,Wrong,0.07265684112053222,round,,D_local,S_final,10,10,22
llama-4-scout,S2_1,33,1,2,Wrong,0.08856675467903746,round,,D_local,S_final,10,10,22
llama-4-scout,S2_1,33,1,3,Wrong,0.09924362207148046,round,,D_local,S_final,10,10,22
llama-4-scout,S2_1,34,1,1,Correct,0.026269726387177506,round,,D_local,S_final,10,10,22
llama-4-scout,S2_1,34,1,2,Wrong,0.03369750026629692,round,,D_local,S_final,10,10,22
llama-4-scout,S2_1,34,1,3,Wrong,0.02544817717916753,round,,D_local,S_final,10,10,22
llama-4-scout,S2_1,35,1,1,Wrong,-0.05439362174878626,round,,D_local,S_final,10,10,22
llama-4-scout,S2_1,35,1,2,Wrong,-0.015905742321915328,round,,D_local,S_final,10,10,22
llama-4-scout,S2_1,35,1,3,Wrong,-0.044018337859946355,round,,D_local,S_final,10,10,22
llama-4-scout,S2_1,36,1,1,Wrong,0.09526806825419243,round,,D_local,S_final,10,10,22
llama-4-scout,S2_1,36,1,2,Correct,0.11454122936488265,round,,D_local,S_final,10,10,22
llama-4-scout,S2_1,36,1,3,Correct,0.10271275816326453,round,,D_local,S_final,10,10,22
llama-4-scout,S2_1,36,2,1,Wrong,0.032677085721544596,round,,D_local,S_final,10,10,22
llama-4-scout,S2_1,36,2,2,Correct,0.05588346265412436,round,,D_local,S_final,10,10,22
llama-4-scout,S2_1,36,2,3,Wrong,0.027858783653175734,round,,D_local,S_final,10,10,22
llama-4-scout,S2_1,36,3,1,Correct,0.046830796813576714,round,,D_local,S_final,10,10,22
llama-4-scout,S2_1,36,3,2,Correct,-0.004260097480817127,round,,D_local,S_final,10,10,22
llama-4-scout,S2_1,36,3,3,Wrong,0.023207131127429115,round,,D_local,S_final,10,10,22
llama-4-scout,S2_1,37,1,1,Correct,0.009527412763038146,round,,D_local,S_final,10,10,22
llama-4-scout,S2_1,37,1,2,Correct,0.04349405452735222,round,,D_local,S_final,10,10,22
llama-4-scout,S2_1,37,1,3,Correct,0.04874065193164878,round,,D_local,S_final,10,10,22
llama-4-scout,S2_1,37,2,1,Wrong,0.09395262336476917,round,,D_local,S_final,10,10,22
llama-4-scout,S2_1,37,2,2,Wrong,0.05221571856684337,round,,D_local,S_final,10,10,22
llama-4-scout,S2_1,37,2,3,Correct,0.0829328765379751,round,,D_local,S_final,10,10,22
llama-4-scout,S2_1,38,1,1,Correct,-0.10765123458225956,round,,D_local,S_final,10,10,22
llama-4-scout,S2_1,38,1,2,Correct,-0.12728795953356653,round,,D_local,S_final,10,10,22
llama-4-scout,S2_1,38,1,3,Correct,-0.10040922799924579,round,,D_local,S_final,10,10,22
llama-4-scout,S2_1,38,2,1,Wrong,-0.11438707060434616,round,,D_local,S_final,10,10,22
llama-4-scout,S2_1,38,2,2,Wrong,-0.12412737459199064,round,,D_local,S_final,10,10,22
llama-4-scout,S2_1,38,2,3,Wrong,-0.1482911410990141,round,,D_local,S_final,10,10,22
llama-4-scout,S2_1,39,1,1,Correct,-0.034877183404204315,round,,D_local,S_final,10,10,22
llama-4-scout,S2_1,39,1,2,Wrong,-0.034691308988021974,round,,D_local,S_final,10,10,22
llama-4-scout,S2_1,39,1,3,Correct,-0.02781007153255821,round,,D_local,S_final,10,10,22
llama-4-scout,S2_1,39,2,1,Correct,0.17098126418417225,round,,D_local,S_final,10,10,22
llama-4-scout,S2_1,39,2,2,Correct,0.12881687399691,round,,D_local,S_final,10,10,22
llama-4-scout,S2_1,39,2,3,Correct,0.11302305666223655,round,,D_local,S_final,10,10,22
llama-4-scout,S2_1,40,1,1,Correct,0.07785064341192227,round,,D_local,S_final,10,10,22
llama-4-scout,S2_1,40,1,2,Correct,0.08300790863937213,round,,D_local,S_final,10,10,22
llama-4-scout,S2_1,40,1,3,Correct,0.07661605512286107,round,,D_local,S_final,10,10,22
llama-4-scout,S2_1,40,2,1,Wrong,0.07946596045318899,round,,D_local,S_final,10,10,22
llama-4-scout,S2_1,40,2,2,Wrong,0.08565511056005348,round,,D_local,S_final,10,10,22
llama-4-scout,S2_1,40,2,3,Wrong,0.08164684768029717,round,,D_local,S_final,10,10,22
llama-4-scout,S2_1,40,3,1,Wrong,0.04031983575053899,round,,D_local,S_final,10,10,22
llama-4-scout,S2_1,40,3,2,Correct,0.018722352201979375,round,,D_local,S_final,10,10,22
llama-4-scout,S2_1,40,3,3,Correct,0.06577347741448347,round,,D_local,S_final,10,10,22
llama-4-scout,S2_1,40,4,1,Wrong,0.017446446672738203,round,,D_local,S_final,10,10,22
llama-4-scout,S2_1,40,4,2,Correct,-0.013541100291475594,round,,D_local,S_final,10,10,22
llama-4-scout,S2_1,40,4,3,Wrong,0.025351793410602785,round,,D_local,S_final,10,10,22
llama-4-scout,S2_1,40,5,1,Wrong,0.022655713808984568,round,,D_local,S_final,10,10,22
llama-4-scout,S2_1,40,5,2,Wrong,0.036649417350674174,round,,D_local,S_final,10,10,22
llama-4-scout,S2_1,40,5,3,Wrong,0.031787163059981194,round,,D_local,S_final,10,10,22
llama-4-scout,S2_1,40,6,1,Correct,0.027963312313641908,round,,D_local,S_final,10,10,22
llama-4-scout,S2_1,40,6,2,Correct,0.038042887752098964,round,,D_local,S_final,10,10,22
llama-4-scout,S2_1,40,6,3,Correct,0.028257587284900465,round,,D_local,S_final,10,10,22
llama-4-scout,S2_1,41,1,1,Correct,0.07351983824755082,round,,D_local,S_final,10,10,22
llama-4-scout,S2_1,41,1,2,Wrong,0.08062079916767884,round,,D_local,S_final,10,10,22
llama-4-scout,S2_1,41,1,3,Correct,0.08584928372709433,round,,D_local,S_final,10,10,22
llama-4-scout,S2_1,42,1,1,Wrong,-0.06492354389469157,round,,D_local,S_final,10,10,22
llama-4-scout,S2_1,42,1,2,Wrong,-0.05856796980368151,round,,D_local,S_final,10,10,22
llama-4-scout,S2_1,42,1,3,Wrong,-0.06113013351384555,round,,D_local,S_final,10,10,22
llama-4-scout,S2_1,43,1,1,Correct,-0.03497559310432252,round,,D_local,S_final,10,10,22
llama-4-scout,S2_1,43,1,2,Wrong,-0.05250372931547698,round,,D_local,S_final,10,10,22
llama-4-scout,S2_1,43,1,3,Wrong,-0.06426503824453633,round,,D_local,S_final,10,10,22
llama-4-scout,S2_1,44,1,1,Wrong,0.052324254221411404,round,,D_local,S_final,10,10,22
llama-4-scout,S2_1,44,1,2,Wrong,0.07680427898267761,round,,D_local,S_final,10,10,22
llama-4-scout,S2_1,44,1,3,Wrong,0.07797653854438635,round,,D_local,S_final,10,10,22
llama-4-scout,S2_1,45,1,1,Wrong,0.1098984948627254,round,,D_local,S_final,10,10,22
llama-4-scout,S2_1,45,1,2,Correct,0.15552322975530286,round,,D_local,S_final,10,10,22
llama-4-scout,S2_1,45,1,3,Wrong,0.14960129613617612,round,,D_local,S_final,10,10,22
llama-4-scout,S2_1,45,2,1,Wrong,-0.009052751309264528,round,,D_local,S_final,10,10,22
llama-4-scout,S2_1,45,2,2,Wrong,-0.03220959377354898,round,,D_local,S_final,10,10,22
llama-4-scout,S2_1,45,2,3,Wrong,0.020578314498182926,round,,D_local,S_final,10,10,22
llama-4-scout,S2_1,45,3,1,Wrong,-0.06621755190575684,round,,D_local,S_final,10,10,22
llama-4-scout,S2_1,45,3,2,Wrong,-0.0642126761619175,round,,D_local,S_final,10,10,22
llama-4-scout,S2_1,45,3,3,Wrong,-0.044314754462210226,round,,D_local,S_final,10,10,22
llama-4-scout,S2_1,46,1,1,Correct,0.07650733435761903,round,,D_local,S_final,10,10,22
llama-4-scout,S2_1,46,1,2,Correct,0.10409441650598894,round,,D_local,S_final,10,10,22
llama-4-scout,S2_1,46,1,3,Correct,0.08790620025720908,round,,D_local,S_final,10,10,22
llama-4-scout,S2_1,46,2,1,Correct,0.046560984753001966,round,,D_local,S_final,10,10,22
llama-4-scout,S2_1,46,2,2,Correct,0.01739040337626585,round,,D_local,S_final,10,10,22
llama-4-scout,S2_1,46,2,3,Correct,0.04861997022686704,round,,D_local,S_final,10,10,22
llama-4-scout,S2_1,47,1,1,Correct,0.091272426858236,round,,D_local,S_final,10,10,22
llama-4-scout,S2_1,47,1,2,Correct,0.10737348650498912,round,,D_local,S_final,10,10,22
llama-4-scout,S2_1,47,1,3,Correct,0.10114897624928276,round,,D_local,S_final,10,10,22
llama-4-scout,S2_1,47,2,1,Correct,-0.004114578018078907,round,,D_local,S_final,10,10,22
llama-4-scout,S2_1,47,2,2,Correct,0.013645684249354084,round,,D_local,S_final,10,10,22
llama-4-scout,S2_1,47,2,3,Correct,0.012508201113911932,round,,D_local,S_final,10,10,22
llama-4-scout,S2_1,48,1,1,Wrong,0.019428930559793334,round,,D_local,S_final,10,10,22
llama-4-scout,S2_1,48,1,2,Wrong,0.07027089740339731,round,,D_local,S_final,10,10,22
llama-4-scout,S2_1,48,1,3,Wrong,0.047738142742427325,round,,D_local,S_final,10,10,22
llama-4-scout,S2_1,48,2,1,Correct,0.02380692456421607,round,,D_local,S_final,10,10,22
llama-4-scout,S2_1,48,2,2,Wrong,0.05179839362747185,round,,D_local,S_final,10,10,22
llama-4-scout,S2_1,48,2,3,Wrong,-0.00500153322813135,round,,D_local,S_final,10,10,22
llama-4-scout,S2_1,49,1,1,Wrong,0.002458429273474394,round,,D_local,S_final,10,10,22
llama-4-scout,S2_1,49,1,2,Wrong,0.013362613633727038,round,,D_local,S_final,10,10,22
llama-4-scout,S2_1,49,1,3,Wrong,-0.02660488651469295,round,,D_local,S_final,10,10,22
llama-4-scout,S2_1,50,1,1,Wrong,-0.001383695466933732,round,,D_local,S_final,10,10,22
llama-4-scout,S2_1,50,1,2,Correct,-0.033358826121315355,round,,D_local,S_final,10,10,22
llama-4-scout,S2_1,50,1,3,Wrong,-0.03660646832872522,round,,D_local,S_final,10,10,22
llama-4-scout,S2_1,51,1,1,Wrong,0.07805466556217933,round,,D_local,S_final,10,10,22
llama-4-scout,S2_1,51,1,2,Wrong,0.06124371948982965,round,,D_local,S_final,10,10,22
llama-4-scout,S2_1,51,1,3,Wrong,0.08885561125907404,round,,D_local,S_final,10,10,22
llama-4-scout,S2_1,52,1,1,Correct,0.12666033389334674,round,,D_local,S_final,10,10,22
llama-4-scout,S2_1,52,1,2,Correct,0.13258834548478893,round,,D_local,S_final,10,10,22
llama-4-scout,S2_1,52,1,3,Correct,0.16534282617874563,round,,D_local,S_final,10,10,22
llama-4-scout,S2_1,53,1,1,Correct,0.02319680688599024,round,,D_local,S_final,10,10,22
llama-4-scout,S2_1,53,1,2,Correct,0.03210911678183859,round,,D_local,S_final,10,10,22
llama-4-scout,S2_1,53,1,3,Correct,0.003568521449120232,round,,D_local,S_final,10,10,22
llama-4-scout,S2_1,53,2,1,Correct,0.09949385336313687,round,,D_local,S_final,10,10,22
llama-4-scout,S2_1,53,2,2,Correct,0.09865062799459234,round,,D_local,S_final,10,10,22
llama-4-scout,S2_1,53,2,3,Correct,0.09648421567707699,round,,D_local,S_final,10,10,22
llama-4-scout,S2_1,54,1,1,Correct,-0.12101737532643975,round,,D_local,S_final,10,10,22
llama-4-scout,S2_1,54,1,2,Correct,-0.12573472564397692,round,,D_local,S_final,10,10,22
llama-4-scout,S2_1,54,1,3,Correct,-0.13563733036274644,round,,D_local,S_final,10,10,22
llama-4-scout,S2_1,54,2,1,Correct,0.13507057411938117,round,,D_local,S_final,10,10,22
llama-4-scout,S2_1,54,2,2,Correct,0.12491214105826887,round,,D_local,S_final,10,10,22
llama-4-scout,S2_1,54,2,3,Correct,0.13645971882057106,round,,D_local,S_final,10,10,22
llama-4-scout,S2_1,55,1,1,Correct,-0.014335856178326167,round,,D_local,S_final,10,10,22
llama-4-scout,S2_1,55,1,2,Wrong,0.003385437093120447,round,,D_local,S_final,10,10,22
llama-4-scout,S2_1,55,1,3,Wrong,0.003684475131393361,round,,D_local,S_final,10,10,22
llama-4-scout,S2_1,55,2,1,Correct,0.14314154999768375,round,,D_local,S_final,10,10,22
llama-4-scout,S2_1,55,2,2,Correct,0.13975637753481762,round,,D_local,S_final,10,10,22
llama-4-scout,S2_1,55,2,3,Correct,0.144636259630896,round,,D_local,S_final,10,10,22
llama-4-scout,S2_1,56,1,1,Wrong,-0.029804099003249096,round,,D_local,S_final,10,10,22
llama-4-scout,S2_1,56,1,2,Wrong,-0.02735557207155126,round,,D_local,S_final,10,10,22
llama-4-scout,S2_1,56,1,3,Wrong,-0.006699645007152588,round,,D_local,S_final,10,10,22
llama-4-scout,S2_1,56,2,1,Correct,0.019849533256218077,round,,D_local,S_final,10,10,22
llama-4-scout,S2_1,56,2,2,Wrong,0.0010390730811640214,round,,D_local,S_final,10,10,22
llama-4-scout,S2_1,56,2,3,Correct,0.028365537383087003,round,,D_local,S_final,10,10,22
llama-4-scout,S2_1,57,1,1,Correct,-0.11983433223415768,round,,D_local,S_final,10,10,22
llama-4-scout,S2_1,57,1,2,Correct,-0.09971025857217708,round,,D_local,S_final,10,10,22
llama-4-scout,S2_1,57,1,3,Correct,-0.10508240662940482,round,,D_local,S_final,10,10,22
llama-4-scout,S2_1,57,2,1,Wrong,-0.15592017033138128,round,,D_local,S_final,10,10,22
llama-4-scout,S2_1,57,2,2,Wrong,-0.18125080126075055,round,,D_local,S_final,10,10,22
llama-4-scout,S2_1,57,2,3,Wrong,-0.17303828662222243,round,,D_local,S_final,10,10,22
llama-4-scout,S2_1,58,1,1,Correct,0.0009502327101972297,round,,D_local,S_final,10,10,22
llama-4-scout,S2_1,58,1,2,Correct,0.01245057927152482,round,,D_local,S_final,10,10,22
llama-4-scout,S2_1,58,1,3,Correct,-0.0241617605996709,round,,D_local,S_final,10,10,22
llama-4-scout,S2_1,58,2,1,Correct,0.012668694176140916,round,,D_local,S_final,10,10,22
llama-4-scout,S2_1,58,2,2,Correct,-0.004091005363036304,round,,D_local,S_final,10,10,22
llama-4-scout,S2_1,58,2,3,Correct,0.0023388688503862554,round,,D_local,S_final,10,10,22
llama-4-scout,S2_1,59,1,1,Correct,-0.07581515258205285,round,,D_local,S_final,10,10,22
llama-4-scout,S2_1,59,1,2,Correct,-0.04542720863745553,round,,D_local,S_final,10,10,22
llama-4-scout,S2_1,59,1,3,Correct,-0.05184599665857348,round,,D_local,S_final,10,10,22
llama-4-scout,S2_1,59,2,1,Correct,0.08901317604403858,round,,D_local,S_final,10,10,22
llama-4-scout,S2_1,59,2,2,Correct,0.0862735094433768,round,,D_local,S_final,10,10,22
llama-4-scout,S2_1,59,2,3,Correct,0.09584694110816783,round,,D_local,S_final,10,10,22
llama-4-scout,S2_1,60,1,1,Correct,-0.12922773598564835,round,,D_local,S_final,10,10,22
llama-4-scout,S2_1,60,1,2,Correct,-0.11087312322897513,round,,D_local,S_final,10,10,22
llama-4-scout,S2_1,60,1,3,Correct,-0.10241142615188681,round,,D_local,S_final,10,10,22
llama-4-scout,S2_1,60,2,1,Correct,0.11151501712690515,round,,D_local,S_final,10,10,22
llama-4-scout,S2_1,60,2,2,Correct,0.1184349030475953,round,,D_local,S_final,10,10,22
llama-4-scout,S2_1,60,2,3,Correct,0.11890953596239329,round,,D_local,S_final,10,10,22
llama-4-scout,S2_1,61,1,1,Correct,-0.07985915789060494,round,,D_local,S_final,10,10,22
llama-4-scout,S2_1,61,1,2,Correct,-0.07317636260737914,round,,D_local,S_final,10,10,22
llama-4-scout,S2_1,61,1,3,Correct,-0.07819726885619016,round,,D_local,S_final,10,10,22
llama-4-scout,S2_1,61,2,1,Correct,0.09770704191526192,round,,D_local,S_final,10,10,22
llama-4-scout,S2_1,61,2,2,Correct,0.11427012260788433,round,,D_local,S_final,10,10,22
llama-4-scout,S2_1,61,2,3,Wrong,0.12183900102354639,round,,D_local,S_final,10,10,22
llama-4-scout,S2_1,62,1,1,Correct,0.016944973011180697,round,,D_local,S_final,10,10,22
llama-4-scout,S2_1,62,1,2,Correct,0.01649531056517839,round,,D_local,S_final,10,10,22
llama-4-scout,S2_1,62,1,3,Correct,0.005216456519728352,round,,D_local,S_final,10,10,22
llama-4-scout,S2_1,62,2,1,Correct,0.016347399775225813,round,,D_local,S_final,10,10,22
llama-4-scout,S2_1,62,2,2,Correct,0.009948968378274803,round,,D_local,S_final,10,10,22
llama-4-scout,S2_1,62,2,3,Correct,0.03784689383958273,round,,D_local,S_final,10,10,22
llama-4-scout,S2_1,63,1,1,Correct,0.014734601452311313,round,,D_local,S_final,10,10,22
llama-4-scout,S2_1,63,1,2,Correct,0.010680091184818163,round,,D_local,S_final,10,10,22
llama-4-scout,S2_1,63,1,3,Correct,0.026070618013085856,round,,D_local,S_final,10,10,22
llama-4-scout,S2_1,63,2,1,Correct,0.021049991940307433,round,,D_local,S_final,10,10,22
llama-4-scout,S2_1,63,2,2,Correct,0.024201662128072954,round,,D_local,S_final,10,10,22
llama-4-scout,S2_1,63,2,3,Correct,0.01900626441016051,round,,D_local,S_final,10,10,22
llama-4-scout,S2_1,64,1,1,Correct,-0.008144080934776365,round,,D_local,S_final,10,10,22
llama-4-scout,S2_1,64,1,2,Correct,-0.0003321408571450579,round,,D_local,S_final,10,10,22
llama-4-scout,S2_1,64,1,3,Correct,0.016767825647985846,round,,D_local,S_final,10,10,22
llama-4-scout,S2_1,64,2,1,Correct,-0.013791636935023055,round,,D_local,S_final,10,10,22
llama-4-scout,S2_1,64,2,2,Correct,-0.02506659902191477,round,,D_local,S_final,10,10,22
llama-4-scout,S2_1,64,2,3,Correct,0.013280477016820447,round,,D_local,S_final,10,10,22
llama-4-scout,S3_1,1,1,1,Correct,0.14941790864755966,round,,D_local,S_final,10,10,22
llama-4-scout,S3_1,1,1,2,Correct,0.15325794260879433,round,,D_local,S_final,10,10,22
llama-4-scout,S3_1,1,1,3,Correct,0.13615960604959,round,,D_local,S_final,10,10,22
llama-4-scout,S3_1,1,2,1,Wrong,0.02469949502108637,round,,D_local,S_final,10,10,22
llama-4-scout,S3_1,1,2,2,Correct,0.028101349094940664,round,,D_local,S_final,10,10,22
llama-4-scout,S3_1,1,2,3,Correct,0.009315221811946772,round,,D_local,S_final,10,10,22
llama-4-scout,S3_1,1,3,1,Correct,-0.04042447462240417,round,,D_local,S_final,10,10,22
llama-4-scout,S3_1,1,3,2,Correct,-0.006193041235602936,round,,D_local,S_final,10,10,22
llama-4-scout,S3_1,1,3,3,Correct,-0.020931825734261666,round,,D_local,S_final,10,10,22
llama-4-scout,S3_1,1,4,1,Correct,0.08966039565933526,round,,D_local,S_final,10,10,22
llama-4-scout,S3_1,1,4,2,Correct,0.08032482814456021,round,,D_local,S_final,10,10,22
llama-4-scout,S3_1,1,4,3,Correct,0.09986879699463047,round,,D_local,S_final,10,10,22
llama-4-scout,S3_1,1,5,1,Wrong,0.034418730454478075,round,,D_local,S_final,10,10,22
llama-4-scout,S3_1,1,5,2,Wrong,0.006030849975596664,round,,D_local,S_final,10,10,22
llama-4-scout,S3_1,1,5,3,Wrong,0.04429442265291328,round,,D_local,S_final,10,10,22
llama-4-scout,S3_1,2,1,1,Correct,0.2244283219517449,round,,D_local,S_final,10,10,22
llama-4-scout,S3_1,2,1,2,Correct,0.20079974999961148,round,,D_local,S_final,10,10,22
llama-4-scout,S3_1,2,1,3,Correct,0.2272593275260248,round,,D_local,S_final,10,10,22
llama-4-scout,S3_1,3,1,1,Correct,0.22837008076645732,round,,D_local,S_final,10,10,22
llama-4-scout,S3_1,3,1,2,Correct,0.2452529170108787,round,,D_local,S_final,10,10,22
llama-4-scout,S3_1,3,1,3,Correct,0.24037964951136231,round,,D_local,S_final,10,10,22
llama-4-scout,S3_1,3,2,1,Wrong,0.24926558684543237,round,,D_local,S_final,10,10,22
llama-4-scout,S3_1,3,2,2,Wrong,0.22627994724441014,round,,D_local,S_final,10,10,22
llama-4-scout,S3_1,3,2,3,Correct,0.27848379599346257,round,,D_local,S_final,10,10,22
llama-4-scout,S3_1,4,1,1,Correct,0.11649614207245418,round,,D_local,S_final,10,10,22
llama-4-scout,S3_1,4,1,2,Correct,0.09948930753302554,round,,D_local,S_final,10,10,22
llama-4-scout,S3_1,4,1,3,Correct,0.0823580384279693,round,,D_local,S_final,10,10,22
llama-4-scout,S3_1,4,2,1,Wrong,0.08717877589191336,round,,D_local,S_final,10,10,22
llama-4-scout,S3_1,4,2,2,Wrong,0.10518559395641913,round,,D_local,S_final,10,10,22
llama-4-scout,S3_1,4,2,3,Wrong,0.10026974291906343,round,,D_local,S_final,10,10,22
llama-4-scout,S3_1,4,3,1,Correct,0.05478794130652398,round,,D_local,S_final,10,10,22
llama-4-scout,S3_1,4,3,2,Correct,0.03909201735760548,round,,D_local,S_final,10,10,22
llama-4-scout,S3_1,4,3,3,Correct,0.05731596778507375,round,,D_local,S_final,10,10,22
llama-4-scout,S3_1,5,1,1,Correct,0.08928740746097663,round,,D_local,S_final,10,10,22
llama-4-scout,S3_1,5,1,2,Correct,0.09303040559542641,round,,D_local,S_final,10,10,22
llama-4-scout,S3_1,5,1,3,Correct,0.09028497035246374,round,,D_local,S_final,10,10,22
llama-4-scout,S3_1,5,2,1,Correct,0.058707743395803536,round,,D_local,S_final,10,10,22
llama-4-scout,S3_1,5,2,2,Correct,0.05380801683685521,round,,D_local,S_final,10,10,22
llama-4-scout,S3_1,5,2,3,Correct,0.059807525949891804,round,,D_local,S_final,10,10,22
llama-4-scout,S3_1,5,3,1,Wrong,0.07494718533903388,round,,D_local,S_final,10,10,22
llama-4-scout,S3_1,5,3,2,Wrong,0.07210899388251979,round,,D_local,S_final,10,10,22
llama-4-scout,S3_1,5,3,3,Wrong,0.09376063172719995,round,,D_local,S_final,10,10,22
llama-4-scout,S3_1,6,1,1,Correct,0.09459164443465973,round,,D_local,S_final,10,10,22
llama-4-scout,S3_1,6,1,2,Correct,0.09933242505506701,round,,D_local,S_final,10,10,22
llama-4-scout,S3_1,6,1,3,Correct,0.08301843115635932,round,,D_local,S_final,10,10,22
llama-4-scout,S3_1,6,2,1,Wrong,0.004075257239973484,round,,D_local,S_final,10,10,22
llama-4-scout,S3_1,6,2,2,Wrong,0.03555240383389491,round,,D_local,S_final,10,10,22
llama-4-scout,S3_1,6,2,3,Wrong,0.024191857757636548,round,,D_local,S_final,10,10,22
llama-4-scout,S3_1,6,3,1,Correct,0.08607154672724404,round,,D_local,S_final,10,10,22
llama-4-scout,S3_1,6,3,2,Correct,0.05062830973827748,round,,D_local,S_final,10,10,22
llama-4-scout,S3_1,6,3,3,Correct,0.052935911396941315,round,,D_local,S_final,10,10,22
llama-4-scout,S3_1,7,1,1,Wrong,0.14821896945566315,round,,D_local,S_final,10,10,22
llama-4-scout,S3_1,7,1,2,Wrong,0.14930741933491543,round,,D_local,S_final,10,10,22
llama-4-scout,S3_1,7,1,3,Wrong,0.16353463522548206,round,,D_local,S_final,10,10,22
llama-4-scout,S3_1,7,2,1,Wrong,0.11002339903716563,round,,D_local,S_final,10,10,22
llama-4-scout,S3_1,7,2,2,Wrong,0.11182417257271404,round,,D_local,S_final,10,10,22
llama-4-scout,S3_1,7,2,3,Wrong,0.10834420342692697,round,,D_local,S_final,10,10,22
llama-4-scout,S3_1,7,3,1,Wrong,-0.023792944295031537,round,,D_local,S_final,10,10,22
llama-4-scout,S3_1,7,3,2,Wrong,-0.02650873158534639,round,,D_local,S_final,10,10,22
llama-4-scout,S3_1,7,3,3,Wrong,-0.018428228182789552,round,,D_local,S_final,10,10,22
llama-4-scout,S3_1,7,4,1,Correct,0.01489523199489351,round,,D_local,S_final,10,10,22
llama-4-scout,S3_1,7,4,2,Correct,0.005682931174824324,round,,D_local,S_final,10,10,22
llama-4-scout,S3_1,7,4,3,Correct,-0.003668536871666128,round,,D_local,S_final,10,10,22
llama-4-scout,S3_1,7,5,1,Correct,0.06436729420945486,round,,D_local,S_final,10,10,22
llama-4-scout,S3_1,7,5,2,Correct,0.039061479869905824,round,,D_local,S_final,10,10,22
llama-4-scout,S3_1,7,5,3,Correct,0.07049381047703684,round,,D_local,S_final,10,10,22
llama-4-scout,S3_1,7,6,1,Wrong,-0.027445814822971926,round,,D_local,S_final,10,10,22
llama-4-scout,S3_1,7,6,2,Wrong,-0.014116398920627216,round,,D_local,S_final,10,10,22
llama-4-scout,S3_1,7,6,3,Wrong,-0.012274674843790856,round,,D_local,S_final,10,10,22
llama-4-scout,S3_1,7,7,1,Wrong,0.06763936633329737,round,,D_local,S_final,10,10,22
llama-4-scout,S3_1,7,7,2,Wrong,0.051580789023098705,round,,D_local,S_final,10,10,22
llama-4-scout,S3_1,7,7,3,Wrong,0.037361648578162376,round,,D_local,S_final,10,10,22
llama-4-scout,S3_1,7,8,1,Correct,0.040554900141563155,round,,D_local,S_final,10,10,22
llama-4-scout,S3_1,7,8,2,Correct,0.03277614558347319,round,,D_local,S_final,10,10,22
llama-4-scout,S3_1,7,8,3,Correct,0.06048760239413942,round,,D_local,S_final,10,10,22
llama-4-scout,S3_1,7,9,1,Correct,0.0987359684770115,round,,D_local,S_final,10,10,22
llama-4-scout,S3_1,7,9,2,Correct,0.08056823568598726,round,,D_local,S_final,10,10,22
llama-4-scout,S3_1,7,9,3,Correct,0.10285301176888695,round,,D_local,S_final,10,10,22
llama-4-scout,S3_1,7,10,1,Wrong,-0.00234079507128071,round,,D_local,S_final,10,10,22
llama-4-scout,S3_1,7,10,2,Wrong,-0.018840988889781918,round,,D_local,S_final,10,10,22
llama-4-scout,S3_1,7,10,3,Wrong,0.0342153516903948,round,,D_local,S_final,10,10,22
llama-4-scout,S3_1,7,11,1,Wrong,0.09910368946255821,round,,D_local,S_final,10,10,22
llama-4-scout,S3_1,7,11,2,Wrong,0.09709372405174632,round,,D_local,S_final,10,10,22
llama-4-scout,S3_1,7,11,3,Wrong,0.09541168120077415,round,,D_local,S_final,10,10,22
llama-4-scout,S3_1,8,1,1,Correct,0.09294960767378668,round,,D_local,S_final,10,10,22
llama-4-scout,S3_1,8,1,2,Correct,0.07606050186879876,round,,D_local,S_final,10,10,22
llama-4-scout,S3_1,8,1,3,Correct,0.07659739623011508,round,,D_local,S_final,10,10,22
llama-4-scout,S3_1,8,2,1,Correct,0.07180479236774906,round,,D_local,S_final,10,10,22
llama-4-scout,S3_1,8,2,2,Correct,0.08056785252221232,round,,D_local,S_final,10,10,22
llama-4-scout,S3_1,8,2,3,Correct,0.07551954068389088,round,,D_local,S_final,10,10,22
llama-4-scout,S3_1,8,3,1,Correct,0.004847204917332704,round,,D_local,S_final,10,10,22
llama-4-scout,S3_1,8,3,2,Correct,-0.012140474112718347,round,,D_local,S_final,10,10,22
llama-4-scout,S3_1,8,3,3,Correct,0.016648004316775378,round,,D_local,S_final,10,10,22
llama-4-scout,S3_1,8,4,1,Wrong,-0.04985607756493704,round,,D_local,S_final,10,10,22
llama-4-scout,S3_1,8,4,2,Wrong,-0.024174978637064526,round,,D_local,S_final,10,10,22
llama-4-scout,S3_1,8,4,3,Correct,-0.03961918814199383,round,,D_local,S_final,10,10,22
llama-4-scout,S3_1,9,1,1,Correct,0.04267665121243225,round,,D_local,S_final,10,10,22
llama-4-scout,S3_1,9,1,2,Correct,0.04578029494088476,round,,D_local,S_final,10,10,22
llama-4-scout,S3_1,9,1,3,Correct,0.057781227741355634,round,,D_local,S_final,10,10,22
llama-4-scout,S3_1,9,2,1,Wrong,0.05854854160845224,round,,D_local,S_final,10,10,22
llama-4-scout,S3_1,9,2,2,Wrong,0.0459363368626754,round,,D_local,S_final,10,10,22
llama-4-scout,S3_1,9,2,3,Wrong,0.047184554611035545,round,,D_local,S_final,10,10,22
llama-4-scout,S3_1,9,3,1,Correct,0.06780702025368612,round,,D_local,S_final,10,10,22
llama-4-scout,S3_1,9,3,2,Correct,0.0649497031392533,round,,D_local,S_final,10,10,22
llama-4-scout,S3_1,9,3,3,Correct,0.09411719903290439,round,,D_local,S_final,10,10,22
llama-4-scout,S3_1,10,1,1,Wrong,0.0811123478450001,round,,D_local,S_final,10,10,22
llama-4-scout,S3_1,10,1,2,Wrong,0.09950141590421824,round,,D_local,S_final,10,10,22
llama-4-scout,S3_1,10,1,3,Wrong,0.08896580319901093,round,,D_local,S_final,10,10,22
llama-4-scout,S3_1,10,2,1,Correct,0.11833391341248911,round,,D_local,S_final,10,10,22
llama-4-scout,S3_1,10,2,2,Correct,0.1035034557767669,round,,D_local,S_final,10,10,22
llama-4-scout,S3_1,10,2,3,Correct,0.1321545178139263,round,,D_local,S_final,10,10,22
llama-4-scout,S3_1,11,1,1,Wrong,0.09607495281636369,round,,D_local,S_final,10,10,22
llama-4-scout,S3_1,11,1,2,Wrong,0.04341733432788142,round,,D_local,S_final,10,10,22
llama-4-scout,S3_1,11,1,3,Wrong,0.00716837478226906,round,,D_local,S_final,10,10,22
llama-4-scout,S3_1,12,1,1,Correct,0.02251128088886667,round,,D_local,S_final,10,10,22
llama-4-scout,S3_1,12,1,2,Correct,-0.01273242269713537,round,,D_local,S_final,10,10,22
llama-4-scout,S3_1,12,1,3,Correct,0.0016429123748418206,round,,D_local,S_final,10,10,22
llama-4-scout,S3_1,13,1,1,Correct,0.16818222045650943,round,,D_local,S_final,10,10,22
llama-4-scout,S3_1,13,1,2,Correct,0.15218497358734195,round,,D_local,S_final,10,10,22
llama-4-scout,S3_1,13,1,3,Wrong,0.17439339483690708,round,,D_local,S_final,10,10,22
llama-4-scout,S3_1,13,2,1,Wrong,-0.055779020922531064,round,,D_local,S_final,10,10,22
llama-4-scout,S3_1,13,2,2,Wrong,-0.034994040173578655,round,,D_local,S_final,10,10,22
llama-4-scout,S3_1,13,2,3,Wrong,-0.04857176878307168,round,,D_local,S_final,10,10,22
llama-4-scout,S3_1,13,3,1,Wrong,0.04253337834955606,round,,D_local,S_final,10,10,22
llama-4-scout,S3_1,13,3,2,Correct,0.05541354873225435,round,,D_local,S_final,10,10,22
llama-4-scout,S3_1,13,3,3,Wrong,0.03508579789864463,round,,D_local,S_final,10,10,22
llama-4-scout,S3_1,14,1,1,Correct,0.062202125260948926,round,,D_local,S_final,10,10,22
llama-4-scout,S3_1,14,1,2,Wrong,0.0546174568012362,round,,D_local,S_final,10,10,22
llama-4-scout,S3_1,14,1,3,Correct,0.09405599524217989,round,,D_local,S_final,10,10,22
llama-4-scout,S3_1,15,1,1,Wrong,-0.06406434945278183,round,,D_local,S_final,10,10,22
llama-4-scout,S3_1,15,1,2,Wrong,-0.07859276979282803,round,,D_local,S_final,10,10,22
llama-4-scout,S3_1,15,1,3,Wrong,-0.07763423963287575,round,,D_local,S_final,10,10,22
llama-4-scout,S3_1,16,1,1,Correct,0.17942342703582015,round,,D_local,S_final,10,10,22
llama-4-scout,S3_1,16,1,2,Correct,0.167280883513375,round,,D_local,S_final,10,10,22
llama-4-scout,S3_1,16,1,3,Correct,0.15794137672380082,round,,D_local,S_final,10,10,22
llama-4-scout,S3_1,17,1,1,Correct,0.026078164153195305,round,,D_local,S_final,10,10,22
llama-4-scout,S3_1,17,1,2,Correct,0.01063719691901488,round,,D_local,S_final,10,10,22
llama-4-scout,S3_1,17,1,3,Correct,0.10210818101826058,round,,D_local,S_final,10,10,22
llama-4-scout,S3_1,18,1,1,Correct,0.11661373260751906,round,,D_local,S_final,10,10,22
llama-4-scout,S3_1,18,1,2,Correct,0.09143889879711498,round,,D_local,S_final,10,10,22
llama-4-scout,S3_1,18,1,3,Correct,0.15088409449828066,round,,D_local,S_final,10,10,22
llama-4-scout,S3_1,19,1,1,Correct,0.04814491810196575,round,,D_local,S_final,10,10,22
llama-4-scout,S3_1,19,1,2,Correct,0.036572420966194175,round,,D_local,S_final,10,10,22
llama-4-scout,S3_1,19,1,3,Correct,0.06241836782080523,round,,D_local,S_final,10,10,22
llama-4-scout,S3_1,20,1,1,Correct,0.10729999635975307,round,,D_local,S_final,10,10,22
llama-4-scout,S3_1,20,1,2,Correct,0.12759092341398415,round,,D_local,S_final,10,10,22
llama-4-scout,S3_1,20,1,3,Correct,0.15760390648435973,round,,D_local,S_final,10,10,22
llama-4-scout,S3_1,21,1,1,Correct,0.10528341236319316,round,,D_local,S_final,10,10,22
llama-4-scout,S3_1,21,1,2,Correct,0.12380249807015176,round,,D_local,S_final,10,10,22
llama-4-scout,S3_1,21,1,3,Correct,0.07717184801211163,round,,D_local,S_final,10,10,22
llama-4-scout,S3_1,22,1,1,Correct,0.011306575668318719,round,,D_local,S_final,10,10,22
llama-4-scout,S3_1,22,1,2,Correct,0.005367485644351744,round,,D_local,S_final,10,10,22
llama-4-scout,S3_1,22,1,3,Correct,0.0011961099373005712,round,,D_local,S_final,10,10,22
llama-4-scout,S3_1,23,1,1,Correct,0.11416456692850419,round,,D_local,S_final,10,10,22
llama-4-scout,S3_1,23,1,2,Correct,0.10709787863440257,round,,D_local,S_final,10,10,22
llama-4-scout,S3_1,23,1,3,Correct,0.08960675821965913,round,,D_local,S_final,10,10,22
llama-4-scout,S3_1,24,1,1,Wrong,0.03151483350777484,round,,D_local,S_final,10,10,22
llama-4-scout,S3_1,24,1,2,Correct,0.03593211804270635,round,,D_local,S_final,10,10,22
llama-4-scout,S3_1,24,1,3,Wrong,0.02616341501609254,round,,D_local,S_final,10,10,22
llama-4-scout,S3_1,25,1,1,Wrong,-0.02137870976481049,round,,D_local,S_final,10,10,22
llama-4-scout,S3_1,25,1,2,Correct,0.009244382834602827,round,,D_local,S_final,10,10,22
llama-4-scout,S3_1,25,1,3,Wrong,-0.0066759556971571765,round,,D_local,S_final,10,10,22
llama-4-scout,S3_1,25,2,1,Correct,0.07534566928720465,round,,D_local,S_final,10,10,22
llama-4-scout,S3_1,25,2,2,Correct,0.07188295526341748,round,,D_local,S_final,10,10,22
llama-4-scout,S3_1,25,2,3,Correct,0.06717694920774009,round,,D_local,S_final,10,10,22
llama-4-scout,S3_1,26,1,1,Correct,0.0656448504474837,round,,D_local,S_final,10,10,22
llama-4-scout,S3_1,26,1,2,Correct,0.06548167840444397,round,,D_local,S_final,10,10,22
llama-4-scout,S3_1,26,1,3,Correct,0.06595504398844709,round,,D_local,S_final,10,10,22
llama-4-scout,S3_1,26,2,1,Correct,-0.04486611600922946,round,,D_local,S_final,10,10,22
llama-4-scout,S3_1,26,2,2,Correct,-0.006962949021931952,round,,D_local,S_final,10,10,22
llama-4-scout,S3_1,26,2,3,Correct,-0.038686534782983006,round,,D_local,S_final,10,10,22
llama-4-scout,S3_1,26,3,1,Correct,-0.023242423905027843,round,,D_local,S_final,10,10,22
llama-4-scout,S3_1,26,3,2,Correct,0.013700443024085462,round,,D_local,S_final,10,10,22
llama-4-scout,S3_1,26,3,3,Correct,-0.036016753367756116,round,,D_local,S_final,10,10,22
llama-4-scout,S3_1,26,4,1,Correct,0.11276000780881662,round,,D_local,S_final,10,10,22
llama-4-scout,S3_1,26,4,2,Correct,0.12938098516868035,round,,D_local,S_final,10,10,22
llama-4-scout,S3_1,26,4,3,Correct,0.14579408639610225,round,,D_local,S_final,10,10,22
llama-4-scout,S3_1,27,1,1,Correct,0.08263375567741704,round,,D_local,S_final,10,10,22
llama-4-scout,S3_1,27,1,2,Correct,0.0602429374969623,round,,D_local,S_final,10,10,22
llama-4-scout,S3_1,27,1,3,Correct,0.05855673202455025,round,,D_local,S_final,10,10,22
llama-4-scout,S3_1,27,2,1,Correct,-0.006589835920083997,round,,D_local,S_final,10,10,22
llama-4-scout,S3_1,27,2,2,Correct,-0.02452099294739496,round,,D_local,S_final,10,10,22
llama-4-scout,S3_1,27,2,3,Correct,-0.03400707025084104,round,,D_local,S_final,10,10,22
llama-4-scout,S3_1,27,3,1,Correct,-0.0048869299508440545,round,,D_local,S_final,10,10,22
llama-4-scout,S3_1,27,3,2,Correct,-0.02339509487418856,round,,D_local,S_final,10,10,22
llama-4-scout,S3_1,27,3,3,Correct,0.04039276914564005,round,,D_local,S_final,10,10,22
llama-4-scout,S3_1,27,4,1,Correct,0.1946354635491898,round,,D_local,S_final,10,10,22
llama-4-scout,S3_1,27,4,2,Correct,0.18119982277808477,round,,D_local,S_final,10,10,22
llama-4-scout,S3_1,27,4,3,Correct,0.21359579094193443,round,,D_local,S_final,10,10,22
llama-4-scout,S3_1,28,1,1,Correct,0.08004875240171433,round,,D_local,S_final,10,10,22
llama-4-scout,S3_1,28,1,2,Correct,0.024837787790383814,round,,D_local,S_final,10,10,22
llama-4-scout,S3_1,28,1,3,Correct,0.04572594738174396,round,,D_local,S_final,10,10,22
llama-4-scout,S3_1,28,2,1,Correct,-0.06662572087250246,round,,D_local,S_final,10,10,22
llama-4-scout,S3_1,28,2,2,Correct,-0.04157552612342169,round,,D_local,S_final,10,10,22
llama-4-scout,S3_1,28,2,3,Correct,-0.03252678694034161,round,,D_local,S_final,10,10,22
llama-4-scout,S3_1,29,1,1,Correct,0.12162996670202753,round,,D_local,S_final,10,10,22
llama-4-scout,S3_1,29,1,2,Correct,0.0712550951796399,round,,D_local,S_final,10,10,22
llama-4-scout,S3_1,29,1,3,Correct,0.10599494602799486,round,,D_local,S_final,10,10,22
llama-4-scout,S3_1,29,2,1,Correct,-0.04715659929631799,round,,D_local,S_final,10,10,22
llama-4-scout,S3_1,29,2,2,Correct,-0.0559834053570214,round,,D_local,S_final,10,10,22
llama-4-scout,S3_1,29,2,3,Correct,-0.029612930558295614,round,,D_local,S_final,10,10,22
llama-4-scout,S3_1,30,1,1,Correct,0.04726814061578799,round,,D_local,S_final,10,10,22
llama-4-scout,S3_1,30,1,2,Correct,0.06034464090970526,round,,D_local,S_final,10,10,22
llama-4-scout,S3_1,30,1,3,Correct,0.05216952801557484,round,,D_local,S_final,10,10,22
llama-4-scout,S3_1,30,2,1,Correct,-0.08499783877355294,round,,D_local,S_final,10,10,22
llama-4-scout,S3_1,30,2,2,Correct,-0.07103521352378539,round,,D_local,S_final,10,10,22
llama-4-scout,S3_1,30,2,3,Correct,-0.08522616105532949,round,,D_local,S_final,10,10,22
llama-4-scout,S3_1,31,1,1,Correct,0.13962067472329887,round,,D_local,S_final,10,10,22
llama-4-scout,S3_1,31,1,2,Correct,0.13831921993949015,round,,D_local,S_final,10,10,22
llama-4-scout,S3_1,31,1,3,Correct,0.14024986318214533,round,,D_local,S_final,10,10,22
llama-4-scout,S3_1,32,1,1,Wrong,0.06313079297396007,round,,D_local,S_final,10,10,22
llama-4-scout,S3_1,32,1,2,Wrong,0.04692638461254639,round,,D_local,S_final,10,10,22
llama-4-scout,S3_1,32,1,3,Wrong,0.09703769436578857,round,,D_local,S_final,10,10,22
llama-4-scout,S3_1,33,1,1,Wrong,0.08323349778574607,round,,D_local,S_final,10,10,22
llama-4-scout,S3_1,33,1,2,Wrong,0.11417334348108099,round,,D_local,S_final,10,10,22
llama-4-scout,S3_1,33,1,3,Wrong,0.09353320103386453,round,,D_local,S_final,10,10,22
llama-4-scout,S3_1,34,1,1,Wrong,0.0496612428792802,round,,D_local,S_final,10,10,22
llama-4-scout,S3_1,34,1,2,Correct,0.009616178308921586,round,,D_local,S_final,10,10,22
llama-4-scout,S3_1,34,1,3,Correct,0.02819998116520439,round,,D_local,S_final,10,10,22
llama-4-scout,S3_1,35,1,1,Wrong,-0.009848113497940791,round,,D_local,S_final,10,10,22
llama-4-scout,S3_1,35,1,2,Wrong,-0.006493124075546475,round,,D_local,S_final,10,10,22
llama-4-scout,S3_1,35,1,3,Wrong,-0.006933434393001758,round,,D_local,S_final,10,10,22
llama-4-scout,S3_1,36,1,1,Wrong,0.12100115504586506,round,,D_local,S_final,10,10,22
llama-4-scout,S3_1,36,1,2,Correct,0.127480716964799,round,,D_local,S_final,10,10,22
llama-4-scout,S3_1,36,1,3,Correct,0.10507603042374936,round,,D_local,S_final,10,10,22
llama-4-scout,S3_1,36,2,1,Correct,0.06461475870206035,round,,D_local,S_final,10,10,22
llama-4-scout,S3_1,36,2,2,Wrong,0.025578777614775894,round,,D_local,S_final,10,10,22
llama-4-scout,S3_1,36,2,3,Wrong,0.04460400126824393,round,,D_local,S_final,10,10,22
llama-4-scout,S3_1,36,3,1,Correct,0.05014141056159427,round,,D_local,S_final,10,10,22
llama-4-scout,S3_1,36,3,2,Correct,0.07493437487428045,round,,D_local,S_final,10,10,22
llama-4-scout,S3_1,36,3,3,Correct,0.05027287658515167,round,,D_local,S_final,10,10,22
llama-4-scout,S3_1,37,1,1,Correct,0.008645921075709495,round,,D_local,S_final,10,10,22
llama-4-scout,S3_1,37,1,2,Correct,0.06416757577063537,round,,D_local,S_final,10,10,22
llama-4-scout,S3_1,37,1,3,Correct,-0.014284197585124447,round,,D_local,S_final,10,10,22
llama-4-scout,S3_1,37,2,1,Wrong,0.08844183181336751,round,,D_local,S_final,10,10,22
llama-4-scout,S3_1,37,2,2,Wrong,0.08725293564377257,round,,D_local,S_final,10,10,22
llama-4-scout,S3_1,37,2,3,Wrong,0.07095344806334947,round,,D_local,S_final,10,10,22
llama-4-scout,S3_1,38,1,1,Correct,-0.12154090382093424,round,,D_local,S_final,10,10,22
llama-4-scout,S3_1,38,1,2,Correct,-0.10402130745460264,round,,D_local,S_final,10,10,22
llama-4-scout,S3_1,38,1,3,Correct,-0.13068539544589164,round,,D_local,S_final,10,10,22
llama-4-scout,S3_1,38,2,1,Wrong,-0.14194476557973368,round,,D_local,S_final,10,10,22
llama-4-scout,S3_1,38,2,2,Wrong,-0.14385545524410975,round,,D_local,S_final,10,10,22
llama-4-scout,S3_1,38,2,3,Wrong,-0.1504105686916003,round,,D_local,S_final,10,10,22
llama-4-scout,S3_1,39,1,1,Correct,-0.028562269919967576,round,,D_local,S_final,10,10,22
llama-4-scout,S3_1,39,1,2,Correct,-0.03940164568830751,round,,D_local,S_final,10,10,22
llama-4-scout,S3_1,39,1,3,Correct,-0.039208947219449564,round,,D_local,S_final,10,10,22
llama-4-scout,S3_1,39,2,1,Correct,0.13733274313636912,round,,D_local,S_final,10,10,22
llama-4-scout,S3_1,39,2,2,Correct,0.16612795807188918,round,,D_local,S_final,10,10,22
llama-4-scout,S3_1,39,2,3,Correct,0.1587311480948005,round,,D_local,S_final,10,10,22
llama-4-scout,S3_1,40,1,1,Correct,0.07812187750851807,round,,D_local,S_final,10,10,22
llama-4-scout,S3_1,40,1,2,Correct,0.0827676565980695,round,,D_local,S_final,10,10,22
llama-4-scout,S3_1,40,1,3,Correct,0.09113754629804538,round,,D_local,S_final,10,10,22
llama-4-scout,S3_1,40,2,1,Wrong,0.06030447295858543,round,,D_local,S_final,10,10,22
llama-4-scout,S3_1,40,2,2,Wrong,0.10819558544721819,round,,D_local,S_final,10,10,22
llama-4-scout,S3_1,40,2,3,Wrong,0.09184178715770708,round,,D_local,S_final,10,10,22
llama-4-scout,S3_1,40,3,1,Correct,0.04059391145947833,round,,D_local,S_final,10,10,22
llama-4-scout,S3_1,40,3,2,Correct,0.013341854894309946,round,,D_local,S_final,10,10,22
llama-4-scout,S3_1,40,3,3,Wrong,0.013935256019668274,round,,D_local,S_final,10,10,22
llama-4-scout,S3_1,40,4,1,Wrong,0.013465060991971423,round,,D_local,S_final,10,10,22
llama-4-scout,S3_1,40,4,2,Wrong,0.049115656383023065,round,,D_local,S_final,10,10,22
llama-4-scout,S3_1,40,4,3,Wrong,0.05631410158019445,round,,D_local,S_final,10,10,22
llama-4-scout,S3_1,40,5,1,Wrong,0.039488148862051986,round,,D_local,S_final,10,10,22
llama-4-scout,S3_1,40,5,2,Wrong,0.04208173859153197,round,,D_local,S_final,10,10,22
llama-4-scout,S3_1,40,5,3,Wrong,0.0400247211957685,round,,D_local,S_final,10,10,22
llama-4-scout,S3_1,40,6,1,Correct,0.05013985457255565,round,,D_local,S_final,10,10,22
llama-4-scout,S3_1,40,6,2,Correct,0.044227240035759285,round,,D_local,S_final,10,10,22
llama-4-scout,S3_1,40,6,3,Correct,0.04442199958103177,round,,D_local,S_final,10,10,22
llama-4-scout,S3_1,41,1,1,Correct,0.08770332757534394,round,,D_local,S_final,10,10,22
llama-4-scout,S3_1,41,1,2,Correct,0.0860731068758196,round,,D_local,S_final,10,10,22
llama-4-scout,S3_1,41,1,3,Correct,0.059076613400713573,round,,D_local,S_final,10,10,22
llama-4-scout,S3_1,42,1,1,Wrong,-0.05835712578173824,round,,D_local,S_final,10,10,22
llama-4-scout,S3_1,42,1,2,Wrong,-0.046745772199229374,round,,D_local,S_final,10,10,22
llama-4-scout,S3_1,42,1,3,Wrong,-0.06801531879453271,round,,D_local,S_final,10,10,22
llama-4-scout,S3_1,43,1,1,Wrong,-0.04507308481907357,round,,D_local,S_final,10,10,22
llama-4-scout,S3_1,43,1,2,Wrong,-0.031034565057328156,round,,D_local,S_final,10,10,22
llama-4-scout,S3_1,43,1,3,Wrong,-0.06146141329753907,round,,D_local,S_final,10,10,22
llama-4-scout,S3_1,44,1,1,Wrong,0.07453289378558559,round,,D_local,S_final,10,10,22
llama-4-scout,S3_1,44,1,2,Wrong,0.10300085503033907,round,,D_local,S_final,10,10,22
llama-4-scout,S3_1,44,1,3,Wrong,0.08507663333574711,round,,D_local,S_final,10,10,22
llama-4-scout,S3_1,45,1,1,Correct,0.13429767985162955,round,,D_local,S_final,10,10,22
llama-4-scout,S3_1,45,1,2,Correct,0.1259334030385708,round,,D_local,S_final,10,10,22
llama-4-scout,S3_1,45,1,3,Correct,0.16868289262856961,round,,D_local,S_final,10,10,22
llama-4-scout,S3_1,45,2,1,Wrong,-0.03550818267637135,round,,D_local,S_final,10,10,22
llama-4-scout,S3_1,45,2,2,Wrong,0.020845892424412704,round,,D_local,S_final,10,10,22
llama-4-scout,S3_1,45,2,3,Wrong,0.04831607055218967,round,,D_local,S_final,10,10,22
llama-4-scout,S3_1,45,3,1,Wrong,-0.04055212142152542,round,,D_local,S_final,10,10,22
llama-4-scout,S3_1,45,3,2,Correct,-0.03004727728773937,round,,D_local,S_final,10,10,22
llama-4-scout,S3_1,45,3,3,Wrong,-0.03704037348623779,round,,D_local,S_final,10,10,22
llama-4-scout,S3_1,46,1,1,Correct,0.08415952889745193,round,,D_local,S_final,10,10,22
llama-4-scout,S3_1,46,1,2,Correct,0.08496898351980497,round,,D_local,S_final,10,10,22
llama-4-scout,S3_1,46,1,3,Correct,0.0945891893111156,round,,D_local,S_final,10,10,22
llama-4-scout,S3_1,46,2,1,Correct,0.04467064568556478,round,,D_local,S_final,10,10,22
llama-4-scout,S3_1,46,2,2,Correct,0.045275968905610586,round,,D_local,S_final,10,10,22
llama-4-scout,S3_1,46,2,3,Correct,0.0348772448912148,round,,D_local,S_final,10,10,22
llama-4-scout,S3_1,47,1,1,Correct,0.10595967640704973,round,,D_local,S_final,10,10,22
llama-4-scout,S3_1,47,1,2,Correct,0.11179301236212236,round,,D_local,S_final,10,10,22
llama-4-scout,S3_1,47,1,3,Correct,0.11240655954865764,round,,D_local,S_final,10,10,22
llama-4-scout,S3_1,47,2,1,Correct,0.02717809294632534,round,,D_local,S_final,10,10,22
llama-4-scout,S3_1,47,2,2,Correct,0.015682224913532772,round,,D_local,S_final,10,10,22
llama-4-scout,S3_1,47,2,3,Correct,0.017977080336726514,round,,D_local,S_final,10,10,22
llama-4-scout,S3_1,48,1,1,Correct,0.07823800110384282,round,,D_local,S_final,10,10,22
llama-4-scout,S3_1,48,1,2,Correct,0.08907837184086964,round,,D_local,S_final,10,10,22
llama-4-scout,S3_1,48,1,3,Correct,0.07823313071958138,round,,D_local,S_final,10,10,22
llama-4-scout,S3_1,48,2,1,Wrong,0.024166651156118713,round,,D_local,S_final,10,10,22
llama-4-scout,S3_1,48,2,2,Wrong,-0.01959134468403778,round,,D_local,S_final,10,10,22
llama-4-scout,S3_1,48,2,3,Wrong,-0.03724801196185312,round,,D_local,S_final,10,10,22
llama-4-scout,S3_1,49,1,1,Wrong,0.015136427435033517,round,,D_local,S_final,10,10,22
llama-4-scout,S3_1,49,1,2,Wrong,0.03777034732879503,round,,D_local,S_final,10,10,22
llama-4-scout,S3_1,49,1,3,Correct,0.06361708347718031,round,,D_local,S_final,10,10,22
llama-4-scout,S3_1,50,1,1,Correct,0.05042233321862366,round,,D_local,S_final,10,10,22
llama-4-scout,S3_1,50,1,2,Correct,0.052452889306319195,round,,D_local,S_final,10,10,22
llama-4-scout,S3_1,50,1,3,Correct,0.03538511414045642,round,,D_local,S_final,10,10,22
llama-4-scout,S3_1,51,1,1,Wrong,0.10659873017437782,round,,D_local,S_final,10,10,22
llama-4-scout,S3_1,51,1,2,Wrong,0.06432481613691798,round,,D_local,S_final,10,10,22
llama-4-scout,S3_1,51,1,3,Wrong,0.10853247587626602,round,,D_local,S_final,10,10,22
llama-4-scout,S3_1,52,1,1,Correct,0.13406230256104668,round,,D_local,S_final,10,10,22
llama-4-scout,S3_1,52,1,2,Correct,0.14372870487892375,round,,D_local,S_final,10,10,22
llama-4-scout,S3_1,52,1,3,Correct,0.14599499073771727,round,,D_local,S_final,10,10,22
llama-4-scout,S3_1,53,1,1,Correct,-0.00279734793115316,round,,D_local,S_final,10,10,22
llama-4-scout,S3_1,53,1,2,Correct,-0.05517205758744753,round,,D_local,S_final,10,10,22
llama-4-scout,S3_1,53,1,3,Correct,-0.011895484754400165,round,,D_local,S_final,10,10,22
llama-4-scout,S3_1,53,2,1,Correct,0.0801636539857632,round,,D_local,S_final,10,10,22
llama-4-scout,S3_1,53,2,2,Correct,0.11077675547044685,round,,D_local,S_final,10,10,22
llama-4-scout,S3_1,53,2,3,Correct,0.10391136896642772,round,,D_local,S_final,10,10,22
llama-4-scout,S3_1,54,1,1,Correct,-0.1473877587960904,round,,D_local,S_final,10,10,22
llama-4-scout,S3_1,54,1,2,Wrong,-0.1599489206036383,round,,D_local,S_final,10,10,22
llama-4-scout,S3_1,54,1,3,Correct,-0.14908702939117846,round,,D_local,S_final,10,10,22
llama-4-scout,S3_1,54,2,1,Correct,0.119559872622232,round,,D_local,S_final,10,10,22
llama-4-scout,S3_1,54,2,2,Correct,0.11815986271728485,round,,D_local,S_final,10,10,22
llama-4-scout,S3_1,54,2,3,Correct,0.12761533855771456,round,,D_local,S_final,10,10,22
llama-4-scout,S3_1,55,1,1,Wrong,0.025011009176425514,round,,D_local,S_final,10,10,22
llama-4-scout,S3_1,55,1,2,Wrong,-0.03972512163688102,round,,D_local,S_final,10,10,22
llama-4-scout,S3_1,55,1,3,Wrong,-0.043747771532858026,round,,D_local,S_final,10,10,22
llama-4-scout,S3_1,55,2,1,Correct,0.12824446469037354,round,,D_local,S_final,10,10,22
llama-4-scout,S3_1,55,2,2,Correct,0.09922405750432306,round,,D_local,S_final,10,10,22
llama-4-scout,S3_1,55,2,3,Correct,0.13922842457879991,round,,D_local,S_final,10,10,22
llama-4-scout,S3_1,56,1,1,Wrong,-0.02172244000327872,round,,D_local,S_final,10,10,22
llama-4-scout,S3_1,56,1,2,Wrong,-0.013205152506068685,round,,D_local,S_final,10,10,22
llama-4-scout,S3_1,56,1,3,Wrong,-0.04699733769213765,round,,D_local,S_final,10,10,22
llama-4-scout,S3_1,56,2,1,Correct,0.0469377918862498,round,,D_local,S_final,10,10,22
llama-4-scout,S3_1,56,2,2,Correct,0.05161820617287072,round,,D_local,S_final,10,10,22
llama-4-scout,S3_1,56,2,3,Correct,0.04176095883013975,round,,D_local,S_final,10,10,22
llama-4-scout,S3_1,57,1,1,Correct,-0.09697791711033127,round,,D_local,S_final,10,10,22
llama-4-scout,S3_1,57,1,2,Correct,-0.09604305972997773,round,,D_local,S_final,10,10,22
llama-4-scout,S3_1,57,1,3,Correct,-0.11720334600192384,round,,D_local,S_final,10,10,22
llama-4-scout,S3_1,57,2,1,Wrong,-0.09782844430386656,round,,D_local,S_final,10,10,22
llama-4-scout,S3_1,57,2,2,Wrong,-0.127786827720895,round,,D_local,S_final,10,10,22
llama-4-scout,S3_1,57,2,3,Wrong,-0.1608817080321876,round,,D_local,S_final,10,10,22
llama-4-scout,S3_1,58,1,1,Correct,-0.015880428405420255,round,,D_local,S_final,10,10,22
llama-4-scout,S3_1,58,1,2,Correct,-0.005249107445241874,round,,D_local,S_final,10,10,22
llama-4-scout,S3_1,58,1,3,Correct,-0.02342667097266149,round,,D_local,S_final,10,10,22
llama-4-scout,S3_1,58,2,1,Correct,0.06573790081581943,round,,D_local,S_final,10,10,22
llama-4-scout,S3_1,58,2,2,Correct,0.04227351728093909,round,,D_local,S_final,10,10,22
llama-4-scout,S3_1,58,2,3,Correct,0.030667705676696855,round,,D_local,S_final,10,10,22
llama-4-scout,S3_1,59,1,1,Correct,-0.04884490586866669,round,,D_local,S_final,10,10,22
llama-4-scout,S3_1,59,1,2,Correct,-0.05365264667352726,round,,D_local,S_final,10,10,22
llama-4-scout,S3_1,59,1,3,Correct,-0.06256175717525969,round,,D_local,S_final,10,10,22
llama-4-scout,S3_1,59,2,1,Correct,0.08960595556125417,round,,D_local,S_final,10,10,22
llama-4-scout,S3_1,59,2,2,Correct,0.10400413633946526,round,,D_local,S_final,10,10,22
llama-4-scout,S3_1,59,2,3,Correct,0.08904491683146754,round,,D_local,S_final,10,10,22
llama-4-scout,S3_1,60,1,1,Correct,-0.10447536665140611,round,,D_local,S_final,10,10,22
llama-4-scout,S3_1,60,1,2,Correct,-0.12960178352463847,round,,D_local,S_final,10,10,22
llama-4-scout,S3_1,60,1,3,Correct,-0.11147050106655332,round,,D_local,S_final,10,10,22
llama-4-scout,S3_1,60,2,1,Correct,0.06384519368550046,round,,D_local,S_final,10,10,22
llama-4-scout,S3_1,60,2,2,Correct,0.0797701123554937,round,,D_local,S_final,10,10,22
llama-4-scout,S3_1,60,2,3,Correct,0.09751284260776638,round,,D_local,S_final,10,10,22
llama-4-scout,S3_1,61,1,1,Correct,-0.10134193344376607,round,,D_local,S_final,10,10,22
llama-4-scout,S3_1,61,1,2,Correct,-0.07479209570205125,round,,D_local,S_final,10,10,22
llama-4-scout,S3_1,61,1,3,Correct,-0.10402983649215958,round,,D_local,S_final,10,10,22
llama-4-scout,S3_1,61,2,1,Correct,0.12273669700310597,round,,D_local,S_final,10,10,22
llama-4-scout,S3_1,61,2,2,Wrong,0.1336337818251767,round,,D_local,S_final,10,10,22
llama-4-scout,S3_1,61,2,3,Correct,0.12070859699849967,round,,D_local,S_final,10,10,22
llama-4-scout,S3_1,62,1,1,Correct,0.017051257625126937,round,,D_local,S_final,10,10,22
llama-4-scout,S3_1,62,1,2,Correct,0.07064514858224413,round,,D_local,S_final,10,10,22
llama-4-scout,S3_1,62,1,3,Correct,0.059555347840575146,round,,D_local,S_final,10,10,22
llama-4-scout,S3_1,62,2,1,Correct,0.04620939295600002,round,,D_local,S_final,10,10,22
llama-4-scout,S3_1,62,2,2,Correct,0.03362875254719544,round,,D_local,S_final,10,10,22
llama-4-scout,S3_1,62,2,3,Correct,0.02965771229020786,round,,D_local,S_final,10,10,22
llama-4-scout,S3_1,63,1,1,Correct,0.040155378670922004,round,,D_local,S_final,10,10,22
llama-4-scout,S3_1,63,1,2,Correct,0.034304816298144636,round,,D_local,S_final,10,10,22
llama-4-scout,S3_1,63,1,3,Correct,0.029276178440052147,round,,D_local,S_final,10,10,22
llama-4-scout,S3_1,63,2,1,Correct,0.03676513451477237,round,,D_local,S_final,10,10,22
llama-4-scout,S3_1,63,2,2,Wrong,0.015910067336012412,round,,D_local,S_final,10,10,22
llama-4-scout,S3_1,63,2,3,Correct,0.03849823887319104,round,,D_local,S_final,10,10,22
llama-4-scout,S3_1,64,1,1,Correct,-0.01560953078906957,round,,D_local,S_final,10,10,22
llama-4-scout,S3_1,64,1,2,Correct,-0.026039396413873206,round,,D_local,S_final,10,10,22
llama-4-scout,S3_1,64,1,3,Correct,0.03362506170770674,round,,D_local,S_final,10,10,22
llama-4-scout,S3_1,64,2,1,Correct,-0.008183771305597665,round,,D_local,S_final,10,10,22
llama-4-scout,S3_1,64,2,2,Correct,-0.004176971211989566,round,,D_local,S_final,10,10,22
llama-4-scout,S3_1,64,2,3,Correct,0.0193749764282094,round,,D_local,S_final,10,10,22
