model,strategy,molecule_id,experiment_id,round,correctness,local_score,observation_level,selected_round_count,metric,score,requested_candidates,actual_candidates_min,actual_candidates_max
deepseek-v3.2-think,S0,1,1,1,Correct,0.124301747892988,round,,D_local,S_final,10,10,22
deepseek-v3.2-think,S0,1,1,2,Correct,0.1240748399325282,round,,D_local,S_final,10,10,22
deepseek-v3.2-think,S0,1,1,3,Correct,0.1207375100679157,round,,D_local,S_final,10,10,22
deepseek-v3.2-think,S0,1,2,1,Wrong,0.0353678209001536,round,,D_local,S_final,10,10,22
deepseek-v3.2-think,S0,1,2,2,Wrong,0.051174521549653,round,,D_local,S_final,10,10,22
deepseek-v3.2-think,S0,1,2,3,Wrong,0.0237678083301888,round,,D_local,S_final,10,10,22
deepseek-v3.2-think,S0,1,3,1,Wrong,-0.0260659444274908,round,,D_local,S_final,10,10,22
deepseek-v3.2-think,S0,1,3,2,Wrong,-0.0292441262153769,round,,D_local,S_final,10,10,22
deepseek-v3.2-think,S0,1,3,3,Wrong,-0.0141680221825534,round,,D_local,S_final,10,10,22
deepseek-v3.2-think,S0,1,4,1,Correct,0.0556651260504105,round,,D_local,S_final,10,10,22
deepseek-v3.2-think,S0,1,4,2,Correct,0.0686504205009524,round,,D_local,S_final,10,10,22
deepseek-v3.2-think,S0,1,4,3,Correct,0.0589295719666338,round,,D_local,S_final,10,10,22
deepseek-v3.2-think,S0,1,5,1,Wrong,0.0131958834500284,round,,D_local,S_final,10,10,22
deepseek-v3.2-think,S0,1,5,2,Correct,0.0659820432751415,round,,D_local,S_final,10,10,22
deepseek-v3.2-think,S0,1,5,3,Correct,0.1158784831358076,round,,D_local,S_final,10,10,22
deepseek-v3.2-think,S0,2,1,1,Correct,0.2135912549623254,round,,D_local,S_final,10,10,22
deepseek-v3.2-think,S0,2,1,2,Correct,0.2306355187023999,round,,D_local,S_final,10,10,22
deepseek-v3.2-think,S0,2,1,3,Correct,0.2605322116886271,round,,D_local,S_final,10,10,22
deepseek-v3.2-think,S0,3,1,1,Correct,0.1913751247129662,round,,D_local,S_final,10,10,22
deepseek-v3.2-think,S0,3,1,2,Correct,0.2220452477779195,round,,D_local,S_final,10,10,22
deepseek-v3.2-think,S0,3,1,3,Correct,0.2300633416086476,round,,D_local,S_final,10,10,22
deepseek-v3.2-think,S0,3,2,1,Wrong,0.2037494325598796,round,,D_local,S_final,10,10,22
deepseek-v3.2-think,S0,3,2,2,Wrong,0.2123038163374515,round,,D_local,S_final,10,10,22
deepseek-v3.2-think,S0,3,2,3,Wrong,0.1870373713263519,round,,D_local,S_final,10,10,22
deepseek-v3.2-think,S0,4,1,1,Correct,0.1176053543940875,round,,D_local,S_final,10,10,22
deepseek-v3.2-think,S0,4,1,2,Correct,0.1379811498224719,round,,D_local,S_final,10,10,22
deepseek-v3.2-think,S0,4,1,3,Correct,0.1213349516558581,round,,D_local,S_final,10,10,22
deepseek-v3.2-think,S0,4,2,1,Correct,0.1058581812748062,round,,D_local,S_final,10,10,22
deepseek-v3.2-think,S0,4,2,2,Correct,0.107705437133697,round,,D_local,S_final,10,10,22
deepseek-v3.2-think,S0,4,2,3,Correct,0.0987167227065261,round,,D_local,S_final,10,10,22
deepseek-v3.2-think,S0,4,3,1,Correct,0.0719671812923268,round,,D_local,S_final,10,10,22
deepseek-v3.2-think,S0,4,3,2,Correct,0.0561219505034852,round,,D_local,S_final,10,10,22
deepseek-v3.2-think,S0,4,3,3,Correct,0.0450969856827913,round,,D_local,S_final,10,10,22
deepseek-v3.2-think,S0,5,1,1,Correct,0.081126236817234,round,,D_local,S_final,10,10,22
deepseek-v3.2-think,S0,5,1,2,Correct,0.1074091811786025,round,,D_local,S_final,10,10,22
deepseek-v3.2-think,S0,5,1,3,Wrong,0.0839286235551679,round,,D_local,S_final,10,10,22
deepseek-v3.2-think,S0,5,2,1,Correct,0.0644420873747516,round,,D_local,S_final,10,10,22
deepseek-v3.2-think,S0,5,2,2,Correct,0.0675886064718088,round,,D_local,S_final,10,10,22
deepseek-v3.2-think,S0,5,2,3,Correct,0.0844908429644896,round,,D_local,S_final,10,10,22
deepseek-v3.2-think,S0,5,3,1,Wrong,0.0605659447799831,round,,D_local,S_final,10,10,22
deepseek-v3.2-think,S0,5,3,2,Wrong,0.0600387379135533,round,,D_local,S_final,10,10,22
deepseek-v3.2-think,S0,5,3,3,Wrong,0.0647146291352707,round,,D_local,S_final,10,10,22
deepseek-v3.2-think,S0,6,1,1,Correct,0.0903341048306137,round,,D_local,S_final,10,10,22
deepseek-v3.2-think,S0,6,1,2,Wrong,0.0823603538845449,round,,D_local,S_final,10,10,22
deepseek-v3.2-think,S0,6,1,3,Wrong,0.0776391772461236,round,,D_local,S_final,10,10,22
deepseek-v3.2-think,S0,6,2,1,Correct,0.0362799917005574,round,,D_local,S_final,10,10,22
deepseek-v3.2-think,S0,6,2,2,Correct,0.0369913397145003,round,,D_local,S_final,10,10,22
deepseek-v3.2-think,S0,6,2,3,Correct,0.0255987695571383,round,,D_local,S_final,10,10,22
deepseek-v3.2-think,S0,6,3,1,Correct,0.0755134321183303,round,,D_local,S_final,10,10,22
deepseek-v3.2-think,S0,6,3,2,Wrong,0.049239714511855,round,,D_local,S_final,10,10,22
deepseek-v3.2-think,S0,6,3,3,Correct,0.0735426462020881,round,,D_local,S_final,10,10,22
deepseek-v3.2-think,S0,7,1,1,Correct,0.117584380366056,round,,D_local,S_final,10,10,22
deepseek-v3.2-think,S0,7,1,2,Correct,0.1080076887976023,round,,D_local,S_final,10,10,22
deepseek-v3.2-think,S0,7,1,3,Wrong,0.101935126513836,round,,D_local,S_final,10,10,22
deepseek-v3.2-think,S0,7,2,1,Wrong,0.0587509465461834,round,,D_local,S_final,10,10,22
deepseek-v3.2-think,S0,7,2,2,Wrong,0.0609073859427584,round,,D_local,S_final,10,10,22
deepseek-v3.2-think,S0,7,2,3,Wrong,0.1258416966277359,round,,D_local,S_final,10,10,22
deepseek-v3.2-think,S0,7,3,1,Wrong,-0.0113460187912201,round,,D_local,S_final,10,10,22
deepseek-v3.2-think,S0,7,3,2,Wrong,-0.0241260685101319,round,,D_local,S_final,10,10,22
deepseek-v3.2-think,S0,7,3,3,Wrong,-0.0246196421182454,round,,D_local,S_final,10,10,22
deepseek-v3.2-think,S0,7,4,1,Correct,-0.0127676517241396,round,,D_local,S_final,10,10,22
deepseek-v3.2-think,S0,7,4,2,Correct,-0.0091512244720569,round,,D_local,S_final,10,10,22
deepseek-v3.2-think,S0,7,4,3,Correct,0.0238797292040426,round,,D_local,S_final,10,10,22
deepseek-v3.2-think,S0,7,5,1,Correct,0.0603695804793804,round,,D_local,S_final,10,10,22
deepseek-v3.2-think,S0,7,5,2,Correct,0.078889407702244,round,,D_local,S_final,10,10,22
deepseek-v3.2-think,S0,7,5,3,Correct,0.0534330990582132,round,,D_local,S_final,10,10,22
deepseek-v3.2-think,S0,7,6,1,Wrong,0.0032452753022221,round,,D_local,S_final,10,10,22
deepseek-v3.2-think,S0,7,6,2,Wrong,-0.0258205972022735,round,,D_local,S_final,10,10,22
deepseek-v3.2-think,S0,7,6,3,Wrong,-0.0344148274120866,round,,D_local,S_final,10,10,22
deepseek-v3.2-think,S0,7,7,1,Wrong,0.0652932269668312,round,,D_local,S_final,10,10,22
deepseek-v3.2-think,S0,7,7,2,Wrong,0.076428138569588,round,,D_local,S_final,10,10,22
deepseek-v3.2-think,S0,7,7,3,Wrong,0.0686466617335133,round,,D_local,S_final,10,10,22
deepseek-v3.2-think,S0,7,8,1,Correct,0.0353581464000634,round,,D_local,S_final,10,10,22
deepseek-v3.2-think,S0,7,8,2,Correct,0.0461741013957381,round,,D_local,S_final,10,10,22
deepseek-v3.2-think,S0,7,8,3,Correct,0.0348486105859839,round,,D_local,S_final,10,10,22
deepseek-v3.2-think,S0,7,9,1,Correct,0.0530390995270102,round,,D_local,S_final,10,10,22
deepseek-v3.2-think,S0,7,9,2,Correct,0.0582600077925726,round,,D_local,S_final,10,10,22
deepseek-v3.2-think,S0,7,9,3,Correct,0.0963768349619178,round,,D_local,S_final,10,10,22
deepseek-v3.2-think,S0,7,10,1,Wrong,-0.0198817899016437,round,,D_local,S_final,10,10,22
deepseek-v3.2-think,S0,7,10,2,Wrong,-0.0175340682747751,round,,D_local,S_final,10,10,22
deepseek-v3.2-think,S0,7,10,3,Wrong,-0.0044372927162904,round,,D_local,S_final,10,10,22
deepseek-v3.2-think,S0,7,11,1,Wrong,0.0803165080015247,round,,D_local,S_final,10,10,22
deepseek-v3.2-think,S0,7,11,2,Wrong,0.025403012408475,round,,D_local,S_final,10,10,22
deepseek-v3.2-think,S0,7,11,3,Wrong,-0.0092278306528641,round,,D_local,S_final,10,10,22
deepseek-v3.2-think,S0,8,1,1,Wrong,0.0456570852741831,round,,D_local,S_final,10,10,22
deepseek-v3.2-think,S0,8,1,2,Correct,0.0590959244369551,round,,D_local,S_final,10,10,22
deepseek-v3.2-think,S0,8,1,3,Wrong,0.0669136232066586,round,,D_local,S_final,10,10,22
deepseek-v3.2-think,S0,8,2,1,Wrong,0.0043311390555891,round,,D_local,S_final,10,10,22
deepseek-v3.2-think,S0,8,2,2,Wrong,0.0165438698413642,round,,D_local,S_final,10,10,22
deepseek-v3.2-think,S0,8,2,3,Wrong,0.0085923069403351,round,,D_local,S_final,10,10,22
deepseek-v3.2-think,S0,8,3,1,Correct,0.0770753624036202,round,,D_local,S_final,10,10,22
deepseek-v3.2-think,S0,8,3,2,Correct,0.0726475419007673,round,,D_local,S_final,10,10,22
deepseek-v3.2-think,S0,8,3,3,Correct,0.0396225331456081,round,,D_local,S_final,10,10,22
deepseek-v3.2-think,S0,8,4,1,Correct,-0.0414333827442628,round,,D_local,S_final,10,10,22
deepseek-v3.2-think,S0,8,4,2,Correct,-0.0313005384361597,round,,D_local,S_final,10,10,22
deepseek-v3.2-think,S0,8,4,3,Correct,-0.0201734165121065,round,,D_local,S_final,10,10,22
deepseek-v3.2-think,S0,9,1,1,Wrong,0.0618668975776972,round,,D_local,S_final,10,10,22
deepseek-v3.2-think,S0,9,1,2,Wrong,0.052858317467906,round,,D_local,S_final,10,10,22
deepseek-v3.2-think,S0,9,1,3,Correct,0.0512317522684925,round,,D_local,S_final,10,10,22
deepseek-v3.2-think,S0,9,2,1,Wrong,0.066519748844988,round,,D_local,S_final,10,10,22
deepseek-v3.2-think,S0,9,2,2,Wrong,0.0606553584430958,round,,D_local,S_final,10,10,22
deepseek-v3.2-think,S0,9,2,3,Wrong,0.0688039869954687,round,,D_local,S_final,10,10,22
deepseek-v3.2-think,S0,9,3,1,Wrong,0.0849668258186183,round,,D_local,S_final,10,10,22
deepseek-v3.2-think,S0,9,3,2,Wrong,0.074208803400313,round,,D_local,S_final,10,10,22
deepseek-v3.2-think,S0,9,3,3,Wrong,0.0875937029939274,round,,D_local,S_final,10,10,22
deepseek-v3.2-think,S0,10,1,1,Correct,0.1247353529535316,round,,D_local,S_final,10,10,22
deepseek-v3.2-think,S0,10,1,2,Wrong,0.1022904368538211,round,,D_local,S_final,10,10,22
deepseek-v3.2-think,S0,10,1,3,Wrong,0.0937499560479701,round,,D_local,S_final,10,10,22
deepseek-v3.2-think,S0,10,2,1,Correct,0.1257552636932308,round,,D_local,S_final,10,10,22
deepseek-v3.2-think,S0,10,2,2,Correct,0.1066185535473934,round,,D_local,S_final,10,10,22
deepseek-v3.2-think,S0,10,2,3,Wrong,0.1090661229172388,round,,D_local,S_final,10,10,22
deepseek-v3.2-think,S0,11,1,1,Wrong,-0.0245575711792551,round,,D_local,S_final,10,10,22
deepseek-v3.2-think,S0,11,1,2,Wrong,-0.0289718163715858,round,,D_local,S_final,10,10,22
deepseek-v3.2-think,S0,11,1,3,Wrong,-0.021278280808219,round,,D_local,S_final,10,10,22
deepseek-v3.2-think,S0,12,1,1,Wrong,-0.0046847934270304,round,,D_local,S_final,10,10,22
deepseek-v3.2-think,S0,12,1,2,Wrong,-0.0016687049781237,round,,D_local,S_final,10,10,22
deepseek-v3.2-think,S0,12,1,3,Correct,0.0198634675491481,round,,D_local,S_final,10,10,22
deepseek-v3.2-think,S0,13,1,1,Correct,0.2078050954461231,round,,D_local,S_final,10,10,22
deepseek-v3.2-think,S0,13,1,2,Correct,0.1855300443033283,round,,D_local,S_final,10,10,22
deepseek-v3.2-think,S0,13,1,3,Correct,0.1798490006364579,round,,D_local,S_final,10,10,22
deepseek-v3.2-think,S0,13,2,1,Correct,0.009128350305443,round,,D_local,S_final,10,10,22
deepseek-v3.2-think,S0,13,2,2,Wrong,0.0007887685842216,round,,D_local,S_final,10,10,22
deepseek-v3.2-think,S0,13,2,3,Wrong,-0.0101657607668403,round,,D_local,S_final,10,10,22
deepseek-v3.2-think,S0,13,3,1,Wrong,0.0370866157063426,round,,D_local,S_final,10,10,22
deepseek-v3.2-think,S0,13,3,2,Correct,0.0270275558342888,round,,D_local,S_final,10,10,22
deepseek-v3.2-think,S0,13,3,3,Wrong,0.0093442386195254,round,,D_local,S_final,10,10,22
deepseek-v3.2-think,S0,14,1,1,Wrong,-0.020884312331593,round,,D_local,S_final,10,10,22
deepseek-v3.2-think,S0,14,1,2,Wrong,0.0032611019116919,round,,D_local,S_final,10,10,22
deepseek-v3.2-think,S0,14,1,3,Wrong,-0.0235814488790898,round,,D_local,S_final,10,10,22
deepseek-v3.2-think,S0,15,1,1,Wrong,-0.1232899270323455,round,,D_local,S_final,10,10,22
deepseek-v3.2-think,S0,15,1,2,Correct,-0.1379380941617559,round,,D_local,S_final,10,10,22
deepseek-v3.2-think,S0,15,1,3,Correct,-0.1084554342225304,round,,D_local,S_final,10,10,22
deepseek-v3.2-think,S0,16,1,1,Correct,0.111323384822543,round,,D_local,S_final,10,10,22
deepseek-v3.2-think,S0,16,1,2,Correct,0.1040872499796119,round,,D_local,S_final,10,10,22
deepseek-v3.2-think,S0,16,1,3,Correct,0.1076432207168901,round,,D_local,S_final,10,10,22
deepseek-v3.2-think,S0,17,1,1,Wrong,-0.0400595045585799,round,,D_local,S_final,10,10,22
deepseek-v3.2-think,S0,17,1,2,Wrong,-0.0195290184458168,round,,D_local,S_final,10,10,22
deepseek-v3.2-think,S0,17,1,3,Wrong,-0.043320256349347,round,,D_local,S_final,10,10,22
deepseek-v3.2-think,S0,18,1,1,Correct,0.1163448004068913,round,,D_local,S_final,10,10,22
deepseek-v3.2-think,S0,18,1,2,Correct,0.1471011925843075,round,,D_local,S_final,10,10,22
deepseek-v3.2-think,S0,18,1,3,Correct,0.139566250302214,round,,D_local,S_final,10,10,22
deepseek-v3.2-think,S0,19,1,1,Wrong,-0.016747977063821,round,,D_local,S_final,10,10,22
deepseek-v3.2-think,S0,19,1,2,Correct,-0.0002029743465252,round,,D_local,S_final,10,10,22
deepseek-v3.2-think,S0,19,1,3,Wrong,-0.0138046413605125,round,,D_local,S_final,10,10,22
deepseek-v3.2-think,S0,20,1,1,Correct,0.1376165335703643,round,,D_local,S_final,10,10,22
deepseek-v3.2-think,S0,20,1,2,Correct,0.1223609410713322,round,,D_local,S_final,10,10,22
deepseek-v3.2-think,S0,20,1,3,Correct,0.135804683978937,round,,D_local,S_final,10,10,22
deepseek-v3.2-think,S0,21,1,1,Correct,0.1322525156208432,round,,D_local,S_final,10,10,22
deepseek-v3.2-think,S0,21,1,2,Correct,0.1008740711250618,round,,D_local,S_final,10,10,22
deepseek-v3.2-think,S0,21,1,3,Correct,0.1086974863540154,round,,D_local,S_final,10,10,22
deepseek-v3.2-think,S0,22,1,1,Wrong,0.0296230278274132,round,,D_local,S_final,10,10,22
deepseek-v3.2-think,S0,22,1,2,Wrong,0.037935415470006,round,,D_local,S_final,10,10,22
deepseek-v3.2-think,S0,22,1,3,Wrong,0.0311494979399159,round,,D_local,S_final,10,10,22
deepseek-v3.2-think,S0,23,1,1,Wrong,0.0439151459229973,round,,D_local,S_final,10,10,22
deepseek-v3.2-think,S0,23,1,2,Wrong,0.0780454301693874,round,,D_local,S_final,10,10,22
deepseek-v3.2-think,S0,23,1,3,Wrong,0.0332707527103907,round,,D_local,S_final,10,10,22
deepseek-v3.2-think,S0,24,1,1,Wrong,0.0114964957933706,round,,D_local,S_final,10,10,22
deepseek-v3.2-think,S0,24,1,2,Wrong,0.0133369210633907,round,,D_local,S_final,10,10,22
deepseek-v3.2-think,S0,24,1,3,Wrong,-0.0042553961669409,round,,D_local,S_final,10,10,22
deepseek-v3.2-think,S0,25,1,1,Correct,-0.0302446876776154,round,,D_local,S_final,10,10,22
deepseek-v3.2-think,S0,25,1,2,Correct,-0.0420307299261146,round,,D_local,S_final,10,10,22
deepseek-v3.2-think,S0,25,1,3,Wrong,-0.0410419153076954,round,,D_local,S_final,10,10,22
deepseek-v3.2-think,S0,25,2,1,Correct,0.1058908760442552,round,,D_local,S_final,10,10,22
deepseek-v3.2-think,S0,25,2,2,Correct,0.1152480043427872,round,,D_local,S_final,10,10,22
deepseek-v3.2-think,S0,25,2,3,Correct,0.0578352250895747,round,,D_local,S_final,10,10,22
deepseek-v3.2-think,S0,26,1,1,Correct,0.1115624453864703,round,,D_local,S_final,10,10,22
deepseek-v3.2-think,S0,26,1,2,Correct,0.1050566324585604,round,,D_local,S_final,10,10,22
deepseek-v3.2-think,S0,26,1,3,Wrong,0.1138729483932757,round,,D_local,S_final,10,10,22
deepseek-v3.2-think,S0,26,2,1,Correct,-0.0382770358252662,round,,D_local,S_final,10,10,22
deepseek-v3.2-think,S0,26,2,2,Correct,-0.0456334334548871,round,,D_local,S_final,10,10,22
deepseek-v3.2-think,S0,26,2,3,Correct,-0.0545528603582753,round,,D_local,S_final,10,10,22
deepseek-v3.2-think,S0,26,3,1,Correct,-0.0064819782474718,round,,D_local,S_final,10,10,22
deepseek-v3.2-think,S0,26,3,2,Correct,-0.0187321647217452,round,,D_local,S_final,10,10,22
deepseek-v3.2-think,S0,26,3,3,Correct,-0.05455420530711,round,,D_local,S_final,10,10,22
deepseek-v3.2-think,S0,26,4,1,Correct,0.1240857018446492,round,,D_local,S_final,10,10,22
deepseek-v3.2-think,S0,26,4,2,Wrong,0.1506876460363707,round,,D_local,S_final,10,10,22
deepseek-v3.2-think,S0,26,4,3,Correct,0.1274517613772239,round,,D_local,S_final,10,10,22
deepseek-v3.2-think,S0,27,1,1,Wrong,0.0228661924137159,round,,D_local,S_final,10,10,22
deepseek-v3.2-think,S0,27,1,2,Wrong,0.0220786468777814,round,,D_local,S_final,10,10,22
deepseek-v3.2-think,S0,27,1,3,Wrong,0.0245551155539572,round,,D_local,S_final,10,10,22
deepseek-v3.2-think,S0,27,2,1,Correct,-0.0565751304758546,round,,D_local,S_final,10,10,22
deepseek-v3.2-think,S0,27,2,2,Correct,-0.0588317216255006,round,,D_local,S_final,10,10,22
deepseek-v3.2-think,S0,27,2,3,Correct,-0.0311336603847199,round,,D_local,S_final,10,10,22
deepseek-v3.2-think,S0,27,3,1,Correct,-0.068552427736814,round,,D_local,S_final,10,10,22
deepseek-v3.2-think,S0,27,3,2,Wrong,-0.0271574290531169,round,,D_local,S_final,10,10,22
deepseek-v3.2-think,S0,27,3,3,Correct,-0.0640181547334129,round,,D_local,S_final,10,10,22
deepseek-v3.2-think,S0,27,4,1,Correct,0.1562346518936033,round,,D_local,S_final,10,10,22
deepseek-v3.2-think,S0,27,4,2,Correct,0.1437761584467331,round,,D_local,S_final,10,10,22
deepseek-v3.2-think,S0,27,4,3,Correct,0.1669164587275804,round,,D_local,S_final,10,10,22
deepseek-v3.2-think,S0,28,1,1,Correct,0.0365950579987668,round,,D_local,S_final,10,10,22
deepseek-v3.2-think,S0,28,1,2,Correct,0.0541407463454682,round,,D_local,S_final,10,10,22
deepseek-v3.2-think,S0,28,1,3,Correct,0.0487609476958903,round,,D_local,S_final,10,10,22
deepseek-v3.2-think,S0,28,2,1,Correct,-0.0314054588741657,round,,D_local,S_final,10,10,22
deepseek-v3.2-think,S0,28,2,2,Correct,-0.0213125069970214,round,,D_local,S_final,10,10,22
deepseek-v3.2-think,S0,28,2,3,Correct,-0.0133750815782575,round,,D_local,S_final,10,10,22
deepseek-v3.2-think,S0,29,1,1,Wrong,0.133800809645364,round,,D_local,S_final,10,10,22
deepseek-v3.2-think,S0,29,1,2,Wrong,0.1252394031390519,round,,D_local,S_final,10,10,22
deepseek-v3.2-think,S0,29,1,3,Wrong,0.1565789904127921,round,,D_local,S_final,10,10,22
deepseek-v3.2-think,S0,29,2,1,Correct,-0.0566743049114401,round,,D_local,S_final,10,10,22
deepseek-v3.2-think,S0,29,2,2,Correct,-0.0628527689744323,round,,D_local,S_final,10,10,22
deepseek-v3.2-think,S0,29,2,3,Correct,-0.0590622741279593,round,,D_local,S_final,10,10,22
deepseek-v3.2-think,S0,30,1,1,Wrong,0.0327536758428766,round,,D_local,S_final,10,10,22
deepseek-v3.2-think,S0,30,1,2,Wrong,0.0316427059920828,round,,D_local,S_final,10,10,22
deepseek-v3.2-think,S0,30,1,3,Wrong,0.0357395468256647,round,,D_local,S_final,10,10,22
deepseek-v3.2-think,S0,30,2,1,Correct,-0.0590464731021143,round,,D_local,S_final,10,10,22
deepseek-v3.2-think,S0,30,2,2,Wrong,-0.0252665385847185,round,,D_local,S_final,10,10,22
deepseek-v3.2-think,S0,30,2,3,Correct,-0.001825943030945,round,,D_local,S_final,10,10,22
deepseek-v3.2-think,S0,31,1,1,Correct,0.135599267298758,round,,D_local,S_final,10,10,22
deepseek-v3.2-think,S0,31,1,2,Correct,0.1569668420096609,round,,D_local,S_final,10,10,22
deepseek-v3.2-think,S0,31,1,3,Correct,0.1129644319878322,round,,D_local,S_final,10,10,22
deepseek-v3.2-think,S0,32,1,1,Correct,0.0016735630735977,round,,D_local,S_final,10,10,22
deepseek-v3.2-think,S0,32,1,2,Wrong,-0.0211310992117538,round,,D_local,S_final,10,10,22
deepseek-v3.2-think,S0,32,1,3,Wrong,0.0338192569590102,round,,D_local,S_final,10,10,22
deepseek-v3.2-think,S0,33,1,1,Wrong,0.0515549354626786,round,,D_local,S_final,10,10,22
deepseek-v3.2-think,S0,33,1,2,Correct,0.041092829294253,round,,D_local,S_final,10,10,22
deepseek-v3.2-think,S0,33,1,3,Correct,0.0827052871349705,round,,D_local,S_final,10,10,22
deepseek-v3.2-think,S0,34,1,1,Wrong,0.0411590945767821,round,,D_local,S_final,10,10,22
deepseek-v3.2-think,S0,34,1,2,Wrong,-0.0099693616520857,round,,D_local,S_final,10,10,22
deepseek-v3.2-think,S0,34,1,3,Wrong,0.0071836684280115,round,,D_local,S_final,10,10,22
deepseek-v3.2-think,S0,35,1,1,Wrong,-0.0003636468715131,round,,D_local,S_final,10,10,22
deepseek-v3.2-think,S0,35,1,2,Wrong,0.0251186499605442,round,,D_local,S_final,10,10,22
deepseek-v3.2-think,S0,35,1,3,Correct,-0.0154445205626574,round,,D_local,S_final,10,10,22
deepseek-v3.2-think,S0,36,1,1,Correct,0.0958373671577649,round,,D_local,S_final,10,10,22
deepseek-v3.2-think,S0,36,1,2,Correct,0.1037631092908279,round,,D_local,S_final,10,10,22
deepseek-v3.2-think,S0,36,1,3,Correct,0.0894570600380829,round,,D_local,S_final,10,10,22
deepseek-v3.2-think,S0,36,2,1,Wrong,-0.0071432302195848,round,,D_local,S_final,10,10,22
deepseek-v3.2-think,S0,36,2,2,Wrong,0.0005665600343111,round,,D_local,S_final,10,10,22
deepseek-v3.2-think,S0,36,2,3,Correct,-0.0055963315184101,round,,D_local,S_final,10,10,22
deepseek-v3.2-think,S0,36,3,1,Correct,-0.0095260681499291,round,,D_local,S_final,10,10,22
deepseek-v3.2-think,S0,36,3,2,Correct,-0.0192872780308241,round,,D_local,S_final,10,10,22
deepseek-v3.2-think,S0,36,3,3,Correct,-0.0113296944157831,round,,D_local,S_final,10,10,22
deepseek-v3.2-think,S0,37,1,1,Wrong,-0.0502594780178544,round,,D_local,S_final,10,10,22
deepseek-v3.2-think,S0,37,1,2,Wrong,0.000267291783727,round,,D_local,S_final,10,10,22
deepseek-v3.2-think,S0,37,1,3,Wrong,-0.0310057681888051,round,,D_local,S_final,10,10,22
deepseek-v3.2-think,S0,37,2,1,Correct,0.0564492434217851,round,,D_local,S_final,10,10,22
deepseek-v3.2-think,S0,37,2,2,Correct,0.0854110687617364,round,,D_local,S_final,10,10,22
deepseek-v3.2-think,S0,37,2,3,Correct,0.0673089976790131,round,,D_local,S_final,10,10,22
deepseek-v3.2-think,S0,38,1,1,Wrong,-0.1400058969790933,round,,D_local,S_final,10,10,22
deepseek-v3.2-think,S0,38,1,2,Wrong,-0.1228771705955687,round,,D_local,S_final,10,10,22
deepseek-v3.2-think,S0,38,1,3,Wrong,-0.1149157051800032,round,,D_local,S_final,10,10,22
deepseek-v3.2-think,S0,38,2,1,Wrong,-0.1107590316970702,round,,D_local,S_final,10,10,22
deepseek-v3.2-think,S0,38,2,2,Wrong,-0.0896850876046748,round,,D_local,S_final,10,10,22
deepseek-v3.2-think,S0,38,2,3,Wrong,-0.1265022150303578,round,,D_local,S_final,10,10,22
deepseek-v3.2-think,S0,39,1,1,Correct,-0.0381712492903607,round,,D_local,S_final,10,10,22
deepseek-v3.2-think,S0,39,1,2,Wrong,-0.0842704041066587,round,,D_local,S_final,10,10,22
deepseek-v3.2-think,S0,39,1,3,Correct,-0.0313291761119438,round,,D_local,S_final,10,10,22
deepseek-v3.2-think,S0,39,2,1,Correct,0.1820036521439515,round,,D_local,S_final,10,10,22
deepseek-v3.2-think,S0,39,2,2,Correct,0.1607530482355529,round,,D_local,S_final,10,10,22
deepseek-v3.2-think,S0,39,2,3,Correct,0.1650544981761824,round,,D_local,S_final,10,10,22
deepseek-v3.2-think,S0,40,1,1,Correct,0.0748446801570978,round,,D_local,S_final,10,10,22
deepseek-v3.2-think,S0,40,1,2,Correct,0.0693566956540455,round,,D_local,S_final,10,10,22
deepseek-v3.2-think,S0,40,1,3,Correct,0.0739753468969744,round,,D_local,S_final,10,10,22
deepseek-v3.2-think,S0,40,2,1,Correct,0.0606135535429839,round,,D_local,S_final,10,10,22
deepseek-v3.2-think,S0,40,2,2,Correct,0.0502302785108961,round,,D_local,S_final,10,10,22
deepseek-v3.2-think,S0,40,2,3,Correct,0.0770965986222917,round,,D_local,S_final,10,10,22
deepseek-v3.2-think,S0,40,3,1,Correct,0.0034188181210124,round,,D_local,S_final,10,10,22
deepseek-v3.2-think,S0,40,3,2,Correct,0.0144257032380126,round,,D_local,S_final,10,10,22
deepseek-v3.2-think,S0,40,3,3,Correct,0.0297258617659487,round,,D_local,S_final,10,10,22
deepseek-v3.2-think,S0,40,4,1,Correct,-0.004145100364069,round,,D_local,S_final,10,10,22
deepseek-v3.2-think,S0,40,4,2,Wrong,0.0116518366893446,round,,D_local,S_final,10,10,22
deepseek-v3.2-think,S0,40,4,3,Correct,0.0051983055886244,round,,D_local,S_final,10,10,22
deepseek-v3.2-think,S0,40,5,1,Wrong,0.0671620928884664,round,,D_local,S_final,10,10,22
deepseek-v3.2-think,S0,40,5,2,Wrong,0.0385425868000149,round,,D_local,S_final,10,10,22
deepseek-v3.2-think,S0,40,5,3,Wrong,0.082853374600902,round,,D_local,S_final,10,10,22
deepseek-v3.2-think,S0,40,6,1,Correct,0.0431825119188584,round,,D_local,S_final,10,10,22
deepseek-v3.2-think,S0,40,6,2,Correct,0.0417651451883936,round,,D_local,S_final,10,10,22
deepseek-v3.2-think,S0,40,6,3,Correct,0.0477887057116117,round,,D_local,S_final,10,10,22
deepseek-v3.2-think,S0,41,1,1,Correct,0.0876436673340487,round,,D_local,S_final,10,10,22
deepseek-v3.2-think,S0,41,1,2,Correct,0.1093902055204014,round,,D_local,S_final,10,10,22
deepseek-v3.2-think,S0,41,1,3,Correct,0.0864242558151221,round,,D_local,S_final,10,10,22
deepseek-v3.2-think,S0,42,1,1,Wrong,-0.034407171826384,round,,D_local,S_final,10,10,22
deepseek-v3.2-think,S0,42,1,2,Wrong,-0.0449279503081978,round,,D_local,S_final,10,10,22
deepseek-v3.2-think,S0,42,1,3,Wrong,-0.0201617502344095,round,,D_local,S_final,10,10,22
deepseek-v3.2-think,S0,43,1,1,Wrong,-0.0615529700346654,round,,D_local,S_final,10,10,22
deepseek-v3.2-think,S0,43,1,2,Wrong,-0.0672918280139078,round,,D_local,S_final,10,10,22
deepseek-v3.2-think,S0,43,1,3,Wrong,-0.0631402262072301,round,,D_local,S_final,10,10,22
deepseek-v3.2-think,S0,44,1,1,Wrong,0.0447006717926316,round,,D_local,S_final,10,10,22
deepseek-v3.2-think,S0,44,1,2,Wrong,0.0549312202680023,round,,D_local,S_final,10,10,22
deepseek-v3.2-think,S0,44,1,3,Wrong,0.0648730556271039,round,,D_local,S_final,10,10,22
deepseek-v3.2-think,S0,45,1,1,Correct,0.1460023011056157,round,,D_local,S_final,10,10,22
deepseek-v3.2-think,S0,45,1,2,Correct,0.16424264321412,round,,D_local,S_final,10,10,22
deepseek-v3.2-think,S0,45,1,3,Correct,0.1463369324070703,round,,D_local,S_final,10,10,22
deepseek-v3.2-think,S0,45,2,1,Wrong,-0.0866385441256801,round,,D_local,S_final,10,10,22
deepseek-v3.2-think,S0,45,2,2,Wrong,-0.1021139150716448,round,,D_local,S_final,10,10,22
deepseek-v3.2-think,S0,45,2,3,Wrong,-0.0991067697330393,round,,D_local,S_final,10,10,22
deepseek-v3.2-think,S0,45,3,1,Wrong,-0.0775536776310319,round,,D_local,S_final,10,10,22
deepseek-v3.2-think,S0,45,3,2,Wrong,-0.071390066094351,round,,D_local,S_final,10,10,22
deepseek-v3.2-think,S0,45,3,3,Wrong,-0.080461924501994,round,,D_local,S_final,10,10,22
deepseek-v3.2-think,S0,46,1,1,Correct,0.1001261750254866,round,,D_local,S_final,10,10,22
deepseek-v3.2-think,S0,46,1,2,Correct,0.0968066119700687,round,,D_local,S_final,10,10,22
deepseek-v3.2-think,S0,46,1,3,Correct,0.1125236754102358,round,,D_local,S_final,10,10,22
deepseek-v3.2-think,S0,46,2,1,Correct,0.0585535596559151,round,,D_local,S_final,10,10,22
deepseek-v3.2-think,S0,46,2,2,Correct,0.0454778208753233,round,,D_local,S_final,10,10,22
deepseek-v3.2-think,S0,46,2,3,Correct,0.0478432023410375,round,,D_local,S_final,10,10,22
deepseek-v3.2-think,S0,47,1,1,Correct,0.1110733321879841,round,,D_local,S_final,10,10,22
deepseek-v3.2-think,S0,47,1,2,Correct,0.1143145776186118,round,,D_local,S_final,10,10,22
deepseek-v3.2-think,S0,47,1,3,Correct,0.118093405909658,round,,D_local,S_final,10,10,22
deepseek-v3.2-think,S0,47,2,1,Correct,0.0258139267932178,round,,D_local,S_final,10,10,22
deepseek-v3.2-think,S0,47,2,2,Correct,-0.0117921834670978,round,,D_local,S_final,10,10,22
deepseek-v3.2-think,S0,47,2,3,Correct,0.024504382071657,round,,D_local,S_final,10,10,22
deepseek-v3.2-think,S0,48,1,1,Correct,0.1043792669393954,round,,D_local,S_final,10,10,22
deepseek-v3.2-think,S0,48,1,2,Correct,0.0993205238481441,round,,D_local,S_final,10,10,22
deepseek-v3.2-think,S0,48,1,3,Correct,0.0950912638718263,round,,D_local,S_final,10,10,22
deepseek-v3.2-think,S0,48,2,1,Wrong,-0.0145555126187285,round,,D_local,S_final,10,10,22
deepseek-v3.2-think,S0,48,2,2,Correct,-0.0350590471650889,round,,D_local,S_final,10,10,22
deepseek-v3.2-think,S0,48,2,3,Wrong,-0.0281472165546622,round,,D_local,S_final,10,10,22
deepseek-v3.2-think,S0,49,1,1,Wrong,0.0058279766945565,round,,D_local,S_final,10,10,22
deepseek-v3.2-think,S0,49,1,2,Correct,0.0501915604092075,round,,D_local,S_final,10,10,22
deepseek-v3.2-think,S0,49,1,3,Wrong,0.009405260876806,round,,D_local,S_final,10,10,22
deepseek-v3.2-think,S0,50,1,1,Wrong,0.0005878724913855,round,,D_local,S_final,10,10,22
deepseek-v3.2-think,S0,50,1,2,Wrong,0.0085749782702817,round,,D_local,S_final,10,10,22
deepseek-v3.2-think,S0,50,1,3,Correct,0.0180804804065053,round,,D_local,S_final,10,10,22
deepseek-v3.2-think,S0,51,1,1,Wrong,0.1033386303301072,round,,D_local,S_final,10,10,22
deepseek-v3.2-think,S0,51,1,2,Wrong,0.0750967106781036,round,,D_local,S_final,10,10,22
deepseek-v3.2-think,S0,51,1,3,Wrong,0.0569481392341384,round,,D_local,S_final,10,10,22
deepseek-v3.2-think,S0,52,1,1,Correct,0.1708386921423804,round,,D_local,S_final,10,10,22
deepseek-v3.2-think,S0,52,1,2,Correct,0.1534395711825772,round,,D_local,S_final,10,10,22
deepseek-v3.2-think,S0,52,1,3,Correct,0.1541539157751342,round,,D_local,S_final,10,10,22
deepseek-v3.2-think,S0,53,1,1,Wrong,0.000203207801627,round,,D_local,S_final,10,10,22
deepseek-v3.2-think,S0,53,1,2,Wrong,0.0441067787274719,round,,D_local,S_final,10,10,22
deepseek-v3.2-think,S0,53,1,3,Wrong,0.001009900419117,round,,D_local,S_final,10,10,22
deepseek-v3.2-think,S0,53,2,1,Correct,0.060924474339712,round,,D_local,S_final,10,10,22
deepseek-v3.2-think,S0,53,2,2,Correct,0.0577858785136952,round,,D_local,S_final,10,10,22
deepseek-v3.2-think,S0,53,2,3,Correct,0.0793840555087567,round,,D_local,S_final,10,10,22
deepseek-v3.2-think,S0,54,1,1,Wrong,-0.0861299635056892,round,,D_local,S_final,10,10,22
deepseek-v3.2-think,S0,54,1,2,Wrong,-0.0674137583536955,round,,D_local,S_final,10,10,22
deepseek-v3.2-think,S0,54,1,3,Wrong,-0.0935558431684452,round,,D_local,S_final,10,10,22
deepseek-v3.2-think,S0,54,2,1,Correct,0.0841499581625986,round,,D_local,S_final,10,10,22
deepseek-v3.2-think,S0,54,2,2,Correct,0.0736584701157758,round,,D_local,S_final,10,10,22
deepseek-v3.2-think,S0,54,2,3,Correct,0.0794253917182999,round,,D_local,S_final,10,10,22
deepseek-v3.2-think,S0,55,1,1,Correct,-0.0406761796118289,round,,D_local,S_final,10,10,22
deepseek-v3.2-think,S0,55,1,2,Wrong,-0.0570581248000182,round,,D_local,S_final,10,10,22
deepseek-v3.2-think,S0,55,1,3,Wrong,-0.057830475502877,round,,D_local,S_final,10,10,22
deepseek-v3.2-think,S0,55,2,1,Correct,0.1178521901036153,round,,D_local,S_final,10,10,22
deepseek-v3.2-think,S0,55,2,2,Correct,0.1231453180389099,round,,D_local,S_final,10,10,22
deepseek-v3.2-think,S0,55,2,3,Correct,0.1168208139878654,round,,D_local,S_final,10,10,22
deepseek-v3.2-think,S0,56,1,1,Correct,0.0427187477590976,round,,D_local,S_final,10,10,22
deepseek-v3.2-think,S0,56,1,2,Correct,0.0680981193999447,round,,D_local,S_final,10,10,22
deepseek-v3.2-think,S0,56,1,3,Correct,0.0023475006999275,round,,D_local,S_final,10,10,22
deepseek-v3.2-think,S0,56,2,1,Correct,0.0556088930066742,round,,D_local,S_final,10,10,22
deepseek-v3.2-think,S0,56,2,2,Correct,0.0754059266502986,round,,D_local,S_final,10,10,22
deepseek-v3.2-think,S0,56,2,3,Correct,0.0440744972085002,round,,D_local,S_final,10,10,22
deepseek-v3.2-think,S0,57,1,1,Wrong,-0.1078532608317022,round,,D_local,S_final,10,10,22
deepseek-v3.2-think,S0,57,1,2,Wrong,-0.0978056278978312,round,,D_local,S_final,10,10,22
deepseek-v3.2-think,S0,57,1,3,Wrong,-0.1184738259692917,round,,D_local,S_final,10,10,22
deepseek-v3.2-think,S0,57,2,1,Wrong,-0.173816955656212,round,,D_local,S_final,10,10,22
deepseek-v3.2-think,S0,57,2,2,Wrong,-0.1294201083010905,round,,D_local,S_final,10,10,22
deepseek-v3.2-think,S0,57,2,3,Wrong,-0.1724218314336749,round,,D_local,S_final,10,10,22
deepseek-v3.2-think,S0,58,1,1,Correct,0.0018991497259979,round,,D_local,S_final,10,10,22
deepseek-v3.2-think,S0,58,1,2,Correct,0.0036419225803108,round,,D_local,S_final,10,10,22
deepseek-v3.2-think,S0,58,1,3,Correct,0.0017086562879059,round,,D_local,S_final,10,10,22
deepseek-v3.2-think,S0,58,2,1,Correct,0.0532892189431012,round,,D_local,S_final,10,10,22
deepseek-v3.2-think,S0,58,2,2,Correct,0.0429604911377827,round,,D_local,S_final,10,10,22
deepseek-v3.2-think,S0,58,2,3,Correct,0.0681655534891138,round,,D_local,S_final,10,10,22
deepseek-v3.2-think,S0,59,1,1,Correct,-0.0533259263370846,round,,D_local,S_final,10,10,22
deepseek-v3.2-think,S0,59,1,2,Correct,-0.0360057200842695,round,,D_local,S_final,10,10,22
deepseek-v3.2-think,S0,59,1,3,Wrong,-0.0402692450884568,round,,D_local,S_final,10,10,22
deepseek-v3.2-think,S0,59,2,1,Correct,0.0659337202091013,round,,D_local,S_final,10,10,22
deepseek-v3.2-think,S0,59,2,2,Correct,0.0601325787472531,round,,D_local,S_final,10,10,22
deepseek-v3.2-think,S0,59,2,3,Correct,0.0560895128164887,round,,D_local,S_final,10,10,22
deepseek-v3.2-think,S0,60,1,1,Correct,-0.0700078694427325,round,,D_local,S_final,10,10,22
deepseek-v3.2-think,S0,60,1,2,Wrong,-0.0969830276602664,round,,D_local,S_final,10,10,22
deepseek-v3.2-think,S0,60,1,3,Correct,-0.0900021595801821,round,,D_local,S_final,10,10,22
deepseek-v3.2-think,S0,60,2,1,Correct,0.0885274779891029,round,,D_local,S_final,10,10,22
deepseek-v3.2-think,S0,60,2,2,Correct,0.0595170104454801,round,,D_local,S_final,10,10,22
deepseek-v3.2-think,S0,60,2,3,Correct,0.0683562055879239,round,,D_local,S_final,10,10,22
deepseek-v3.2-think,S0,61,1,1,Wrong,-0.0889184786859083,round,,D_local,S_final,10,10,22
deepseek-v3.2-think,S0,61,1,2,Correct,-0.0704040545666416,round,,D_local,S_final,10,10,22
deepseek-v3.2-think,S0,61,1,3,Wrong,-0.0898977989973027,round,,D_local,S_final,10,10,22
deepseek-v3.2-think,S0,61,2,1,Correct,0.09605599704171,round,,D_local,S_final,10,10,22
deepseek-v3.2-think,S0,61,2,2,Correct,0.0855432081096512,round,,D_local,S_final,10,10,22
deepseek-v3.2-think,S0,61,2,3,Correct,0.0925508392161911,round,,D_local,S_final,10,10,22
deepseek-v3.2-think,S0,62,1,1,Wrong,-0.0070356243963199,round,,D_local,S_final,10,10,22
deepseek-v3.2-think,S0,62,1,2,Wrong,-0.0112859371039985,round,,D_local,S_final,10,10,22
deepseek-v3.2-think,S0,62,1,3,Wrong,-0.0280343205206005,round,,D_local,S_final,10,10,22
deepseek-v3.2-think,S0,62,2,1,Wrong,0.0043341394848658,round,,D_local,S_final,10,10,22
deepseek-v3.2-think,S0,62,2,2,Wrong,-0.0080373586975449,round,,D_local,S_final,10,10,22
deepseek-v3.2-think,S0,62,2,3,Wrong,-0.0107112937907024,round,,D_local,S_final,10,10,22
deepseek-v3.2-think,S0,63,1,1,Wrong,-0.0041589657084398,round,,D_local,S_final,10,10,22
deepseek-v3.2-think,S0,63,1,2,Correct,0.0145003897975252,round,,D_local,S_final,10,10,22
deepseek-v3.2-think,S0,63,1,3,Wrong,-0.0043164249152628,round,,D_local,S_final,10,10,22
deepseek-v3.2-think,S0,63,2,1,Wrong,-0.0136133706701816,round,,D_local,S_final,10,10,22
deepseek-v3.2-think,S0,63,2,2,Wrong,-0.0033135311284843,round,,D_local,S_final,10,10,22
deepseek-v3.2-think,S0,63,2,3,Wrong,-0.0112874449405798,round,,D_local,S_final,10,10,22
deepseek-v3.2-think,S0,64,1,1,Correct,-0.0051763252187958,round,,D_local,S_final,10,10,22
deepseek-v3.2-think,S0,64,1,2,Correct,0.0460972851781689,round,,D_local,S_final,10,10,22
deepseek-v3.2-think,S0,64,1,3,Correct,-0.0041189003844663,round,,D_local,S_final,10,10,22
deepseek-v3.2-think,S0,64,2,1,Correct,0.0348261331529481,round,,D_local,S_final,10,10,22
deepseek-v3.2-think,S0,64,2,2,Correct,0.0421156877381726,round,,D_local,S_final,10,10,22
deepseek-v3.2-think,S0,64,2,3,Correct,0.0769527582342632,round,,D_local,S_final,10,10,22
deepseek-v3.2-think,S1,1,1,1,Correct,0.0733568999833688,round,,D_local,S_final,10,10,22
deepseek-v3.2-think,S1,1,1,2,Correct,0.0803076362532078,round,,D_local,S_final,10,10,22
deepseek-v3.2-think,S1,1,1,3,Correct,0.1270909813477555,round,,D_local,S_final,10,10,22
deepseek-v3.2-think,S1,1,2,1,Correct,0.0308511171893822,round,,D_local,S_final,10,10,22
deepseek-v3.2-think,S1,1,2,2,Correct,0.0068151315757561,round,,D_local,S_final,10,10,22
deepseek-v3.2-think,S1,1,2,3,Correct,0.0319467251044925,round,,D_local,S_final,10,10,22
deepseek-v3.2-think,S1,1,3,1,Correct,0.0055927066127522,round,,D_local,S_final,10,10,22
deepseek-v3.2-think,S1,1,3,2,Correct,0.0017607469034676,round,,D_local,S_final,10,10,22
deepseek-v3.2-think,S1,1,3,3,Correct,-0.0078578729246908,round,,D_local,S_final,10,10,22
deepseek-v3.2-think,S1,1,4,1,Correct,0.0718297724923743,round,,D_local,S_final,10,10,22
deepseek-v3.2-think,S1,1,4,2,Correct,0.0691354544024623,round,,D_local,S_final,10,10,22
deepseek-v3.2-think,S1,1,4,3,Correct,0.0541559324054483,round,,D_local,S_final,10,10,22
deepseek-v3.2-think,S1,1,5,1,Wrong,0.0004864706387855,round,,D_local,S_final,10,10,22
deepseek-v3.2-think,S1,1,5,2,Wrong,-0.0091388932978341,round,,D_local,S_final,10,10,22
deepseek-v3.2-think,S1,1,5,3,Wrong,-0.0263961384300658,round,,D_local,S_final,10,10,22
deepseek-v3.2-think,S1,2,1,1,Correct,0.1629947819646208,round,,D_local,S_final,10,10,22
deepseek-v3.2-think,S1,2,1,2,Correct,0.2053329308740996,round,,D_local,S_final,10,10,22
deepseek-v3.2-think,S1,2,1,3,Correct,0.2171866781600979,round,,D_local,S_final,10,10,22
deepseek-v3.2-think,S1,3,1,1,Wrong,0.1394952278735676,round,,D_local,S_final,10,10,22
deepseek-v3.2-think,S1,3,1,2,Wrong,0.1295787395916259,round,,D_local,S_final,10,10,22
deepseek-v3.2-think,S1,3,1,3,Wrong,0.1473939367537069,round,,D_local,S_final,10,10,22
deepseek-v3.2-think,S1,3,2,1,Correct,0.1923925399867728,round,,D_local,S_final,10,10,22
deepseek-v3.2-think,S1,3,2,2,Correct,0.1823897269310268,round,,D_local,S_final,10,10,22
deepseek-v3.2-think,S1,3,2,3,Correct,0.1921859833944865,round,,D_local,S_final,10,10,22
deepseek-v3.2-think,S1,4,1,1,Wrong,0.1069135609893168,round,,D_local,S_final,10,10,22
deepseek-v3.2-think,S1,4,1,2,Wrong,0.0681301555122013,round,,D_local,S_final,10,10,22
deepseek-v3.2-think,S1,4,1,3,Wrong,0.06950633610516,round,,D_local,S_final,10,10,22
deepseek-v3.2-think,S1,4,2,1,Wrong,0.0981726777098815,round,,D_local,S_final,10,10,22
deepseek-v3.2-think,S1,4,2,2,Wrong,0.0868031919286139,round,,D_local,S_final,10,10,22
deepseek-v3.2-think,S1,4,2,3,Wrong,0.098458421782798,round,,D_local,S_final,10,10,22
deepseek-v3.2-think,S1,4,3,1,Wrong,0.0392536183727507,round,,D_local,S_final,10,10,22
deepseek-v3.2-think,S1,4,3,2,Correct,0.0482139570830335,round,,D_local,S_final,10,10,22
deepseek-v3.2-think,S1,4,3,3,Correct,0.0720520948128822,round,,D_local,S_final,10,10,22
deepseek-v3.2-think,S1,5,1,1,Wrong,0.0377502153059303,round,,D_local,S_final,10,10,22
deepseek-v3.2-think,S1,5,1,2,Wrong,0.0189724088945759,round,,D_local,S_final,10,10,22
deepseek-v3.2-think,S1,5,1,3,Wrong,0.0751377279371044,round,,D_local,S_final,10,10,22
deepseek-v3.2-think,S1,5,2,1,Correct,0.0500868821236568,round,,D_local,S_final,10,10,22
deepseek-v3.2-think,S1,5,2,2,Correct,0.0733624353457481,round,,D_local,S_final,10,10,22
deepseek-v3.2-think,S1,5,2,3,Correct,0.0577885481918494,round,,D_local,S_final,10,10,22
deepseek-v3.2-think,S1,5,3,1,Correct,0.0833088857669742,round,,D_local,S_final,10,10,22
deepseek-v3.2-think,S1,5,3,2,Correct,0.0737116034266216,round,,D_local,S_final,10,10,22
deepseek-v3.2-think,S1,5,3,3,Correct,0.0836835255631806,round,,D_local,S_final,10,10,22
deepseek-v3.2-think,S1,6,1,1,Correct,0.0965015552933509,round,,D_local,S_final,10,10,22
deepseek-v3.2-think,S1,6,1,2,Correct,0.0876616574001593,round,,D_local,S_final,10,10,22
deepseek-v3.2-think,S1,6,1,3,Correct,0.1074721587618678,round,,D_local,S_final,10,10,22
deepseek-v3.2-think,S1,6,2,1,Wrong,0.0235730908664285,round,,D_local,S_final,10,10,22
deepseek-v3.2-think,S1,6,2,2,Wrong,0.0519144624537405,round,,D_local,S_final,10,10,22
deepseek-v3.2-think,S1,6,2,3,Wrong,-0.0002456324043973,round,,D_local,S_final,10,10,22
deepseek-v3.2-think,S1,6,3,1,Correct,0.0759081749709803,round,,D_local,S_final,10,10,22
deepseek-v3.2-think,S1,6,3,2,Correct,0.0724722013568405,round,,D_local,S_final,10,10,22
deepseek-v3.2-think,S1,6,3,3,Correct,0.0632484424648603,round,,D_local,S_final,10,10,22
deepseek-v3.2-think,S1,7,1,1,Wrong,0.108916471031093,round,,D_local,S_final,10,10,22
deepseek-v3.2-think,S1,7,1,2,Wrong,0.1215015405438594,round,,D_local,S_final,10,10,22
deepseek-v3.2-think,S1,7,1,3,Wrong,0.1192437494011909,round,,D_local,S_final,10,10,22
deepseek-v3.2-think,S1,7,2,1,Wrong,0.050613635859998,round,,D_local,S_final,10,10,22
deepseek-v3.2-think,S1,7,2,2,Wrong,0.0913634855454501,round,,D_local,S_final,10,10,22
deepseek-v3.2-think,S1,7,2,3,Wrong,0.0986046888778043,round,,D_local,S_final,10,10,22
deepseek-v3.2-think,S1,7,3,1,Wrong,-0.0127534815295857,round,,D_local,S_final,10,10,22
deepseek-v3.2-think,S1,7,3,2,Wrong,-0.0061248442923204,round,,D_local,S_final,10,10,22
deepseek-v3.2-think,S1,7,3,3,Wrong,-0.0243130247191388,round,,D_local,S_final,10,10,22
deepseek-v3.2-think,S1,7,4,1,Correct,-0.0227333481870266,round,,D_local,S_final,10,10,22
deepseek-v3.2-think,S1,7,4,2,Correct,0.0077742677111375,round,,D_local,S_final,10,10,22
deepseek-v3.2-think,S1,7,4,3,Correct,0.0255363035805399,round,,D_local,S_final,10,10,22
deepseek-v3.2-think,S1,7,5,1,Correct,0.0609832991863958,round,,D_local,S_final,10,10,22
deepseek-v3.2-think,S1,7,5,2,Correct,0.0516042758214168,round,,D_local,S_final,10,10,22
deepseek-v3.2-think,S1,7,5,3,Correct,0.0775045211736724,round,,D_local,S_final,10,10,22
deepseek-v3.2-think,S1,7,6,1,Wrong,-0.0335880979143239,round,,D_local,S_final,10,10,22
deepseek-v3.2-think,S1,7,6,2,Wrong,-0.0364582931252349,round,,D_local,S_final,10,10,22
deepseek-v3.2-think,S1,7,6,3,Wrong,-0.0247808343488217,round,,D_local,S_final,10,10,22
deepseek-v3.2-think,S1,7,7,1,Wrong,0.071314855721028,round,,D_local,S_final,10,10,22
deepseek-v3.2-think,S1,7,7,2,Wrong,0.0664910009861932,round,,D_local,S_final,10,10,22
deepseek-v3.2-think,S1,7,7,3,Wrong,0.0774266522909152,round,,D_local,S_final,10,10,22
deepseek-v3.2-think,S1,7,8,1,Correct,0.0383677584584863,round,,D_local,S_final,10,10,22
deepseek-v3.2-think,S1,7,8,2,Correct,0.0522877243145346,round,,D_local,S_final,10,10,22
deepseek-v3.2-think,S1,7,8,3,Correct,0.0471823724921171,round,,D_local,S_final,10,10,22
deepseek-v3.2-think,S1,7,9,1,Correct,0.0888759576420931,round,,D_local,S_final,10,10,22
deepseek-v3.2-think,S1,7,9,2,Correct,0.0591092161498046,round,,D_local,S_final,10,10,22
deepseek-v3.2-think,S1,7,9,3,Correct,0.058524426244647,round,,D_local,S_final,10,10,22
deepseek-v3.2-think,S1,7,10,1,Wrong,0.0149457147819552,round,,D_local,S_final,10,10,22
deepseek-v3.2-think,S1,7,10,2,Wrong,-0.0146495323671874,round,,D_local,S_final,10,10,22
deepseek-v3.2-think,S1,7,10,3,Wrong,-0.0248067237331713,round,,D_local,S_final,10,10,22
deepseek-v3.2-think,S1,7,11,1,Wrong,0.0117215151426384,round,,D_local,S_final,10,10,22
deepseek-v3.2-think,S1,7,11,2,Wrong,0.0556413683548789,round,,D_local,S_final,10,10,22
deepseek-v3.2-think,S1,7,11,3,Wrong,0.0526688718003937,round,,D_local,S_final,10,10,22
deepseek-v3.2-think,S1,8,1,1,Correct,0.0682271338341036,round,,D_local,S_final,10,10,22
deepseek-v3.2-think,S1,8,1,2,Correct,0.0871174269261018,round,,D_local,S_final,10,10,22
deepseek-v3.2-think,S1,8,1,3,Correct,0.0957284074095942,round,,D_local,S_final,10,10,22
deepseek-v3.2-think,S1,8,2,1,Correct,0.0799482170116701,round,,D_local,S_final,10,10,22
deepseek-v3.2-think,S1,8,2,2,Correct,0.0573745356787405,round,,D_local,S_final,10,10,22
deepseek-v3.2-think,S1,8,2,3,Correct,0.0502402416171341,round,,D_local,S_final,10,10,22
deepseek-v3.2-think,S1,8,3,1,Wrong,0.0313420475308443,round,,D_local,S_final,10,10,22
deepseek-v3.2-think,S1,8,3,2,Wrong,0.0189328963872867,round,,D_local,S_final,10,10,22
deepseek-v3.2-think,S1,8,3,3,Wrong,0.0265058135436663,round,,D_local,S_final,10,10,22
deepseek-v3.2-think,S1,8,4,1,Wrong,0.0296063669132733,round,,D_local,S_final,10,10,22
deepseek-v3.2-think,S1,8,4,2,Wrong,-0.0333065069441961,round,,D_local,S_final,10,10,22
deepseek-v3.2-think,S1,8,4,3,Wrong,-0.0160394127355018,round,,D_local,S_final,10,10,22
deepseek-v3.2-think,S1,9,1,1,Correct,0.0629463413591101,round,,D_local,S_final,10,10,22
deepseek-v3.2-think,S1,9,1,2,Correct,0.0667506938913097,round,,D_local,S_final,10,10,22
deepseek-v3.2-think,S1,9,1,3,Correct,0.0720923948738535,round,,D_local,S_final,10,10,22
deepseek-v3.2-think,S1,9,2,1,Wrong,0.0665926916237659,round,,D_local,S_final,10,10,22
deepseek-v3.2-think,S1,9,2,2,Wrong,0.0475981999928936,round,,D_local,S_final,10,10,22
deepseek-v3.2-think,S1,9,2,3,Wrong,0.0336747863382521,round,,D_local,S_final,10,10,22
deepseek-v3.2-think,S1,9,3,1,Correct,0.0540472386057838,round,,D_local,S_final,10,10,22
deepseek-v3.2-think,S1,9,3,2,Correct,0.0677108741591754,round,,D_local,S_final,10,10,22
deepseek-v3.2-think,S1,9,3,3,Correct,0.045139703336728,round,,D_local,S_final,10,10,22
deepseek-v3.2-think,S1,10,1,1,Wrong,0.0828544979773736,round,,D_local,S_final,10,10,22
deepseek-v3.2-think,S1,10,1,2,Wrong,0.0787341534567699,round,,D_local,S_final,10,10,22
deepseek-v3.2-think,S1,10,1,3,Wrong,0.0759180981340404,round,,D_local,S_final,10,10,22
deepseek-v3.2-think,S1,10,2,1,Wrong,0.0915607982207783,round,,D_local,S_final,10,10,22
deepseek-v3.2-think,S1,10,2,2,Wrong,0.1011797939078799,round,,D_local,S_final,10,10,22
deepseek-v3.2-think,S1,10,2,3,Wrong,0.0883674798467579,round,,D_local,S_final,10,10,22
deepseek-v3.2-think,S1,11,1,1,Correct,0.0267867418421035,round,,D_local,S_final,10,10,22
deepseek-v3.2-think,S1,11,1,2,Wrong,-0.0134350082791862,round,,D_local,S_final,10,10,22
deepseek-v3.2-think,S1,11,1,3,Wrong,0.0114736413809767,round,,D_local,S_final,10,10,22
deepseek-v3.2-think,S1,12,1,1,Wrong,-0.017409062181879,round,,D_local,S_final,10,10,22
deepseek-v3.2-think,S1,12,1,2,Wrong,-0.0358263079565612,round,,D_local,S_final,10,10,22
deepseek-v3.2-think,S1,12,1,3,Wrong,-0.0225042523025328,round,,D_local,S_final,10,10,22
deepseek-v3.2-think,S1,13,1,1,Correct,0.1642352353519284,round,,D_local,S_final,10,10,22
deepseek-v3.2-think,S1,13,1,2,Wrong,0.1525122864673667,round,,D_local,S_final,10,10,22
deepseek-v3.2-think,S1,13,1,3,Wrong,0.1335018130787382,round,,D_local,S_final,10,10,22
deepseek-v3.2-think,S1,13,2,1,Correct,0.0241830248054735,round,,D_local,S_final,10,10,22
deepseek-v3.2-think,S1,13,2,2,Correct,0.0181895229056964,round,,D_local,S_final,10,10,22
deepseek-v3.2-think,S1,13,2,3,Wrong,-0.0255924721121386,round,,D_local,S_final,10,10,22
deepseek-v3.2-think,S1,13,3,1,Correct,0.0617718611871187,round,,D_local,S_final,10,10,22
deepseek-v3.2-think,S1,13,3,2,Wrong,0.0286083196380307,round,,D_local,S_final,10,10,22
deepseek-v3.2-think,S1,13,3,3,Wrong,0.0446066038479446,round,,D_local,S_final,10,10,22
deepseek-v3.2-think,S1,14,1,1,Correct,0.0622558791043886,round,,D_local,S_final,10,10,22
deepseek-v3.2-think,S1,14,1,2,Correct,0.0060772432307175,round,,D_local,S_final,10,10,22
deepseek-v3.2-think,S1,14,1,3,Correct,0.0405196934988909,round,,D_local,S_final,10,10,22
deepseek-v3.2-think,S1,15,1,1,Wrong,-0.0997727216495412,round,,D_local,S_final,10,10,22
deepseek-v3.2-think,S1,15,1,2,Wrong,-0.0495336925517252,round,,D_local,S_final,10,10,22
deepseek-v3.2-think,S1,15,1,3,Wrong,-0.0570195533472116,round,,D_local,S_final,10,10,22
deepseek-v3.2-think,S1,16,1,1,Correct,0.1322897992296402,round,,D_local,S_final,10,10,22
deepseek-v3.2-think,S1,16,1,2,Correct,0.1620286891934623,round,,D_local,S_final,10,10,22
deepseek-v3.2-think,S1,16,1,3,Correct,0.1359946071008781,round,,D_local,S_final,10,10,22
deepseek-v3.2-think,S1,17,1,1,Correct,0.0247499653577988,round,,D_local,S_final,10,10,22
deepseek-v3.2-think,S1,17,1,2,Correct,0.0082003472868341,round,,D_local,S_final,10,10,22
deepseek-v3.2-think,S1,17,1,3,Correct,-0.0040423550780216,round,,D_local,S_final,10,10,22
deepseek-v3.2-think,S1,18,1,1,Correct,0.1510702394298504,round,,D_local,S_final,10,10,22
deepseek-v3.2-think,S1,18,1,2,Correct,0.1248849169180601,round,,D_local,S_final,10,10,22
deepseek-v3.2-think,S1,18,1,3,Correct,0.1305061478853766,round,,D_local,S_final,10,10,22
deepseek-v3.2-think,S1,19,1,1,Correct,-0.0086777700562466,round,,D_local,S_final,10,10,22
deepseek-v3.2-think,S1,19,1,2,Correct,0.0790040917688904,round,,D_local,S_final,10,10,22
deepseek-v3.2-think,S1,19,1,3,Correct,0.0863745747490202,round,,D_local,S_final,10,10,22
deepseek-v3.2-think,S1,20,1,1,Wrong,0.0971261618997029,round,,D_local,S_final,10,10,22
deepseek-v3.2-think,S1,20,1,2,Wrong,0.0880108635553781,round,,D_local,S_final,10,10,22
deepseek-v3.2-think,S1,20,1,3,Wrong,0.12665715374096,round,,D_local,S_final,10,10,22
deepseek-v3.2-think,S1,21,1,1,Correct,0.0940097320793,round,,D_local,S_final,10,10,22
deepseek-v3.2-think,S1,21,1,2,Correct,0.118150320491978,round,,D_local,S_final,10,10,22
deepseek-v3.2-think,S1,21,1,3,Correct,0.1066577501079637,round,,D_local,S_final,10,10,22
deepseek-v3.2-think,S1,22,1,1,Correct,0.0322712410653303,round,,D_local,S_final,10,10,22
deepseek-v3.2-think,S1,22,1,2,Wrong,0.039666097740261,round,,D_local,S_final,10,10,22
deepseek-v3.2-think,S1,22,1,3,Correct,0.0283742581523148,round,,D_local,S_final,10,10,22
deepseek-v3.2-think,S1,23,1,1,Correct,0.0601377930626789,round,,D_local,S_final,10,10,22
deepseek-v3.2-think,S1,23,1,2,Correct,0.072496876322232,round,,D_local,S_final,10,10,22
deepseek-v3.2-think,S1,23,1,3,Correct,0.0427152899225297,round,,D_local,S_final,10,10,22
deepseek-v3.2-think,S1,24,1,1,Correct,0.0272907274508205,round,,D_local,S_final,10,10,22
deepseek-v3.2-think,S1,24,1,2,Correct,0.0214101701163297,round,,D_local,S_final,10,10,22
deepseek-v3.2-think,S1,24,1,3,Correct,0.0171875921071414,round,,D_local,S_final,10,10,22
deepseek-v3.2-think,S1,25,1,1,Wrong,-0.0372524244323853,round,,D_local,S_final,10,10,22
deepseek-v3.2-think,S1,25,1,2,Wrong,-0.0625916037851619,round,,D_local,S_final,10,10,22
deepseek-v3.2-think,S1,25,1,3,Wrong,-0.0247018942896931,round,,D_local,S_final,10,10,22
deepseek-v3.2-think,S1,25,2,1,Correct,0.0695751803469945,round,,D_local,S_final,10,10,22
deepseek-v3.2-think,S1,25,2,2,Correct,0.0764624549139715,round,,D_local,S_final,10,10,22
deepseek-v3.2-think,S1,25,2,3,Correct,0.0684061577694027,round,,D_local,S_final,10,10,22
deepseek-v3.2-think,S1,26,1,1,Wrong,0.0829961537780945,round,,D_local,S_final,10,10,22
deepseek-v3.2-think,S1,26,1,2,Correct,0.0757279158328091,round,,D_local,S_final,10,10,22
deepseek-v3.2-think,S1,26,1,3,Correct,0.0909708216672245,round,,D_local,S_final,10,10,22
deepseek-v3.2-think,S1,26,2,1,Correct,-0.0524980585128006,round,,D_local,S_final,10,10,22
deepseek-v3.2-think,S1,26,2,2,Correct,0.020614587032408,round,,D_local,S_final,10,10,22
deepseek-v3.2-think,S1,26,2,3,Correct,0.0016631187386484,round,,D_local,S_final,10,10,22
deepseek-v3.2-think,S1,26,3,1,Correct,-0.0416725952091937,round,,D_local,S_final,10,10,22
deepseek-v3.2-think,S1,26,3,2,Correct,-0.0063355035617282,round,,D_local,S_final,10,10,22
deepseek-v3.2-think,S1,26,3,3,Correct,-0.0530113485903162,round,,D_local,S_final,10,10,22
deepseek-v3.2-think,S1,26,4,1,Correct,0.1171713941413386,round,,D_local,S_final,10,10,22
deepseek-v3.2-think,S1,26,4,2,Correct,0.1347570081578805,round,,D_local,S_final,10,10,22
deepseek-v3.2-think,S1,26,4,3,Correct,0.1155890619762013,round,,D_local,S_final,10,10,22
deepseek-v3.2-think,S1,27,1,1,Correct,0.0591839540838774,round,,D_local,S_final,10,10,22
deepseek-v3.2-think,S1,27,1,2,Correct,0.0588870504013968,round,,D_local,S_final,10,10,22
deepseek-v3.2-think,S1,27,1,3,Correct,0.040017359322601,round,,D_local,S_final,10,10,22
deepseek-v3.2-think,S1,27,2,1,Correct,-0.0685268056963689,round,,D_local,S_final,10,10,22
deepseek-v3.2-think,S1,27,2,2,Correct,-0.0598247794059629,round,,D_local,S_final,10,10,22
deepseek-v3.2-think,S1,27,2,3,Correct,-0.0244969304173213,round,,D_local,S_final,10,10,22
deepseek-v3.2-think,S1,27,3,1,Correct,0.0298294774538758,round,,D_local,S_final,10,10,22
deepseek-v3.2-think,S1,27,3,2,Correct,-0.0567698048232196,round,,D_local,S_final,10,10,22
deepseek-v3.2-think,S1,27,3,3,Correct,-0.0512453207268117,round,,D_local,S_final,10,10,22
deepseek-v3.2-think,S1,27,4,1,Correct,0.1763416274573619,round,,D_local,S_final,10,10,22
deepseek-v3.2-think,S1,27,4,2,Correct,0.1406862906531544,round,,D_local,S_final,10,10,22
deepseek-v3.2-think,S1,27,4,3,Correct,0.1659407866106528,round,,D_local,S_final,10,10,22
deepseek-v3.2-think,S1,28,1,1,Wrong,0.0363227875227346,round,,D_local,S_final,10,10,22
deepseek-v3.2-think,S1,28,1,2,Wrong,0.0260735834895429,round,,D_local,S_final,10,10,22
deepseek-v3.2-think,S1,28,1,3,Wrong,0.0415279515635201,round,,D_local,S_final,10,10,22
deepseek-v3.2-think,S1,28,2,1,Correct,-0.0518607014218433,round,,D_local,S_final,10,10,22
deepseek-v3.2-think,S1,28,2,2,Correct,-0.0770602033224007,round,,D_local,S_final,10,10,22
deepseek-v3.2-think,S1,28,2,3,Correct,-0.0429719862240726,round,,D_local,S_final,10,10,22
deepseek-v3.2-think,S1,29,1,1,Correct,0.0869168682202008,round,,D_local,S_final,10,10,22
deepseek-v3.2-think,S1,29,1,2,Correct,0.1289366539314416,round,,D_local,S_final,10,10,22
deepseek-v3.2-think,S1,29,1,3,Wrong,0.153757421180267,round,,D_local,S_final,10,10,22
deepseek-v3.2-think,S1,29,2,1,Correct,-0.0454512667358489,round,,D_local,S_final,10,10,22
deepseek-v3.2-think,S1,29,2,2,Correct,-0.0364289039845263,round,,D_local,S_final,10,10,22
deepseek-v3.2-think,S1,29,2,3,Correct,-0.076286198353378,round,,D_local,S_final,10,10,22
deepseek-v3.2-think,S1,30,1,1,Correct,0.046592590275839,round,,D_local,S_final,10,10,22
deepseek-v3.2-think,S1,30,1,2,Correct,0.0691087737830614,round,,D_local,S_final,10,10,22
deepseek-v3.2-think,S1,30,1,3,Correct,0.0750685771627329,round,,D_local,S_final,10,10,22
deepseek-v3.2-think,S1,30,2,1,Correct,-0.064050616857763,round,,D_local,S_final,10,10,22
deepseek-v3.2-think,S1,30,2,2,Correct,-0.0634280045238698,round,,D_local,S_final,10,10,22
deepseek-v3.2-think,S1,30,2,3,Correct,-0.0642920025267376,round,,D_local,S_final,10,10,22
deepseek-v3.2-think,S1,31,1,1,Correct,0.1417851669999667,round,,D_local,S_final,10,10,22
deepseek-v3.2-think,S1,31,1,2,Correct,0.1630856544289216,round,,D_local,S_final,10,10,22
deepseek-v3.2-think,S1,31,1,3,Correct,0.133481387697936,round,,D_local,S_final,10,10,22
deepseek-v3.2-think,S1,32,1,1,Correct,0.0681699301383603,round,,D_local,S_final,10,10,22
deepseek-v3.2-think,S1,32,1,2,Correct,0.0363920048896136,round,,D_local,S_final,10,10,22
deepseek-v3.2-think,S1,32,1,3,Correct,0.0846829372979182,round,,D_local,S_final,10,10,22
deepseek-v3.2-think,S1,33,1,1,Correct,0.0538604149088187,round,,D_local,S_final,10,10,22
deepseek-v3.2-think,S1,33,1,2,Correct,0.0592715613813932,round,,D_local,S_final,10,10,22
deepseek-v3.2-think,S1,33,1,3,Correct,0.0659083595617153,round,,D_local,S_final,10,10,22
deepseek-v3.2-think,S1,34,1,1,Wrong,-0.0129417186824258,round,,D_local,S_final,10,10,22
deepseek-v3.2-think,S1,34,1,2,Wrong,0.0276511128677604,round,,D_local,S_final,10,10,22
deepseek-v3.2-think,S1,34,1,3,Wrong,0.0187018326075534,round,,D_local,S_final,10,10,22
deepseek-v3.2-think,S1,35,1,1,Wrong,0.0180841913654503,round,,D_local,S_final,10,10,22
deepseek-v3.2-think,S1,35,1,2,Wrong,0.0049347061327871,round,,D_local,S_final,10,10,22
deepseek-v3.2-think,S1,35,1,3,Wrong,-0.0023522654607059,round,,D_local,S_final,10,10,22
deepseek-v3.2-think,S1,36,1,1,Wrong,0.0832902241049787,round,,D_local,S_final,10,10,22
deepseek-v3.2-think,S1,36,1,2,Wrong,0.0872747652634202,round,,D_local,S_final,10,10,22
deepseek-v3.2-think,S1,36,1,3,Wrong,0.0821426961626153,round,,D_local,S_final,10,10,22
deepseek-v3.2-think,S1,36,2,1,Correct,0.0693870213940821,round,,D_local,S_final,10,10,22
deepseek-v3.2-think,S1,36,2,2,Correct,0.0740806629528125,round,,D_local,S_final,10,10,22
deepseek-v3.2-think,S1,36,2,3,Wrong,-0.0340105778376923,round,,D_local,S_final,10,10,22
deepseek-v3.2-think,S1,36,3,1,Correct,0.0147825242410065,round,,D_local,S_final,10,10,22
deepseek-v3.2-think,S1,36,3,2,Correct,0.0484909428086902,round,,D_local,S_final,10,10,22
deepseek-v3.2-think,S1,36,3,3,Correct,0.0203483123335292,round,,D_local,S_final,10,10,22
deepseek-v3.2-think,S1,37,1,1,Correct,0.0114877417562924,round,,D_local,S_final,10,10,22
deepseek-v3.2-think,S1,37,1,2,Correct,0.0328536087486909,round,,D_local,S_final,10,10,22
deepseek-v3.2-think,S1,37,1,3,Correct,0.0287589756325238,round,,D_local,S_final,10,10,22
deepseek-v3.2-think,S1,37,2,1,Wrong,0.0993140296709123,round,,D_local,S_final,10,10,22
deepseek-v3.2-think,S1,37,2,2,Wrong,0.0744040629731537,round,,D_local,S_final,10,10,22
deepseek-v3.2-think,S1,37,2,3,Wrong,0.1057867716306335,round,,D_local,S_final,10,10,22
deepseek-v3.2-think,S1,38,1,1,Wrong,-0.1309678792671259,round,,D_local,S_final,10,10,22
deepseek-v3.2-think,S1,38,1,2,Correct,-0.1201659720838472,round,,D_local,S_final,10,10,22
deepseek-v3.2-think,S1,38,1,3,Correct,-0.1057885701707068,round,,D_local,S_final,10,10,22
deepseek-v3.2-think,S1,38,2,1,Wrong,-0.1006693811058622,round,,D_local,S_final,10,10,22
deepseek-v3.2-think,S1,38,2,2,Correct,-0.0964333495162946,round,,D_local,S_final,10,10,22
deepseek-v3.2-think,S1,38,2,3,Correct,-0.1016533990471217,round,,D_local,S_final,10,10,22
deepseek-v3.2-think,S1,39,1,1,Wrong,-0.0490864909642961,round,,D_local,S_final,10,10,22
deepseek-v3.2-think,S1,39,1,2,Wrong,-0.0444172458606269,round,,D_local,S_final,10,10,22
deepseek-v3.2-think,S1,39,1,3,Wrong,-0.0485851918507415,round,,D_local,S_final,10,10,22
deepseek-v3.2-think,S1,39,2,1,Correct,0.1217998486431644,round,,D_local,S_final,10,10,22
deepseek-v3.2-think,S1,39,2,2,Correct,0.1567074653468084,round,,D_local,S_final,10,10,22
deepseek-v3.2-think,S1,39,2,3,Correct,0.1937006020606494,round,,D_local,S_final,10,10,22
deepseek-v3.2-think,S1,40,1,1,Correct,0.0874115631523381,round,,D_local,S_final,10,10,22
deepseek-v3.2-think,S1,40,1,2,Correct,0.0768217932136349,round,,D_local,S_final,10,10,22
deepseek-v3.2-think,S1,40,1,3,Correct,0.0727016173103405,round,,D_local,S_final,10,10,22
deepseek-v3.2-think,S1,40,2,1,Wrong,0.0854575110446657,round,,D_local,S_final,10,10,22
deepseek-v3.2-think,S1,40,2,2,Wrong,0.097781179099264,round,,D_local,S_final,10,10,22
deepseek-v3.2-think,S1,40,2,3,Wrong,0.0597981463042949,round,,D_local,S_final,10,10,22
deepseek-v3.2-think,S1,40,3,1,Wrong,0.0053935010671591,round,,D_local,S_final,10,10,22
deepseek-v3.2-think,S1,40,3,2,Correct,0.0298621509848096,round,,D_local,S_final,10,10,22
deepseek-v3.2-think,S1,40,3,3,Wrong,0.089488834957409,round,,D_local,S_final,10,10,22
deepseek-v3.2-think,S1,40,4,1,Wrong,0.0521013299656759,round,,D_local,S_final,10,10,22
deepseek-v3.2-think,S1,40,4,2,Wrong,0.0709622925993807,round,,D_local,S_final,10,10,22
deepseek-v3.2-think,S1,40,4,3,Wrong,-0.0045842526161868,round,,D_local,S_final,10,10,22
deepseek-v3.2-think,S1,40,5,1,Wrong,0.0285687150697344,round,,D_local,S_final,10,10,22
deepseek-v3.2-think,S1,40,5,2,Wrong,0.0478151873504275,round,,D_local,S_final,10,10,22
deepseek-v3.2-think,S1,40,5,3,Wrong,0.0393980069994891,round,,D_local,S_final,10,10,22
deepseek-v3.2-think,S1,40,6,1,Wrong,0.0142925869899094,round,,D_local,S_final,10,10,22
deepseek-v3.2-think,S1,40,6,2,Wrong,0.031076671409288,round,,D_local,S_final,10,10,22
deepseek-v3.2-think,S1,40,6,3,Correct,0.0115979800269332,round,,D_local,S_final,10,10,22
deepseek-v3.2-think,S1,41,1,1,Wrong,0.0934108175995392,round,,D_local,S_final,10,10,22
deepseek-v3.2-think,S1,41,1,2,Wrong,0.0949162308365216,round,,D_local,S_final,10,10,22
deepseek-v3.2-think,S1,41,1,3,Wrong,0.0949863559149855,round,,D_local,S_final,10,10,22
deepseek-v3.2-think,S1,42,1,1,Wrong,-0.0350406790003811,round,,D_local,S_final,10,10,22
deepseek-v3.2-think,S1,42,1,2,Wrong,-0.0430709464530877,round,,D_local,S_final,10,10,22
deepseek-v3.2-think,S1,42,1,3,Wrong,-0.0506929459148427,round,,D_local,S_final,10,10,22
deepseek-v3.2-think,S1,43,1,1,Wrong,-0.037329997379075,round,,D_local,S_final,10,10,22
deepseek-v3.2-think,S1,43,1,2,Wrong,-0.040132089797443,round,,D_local,S_final,10,10,22
deepseek-v3.2-think,S1,43,1,3,Correct,-0.0174699573497956,round,,D_local,S_final,10,10,22
deepseek-v3.2-think,S1,44,1,1,Wrong,0.061352852756863,round,,D_local,S_final,10,10,22
deepseek-v3.2-think,S1,44,1,2,Correct,0.0931663628060734,round,,D_local,S_final,10,10,22
deepseek-v3.2-think,S1,44,1,3,Wrong,0.0926739364361414,round,,D_local,S_final,10,10,22
deepseek-v3.2-think,S1,45,1,1,Correct,0.1110437232757891,round,,D_local,S_final,10,10,22
deepseek-v3.2-think,S1,45,1,2,Correct,0.1158203001021361,round,,D_local,S_final,10,10,22
deepseek-v3.2-think,S1,45,1,3,Correct,0.1353281351747636,round,,D_local,S_final,10,10,22
deepseek-v3.2-think,S1,45,2,1,Wrong,-0.0023891297709405,round,,D_local,S_final,10,10,22
deepseek-v3.2-think,S1,45,2,2,Wrong,-0.0481784406896678,round,,D_local,S_final,10,10,22
deepseek-v3.2-think,S1,45,2,3,Wrong,-0.0732606825215533,round,,D_local,S_final,10,10,22
deepseek-v3.2-think,S1,45,3,1,Wrong,-0.0147599016013399,round,,D_local,S_final,10,10,22
deepseek-v3.2-think,S1,45,3,2,Wrong,-0.0805456221009534,round,,D_local,S_final,10,10,22
deepseek-v3.2-think,S1,45,3,3,Wrong,-0.0533709333530684,round,,D_local,S_final,10,10,22
deepseek-v3.2-think,S1,46,1,1,Correct,0.0868965034454448,round,,D_local,S_final,10,10,22
deepseek-v3.2-think,S1,46,1,2,Correct,0.1037738591101291,round,,D_local,S_final,10,10,22
deepseek-v3.2-think,S1,46,1,3,Correct,0.0854690090714818,round,,D_local,S_final,10,10,22
deepseek-v3.2-think,S1,46,2,1,Correct,0.0476884396579817,round,,D_local,S_final,10,10,22
deepseek-v3.2-think,S1,46,2,2,Correct,0.0666910917486462,round,,D_local,S_final,10,10,22
deepseek-v3.2-think,S1,46,2,3,Correct,0.0544433124967445,round,,D_local,S_final,10,10,22
deepseek-v3.2-think,S1,47,1,1,Correct,0.1060199061379496,round,,D_local,S_final,10,10,22
deepseek-v3.2-think,S1,47,1,2,Correct,0.1251374352227929,round,,D_local,S_final,10,10,22
deepseek-v3.2-think,S1,47,1,3,Correct,0.1114061679820179,round,,D_local,S_final,10,10,22
deepseek-v3.2-think,S1,47,2,1,Correct,0.0068633259630018,round,,D_local,S_final,10,10,22
deepseek-v3.2-think,S1,47,2,2,Correct,0.0357147800396743,round,,D_local,S_final,10,10,22
deepseek-v3.2-think,S1,47,2,3,Correct,0.0589579464641585,round,,D_local,S_final,10,10,22
deepseek-v3.2-think,S1,48,1,1,Wrong,0.0341278881289273,round,,D_local,S_final,10,10,22
deepseek-v3.2-think,S1,48,1,2,Wrong,0.0665643562403968,round,,D_local,S_final,10,10,22
deepseek-v3.2-think,S1,48,1,3,Wrong,0.042765897459815,round,,D_local,S_final,10,10,22
deepseek-v3.2-think,S1,48,2,1,Correct,-0.020368753181344,round,,D_local,S_final,10,10,22
deepseek-v3.2-think,S1,48,2,2,Correct,0.0165465466329011,round,,D_local,S_final,10,10,22
deepseek-v3.2-think,S1,48,2,3,Correct,-0.0074230006664138,round,,D_local,S_final,10,10,22
deepseek-v3.2-think,S1,49,1,1,Correct,0.0506166848591657,round,,D_local,S_final,10,10,22
deepseek-v3.2-think,S1,49,1,2,Correct,0.0103087488054929,round,,D_local,S_final,10,10,22
deepseek-v3.2-think,S1,49,1,3,Correct,0.0355513546198729,round,,D_local,S_final,10,10,22
deepseek-v3.2-think,S1,50,1,1,Correct,-0.0534178454610944,round,,D_local,S_final,10,10,22
deepseek-v3.2-think,S1,50,1,2,Correct,-0.0096988269540428,round,,D_local,S_final,10,10,22
deepseek-v3.2-think,S1,50,1,3,Wrong,-0.0458474905053253,round,,D_local,S_final,10,10,22
deepseek-v3.2-think,S1,51,1,1,Correct,0.1179946610753646,round,,D_local,S_final,10,10,22
deepseek-v3.2-think,S1,51,1,2,Wrong,0.1061178251744333,round,,D_local,S_final,10,10,22
deepseek-v3.2-think,S1,51,1,3,Wrong,0.0926086799982013,round,,D_local,S_final,10,10,22
deepseek-v3.2-think,S1,52,1,1,Correct,0.1663908157659728,round,,D_local,S_final,10,10,22
deepseek-v3.2-think,S1,52,1,2,Wrong,0.1357996060412502,round,,D_local,S_final,10,10,22
deepseek-v3.2-think,S1,52,1,3,Correct,0.1149867153788752,round,,D_local,S_final,10,10,22
deepseek-v3.2-think,S1,53,1,1,Correct,-0.048981078426621,round,,D_local,S_final,10,10,22
deepseek-v3.2-think,S1,53,1,2,Correct,0.0401881406177899,round,,D_local,S_final,10,10,22
deepseek-v3.2-think,S1,53,1,3,Correct,0.0206649504335716,round,,D_local,S_final,10,10,22
deepseek-v3.2-think,S1,53,2,1,Correct,0.0726989758467528,round,,D_local,S_final,10,10,22
deepseek-v3.2-think,S1,53,2,2,Correct,0.071100212323961,round,,D_local,S_final,10,10,22
deepseek-v3.2-think,S1,53,2,3,Correct,0.0817811305728847,round,,D_local,S_final,10,10,22
deepseek-v3.2-think,S1,54,1,1,Correct,-0.0920257297130908,round,,D_local,S_final,10,10,22
deepseek-v3.2-think,S1,54,1,2,Correct,-0.0926978339926925,round,,D_local,S_final,10,10,22
deepseek-v3.2-think,S1,54,1,3,Correct,-0.1037052791222027,round,,D_local,S_final,10,10,22
deepseek-v3.2-think,S1,54,2,1,Correct,0.1025896069778251,round,,D_local,S_final,10,10,22
deepseek-v3.2-think,S1,54,2,2,Correct,0.1092463080740615,round,,D_local,S_final,10,10,22
deepseek-v3.2-think,S1,54,2,3,Correct,0.1012525150755261,round,,D_local,S_final,10,10,22
deepseek-v3.2-think,S1,55,1,1,Correct,-0.0297390764488678,round,,D_local,S_final,10,10,22
deepseek-v3.2-think,S1,55,1,2,Correct,-0.0083775290532936,round,,D_local,S_final,10,10,22
deepseek-v3.2-think,S1,55,1,3,Correct,-0.0381404092972608,round,,D_local,S_final,10,10,22
deepseek-v3.2-think,S1,55,2,1,Correct,0.1253594582305681,round,,D_local,S_final,10,10,22
deepseek-v3.2-think,S1,55,2,2,Correct,0.1208933588039029,round,,D_local,S_final,10,10,22
deepseek-v3.2-think,S1,55,2,3,Correct,0.1152721494031928,round,,D_local,S_final,10,10,22
deepseek-v3.2-think,S1,56,1,1,Wrong,-0.0046583473646805,round,,D_local,S_final,10,10,22
deepseek-v3.2-think,S1,56,1,2,Wrong,-0.0135781485995142,round,,D_local,S_final,10,10,22
deepseek-v3.2-think,S1,56,1,3,Wrong,-0.039425575428982,round,,D_local,S_final,10,10,22
deepseek-v3.2-think,S1,56,2,1,Correct,0.0648066625622431,round,,D_local,S_final,10,10,22
deepseek-v3.2-think,S1,56,2,2,Correct,0.0556820342561389,round,,D_local,S_final,10,10,22
deepseek-v3.2-think,S1,56,2,3,Correct,0.0648044736156278,round,,D_local,S_final,10,10,22
deepseek-v3.2-think,S1,57,1,1,Correct,-0.121793349765494,round,,D_local,S_final,10,10,22
deepseek-v3.2-think,S1,57,1,2,Correct,-0.1129326902320295,round,,D_local,S_final,10,10,22
deepseek-v3.2-think,S1,57,1,3,Correct,-0.0959817293277398,round,,D_local,S_final,10,10,22
deepseek-v3.2-think,S1,57,2,1,Wrong,-0.1862618608998377,round,,D_local,S_final,10,10,22
deepseek-v3.2-think,S1,57,2,2,Wrong,-0.1012400519687211,round,,D_local,S_final,10,10,22
deepseek-v3.2-think,S1,57,2,3,Wrong,-0.1792779216950929,round,,D_local,S_final,10,10,22
deepseek-v3.2-think,S1,58,1,1,Correct,0.0031941524795042,round,,D_local,S_final,10,10,22
deepseek-v3.2-think,S1,58,1,2,Correct,0.0035071083205745,round,,D_local,S_final,10,10,22
deepseek-v3.2-think,S1,58,1,3,Correct,0.0047070772570295,round,,D_local,S_final,10,10,22
deepseek-v3.2-think,S1,58,2,1,Correct,0.0573808851064875,round,,D_local,S_final,10,10,22
deepseek-v3.2-think,S1,58,2,2,Correct,0.035384384885943,round,,D_local,S_final,10,10,22
deepseek-v3.2-think,S1,58,2,3,Correct,0.0109840011541019,round,,D_local,S_final,10,10,22
deepseek-v3.2-think,S1,59,1,1,Correct,-0.0466146564710832,round,,D_local,S_final,10,10,22
deepseek-v3.2-think,S1,59,1,2,Correct,-0.041096176584768,round,,D_local,S_final,10,10,22
deepseek-v3.2-think,S1,59,1,3,Correct,-0.045532828338111,round,,D_local,S_final,10,10,22
deepseek-v3.2-think,S1,59,2,1,Correct,0.0898440179656537,round,,D_local,S_final,10,10,22
deepseek-v3.2-think,S1,59,2,2,Correct,0.0747998548386877,round,,D_local,S_final,10,10,22
deepseek-v3.2-think,S1,59,2,3,Correct,0.0720250676276983,round,,D_local,S_final,10,10,22
deepseek-v3.2-think,S1,60,1,1,Correct,-0.1000993618018943,round,,D_local,S_final,10,10,22
deepseek-v3.2-think,S1,60,1,2,Correct,-0.1013674454047609,round,,D_local,S_final,10,10,22
deepseek-v3.2-think,S1,60,1,3,Correct,-0.0802215586900035,round,,D_local,S_final,10,10,22
deepseek-v3.2-think,S1,60,2,1,Correct,0.0864923958044207,round,,D_local,S_final,10,10,22
deepseek-v3.2-think,S1,60,2,2,Correct,0.0768008828017042,round,,D_local,S_final,10,10,22
deepseek-v3.2-think,S1,60,2,3,Correct,0.0906551404530484,round,,D_local,S_final,10,10,22
deepseek-v3.2-think,S1,61,1,1,Correct,-0.0903947045784405,round,,D_local,S_final,10,10,22
deepseek-v3.2-think,S1,61,1,2,Correct,-0.0621238528739259,round,,D_local,S_final,10,10,22
deepseek-v3.2-think,S1,61,1,3,Correct,-0.0730212654830174,round,,D_local,S_final,10,10,22
deepseek-v3.2-think,S1,61,2,1,Correct,0.1144056013354865,round,,D_local,S_final,10,10,22
deepseek-v3.2-think,S1,61,2,2,Correct,0.0979114767035723,round,,D_local,S_final,10,10,22
deepseek-v3.2-think,S1,61,2,3,Correct,0.102794665684066,round,,D_local,S_final,10,10,22
deepseek-v3.2-think,S1,62,1,1,Correct,0.0256604581616841,round,,D_local,S_final,10,10,22
deepseek-v3.2-think,S1,62,1,2,Correct,0.0470724433621212,round,,D_local,S_final,10,10,22
deepseek-v3.2-think,S1,62,1,3,Correct,0.0313693751321016,round,,D_local,S_final,10,10,22
deepseek-v3.2-think,S1,62,2,1,Correct,0.0269475197251066,round,,D_local,S_final,10,10,22
deepseek-v3.2-think,S1,62,2,2,Correct,0.0356904821321832,round,,D_local,S_final,10,10,22
deepseek-v3.2-think,S1,62,2,3,Correct,-0.010284049474634,round,,D_local,S_final,10,10,22
deepseek-v3.2-think,S1,63,1,1,Correct,0.0614638189208572,round,,D_local,S_final,10,10,22
deepseek-v3.2-think,S1,63,1,2,Correct,0.0290020436308888,round,,D_local,S_final,10,10,22
deepseek-v3.2-think,S1,63,1,3,Correct,0.019694175726595,round,,D_local,S_final,10,10,22
deepseek-v3.2-think,S1,63,2,1,Correct,0.0304589810888459,round,,D_local,S_final,10,10,22
deepseek-v3.2-think,S1,63,2,2,Correct,-0.0077368422699612,round,,D_local,S_final,10,10,22
deepseek-v3.2-think,S1,63,2,3,Correct,0.0310199401487567,round,,D_local,S_final,10,10,22
deepseek-v3.2-think,S1,64,1,1,Correct,0.0414949992835316,round,,D_local,S_final,10,10,22
deepseek-v3.2-think,S1,64,1,2,Correct,0.0127761852980912,round,,D_local,S_final,10,10,22
deepseek-v3.2-think,S1,64,1,3,Correct,0.0254720765787093,round,,D_local,S_final,10,10,22
deepseek-v3.2-think,S1,64,2,1,Wrong,0.0088359548932235,round,,D_local,S_final,10,10,22
deepseek-v3.2-think,S1,64,2,2,Wrong,0.0075148924161715,round,,D_local,S_final,10,10,22
deepseek-v3.2-think,S1,64,2,3,Wrong,0.0016006757071945,round,,D_local,S_final,10,10,22
deepseek-v3.2-think,S2,1,1,1,Correct,0.1437568246705245,round,,D_local,S_final,10,10,22
deepseek-v3.2-think,S2,1,1,2,Correct,0.1307488447517487,round,,D_local,S_final,10,10,22
deepseek-v3.2-think,S2,1,1,3,Correct,0.1235406333498482,round,,D_local,S_final,10,10,22
deepseek-v3.2-think,S2,1,2,1,Correct,0.0313360570870236,round,,D_local,S_final,10,10,22
deepseek-v3.2-think,S2,1,2,2,Correct,0.0296126559195564,round,,D_local,S_final,10,10,22
deepseek-v3.2-think,S2,1,2,3,Correct,0.0379328638058454,round,,D_local,S_final,10,10,22
deepseek-v3.2-think,S2,1,3,1,Correct,-0.0059285766483139,round,,D_local,S_final,10,10,22
deepseek-v3.2-think,S2,1,3,2,Correct,0.0235564922170048,round,,D_local,S_final,10,10,22
deepseek-v3.2-think,S2,1,3,3,Correct,-0.0145563727389401,round,,D_local,S_final,10,10,22
deepseek-v3.2-think,S2,1,4,1,Correct,0.0851196894570684,round,,D_local,S_final,10,10,22
deepseek-v3.2-think,S2,1,4,2,Wrong,0.0706310565406392,round,,D_local,S_final,10,10,22
deepseek-v3.2-think,S2,1,4,3,Correct,0.0774942433717192,round,,D_local,S_final,10,10,22
deepseek-v3.2-think,S2,1,5,1,Correct,0.0458143166179271,round,,D_local,S_final,10,10,22
deepseek-v3.2-think,S2,1,5,2,Correct,0.0954932244223127,round,,D_local,S_final,10,10,22
deepseek-v3.2-think,S2,1,5,3,Correct,0.0603707234718328,round,,D_local,S_final,10,10,22
deepseek-v3.2-think,S2,2,1,1,Correct,0.2093354910439876,round,,D_local,S_final,10,10,22
deepseek-v3.2-think,S2,2,1,2,Correct,0.2019229916714923,round,,D_local,S_final,10,10,22
deepseek-v3.2-think,S2,2,1,3,Correct,0.197684139199546,round,,D_local,S_final,10,10,22
deepseek-v3.2-think,S2,3,1,1,Correct,0.2411706140500619,round,,D_local,S_final,10,10,22
deepseek-v3.2-think,S2,3,1,2,Correct,0.2108107210214961,round,,D_local,S_final,10,10,22
deepseek-v3.2-think,S2,3,1,3,Correct,0.2108240257204508,round,,D_local,S_final,10,10,22
deepseek-v3.2-think,S2,3,2,1,Correct,0.2317441678755613,round,,D_local,S_final,10,10,22
deepseek-v3.2-think,S2,3,2,2,Correct,0.2378946260500585,round,,D_local,S_final,10,10,22
deepseek-v3.2-think,S2,3,2,3,Correct,0.2623406480340193,round,,D_local,S_final,10,10,22
deepseek-v3.2-think,S2,4,1,1,Wrong,0.0998197106570879,round,,D_local,S_final,10,10,22
deepseek-v3.2-think,S2,4,1,2,Wrong,0.095923182712086,round,,D_local,S_final,10,10,22
deepseek-v3.2-think,S2,4,1,3,Wrong,0.1036765252990861,round,,D_local,S_final,10,10,22
deepseek-v3.2-think,S2,4,2,1,Wrong,0.0946348007810967,round,,D_local,S_final,10,10,22
deepseek-v3.2-think,S2,4,2,2,Wrong,0.1089246025905514,round,,D_local,S_final,10,10,22
deepseek-v3.2-think,S2,4,2,3,Wrong,0.0879020994975511,round,,D_local,S_final,10,10,22
deepseek-v3.2-think,S2,4,3,1,Correct,0.0530518298438044,round,,D_local,S_final,10,10,22
deepseek-v3.2-think,S2,4,3,2,Correct,0.0537329435450084,round,,D_local,S_final,10,10,22
deepseek-v3.2-think,S2,4,3,3,Correct,0.0625485507275463,round,,D_local,S_final,10,10,22
deepseek-v3.2-think,S2,5,1,1,Wrong,0.0669237541067839,round,,D_local,S_final,10,10,22
deepseek-v3.2-think,S2,5,1,2,Wrong,0.0321090625087087,round,,D_local,S_final,10,10,22
deepseek-v3.2-think,S2,5,1,3,Wrong,0.0790421444337279,round,,D_local,S_final,10,10,22
deepseek-v3.2-think,S2,5,2,1,Correct,0.0804406751834333,round,,D_local,S_final,10,10,22
deepseek-v3.2-think,S2,5,2,2,Correct,0.0560479337558997,round,,D_local,S_final,10,10,22
deepseek-v3.2-think,S2,5,2,3,Correct,0.0616679824141584,round,,D_local,S_final,10,10,22
deepseek-v3.2-think,S2,5,3,1,Correct,0.0799662924357268,round,,D_local,S_final,10,10,22
deepseek-v3.2-think,S2,5,3,2,Correct,0.0988672069678812,round,,D_local,S_final,10,10,22
deepseek-v3.2-think,S2,5,3,3,Correct,0.0965316752418798,round,,D_local,S_final,10,10,22
deepseek-v3.2-think,S2,6,1,1,Correct,0.0746355098472157,round,,D_local,S_final,10,10,22
deepseek-v3.2-think,S2,6,1,2,Correct,0.0815072325770932,round,,D_local,S_final,10,10,22
deepseek-v3.2-think,S2,6,1,3,Correct,0.0901460354024451,round,,D_local,S_final,10,10,22
deepseek-v3.2-think,S2,6,2,1,Wrong,0.0396508112583963,round,,D_local,S_final,10,10,22
deepseek-v3.2-think,S2,6,2,2,Wrong,0.015122293066844,round,,D_local,S_final,10,10,22
deepseek-v3.2-think,S2,6,2,3,Wrong,0.0014717471631462,round,,D_local,S_final,10,10,22
deepseek-v3.2-think,S2,6,3,1,Correct,0.0635919860445616,round,,D_local,S_final,10,10,22
deepseek-v3.2-think,S2,6,3,2,Correct,0.0582957605009913,round,,D_local,S_final,10,10,22
deepseek-v3.2-think,S2,6,3,3,Correct,0.0865944264758329,round,,D_local,S_final,10,10,22
deepseek-v3.2-think,S2,7,1,1,Wrong,0.0974648235469959,round,,D_local,S_final,10,10,22
deepseek-v3.2-think,S2,7,1,2,Wrong,0.1170922519632924,round,,D_local,S_final,10,10,22
deepseek-v3.2-think,S2,7,1,3,Wrong,0.1249891568040909,round,,D_local,S_final,10,10,22
deepseek-v3.2-think,S2,7,2,1,Wrong,0.0928099940175025,round,,D_local,S_final,10,10,22
deepseek-v3.2-think,S2,7,2,2,Wrong,0.0839299979081785,round,,D_local,S_final,10,10,22
deepseek-v3.2-think,S2,7,2,3,Wrong,0.1171523313959795,round,,D_local,S_final,10,10,22
deepseek-v3.2-think,S2,7,3,1,Wrong,-0.0315379799743466,round,,D_local,S_final,10,10,22
deepseek-v3.2-think,S2,7,3,2,Wrong,-0.0135843461403758,round,,D_local,S_final,10,10,22
deepseek-v3.2-think,S2,7,3,3,Wrong,-0.0218880460351954,round,,D_local,S_final,10,10,22
deepseek-v3.2-think,S2,7,4,1,Correct,-0.0341964930212431,round,,D_local,S_final,10,10,22
deepseek-v3.2-think,S2,7,4,2,Correct,-0.0093214448153955,round,,D_local,S_final,10,10,22
deepseek-v3.2-think,S2,7,4,3,Correct,-0.0036796047051202,round,,D_local,S_final,10,10,22
deepseek-v3.2-think,S2,7,5,1,Correct,0.0602217872658782,round,,D_local,S_final,10,10,22
deepseek-v3.2-think,S2,7,5,2,Correct,0.0545780350881806,round,,D_local,S_final,10,10,22
deepseek-v3.2-think,S2,7,5,3,Correct,0.0794901803005688,round,,D_local,S_final,10,10,22
deepseek-v3.2-think,S2,7,6,1,Wrong,-0.037135096603494,round,,D_local,S_final,10,10,22
deepseek-v3.2-think,S2,7,6,2,Wrong,-0.0025058968848176,round,,D_local,S_final,10,10,22
deepseek-v3.2-think,S2,7,6,3,Correct,-0.0216721645877214,round,,D_local,S_final,10,10,22
deepseek-v3.2-think,S2,7,7,1,Wrong,0.0508847335296842,round,,D_local,S_final,10,10,22
deepseek-v3.2-think,S2,7,7,2,Wrong,0.0676726783187934,round,,D_local,S_final,10,10,22
deepseek-v3.2-think,S2,7,7,3,Wrong,0.0752549076842089,round,,D_local,S_final,10,10,22
deepseek-v3.2-think,S2,7,8,1,Correct,0.0787653101741502,round,,D_local,S_final,10,10,22
deepseek-v3.2-think,S2,7,8,2,Correct,0.0592166337847976,round,,D_local,S_final,10,10,22
deepseek-v3.2-think,S2,7,8,3,Correct,0.0437922849229129,round,,D_local,S_final,10,10,22
deepseek-v3.2-think,S2,7,9,1,Correct,0.044439621077162,round,,D_local,S_final,10,10,22
deepseek-v3.2-think,S2,7,9,2,Correct,0.1356359902463848,round,,D_local,S_final,10,10,22
deepseek-v3.2-think,S2,7,9,3,Correct,0.0897422161403014,round,,D_local,S_final,10,10,22
deepseek-v3.2-think,S2,7,10,1,Wrong,0.0055257047224945,round,,D_local,S_final,10,10,22
deepseek-v3.2-think,S2,7,10,2,Wrong,0.0106996106156277,round,,D_local,S_final,10,10,22
deepseek-v3.2-think,S2,7,10,3,Wrong,-0.0083675613208806,round,,D_local,S_final,10,10,22
deepseek-v3.2-think,S2,7,11,1,Wrong,0.055700311729574,round,,D_local,S_final,10,10,22
deepseek-v3.2-think,S2,7,11,2,Wrong,0.0390149467496895,round,,D_local,S_final,10,10,22
deepseek-v3.2-think,S2,7,11,3,Wrong,0.0160674428475741,round,,D_local,S_final,10,10,22
deepseek-v3.2-think,S2,8,1,1,Correct,0.0932367024512517,round,,D_local,S_final,10,10,22
deepseek-v3.2-think,S2,8,1,2,Correct,0.0885875148926848,round,,D_local,S_final,10,10,22
deepseek-v3.2-think,S2,8,1,3,Correct,0.0948639450630728,round,,D_local,S_final,10,10,22
deepseek-v3.2-think,S2,8,2,1,Correct,0.0833338433574557,round,,D_local,S_final,10,10,22
deepseek-v3.2-think,S2,8,2,2,Correct,0.0538265216512761,round,,D_local,S_final,10,10,22
deepseek-v3.2-think,S2,8,2,3,Correct,0.0635999663115224,round,,D_local,S_final,10,10,22
deepseek-v3.2-think,S2,8,3,1,Wrong,0.0196852969392826,round,,D_local,S_final,10,10,22
deepseek-v3.2-think,S2,8,3,2,Wrong,0.0591566352782656,round,,D_local,S_final,10,10,22
deepseek-v3.2-think,S2,8,3,3,Wrong,0.0450822310631675,round,,D_local,S_final,10,10,22
deepseek-v3.2-think,S2,8,4,1,Wrong,-0.0120879616370539,round,,D_local,S_final,10,10,22
deepseek-v3.2-think,S2,8,4,2,Wrong,-0.0214070653098169,round,,D_local,S_final,10,10,22
deepseek-v3.2-think,S2,8,4,3,Wrong,0.0050161730948805,round,,D_local,S_final,10,10,22
deepseek-v3.2-think,S2,9,1,1,Correct,0.0649961723333001,round,,D_local,S_final,10,10,22
deepseek-v3.2-think,S2,9,1,2,Correct,0.063236247183065,round,,D_local,S_final,10,10,22
deepseek-v3.2-think,S2,9,1,3,Correct,0.0458732365111602,round,,D_local,S_final,10,10,22
deepseek-v3.2-think,S2,9,2,1,Wrong,0.044249995702411,round,,D_local,S_final,10,10,22
deepseek-v3.2-think,S2,9,2,2,Wrong,0.0437390329622379,round,,D_local,S_final,10,10,22
deepseek-v3.2-think,S2,9,2,3,Wrong,0.057260601317876,round,,D_local,S_final,10,10,22
deepseek-v3.2-think,S2,9,3,1,Correct,0.057544909284883,round,,D_local,S_final,10,10,22
deepseek-v3.2-think,S2,9,3,2,Correct,0.0516176502196834,round,,D_local,S_final,10,10,22
deepseek-v3.2-think,S2,9,3,3,Correct,0.0827271808804384,round,,D_local,S_final,10,10,22
deepseek-v3.2-think,S2,10,1,1,Wrong,0.0841155222434985,round,,D_local,S_final,10,10,22
deepseek-v3.2-think,S2,10,1,2,Wrong,0.0709071805937665,round,,D_local,S_final,10,10,22
deepseek-v3.2-think,S2,10,1,3,Wrong,0.0594885724186335,round,,D_local,S_final,10,10,22
deepseek-v3.2-think,S2,10,2,1,Wrong,0.1245997951738348,round,,D_local,S_final,10,10,22
deepseek-v3.2-think,S2,10,2,2,Wrong,0.0902080817081952,round,,D_local,S_final,10,10,22
deepseek-v3.2-think,S2,10,2,3,Wrong,0.1098083707184092,round,,D_local,S_final,10,10,22
deepseek-v3.2-think,S2,11,1,1,Wrong,-0.0482672121425579,round,,D_local,S_final,10,10,22
deepseek-v3.2-think,S2,11,1,2,Wrong,-0.0208123944912355,round,,D_local,S_final,10,10,22
deepseek-v3.2-think,S2,11,1,3,Correct,0.0121823855074536,round,,D_local,S_final,10,10,22
deepseek-v3.2-think,S2,12,1,1,Correct,0.0081401765035661,round,,D_local,S_final,10,10,22
deepseek-v3.2-think,S2,12,1,2,Correct,-0.0088164346392752,round,,D_local,S_final,10,10,22
deepseek-v3.2-think,S2,12,1,3,Correct,0.0097677099714795,round,,D_local,S_final,10,10,22
deepseek-v3.2-think,S2,13,1,1,Correct,0.1738413852517476,round,,D_local,S_final,10,10,22
deepseek-v3.2-think,S2,13,1,2,Wrong,0.1127262870006408,round,,D_local,S_final,10,10,22
deepseek-v3.2-think,S2,13,1,3,Wrong,0.1249877552495857,round,,D_local,S_final,10,10,22
deepseek-v3.2-think,S2,13,2,1,Wrong,-0.0187712474249953,round,,D_local,S_final,10,10,22
deepseek-v3.2-think,S2,13,2,2,Wrong,0.0032682341298799,round,,D_local,S_final,10,10,22
deepseek-v3.2-think,S2,13,2,3,Wrong,-0.0075446021632209,round,,D_local,S_final,10,10,22
deepseek-v3.2-think,S2,13,3,1,Wrong,0.0239684590566381,round,,D_local,S_final,10,10,22
deepseek-v3.2-think,S2,13,3,2,Wrong,0.0010447043406332,round,,D_local,S_final,10,10,22
deepseek-v3.2-think,S2,13,3,3,Wrong,0.0226641750001987,round,,D_local,S_final,10,10,22
deepseek-v3.2-think,S2,14,1,1,Correct,0.0619093079141884,round,,D_local,S_final,10,10,22
deepseek-v3.2-think,S2,14,1,2,Correct,0.0248126802834308,round,,D_local,S_final,10,10,22
deepseek-v3.2-think,S2,14,1,3,Correct,0.0447535513867598,round,,D_local,S_final,10,10,22
deepseek-v3.2-think,S2,15,1,1,Wrong,-0.1124392000589654,round,,D_local,S_final,10,10,22
deepseek-v3.2-think,S2,15,1,2,Wrong,-0.096155061980836,round,,D_local,S_final,10,10,22
deepseek-v3.2-think,S2,15,1,3,Wrong,-0.0427321498705265,round,,D_local,S_final,10,10,22
deepseek-v3.2-think,S2,16,1,1,Correct,0.1427817542359206,round,,D_local,S_final,10,10,22
deepseek-v3.2-think,S2,16,1,2,Correct,0.1149790494465192,round,,D_local,S_final,10,10,22
deepseek-v3.2-think,S2,16,1,3,Correct,0.1465353706605334,round,,D_local,S_final,10,10,22
deepseek-v3.2-think,S2,17,1,1,Correct,0.0667381304436449,round,,D_local,S_final,10,10,22
deepseek-v3.2-think,S2,17,1,2,Correct,0.0611335853824301,round,,D_local,S_final,10,10,22
deepseek-v3.2-think,S2,17,1,3,Correct,0.0612924606316577,round,,D_local,S_final,10,10,22
deepseek-v3.2-think,S2,18,1,1,Correct,0.1117827014124746,round,,D_local,S_final,10,10,22
deepseek-v3.2-think,S2,18,1,2,Correct,0.1296529586203227,round,,D_local,S_final,10,10,22
deepseek-v3.2-think,S2,18,1,3,Correct,0.1058865722352301,round,,D_local,S_final,10,10,22
deepseek-v3.2-think,S2,19,1,1,Correct,0.0865928344961602,round,,D_local,S_final,10,10,22
deepseek-v3.2-think,S2,19,1,2,Correct,-0.0166184791365681,round,,D_local,S_final,10,10,22
deepseek-v3.2-think,S2,19,1,3,Correct,0.0923350217940528,round,,D_local,S_final,10,10,22
deepseek-v3.2-think,S2,20,1,1,Wrong,0.0710079161634643,round,,D_local,S_final,10,10,22
deepseek-v3.2-think,S2,20,1,2,Wrong,0.0522351392801546,round,,D_local,S_final,10,10,22
deepseek-v3.2-think,S2,20,1,3,Wrong,0.1219280390021925,round,,D_local,S_final,10,10,22
deepseek-v3.2-think,S2,21,1,1,Correct,0.1060500821279447,round,,D_local,S_final,10,10,22
deepseek-v3.2-think,S2,21,1,2,Correct,0.1006023881505012,round,,D_local,S_final,10,10,22
deepseek-v3.2-think,S2,21,1,3,Correct,0.1243091903139737,round,,D_local,S_final,10,10,22
deepseek-v3.2-think,S2,22,1,1,Correct,0.0429668298317983,round,,D_local,S_final,10,10,22
deepseek-v3.2-think,S2,22,1,2,Correct,0.0282270333789648,round,,D_local,S_final,10,10,22
deepseek-v3.2-think,S2,22,1,3,Correct,0.0267353907012783,round,,D_local,S_final,10,10,22
deepseek-v3.2-think,S2,23,1,1,Correct,0.0444386910228387,round,,D_local,S_final,10,10,22
deepseek-v3.2-think,S2,23,1,2,Correct,0.0870905627037849,round,,D_local,S_final,10,10,22
deepseek-v3.2-think,S2,23,1,3,Correct,0.0592746453051521,round,,D_local,S_final,10,10,22
deepseek-v3.2-think,S2,24,1,1,Correct,0.0322559542609995,round,,D_local,S_final,10,10,22
deepseek-v3.2-think,S2,24,1,2,Correct,0.0223045493531326,round,,D_local,S_final,10,10,22
deepseek-v3.2-think,S2,24,1,3,Correct,0.0482759042492767,round,,D_local,S_final,10,10,22
deepseek-v3.2-think,S2,25,1,1,Wrong,-0.0726304480058492,round,,D_local,S_final,10,10,22
deepseek-v3.2-think,S2,25,1,2,Wrong,-0.0817833773441298,round,,D_local,S_final,10,10,22
deepseek-v3.2-think,S2,25,1,3,Wrong,-0.0223104502272958,round,,D_local,S_final,10,10,22
deepseek-v3.2-think,S2,25,2,1,Correct,0.0793048392551292,round,,D_local,S_final,10,10,22
deepseek-v3.2-think,S2,25,2,2,Correct,0.0563477178766376,round,,D_local,S_final,10,10,22
deepseek-v3.2-think,S2,25,2,3,Correct,0.0877508564922506,round,,D_local,S_final,10,10,22
deepseek-v3.2-think,S2,26,1,1,Correct,0.0662523721927418,round,,D_local,S_final,10,10,22
deepseek-v3.2-think,S2,26,1,2,Correct,0.0822570461201904,round,,D_local,S_final,10,10,22
deepseek-v3.2-think,S2,26,1,3,Correct,0.0877498461389166,round,,D_local,S_final,10,10,22
deepseek-v3.2-think,S2,26,2,1,Correct,-0.0542349033219548,round,,D_local,S_final,10,10,22
deepseek-v3.2-think,S2,26,2,2,Correct,-0.0454380063434103,round,,D_local,S_final,10,10,22
deepseek-v3.2-think,S2,26,2,3,Correct,-0.0544394700356972,round,,D_local,S_final,10,10,22
deepseek-v3.2-think,S2,26,3,1,Correct,0.0108188158183795,round,,D_local,S_final,10,10,22
deepseek-v3.2-think,S2,26,3,2,Correct,-0.0261111983184612,round,,D_local,S_final,10,10,22
deepseek-v3.2-think,S2,26,3,3,Correct,-0.0178235456126166,round,,D_local,S_final,10,10,22
deepseek-v3.2-think,S2,26,4,1,Correct,0.1296120429812594,round,,D_local,S_final,10,10,22
deepseek-v3.2-think,S2,26,4,2,Correct,0.1192814521340734,round,,D_local,S_final,10,10,22
deepseek-v3.2-think,S2,26,4,3,Correct,0.1418575748967526,round,,D_local,S_final,10,10,22
deepseek-v3.2-think,S2,27,1,1,Correct,0.064131942582751,round,,D_local,S_final,10,10,22
deepseek-v3.2-think,S2,27,1,2,Correct,0.0841240167808562,round,,D_local,S_final,10,10,22
deepseek-v3.2-think,S2,27,1,3,Correct,0.0301170468103951,round,,D_local,S_final,10,10,22
deepseek-v3.2-think,S2,27,2,1,Correct,-0.033336050348441,round,,D_local,S_final,10,10,22
deepseek-v3.2-think,S2,27,2,2,Correct,-0.0063002261598494,round,,D_local,S_final,10,10,22
deepseek-v3.2-think,S2,27,2,3,Correct,-0.0059154341802241,round,,D_local,S_final,10,10,22
deepseek-v3.2-think,S2,27,3,1,Correct,-0.0017086072029887,round,,D_local,S_final,10,10,22
deepseek-v3.2-think,S2,27,3,2,Correct,0.0219137075836953,round,,D_local,S_final,10,10,22
deepseek-v3.2-think,S2,27,3,3,Correct,-0.0100978895337653,round,,D_local,S_final,10,10,22
deepseek-v3.2-think,S2,27,4,1,Correct,0.171229324395747,round,,D_local,S_final,10,10,22
deepseek-v3.2-think,S2,27,4,2,Correct,0.1699981927496897,round,,D_local,S_final,10,10,22
deepseek-v3.2-think,S2,27,4,3,Correct,0.1966027534747207,round,,D_local,S_final,10,10,22
deepseek-v3.2-think,S2,28,1,1,Wrong,0.0132637155023398,round,,D_local,S_final,10,10,22
deepseek-v3.2-think,S2,28,1,2,Wrong,0.0346228215067737,round,,D_local,S_final,10,10,22
deepseek-v3.2-think,S2,28,1,3,Wrong,0.0473527559358619,round,,D_local,S_final,10,10,22
deepseek-v3.2-think,S2,28,2,1,Correct,-0.0236223833092011,round,,D_local,S_final,10,10,22
deepseek-v3.2-think,S2,28,2,2,Correct,-0.0340322804580304,round,,D_local,S_final,10,10,22
deepseek-v3.2-think,S2,28,2,3,Correct,-0.0462243650466934,round,,D_local,S_final,10,10,22
deepseek-v3.2-think,S2,29,1,1,Correct,0.1060931248749349,round,,D_local,S_final,10,10,22
deepseek-v3.2-think,S2,29,1,2,Correct,0.1058922102814202,round,,D_local,S_final,10,10,22
deepseek-v3.2-think,S2,29,1,3,Wrong,0.1312612981022846,round,,D_local,S_final,10,10,22
deepseek-v3.2-think,S2,29,2,1,Correct,-0.0706567516371994,round,,D_local,S_final,10,10,22
deepseek-v3.2-think,S2,29,2,2,Correct,-0.0672860584987282,round,,D_local,S_final,10,10,22
deepseek-v3.2-think,S2,29,2,3,Correct,-0.0765172374899892,round,,D_local,S_final,10,10,22
deepseek-v3.2-think,S2,30,1,1,Correct,0.0480302812783302,round,,D_local,S_final,10,10,22
deepseek-v3.2-think,S2,30,1,2,Correct,0.0551274453767437,round,,D_local,S_final,10,10,22
deepseek-v3.2-think,S2,30,1,3,Correct,0.0920637722211633,round,,D_local,S_final,10,10,22
deepseek-v3.2-think,S2,30,2,1,Wrong,-0.0864924350040958,round,,D_local,S_final,10,10,22
deepseek-v3.2-think,S2,30,2,2,Correct,-0.0605928875027065,round,,D_local,S_final,10,10,22
deepseek-v3.2-think,S2,30,2,3,Correct,-0.082818740309399,round,,D_local,S_final,10,10,22
deepseek-v3.2-think,S2,31,1,1,Correct,0.1356210088884558,round,,D_local,S_final,10,10,22
deepseek-v3.2-think,S2,31,1,2,Correct,0.1264390990037118,round,,D_local,S_final,10,10,22
deepseek-v3.2-think,S2,31,1,3,Correct,0.1365725765134782,round,,D_local,S_final,10,10,22
deepseek-v3.2-think,S2,32,1,1,Wrong,0.0186718293212748,round,,D_local,S_final,10,10,22
deepseek-v3.2-think,S2,32,1,2,Wrong,0.0188893422707636,round,,D_local,S_final,10,10,22
deepseek-v3.2-think,S2,32,1,3,Wrong,0.0398762423825652,round,,D_local,S_final,10,10,22
deepseek-v3.2-think,S2,33,1,1,Correct,0.0491637361031048,round,,D_local,S_final,10,10,22
deepseek-v3.2-think,S2,33,1,2,Correct,0.0831408405072986,round,,D_local,S_final,10,10,22
deepseek-v3.2-think,S2,33,1,3,Correct,0.0398580243531804,round,,D_local,S_final,10,10,22
deepseek-v3.2-think,S2,34,1,1,Correct,-0.0045032909509727,round,,D_local,S_final,10,10,22
deepseek-v3.2-think,S2,34,1,2,Correct,-0.0072593291837939,round,,D_local,S_final,10,10,22
deepseek-v3.2-think,S2,34,1,3,Wrong,0.0198860968047561,round,,D_local,S_final,10,10,22
deepseek-v3.2-think,S2,35,1,1,Wrong,0.0244534372424232,round,,D_local,S_final,10,10,22
deepseek-v3.2-think,S2,35,1,2,Wrong,-0.0164466478715564,round,,D_local,S_final,10,10,22
deepseek-v3.2-think,S2,35,1,3,Wrong,0.0418096003654337,round,,D_local,S_final,10,10,22
deepseek-v3.2-think,S2,36,1,1,Wrong,0.1065212263039051,round,,D_local,S_final,10,10,22
deepseek-v3.2-think,S2,36,1,2,Wrong,0.0868721487478744,round,,D_local,S_final,10,10,22
deepseek-v3.2-think,S2,36,1,3,Wrong,0.1020637055373121,round,,D_local,S_final,10,10,22
deepseek-v3.2-think,S2,36,2,1,Correct,0.0617442508594132,round,,D_local,S_final,10,10,22
deepseek-v3.2-think,S2,36,2,2,Correct,0.0361740425981665,round,,D_local,S_final,10,10,22
deepseek-v3.2-think,S2,36,2,3,Correct,0.0645649533446317,round,,D_local,S_final,10,10,22
deepseek-v3.2-think,S2,36,3,1,Correct,-0.0178695946703937,round,,D_local,S_final,10,10,22
deepseek-v3.2-think,S2,36,3,2,Correct,-9.38595625110672e-06,round,,D_local,S_final,10,10,22
deepseek-v3.2-think,S2,36,3,3,Correct,-0.0112526867209761,round,,D_local,S_final,10,10,22
deepseek-v3.2-think,S2,37,1,1,Correct,0.0128997973436985,round,,D_local,S_final,10,10,22
deepseek-v3.2-think,S2,37,1,2,Correct,-0.0081636612700219,round,,D_local,S_final,10,10,22
deepseek-v3.2-think,S2,37,1,3,Correct,-0.0168496154057778,round,,D_local,S_final,10,10,22
deepseek-v3.2-think,S2,37,2,1,Wrong,0.070232449112627,round,,D_local,S_final,10,10,22
deepseek-v3.2-think,S2,37,2,2,Wrong,0.0895051256670889,round,,D_local,S_final,10,10,22
deepseek-v3.2-think,S2,37,2,3,Wrong,0.0603993692911083,round,,D_local,S_final,10,10,22
deepseek-v3.2-think,S2,38,1,1,Correct,-0.1043524601770858,round,,D_local,S_final,10,10,22
deepseek-v3.2-think,S2,38,1,2,Correct,-0.0836974014786441,round,,D_local,S_final,10,10,22
deepseek-v3.2-think,S2,38,1,3,Correct,-0.1174516494763472,round,,D_local,S_final,10,10,22
deepseek-v3.2-think,S2,38,2,1,Wrong,-0.1140405364836877,round,,D_local,S_final,10,10,22
deepseek-v3.2-think,S2,38,2,2,Wrong,-0.0981144188771522,round,,D_local,S_final,10,10,22
deepseek-v3.2-think,S2,38,2,3,Wrong,-0.0959579699692052,round,,D_local,S_final,10,10,22
deepseek-v3.2-think,S2,39,1,1,Wrong,-0.0491123574493563,round,,D_local,S_final,10,10,22
deepseek-v3.2-think,S2,39,1,2,Wrong,-0.0465532227035569,round,,D_local,S_final,10,10,22
deepseek-v3.2-think,S2,39,1,3,Wrong,-0.044069083034655,round,,D_local,S_final,10,10,22
deepseek-v3.2-think,S2,39,2,1,Correct,0.1501313755751979,round,,D_local,S_final,10,10,22
deepseek-v3.2-think,S2,39,2,2,Correct,0.1487937570758176,round,,D_local,S_final,10,10,22
deepseek-v3.2-think,S2,39,2,3,Correct,0.1371524279948132,round,,D_local,S_final,10,10,22
deepseek-v3.2-think,S2,40,1,1,Correct,0.0776899623312469,round,,D_local,S_final,10,10,22
deepseek-v3.2-think,S2,40,1,2,Correct,0.0771453341518489,round,,D_local,S_final,10,10,22
deepseek-v3.2-think,S2,40,1,3,Wrong,0.0862976766518837,round,,D_local,S_final,10,10,22
deepseek-v3.2-think,S2,40,2,1,Wrong,0.1160524957370167,round,,D_local,S_final,10,10,22
deepseek-v3.2-think,S2,40,2,2,Wrong,0.1065041513156812,round,,D_local,S_final,10,10,22
deepseek-v3.2-think,S2,40,2,3,Correct,0.0943936241786371,round,,D_local,S_final,10,10,22
deepseek-v3.2-think,S2,40,3,1,Correct,0.0874262499870893,round,,D_local,S_final,10,10,22
deepseek-v3.2-think,S2,40,3,2,Correct,0.0080069701093473,round,,D_local,S_final,10,10,22
deepseek-v3.2-think,S2,40,3,3,Correct,0.0587894787768371,round,,D_local,S_final,10,10,22
deepseek-v3.2-think,S2,40,4,1,Wrong,0.0443835923785097,round,,D_local,S_final,10,10,22
deepseek-v3.2-think,S2,40,4,2,Wrong,0.0748365681920084,round,,D_local,S_final,10,10,22
deepseek-v3.2-think,S2,40,4,3,Wrong,0.0072375214736024,round,,D_local,S_final,10,10,22
deepseek-v3.2-think,S2,40,5,1,Wrong,0.037216098831883,round,,D_local,S_final,10,10,22
deepseek-v3.2-think,S2,40,5,2,Wrong,0.0558861339689158,round,,D_local,S_final,10,10,22
deepseek-v3.2-think,S2,40,5,3,Wrong,0.0628844985519967,round,,D_local,S_final,10,10,22
deepseek-v3.2-think,S2,40,6,1,Correct,0.041014272173916,round,,D_local,S_final,10,10,22
deepseek-v3.2-think,S2,40,6,2,Correct,0.0340586829945539,round,,D_local,S_final,10,10,22
deepseek-v3.2-think,S2,40,6,3,Correct,-0.0117489173405029,round,,D_local,S_final,10,10,22
deepseek-v3.2-think,S2,41,1,1,Correct,0.0965451619794069,round,,D_local,S_final,10,10,22
deepseek-v3.2-think,S2,41,1,2,Correct,0.0993072783281412,round,,D_local,S_final,10,10,22
deepseek-v3.2-think,S2,41,1,3,Correct,0.0977366334240851,round,,D_local,S_final,10,10,22
deepseek-v3.2-think,S2,42,1,1,Wrong,-0.0559406892337809,round,,D_local,S_final,10,10,22
deepseek-v3.2-think,S2,42,1,2,Wrong,-0.0362956990271319,round,,D_local,S_final,10,10,22
deepseek-v3.2-think,S2,42,1,3,Wrong,-0.0441373687703362,round,,D_local,S_final,10,10,22
deepseek-v3.2-think,S2,43,1,1,Wrong,-0.0261411412355159,round,,D_local,S_final,10,10,22
deepseek-v3.2-think,S2,43,1,2,Wrong,-0.0424131705663927,round,,D_local,S_final,10,10,22
deepseek-v3.2-think,S2,43,1,3,Wrong,-0.0381962700546394,round,,D_local,S_final,10,10,22
deepseek-v3.2-think,S2,44,1,1,Correct,0.0998544916043427,round,,D_local,S_final,10,10,22
deepseek-v3.2-think,S2,44,1,2,Correct,0.1260180510569841,round,,D_local,S_final,10,10,22
deepseek-v3.2-think,S2,44,1,3,Correct,0.0732501458334812,round,,D_local,S_final,10,10,22
deepseek-v3.2-think,S2,45,1,1,Correct,0.10903888538665,round,,D_local,S_final,10,10,22
deepseek-v3.2-think,S2,45,1,2,Correct,0.1259427051677054,round,,D_local,S_final,10,10,22
deepseek-v3.2-think,S2,45,1,3,Correct,0.1144821148951596,round,,D_local,S_final,10,10,22
deepseek-v3.2-think,S2,45,2,1,Wrong,-0.0189769004459571,round,,D_local,S_final,10,10,22
deepseek-v3.2-think,S2,45,2,2,Wrong,-0.065830589049704,round,,D_local,S_final,10,10,22
deepseek-v3.2-think,S2,45,2,3,Correct,0.0155263597961021,round,,D_local,S_final,10,10,22
deepseek-v3.2-think,S2,45,3,1,Wrong,-0.0492870989037379,round,,D_local,S_final,10,10,22
deepseek-v3.2-think,S2,45,3,2,Wrong,-0.0495771479300218,round,,D_local,S_final,10,10,22
deepseek-v3.2-think,S2,45,3,3,Wrong,-0.0603831345804004,round,,D_local,S_final,10,10,22
deepseek-v3.2-think,S2,46,1,1,Correct,0.1031690793432353,round,,D_local,S_final,10,10,22
deepseek-v3.2-think,S2,46,1,2,Correct,0.0648984497903715,round,,D_local,S_final,10,10,22
deepseek-v3.2-think,S2,46,1,3,Correct,0.1136492973993129,round,,D_local,S_final,10,10,22
deepseek-v3.2-think,S2,46,2,1,Correct,0.087364416089397,round,,D_local,S_final,10,10,22
deepseek-v3.2-think,S2,46,2,2,Correct,0.0502827523627955,round,,D_local,S_final,10,10,22
deepseek-v3.2-think,S2,46,2,3,Correct,0.0590101388019154,round,,D_local,S_final,10,10,22
deepseek-v3.2-think,S2,47,1,1,Correct,0.1073961698942224,round,,D_local,S_final,10,10,22
deepseek-v3.2-think,S2,47,1,2,Correct,0.1125634276941417,round,,D_local,S_final,10,10,22
deepseek-v3.2-think,S2,47,1,3,Correct,0.1360139151320877,round,,D_local,S_final,10,10,22
deepseek-v3.2-think,S2,47,2,1,Correct,0.0421968094153748,round,,D_local,S_final,10,10,22
deepseek-v3.2-think,S2,47,2,2,Correct,0.04521869535746,round,,D_local,S_final,10,10,22
deepseek-v3.2-think,S2,47,2,3,Correct,0.0523818331682158,round,,D_local,S_final,10,10,22
deepseek-v3.2-think,S2,48,1,1,Wrong,0.0798867304041128,round,,D_local,S_final,10,10,22
deepseek-v3.2-think,S2,48,1,2,Wrong,0.0787487550973495,round,,D_local,S_final,10,10,22
deepseek-v3.2-think,S2,48,1,3,Wrong,0.0572667492172936,round,,D_local,S_final,10,10,22
deepseek-v3.2-think,S2,48,2,1,Correct,-0.0218361871051183,round,,D_local,S_final,10,10,22
deepseek-v3.2-think,S2,48,2,2,Correct,0.0021848543759681,round,,D_local,S_final,10,10,22
deepseek-v3.2-think,S2,48,2,3,Correct,-0.0232845265356176,round,,D_local,S_final,10,10,22
deepseek-v3.2-think,S2,49,1,1,Correct,-0.0025351081174854,round,,D_local,S_final,10,10,22
deepseek-v3.2-think,S2,49,1,2,Correct,0.0031126764525112,round,,D_local,S_final,10,10,22
deepseek-v3.2-think,S2,49,1,3,Correct,0.0335658763757165,round,,D_local,S_final,10,10,22
deepseek-v3.2-think,S2,50,1,1,Correct,-0.0038077750685118,round,,D_local,S_final,10,10,22
deepseek-v3.2-think,S2,50,1,2,Correct,-0.0086457535386574,round,,D_local,S_final,10,10,22
deepseek-v3.2-think,S2,50,1,3,Correct,-0.0313816751431008,round,,D_local,S_final,10,10,22
deepseek-v3.2-think,S2,51,1,1,Correct,0.1162478257888328,round,,D_local,S_final,10,10,22
deepseek-v3.2-think,S2,51,1,2,Correct,0.0857739935227882,round,,D_local,S_final,10,10,22
deepseek-v3.2-think,S2,51,1,3,Correct,0.1321368851287599,round,,D_local,S_final,10,10,22
deepseek-v3.2-think,S2,52,1,1,Wrong,0.1626279402184706,round,,D_local,S_final,10,10,22
deepseek-v3.2-think,S2,52,1,2,Correct,0.1414856065050094,round,,D_local,S_final,10,10,22
deepseek-v3.2-think,S2,52,1,3,Correct,0.1363523184756111,round,,D_local,S_final,10,10,22
deepseek-v3.2-think,S2,53,1,1,Correct,-0.0454953491810968,round,,D_local,S_final,10,10,22
deepseek-v3.2-think,S2,53,1,2,Correct,0.0395677592543595,round,,D_local,S_final,10,10,22
deepseek-v3.2-think,S2,53,1,3,Correct,0.0258988411333517,round,,D_local,S_final,10,10,22
deepseek-v3.2-think,S2,53,2,1,Correct,0.0991141700456161,round,,D_local,S_final,10,10,22
deepseek-v3.2-think,S2,53,2,2,Correct,0.0916876482351353,round,,D_local,S_final,10,10,22
deepseek-v3.2-think,S2,53,2,3,Correct,0.0815608894345999,round,,D_local,S_final,10,10,22
deepseek-v3.2-think,S2,54,1,1,Correct,-0.1165151585361072,round,,D_local,S_final,10,10,22
deepseek-v3.2-think,S2,54,1,2,Correct,-0.0792965504615825,round,,D_local,S_final,10,10,22
deepseek-v3.2-think,S2,54,1,3,Correct,-0.0772298451171563,round,,D_local,S_final,10,10,22
deepseek-v3.2-think,S2,54,2,1,Correct,0.1209593057705579,round,,D_local,S_final,10,10,22
deepseek-v3.2-think,S2,54,2,2,Correct,0.1069413089990733,round,,D_local,S_final,10,10,22
deepseek-v3.2-think,S2,54,2,3,Correct,0.095607778684395,round,,D_local,S_final,10,10,22
deepseek-v3.2-think,S2,55,1,1,Correct,-0.0496872635686306,round,,D_local,S_final,10,10,22
deepseek-v3.2-think,S2,55,1,2,Correct,0.0028307449866594,round,,D_local,S_final,10,10,22
deepseek-v3.2-think,S2,55,1,3,Correct,-0.0373624816588703,round,,D_local,S_final,10,10,22
deepseek-v3.2-think,S2,55,2,1,Correct,0.1259004873528975,round,,D_local,S_final,10,10,22
deepseek-v3.2-think,S2,55,2,2,Correct,0.1157875218703167,round,,D_local,S_final,10,10,22
deepseek-v3.2-think,S2,55,2,3,Correct,0.1394305454804809,round,,D_local,S_final,10,10,22
deepseek-v3.2-think,S2,56,1,1,Wrong,-0.0269631166180734,round,,D_local,S_final,10,10,22
deepseek-v3.2-think,S2,56,1,2,Wrong,-0.0384341560796643,round,,D_local,S_final,10,10,22
deepseek-v3.2-think,S2,56,1,3,Wrong,-0.0434368421772234,round,,D_local,S_final,10,10,22
deepseek-v3.2-think,S2,56,2,1,Correct,0.0122663203865067,round,,D_local,S_final,10,10,22
deepseek-v3.2-think,S2,56,2,2,Wrong,0.0069576195165405,round,,D_local,S_final,10,10,22
deepseek-v3.2-think,S2,56,2,3,Wrong,0.0344804490203691,round,,D_local,S_final,10,10,22
deepseek-v3.2-think,S2,57,1,1,Correct,-0.0719722490099114,round,,D_local,S_final,10,10,22
deepseek-v3.2-think,S2,57,1,2,Correct,-0.0765992925337917,round,,D_local,S_final,10,10,22
deepseek-v3.2-think,S2,57,1,3,Correct,-0.1059178977401966,round,,D_local,S_final,10,10,22
deepseek-v3.2-think,S2,57,2,1,Wrong,-0.1379456103480277,round,,D_local,S_final,10,10,22
deepseek-v3.2-think,S2,57,2,2,Wrong,-0.2258830506641873,round,,D_local,S_final,10,10,22
deepseek-v3.2-think,S2,57,2,3,Wrong,-0.0827704432463685,round,,D_local,S_final,10,10,22
deepseek-v3.2-think,S2,58,1,1,Correct,0.0122392966823441,round,,D_local,S_final,10,10,22
deepseek-v3.2-think,S2,58,1,2,Correct,0.0146099341548288,round,,D_local,S_final,10,10,22
deepseek-v3.2-think,S2,58,1,3,Correct,0.0135202780326194,round,,D_local,S_final,10,10,22
deepseek-v3.2-think,S2,58,2,1,Correct,0.0224342924223496,round,,D_local,S_final,10,10,22
deepseek-v3.2-think,S2,58,2,2,Correct,0.0472248686510382,round,,D_local,S_final,10,10,22
deepseek-v3.2-think,S2,58,2,3,Correct,0.0625754570921148,round,,D_local,S_final,10,10,22
deepseek-v3.2-think,S2,59,1,1,Correct,-0.0653575832930172,round,,D_local,S_final,10,10,22
deepseek-v3.2-think,S2,59,1,2,Correct,-0.0227636791403468,round,,D_local,S_final,10,10,22
deepseek-v3.2-think,S2,59,1,3,Correct,-0.0275913380872463,round,,D_local,S_final,10,10,22
deepseek-v3.2-think,S2,59,2,1,Correct,0.086059496117208,round,,D_local,S_final,10,10,22
deepseek-v3.2-think,S2,59,2,2,Correct,0.0862571010140067,round,,D_local,S_final,10,10,22
deepseek-v3.2-think,S2,59,2,3,Correct,0.065712135263904,round,,D_local,S_final,10,10,22
deepseek-v3.2-think,S2,60,1,1,Correct,-0.0794942611917025,round,,D_local,S_final,10,10,22
deepseek-v3.2-think,S2,60,1,2,Correct,-0.0841694534109042,round,,D_local,S_final,10,10,22
deepseek-v3.2-think,S2,60,1,3,Correct,-0.0741245590683481,round,,D_local,S_final,10,10,22
deepseek-v3.2-think,S2,60,2,1,Correct,0.0980232018390627,round,,D_local,S_final,10,10,22
deepseek-v3.2-think,S2,60,2,2,Correct,0.0854478497054765,round,,D_local,S_final,10,10,22
deepseek-v3.2-think,S2,60,2,3,Correct,0.1120449050395241,round,,D_local,S_final,10,10,22
deepseek-v3.2-think,S2,61,1,1,Correct,-0.0773421860140963,round,,D_local,S_final,10,10,22
deepseek-v3.2-think,S2,61,1,2,Correct,-0.0743888012329029,round,,D_local,S_final,10,10,22
deepseek-v3.2-think,S2,61,1,3,Correct,-0.093588374641985,round,,D_local,S_final,10,10,22
deepseek-v3.2-think,S2,61,2,1,Correct,0.088799507334537,round,,D_local,S_final,10,10,22
deepseek-v3.2-think,S2,61,2,2,Correct,0.0830113907786992,round,,D_local,S_final,10,10,22
deepseek-v3.2-think,S2,61,2,3,Correct,0.1032699583947699,round,,D_local,S_final,10,10,22
deepseek-v3.2-think,S2,62,1,1,Correct,0.0276900573920388,round,,D_local,S_final,10,10,22
deepseek-v3.2-think,S2,62,1,2,Correct,-0.0208807445642226,round,,D_local,S_final,10,10,22
deepseek-v3.2-think,S2,62,1,3,Correct,-0.0048013330042263,round,,D_local,S_final,10,10,22
deepseek-v3.2-think,S2,62,2,1,Correct,0.0330718253946752,round,,D_local,S_final,10,10,22
deepseek-v3.2-think,S2,62,2,2,Correct,0.0287867870246908,round,,D_local,S_final,10,10,22
deepseek-v3.2-think,S2,62,2,3,Correct,0.029905363335438,round,,D_local,S_final,10,10,22
deepseek-v3.2-think,S2,63,1,1,Correct,0.0351870717059956,round,,D_local,S_final,10,10,22
deepseek-v3.2-think,S2,63,1,2,Correct,0.0283487404709417,round,,D_local,S_final,10,10,22
deepseek-v3.2-think,S2,63,1,3,Correct,0.0296061680801319,round,,D_local,S_final,10,10,22
deepseek-v3.2-think,S2,63,2,1,Correct,0.0203059158850775,round,,D_local,S_final,10,10,22
deepseek-v3.2-think,S2,63,2,2,Correct,0.0001268834774734,round,,D_local,S_final,10,10,22
deepseek-v3.2-think,S2,63,2,3,Correct,0.0230312982286593,round,,D_local,S_final,10,10,22
deepseek-v3.2-think,S2,64,1,1,Correct,0.0125147962955298,round,,D_local,S_final,10,10,22
deepseek-v3.2-think,S2,64,1,2,Correct,0.0388944720167163,round,,D_local,S_final,10,10,22
deepseek-v3.2-think,S2,64,1,3,Correct,0.0370607084671907,round,,D_local,S_final,10,10,22
deepseek-v3.2-think,S2,64,2,1,Correct,0.0393309132913495,round,,D_local,S_final,10,10,22
deepseek-v3.2-think,S2,64,2,2,Correct,0.0434183695384893,round,,D_local,S_final,10,10,22
deepseek-v3.2-think,S2,64,2,3,Correct,0.0277652156069052,round,,D_local,S_final,10,10,22
deepseek-v3.2-think,S3,1,1,1,Correct,0.1504217691149587,round,,D_local,S_final,10,10,22
deepseek-v3.2-think,S3,1,1,2,Correct,0.1157469325009035,round,,D_local,S_final,10,10,22
deepseek-v3.2-think,S3,1,1,3,Correct,0.147420724589491,round,,D_local,S_final,10,10,22
deepseek-v3.2-think,S3,1,2,1,Correct,0.0382549550050277,round,,D_local,S_final,10,10,22
deepseek-v3.2-think,S3,1,2,2,Correct,0.0465639219845652,round,,D_local,S_final,10,10,22
deepseek-v3.2-think,S3,1,2,3,Correct,0.0214803663786762,round,,D_local,S_final,10,10,22
deepseek-v3.2-think,S3,1,3,1,Correct,-0.005167281003696,round,,D_local,S_final,10,10,22
deepseek-v3.2-think,S3,1,3,2,Correct,-0.0327563818387137,round,,D_local,S_final,10,10,22
deepseek-v3.2-think,S3,1,3,3,Correct,-0.0145337583896635,round,,D_local,S_final,10,10,22
deepseek-v3.2-think,S3,1,4,1,Correct,0.0725492739382502,round,,D_local,S_final,10,10,22
deepseek-v3.2-think,S3,1,4,2,Wrong,0.0630852629757344,round,,D_local,S_final,10,10,22
deepseek-v3.2-think,S3,1,4,3,Correct,0.055750091773851,round,,D_local,S_final,10,10,22
deepseek-v3.2-think,S3,1,5,1,Correct,0.111114759910796,round,,D_local,S_final,10,10,22
deepseek-v3.2-think,S3,1,5,2,Correct,0.0260851744181838,round,,D_local,S_final,10,10,22
deepseek-v3.2-think,S3,1,5,3,Correct,0.0683786126137158,round,,D_local,S_final,10,10,22
deepseek-v3.2-think,S3,2,1,1,Correct,0.223601123845706,round,,D_local,S_final,10,10,22
deepseek-v3.2-think,S3,2,1,2,Correct,0.2265072815285906,round,,D_local,S_final,10,10,22
deepseek-v3.2-think,S3,2,1,3,Correct,0.2237865261944074,round,,D_local,S_final,10,10,22
deepseek-v3.2-think,S3,3,1,1,Correct,0.2013049920521823,round,,D_local,S_final,10,10,22
deepseek-v3.2-think,S3,3,1,2,Correct,0.2703458188040129,round,,D_local,S_final,10,10,22
deepseek-v3.2-think,S3,3,1,3,Correct,0.2202681665925071,round,,D_local,S_final,10,10,22
deepseek-v3.2-think,S3,3,2,1,Wrong,0.2185480131808753,round,,D_local,S_final,10,10,22
deepseek-v3.2-think,S3,3,2,2,Correct,0.2470010517419499,round,,D_local,S_final,10,10,22
deepseek-v3.2-think,S3,3,2,3,Correct,0.2404411536715796,round,,D_local,S_final,10,10,22
deepseek-v3.2-think,S3,4,1,1,Wrong,0.123207228353382,round,,D_local,S_final,10,10,22
deepseek-v3.2-think,S3,4,1,2,Wrong,0.1241783295951233,round,,D_local,S_final,10,10,22
deepseek-v3.2-think,S3,4,1,3,Wrong,0.1183529995814243,round,,D_local,S_final,10,10,22
deepseek-v3.2-think,S3,4,2,1,Wrong,0.0915825159694236,round,,D_local,S_final,10,10,22
deepseek-v3.2-think,S3,4,2,2,Wrong,0.0872046638806015,round,,D_local,S_final,10,10,22
deepseek-v3.2-think,S3,4,2,3,Wrong,0.0932900935483362,round,,D_local,S_final,10,10,22
deepseek-v3.2-think,S3,4,3,1,Wrong,0.0505834349464709,round,,D_local,S_final,10,10,22
deepseek-v3.2-think,S3,4,3,2,Correct,0.0571251611454932,round,,D_local,S_final,10,10,22
deepseek-v3.2-think,S3,4,3,3,Correct,0.0580052405373584,round,,D_local,S_final,10,10,22
deepseek-v3.2-think,S3,5,1,1,Wrong,0.0582492231982789,round,,D_local,S_final,10,10,22
deepseek-v3.2-think,S3,5,1,2,Wrong,0.0678280687920849,round,,D_local,S_final,10,10,22
deepseek-v3.2-think,S3,5,1,3,Wrong,0.0909177567458092,round,,D_local,S_final,10,10,22
deepseek-v3.2-think,S3,5,2,1,Correct,0.0763794012127994,round,,D_local,S_final,10,10,22
deepseek-v3.2-think,S3,5,2,2,Correct,0.0849031299949845,round,,D_local,S_final,10,10,22
deepseek-v3.2-think,S3,5,2,3,Correct,0.0758951364119282,round,,D_local,S_final,10,10,22
deepseek-v3.2-think,S3,5,3,1,Correct,0.1033781699784482,round,,D_local,S_final,10,10,22
deepseek-v3.2-think,S3,5,3,2,Correct,0.0917857081783047,round,,D_local,S_final,10,10,22
deepseek-v3.2-think,S3,5,3,3,Correct,0.0956496885697222,round,,D_local,S_final,10,10,22
deepseek-v3.2-think,S3,6,1,1,Correct,0.1057636567513019,round,,D_local,S_final,10,10,22
deepseek-v3.2-think,S3,6,1,2,Correct,0.0962570746218398,round,,D_local,S_final,10,10,22
deepseek-v3.2-think,S3,6,1,3,Correct,0.1086262777792824,round,,D_local,S_final,10,10,22
deepseek-v3.2-think,S3,6,2,1,Wrong,0.0141634773345343,round,,D_local,S_final,10,10,22
deepseek-v3.2-think,S3,6,2,2,Wrong,0.0125802545451675,round,,D_local,S_final,10,10,22
deepseek-v3.2-think,S3,6,2,3,Wrong,0.0174003781238661,round,,D_local,S_final,10,10,22
deepseek-v3.2-think,S3,6,3,1,Correct,0.0780541837914496,round,,D_local,S_final,10,10,22
deepseek-v3.2-think,S3,6,3,2,Correct,0.0745826748592951,round,,D_local,S_final,10,10,22
deepseek-v3.2-think,S3,6,3,3,Correct,0.0709695662878425,round,,D_local,S_final,10,10,22
deepseek-v3.2-think,S3,7,1,1,Wrong,0.11937830369007,round,,D_local,S_final,10,10,22
deepseek-v3.2-think,S3,7,1,2,Wrong,0.1434210368247257,round,,D_local,S_final,10,10,22
deepseek-v3.2-think,S3,7,1,3,Wrong,0.1181116690923039,round,,D_local,S_final,10,10,22
deepseek-v3.2-think,S3,7,2,1,Wrong,0.1123495769998559,round,,D_local,S_final,10,10,22
deepseek-v3.2-think,S3,7,2,2,Wrong,0.1007832771258319,round,,D_local,S_final,10,10,22
deepseek-v3.2-think,S3,7,2,3,Wrong,0.0783349693944659,round,,D_local,S_final,10,10,22
deepseek-v3.2-think,S3,7,3,1,Wrong,-0.0124786065017662,round,,D_local,S_final,10,10,22
deepseek-v3.2-think,S3,7,3,2,Wrong,-0.0081303912085176,round,,D_local,S_final,10,10,22
deepseek-v3.2-think,S3,7,3,3,Wrong,-0.0260790630775399,round,,D_local,S_final,10,10,22
deepseek-v3.2-think,S3,7,4,1,Correct,-0.0020445464236105,round,,D_local,S_final,10,10,22
deepseek-v3.2-think,S3,7,4,2,Correct,0.0018302721049766,round,,D_local,S_final,10,10,22
deepseek-v3.2-think,S3,7,4,3,Correct,0.0548825173195627,round,,D_local,S_final,10,10,22
deepseek-v3.2-think,S3,7,5,1,Correct,0.0661014615860404,round,,D_local,S_final,10,10,22
deepseek-v3.2-think,S3,7,5,2,Correct,0.0796324764645103,round,,D_local,S_final,10,10,22
deepseek-v3.2-think,S3,7,5,3,Correct,0.0695732524007196,round,,D_local,S_final,10,10,22
deepseek-v3.2-think,S3,7,6,1,Wrong,-0.0233833662583244,round,,D_local,S_final,10,10,22
deepseek-v3.2-think,S3,7,6,2,Wrong,-0.0302545994098308,round,,D_local,S_final,10,10,22
deepseek-v3.2-think,S3,7,6,3,Wrong,-0.0235681036879061,round,,D_local,S_final,10,10,22
deepseek-v3.2-think,S3,7,7,1,Wrong,0.0501681275588379,round,,D_local,S_final,10,10,22
deepseek-v3.2-think,S3,7,7,2,Wrong,0.0852426716710254,round,,D_local,S_final,10,10,22
deepseek-v3.2-think,S3,7,7,3,Wrong,0.0547920948508008,round,,D_local,S_final,10,10,22
deepseek-v3.2-think,S3,7,8,1,Correct,0.0373017604190822,round,,D_local,S_final,10,10,22
deepseek-v3.2-think,S3,7,8,2,Correct,0.0744910109107847,round,,D_local,S_final,10,10,22
deepseek-v3.2-think,S3,7,8,3,Correct,0.0528963725174009,round,,D_local,S_final,10,10,22
deepseek-v3.2-think,S3,7,9,1,Correct,0.1064534992292558,round,,D_local,S_final,10,10,22
deepseek-v3.2-think,S3,7,9,2,Correct,0.1127927875081108,round,,D_local,S_final,10,10,22
deepseek-v3.2-think,S3,7,9,3,Correct,0.1228716153210192,round,,D_local,S_final,10,10,22
deepseek-v3.2-think,S3,7,10,1,Wrong,0.0458095652423022,round,,D_local,S_final,10,10,22
deepseek-v3.2-think,S3,7,10,2,Wrong,0.0265675838915435,round,,D_local,S_final,10,10,22
deepseek-v3.2-think,S3,7,10,3,Wrong,-0.0016976027232622,round,,D_local,S_final,10,10,22
deepseek-v3.2-think,S3,7,11,1,Wrong,0.0824706565955536,round,,D_local,S_final,10,10,22
deepseek-v3.2-think,S3,7,11,2,Wrong,0.0689742446105334,round,,D_local,S_final,10,10,22
deepseek-v3.2-think,S3,7,11,3,Wrong,0.0148183163340253,round,,D_local,S_final,10,10,22
deepseek-v3.2-think,S3,8,1,1,Correct,0.0736595287452035,round,,D_local,S_final,10,10,22
deepseek-v3.2-think,S3,8,1,2,Wrong,0.0593406323171122,round,,D_local,S_final,10,10,22
deepseek-v3.2-think,S3,8,1,3,Correct,0.0656073254039272,round,,D_local,S_final,10,10,22
deepseek-v3.2-think,S3,8,2,1,Correct,0.0355570093216238,round,,D_local,S_final,10,10,22
deepseek-v3.2-think,S3,8,2,2,Correct,0.0660360610732991,round,,D_local,S_final,10,10,22
deepseek-v3.2-think,S3,8,2,3,Correct,0.0386564553870725,round,,D_local,S_final,10,10,22
deepseek-v3.2-think,S3,8,3,1,Wrong,0.0512294331204031,round,,D_local,S_final,10,10,22
deepseek-v3.2-think,S3,8,3,2,Wrong,0.0174858073428093,round,,D_local,S_final,10,10,22
deepseek-v3.2-think,S3,8,3,3,Wrong,0.0177272278946487,round,,D_local,S_final,10,10,22
deepseek-v3.2-think,S3,8,4,1,Wrong,-0.0127354213278728,round,,D_local,S_final,10,10,22
deepseek-v3.2-think,S3,8,4,2,Wrong,-0.029718756734558,round,,D_local,S_final,10,10,22
deepseek-v3.2-think,S3,8,4,3,Wrong,-0.0545645816004088,round,,D_local,S_final,10,10,22
deepseek-v3.2-think,S3,9,1,1,Correct,0.0533129456723385,round,,D_local,S_final,10,10,22
deepseek-v3.2-think,S3,9,1,2,Correct,0.0510923523789338,round,,D_local,S_final,10,10,22
deepseek-v3.2-think,S3,9,1,3,Correct,0.0574523145417281,round,,D_local,S_final,10,10,22
deepseek-v3.2-think,S3,9,2,1,Wrong,0.0656537167442942,round,,D_local,S_final,10,10,22
deepseek-v3.2-think,S3,9,2,2,Wrong,0.0365325521933209,round,,D_local,S_final,10,10,22
deepseek-v3.2-think,S3,9,2,3,Correct,0.0854255866931785,round,,D_local,S_final,10,10,22
deepseek-v3.2-think,S3,9,3,1,Correct,0.0429924208768111,round,,D_local,S_final,10,10,22
deepseek-v3.2-think,S3,9,3,2,Correct,0.0643448984810224,round,,D_local,S_final,10,10,22
deepseek-v3.2-think,S3,9,3,3,Correct,0.0768150145710164,round,,D_local,S_final,10,10,22
deepseek-v3.2-think,S3,10,1,1,Wrong,0.0844410924303357,round,,D_local,S_final,10,10,22
deepseek-v3.2-think,S3,10,1,2,Wrong,0.0842484105922823,round,,D_local,S_final,10,10,22
deepseek-v3.2-think,S3,10,1,3,Wrong,0.0906052597871872,round,,D_local,S_final,10,10,22
deepseek-v3.2-think,S3,10,2,1,Wrong,0.127616934325047,round,,D_local,S_final,10,10,22
deepseek-v3.2-think,S3,10,2,2,Wrong,0.0948313338553767,round,,D_local,S_final,10,10,22
deepseek-v3.2-think,S3,10,2,3,Wrong,0.1118482561256939,round,,D_local,S_final,10,10,22
deepseek-v3.2-think,S3,11,1,1,Correct,0.0016608748228715,round,,D_local,S_final,10,10,22
deepseek-v3.2-think,S3,11,1,2,Wrong,-0.0047623347652158,round,,D_local,S_final,10,10,22
deepseek-v3.2-think,S3,11,1,3,Wrong,-0.034033673987914,round,,D_local,S_final,10,10,22
deepseek-v3.2-think,S3,12,1,1,Correct,0.011954154120982,round,,D_local,S_final,10,10,22
deepseek-v3.2-think,S3,12,1,2,Correct,0.0261662920995083,round,,D_local,S_final,10,10,22
deepseek-v3.2-think,S3,12,1,3,Correct,0.0381689986003744,round,,D_local,S_final,10,10,22
deepseek-v3.2-think,S3,13,1,1,Correct,0.199989588228751,round,,D_local,S_final,10,10,22
deepseek-v3.2-think,S3,13,1,2,Correct,0.1824636352660973,round,,D_local,S_final,10,10,22
deepseek-v3.2-think,S3,13,1,3,Correct,0.1570233789809136,round,,D_local,S_final,10,10,22
deepseek-v3.2-think,S3,13,2,1,Wrong,0.0084579595554178,round,,D_local,S_final,10,10,22
deepseek-v3.2-think,S3,13,2,2,Wrong,-0.0144833433681402,round,,D_local,S_final,10,10,22
deepseek-v3.2-think,S3,13,2,3,Wrong,-0.0049561696899339,round,,D_local,S_final,10,10,22
deepseek-v3.2-think,S3,13,3,1,Correct,0.0273233056273315,round,,D_local,S_final,10,10,22
deepseek-v3.2-think,S3,13,3,2,Correct,0.03222116795063,round,,D_local,S_final,10,10,22
deepseek-v3.2-think,S3,13,3,3,Correct,0.0401184458542859,round,,D_local,S_final,10,10,22
deepseek-v3.2-think,S3,14,1,1,Correct,0.002247568221292,round,,D_local,S_final,10,10,22
deepseek-v3.2-think,S3,14,1,2,Correct,0.0592153172211346,round,,D_local,S_final,10,10,22
deepseek-v3.2-think,S3,14,1,3,Correct,0.0920892518469951,round,,D_local,S_final,10,10,22
deepseek-v3.2-think,S3,15,1,1,Wrong,-0.0886678513794393,round,,D_local,S_final,10,10,22
deepseek-v3.2-think,S3,15,1,2,Wrong,-0.0455826789091002,round,,D_local,S_final,10,10,22
deepseek-v3.2-think,S3,15,1,3,Wrong,-0.0862336162081601,round,,D_local,S_final,10,10,22
deepseek-v3.2-think,S3,16,1,1,Correct,0.1174431143961882,round,,D_local,S_final,10,10,22
deepseek-v3.2-think,S3,16,1,2,Correct,0.1261840984698052,round,,D_local,S_final,10,10,22
deepseek-v3.2-think,S3,16,1,3,Correct,0.1776402642782891,round,,D_local,S_final,10,10,22
deepseek-v3.2-think,S3,17,1,1,Correct,0.0165548530807194,round,,D_local,S_final,10,10,22
deepseek-v3.2-think,S3,17,1,2,Correct,0.019244534695811,round,,D_local,S_final,10,10,22
deepseek-v3.2-think,S3,17,1,3,Correct,0.0235964069080694,round,,D_local,S_final,10,10,22
deepseek-v3.2-think,S3,18,1,1,Correct,0.1512597215846586,round,,D_local,S_final,10,10,22
deepseek-v3.2-think,S3,18,1,2,Correct,0.1548102928550119,round,,D_local,S_final,10,10,22
deepseek-v3.2-think,S3,18,1,3,Correct,0.1445087480026651,round,,D_local,S_final,10,10,22
deepseek-v3.2-think,S3,19,1,1,Correct,0.079273199036907,round,,D_local,S_final,10,10,22
deepseek-v3.2-think,S3,19,1,2,Correct,0.0034032319832557,round,,D_local,S_final,10,10,22
deepseek-v3.2-think,S3,19,1,3,Correct,0.107070022190203,round,,D_local,S_final,10,10,22
deepseek-v3.2-think,S3,20,1,1,Correct,0.1414255731472702,round,,D_local,S_final,10,10,22
deepseek-v3.2-think,S3,20,1,2,Wrong,0.1138479856315254,round,,D_local,S_final,10,10,22
deepseek-v3.2-think,S3,20,1,3,Correct,0.0951909048916911,round,,D_local,S_final,10,10,22
deepseek-v3.2-think,S3,21,1,1,Wrong,0.0706066015896149,round,,D_local,S_final,10,10,22
deepseek-v3.2-think,S3,21,1,2,Wrong,0.0785706950739557,round,,D_local,S_final,10,10,22
deepseek-v3.2-think,S3,21,1,3,Wrong,0.0629363312049959,round,,D_local,S_final,10,10,22
deepseek-v3.2-think,S3,22,1,1,Correct,0.025421757710075,round,,D_local,S_final,10,10,22
deepseek-v3.2-think,S3,22,1,2,Correct,0.0277768975977721,round,,D_local,S_final,10,10,22
deepseek-v3.2-think,S3,22,1,3,Correct,0.0311935520790482,round,,D_local,S_final,10,10,22
deepseek-v3.2-think,S3,23,1,1,Correct,0.046273707323804,round,,D_local,S_final,10,10,22
deepseek-v3.2-think,S3,23,1,2,Correct,0.059681454046048,round,,D_local,S_final,10,10,22
deepseek-v3.2-think,S3,23,1,3,Correct,0.069375152258435,round,,D_local,S_final,10,10,22
deepseek-v3.2-think,S3,24,1,1,Correct,0.0342203402202556,round,,D_local,S_final,10,10,22
deepseek-v3.2-think,S3,24,1,2,Correct,0.0256453242648192,round,,D_local,S_final,10,10,22
deepseek-v3.2-think,S3,24,1,3,Correct,0.0282270844888997,round,,D_local,S_final,10,10,22
deepseek-v3.2-think,S3,25,1,1,Wrong,-0.0351160167779885,round,,D_local,S_final,10,10,22
deepseek-v3.2-think,S3,25,1,2,Correct,-0.0495668753099307,round,,D_local,S_final,10,10,22
deepseek-v3.2-think,S3,25,1,3,Wrong,-0.0328372377353778,round,,D_local,S_final,10,10,22
deepseek-v3.2-think,S3,25,2,1,Correct,0.0724672538706535,round,,D_local,S_final,10,10,22
deepseek-v3.2-think,S3,25,2,2,Correct,0.0881944634788997,round,,D_local,S_final,10,10,22
deepseek-v3.2-think,S3,25,2,3,Correct,0.0869328855441378,round,,D_local,S_final,10,10,22
deepseek-v3.2-think,S3,26,1,1,Correct,0.0948337138916245,round,,D_local,S_final,10,10,22
deepseek-v3.2-think,S3,26,1,2,Correct,0.0753633725360247,round,,D_local,S_final,10,10,22
deepseek-v3.2-think,S3,26,1,3,Correct,0.0872589084131924,round,,D_local,S_final,10,10,22
deepseek-v3.2-think,S3,26,2,1,Correct,0.0485918578046267,round,,D_local,S_final,10,10,22
deepseek-v3.2-think,S3,26,2,2,Correct,-0.0215913070418534,round,,D_local,S_final,10,10,22
deepseek-v3.2-think,S3,26,2,3,Correct,-0.0234657342713191,round,,D_local,S_final,10,10,22
deepseek-v3.2-think,S3,26,3,1,Correct,0.0397045074995587,round,,D_local,S_final,10,10,22
deepseek-v3.2-think,S3,26,3,2,Correct,0.0394025115247897,round,,D_local,S_final,10,10,22
deepseek-v3.2-think,S3,26,3,3,Correct,0.0470764017788443,round,,D_local,S_final,10,10,22
deepseek-v3.2-think,S3,26,4,1,Correct,0.1296639092725593,round,,D_local,S_final,10,10,22
deepseek-v3.2-think,S3,26,4,2,Correct,0.1280660205368122,round,,D_local,S_final,10,10,22
deepseek-v3.2-think,S3,26,4,3,Correct,0.1374134230565693,round,,D_local,S_final,10,10,22
deepseek-v3.2-think,S3,27,1,1,Correct,0.0460002033510347,round,,D_local,S_final,10,10,22
deepseek-v3.2-think,S3,27,1,2,Correct,0.0733671427192634,round,,D_local,S_final,10,10,22
deepseek-v3.2-think,S3,27,1,3,Correct,0.068069769175168,round,,D_local,S_final,10,10,22
deepseek-v3.2-think,S3,27,2,1,Correct,-0.0267995977571087,round,,D_local,S_final,10,10,22
deepseek-v3.2-think,S3,27,2,2,Correct,-0.0282588293704257,round,,D_local,S_final,10,10,22
deepseek-v3.2-think,S3,27,2,3,Correct,-0.0186733782089588,round,,D_local,S_final,10,10,22
deepseek-v3.2-think,S3,27,3,1,Correct,-0.0040688870106806,round,,D_local,S_final,10,10,22
deepseek-v3.2-think,S3,27,3,2,Correct,-0.0129564667048052,round,,D_local,S_final,10,10,22
deepseek-v3.2-think,S3,27,3,3,Correct,-0.0540409525173277,round,,D_local,S_final,10,10,22
deepseek-v3.2-think,S3,27,4,1,Correct,0.1961965302830945,round,,D_local,S_final,10,10,22
deepseek-v3.2-think,S3,27,4,2,Correct,0.1317841443302762,round,,D_local,S_final,10,10,22
deepseek-v3.2-think,S3,27,4,3,Correct,0.1880214039487217,round,,D_local,S_final,10,10,22
deepseek-v3.2-think,S3,28,1,1,Wrong,-0.002499956877479,round,,D_local,S_final,10,10,22
deepseek-v3.2-think,S3,28,1,2,Wrong,-0.0178984617035539,round,,D_local,S_final,10,10,22
deepseek-v3.2-think,S3,28,1,3,Wrong,0.0424167081754557,round,,D_local,S_final,10,10,22
deepseek-v3.2-think,S3,28,2,1,Correct,-0.0293941229941068,round,,D_local,S_final,10,10,22
deepseek-v3.2-think,S3,28,2,2,Correct,-0.0443249297076837,round,,D_local,S_final,10,10,22
deepseek-v3.2-think,S3,28,2,3,Correct,-0.0337017849121744,round,,D_local,S_final,10,10,22
deepseek-v3.2-think,S3,29,1,1,Correct,0.1135558686179958,round,,D_local,S_final,10,10,22
deepseek-v3.2-think,S3,29,1,2,Correct,0.1199967757634142,round,,D_local,S_final,10,10,22
deepseek-v3.2-think,S3,29,1,3,Correct,0.0739580956045555,round,,D_local,S_final,10,10,22
deepseek-v3.2-think,S3,29,2,1,Correct,-0.0122219760283484,round,,D_local,S_final,10,10,22
deepseek-v3.2-think,S3,29,2,2,Correct,-0.049434126872586,round,,D_local,S_final,10,10,22
deepseek-v3.2-think,S3,29,2,3,Correct,-0.053651245953208,round,,D_local,S_final,10,10,22
deepseek-v3.2-think,S3,30,1,1,Correct,0.087651915592258,round,,D_local,S_final,10,10,22
deepseek-v3.2-think,S3,30,1,2,Correct,0.0777518643477861,round,,D_local,S_final,10,10,22
deepseek-v3.2-think,S3,30,1,3,Correct,0.0378770237636962,round,,D_local,S_final,10,10,22
deepseek-v3.2-think,S3,30,2,1,Correct,-0.0564810948913488,round,,D_local,S_final,10,10,22
deepseek-v3.2-think,S3,30,2,2,Correct,-0.0420311722826638,round,,D_local,S_final,10,10,22
deepseek-v3.2-think,S3,30,2,3,Correct,-0.0654367982533481,round,,D_local,S_final,10,10,22
deepseek-v3.2-think,S3,31,1,1,Correct,0.1554815904429318,round,,D_local,S_final,10,10,22
deepseek-v3.2-think,S3,31,1,2,Correct,0.1694264313970952,round,,D_local,S_final,10,10,22
deepseek-v3.2-think,S3,31,1,3,Correct,0.1540180556256662,round,,D_local,S_final,10,10,22
deepseek-v3.2-think,S3,32,1,1,Wrong,0.0226791656437272,round,,D_local,S_final,10,10,22
deepseek-v3.2-think,S3,32,1,2,Correct,0.0483395712047675,round,,D_local,S_final,10,10,22
deepseek-v3.2-think,S3,32,1,3,Correct,0.0424800451006366,round,,D_local,S_final,10,10,22
deepseek-v3.2-think,S3,33,1,1,Correct,0.0498041017854262,round,,D_local,S_final,10,10,22
deepseek-v3.2-think,S3,33,1,2,Correct,0.0754637175738784,round,,D_local,S_final,10,10,22
deepseek-v3.2-think,S3,33,1,3,Correct,0.0549703625912049,round,,D_local,S_final,10,10,22
deepseek-v3.2-think,S3,34,1,1,Correct,0.0416882480756456,round,,D_local,S_final,10,10,22
deepseek-v3.2-think,S3,34,1,2,Correct,0.0328610094491338,round,,D_local,S_final,10,10,22
deepseek-v3.2-think,S3,34,1,3,Correct,-0.0178500197293232,round,,D_local,S_final,10,10,22
deepseek-v3.2-think,S3,35,1,1,Wrong,-0.0215688092088501,round,,D_local,S_final,10,10,22
deepseek-v3.2-think,S3,35,1,2,Wrong,0.0284740266200481,round,,D_local,S_final,10,10,22
deepseek-v3.2-think,S3,35,1,3,Wrong,0.0218173694937869,round,,D_local,S_final,10,10,22
deepseek-v3.2-think,S3,36,1,1,Wrong,0.0818229217575541,round,,D_local,S_final,10,10,22
deepseek-v3.2-think,S3,36,1,2,Wrong,0.0877953748448242,round,,D_local,S_final,10,10,22
deepseek-v3.2-think,S3,36,1,3,Wrong,0.0727019206564461,round,,D_local,S_final,10,10,22
deepseek-v3.2-think,S3,36,2,1,Correct,0.0114150946751165,round,,D_local,S_final,10,10,22
deepseek-v3.2-think,S3,36,2,2,Correct,0.0454907115305687,round,,D_local,S_final,10,10,22
deepseek-v3.2-think,S3,36,2,3,Correct,0.0627301744172489,round,,D_local,S_final,10,10,22
deepseek-v3.2-think,S3,36,3,1,Correct,0.0125587877687968,round,,D_local,S_final,10,10,22
deepseek-v3.2-think,S3,36,3,2,Correct,0.0538152976138982,round,,D_local,S_final,10,10,22
deepseek-v3.2-think,S3,36,3,3,Correct,0.0496306549065458,round,,D_local,S_final,10,10,22
deepseek-v3.2-think,S3,37,1,1,Correct,0.0487313281865565,round,,D_local,S_final,10,10,22
deepseek-v3.2-think,S3,37,1,2,Correct,0.0269765255463088,round,,D_local,S_final,10,10,22
deepseek-v3.2-think,S3,37,1,3,Correct,-0.0619424383134401,round,,D_local,S_final,10,10,22
deepseek-v3.2-think,S3,37,2,1,Correct,0.0491157325091577,round,,D_local,S_final,10,10,22
deepseek-v3.2-think,S3,37,2,2,Wrong,0.0898847888263293,round,,D_local,S_final,10,10,22
deepseek-v3.2-think,S3,37,2,3,Wrong,0.0793053113736791,round,,D_local,S_final,10,10,22
deepseek-v3.2-think,S3,38,1,1,Correct,-0.0729710628397766,round,,D_local,S_final,10,10,22
deepseek-v3.2-think,S3,38,1,2,Correct,-0.1205963321411272,round,,D_local,S_final,10,10,22
deepseek-v3.2-think,S3,38,1,3,Correct,-0.1171151655139525,round,,D_local,S_final,10,10,22
deepseek-v3.2-think,S3,38,2,1,Correct,-0.1034327605654156,round,,D_local,S_final,10,10,22
deepseek-v3.2-think,S3,38,2,2,Wrong,-0.1185302934808248,round,,D_local,S_final,10,10,22
deepseek-v3.2-think,S3,38,2,3,Wrong,-0.1180243172148812,round,,D_local,S_final,10,10,22
deepseek-v3.2-think,S3,39,1,1,Correct,-0.0308082184207102,round,,D_local,S_final,10,10,22
deepseek-v3.2-think,S3,39,1,2,Correct,-0.0433670904790033,round,,D_local,S_final,10,10,22
deepseek-v3.2-think,S3,39,1,3,Correct,-0.0456053939714826,round,,D_local,S_final,10,10,22
deepseek-v3.2-think,S3,39,2,1,Correct,0.1580658954552015,round,,D_local,S_final,10,10,22
deepseek-v3.2-think,S3,39,2,2,Correct,0.155076961569351,round,,D_local,S_final,10,10,22
deepseek-v3.2-think,S3,39,2,3,Correct,0.1547584242117521,round,,D_local,S_final,10,10,22
deepseek-v3.2-think,S3,40,1,1,Wrong,0.0995054455862083,round,,D_local,S_final,10,10,22
deepseek-v3.2-think,S3,40,1,2,Correct,0.0838982354987986,round,,D_local,S_final,10,10,22
deepseek-v3.2-think,S3,40,1,3,Correct,0.066843900527033,round,,D_local,S_final,10,10,22
deepseek-v3.2-think,S3,40,2,1,Wrong,0.1166640369236193,round,,D_local,S_final,10,10,22
deepseek-v3.2-think,S3,40,2,2,Correct,0.1057888732005252,round,,D_local,S_final,10,10,22
deepseek-v3.2-think,S3,40,2,3,Correct,0.0685989304491445,round,,D_local,S_final,10,10,22
deepseek-v3.2-think,S3,40,3,1,Correct,0.021805799491736,round,,D_local,S_final,10,10,22
deepseek-v3.2-think,S3,40,3,2,Correct,0.0198939818619385,round,,D_local,S_final,10,10,22
deepseek-v3.2-think,S3,40,3,3,Correct,0.0179137614984861,round,,D_local,S_final,10,10,22
deepseek-v3.2-think,S3,40,4,1,Wrong,0.0092425072611384,round,,D_local,S_final,10,10,22
deepseek-v3.2-think,S3,40,4,2,Wrong,0.0039099653191343,round,,D_local,S_final,10,10,22
deepseek-v3.2-think,S3,40,4,3,Wrong,0.0060716152284094,round,,D_local,S_final,10,10,22
deepseek-v3.2-think,S3,40,5,1,Wrong,0.0705604450998684,round,,D_local,S_final,10,10,22
deepseek-v3.2-think,S3,40,5,2,Wrong,0.048462830864976,round,,D_local,S_final,10,10,22
deepseek-v3.2-think,S3,40,5,3,Wrong,0.0444685855070244,round,,D_local,S_final,10,10,22
deepseek-v3.2-think,S3,40,6,1,Correct,0.022144941420818,round,,D_local,S_final,10,10,22
deepseek-v3.2-think,S3,40,6,2,Correct,0.0110155182207822,round,,D_local,S_final,10,10,22
deepseek-v3.2-think,S3,40,6,3,Wrong,-0.0175456634547632,round,,D_local,S_final,10,10,22
deepseek-v3.2-think,S3,41,1,1,Correct,0.1208094157621598,round,,D_local,S_final,10,10,22
deepseek-v3.2-think,S3,41,1,2,Correct,0.1096111282930925,round,,D_local,S_final,10,10,22
deepseek-v3.2-think,S3,41,1,3,Correct,0.110100695697326,round,,D_local,S_final,10,10,22
deepseek-v3.2-think,S3,42,1,1,Wrong,-0.0182313590584813,round,,D_local,S_final,10,10,22
deepseek-v3.2-think,S3,42,1,2,Wrong,-0.040657407256015,round,,D_local,S_final,10,10,22
deepseek-v3.2-think,S3,42,1,3,Wrong,-0.0243134554874951,round,,D_local,S_final,10,10,22
deepseek-v3.2-think,S3,43,1,1,Wrong,-0.0169330466351272,round,,D_local,S_final,10,10,22
deepseek-v3.2-think,S3,43,1,2,Wrong,-0.0342111929957013,round,,D_local,S_final,10,10,22
deepseek-v3.2-think,S3,43,1,3,Wrong,-0.0052001682267731,round,,D_local,S_final,10,10,22
deepseek-v3.2-think,S3,44,1,1,Correct,0.0845908995144094,round,,D_local,S_final,10,10,22
deepseek-v3.2-think,S3,44,1,2,Correct,0.0698744799333451,round,,D_local,S_final,10,10,22
deepseek-v3.2-think,S3,44,1,3,Correct,0.0634634666508823,round,,D_local,S_final,10,10,22
deepseek-v3.2-think,S3,45,1,1,Correct,0.1131130417356194,round,,D_local,S_final,10,10,22
deepseek-v3.2-think,S3,45,1,2,Correct,0.1795444166716786,round,,D_local,S_final,10,10,22
deepseek-v3.2-think,S3,45,1,3,Correct,0.1418508259150928,round,,D_local,S_final,10,10,22
deepseek-v3.2-think,S3,45,2,1,Wrong,-0.0754787334373794,round,,D_local,S_final,10,10,22
deepseek-v3.2-think,S3,45,2,2,Wrong,-0.0461114021155302,round,,D_local,S_final,10,10,22
deepseek-v3.2-think,S3,45,2,3,Correct,0.0144661428426663,round,,D_local,S_final,10,10,22
deepseek-v3.2-think,S3,45,3,1,Correct,-0.026817169792953,round,,D_local,S_final,10,10,22
deepseek-v3.2-think,S3,45,3,2,Wrong,-0.0242462026751486,round,,D_local,S_final,10,10,22
deepseek-v3.2-think,S3,45,3,3,Wrong,-0.0414783250271801,round,,D_local,S_final,10,10,22
deepseek-v3.2-think,S3,46,1,1,Correct,0.085207515764483,round,,D_local,S_final,10,10,22
deepseek-v3.2-think,S3,46,1,2,Correct,0.0816490393206647,round,,D_local,S_final,10,10,22
deepseek-v3.2-think,S3,46,1,3,Correct,0.0935864839004932,round,,D_local,S_final,10,10,22
deepseek-v3.2-think,S3,46,2,1,Correct,0.0546177461011971,round,,D_local,S_final,10,10,22
deepseek-v3.2-think,S3,46,2,2,Correct,0.0536593992471208,round,,D_local,S_final,10,10,22
deepseek-v3.2-think,S3,46,2,3,Correct,0.051532985390218,round,,D_local,S_final,10,10,22
deepseek-v3.2-think,S3,47,1,1,Correct,0.1407596340453593,round,,D_local,S_final,10,10,22
deepseek-v3.2-think,S3,47,1,2,Correct,0.1040272342816315,round,,D_local,S_final,10,10,22
deepseek-v3.2-think,S3,47,1,3,Correct,0.1305890333097935,round,,D_local,S_final,10,10,22
deepseek-v3.2-think,S3,47,2,1,Correct,0.0012153923283886,round,,D_local,S_final,10,10,22
deepseek-v3.2-think,S3,47,2,2,Correct,0.0507988929386598,round,,D_local,S_final,10,10,22
deepseek-v3.2-think,S3,47,2,3,Correct,0.0323769803465977,round,,D_local,S_final,10,10,22
deepseek-v3.2-think,S3,48,1,1,Correct,0.0924346448824595,round,,D_local,S_final,10,10,22
deepseek-v3.2-think,S3,48,1,2,Correct,0.1004130660564395,round,,D_local,S_final,10,10,22
deepseek-v3.2-think,S3,48,1,3,Correct,0.0772213339994781,round,,D_local,S_final,10,10,22
deepseek-v3.2-think,S3,48,2,1,Correct,-0.0097560662272997,round,,D_local,S_final,10,10,22
deepseek-v3.2-think,S3,48,2,2,Wrong,-0.0328434956037955,round,,D_local,S_final,10,10,22
deepseek-v3.2-think,S3,48,2,3,Correct,-0.0246555675554568,round,,D_local,S_final,10,10,22
deepseek-v3.2-think,S3,49,1,1,Correct,0.0157645987597178,round,,D_local,S_final,10,10,22
deepseek-v3.2-think,S3,49,1,2,Correct,0.0188792724203911,round,,D_local,S_final,10,10,22
deepseek-v3.2-think,S3,49,1,3,Correct,0.0208682401053685,round,,D_local,S_final,10,10,22
deepseek-v3.2-think,S3,50,1,1,Correct,0.0360521017260382,round,,D_local,S_final,10,10,22
deepseek-v3.2-think,S3,50,1,2,Correct,0.038800069882411,round,,D_local,S_final,10,10,22
deepseek-v3.2-think,S3,50,1,3,Correct,-0.0063461832793438,round,,D_local,S_final,10,10,22
deepseek-v3.2-think,S3,51,1,1,Correct,0.1775112936729765,round,,D_local,S_final,10,10,22
deepseek-v3.2-think,S3,51,1,2,Correct,0.1165392963234047,round,,D_local,S_final,10,10,22
deepseek-v3.2-think,S3,51,1,3,Correct,0.1558926322285297,round,,D_local,S_final,10,10,22
deepseek-v3.2-think,S3,52,1,1,Wrong,0.1365162813976449,round,,D_local,S_final,10,10,22
deepseek-v3.2-think,S3,52,1,2,Wrong,0.1794423198578134,round,,D_local,S_final,10,10,22
deepseek-v3.2-think,S3,52,1,3,Wrong,0.1405311397431409,round,,D_local,S_final,10,10,22
deepseek-v3.2-think,S3,53,1,1,Correct,0.0546399414162425,round,,D_local,S_final,10,10,22
deepseek-v3.2-think,S3,53,1,2,Correct,-0.0103821270107387,round,,D_local,S_final,10,10,22
deepseek-v3.2-think,S3,53,1,3,Correct,-0.0249690301600983,round,,D_local,S_final,10,10,22
deepseek-v3.2-think,S3,53,2,1,Correct,0.0795780446913916,round,,D_local,S_final,10,10,22
deepseek-v3.2-think,S3,53,2,2,Correct,0.0802190319350412,round,,D_local,S_final,10,10,22
deepseek-v3.2-think,S3,53,2,3,Correct,0.1067377931249112,round,,D_local,S_final,10,10,22
deepseek-v3.2-think,S3,54,1,1,Correct,-0.109096843144962,round,,D_local,S_final,10,10,22
deepseek-v3.2-think,S3,54,1,2,Correct,-0.1224869608970479,round,,D_local,S_final,10,10,22
deepseek-v3.2-think,S3,54,1,3,Correct,-0.0813752927754423,round,,D_local,S_final,10,10,22
deepseek-v3.2-think,S3,54,2,1,Correct,0.1064148404157661,round,,D_local,S_final,10,10,22
deepseek-v3.2-think,S3,54,2,2,Correct,0.096128648613878,round,,D_local,S_final,10,10,22
deepseek-v3.2-think,S3,54,2,3,Correct,0.1357460114423591,round,,D_local,S_final,10,10,22
deepseek-v3.2-think,S3,55,1,1,Correct,-0.0243274257365774,round,,D_local,S_final,10,10,22
deepseek-v3.2-think,S3,55,1,2,Correct,0.0078397336703909,round,,D_local,S_final,10,10,22
deepseek-v3.2-think,S3,55,1,3,Wrong,-0.0131159049204966,round,,D_local,S_final,10,10,22
deepseek-v3.2-think,S3,55,2,1,Correct,0.1083455350277567,round,,D_local,S_final,10,10,22
deepseek-v3.2-think,S3,55,2,2,Correct,0.1291882572039164,round,,D_local,S_final,10,10,22
deepseek-v3.2-think,S3,55,2,3,Correct,0.0981394415820038,round,,D_local,S_final,10,10,22
deepseek-v3.2-think,S3,56,1,1,Wrong,-0.0461781405144938,round,,D_local,S_final,10,10,22
deepseek-v3.2-think,S3,56,1,2,Wrong,-0.0192977413189835,round,,D_local,S_final,10,10,22
deepseek-v3.2-think,S3,56,1,3,Wrong,-0.0356341703475282,round,,D_local,S_final,10,10,22
deepseek-v3.2-think,S3,56,2,1,Wrong,0.0679467679085883,round,,D_local,S_final,10,10,22
deepseek-v3.2-think,S3,56,2,2,Correct,0.0536579019668914,round,,D_local,S_final,10,10,22
deepseek-v3.2-think,S3,56,2,3,Correct,0.0627658187728582,round,,D_local,S_final,10,10,22
deepseek-v3.2-think,S3,57,1,1,Correct,-0.1104188048287337,round,,D_local,S_final,10,10,22
deepseek-v3.2-think,S3,57,1,2,Correct,-0.1040901399346254,round,,D_local,S_final,10,10,22
deepseek-v3.2-think,S3,57,1,3,Correct,-0.1012900061171938,round,,D_local,S_final,10,10,22
deepseek-v3.2-think,S3,57,2,1,Wrong,-0.1186441609035964,round,,D_local,S_final,10,10,22
deepseek-v3.2-think,S3,57,2,2,Wrong,-0.1484702639413538,round,,D_local,S_final,10,10,22
deepseek-v3.2-think,S3,57,2,3,Wrong,-0.1387230400160706,round,,D_local,S_final,10,10,22
deepseek-v3.2-think,S3,58,1,1,Correct,0.0024948379356161,round,,D_local,S_final,10,10,22
deepseek-v3.2-think,S3,58,1,2,Correct,0.0146069246560583,round,,D_local,S_final,10,10,22
deepseek-v3.2-think,S3,58,1,3,Correct,0.0080027261420054,round,,D_local,S_final,10,10,22
deepseek-v3.2-think,S3,58,2,1,Correct,0.0327134190366347,round,,D_local,S_final,10,10,22
deepseek-v3.2-think,S3,58,2,2,Correct,0.0535505701224257,round,,D_local,S_final,10,10,22
deepseek-v3.2-think,S3,58,2,3,Correct,0.0469600802408107,round,,D_local,S_final,10,10,22
deepseek-v3.2-think,S3,59,1,1,Correct,-0.035119095277783,round,,D_local,S_final,10,10,22
deepseek-v3.2-think,S3,59,1,2,Correct,-0.033511946323172,round,,D_local,S_final,10,10,22
deepseek-v3.2-think,S3,59,1,3,Correct,-0.0248905028887849,round,,D_local,S_final,10,10,22
deepseek-v3.2-think,S3,59,2,1,Correct,0.0661732426324665,round,,D_local,S_final,10,10,22
deepseek-v3.2-think,S3,59,2,2,Correct,0.0874448588722794,round,,D_local,S_final,10,10,22
deepseek-v3.2-think,S3,59,2,3,Correct,0.0856672470890815,round,,D_local,S_final,10,10,22
deepseek-v3.2-think,S3,60,1,1,Correct,-0.101370369446626,round,,D_local,S_final,10,10,22
deepseek-v3.2-think,S3,60,1,2,Correct,-0.1290548982960775,round,,D_local,S_final,10,10,22
deepseek-v3.2-think,S3,60,1,3,Correct,-0.1047739750474513,round,,D_local,S_final,10,10,22
deepseek-v3.2-think,S3,60,2,1,Correct,0.1060468302446678,round,,D_local,S_final,10,10,22
deepseek-v3.2-think,S3,60,2,2,Correct,0.0774658683082612,round,,D_local,S_final,10,10,22
deepseek-v3.2-think,S3,60,2,3,Correct,0.1171267443080099,round,,D_local,S_final,10,10,22
deepseek-v3.2-think,S3,61,1,1,Correct,-0.0515869773195285,round,,D_local,S_final,10,10,22
deepseek-v3.2-think,S3,61,1,2,Correct,-0.1004098534028938,round,,D_local,S_final,10,10,22
deepseek-v3.2-think,S3,61,1,3,Correct,-0.0909358257399175,round,,D_local,S_final,10,10,22
deepseek-v3.2-think,S3,61,2,1,Correct,0.1248389130896194,round,,D_local,S_final,10,10,22
deepseek-v3.2-think,S3,61,2,2,Correct,0.1107509321334383,round,,D_local,S_final,10,10,22
deepseek-v3.2-think,S3,61,2,3,Correct,0.1264141117223425,round,,D_local,S_final,10,10,22
deepseek-v3.2-think,S3,62,1,1,Correct,0.0482833377515738,round,,D_local,S_final,10,10,22
deepseek-v3.2-think,S3,62,1,2,Correct,0.029485873140862,round,,D_local,S_final,10,10,22
deepseek-v3.2-think,S3,62,1,3,Correct,-0.0006912142172115,round,,D_local,S_final,10,10,22
deepseek-v3.2-think,S3,62,2,1,Correct,0.0023719162333554,round,,D_local,S_final,10,10,22
deepseek-v3.2-think,S3,62,2,2,Correct,0.0258080768453761,round,,D_local,S_final,10,10,22
deepseek-v3.2-think,S3,62,2,3,Correct,0.0305720468562086,round,,D_local,S_final,10,10,22
deepseek-v3.2-think,S3,63,1,1,Correct,0.0404452601942015,round,,D_local,S_final,10,10,22
deepseek-v3.2-think,S3,63,1,2,Correct,0.0582414337389728,round,,D_local,S_final,10,10,22
deepseek-v3.2-think,S3,63,1,3,Correct,0.0685035643983302,round,,D_local,S_final,10,10,22
deepseek-v3.2-think,S3,63,2,1,Correct,0.0189245744771042,round,,D_local,S_final,10,10,22
deepseek-v3.2-think,S3,63,2,2,Correct,0.0085000616721615,round,,D_local,S_final,10,10,22
deepseek-v3.2-think,S3,63,2,3,Correct,0.0308031818507482,round,,D_local,S_final,10,10,22
deepseek-v3.2-think,S3,64,1,1,Correct,0.0158277728386545,round,,D_local,S_final,10,10,22
deepseek-v3.2-think,S3,64,1,2,Correct,0.0486084226428445,round,,D_local,S_final,10,10,22
deepseek-v3.2-think,S3,64,1,3,Correct,0.0260116147455012,round,,D_local,S_final,10,10,22
deepseek-v3.2-think,S3,64,2,1,Correct,0.0261905033239279,round,,D_local,S_final,10,10,22
deepseek-v3.2-think,S3,64,2,2,Correct,0.0068122321082971,round,,D_local,S_final,10,10,22
deepseek-v3.2-think,S3,64,2,3,Correct,0.0349829977742887,round,,D_local,S_final,10,10,22
gemini-3.1-flash-lite,S0,1,1,1,Correct,0.1101499515271966,round,,D_local,S_final,10,10,22
gemini-3.1-flash-lite,S0,1,1,2,Correct,0.1352385045217823,round,,D_local,S_final,10,10,22
gemini-3.1-flash-lite,S0,1,1,3,Correct,0.1148805563500608,round,,D_local,S_final,10,10,22
gemini-3.1-flash-lite,S0,1,2,1,Wrong,0.0307595608982597,round,,D_local,S_final,10,10,22
gemini-3.1-flash-lite,S0,1,2,2,Wrong,0.0469329813027808,round,,D_local,S_final,10,10,22
gemini-3.1-flash-lite,S0,1,2,3,Wrong,0.0377065101245149,round,,D_local,S_final,10,10,22
gemini-3.1-flash-lite,S0,1,3,1,Wrong,-0.0167243479292157,round,,D_local,S_final,10,10,22
gemini-3.1-flash-lite,S0,1,3,2,Wrong,-0.0276508803265649,round,,D_local,S_final,10,10,22
gemini-3.1-flash-lite,S0,1,3,3,Wrong,-0.0075378793304912,round,,D_local,S_final,10,10,22
gemini-3.1-flash-lite,S0,1,4,1,Correct,0.0796546988081761,round,,D_local,S_final,10,10,22
gemini-3.1-flash-lite,S0,1,4,2,Correct,0.0844335318687494,round,,D_local,S_final,10,10,22
gemini-3.1-flash-lite,S0,1,4,3,Correct,0.0782790499850939,round,,D_local,S_final,10,10,22
gemini-3.1-flash-lite,S0,1,5,1,Wrong,0.0008752536238052,round,,D_local,S_final,10,10,22
gemini-3.1-flash-lite,S0,1,5,2,Wrong,0.0368272825048894,round,,D_local,S_final,10,10,22
gemini-3.1-flash-lite,S0,1,5,3,Wrong,0.0459419275597615,round,,D_local,S_final,10,10,22
gemini-3.1-flash-lite,S0,2,1,1,Correct,0.2560896186719146,round,,D_local,S_final,10,10,22
gemini-3.1-flash-lite,S0,2,1,2,Correct,0.2548439130377194,round,,D_local,S_final,10,10,22
gemini-3.1-flash-lite,S0,2,1,3,Correct,0.2675113475224392,round,,D_local,S_final,10,10,22
gemini-3.1-flash-lite,S0,3,1,1,Correct,0.2627672125021006,round,,D_local,S_final,10,10,22
gemini-3.1-flash-lite,S0,3,1,2,Correct,0.2800710822740451,round,,D_local,S_final,10,10,22
gemini-3.1-flash-lite,S0,3,1,3,Correct,0.2746830261503922,round,,D_local,S_final,10,10,22
gemini-3.1-flash-lite,S0,3,2,1,Wrong,0.2003320768733818,round,,D_local,S_final,10,10,22
gemini-3.1-flash-lite,S0,3,2,2,Wrong,0.1842061533556805,round,,D_local,S_final,10,10,22
gemini-3.1-flash-lite,S0,3,2,3,Wrong,0.1894219831500116,round,,D_local,S_final,10,10,22
gemini-3.1-flash-lite,S0,4,1,1,Correct,0.1371968290092325,round,,D_local,S_final,10,10,22
gemini-3.1-flash-lite,S0,4,1,2,Correct,0.1346432245155707,round,,D_local,S_final,10,10,22
gemini-3.1-flash-lite,S0,4,1,3,Correct,0.1214147000416602,round,,D_local,S_final,10,10,22
gemini-3.1-flash-lite,S0,4,2,1,Correct,0.134030614535705,round,,D_local,S_final,10,10,22
gemini-3.1-flash-lite,S0,4,2,2,Correct,0.1291574630613129,round,,D_local,S_final,10,10,22
gemini-3.1-flash-lite,S0,4,2,3,Correct,0.1369132045883299,round,,D_local,S_final,10,10,22
gemini-3.1-flash-lite,S0,4,3,1,Correct,0.114418011076971,round,,D_local,S_final,10,10,22
gemini-3.1-flash-lite,S0,4,3,2,Correct,0.0872428765108281,round,,D_local,S_final,10,10,22
gemini-3.1-flash-lite,S0,4,3,3,Correct,0.0997688841760111,round,,D_local,S_final,10,10,22
gemini-3.1-flash-lite,S0,5,1,1,Wrong,0.0940965989402783,round,,D_local,S_final,10,10,22
gemini-3.1-flash-lite,S0,5,1,2,Wrong,0.0894712803045308,round,,D_local,S_final,10,10,22
gemini-3.1-flash-lite,S0,5,1,3,Correct,0.1021217415924701,round,,D_local,S_final,10,10,22
gemini-3.1-flash-lite,S0,5,2,1,Wrong,0.053877405010131,round,,D_local,S_final,10,10,22
gemini-3.1-flash-lite,S0,5,2,2,Wrong,0.0442552394334012,round,,D_local,S_final,10,10,22
gemini-3.1-flash-lite,S0,5,2,3,Wrong,0.0479414772894885,round,,D_local,S_final,10,10,22
gemini-3.1-flash-lite,S0,5,3,1,Correct,0.0954753010071445,round,,D_local,S_final,10,10,22
gemini-3.1-flash-lite,S0,5,3,2,Wrong,0.0901043073368441,round,,D_local,S_final,10,10,22
gemini-3.1-flash-lite,S0,5,3,3,Correct,0.0933403543432247,round,,D_local,S_final,10,10,22
gemini-3.1-flash-lite,S0,6,1,1,Correct,0.074138761364397,round,,D_local,S_final,10,10,22
gemini-3.1-flash-lite,S0,6,1,2,Correct,0.0879531125190619,round,,D_local,S_final,10,10,22
gemini-3.1-flash-lite,S0,6,1,3,Correct,0.0953646966460921,round,,D_local,S_final,10,10,22
gemini-3.1-flash-lite,S0,6,2,1,Correct,0.0278394791416023,round,,D_local,S_final,10,10,22
gemini-3.1-flash-lite,S0,6,2,2,Correct,0.0241167469919929,round,,D_local,S_final,10,10,22
gemini-3.1-flash-lite,S0,6,2,3,Correct,0.0129374621636815,round,,D_local,S_final,10,10,22
gemini-3.1-flash-lite,S0,6,3,1,Correct,0.0770350262306516,round,,D_local,S_final,10,10,22
gemini-3.1-flash-lite,S0,6,3,2,Correct,0.0751164801485946,round,,D_local,S_final,10,10,22
gemini-3.1-flash-lite,S0,6,3,3,Correct,0.0695418444838671,round,,D_local,S_final,10,10,22
gemini-3.1-flash-lite,S0,7,1,1,Wrong,0.1405592756496561,round,,D_local,S_final,10,10,22
gemini-3.1-flash-lite,S0,7,1,2,Wrong,0.125615890178372,round,,D_local,S_final,10,10,22
gemini-3.1-flash-lite,S0,7,1,3,Correct,0.115444582280263,round,,D_local,S_final,10,10,22
gemini-3.1-flash-lite,S0,7,2,1,Wrong,0.127785119659777,round,,D_local,S_final,10,10,22
gemini-3.1-flash-lite,S0,7,2,2,Wrong,0.0991453179991167,round,,D_local,S_final,10,10,22
gemini-3.1-flash-lite,S0,7,2,3,Wrong,0.0958749631651967,round,,D_local,S_final,10,10,22
gemini-3.1-flash-lite,S0,7,3,1,Wrong,-0.0085633385898172,round,,D_local,S_final,10,10,22
gemini-3.1-flash-lite,S0,7,3,2,Wrong,-0.0251764138777536,round,,D_local,S_final,10,10,22
gemini-3.1-flash-lite,S0,7,3,3,Wrong,-0.0082874910949297,round,,D_local,S_final,10,10,22
gemini-3.1-flash-lite,S0,7,4,1,Correct,0.0568100780573996,round,,D_local,S_final,10,10,22
gemini-3.1-flash-lite,S0,7,4,2,Correct,0.0475134044642223,round,,D_local,S_final,10,10,22
gemini-3.1-flash-lite,S0,7,4,3,Correct,0.0329973750851491,round,,D_local,S_final,10,10,22
gemini-3.1-flash-lite,S0,7,5,1,Correct,0.0683413860459672,round,,D_local,S_final,10,10,22
gemini-3.1-flash-lite,S0,7,5,2,Correct,0.0772092615534819,round,,D_local,S_final,10,10,22
gemini-3.1-flash-lite,S0,7,5,3,Correct,0.0825442965052278,round,,D_local,S_final,10,10,22
gemini-3.1-flash-lite,S0,7,6,1,Wrong,-0.0217170657286381,round,,D_local,S_final,10,10,22
gemini-3.1-flash-lite,S0,7,6,2,Wrong,-0.0147142322466425,round,,D_local,S_final,10,10,22
gemini-3.1-flash-lite,S0,7,6,3,Wrong,-0.023424984392504,round,,D_local,S_final,10,10,22
gemini-3.1-flash-lite,S0,7,7,1,Wrong,0.0647778223375953,round,,D_local,S_final,10,10,22
gemini-3.1-flash-lite,S0,7,7,2,Wrong,0.0402082951656374,round,,D_local,S_final,10,10,22
gemini-3.1-flash-lite,S0,7,7,3,Wrong,0.0370294606995723,round,,D_local,S_final,10,10,22
gemini-3.1-flash-lite,S0,7,8,1,Correct,0.0919320884595532,round,,D_local,S_final,10,10,22
gemini-3.1-flash-lite,S0,7,8,2,Correct,0.0858675037236222,round,,D_local,S_final,10,10,22
gemini-3.1-flash-lite,S0,7,8,3,Correct,0.0857634639222775,round,,D_local,S_final,10,10,22
gemini-3.1-flash-lite,S0,7,9,1,Correct,0.1434027939361135,round,,D_local,S_final,10,10,22
gemini-3.1-flash-lite,S0,7,9,2,Correct,0.1502754264644102,round,,D_local,S_final,10,10,22
gemini-3.1-flash-lite,S0,7,9,3,Correct,0.134730670350751,round,,D_local,S_final,10,10,22
gemini-3.1-flash-lite,S0,7,10,1,Wrong,-0.0230765382554994,round,,D_local,S_final,10,10,22
gemini-3.1-flash-lite,S0,7,10,2,Wrong,-0.0607790969981524,round,,D_local,S_final,10,10,22
gemini-3.1-flash-lite,S0,7,10,3,Wrong,-0.0467773532152627,round,,D_local,S_final,10,10,22
gemini-3.1-flash-lite,S0,7,11,1,Wrong,0.0218318025626751,round,,D_local,S_final,10,10,22
gemini-3.1-flash-lite,S0,7,11,2,Wrong,0.0325499606167312,round,,D_local,S_final,10,10,22
gemini-3.1-flash-lite,S0,7,11,3,Wrong,0.0300443447524679,round,,D_local,S_final,10,10,22
gemini-3.1-flash-lite,S0,8,1,1,Correct,0.0555675130767866,round,,D_local,S_final,10,10,22
gemini-3.1-flash-lite,S0,8,1,2,Wrong,0.0603153726637623,round,,D_local,S_final,10,10,22
gemini-3.1-flash-lite,S0,8,1,3,Wrong,0.0557881519563323,round,,D_local,S_final,10,10,22
gemini-3.1-flash-lite,S0,8,2,1,Wrong,0.0200679613280576,round,,D_local,S_final,10,10,22
gemini-3.1-flash-lite,S0,8,2,2,Wrong,0.0301176599155754,round,,D_local,S_final,10,10,22
gemini-3.1-flash-lite,S0,8,2,3,Wrong,0.041858384462466,round,,D_local,S_final,10,10,22
gemini-3.1-flash-lite,S0,8,3,1,Wrong,0.0355615640202419,round,,D_local,S_final,10,10,22
gemini-3.1-flash-lite,S0,8,3,2,Correct,0.0993638454080074,round,,D_local,S_final,10,10,22
gemini-3.1-flash-lite,S0,8,3,3,Correct,0.096806017952044,round,,D_local,S_final,10,10,22
gemini-3.1-flash-lite,S0,8,4,1,Correct,-0.0352501785846516,round,,D_local,S_final,10,10,22
gemini-3.1-flash-lite,S0,8,4,2,Correct,-0.010588391566105,round,,D_local,S_final,10,10,22
gemini-3.1-flash-lite,S0,8,4,3,Correct,-0.0168285190144877,round,,D_local,S_final,10,10,22
gemini-3.1-flash-lite,S0,9,1,1,Wrong,0.0719701341337774,round,,D_local,S_final,10,10,22
gemini-3.1-flash-lite,S0,9,1,2,Correct,0.0846195183712492,round,,D_local,S_final,10,10,22
gemini-3.1-flash-lite,S0,9,1,3,Wrong,0.0521348812852288,round,,D_local,S_final,10,10,22
gemini-3.1-flash-lite,S0,9,2,1,Correct,0.1029354906177381,round,,D_local,S_final,10,10,22
gemini-3.1-flash-lite,S0,9,2,2,Wrong,0.0788215884358671,round,,D_local,S_final,10,10,22
gemini-3.1-flash-lite,S0,9,2,3,Wrong,0.0833878829520912,round,,D_local,S_final,10,10,22
gemini-3.1-flash-lite,S0,9,3,1,Wrong,0.1080536437491912,round,,D_local,S_final,10,10,22
gemini-3.1-flash-lite,S0,9,3,2,Wrong,0.089923736846862,round,,D_local,S_final,10,10,22
gemini-3.1-flash-lite,S0,9,3,3,Wrong,0.1025429467950417,round,,D_local,S_final,10,10,22
gemini-3.1-flash-lite,S0,10,1,1,Correct,0.1325614643028035,round,,D_local,S_final,10,10,22
gemini-3.1-flash-lite,S0,10,1,2,Correct,0.1196399697899852,round,,D_local,S_final,10,10,22
gemini-3.1-flash-lite,S0,10,1,3,Correct,0.1264525540832441,round,,D_local,S_final,10,10,22
gemini-3.1-flash-lite,S0,10,2,1,Correct,0.1372142891669751,round,,D_local,S_final,10,10,22
gemini-3.1-flash-lite,S0,10,2,2,Correct,0.1461618802037364,round,,D_local,S_final,10,10,22
gemini-3.1-flash-lite,S0,10,2,3,Correct,0.1391007387087836,round,,D_local,S_final,10,10,22
gemini-3.1-flash-lite,S0,11,1,1,Wrong,0.0030516544740283,round,,D_local,S_final,10,10,22
gemini-3.1-flash-lite,S0,11,1,2,Wrong,-0.0058001784785314,round,,D_local,S_final,10,10,22
gemini-3.1-flash-lite,S0,11,1,3,Wrong,-0.0025536293417045,round,,D_local,S_final,10,10,22
gemini-3.1-flash-lite,S0,12,1,1,Wrong,0.0052549412581812,round,,D_local,S_final,10,10,22
gemini-3.1-flash-lite,S0,12,1,2,Wrong,0.0119958447986409,round,,D_local,S_final,10,10,22
gemini-3.1-flash-lite,S0,12,1,3,Wrong,-0.0104110236921637,round,,D_local,S_final,10,10,22
gemini-3.1-flash-lite,S0,13,1,1,Correct,0.2187064321420305,round,,D_local,S_final,10,10,22
gemini-3.1-flash-lite,S0,13,1,2,Correct,0.2140079592204109,round,,D_local,S_final,10,10,22
gemini-3.1-flash-lite,S0,13,1,3,Correct,0.2162628813398524,round,,D_local,S_final,10,10,22
gemini-3.1-flash-lite,S0,13,2,1,Correct,-0.0060944799678626,round,,D_local,S_final,10,10,22
gemini-3.1-flash-lite,S0,13,2,2,Correct,-0.0280526615916414,round,,D_local,S_final,10,10,22
gemini-3.1-flash-lite,S0,13,2,3,Correct,-0.005833961498684,round,,D_local,S_final,10,10,22
gemini-3.1-flash-lite,S0,13,3,1,Wrong,-0.0053093308119314,round,,D_local,S_final,10,10,22
gemini-3.1-flash-lite,S0,13,3,2,Wrong,-2.6226808242268973e-05,round,,D_local,S_final,10,10,22
gemini-3.1-flash-lite,S0,13,3,3,Wrong,-0.0034281595535394,round,,D_local,S_final,10,10,22
gemini-3.1-flash-lite,S0,14,1,1,Correct,0.0092433196213208,round,,D_local,S_final,10,10,22
gemini-3.1-flash-lite,S0,14,1,2,Wrong,-0.023642221860471,round,,D_local,S_final,10,10,22
gemini-3.1-flash-lite,S0,14,1,3,Wrong,-0.0093162753387637,round,,D_local,S_final,10,10,22
gemini-3.1-flash-lite,S0,15,1,1,Wrong,-0.1299046377807655,round,,D_local,S_final,10,10,22
gemini-3.1-flash-lite,S0,15,1,2,Wrong,-0.1418775587938955,round,,D_local,S_final,10,10,22
gemini-3.1-flash-lite,S0,15,1,3,Wrong,-0.1310505274646045,round,,D_local,S_final,10,10,22
gemini-3.1-flash-lite,S0,16,1,1,Correct,0.1371933132026196,round,,D_local,S_final,10,10,22
gemini-3.1-flash-lite,S0,16,1,2,Correct,0.1279233075964334,round,,D_local,S_final,10,10,22
gemini-3.1-flash-lite,S0,16,1,3,Correct,0.1458421502702285,round,,D_local,S_final,10,10,22
gemini-3.1-flash-lite,S0,17,1,1,Wrong,-0.0439262403200286,round,,D_local,S_final,10,10,22
gemini-3.1-flash-lite,S0,17,1,2,Wrong,-0.0515020256117118,round,,D_local,S_final,10,10,22
gemini-3.1-flash-lite,S0,17,1,3,Wrong,-0.0510599870017675,round,,D_local,S_final,10,10,22
gemini-3.1-flash-lite,S0,18,1,1,Correct,0.1685675335516667,round,,D_local,S_final,10,10,22
gemini-3.1-flash-lite,S0,18,1,2,Correct,0.1561648839822407,round,,D_local,S_final,10,10,22
gemini-3.1-flash-lite,S0,18,1,3,Correct,0.1670165773869518,round,,D_local,S_final,10,10,22
gemini-3.1-flash-lite,S0,19,1,1,Correct,0.0042816015371195,round,,D_local,S_final,10,10,22
gemini-3.1-flash-lite,S0,19,1,2,Correct,0.0008938674395019,round,,D_local,S_final,10,10,22
gemini-3.1-flash-lite,S0,19,1,3,Correct,-0.0098773468193174,round,,D_local,S_final,10,10,22
gemini-3.1-flash-lite,S0,20,1,1,Correct,0.1765727536221272,round,,D_local,S_final,10,10,22
gemini-3.1-flash-lite,S0,20,1,2,Correct,0.1834815165775873,round,,D_local,S_final,10,10,22
gemini-3.1-flash-lite,S0,20,1,3,Correct,0.1700641245105926,round,,D_local,S_final,10,10,22
gemini-3.1-flash-lite,S0,21,1,1,Correct,0.1543383929604488,round,,D_local,S_final,10,10,22
gemini-3.1-flash-lite,S0,21,1,2,Correct,0.1396293825679613,round,,D_local,S_final,10,10,22
gemini-3.1-flash-lite,S0,21,1,3,Correct,0.1221013943753982,round,,D_local,S_final,10,10,22
gemini-3.1-flash-lite,S0,22,1,1,Wrong,0.0277516348557379,round,,D_local,S_final,10,10,22
gemini-3.1-flash-lite,S0,22,1,2,Wrong,0.0207169782841822,round,,D_local,S_final,10,10,22
gemini-3.1-flash-lite,S0,22,1,3,Wrong,0.0164589108828376,round,,D_local,S_final,10,10,22
gemini-3.1-flash-lite,S0,23,1,1,Wrong,0.0756484242954075,round,,D_local,S_final,10,10,22
gemini-3.1-flash-lite,S0,23,1,2,Wrong,0.0748604344030312,round,,D_local,S_final,10,10,22
gemini-3.1-flash-lite,S0,23,1,3,Wrong,0.0866100549217278,round,,D_local,S_final,10,10,22
gemini-3.1-flash-lite,S0,24,1,1,Wrong,-0.0135623365292004,round,,D_local,S_final,10,10,22
gemini-3.1-flash-lite,S0,24,1,2,Correct,0.0108962208959472,round,,D_local,S_final,10,10,22
gemini-3.1-flash-lite,S0,24,1,3,Wrong,0.0022209879004551,round,,D_local,S_final,10,10,22
gemini-3.1-flash-lite,S0,25,1,1,Wrong,-0.0788524921916308,round,,D_local,S_final,10,10,22
gemini-3.1-flash-lite,S0,25,1,2,Wrong,-0.0648839734949463,round,,D_local,S_final,10,10,22
gemini-3.1-flash-lite,S0,25,1,3,Wrong,-0.0802705779020499,round,,D_local,S_final,10,10,22
gemini-3.1-flash-lite,S0,25,2,1,Correct,0.1048944739833598,round,,D_local,S_final,10,10,22
gemini-3.1-flash-lite,S0,25,2,2,Correct,0.0900628188750254,round,,D_local,S_final,10,10,22
gemini-3.1-flash-lite,S0,25,2,3,Correct,0.057229584564748,round,,D_local,S_final,10,10,22
gemini-3.1-flash-lite,S0,26,1,1,Wrong,0.091080524800552,round,,D_local,S_final,10,10,22
gemini-3.1-flash-lite,S0,26,1,2,Correct,0.1015166516087278,round,,D_local,S_final,10,10,22
gemini-3.1-flash-lite,S0,26,1,3,Correct,0.1087506334157123,round,,D_local,S_final,10,10,22
gemini-3.1-flash-lite,S0,26,2,1,Correct,-0.0488140326094049,round,,D_local,S_final,10,10,22
gemini-3.1-flash-lite,S0,26,2,2,Wrong,-0.0437724506432238,round,,D_local,S_final,10,10,22
gemini-3.1-flash-lite,S0,26,2,3,Wrong,-0.0546454399358562,round,,D_local,S_final,10,10,22
gemini-3.1-flash-lite,S0,26,3,1,Wrong,-0.0380823752527083,round,,D_local,S_final,10,10,22
gemini-3.1-flash-lite,S0,26,3,2,Correct,-0.034368871664306,round,,D_local,S_final,10,10,22
gemini-3.1-flash-lite,S0,26,3,3,Wrong,-0.034340071007375,round,,D_local,S_final,10,10,22
gemini-3.1-flash-lite,S0,26,4,1,Correct,0.1701844012065061,round,,D_local,S_final,10,10,22
gemini-3.1-flash-lite,S0,26,4,2,Correct,0.1757706578282166,round,,D_local,S_final,10,10,22
gemini-3.1-flash-lite,S0,26,4,3,Correct,0.1744494770014998,round,,D_local,S_final,10,10,22
gemini-3.1-flash-lite,S0,27,1,1,Correct,0.0407069857891689,round,,D_local,S_final,10,10,22
gemini-3.1-flash-lite,S0,27,1,2,Correct,0.0471742722974726,round,,D_local,S_final,10,10,22
gemini-3.1-flash-lite,S0,27,1,3,Correct,0.0617636380213487,round,,D_local,S_final,10,10,22
gemini-3.1-flash-lite,S0,27,2,1,Correct,-0.042557936569695,round,,D_local,S_final,10,10,22
gemini-3.1-flash-lite,S0,27,2,2,Correct,-0.038818309668731,round,,D_local,S_final,10,10,22
gemini-3.1-flash-lite,S0,27,2,3,Correct,-0.0300296809416397,round,,D_local,S_final,10,10,22
gemini-3.1-flash-lite,S0,27,3,1,Wrong,-0.0637372768858048,round,,D_local,S_final,10,10,22
gemini-3.1-flash-lite,S0,27,3,2,Correct,-0.0456011582205166,round,,D_local,S_final,10,10,22
gemini-3.1-flash-lite,S0,27,3,3,Wrong,-0.0430254993870549,round,,D_local,S_final,10,10,22
gemini-3.1-flash-lite,S0,27,4,1,Correct,0.176858273791287,round,,D_local,S_final,10,10,22
gemini-3.1-flash-lite,S0,27,4,2,Correct,0.1745115426764626,round,,D_local,S_final,10,10,22
gemini-3.1-flash-lite,S0,27,4,3,Correct,0.1944928134431055,round,,D_local,S_final,10,10,22
gemini-3.1-flash-lite,S0,28,1,1,Wrong,-0.0007210343262816,round,,D_local,S_final,10,10,22
gemini-3.1-flash-lite,S0,28,1,2,Wrong,0.011444432289416,round,,D_local,S_final,10,10,22
gemini-3.1-flash-lite,S0,28,1,3,Wrong,0.0093917576292101,round,,D_local,S_final,10,10,22
gemini-3.1-flash-lite,S0,28,2,1,Correct,-0.0659782609056498,round,,D_local,S_final,10,10,22
gemini-3.1-flash-lite,S0,28,2,2,Correct,-0.1061973988808556,round,,D_local,S_final,10,10,22
gemini-3.1-flash-lite,S0,28,2,3,Correct,-0.0889826476671958,round,,D_local,S_final,10,10,22
gemini-3.1-flash-lite,S0,29,1,1,Correct,0.0779063380824544,round,,D_local,S_final,10,10,22
gemini-3.1-flash-lite,S0,29,1,2,Correct,0.0923407383891844,round,,D_local,S_final,10,10,22
gemini-3.1-flash-lite,S0,29,1,3,Correct,0.1084331452979521,round,,D_local,S_final,10,10,22
gemini-3.1-flash-lite,S0,29,2,1,Correct,-0.0516704324774269,round,,D_local,S_final,10,10,22
gemini-3.1-flash-lite,S0,29,2,2,Correct,-0.0490928146820033,round,,D_local,S_final,10,10,22
gemini-3.1-flash-lite,S0,29,2,3,Correct,-0.0555560320186394,round,,D_local,S_final,10,10,22
gemini-3.1-flash-lite,S0,30,1,1,Wrong,0.0542961061281561,round,,D_local,S_final,10,10,22
gemini-3.1-flash-lite,S0,30,1,2,Correct,0.0470942236931264,round,,D_local,S_final,10,10,22
gemini-3.1-flash-lite,S0,30,1,3,Correct,0.0626382319580866,round,,D_local,S_final,10,10,22
gemini-3.1-flash-lite,S0,30,2,1,Correct,-0.0389912775900143,round,,D_local,S_final,10,10,22
gemini-3.1-flash-lite,S0,30,2,2,Correct,-0.04890674221065,round,,D_local,S_final,10,10,22
gemini-3.1-flash-lite,S0,30,2,3,Correct,-0.0430226325593642,round,,D_local,S_final,10,10,22
gemini-3.1-flash-lite,S0,31,1,1,Correct,0.1751795566969521,round,,D_local,S_final,10,10,22
gemini-3.1-flash-lite,S0,31,1,2,Correct,0.1753567878000405,round,,D_local,S_final,10,10,22
gemini-3.1-flash-lite,S0,31,1,3,Correct,0.1611794445001606,round,,D_local,S_final,10,10,22
gemini-3.1-flash-lite,S0,32,1,1,Wrong,0.0138062725333437,round,,D_local,S_final,10,10,22
gemini-3.1-flash-lite,S0,32,1,2,Wrong,-0.0036178325808855,round,,D_local,S_final,10,10,22
gemini-3.1-flash-lite,S0,32,1,3,Wrong,0.0260833074744508,round,,D_local,S_final,10,10,22
gemini-3.1-flash-lite,S0,33,1,1,Wrong,0.037774506763433,round,,D_local,S_final,10,10,22
gemini-3.1-flash-lite,S0,33,1,2,Wrong,0.0508508978692086,round,,D_local,S_final,10,10,22
gemini-3.1-flash-lite,S0,33,1,3,Wrong,0.0641354182488691,round,,D_local,S_final,10,10,22
gemini-3.1-flash-lite,S0,34,1,1,Wrong,-0.0371993504398452,round,,D_local,S_final,10,10,22
gemini-3.1-flash-lite,S0,34,1,2,Correct,-0.0086370729267623,round,,D_local,S_final,10,10,22
gemini-3.1-flash-lite,S0,34,1,3,Correct,0.0132671632975153,round,,D_local,S_final,10,10,22
gemini-3.1-flash-lite,S0,35,1,1,Wrong,0.0073442411438371,round,,D_local,S_final,10,10,22
gemini-3.1-flash-lite,S0,35,1,2,Wrong,0.0264825275367486,round,,D_local,S_final,10,10,22
gemini-3.1-flash-lite,S0,35,1,3,Wrong,-0.0027249552434742,round,,D_local,S_final,10,10,22
gemini-3.1-flash-lite,S0,36,1,1,Correct,0.1272853272139946,round,,D_local,S_final,10,10,22
gemini-3.1-flash-lite,S0,36,1,2,Correct,0.111663693507368,round,,D_local,S_final,10,10,22
gemini-3.1-flash-lite,S0,36,1,3,Correct,0.1412600190344203,round,,D_local,S_final,10,10,22
gemini-3.1-flash-lite,S0,36,2,1,Wrong,0.0056287125888971,round,,D_local,S_final,10,10,22
gemini-3.1-flash-lite,S0,36,2,2,Wrong,-0.0011843834329098,round,,D_local,S_final,10,10,22
gemini-3.1-flash-lite,S0,36,2,3,Wrong,0.0226357218410583,round,,D_local,S_final,10,10,22
gemini-3.1-flash-lite,S0,36,3,1,Correct,0.0372149209497064,round,,D_local,S_final,10,10,22
gemini-3.1-flash-lite,S0,36,3,2,Correct,0.0001438549467847,round,,D_local,S_final,10,10,22
gemini-3.1-flash-lite,S0,36,3,3,Correct,-0.0103060509865028,round,,D_local,S_final,10,10,22
gemini-3.1-flash-lite,S0,37,1,1,Wrong,-0.0102345160932523,round,,D_local,S_final,10,10,22
gemini-3.1-flash-lite,S0,37,1,2,Wrong,0.0182886189018038,round,,D_local,S_final,10,10,22
gemini-3.1-flash-lite,S0,37,1,3,Correct,0.0565257249374259,round,,D_local,S_final,10,10,22
gemini-3.1-flash-lite,S0,37,2,1,Correct,0.1019874264216188,round,,D_local,S_final,10,10,22
gemini-3.1-flash-lite,S0,37,2,2,Wrong,0.1254412062783736,round,,D_local,S_final,10,10,22
gemini-3.1-flash-lite,S0,37,2,3,Correct,0.1043079711582514,round,,D_local,S_final,10,10,22
gemini-3.1-flash-lite,S0,38,1,1,Wrong,-0.1369207082745941,round,,D_local,S_final,10,10,22
gemini-3.1-flash-lite,S0,38,1,2,Wrong,-0.1408176914582427,round,,D_local,S_final,10,10,22
gemini-3.1-flash-lite,S0,38,1,3,Wrong,-0.1651448648257714,round,,D_local,S_final,10,10,22
gemini-3.1-flash-lite,S0,38,2,1,Wrong,-0.1458164027977712,round,,D_local,S_final,10,10,22
gemini-3.1-flash-lite,S0,38,2,2,Wrong,-0.1283371261406389,round,,D_local,S_final,10,10,22
gemini-3.1-flash-lite,S0,38,2,3,Wrong,-0.1552487657910767,round,,D_local,S_final,10,10,22
gemini-3.1-flash-lite,S0,39,1,1,Wrong,-0.0667250326900626,round,,D_local,S_final,10,10,22
gemini-3.1-flash-lite,S0,39,1,2,Wrong,-0.0717504709371102,round,,D_local,S_final,10,10,22
gemini-3.1-flash-lite,S0,39,1,3,Correct,-0.0543416126921117,round,,D_local,S_final,10,10,22
gemini-3.1-flash-lite,S0,39,2,1,Correct,0.1404136741059393,round,,D_local,S_final,10,10,22
gemini-3.1-flash-lite,S0,39,2,2,Correct,0.1872789946696348,round,,D_local,S_final,10,10,22
gemini-3.1-flash-lite,S0,39,2,3,Correct,0.1810821823776333,round,,D_local,S_final,10,10,22
gemini-3.1-flash-lite,S0,40,1,1,Correct,0.0616142060118366,round,,D_local,S_final,10,10,22
gemini-3.1-flash-lite,S0,40,1,2,Correct,0.0711114375246415,round,,D_local,S_final,10,10,22
gemini-3.1-flash-lite,S0,40,1,3,Correct,0.0745838918479907,round,,D_local,S_final,10,10,22
gemini-3.1-flash-lite,S0,40,2,1,Correct,0.092906084252602,round,,D_local,S_final,10,10,22
gemini-3.1-flash-lite,S0,40,2,2,Correct,0.0886311146164411,round,,D_local,S_final,10,10,22
gemini-3.1-flash-lite,S0,40,2,3,Correct,0.0769642590971335,round,,D_local,S_final,10,10,22
gemini-3.1-flash-lite,S0,40,3,1,Correct,0.0080847386100251,round,,D_local,S_final,10,10,22
gemini-3.1-flash-lite,S0,40,3,2,Correct,0.0046719201365126,round,,D_local,S_final,10,10,22
gemini-3.1-flash-lite,S0,40,3,3,Correct,0.0160904056670306,round,,D_local,S_final,10,10,22
gemini-3.1-flash-lite,S0,40,4,1,Correct,0.0288633413945132,round,,D_local,S_final,10,10,22
gemini-3.1-flash-lite,S0,40,4,2,Correct,0.0260465644687877,round,,D_local,S_final,10,10,22
gemini-3.1-flash-lite,S0,40,4,3,Correct,0.0351670571564889,round,,D_local,S_final,10,10,22
gemini-3.1-flash-lite,S0,40,5,1,Wrong,0.0702957484391153,round,,D_local,S_final,10,10,22
gemini-3.1-flash-lite,S0,40,5,2,Wrong,0.0625965654658675,round,,D_local,S_final,10,10,22
gemini-3.1-flash-lite,S0,40,5,3,Wrong,0.0687611719246379,round,,D_local,S_final,10,10,22
gemini-3.1-flash-lite,S0,40,6,1,Correct,0.0732550585372757,round,,D_local,S_final,10,10,22
gemini-3.1-flash-lite,S0,40,6,2,Correct,0.0488497769167204,round,,D_local,S_final,10,10,22
gemini-3.1-flash-lite,S0,40,6,3,Correct,0.0470432350058273,round,,D_local,S_final,10,10,22
gemini-3.1-flash-lite,S0,41,1,1,Correct,0.1131585035779469,round,,D_local,S_final,10,10,22
gemini-3.1-flash-lite,S0,41,1,2,Correct,0.0969536213402409,round,,D_local,S_final,10,10,22
gemini-3.1-flash-lite,S0,41,1,3,Correct,0.1167252372729629,round,,D_local,S_final,10,10,22
gemini-3.1-flash-lite,S0,42,1,1,Wrong,-0.0359934247795478,round,,D_local,S_final,10,10,22
gemini-3.1-flash-lite,S0,42,1,2,Wrong,-0.0439238863924457,round,,D_local,S_final,10,10,22
gemini-3.1-flash-lite,S0,42,1,3,Wrong,-0.034079016694235,round,,D_local,S_final,10,10,22
gemini-3.1-flash-lite,S0,43,1,1,Wrong,-0.0718957941810946,round,,D_local,S_final,10,10,22
gemini-3.1-flash-lite,S0,43,1,2,Wrong,-0.0746165851901967,round,,D_local,S_final,10,10,22
gemini-3.1-flash-lite,S0,43,1,3,Wrong,-0.0898565448064145,round,,D_local,S_final,10,10,22
gemini-3.1-flash-lite,S0,44,1,1,Wrong,0.0406766630006498,round,,D_local,S_final,10,10,22
gemini-3.1-flash-lite,S0,44,1,2,Wrong,0.0313306462377781,round,,D_local,S_final,10,10,22
gemini-3.1-flash-lite,S0,44,1,3,Wrong,0.0366525797318393,round,,D_local,S_final,10,10,22
gemini-3.1-flash-lite,S0,45,1,1,Correct,0.1718697732429343,round,,D_local,S_final,10,10,22
gemini-3.1-flash-lite,S0,45,1,2,Correct,0.1567098378736974,round,,D_local,S_final,10,10,22
gemini-3.1-flash-lite,S0,45,1,3,Correct,0.1621522282283839,round,,D_local,S_final,10,10,22
gemini-3.1-flash-lite,S0,45,2,1,Wrong,-0.1055913236339927,round,,D_local,S_final,10,10,22
gemini-3.1-flash-lite,S0,45,2,2,Wrong,-0.1001294969569469,round,,D_local,S_final,10,10,22
gemini-3.1-flash-lite,S0,45,2,3,Wrong,-0.1089231442569915,round,,D_local,S_final,10,10,22
gemini-3.1-flash-lite,S0,45,3,1,Wrong,-0.0861110806884871,round,,D_local,S_final,10,10,22
gemini-3.1-flash-lite,S0,45,3,2,Wrong,-0.0799457243064937,round,,D_local,S_final,10,10,22
gemini-3.1-flash-lite,S0,45,3,3,Wrong,-0.0698228675512608,round,,D_local,S_final,10,10,22
gemini-3.1-flash-lite,S0,46,1,1,Correct,0.1029368059538488,round,,D_local,S_final,10,10,22
gemini-3.1-flash-lite,S0,46,1,2,Correct,0.1129178501619951,round,,D_local,S_final,10,10,22
gemini-3.1-flash-lite,S0,46,1,3,Correct,0.1134509082533959,round,,D_local,S_final,10,10,22
gemini-3.1-flash-lite,S0,46,2,1,Correct,0.0649126114637991,round,,D_local,S_final,10,10,22
gemini-3.1-flash-lite,S0,46,2,2,Correct,0.0614902192691952,round,,D_local,S_final,10,10,22
gemini-3.1-flash-lite,S0,46,2,3,Correct,0.0585003898809353,round,,D_local,S_final,10,10,22
gemini-3.1-flash-lite,S0,47,1,1,Correct,0.1213943984688049,round,,D_local,S_final,10,10,22
gemini-3.1-flash-lite,S0,47,1,2,Correct,0.1226496956024374,round,,D_local,S_final,10,10,22
gemini-3.1-flash-lite,S0,47,1,3,Correct,0.1096316541288855,round,,D_local,S_final,10,10,22
gemini-3.1-flash-lite,S0,47,2,1,Correct,-0.0012444956822723,round,,D_local,S_final,10,10,22
gemini-3.1-flash-lite,S0,47,2,2,Correct,0.0153999809745186,round,,D_local,S_final,10,10,22
gemini-3.1-flash-lite,S0,47,2,3,Correct,-0.0025036774520429,round,,D_local,S_final,10,10,22
gemini-3.1-flash-lite,S0,48,1,1,Correct,0.1096042766490409,round,,D_local,S_final,10,10,22
gemini-3.1-flash-lite,S0,48,1,2,Correct,0.1038078003197324,round,,D_local,S_final,10,10,22
gemini-3.1-flash-lite,S0,48,1,3,Correct,0.1143205820384738,round,,D_local,S_final,10,10,22
gemini-3.1-flash-lite,S0,48,2,1,Wrong,-0.0518566303590365,round,,D_local,S_final,10,10,22
gemini-3.1-flash-lite,S0,48,2,2,Wrong,-0.0353429232475841,round,,D_local,S_final,10,10,22
gemini-3.1-flash-lite,S0,48,2,3,Wrong,-0.0417656391507628,round,,D_local,S_final,10,10,22
gemini-3.1-flash-lite,S0,49,1,1,Correct,0.0558395060325266,round,,D_local,S_final,10,10,22
gemini-3.1-flash-lite,S0,49,1,2,Correct,0.0197505963502434,round,,D_local,S_final,10,10,22
gemini-3.1-flash-lite,S0,49,1,3,Correct,0.0430368968387412,round,,D_local,S_final,10,10,22
gemini-3.1-flash-lite,S0,50,1,1,Correct,0.0243433338993765,round,,D_local,S_final,10,10,22
gemini-3.1-flash-lite,S0,50,1,2,Correct,0.0268368613406404,round,,D_local,S_final,10,10,22
gemini-3.1-flash-lite,S0,50,1,3,Correct,0.0369935669679469,round,,D_local,S_final,10,10,22
gemini-3.1-flash-lite,S0,51,1,1,Wrong,0.1084326598048679,round,,D_local,S_final,10,10,22
gemini-3.1-flash-lite,S0,51,1,2,Wrong,0.0969549827713617,round,,D_local,S_final,10,10,22
gemini-3.1-flash-lite,S0,51,1,3,Wrong,0.1046825206894149,round,,D_local,S_final,10,10,22
gemini-3.1-flash-lite,S0,52,1,1,Correct,0.1437958387332871,round,,D_local,S_final,10,10,22
gemini-3.1-flash-lite,S0,52,1,2,Correct,0.1652531081117635,round,,D_local,S_final,10,10,22
gemini-3.1-flash-lite,S0,52,1,3,Correct,0.1437162096785803,round,,D_local,S_final,10,10,22
gemini-3.1-flash-lite,S0,53,1,1,Wrong,0.035168657056407,round,,D_local,S_final,10,10,22
gemini-3.1-flash-lite,S0,53,1,2,Wrong,0.0353391643652031,round,,D_local,S_final,10,10,22
gemini-3.1-flash-lite,S0,53,1,3,Wrong,0.0152196665147014,round,,D_local,S_final,10,10,22
gemini-3.1-flash-lite,S0,53,2,1,Correct,0.0887956749391664,round,,D_local,S_final,10,10,22
gemini-3.1-flash-lite,S0,53,2,2,Correct,0.0883783905665821,round,,D_local,S_final,10,10,22
gemini-3.1-flash-lite,S0,53,2,3,Correct,0.0600899472068605,round,,D_local,S_final,10,10,22
gemini-3.1-flash-lite,S0,54,1,1,Wrong,-0.0851183025140173,round,,D_local,S_final,10,10,22
gemini-3.1-flash-lite,S0,54,1,2,Wrong,-0.118474209250947,round,,D_local,S_final,10,10,22
gemini-3.1-flash-lite,S0,54,1,3,Wrong,-0.0951584327641353,round,,D_local,S_final,10,10,22
gemini-3.1-flash-lite,S0,54,2,1,Correct,0.0731016451968158,round,,D_local,S_final,10,10,22
gemini-3.1-flash-lite,S0,54,2,2,Correct,0.0858158987961787,round,,D_local,S_final,10,10,22
gemini-3.1-flash-lite,S0,54,2,3,Correct,0.0840473459049061,round,,D_local,S_final,10,10,22
gemini-3.1-flash-lite,S0,55,1,1,Wrong,-0.0497286706995405,round,,D_local,S_final,10,10,22
gemini-3.1-flash-lite,S0,55,1,2,Wrong,-0.0435955085232725,round,,D_local,S_final,10,10,22
gemini-3.1-flash-lite,S0,55,1,3,Wrong,-0.0439790363295647,round,,D_local,S_final,10,10,22
gemini-3.1-flash-lite,S0,55,2,1,Correct,0.1117777342021095,round,,D_local,S_final,10,10,22
gemini-3.1-flash-lite,S0,55,2,2,Correct,0.10047067589323,round,,D_local,S_final,10,10,22
gemini-3.1-flash-lite,S0,55,2,3,Correct,0.085415656592717,round,,D_local,S_final,10,10,22
gemini-3.1-flash-lite,S0,56,1,1,Correct,0.0424695036502431,round,,D_local,S_final,10,10,22
gemini-3.1-flash-lite,S0,56,1,2,Correct,0.0439781580096979,round,,D_local,S_final,10,10,22
gemini-3.1-flash-lite,S0,56,1,3,Correct,0.0375580632466894,round,,D_local,S_final,10,10,22
gemini-3.1-flash-lite,S0,56,2,1,Correct,0.0408162035440688,round,,D_local,S_final,10,10,22
gemini-3.1-flash-lite,S0,56,2,2,Correct,0.0482012200014636,round,,D_local,S_final,10,10,22
gemini-3.1-flash-lite,S0,56,2,3,Correct,0.0558204078194255,round,,D_local,S_final,10,10,22
gemini-3.1-flash-lite,S0,57,1,1,Wrong,-0.1268478429339284,round,,D_local,S_final,10,10,22
gemini-3.1-flash-lite,S0,57,1,2,Wrong,-0.1363831812345044,round,,D_local,S_final,10,10,22
gemini-3.1-flash-lite,S0,57,1,3,Wrong,-0.1295985978620679,round,,D_local,S_final,10,10,22
gemini-3.1-flash-lite,S0,57,2,1,Wrong,-0.1987044907330737,round,,D_local,S_final,10,10,22
gemini-3.1-flash-lite,S0,57,2,2,Wrong,-0.2124805896514603,round,,D_local,S_final,10,10,22
gemini-3.1-flash-lite,S0,57,2,3,Wrong,-0.1879080721389608,round,,D_local,S_final,10,10,22
gemini-3.1-flash-lite,S0,58,1,1,Wrong,-0.0293131231582247,round,,D_local,S_final,10,10,22
gemini-3.1-flash-lite,S0,58,1,2,Wrong,-0.0171809474391056,round,,D_local,S_final,10,10,22
gemini-3.1-flash-lite,S0,58,1,3,Wrong,-0.0176315633753073,round,,D_local,S_final,10,10,22
gemini-3.1-flash-lite,S0,58,2,1,Correct,0.0564165485655491,round,,D_local,S_final,10,10,22
gemini-3.1-flash-lite,S0,58,2,2,Correct,0.0404819710673129,round,,D_local,S_final,10,10,22
gemini-3.1-flash-lite,S0,58,2,3,Correct,0.0515111777415903,round,,D_local,S_final,10,10,22
gemini-3.1-flash-lite,S0,59,1,1,Wrong,-0.0584459301262009,round,,D_local,S_final,10,10,22
gemini-3.1-flash-lite,S0,59,1,2,Wrong,-0.0508233711142505,round,,D_local,S_final,10,10,22
gemini-3.1-flash-lite,S0,59,1,3,Wrong,-0.0556415173978912,round,,D_local,S_final,10,10,22
gemini-3.1-flash-lite,S0,59,2,1,Correct,0.0627147538688798,round,,D_local,S_final,10,10,22
gemini-3.1-flash-lite,S0,59,2,2,Correct,0.0799055090801916,round,,D_local,S_final,10,10,22
gemini-3.1-flash-lite,S0,59,2,3,Correct,0.076842165736378,round,,D_local,S_final,10,10,22
gemini-3.1-flash-lite,S0,60,1,1,Wrong,-0.0958052066075872,round,,D_local,S_final,10,10,22
gemini-3.1-flash-lite,S0,60,1,2,Wrong,-0.114187542773042,round,,D_local,S_final,10,10,22
gemini-3.1-flash-lite,S0,60,1,3,Wrong,-0.1121227605749907,round,,D_local,S_final,10,10,22
gemini-3.1-flash-lite,S0,60,2,1,Correct,0.1001866201893695,round,,D_local,S_final,10,10,22
gemini-3.1-flash-lite,S0,60,2,2,Correct,0.0787162626407347,round,,D_local,S_final,10,10,22
gemini-3.1-flash-lite,S0,60,2,3,Correct,0.1011020814672838,round,,D_local,S_final,10,10,22
gemini-3.1-flash-lite,S0,61,1,1,Wrong,-0.0814081441303449,round,,D_local,S_final,10,10,22
gemini-3.1-flash-lite,S0,61,1,2,Wrong,-0.0941395868776751,round,,D_local,S_final,10,10,22
gemini-3.1-flash-lite,S0,61,1,3,Wrong,-0.081263078903947,round,,D_local,S_final,10,10,22
gemini-3.1-flash-lite,S0,61,2,1,Correct,0.0972449657814022,round,,D_local,S_final,10,10,22
gemini-3.1-flash-lite,S0,61,2,2,Correct,0.0923924823215324,round,,D_local,S_final,10,10,22
gemini-3.1-flash-lite,S0,61,2,3,Correct,0.0937416541666651,round,,D_local,S_final,10,10,22
gemini-3.1-flash-lite,S0,62,1,1,Wrong,-0.006033844706235,round,,D_local,S_final,10,10,22
gemini-3.1-flash-lite,S0,62,1,2,Wrong,-0.0053177927796158,round,,D_local,S_final,10,10,22
gemini-3.1-flash-lite,S0,62,1,3,Wrong,-0.0030762838530752,round,,D_local,S_final,10,10,22
gemini-3.1-flash-lite,S0,62,2,1,Wrong,-0.0104726780635575,round,,D_local,S_final,10,10,22
gemini-3.1-flash-lite,S0,62,2,2,Wrong,-0.0051675086030615,round,,D_local,S_final,10,10,22
gemini-3.1-flash-lite,S0,62,2,3,Wrong,0.0005098146982369,round,,D_local,S_final,10,10,22
gemini-3.1-flash-lite,S0,63,1,1,Wrong,0.0062017896915501,round,,D_local,S_final,10,10,22
gemini-3.1-flash-lite,S0,63,1,2,Wrong,0.0010694317175933,round,,D_local,S_final,10,10,22
gemini-3.1-flash-lite,S0,63,1,3,Wrong,0.0115220496009935,round,,D_local,S_final,10,10,22
gemini-3.1-flash-lite,S0,63,2,1,Wrong,-0.0063120961977812,round,,D_local,S_final,10,10,22
gemini-3.1-flash-lite,S0,63,2,2,Wrong,-0.0092129719653129,round,,D_local,S_final,10,10,22
gemini-3.1-flash-lite,S0,63,2,3,Wrong,-0.0156038423423037,round,,D_local,S_final,10,10,22
gemini-3.1-flash-lite,S0,64,1,1,Correct,-0.0271956408739085,round,,D_local,S_final,10,10,22
gemini-3.1-flash-lite,S0,64,1,2,Correct,0.0229157567842203,round,,D_local,S_final,10,10,22
gemini-3.1-flash-lite,S0,64,1,3,Correct,-0.017002681727345,round,,D_local,S_final,10,10,22
gemini-3.1-flash-lite,S0,64,2,1,Correct,0.0372480385993022,round,,D_local,S_final,10,10,22
gemini-3.1-flash-lite,S0,64,2,2,Correct,0.0339429330967774,round,,D_local,S_final,10,10,22
gemini-3.1-flash-lite,S0,64,2,3,Correct,0.0292389396768896,round,,D_local,S_final,10,10,22
gemini-3.1-flash-lite,S1,1,1,1,Correct,0.1414632499804448,round,,D_local,S_final,10,10,22
gemini-3.1-flash-lite,S1,1,1,2,Correct,0.1376070402288041,round,,D_local,S_final,10,10,22
gemini-3.1-flash-lite,S1,1,1,3,Correct,0.1461098442082348,round,,D_local,S_final,10,10,22
gemini-3.1-flash-lite,S1,1,2,1,Correct,0.0260022734522518,round,,D_local,S_final,10,10,22
gemini-3.1-flash-lite,S1,1,2,2,Correct,0.0230832271181208,round,,D_local,S_final,10,10,22
gemini-3.1-flash-lite,S1,1,2,3,Correct,0.0193925806758775,round,,D_local,S_final,10,10,22
gemini-3.1-flash-lite,S1,1,3,1,Correct,-0.0229059746741944,round,,D_local,S_final,10,10,22
gemini-3.1-flash-lite,S1,1,3,2,Wrong,-0.0188466953820878,round,,D_local,S_final,10,10,22
gemini-3.1-flash-lite,S1,1,3,3,Correct,-0.0320783275456102,round,,D_local,S_final,10,10,22
gemini-3.1-flash-lite,S1,1,4,1,Correct,0.089156111914201,round,,D_local,S_final,10,10,22
gemini-3.1-flash-lite,S1,1,4,2,Correct,0.0663283373825938,round,,D_local,S_final,10,10,22
gemini-3.1-flash-lite,S1,1,4,3,Correct,0.056187677495458,round,,D_local,S_final,10,10,22
gemini-3.1-flash-lite,S1,1,5,1,Wrong,0.0143334241014003,round,,D_local,S_final,10,10,22
gemini-3.1-flash-lite,S1,1,5,2,Wrong,0.0092287114563435,round,,D_local,S_final,10,10,22
gemini-3.1-flash-lite,S1,1,5,3,Wrong,0.0048468169581575,round,,D_local,S_final,10,10,22
gemini-3.1-flash-lite,S1,2,1,1,Correct,0.2300446170366379,round,,D_local,S_final,10,10,22
gemini-3.1-flash-lite,S1,2,1,2,Correct,0.1947226443760378,round,,D_local,S_final,10,10,22
gemini-3.1-flash-lite,S1,2,1,3,Correct,0.2445326524534073,round,,D_local,S_final,10,10,22
gemini-3.1-flash-lite,S1,3,1,1,Wrong,0.1810515577042535,round,,D_local,S_final,10,10,22
gemini-3.1-flash-lite,S1,3,1,2,Wrong,0.1962678901356462,round,,D_local,S_final,10,10,22
gemini-3.1-flash-lite,S1,3,1,3,Wrong,0.1721863199742671,round,,D_local,S_final,10,10,22
gemini-3.1-flash-lite,S1,3,2,1,Correct,0.1998380395418874,round,,D_local,S_final,10,10,22
gemini-3.1-flash-lite,S1,3,2,2,Correct,0.2097805799546661,round,,D_local,S_final,10,10,22
gemini-3.1-flash-lite,S1,3,2,3,Correct,0.1945706615733703,round,,D_local,S_final,10,10,22
gemini-3.1-flash-lite,S1,4,1,1,Wrong,0.1167828869794024,round,,D_local,S_final,10,10,22
gemini-3.1-flash-lite,S1,4,1,2,Wrong,0.107205291377596,round,,D_local,S_final,10,10,22
gemini-3.1-flash-lite,S1,4,1,3,Wrong,0.1217703998297524,round,,D_local,S_final,10,10,22
gemini-3.1-flash-lite,S1,4,2,1,Wrong,0.1019603950733374,round,,D_local,S_final,10,10,22
gemini-3.1-flash-lite,S1,4,2,2,Wrong,0.11414902693503,round,,D_local,S_final,10,10,22
gemini-3.1-flash-lite,S1,4,2,3,Wrong,0.1069350852471769,round,,D_local,S_final,10,10,22
gemini-3.1-flash-lite,S1,4,3,1,Correct,0.077620832307514,round,,D_local,S_final,10,10,22
gemini-3.1-flash-lite,S1,4,3,2,Correct,0.0806377349046146,round,,D_local,S_final,10,10,22
gemini-3.1-flash-lite,S1,4,3,3,Correct,0.0819538209351425,round,,D_local,S_final,10,10,22
gemini-3.1-flash-lite,S1,5,1,1,Wrong,0.0609120399260059,round,,D_local,S_final,10,10,22
gemini-3.1-flash-lite,S1,5,1,2,Wrong,0.0558228776882312,round,,D_local,S_final,10,10,22
gemini-3.1-flash-lite,S1,5,1,3,Wrong,0.0431960935987201,round,,D_local,S_final,10,10,22
gemini-3.1-flash-lite,S1,5,2,1,Wrong,0.0710807658553386,round,,D_local,S_final,10,10,22
gemini-3.1-flash-lite,S1,5,2,2,Correct,0.0839871463006043,round,,D_local,S_final,10,10,22
gemini-3.1-flash-lite,S1,5,2,3,Correct,0.0702492074847381,round,,D_local,S_final,10,10,22
gemini-3.1-flash-lite,S1,5,3,1,Correct,0.1029399383543562,round,,D_local,S_final,10,10,22
gemini-3.1-flash-lite,S1,5,3,2,Wrong,0.086283916739805,round,,D_local,S_final,10,10,22
gemini-3.1-flash-lite,S1,5,3,3,Correct,0.0831696019301606,round,,D_local,S_final,10,10,22
gemini-3.1-flash-lite,S1,6,1,1,Correct,0.088250305228022,round,,D_local,S_final,10,10,22
gemini-3.1-flash-lite,S1,6,1,2,Correct,0.1013197892080256,round,,D_local,S_final,10,10,22
gemini-3.1-flash-lite,S1,6,1,3,Correct,0.0928174569601688,round,,D_local,S_final,10,10,22
gemini-3.1-flash-lite,S1,6,2,1,Wrong,0.0231924518504246,round,,D_local,S_final,10,10,22
gemini-3.1-flash-lite,S1,6,2,2,Wrong,0.0201741855460449,round,,D_local,S_final,10,10,22
gemini-3.1-flash-lite,S1,6,2,3,Wrong,0.0200190257192798,round,,D_local,S_final,10,10,22
gemini-3.1-flash-lite,S1,6,3,1,Correct,0.0731787491554055,round,,D_local,S_final,10,10,22
gemini-3.1-flash-lite,S1,6,3,2,Correct,0.0638019972906164,round,,D_local,S_final,10,10,22
gemini-3.1-flash-lite,S1,6,3,3,Correct,0.0758779370543951,round,,D_local,S_final,10,10,22
gemini-3.1-flash-lite,S1,7,1,1,Wrong,0.1294333885265975,round,,D_local,S_final,10,10,22
gemini-3.1-flash-lite,S1,7,1,2,Wrong,0.1153858059931892,round,,D_local,S_final,10,10,22
gemini-3.1-flash-lite,S1,7,1,3,Wrong,0.1325248747765074,round,,D_local,S_final,10,10,22
gemini-3.1-flash-lite,S1,7,2,1,Wrong,0.100067745506767,round,,D_local,S_final,10,10,22
gemini-3.1-flash-lite,S1,7,2,2,Wrong,0.1036584547096506,round,,D_local,S_final,10,10,22
gemini-3.1-flash-lite,S1,7,2,3,Wrong,0.1005118842127696,round,,D_local,S_final,10,10,22
gemini-3.1-flash-lite,S1,7,3,1,Wrong,-0.0247025518445102,round,,D_local,S_final,10,10,22
gemini-3.1-flash-lite,S1,7,3,2,Wrong,-0.0163335685847541,round,,D_local,S_final,10,10,22
gemini-3.1-flash-lite,S1,7,3,3,Wrong,-0.0192017670900295,round,,D_local,S_final,10,10,22
gemini-3.1-flash-lite,S1,7,4,1,Correct,0.0451866002355531,round,,D_local,S_final,10,10,22
gemini-3.1-flash-lite,S1,7,4,2,Correct,0.0152406634336866,round,,D_local,S_final,10,10,22
gemini-3.1-flash-lite,S1,7,4,3,Correct,0.012598409479785,round,,D_local,S_final,10,10,22
gemini-3.1-flash-lite,S1,7,5,1,Correct,0.0555296910443727,round,,D_local,S_final,10,10,22
gemini-3.1-flash-lite,S1,7,5,2,Correct,0.0372678304730133,round,,D_local,S_final,10,10,22
gemini-3.1-flash-lite,S1,7,5,3,Correct,0.0699397980990369,round,,D_local,S_final,10,10,22
gemini-3.1-flash-lite,S1,7,6,1,Correct,-0.0276266029933361,round,,D_local,S_final,10,10,22
gemini-3.1-flash-lite,S1,7,6,2,Wrong,-0.0327100641242718,round,,D_local,S_final,10,10,22
gemini-3.1-flash-lite,S1,7,6,3,Wrong,-0.0388098691814756,round,,D_local,S_final,10,10,22
gemini-3.1-flash-lite,S1,7,7,1,Wrong,0.0839395772683642,round,,D_local,S_final,10,10,22
gemini-3.1-flash-lite,S1,7,7,2,Wrong,0.0775075116185178,round,,D_local,S_final,10,10,22
gemini-3.1-flash-lite,S1,7,7,3,Wrong,0.0856984610505662,round,,D_local,S_final,10,10,22
gemini-3.1-flash-lite,S1,7,8,1,Correct,0.1109071006808364,round,,D_local,S_final,10,10,22
gemini-3.1-flash-lite,S1,7,8,2,Correct,0.0964280181923892,round,,D_local,S_final,10,10,22
gemini-3.1-flash-lite,S1,7,8,3,Correct,0.0974556392202291,round,,D_local,S_final,10,10,22
gemini-3.1-flash-lite,S1,7,9,1,Correct,0.1227302442440144,round,,D_local,S_final,10,10,22
gemini-3.1-flash-lite,S1,7,9,2,Correct,0.0967034871995441,round,,D_local,S_final,10,10,22
gemini-3.1-flash-lite,S1,7,9,3,Correct,0.1350128019857772,round,,D_local,S_final,10,10,22
gemini-3.1-flash-lite,S1,7,10,1,Wrong,-0.0836287542355762,round,,D_local,S_final,10,10,22
gemini-3.1-flash-lite,S1,7,10,2,Wrong,-0.0630266717658828,round,,D_local,S_final,10,10,22
gemini-3.1-flash-lite,S1,7,10,3,Wrong,-0.0703829088034733,round,,D_local,S_final,10,10,22
gemini-3.1-flash-lite,S1,7,11,1,Wrong,0.0077017745699098,round,,D_local,S_final,10,10,22
gemini-3.1-flash-lite,S1,7,11,2,Wrong,0.0278733654864599,round,,D_local,S_final,10,10,22
gemini-3.1-flash-lite,S1,7,11,3,Wrong,0.0478194780438439,round,,D_local,S_final,10,10,22
gemini-3.1-flash-lite,S1,8,1,1,Correct,0.0369199257656054,round,,D_local,S_final,10,10,22
gemini-3.1-flash-lite,S1,8,1,2,Correct,0.05022224856875,round,,D_local,S_final,10,10,22
gemini-3.1-flash-lite,S1,8,1,3,Correct,0.0522621363596939,round,,D_local,S_final,10,10,22
gemini-3.1-flash-lite,S1,8,2,1,Correct,0.0702617782633784,round,,D_local,S_final,10,10,22
gemini-3.1-flash-lite,S1,8,2,2,Correct,0.0580661721886436,round,,D_local,S_final,10,10,22
gemini-3.1-flash-lite,S1,8,2,3,Correct,0.073579070800827,round,,D_local,S_final,10,10,22
gemini-3.1-flash-lite,S1,8,3,1,Wrong,0.0266283181500045,round,,D_local,S_final,10,10,22
gemini-3.1-flash-lite,S1,8,3,2,Wrong,0.0347631193571708,round,,D_local,S_final,10,10,22
gemini-3.1-flash-lite,S1,8,3,3,Wrong,0.0371605288133709,round,,D_local,S_final,10,10,22
gemini-3.1-flash-lite,S1,8,4,1,Wrong,-0.0618499242401764,round,,D_local,S_final,10,10,22
gemini-3.1-flash-lite,S1,8,4,2,Wrong,-0.079685563275312,round,,D_local,S_final,10,10,22
gemini-3.1-flash-lite,S1,8,4,3,Wrong,-0.0837125294769167,round,,D_local,S_final,10,10,22
gemini-3.1-flash-lite,S1,9,1,1,Correct,0.0598984854864415,round,,D_local,S_final,10,10,22
gemini-3.1-flash-lite,S1,9,1,2,Correct,0.0599982765003066,round,,D_local,S_final,10,10,22
gemini-3.1-flash-lite,S1,9,1,3,Correct,0.0601603423141424,round,,D_local,S_final,10,10,22
gemini-3.1-flash-lite,S1,9,2,1,Wrong,0.0445104484368713,round,,D_local,S_final,10,10,22
gemini-3.1-flash-lite,S1,9,2,2,Wrong,0.0524188204446997,round,,D_local,S_final,10,10,22
gemini-3.1-flash-lite,S1,9,2,3,Wrong,0.0589076660962613,round,,D_local,S_final,10,10,22
gemini-3.1-flash-lite,S1,9,3,1,Correct,0.0833536774298425,round,,D_local,S_final,10,10,22
gemini-3.1-flash-lite,S1,9,3,2,Correct,0.0835238352845353,round,,D_local,S_final,10,10,22
gemini-3.1-flash-lite,S1,9,3,3,Correct,0.0728218314143935,round,,D_local,S_final,10,10,22
gemini-3.1-flash-lite,S1,10,1,1,Wrong,0.1039948740354693,round,,D_local,S_final,10,10,22
gemini-3.1-flash-lite,S1,10,1,2,Wrong,0.096050754811431,round,,D_local,S_final,10,10,22
gemini-3.1-flash-lite,S1,10,1,3,Wrong,0.0922596746807279,round,,D_local,S_final,10,10,22
gemini-3.1-flash-lite,S1,10,2,1,Wrong,0.0859569577428015,round,,D_local,S_final,10,10,22
gemini-3.1-flash-lite,S1,10,2,2,Wrong,0.0971026218437645,round,,D_local,S_final,10,10,22
gemini-3.1-flash-lite,S1,10,2,3,Wrong,0.0841894197087376,round,,D_local,S_final,10,10,22
gemini-3.1-flash-lite,S1,11,1,1,Wrong,0.0428344640992978,round,,D_local,S_final,10,10,22
gemini-3.1-flash-lite,S1,11,1,2,Wrong,0.0323411294974541,round,,D_local,S_final,10,10,22
gemini-3.1-flash-lite,S1,11,1,3,Wrong,-0.008513579762878,round,,D_local,S_final,10,10,22
gemini-3.1-flash-lite,S1,12,1,1,Wrong,-0.0302012874307886,round,,D_local,S_final,10,10,22
gemini-3.1-flash-lite,S1,12,1,2,Correct,-0.0051464926810821,round,,D_local,S_final,10,10,22
gemini-3.1-flash-lite,S1,12,1,3,Wrong,-0.0512462300289365,round,,D_local,S_final,10,10,22
gemini-3.1-flash-lite,S1,13,1,1,Wrong,0.1483248255659099,round,,D_local,S_final,10,10,22
gemini-3.1-flash-lite,S1,13,1,2,Wrong,0.1458842005996244,round,,D_local,S_final,10,10,22
gemini-3.1-flash-lite,S1,13,1,3,Wrong,0.1660965608562342,round,,D_local,S_final,10,10,22
gemini-3.1-flash-lite,S1,13,2,1,Correct,-0.0341736901080731,round,,D_local,S_final,10,10,22
gemini-3.1-flash-lite,S1,13,2,2,Correct,-0.008150657944135,round,,D_local,S_final,10,10,22
gemini-3.1-flash-lite,S1,13,2,3,Correct,-0.0262922349353379,round,,D_local,S_final,10,10,22
gemini-3.1-flash-lite,S1,13,3,1,Wrong,0.0242327689556536,round,,D_local,S_final,10,10,22
gemini-3.1-flash-lite,S1,13,3,2,Correct,0.0061893680970641,round,,D_local,S_final,10,10,22
gemini-3.1-flash-lite,S1,13,3,3,Wrong,-0.0036783335467124,round,,D_local,S_final,10,10,22
gemini-3.1-flash-lite,S1,14,1,1,Correct,0.0782321004283512,round,,D_local,S_final,10,10,22
gemini-3.1-flash-lite,S1,14,1,2,Correct,0.0619319486425977,round,,D_local,S_final,10,10,22
gemini-3.1-flash-lite,S1,14,1,3,Correct,0.0632415242337506,round,,D_local,S_final,10,10,22
gemini-3.1-flash-lite,S1,15,1,1,Wrong,-0.0509793500654236,round,,D_local,S_final,10,10,22
gemini-3.1-flash-lite,S1,15,1,2,Wrong,-0.0656762307780902,round,,D_local,S_final,10,10,22
gemini-3.1-flash-lite,S1,15,1,3,Wrong,-0.0174503467032276,round,,D_local,S_final,10,10,22
gemini-3.1-flash-lite,S1,16,1,1,Correct,0.1580747067058598,round,,D_local,S_final,10,10,22
gemini-3.1-flash-lite,S1,16,1,2,Correct,0.1624812099445388,round,,D_local,S_final,10,10,22
gemini-3.1-flash-lite,S1,16,1,3,Correct,0.1604828586920031,round,,D_local,S_final,10,10,22
gemini-3.1-flash-lite,S1,17,1,1,Correct,0.060427620702222,round,,D_local,S_final,10,10,22
gemini-3.1-flash-lite,S1,17,1,2,Correct,0.0552064905521102,round,,D_local,S_final,10,10,22
gemini-3.1-flash-lite,S1,17,1,3,Correct,0.0693432945552223,round,,D_local,S_final,10,10,22
gemini-3.1-flash-lite,S1,18,1,1,Correct,0.1410960071134899,round,,D_local,S_final,10,10,22
gemini-3.1-flash-lite,S1,18,1,2,Correct,0.1344859951869303,round,,D_local,S_final,10,10,22
gemini-3.1-flash-lite,S1,18,1,3,Correct,0.1400403477081095,round,,D_local,S_final,10,10,22
gemini-3.1-flash-lite,S1,19,1,1,Correct,0.0704680826434561,round,,D_local,S_final,10,10,22
gemini-3.1-flash-lite,S1,19,1,2,Correct,0.0730242325439316,round,,D_local,S_final,10,10,22
gemini-3.1-flash-lite,S1,19,1,3,Correct,0.1009213476271608,round,,D_local,S_final,10,10,22
gemini-3.1-flash-lite,S1,20,1,1,Wrong,0.1418198105648369,round,,D_local,S_final,10,10,22
gemini-3.1-flash-lite,S1,20,1,2,Wrong,0.1055871772959352,round,,D_local,S_final,10,10,22
gemini-3.1-flash-lite,S1,20,1,3,Wrong,0.1377806165764102,round,,D_local,S_final,10,10,22
gemini-3.1-flash-lite,S1,21,1,1,Correct,0.1249437344508875,round,,D_local,S_final,10,10,22
gemini-3.1-flash-lite,S1,21,1,2,Correct,0.121158812776859,round,,D_local,S_final,10,10,22
gemini-3.1-flash-lite,S1,21,1,3,Correct,0.1051639986540554,round,,D_local,S_final,10,10,22
gemini-3.1-flash-lite,S1,22,1,1,Correct,0.0198868438596727,round,,D_local,S_final,10,10,22
gemini-3.1-flash-lite,S1,22,1,2,Correct,0.0294662008076099,round,,D_local,S_final,10,10,22
gemini-3.1-flash-lite,S1,22,1,3,Wrong,0.0216470323845474,round,,D_local,S_final,10,10,22
gemini-3.1-flash-lite,S1,23,1,1,Correct,0.058546951908219,round,,D_local,S_final,10,10,22
gemini-3.1-flash-lite,S1,23,1,2,Correct,0.0569512847666806,round,,D_local,S_final,10,10,22
gemini-3.1-flash-lite,S1,23,1,3,Correct,0.0573359640723687,round,,D_local,S_final,10,10,22
gemini-3.1-flash-lite,S1,24,1,1,Correct,0.018815059116206,round,,D_local,S_final,10,10,22
gemini-3.1-flash-lite,S1,24,1,2,Correct,-0.0063363563938518,round,,D_local,S_final,10,10,22
gemini-3.1-flash-lite,S1,24,1,3,Correct,0.0363573213223027,round,,D_local,S_final,10,10,22
gemini-3.1-flash-lite,S1,25,1,1,Correct,0.0053751027782334,round,,D_local,S_final,10,10,22
gemini-3.1-flash-lite,S1,25,1,2,Wrong,-0.0525057441082391,round,,D_local,S_final,10,10,22
gemini-3.1-flash-lite,S1,25,1,3,Correct,-0.0014595233437951,round,,D_local,S_final,10,10,22
gemini-3.1-flash-lite,S1,25,2,1,Correct,0.0668566967143137,round,,D_local,S_final,10,10,22
gemini-3.1-flash-lite,S1,25,2,2,Correct,0.0967776488724861,round,,D_local,S_final,10,10,22
gemini-3.1-flash-lite,S1,25,2,3,Correct,0.0826156707991284,round,,D_local,S_final,10,10,22
gemini-3.1-flash-lite,S1,26,1,1,Correct,0.0802546245232653,round,,D_local,S_final,10,10,22
gemini-3.1-flash-lite,S1,26,1,2,Correct,0.0653731731320718,round,,D_local,S_final,10,10,22
gemini-3.1-flash-lite,S1,26,1,3,Correct,0.0703686170450823,round,,D_local,S_final,10,10,22
gemini-3.1-flash-lite,S1,26,2,1,Correct,-0.0334409709563124,round,,D_local,S_final,10,10,22
gemini-3.1-flash-lite,S1,26,2,2,Correct,-0.0299639228479157,round,,D_local,S_final,10,10,22
gemini-3.1-flash-lite,S1,26,2,3,Correct,-0.0475512414781904,round,,D_local,S_final,10,10,22
gemini-3.1-flash-lite,S1,26,3,1,Correct,-0.0299657174225262,round,,D_local,S_final,10,10,22
gemini-3.1-flash-lite,S1,26,3,2,Correct,-0.039859863677564,round,,D_local,S_final,10,10,22
gemini-3.1-flash-lite,S1,26,3,3,Correct,-0.0260541703358081,round,,D_local,S_final,10,10,22
gemini-3.1-flash-lite,S1,26,4,1,Correct,0.1577787934178212,round,,D_local,S_final,10,10,22
gemini-3.1-flash-lite,S1,26,4,2,Correct,0.1382536530983698,round,,D_local,S_final,10,10,22
gemini-3.1-flash-lite,S1,26,4,3,Correct,0.1571114981094855,round,,D_local,S_final,10,10,22
gemini-3.1-flash-lite,S1,27,1,1,Wrong,0.0552718788810878,round,,D_local,S_final,10,10,22
gemini-3.1-flash-lite,S1,27,1,2,Wrong,0.0456736841596457,round,,D_local,S_final,10,10,22
gemini-3.1-flash-lite,S1,27,1,3,Wrong,0.0586776713160334,round,,D_local,S_final,10,10,22
gemini-3.1-flash-lite,S1,27,2,1,Correct,-0.0487404733301866,round,,D_local,S_final,10,10,22
gemini-3.1-flash-lite,S1,27,2,2,Correct,-0.0313960766326421,round,,D_local,S_final,10,10,22
gemini-3.1-flash-lite,S1,27,2,3,Correct,-0.0507444599015675,round,,D_local,S_final,10,10,22
gemini-3.1-flash-lite,S1,27,3,1,Correct,-0.0398234779874614,round,,D_local,S_final,10,10,22
gemini-3.1-flash-lite,S1,27,3,2,Correct,-0.0342514212349044,round,,D_local,S_final,10,10,22
gemini-3.1-flash-lite,S1,27,3,3,Correct,-0.0270178961094931,round,,D_local,S_final,10,10,22
gemini-3.1-flash-lite,S1,27,4,1,Correct,0.1808905271126044,round,,D_local,S_final,10,10,22
gemini-3.1-flash-lite,S1,27,4,2,Correct,0.1881039624782925,round,,D_local,S_final,10,10,22
gemini-3.1-flash-lite,S1,27,4,3,Correct,0.1839709061641659,round,,D_local,S_final,10,10,22
gemini-3.1-flash-lite,S1,28,1,1,Wrong,0.0378743194526363,round,,D_local,S_final,10,10,22
gemini-3.1-flash-lite,S1,28,1,2,Wrong,0.0449519587205013,round,,D_local,S_final,10,10,22
gemini-3.1-flash-lite,S1,28,1,3,Wrong,0.0351054811949703,round,,D_local,S_final,10,10,22
gemini-3.1-flash-lite,S1,28,2,1,Correct,-0.1065057218944134,round,,D_local,S_final,10,10,22
gemini-3.1-flash-lite,S1,28,2,2,Correct,-0.1157362771575708,round,,D_local,S_final,10,10,22
gemini-3.1-flash-lite,S1,28,2,3,Correct,-0.0771450689169971,round,,D_local,S_final,10,10,22
gemini-3.1-flash-lite,S1,29,1,1,Wrong,0.0674349698692908,round,,D_local,S_final,10,10,22
gemini-3.1-flash-lite,S1,29,1,2,Correct,0.0926580143599489,round,,D_local,S_final,10,10,22
gemini-3.1-flash-lite,S1,29,1,3,Wrong,0.099254903796508,round,,D_local,S_final,10,10,22
gemini-3.1-flash-lite,S1,29,2,1,Correct,-0.078689733144286,round,,D_local,S_final,10,10,22
gemini-3.1-flash-lite,S1,29,2,2,Correct,-0.102471833022222,round,,D_local,S_final,10,10,22
gemini-3.1-flash-lite,S1,29,2,3,Correct,-0.0765091852891585,round,,D_local,S_final,10,10,22
gemini-3.1-flash-lite,S1,30,1,1,Correct,0.0672926420815437,round,,D_local,S_final,10,10,22
gemini-3.1-flash-lite,S1,30,1,2,Correct,0.0829783158707695,round,,D_local,S_final,10,10,22
gemini-3.1-flash-lite,S1,30,1,3,Correct,0.0674927942489348,round,,D_local,S_final,10,10,22
gemini-3.1-flash-lite,S1,30,2,1,Correct,-0.0801842118310943,round,,D_local,S_final,10,10,22
gemini-3.1-flash-lite,S1,30,2,2,Correct,-0.0626183965352432,round,,D_local,S_final,10,10,22
gemini-3.1-flash-lite,S1,30,2,3,Correct,-0.0744331297889689,round,,D_local,S_final,10,10,22
gemini-3.1-flash-lite,S1,31,1,1,Wrong,0.1269081803278351,round,,D_local,S_final,10,10,22
gemini-3.1-flash-lite,S1,31,1,2,Correct,0.1523110918484729,round,,D_local,S_final,10,10,22
gemini-3.1-flash-lite,S1,31,1,3,Correct,0.1481221705767109,round,,D_local,S_final,10,10,22
gemini-3.1-flash-lite,S1,32,1,1,Correct,0.0384022019072033,round,,D_local,S_final,10,10,22
gemini-3.1-flash-lite,S1,32,1,2,Correct,0.0951506901533739,round,,D_local,S_final,10,10,22
gemini-3.1-flash-lite,S1,32,1,3,Correct,0.0691652029103236,round,,D_local,S_final,10,10,22
gemini-3.1-flash-lite,S1,33,1,1,Correct,0.0856264824657188,round,,D_local,S_final,10,10,22
gemini-3.1-flash-lite,S1,33,1,2,Correct,0.1111226605423234,round,,D_local,S_final,10,10,22
gemini-3.1-flash-lite,S1,33,1,3,Correct,0.0763762687168839,round,,D_local,S_final,10,10,22
gemini-3.1-flash-lite,S1,34,1,1,Correct,0.0649874964705919,round,,D_local,S_final,10,10,22
gemini-3.1-flash-lite,S1,34,1,2,Correct,0.0734754069250226,round,,D_local,S_final,10,10,22
gemini-3.1-flash-lite,S1,34,1,3,Correct,0.0255271071721142,round,,D_local,S_final,10,10,22
gemini-3.1-flash-lite,S1,35,1,1,Wrong,0.032847678200059,round,,D_local,S_final,10,10,22
gemini-3.1-flash-lite,S1,35,1,2,Wrong,-0.0006689156982013,round,,D_local,S_final,10,10,22
gemini-3.1-flash-lite,S1,35,1,3,Wrong,0.0503343825078076,round,,D_local,S_final,10,10,22
gemini-3.1-flash-lite,S1,36,1,1,Correct,0.1333337499617412,round,,D_local,S_final,10,10,22
gemini-3.1-flash-lite,S1,36,1,2,Correct,0.1396116377908794,round,,D_local,S_final,10,10,22
gemini-3.1-flash-lite,S1,36,1,3,Correct,0.1266567437936263,round,,D_local,S_final,10,10,22
gemini-3.1-flash-lite,S1,36,2,1,Wrong,0.0131583700253659,round,,D_local,S_final,10,10,22
gemini-3.1-flash-lite,S1,36,2,2,Wrong,0.005763795108332,round,,D_local,S_final,10,10,22
gemini-3.1-flash-lite,S1,36,2,3,Wrong,0.0066025129849345,round,,D_local,S_final,10,10,22
gemini-3.1-flash-lite,S1,36,3,1,Correct,0.0213844498925891,round,,D_local,S_final,10,10,22
gemini-3.1-flash-lite,S1,36,3,2,Correct,0.0183533205839506,round,,D_local,S_final,10,10,22
gemini-3.1-flash-lite,S1,36,3,3,Correct,0.0062041619928193,round,,D_local,S_final,10,10,22
gemini-3.1-flash-lite,S1,37,1,1,Wrong,-0.0475106833866317,round,,D_local,S_final,10,10,22
gemini-3.1-flash-lite,S1,37,1,2,Wrong,-0.0350898823073493,round,,D_local,S_final,10,10,22
gemini-3.1-flash-lite,S1,37,1,3,Wrong,-0.0579222859625249,round,,D_local,S_final,10,10,22
gemini-3.1-flash-lite,S1,37,2,1,Correct,0.0846633987362628,round,,D_local,S_final,10,10,22
gemini-3.1-flash-lite,S1,37,2,2,Correct,0.050720410367026,round,,D_local,S_final,10,10,22
gemini-3.1-flash-lite,S1,37,2,3,Correct,0.0266173975342158,round,,D_local,S_final,10,10,22
gemini-3.1-flash-lite,S1,38,1,1,Wrong,-0.1427069588006478,round,,D_local,S_final,10,10,22
gemini-3.1-flash-lite,S1,38,1,2,Wrong,-0.1633459012682052,round,,D_local,S_final,10,10,22
gemini-3.1-flash-lite,S1,38,1,3,Wrong,-0.1527297856382966,round,,D_local,S_final,10,10,22
gemini-3.1-flash-lite,S1,38,2,1,Wrong,-0.1625232237344258,round,,D_local,S_final,10,10,22
gemini-3.1-flash-lite,S1,38,2,2,Wrong,-0.1351572570305897,round,,D_local,S_final,10,10,22
gemini-3.1-flash-lite,S1,38,2,3,Wrong,-0.1573731538939351,round,,D_local,S_final,10,10,22
gemini-3.1-flash-lite,S1,39,1,1,Wrong,-0.0462311188685713,round,,D_local,S_final,10,10,22
gemini-3.1-flash-lite,S1,39,1,2,Wrong,-0.0581471775815783,round,,D_local,S_final,10,10,22
gemini-3.1-flash-lite,S1,39,1,3,Wrong,-0.0454733887228654,round,,D_local,S_final,10,10,22
gemini-3.1-flash-lite,S1,39,2,1,Correct,0.2077249466724898,round,,D_local,S_final,10,10,22
gemini-3.1-flash-lite,S1,39,2,2,Correct,0.2082727663844916,round,,D_local,S_final,10,10,22
gemini-3.1-flash-lite,S1,39,2,3,Correct,0.1787788458168027,round,,D_local,S_final,10,10,22
gemini-3.1-flash-lite,S1,40,1,1,Correct,0.0770433639841887,round,,D_local,S_final,10,10,22
gemini-3.1-flash-lite,S1,40,1,2,Correct,0.0951726570514812,round,,D_local,S_final,10,10,22
gemini-3.1-flash-lite,S1,40,1,3,Correct,0.0763767049089757,round,,D_local,S_final,10,10,22
gemini-3.1-flash-lite,S1,40,2,1,Correct,0.0653760857019292,round,,D_local,S_final,10,10,22
gemini-3.1-flash-lite,S1,40,2,2,Correct,0.077586919793659,round,,D_local,S_final,10,10,22
gemini-3.1-flash-lite,S1,40,2,3,Correct,0.0663812959963494,round,,D_local,S_final,10,10,22
gemini-3.1-flash-lite,S1,40,3,1,Correct,-0.0003273700706438,round,,D_local,S_final,10,10,22
gemini-3.1-flash-lite,S1,40,3,2,Correct,0.0162833599109554,round,,D_local,S_final,10,10,22
gemini-3.1-flash-lite,S1,40,3,3,Correct,-0.0055637704690142,round,,D_local,S_final,10,10,22
gemini-3.1-flash-lite,S1,40,4,1,Correct,-0.0135273859836992,round,,D_local,S_final,10,10,22
gemini-3.1-flash-lite,S1,40,4,2,Wrong,-0.0139355075822096,round,,D_local,S_final,10,10,22
gemini-3.1-flash-lite,S1,40,4,3,Wrong,0.0066339117146598,round,,D_local,S_final,10,10,22
gemini-3.1-flash-lite,S1,40,5,1,Wrong,0.0509413212932199,round,,D_local,S_final,10,10,22
gemini-3.1-flash-lite,S1,40,5,2,Wrong,0.0529012097882169,round,,D_local,S_final,10,10,22
gemini-3.1-flash-lite,S1,40,5,3,Wrong,0.0589422921026375,round,,D_local,S_final,10,10,22
gemini-3.1-flash-lite,S1,40,6,1,Correct,0.0626684887137389,round,,D_local,S_final,10,10,22
gemini-3.1-flash-lite,S1,40,6,2,Correct,0.0755351630023205,round,,D_local,S_final,10,10,22
gemini-3.1-flash-lite,S1,40,6,3,Correct,0.0334433178975591,round,,D_local,S_final,10,10,22
gemini-3.1-flash-lite,S1,41,1,1,Wrong,0.093956043954028,round,,D_local,S_final,10,10,22
gemini-3.1-flash-lite,S1,41,1,2,Wrong,0.0815281606026234,round,,D_local,S_final,10,10,22
gemini-3.1-flash-lite,S1,41,1,3,Wrong,0.0807117911502314,round,,D_local,S_final,10,10,22
gemini-3.1-flash-lite,S1,42,1,1,Wrong,-0.0655081819372914,round,,D_local,S_final,10,10,22
gemini-3.1-flash-lite,S1,42,1,2,Wrong,-0.05804178140662,round,,D_local,S_final,10,10,22
gemini-3.1-flash-lite,S1,42,1,3,Wrong,-0.0628095245567114,round,,D_local,S_final,10,10,22
gemini-3.1-flash-lite,S1,43,1,1,Wrong,-0.0455279330002643,round,,D_local,S_final,10,10,22
gemini-3.1-flash-lite,S1,43,1,2,Wrong,-0.038617035674184,round,,D_local,S_final,10,10,22
gemini-3.1-flash-lite,S1,43,1,3,Wrong,-0.0438677836771278,round,,D_local,S_final,10,10,22
gemini-3.1-flash-lite,S1,44,1,1,Wrong,0.0517924319324919,round,,D_local,S_final,10,10,22
gemini-3.1-flash-lite,S1,44,1,2,Wrong,0.0618604585447594,round,,D_local,S_final,10,10,22
gemini-3.1-flash-lite,S1,44,1,3,Wrong,0.0504325006309979,round,,D_local,S_final,10,10,22
gemini-3.1-flash-lite,S1,45,1,1,Correct,0.1405860655434935,round,,D_local,S_final,10,10,22
gemini-3.1-flash-lite,S1,45,1,2,Correct,0.1523982945435741,round,,D_local,S_final,10,10,22
gemini-3.1-flash-lite,S1,45,1,3,Correct,0.1508880319177437,round,,D_local,S_final,10,10,22
gemini-3.1-flash-lite,S1,45,2,1,Wrong,-0.0715783123059731,round,,D_local,S_final,10,10,22
gemini-3.1-flash-lite,S1,45,2,2,Wrong,-0.0488555800380831,round,,D_local,S_final,10,10,22
gemini-3.1-flash-lite,S1,45,2,3,Wrong,-0.0549328610020789,round,,D_local,S_final,10,10,22
gemini-3.1-flash-lite,S1,45,3,1,Wrong,-0.0602515046331023,round,,D_local,S_final,10,10,22
gemini-3.1-flash-lite,S1,45,3,2,Wrong,-0.0817471153456141,round,,D_local,S_final,10,10,22
gemini-3.1-flash-lite,S1,45,3,3,Wrong,-0.0595267481621255,round,,D_local,S_final,10,10,22
gemini-3.1-flash-lite,S1,46,1,1,Correct,0.1193337695617516,round,,D_local,S_final,10,10,22
gemini-3.1-flash-lite,S1,46,1,2,Correct,0.1133727382672326,round,,D_local,S_final,10,10,22
gemini-3.1-flash-lite,S1,46,1,3,Correct,0.1080303927069656,round,,D_local,S_final,10,10,22
gemini-3.1-flash-lite,S1,46,2,1,Wrong,0.0520066453944065,round,,D_local,S_final,10,10,22
gemini-3.1-flash-lite,S1,46,2,2,Wrong,0.0418922287432171,round,,D_local,S_final,10,10,22
gemini-3.1-flash-lite,S1,46,2,3,Correct,0.0517709811220066,round,,D_local,S_final,10,10,22
gemini-3.1-flash-lite,S1,47,1,1,Correct,0.1238482638005625,round,,D_local,S_final,10,10,22
gemini-3.1-flash-lite,S1,47,1,2,Correct,0.1156714612384052,round,,D_local,S_final,10,10,22
gemini-3.1-flash-lite,S1,47,1,3,Correct,0.1299734657648303,round,,D_local,S_final,10,10,22
gemini-3.1-flash-lite,S1,47,2,1,Correct,0.0161316685564708,round,,D_local,S_final,10,10,22
gemini-3.1-flash-lite,S1,47,2,2,Correct,0.0165373119045013,round,,D_local,S_final,10,10,22
gemini-3.1-flash-lite,S1,47,2,3,Correct,-0.0005846121323133,round,,D_local,S_final,10,10,22
gemini-3.1-flash-lite,S1,48,1,1,Wrong,0.0624024604978682,round,,D_local,S_final,10,10,22
gemini-3.1-flash-lite,S1,48,1,2,Wrong,0.0623560938138432,round,,D_local,S_final,10,10,22
gemini-3.1-flash-lite,S1,48,1,3,Wrong,0.0643821399260091,round,,D_local,S_final,10,10,22
gemini-3.1-flash-lite,S1,48,2,1,Correct,-0.0359353780439737,round,,D_local,S_final,10,10,22
gemini-3.1-flash-lite,S1,48,2,2,Correct,-0.0120510613446302,round,,D_local,S_final,10,10,22
gemini-3.1-flash-lite,S1,48,2,3,Wrong,-0.0513660366919577,round,,D_local,S_final,10,10,22
gemini-3.1-flash-lite,S1,49,1,1,Correct,0.01828570936091,round,,D_local,S_final,10,10,22
gemini-3.1-flash-lite,S1,49,1,2,Correct,0.0263386234799423,round,,D_local,S_final,10,10,22
gemini-3.1-flash-lite,S1,49,1,3,Correct,0.0186119467711768,round,,D_local,S_final,10,10,22
gemini-3.1-flash-lite,S1,50,1,1,Wrong,0.0316107032953177,round,,D_local,S_final,10,10,22
gemini-3.1-flash-lite,S1,50,1,2,Wrong,0.0247983984853742,round,,D_local,S_final,10,10,22
gemini-3.1-flash-lite,S1,50,1,3,Wrong,0.0235398897537999,round,,D_local,S_final,10,10,22
gemini-3.1-flash-lite,S1,51,1,1,Correct,0.1412370014190906,round,,D_local,S_final,10,10,22
gemini-3.1-flash-lite,S1,51,1,2,Correct,0.1451563359777163,round,,D_local,S_final,10,10,22
gemini-3.1-flash-lite,S1,51,1,3,Correct,0.1424811044315898,round,,D_local,S_final,10,10,22
gemini-3.1-flash-lite,S1,52,1,1,Correct,0.1552196698889673,round,,D_local,S_final,10,10,22
gemini-3.1-flash-lite,S1,52,1,2,Correct,0.1454796210539639,round,,D_local,S_final,10,10,22
gemini-3.1-flash-lite,S1,52,1,3,Correct,0.1390453442264752,round,,D_local,S_final,10,10,22
gemini-3.1-flash-lite,S1,53,1,1,Correct,0.0018668820007389,round,,D_local,S_final,10,10,22
gemini-3.1-flash-lite,S1,53,1,2,Correct,-0.0021019707531959,round,,D_local,S_final,10,10,22
gemini-3.1-flash-lite,S1,53,1,3,Correct,-0.0383669817104894,round,,D_local,S_final,10,10,22
gemini-3.1-flash-lite,S1,53,2,1,Correct,0.0965856432780554,round,,D_local,S_final,10,10,22
gemini-3.1-flash-lite,S1,53,2,2,Correct,0.0644846048811457,round,,D_local,S_final,10,10,22
gemini-3.1-flash-lite,S1,53,2,3,Correct,0.0739490298664887,round,,D_local,S_final,10,10,22
gemini-3.1-flash-lite,S1,54,1,1,Correct,-0.0914827304980471,round,,D_local,S_final,10,10,22
gemini-3.1-flash-lite,S1,54,1,2,Correct,-0.0871763721668343,round,,D_local,S_final,10,10,22
gemini-3.1-flash-lite,S1,54,1,3,Correct,-0.1112690133330222,round,,D_local,S_final,10,10,22
gemini-3.1-flash-lite,S1,54,2,1,Correct,0.1224366066588492,round,,D_local,S_final,10,10,22
gemini-3.1-flash-lite,S1,54,2,2,Correct,0.117255364616822,round,,D_local,S_final,10,10,22
gemini-3.1-flash-lite,S1,54,2,3,Correct,0.1158921992115992,round,,D_local,S_final,10,10,22
gemini-3.1-flash-lite,S1,55,1,1,Wrong,-0.0180018344385685,round,,D_local,S_final,10,10,22
gemini-3.1-flash-lite,S1,55,1,2,Wrong,0.0044790237695129,round,,D_local,S_final,10,10,22
gemini-3.1-flash-lite,S1,55,1,3,Wrong,-0.0002465225964115,round,,D_local,S_final,10,10,22
gemini-3.1-flash-lite,S1,55,2,1,Correct,0.1335090613030207,round,,D_local,S_final,10,10,22
gemini-3.1-flash-lite,S1,55,2,2,Correct,0.1291621759583182,round,,D_local,S_final,10,10,22
gemini-3.1-flash-lite,S1,55,2,3,Correct,0.1345135383979614,round,,D_local,S_final,10,10,22
gemini-3.1-flash-lite,S1,56,1,1,Wrong,-0.0195390696881878,round,,D_local,S_final,10,10,22
gemini-3.1-flash-lite,S1,56,1,2,Wrong,-0.0315121179731575,round,,D_local,S_final,10,10,22
gemini-3.1-flash-lite,S1,56,1,3,Wrong,-0.0162581209621773,round,,D_local,S_final,10,10,22
gemini-3.1-flash-lite,S1,56,2,1,Wrong,0.0364996202526092,round,,D_local,S_final,10,10,22
gemini-3.1-flash-lite,S1,56,2,2,Wrong,0.0291367903939828,round,,D_local,S_final,10,10,22
gemini-3.1-flash-lite,S1,56,2,3,Correct,0.0413076452647073,round,,D_local,S_final,10,10,22
gemini-3.1-flash-lite,S1,57,1,1,Correct,-0.1065466245140446,round,,D_local,S_final,10,10,22
gemini-3.1-flash-lite,S1,57,1,2,Correct,-0.1061417050475346,round,,D_local,S_final,10,10,22
gemini-3.1-flash-lite,S1,57,1,3,Correct,-0.0980731520613668,round,,D_local,S_final,10,10,22
gemini-3.1-flash-lite,S1,57,2,1,Wrong,-0.1837750954267079,round,,D_local,S_final,10,10,22
gemini-3.1-flash-lite,S1,57,2,2,Wrong,-0.1695493102172313,round,,D_local,S_final,10,10,22
gemini-3.1-flash-lite,S1,57,2,3,Wrong,-0.1673651597361486,round,,D_local,S_final,10,10,22
gemini-3.1-flash-lite,S1,58,1,1,Correct,-0.0138993863472411,round,,D_local,S_final,10,10,22
gemini-3.1-flash-lite,S1,58,1,2,Correct,0.0113472271299192,round,,D_local,S_final,10,10,22
gemini-3.1-flash-lite,S1,58,1,3,Correct,0.0056191672987716,round,,D_local,S_final,10,10,22
gemini-3.1-flash-lite,S1,58,2,1,Correct,0.0283895416914921,round,,D_local,S_final,10,10,22
gemini-3.1-flash-lite,S1,58,2,2,Correct,0.0336499567522902,round,,D_local,S_final,10,10,22
gemini-3.1-flash-lite,S1,58,2,3,Correct,0.0504600687865961,round,,D_local,S_final,10,10,22
gemini-3.1-flash-lite,S1,59,1,1,Correct,-0.011687144639601,round,,D_local,S_final,10,10,22
gemini-3.1-flash-lite,S1,59,1,2,Correct,-0.0271934582986654,round,,D_local,S_final,10,10,22
gemini-3.1-flash-lite,S1,59,1,3,Correct,-0.0660529886174274,round,,D_local,S_final,10,10,22
gemini-3.1-flash-lite,S1,59,2,1,Correct,0.078917075342028,round,,D_local,S_final,10,10,22
gemini-3.1-flash-lite,S1,59,2,2,Correct,0.083971843310171,round,,D_local,S_final,10,10,22
gemini-3.1-flash-lite,S1,59,2,3,Correct,0.0820777585819442,round,,D_local,S_final,10,10,22
gemini-3.1-flash-lite,S1,60,1,1,Correct,-0.1098609928865728,round,,D_local,S_final,10,10,22
gemini-3.1-flash-lite,S1,60,1,2,Correct,-0.104020501974,round,,D_local,S_final,10,10,22
gemini-3.1-flash-lite,S1,60,1,3,Correct,-0.0991794823594425,round,,D_local,S_final,10,10,22
gemini-3.1-flash-lite,S1,60,2,1,Correct,0.0910695007904099,round,,D_local,S_final,10,10,22
gemini-3.1-flash-lite,S1,60,2,2,Correct,0.0823677253109348,round,,D_local,S_final,10,10,22
gemini-3.1-flash-lite,S1,60,2,3,Correct,0.0798138820920915,round,,D_local,S_final,10,10,22
gemini-3.1-flash-lite,S1,61,1,1,Correct,-0.0755673721864397,round,,D_local,S_final,10,10,22
gemini-3.1-flash-lite,S1,61,1,2,Correct,-0.0715934320012754,round,,D_local,S_final,10,10,22
gemini-3.1-flash-lite,S1,61,1,3,Correct,-0.0957509438808872,round,,D_local,S_final,10,10,22
gemini-3.1-flash-lite,S1,61,2,1,Correct,0.1028967666650472,round,,D_local,S_final,10,10,22
gemini-3.1-flash-lite,S1,61,2,2,Correct,0.1115895100473015,round,,D_local,S_final,10,10,22
gemini-3.1-flash-lite,S1,61,2,3,Wrong,0.0986506377810879,round,,D_local,S_final,10,10,22
gemini-3.1-flash-lite,S1,62,1,1,Correct,0.0169597225962222,round,,D_local,S_final,10,10,22
gemini-3.1-flash-lite,S1,62,1,2,Correct,0.0203224126680827,round,,D_local,S_final,10,10,22
gemini-3.1-flash-lite,S1,62,1,3,Correct,0.0278187439200926,round,,D_local,S_final,10,10,22
gemini-3.1-flash-lite,S1,62,2,1,Correct,0.0218052094547737,round,,D_local,S_final,10,10,22
gemini-3.1-flash-lite,S1,62,2,2,Correct,0.0306848949777945,round,,D_local,S_final,10,10,22
gemini-3.1-flash-lite,S1,62,2,3,Correct,0.023745082211724,round,,D_local,S_final,10,10,22
gemini-3.1-flash-lite,S1,63,1,1,Correct,0.0278655017911528,round,,D_local,S_final,10,10,22
gemini-3.1-flash-lite,S1,63,1,2,Correct,0.0245150752784486,round,,D_local,S_final,10,10,22
gemini-3.1-flash-lite,S1,63,1,3,Correct,0.0165995528518958,round,,D_local,S_final,10,10,22
gemini-3.1-flash-lite,S1,63,2,1,Correct,0.0186054023461942,round,,D_local,S_final,10,10,22
gemini-3.1-flash-lite,S1,63,2,2,Correct,0.0156741176799132,round,,D_local,S_final,10,10,22
gemini-3.1-flash-lite,S1,63,2,3,Correct,0.015271992686807,round,,D_local,S_final,10,10,22
gemini-3.1-flash-lite,S1,64,1,1,Correct,0.0651214806749106,round,,D_local,S_final,10,10,22
gemini-3.1-flash-lite,S1,64,1,2,Correct,0.0614361654567344,round,,D_local,S_final,10,10,22
gemini-3.1-flash-lite,S1,64,1,3,Correct,0.0138845305373034,round,,D_local,S_final,10,10,22
gemini-3.1-flash-lite,S1,64,2,1,Correct,0.0100084111364912,round,,D_local,S_final,10,10,22
gemini-3.1-flash-lite,S1,64,2,2,Correct,0.0373622181356548,round,,D_local,S_final,10,10,22
gemini-3.1-flash-lite,S1,64,2,3,Correct,0.0192398179333112,round,,D_local,S_final,10,10,22
gemini-3.1-flash-lite,S2,1,1,1,Correct,0.1234233164283604,round,,D_local,S_final,10,10,22
gemini-3.1-flash-lite,S2,1,1,2,Correct,0.174920204227805,round,,D_local,S_final,10,10,22
gemini-3.1-flash-lite,S2,1,1,3,Correct,0.1351383024824853,round,,D_local,S_final,10,10,22
gemini-3.1-flash-lite,S2,1,2,1,Correct,0.0100016949748431,round,,D_local,S_final,10,10,22
gemini-3.1-flash-lite,S2,1,2,2,Correct,0.0118003820437511,round,,D_local,S_final,10,10,22
gemini-3.1-flash-lite,S2,1,2,3,Correct,0.0168729148842134,round,,D_local,S_final,10,10,22
gemini-3.1-flash-lite,S2,1,3,1,Wrong,-0.0234331705032547,round,,D_local,S_final,10,10,22
gemini-3.1-flash-lite,S2,1,3,2,Correct,-0.0352701948488167,round,,D_local,S_final,10,10,22
gemini-3.1-flash-lite,S2,1,3,3,Correct,-0.0108342734815803,round,,D_local,S_final,10,10,22
gemini-3.1-flash-lite,S2,1,4,1,Correct,0.0734522568622209,round,,D_local,S_final,10,10,22
gemini-3.1-flash-lite,S2,1,4,2,Correct,0.0823556042786409,round,,D_local,S_final,10,10,22
gemini-3.1-flash-lite,S2,1,4,3,Correct,0.0903364057593308,round,,D_local,S_final,10,10,22
gemini-3.1-flash-lite,S2,1,5,1,Correct,0.063144524729556,round,,D_local,S_final,10,10,22
gemini-3.1-flash-lite,S2,1,5,2,Correct,0.0655076658760616,round,,D_local,S_final,10,10,22
gemini-3.1-flash-lite,S2,1,5,3,Correct,0.0648488359457241,round,,D_local,S_final,10,10,22
gemini-3.1-flash-lite,S2,2,1,1,Correct,0.2061781584950895,round,,D_local,S_final,10,10,22
gemini-3.1-flash-lite,S2,2,1,2,Correct,0.2305495276105634,round,,D_local,S_final,10,10,22
gemini-3.1-flash-lite,S2,2,1,3,Correct,0.2167111931912996,round,,D_local,S_final,10,10,22
gemini-3.1-flash-lite,S2,3,1,1,Correct,0.2056657382437335,round,,D_local,S_final,10,10,22
gemini-3.1-flash-lite,S2,3,1,2,Correct,0.1532761131499503,round,,D_local,S_final,10,10,22
gemini-3.1-flash-lite,S2,3,1,3,Correct,0.1674285774446068,round,,D_local,S_final,10,10,22
gemini-3.1-flash-lite,S2,3,2,1,Correct,0.2395625395700183,round,,D_local,S_final,10,10,22
gemini-3.1-flash-lite,S2,3,2,2,Correct,0.2084740900516168,round,,D_local,S_final,10,10,22
gemini-3.1-flash-lite,S2,3,2,3,Correct,0.2284848983697004,round,,D_local,S_final,10,10,22
gemini-3.1-flash-lite,S2,4,1,1,Correct,0.127211308487512,round,,D_local,S_final,10,10,22
gemini-3.1-flash-lite,S2,4,1,2,Correct,0.106875644906085,round,,D_local,S_final,10,10,22
gemini-3.1-flash-lite,S2,4,1,3,Correct,0.126866183099486,round,,D_local,S_final,10,10,22
gemini-3.1-flash-lite,S2,4,2,1,Wrong,0.1128556357632634,round,,D_local,S_final,10,10,22
gemini-3.1-flash-lite,S2,4,2,2,Correct,0.1235037270290265,round,,D_local,S_final,10,10,22
gemini-3.1-flash-lite,S2,4,2,3,Correct,0.1260087463700097,round,,D_local,S_final,10,10,22
gemini-3.1-flash-lite,S2,4,3,1,Correct,0.0797973442537863,round,,D_local,S_final,10,10,22
gemini-3.1-flash-lite,S2,4,3,2,Correct,0.0882158674675154,round,,D_local,S_final,10,10,22
gemini-3.1-flash-lite,S2,4,3,3,Wrong,0.0453257018778723,round,,D_local,S_final,10,10,22
gemini-3.1-flash-lite,S2,5,1,1,Wrong,0.0438569251421193,round,,D_local,S_final,10,10,22
gemini-3.1-flash-lite,S2,5,1,2,Wrong,0.0475411712432785,round,,D_local,S_final,10,10,22
gemini-3.1-flash-lite,S2,5,1,3,Wrong,0.042464382951467,round,,D_local,S_final,10,10,22
gemini-3.1-flash-lite,S2,5,2,1,Correct,0.0682502823106161,round,,D_local,S_final,10,10,22
gemini-3.1-flash-lite,S2,5,2,2,Correct,0.1029894004673779,round,,D_local,S_final,10,10,22
gemini-3.1-flash-lite,S2,5,2,3,Correct,0.0890050678113092,round,,D_local,S_final,10,10,22
gemini-3.1-flash-lite,S2,5,3,1,Correct,0.0985497208475177,round,,D_local,S_final,10,10,22
gemini-3.1-flash-lite,S2,5,3,2,Correct,0.0969433617531891,round,,D_local,S_final,10,10,22
gemini-3.1-flash-lite,S2,5,3,3,Correct,0.0879903347722141,round,,D_local,S_final,10,10,22
gemini-3.1-flash-lite,S2,6,1,1,Correct,0.0901074004349692,round,,D_local,S_final,10,10,22
gemini-3.1-flash-lite,S2,6,1,2,Correct,0.0937626048178539,round,,D_local,S_final,10,10,22
gemini-3.1-flash-lite,S2,6,1,3,Correct,0.0853946787734452,round,,D_local,S_final,10,10,22
gemini-3.1-flash-lite,S2,6,2,1,Wrong,0.0252372391807224,round,,D_local,S_final,10,10,22
gemini-3.1-flash-lite,S2,6,2,2,Wrong,0.0293907475071597,round,,D_local,S_final,10,10,22
gemini-3.1-flash-lite,S2,6,2,3,Wrong,0.0284818534131328,round,,D_local,S_final,10,10,22
gemini-3.1-flash-lite,S2,6,3,1,Correct,0.0733734320339624,round,,D_local,S_final,10,10,22
gemini-3.1-flash-lite,S2,6,3,2,Correct,0.0711485574609157,round,,D_local,S_final,10,10,22
gemini-3.1-flash-lite,S2,6,3,3,Correct,0.0850818185929195,round,,D_local,S_final,10,10,22
gemini-3.1-flash-lite,S2,7,1,1,Wrong,0.1249783376796559,round,,D_local,S_final,10,10,22
gemini-3.1-flash-lite,S2,7,1,2,Wrong,0.1379998829995377,round,,D_local,S_final,10,10,22
gemini-3.1-flash-lite,S2,7,1,3,Wrong,0.1195263810846429,round,,D_local,S_final,10,10,22
gemini-3.1-flash-lite,S2,7,2,1,Wrong,0.1131799098258108,round,,D_local,S_final,10,10,22
gemini-3.1-flash-lite,S2,7,2,2,Wrong,0.0971224213981534,round,,D_local,S_final,10,10,22
gemini-3.1-flash-lite,S2,7,2,3,Wrong,0.1009965787792689,round,,D_local,S_final,10,10,22
gemini-3.1-flash-lite,S2,7,3,1,Wrong,-0.0086807721138014,round,,D_local,S_final,10,10,22
gemini-3.1-flash-lite,S2,7,3,2,Wrong,-0.0217763998128285,round,,D_local,S_final,10,10,22
gemini-3.1-flash-lite,S2,7,3,3,Wrong,-0.0198525393954644,round,,D_local,S_final,10,10,22
gemini-3.1-flash-lite,S2,7,4,1,Correct,0.043234973628965,round,,D_local,S_final,10,10,22
gemini-3.1-flash-lite,S2,7,4,2,Correct,0.0157582802193614,round,,D_local,S_final,10,10,22
gemini-3.1-flash-lite,S2,7,4,3,Correct,0.0390245301553641,round,,D_local,S_final,10,10,22
gemini-3.1-flash-lite,S2,7,5,1,Correct,0.0503471034294786,round,,D_local,S_final,10,10,22
gemini-3.1-flash-lite,S2,7,5,2,Correct,0.0573193484606856,round,,D_local,S_final,10,10,22
gemini-3.1-flash-lite,S2,7,5,3,Correct,0.0690563617741235,round,,D_local,S_final,10,10,22
gemini-3.1-flash-lite,S2,7,6,1,Wrong,-0.0409452724282267,round,,D_local,S_final,10,10,22
gemini-3.1-flash-lite,S2,7,6,2,Wrong,0.0096288801476779,round,,D_local,S_final,10,10,22
gemini-3.1-flash-lite,S2,7,6,3,Wrong,-0.0347319644285887,round,,D_local,S_final,10,10,22
gemini-3.1-flash-lite,S2,7,7,1,Wrong,0.0532489753606489,round,,D_local,S_final,10,10,22
gemini-3.1-flash-lite,S2,7,7,2,Wrong,0.0776490044576712,round,,D_local,S_final,10,10,22
gemini-3.1-flash-lite,S2,7,7,3,Wrong,0.0644535646608699,round,,D_local,S_final,10,10,22
gemini-3.1-flash-lite,S2,7,8,1,Correct,0.1021132750164141,round,,D_local,S_final,10,10,22
gemini-3.1-flash-lite,S2,7,8,2,Correct,0.0916305528512156,round,,D_local,S_final,10,10,22
gemini-3.1-flash-lite,S2,7,8,3,Correct,0.0964260675659209,round,,D_local,S_final,10,10,22
gemini-3.1-flash-lite,S2,7,9,1,Correct,0.1076887509367487,round,,D_local,S_final,10,10,22
gemini-3.1-flash-lite,S2,7,9,2,Correct,0.1033252012576723,round,,D_local,S_final,10,10,22
gemini-3.1-flash-lite,S2,7,9,3,Correct,0.1095348747104177,round,,D_local,S_final,10,10,22
gemini-3.1-flash-lite,S2,7,10,1,Wrong,-0.0132580266179096,round,,D_local,S_final,10,10,22
gemini-3.1-flash-lite,S2,7,10,2,Wrong,-0.0372994195464052,round,,D_local,S_final,10,10,22
gemini-3.1-flash-lite,S2,7,10,3,Wrong,-0.0407057867570763,round,,D_local,S_final,10,10,22
gemini-3.1-flash-lite,S2,7,11,1,Wrong,0.0671499151608273,round,,D_local,S_final,10,10,22
gemini-3.1-flash-lite,S2,7,11,2,Wrong,0.0222292798307994,round,,D_local,S_final,10,10,22
gemini-3.1-flash-lite,S2,7,11,3,Wrong,0.0536594045398509,round,,D_local,S_final,10,10,22
gemini-3.1-flash-lite,S2,8,1,1,Correct,0.0687312101543411,round,,D_local,S_final,10,10,22
gemini-3.1-flash-lite,S2,8,1,2,Correct,0.0486482806691482,round,,D_local,S_final,10,10,22
gemini-3.1-flash-lite,S2,8,1,3,Correct,0.0725350671915624,round,,D_local,S_final,10,10,22
gemini-3.1-flash-lite,S2,8,2,1,Correct,0.0606745669494322,round,,D_local,S_final,10,10,22
gemini-3.1-flash-lite,S2,8,2,2,Correct,0.0483839275840835,round,,D_local,S_final,10,10,22
gemini-3.1-flash-lite,S2,8,2,3,Correct,0.0562818949034638,round,,D_local,S_final,10,10,22
gemini-3.1-flash-lite,S2,8,3,1,Wrong,0.0475601140069052,round,,D_local,S_final,10,10,22
gemini-3.1-flash-lite,S2,8,3,2,Wrong,0.0348446997521018,round,,D_local,S_final,10,10,22
gemini-3.1-flash-lite,S2,8,3,3,Wrong,0.020697728948033,round,,D_local,S_final,10,10,22
gemini-3.1-flash-lite,S2,8,4,1,Wrong,-0.0717822225328459,round,,D_local,S_final,10,10,22
gemini-3.1-flash-lite,S2,8,4,2,Wrong,-0.0706821727222548,round,,D_local,S_final,10,10,22
gemini-3.1-flash-lite,S2,8,4,3,Wrong,-0.080225324109345,round,,D_local,S_final,10,10,22
gemini-3.1-flash-lite,S2,9,1,1,Wrong,0.0647135535356985,round,,D_local,S_final,10,10,22
gemini-3.1-flash-lite,S2,9,1,2,Correct,0.0570689487152786,round,,D_local,S_final,10,10,22
gemini-3.1-flash-lite,S2,9,1,3,Correct,0.03986569639667,round,,D_local,S_final,10,10,22
gemini-3.1-flash-lite,S2,9,2,1,Wrong,0.1017252402360986,round,,D_local,S_final,10,10,22
gemini-3.1-flash-lite,S2,9,2,2,Wrong,0.0482145754864247,round,,D_local,S_final,10,10,22
gemini-3.1-flash-lite,S2,9,2,3,Wrong,0.070637971415825,round,,D_local,S_final,10,10,22
gemini-3.1-flash-lite,S2,9,3,1,Correct,0.0717415114736763,round,,D_local,S_final,10,10,22
gemini-3.1-flash-lite,S2,9,3,2,Correct,0.053446320601341,round,,D_local,S_final,10,10,22
gemini-3.1-flash-lite,S2,9,3,3,Correct,0.0547210799080571,round,,D_local,S_final,10,10,22
gemini-3.1-flash-lite,S2,10,1,1,Wrong,0.084020494688354,round,,D_local,S_final,10,10,22
gemini-3.1-flash-lite,S2,10,1,2,Wrong,0.0946053443733391,round,,D_local,S_final,10,10,22
gemini-3.1-flash-lite,S2,10,1,3,Wrong,0.0923971772123454,round,,D_local,S_final,10,10,22
gemini-3.1-flash-lite,S2,10,2,1,Wrong,0.0812770683383002,round,,D_local,S_final,10,10,22
gemini-3.1-flash-lite,S2,10,2,2,Wrong,0.0828886682830698,round,,D_local,S_final,10,10,22
gemini-3.1-flash-lite,S2,10,2,3,Wrong,0.0846857996994102,round,,D_local,S_final,10,10,22
gemini-3.1-flash-lite,S2,11,1,1,Wrong,-0.0182167115937978,round,,D_local,S_final,10,10,22
gemini-3.1-flash-lite,S2,11,1,2,Wrong,-0.0074320800329242,round,,D_local,S_final,10,10,22
gemini-3.1-flash-lite,S2,11,1,3,Wrong,-0.0154442418563949,round,,D_local,S_final,10,10,22
gemini-3.1-flash-lite,S2,12,1,1,Correct,-0.0214126487672464,round,,D_local,S_final,10,10,22
gemini-3.1-flash-lite,S2,12,1,2,Correct,-0.0152043910052993,round,,D_local,S_final,10,10,22
gemini-3.1-flash-lite,S2,12,1,3,Correct,-0.0152862691754609,round,,D_local,S_final,10,10,22
gemini-3.1-flash-lite,S2,13,1,1,Correct,0.154817057368433,round,,D_local,S_final,10,10,22
gemini-3.1-flash-lite,S2,13,1,2,Wrong,0.1518979041067848,round,,D_local,S_final,10,10,22
gemini-3.1-flash-lite,S2,13,1,3,Wrong,0.1513149701225701,round,,D_local,S_final,10,10,22
gemini-3.1-flash-lite,S2,13,2,1,Correct,-0.0176672354676012,round,,D_local,S_final,10,10,22
gemini-3.1-flash-lite,S2,13,2,2,Correct,-0.0605970674274219,round,,D_local,S_final,10,10,22
gemini-3.1-flash-lite,S2,13,2,3,Correct,-0.0608973911811902,round,,D_local,S_final,10,10,22
gemini-3.1-flash-lite,S2,13,3,1,Wrong,0.0158851528521707,round,,D_local,S_final,10,10,22
gemini-3.1-flash-lite,S2,13,3,2,Wrong,0.0084520968243247,round,,D_local,S_final,10,10,22
gemini-3.1-flash-lite,S2,13,3,3,Wrong,-0.015802343577736,round,,D_local,S_final,10,10,22
gemini-3.1-flash-lite,S2,14,1,1,Correct,0.0841287064746615,round,,D_local,S_final,10,10,22
gemini-3.1-flash-lite,S2,14,1,2,Correct,0.0853622591468999,round,,D_local,S_final,10,10,22
gemini-3.1-flash-lite,S2,14,1,3,Correct,0.0448880676685451,round,,D_local,S_final,10,10,22
gemini-3.1-flash-lite,S2,15,1,1,Wrong,-0.0481535768045204,round,,D_local,S_final,10,10,22
gemini-3.1-flash-lite,S2,15,1,2,Wrong,-0.0414947135710918,round,,D_local,S_final,10,10,22
gemini-3.1-flash-lite,S2,15,1,3,Wrong,-0.0603083003489642,round,,D_local,S_final,10,10,22
gemini-3.1-flash-lite,S2,16,1,1,Correct,0.1537936184216022,round,,D_local,S_final,10,10,22
gemini-3.1-flash-lite,S2,16,1,2,Correct,0.1612552438658612,round,,D_local,S_final,10,10,22
gemini-3.1-flash-lite,S2,16,1,3,Correct,0.1616727459540459,round,,D_local,S_final,10,10,22
gemini-3.1-flash-lite,S2,17,1,1,Correct,0.0633044636223189,round,,D_local,S_final,10,10,22
gemini-3.1-flash-lite,S2,17,1,2,Correct,0.0846845513541252,round,,D_local,S_final,10,10,22
gemini-3.1-flash-lite,S2,17,1,3,Correct,0.0793854472978458,round,,D_local,S_final,10,10,22
gemini-3.1-flash-lite,S2,18,1,1,Correct,0.1462243745296199,round,,D_local,S_final,10,10,22
gemini-3.1-flash-lite,S2,18,1,2,Correct,0.132763418298086,round,,D_local,S_final,10,10,22
gemini-3.1-flash-lite,S2,18,1,3,Correct,0.1591556489433759,round,,D_local,S_final,10,10,22
gemini-3.1-flash-lite,S2,19,1,1,Correct,0.0736282497559924,round,,D_local,S_final,10,10,22
gemini-3.1-flash-lite,S2,19,1,2,Correct,0.0561285939873632,round,,D_local,S_final,10,10,22
gemini-3.1-flash-lite,S2,19,1,3,Correct,0.0775851228598251,round,,D_local,S_final,10,10,22
gemini-3.1-flash-lite,S2,20,1,1,Wrong,0.1328909797063008,round,,D_local,S_final,10,10,22
gemini-3.1-flash-lite,S2,20,1,2,Wrong,0.1275644728790704,round,,D_local,S_final,10,10,22
gemini-3.1-flash-lite,S2,20,1,3,Correct,0.1404052761221959,round,,D_local,S_final,10,10,22
gemini-3.1-flash-lite,S2,21,1,1,Correct,0.1115309668651333,round,,D_local,S_final,10,10,22
gemini-3.1-flash-lite,S2,21,1,2,Correct,0.1073562021807098,round,,D_local,S_final,10,10,22
gemini-3.1-flash-lite,S2,21,1,3,Correct,0.1073009340798757,round,,D_local,S_final,10,10,22
gemini-3.1-flash-lite,S2,22,1,1,Correct,0.0231291372042795,round,,D_local,S_final,10,10,22
gemini-3.1-flash-lite,S2,22,1,2,Correct,0.0389848650708262,round,,D_local,S_final,10,10,22
gemini-3.1-flash-lite,S2,22,1,3,Correct,0.0318771728083772,round,,D_local,S_final,10,10,22
gemini-3.1-flash-lite,S2,23,1,1,Correct,0.0860406981274702,round,,D_local,S_final,10,10,22
gemini-3.1-flash-lite,S2,23,1,2,Correct,0.0805470519856613,round,,D_local,S_final,10,10,22
gemini-3.1-flash-lite,S2,23,1,3,Correct,0.0546762822329307,round,,D_local,S_final,10,10,22
gemini-3.1-flash-lite,S2,24,1,1,Correct,-0.0077455272327487,round,,D_local,S_final,10,10,22
gemini-3.1-flash-lite,S2,24,1,2,Correct,0.0130262200480963,round,,D_local,S_final,10,10,22
gemini-3.1-flash-lite,S2,24,1,3,Correct,0.0409833291821817,round,,D_local,S_final,10,10,22
gemini-3.1-flash-lite,S2,25,1,1,Correct,-0.0028389226220792,round,,D_local,S_final,10,10,22
gemini-3.1-flash-lite,S2,25,1,2,Correct,0.0098035894278218,round,,D_local,S_final,10,10,22
gemini-3.1-flash-lite,S2,25,1,3,Wrong,-0.020588937295073,round,,D_local,S_final,10,10,22
gemini-3.1-flash-lite,S2,25,2,1,Correct,0.086192928885758,round,,D_local,S_final,10,10,22
gemini-3.1-flash-lite,S2,25,2,2,Correct,0.0827219136944031,round,,D_local,S_final,10,10,22
gemini-3.1-flash-lite,S2,25,2,3,Correct,0.0813249758002412,round,,D_local,S_final,10,10,22
gemini-3.1-flash-lite,S2,26,1,1,Wrong,0.0621482994974289,round,,D_local,S_final,10,10,22
gemini-3.1-flash-lite,S2,26,1,2,Correct,0.0800282427821109,round,,D_local,S_final,10,10,22
gemini-3.1-flash-lite,S2,26,1,3,Wrong,0.0614735994097757,round,,D_local,S_final,10,10,22
gemini-3.1-flash-lite,S2,26,2,1,Correct,-0.0404999645203713,round,,D_local,S_final,10,10,22
gemini-3.1-flash-lite,S2,26,2,2,Correct,-0.0322248242118653,round,,D_local,S_final,10,10,22
gemini-3.1-flash-lite,S2,26,2,3,Correct,-0.0290412381754672,round,,D_local,S_final,10,10,22
gemini-3.1-flash-lite,S2,26,3,1,Correct,-0.0497833893685053,round,,D_local,S_final,10,10,22
gemini-3.1-flash-lite,S2,26,3,2,Correct,-0.027256368371806,round,,D_local,S_final,10,10,22
gemini-3.1-flash-lite,S2,26,3,3,Correct,-0.0387821507752445,round,,D_local,S_final,10,10,22
gemini-3.1-flash-lite,S2,26,4,1,Correct,0.1415314173228359,round,,D_local,S_final,10,10,22
gemini-3.1-flash-lite,S2,26,4,2,Correct,0.1446768932537216,round,,D_local,S_final,10,10,22
gemini-3.1-flash-lite,S2,26,4,3,Correct,0.1440286225999432,round,,D_local,S_final,10,10,22
gemini-3.1-flash-lite,S2,27,1,1,Wrong,0.0499173922194533,round,,D_local,S_final,10,10,22
gemini-3.1-flash-lite,S2,27,1,2,Wrong,0.0595187492616188,round,,D_local,S_final,10,10,22
gemini-3.1-flash-lite,S2,27,1,3,Wrong,0.0538438389068729,round,,D_local,S_final,10,10,22
gemini-3.1-flash-lite,S2,27,2,1,Correct,-0.0582957470289597,round,,D_local,S_final,10,10,22
gemini-3.1-flash-lite,S2,27,2,2,Correct,-0.0480539406977716,round,,D_local,S_final,10,10,22
gemini-3.1-flash-lite,S2,27,2,3,Correct,-0.0180822394605747,round,,D_local,S_final,10,10,22
gemini-3.1-flash-lite,S2,27,3,1,Correct,-0.0356374573938735,round,,D_local,S_final,10,10,22
gemini-3.1-flash-lite,S2,27,3,2,Correct,-0.0620609249058888,round,,D_local,S_final,10,10,22
gemini-3.1-flash-lite,S2,27,3,3,Correct,-0.0220964358893067,round,,D_local,S_final,10,10,22
gemini-3.1-flash-lite,S2,27,4,1,Correct,0.1931648715510731,round,,D_local,S_final,10,10,22
gemini-3.1-flash-lite,S2,27,4,2,Correct,0.183072583575216,round,,D_local,S_final,10,10,22
gemini-3.1-flash-lite,S2,27,4,3,Correct,0.1812886084356955,round,,D_local,S_final,10,10,22
gemini-3.1-flash-lite,S2,28,1,1,Wrong,0.0229949392912218,round,,D_local,S_final,10,10,22
gemini-3.1-flash-lite,S2,28,1,2,Wrong,0.0520385207767629,round,,D_local,S_final,10,10,22
gemini-3.1-flash-lite,S2,28,1,3,Wrong,0.0220500275283188,round,,D_local,S_final,10,10,22
gemini-3.1-flash-lite,S2,28,2,1,Wrong,-0.0961562979930479,round,,D_local,S_final,10,10,22
gemini-3.1-flash-lite,S2,28,2,2,Correct,-0.1135965992308058,round,,D_local,S_final,10,10,22
gemini-3.1-flash-lite,S2,28,2,3,Correct,-0.0841111750371975,round,,D_local,S_final,10,10,22
gemini-3.1-flash-lite,S2,29,1,1,Correct,0.0782050035041113,round,,D_local,S_final,10,10,22
gemini-3.1-flash-lite,S2,29,1,2,Wrong,0.0799310402940368,round,,D_local,S_final,10,10,22
gemini-3.1-flash-lite,S2,29,1,3,Correct,0.1286106862464202,round,,D_local,S_final,10,10,22
gemini-3.1-flash-lite,S2,29,2,1,Correct,-0.0678915569200164,round,,D_local,S_final,10,10,22
gemini-3.1-flash-lite,S2,29,2,2,Correct,-0.0842930538874993,round,,D_local,S_final,10,10,22
gemini-3.1-flash-lite,S2,29,2,3,Correct,-0.086758769840853,round,,D_local,S_final,10,10,22
gemini-3.1-flash-lite,S2,30,1,1,Correct,0.0541211986814661,round,,D_local,S_final,10,10,22
gemini-3.1-flash-lite,S2,30,1,2,Correct,0.0658680743791718,round,,D_local,S_final,10,10,22
gemini-3.1-flash-lite,S2,30,1,3,Correct,0.0554350001966036,round,,D_local,S_final,10,10,22
gemini-3.1-flash-lite,S2,30,2,1,Correct,-0.0766060615128346,round,,D_local,S_final,10,10,22
gemini-3.1-flash-lite,S2,30,2,2,Correct,-0.0722827628871729,round,,D_local,S_final,10,10,22
gemini-3.1-flash-lite,S2,30,2,3,Correct,-0.0809511514042301,round,,D_local,S_final,10,10,22
gemini-3.1-flash-lite,S2,31,1,1,Wrong,0.1475673232900352,round,,D_local,S_final,10,10,22
gemini-3.1-flash-lite,S2,31,1,2,Wrong,0.1337798779451378,round,,D_local,S_final,10,10,22
gemini-3.1-flash-lite,S2,31,1,3,Wrong,0.1420611319424963,round,,D_local,S_final,10,10,22
gemini-3.1-flash-lite,S2,32,1,1,Correct,0.0883184309931187,round,,D_local,S_final,10,10,22
gemini-3.1-flash-lite,S2,32,1,2,Correct,0.0672902792175285,round,,D_local,S_final,10,10,22
gemini-3.1-flash-lite,S2,32,1,3,Correct,0.0797144861751261,round,,D_local,S_final,10,10,22
gemini-3.1-flash-lite,S2,33,1,1,Correct,0.0898665957701088,round,,D_local,S_final,10,10,22
gemini-3.1-flash-lite,S2,33,1,2,Correct,0.0874187298202852,round,,D_local,S_final,10,10,22
gemini-3.1-flash-lite,S2,33,1,3,Correct,0.0990724481717953,round,,D_local,S_final,10,10,22
gemini-3.1-flash-lite,S2,34,1,1,Correct,0.0250838223748278,round,,D_local,S_final,10,10,22
gemini-3.1-flash-lite,S2,34,1,2,Correct,0.0310241467416849,round,,D_local,S_final,10,10,22
gemini-3.1-flash-lite,S2,34,1,3,Correct,0.0368859026923021,round,,D_local,S_final,10,10,22
gemini-3.1-flash-lite,S2,35,1,1,Wrong,-0.0068912480592591,round,,D_local,S_final,10,10,22
gemini-3.1-flash-lite,S2,35,1,2,Wrong,0.0426686538775715,round,,D_local,S_final,10,10,22
gemini-3.1-flash-lite,S2,35,1,3,Wrong,0.0150177310343859,round,,D_local,S_final,10,10,22
gemini-3.1-flash-lite,S2,36,1,1,Correct,0.1276736684600752,round,,D_local,S_final,10,10,22
gemini-3.1-flash-lite,S2,36,1,2,Correct,0.1124516957249928,round,,D_local,S_final,10,10,22
gemini-3.1-flash-lite,S2,36,1,3,Correct,0.1356816432936636,round,,D_local,S_final,10,10,22
gemini-3.1-flash-lite,S2,36,2,1,Wrong,0.025884218012535,round,,D_local,S_final,10,10,22
gemini-3.1-flash-lite,S2,36,2,2,Wrong,0.0518879565415166,round,,D_local,S_final,10,10,22
gemini-3.1-flash-lite,S2,36,2,3,Wrong,0.0246873602405343,round,,D_local,S_final,10,10,22
gemini-3.1-flash-lite,S2,36,3,1,Correct,0.0230389464094216,round,,D_local,S_final,10,10,22
gemini-3.1-flash-lite,S2,36,3,2,Correct,-0.0159651439969288,round,,D_local,S_final,10,10,22
gemini-3.1-flash-lite,S2,36,3,3,Correct,0.0478707794966627,round,,D_local,S_final,10,10,22
gemini-3.1-flash-lite,S2,37,1,1,Wrong,-0.0119824827745432,round,,D_local,S_final,10,10,22
gemini-3.1-flash-lite,S2,37,1,2,Wrong,0.0055487368346656,round,,D_local,S_final,10,10,22
gemini-3.1-flash-lite,S2,37,1,3,Wrong,-0.0312421873143895,round,,D_local,S_final,10,10,22
gemini-3.1-flash-lite,S2,37,2,1,Correct,0.0672677396352694,round,,D_local,S_final,10,10,22
gemini-3.1-flash-lite,S2,37,2,2,Correct,0.0907202593090106,round,,D_local,S_final,10,10,22
gemini-3.1-flash-lite,S2,37,2,3,Correct,0.0574928782165862,round,,D_local,S_final,10,10,22
gemini-3.1-flash-lite,S2,38,1,1,Wrong,-0.1381437662563452,round,,D_local,S_final,10,10,22
gemini-3.1-flash-lite,S2,38,1,2,Wrong,-0.1523996688363839,round,,D_local,S_final,10,10,22
gemini-3.1-flash-lite,S2,38,1,3,Wrong,-0.1478428956868064,round,,D_local,S_final,10,10,22
gemini-3.1-flash-lite,S2,38,2,1,Wrong,-0.1485037378128155,round,,D_local,S_final,10,10,22
gemini-3.1-flash-lite,S2,38,2,2,Wrong,-0.1509279899058738,round,,D_local,S_final,10,10,22
gemini-3.1-flash-lite,S2,38,2,3,Wrong,-0.1318124383602258,round,,D_local,S_final,10,10,22
gemini-3.1-flash-lite,S2,39,1,1,Wrong,-0.048524602859692,round,,D_local,S_final,10,10,22
gemini-3.1-flash-lite,S2,39,1,2,Wrong,-0.0540166291200421,round,,D_local,S_final,10,10,22
gemini-3.1-flash-lite,S2,39,1,3,Wrong,-0.05326293922531,round,,D_local,S_final,10,10,22
gemini-3.1-flash-lite,S2,39,2,1,Correct,0.199629891905224,round,,D_local,S_final,10,10,22
gemini-3.1-flash-lite,S2,39,2,2,Correct,0.1973201661127848,round,,D_local,S_final,10,10,22
gemini-3.1-flash-lite,S2,39,2,3,Correct,0.1987462378792721,round,,D_local,S_final,10,10,22
gemini-3.1-flash-lite,S2,40,1,1,Correct,0.0613340037765892,round,,D_local,S_final,10,10,22
gemini-3.1-flash-lite,S2,40,1,2,Correct,0.0562995793455767,round,,D_local,S_final,10,10,22
gemini-3.1-flash-lite,S2,40,1,3,Correct,0.0687826208913209,round,,D_local,S_final,10,10,22
gemini-3.1-flash-lite,S2,40,2,1,Correct,0.0801037137612896,round,,D_local,S_final,10,10,22
gemini-3.1-flash-lite,S2,40,2,2,Correct,0.0639639702534604,round,,D_local,S_final,10,10,22
gemini-3.1-flash-lite,S2,40,2,3,Correct,0.0703556253450649,round,,D_local,S_final,10,10,22
gemini-3.1-flash-lite,S2,40,3,1,Correct,0.0021701621998548,round,,D_local,S_final,10,10,22
gemini-3.1-flash-lite,S2,40,3,2,Correct,0.0210586453707836,round,,D_local,S_final,10,10,22
gemini-3.1-flash-lite,S2,40,3,3,Correct,0.0091900685370586,round,,D_local,S_final,10,10,22
gemini-3.1-flash-lite,S2,40,4,1,Wrong,-0.0204391149569291,round,,D_local,S_final,10,10,22
gemini-3.1-flash-lite,S2,40,4,2,Wrong,-0.0015591652452532,round,,D_local,S_final,10,10,22
gemini-3.1-flash-lite,S2,40,4,3,Wrong,-0.0074221167828303,round,,D_local,S_final,10,10,22
gemini-3.1-flash-lite,S2,40,5,1,Wrong,0.0763203717573466,round,,D_local,S_final,10,10,22
gemini-3.1-flash-lite,S2,40,5,2,Wrong,0.0583496600707321,round,,D_local,S_final,10,10,22
gemini-3.1-flash-lite,S2,40,5,3,Wrong,0.0592001765573784,round,,D_local,S_final,10,10,22
gemini-3.1-flash-lite,S2,40,6,1,Correct,0.0617035637207128,round,,D_local,S_final,10,10,22
gemini-3.1-flash-lite,S2,40,6,2,Correct,0.0727157829015391,round,,D_local,S_final,10,10,22
gemini-3.1-flash-lite,S2,40,6,3,Correct,0.0639540736152424,round,,D_local,S_final,10,10,22
gemini-3.1-flash-lite,S2,41,1,1,Correct,0.1050618930348979,round,,D_local,S_final,10,10,22
gemini-3.1-flash-lite,S2,41,1,2,Correct,0.099653384562292,round,,D_local,S_final,10,10,22
gemini-3.1-flash-lite,S2,41,1,3,Wrong,0.0875043736300863,round,,D_local,S_final,10,10,22
gemini-3.1-flash-lite,S2,42,1,1,Wrong,-0.0519531163391449,round,,D_local,S_final,10,10,22
gemini-3.1-flash-lite,S2,42,1,2,Wrong,-0.064347064036209,round,,D_local,S_final,10,10,22
gemini-3.1-flash-lite,S2,42,1,3,Wrong,-0.0438847122523563,round,,D_local,S_final,10,10,22
gemini-3.1-flash-lite,S2,43,1,1,Wrong,-0.0269842883044945,round,,D_local,S_final,10,10,22
gemini-3.1-flash-lite,S2,43,1,2,Wrong,-0.0454957652603406,round,,D_local,S_final,10,10,22
gemini-3.1-flash-lite,S2,43,1,3,Correct,-0.0344954837788705,round,,D_local,S_final,10,10,22
gemini-3.1-flash-lite,S2,44,1,1,Wrong,0.0405158881498114,round,,D_local,S_final,10,10,22
gemini-3.1-flash-lite,S2,44,1,2,Wrong,0.0776499195481934,round,,D_local,S_final,10,10,22
gemini-3.1-flash-lite,S2,44,1,3,Wrong,0.023935169558078,round,,D_local,S_final,10,10,22
gemini-3.1-flash-lite,S2,45,1,1,Correct,0.1532241205098559,round,,D_local,S_final,10,10,22
gemini-3.1-flash-lite,S2,45,1,2,Correct,0.1617067278721707,round,,D_local,S_final,10,10,22
gemini-3.1-flash-lite,S2,45,1,3,Correct,0.1569765187610318,round,,D_local,S_final,10,10,22
gemini-3.1-flash-lite,S2,45,2,1,Wrong,-0.0439897982351581,round,,D_local,S_final,10,10,22
gemini-3.1-flash-lite,S2,45,2,2,Wrong,-0.0555454383619494,round,,D_local,S_final,10,10,22
gemini-3.1-flash-lite,S2,45,2,3,Wrong,-0.0536902139266561,round,,D_local,S_final,10,10,22
gemini-3.1-flash-lite,S2,45,3,1,Correct,-0.0394765008510045,round,,D_local,S_final,10,10,22
gemini-3.1-flash-lite,S2,45,3,2,Wrong,-0.0597234225480936,round,,D_local,S_final,10,10,22
gemini-3.1-flash-lite,S2,45,3,3,Correct,-0.0378929331507652,round,,D_local,S_final,10,10,22
gemini-3.1-flash-lite,S2,46,1,1,Correct,0.1201210322747245,round,,D_local,S_final,10,10,22
gemini-3.1-flash-lite,S2,46,1,2,Correct,0.1192419431859042,round,,D_local,S_final,10,10,22
gemini-3.1-flash-lite,S2,46,1,3,Correct,0.0973059059257519,round,,D_local,S_final,10,10,22
gemini-3.1-flash-lite,S2,46,2,1,Correct,0.0662525772966969,round,,D_local,S_final,10,10,22
gemini-3.1-flash-lite,S2,46,2,2,Correct,0.0487908668804231,round,,D_local,S_final,10,10,22
gemini-3.1-flash-lite,S2,46,2,3,Correct,0.0516951350570559,round,,D_local,S_final,10,10,22
gemini-3.1-flash-lite,S2,47,1,1,Correct,0.1226952618559426,round,,D_local,S_final,10,10,22
gemini-3.1-flash-lite,S2,47,1,2,Correct,0.1205338185486336,round,,D_local,S_final,10,10,22
gemini-3.1-flash-lite,S2,47,1,3,Correct,0.1175049706735145,round,,D_local,S_final,10,10,22
gemini-3.1-flash-lite,S2,47,2,1,Correct,0.01249006130273,round,,D_local,S_final,10,10,22
gemini-3.1-flash-lite,S2,47,2,2,Correct,0.0056121003461576,round,,D_local,S_final,10,10,22
gemini-3.1-flash-lite,S2,47,2,3,Correct,0.0028224896910606,round,,D_local,S_final,10,10,22
gemini-3.1-flash-lite,S2,48,1,1,Correct,0.100078523834055,round,,D_local,S_final,10,10,22
gemini-3.1-flash-lite,S2,48,1,2,Correct,0.0988718197383783,round,,D_local,S_final,10,10,22
gemini-3.1-flash-lite,S2,48,1,3,Correct,0.1042560053352267,round,,D_local,S_final,10,10,22
gemini-3.1-flash-lite,S2,48,2,1,Wrong,0.0053871922982178,round,,D_local,S_final,10,10,22
gemini-3.1-flash-lite,S2,48,2,2,Wrong,-0.0046697489752921,round,,D_local,S_final,10,10,22
gemini-3.1-flash-lite,S2,48,2,3,Wrong,-0.0542307349284757,round,,D_local,S_final,10,10,22
gemini-3.1-flash-lite,S2,49,1,1,Correct,0.0509333410997331,round,,D_local,S_final,10,10,22
gemini-3.1-flash-lite,S2,49,1,2,Correct,0.0592157552326249,round,,D_local,S_final,10,10,22
gemini-3.1-flash-lite,S2,49,1,3,Correct,0.0660336812997809,round,,D_local,S_final,10,10,22
gemini-3.1-flash-lite,S2,50,1,1,Correct,0.0551714463686983,round,,D_local,S_final,10,10,22
gemini-3.1-flash-lite,S2,50,1,2,Correct,0.0398708290600434,round,,D_local,S_final,10,10,22
gemini-3.1-flash-lite,S2,50,1,3,Correct,0.0352763357751734,round,,D_local,S_final,10,10,22
gemini-3.1-flash-lite,S2,51,1,1,Correct,0.1277398803318342,round,,D_local,S_final,10,10,22
gemini-3.1-flash-lite,S2,51,1,2,Correct,0.1465306932121584,round,,D_local,S_final,10,10,22
gemini-3.1-flash-lite,S2,51,1,3,Correct,0.1498250637998622,round,,D_local,S_final,10,10,22
gemini-3.1-flash-lite,S2,52,1,1,Correct,0.1372921773723069,round,,D_local,S_final,10,10,22
gemini-3.1-flash-lite,S2,52,1,2,Correct,0.1590070568680779,round,,D_local,S_final,10,10,22
gemini-3.1-flash-lite,S2,52,1,3,Correct,0.1553509283203069,round,,D_local,S_final,10,10,22
gemini-3.1-flash-lite,S2,53,1,1,Correct,0.02173893504359,round,,D_local,S_final,10,10,22
gemini-3.1-flash-lite,S2,53,1,2,Correct,-0.0180690723100087,round,,D_local,S_final,10,10,22
gemini-3.1-flash-lite,S2,53,1,3,Correct,-0.0075056365970586,round,,D_local,S_final,10,10,22
gemini-3.1-flash-lite,S2,53,2,1,Correct,0.0496790363027047,round,,D_local,S_final,10,10,22
gemini-3.1-flash-lite,S2,53,2,2,Correct,0.0744306520929718,round,,D_local,S_final,10,10,22
gemini-3.1-flash-lite,S2,53,2,3,Correct,0.0651528419093553,round,,D_local,S_final,10,10,22
gemini-3.1-flash-lite,S2,54,1,1,Correct,-0.11356959855571,round,,D_local,S_final,10,10,22
gemini-3.1-flash-lite,S2,54,1,2,Correct,-0.1255171322889233,round,,D_local,S_final,10,10,22
gemini-3.1-flash-lite,S2,54,1,3,Correct,-0.1113976774028827,round,,D_local,S_final,10,10,22
gemini-3.1-flash-lite,S2,54,2,1,Correct,0.0911422105737085,round,,D_local,S_final,10,10,22
gemini-3.1-flash-lite,S2,54,2,2,Correct,0.0945505210502797,round,,D_local,S_final,10,10,22
gemini-3.1-flash-lite,S2,54,2,3,Correct,0.1065373868749407,round,,D_local,S_final,10,10,22
gemini-3.1-flash-lite,S2,55,1,1,Wrong,-0.0167172543082648,round,,D_local,S_final,10,10,22
gemini-3.1-flash-lite,S2,55,1,2,Wrong,-0.0044396979073865,round,,D_local,S_final,10,10,22
gemini-3.1-flash-lite,S2,55,1,3,Wrong,0.0097419002887739,round,,D_local,S_final,10,10,22
gemini-3.1-flash-lite,S2,55,2,1,Correct,0.1379093502367644,round,,D_local,S_final,10,10,22
gemini-3.1-flash-lite,S2,55,2,2,Correct,0.1250822521703777,round,,D_local,S_final,10,10,22
gemini-3.1-flash-lite,S2,55,2,3,Correct,0.1305324437786202,round,,D_local,S_final,10,10,22
gemini-3.1-flash-lite,S2,56,1,1,Wrong,-0.0335301649184774,round,,D_local,S_final,10,10,22
gemini-3.1-flash-lite,S2,56,1,2,Wrong,-0.0104925079558385,round,,D_local,S_final,10,10,22
gemini-3.1-flash-lite,S2,56,1,3,Wrong,-0.0209014227524847,round,,D_local,S_final,10,10,22
gemini-3.1-flash-lite,S2,56,2,1,Wrong,0.0396812324306038,round,,D_local,S_final,10,10,22
gemini-3.1-flash-lite,S2,56,2,2,Correct,0.043835051496027,round,,D_local,S_final,10,10,22
gemini-3.1-flash-lite,S2,56,2,3,Correct,0.0441744643930199,round,,D_local,S_final,10,10,22
gemini-3.1-flash-lite,S2,57,1,1,Correct,-0.1192232199804673,round,,D_local,S_final,10,10,22
gemini-3.1-flash-lite,S2,57,1,2,Correct,-0.108380508099443,round,,D_local,S_final,10,10,22
gemini-3.1-flash-lite,S2,57,1,3,Correct,-0.1166916666328997,round,,D_local,S_final,10,10,22
gemini-3.1-flash-lite,S2,57,2,1,Wrong,-0.2366312121517425,round,,D_local,S_final,10,10,22
gemini-3.1-flash-lite,S2,57,2,2,Wrong,-0.1882386453850143,round,,D_local,S_final,10,10,22
gemini-3.1-flash-lite,S2,57,2,3,Wrong,-0.1841841130837289,round,,D_local,S_final,10,10,22
gemini-3.1-flash-lite,S2,58,1,1,Correct,-0.008662227140907,round,,D_local,S_final,10,10,22
gemini-3.1-flash-lite,S2,58,1,2,Correct,0.0087843433753934,round,,D_local,S_final,10,10,22
gemini-3.1-flash-lite,S2,58,1,3,Correct,0.0080725980398314,round,,D_local,S_final,10,10,22
gemini-3.1-flash-lite,S2,58,2,1,Correct,0.0558904095577722,round,,D_local,S_final,10,10,22
gemini-3.1-flash-lite,S2,58,2,2,Correct,0.0463818408411751,round,,D_local,S_final,10,10,22
gemini-3.1-flash-lite,S2,58,2,3,Correct,0.0543897097516907,round,,D_local,S_final,10,10,22
gemini-3.1-flash-lite,S2,59,1,1,Correct,-0.0511873200643533,round,,D_local,S_final,10,10,22
gemini-3.1-flash-lite,S2,59,1,2,Correct,-0.0227159925206144,round,,D_local,S_final,10,10,22
gemini-3.1-flash-lite,S2,59,1,3,Correct,-0.0437713912033628,round,,D_local,S_final,10,10,22
gemini-3.1-flash-lite,S2,59,2,1,Correct,0.0813272049628121,round,,D_local,S_final,10,10,22
gemini-3.1-flash-lite,S2,59,2,2,Correct,0.0758355687696133,round,,D_local,S_final,10,10,22
gemini-3.1-flash-lite,S2,59,2,3,Correct,0.0872625168389934,round,,D_local,S_final,10,10,22
gemini-3.1-flash-lite,S2,60,1,1,Correct,-0.0746629117191752,round,,D_local,S_final,10,10,22
gemini-3.1-flash-lite,S2,60,1,2,Correct,-0.092393215309044,round,,D_local,S_final,10,10,22
gemini-3.1-flash-lite,S2,60,1,3,Correct,-0.0779861116639579,round,,D_local,S_final,10,10,22
gemini-3.1-flash-lite,S2,60,2,1,Correct,0.0779093891286859,round,,D_local,S_final,10,10,22
gemini-3.1-flash-lite,S2,60,2,2,Correct,0.1144926505612686,round,,D_local,S_final,10,10,22
gemini-3.1-flash-lite,S2,60,2,3,Correct,0.0870397098987932,round,,D_local,S_final,10,10,22
gemini-3.1-flash-lite,S2,61,1,1,Correct,-0.0865449144792995,round,,D_local,S_final,10,10,22
gemini-3.1-flash-lite,S2,61,1,2,Correct,-0.0939512933055298,round,,D_local,S_final,10,10,22
gemini-3.1-flash-lite,S2,61,1,3,Correct,-0.0881789296130258,round,,D_local,S_final,10,10,22
gemini-3.1-flash-lite,S2,61,2,1,Correct,0.108439009324229,round,,D_local,S_final,10,10,22
gemini-3.1-flash-lite,S2,61,2,2,Wrong,0.1244037781256022,round,,D_local,S_final,10,10,22
gemini-3.1-flash-lite,S2,61,2,3,Correct,0.1173505685598512,round,,D_local,S_final,10,10,22
gemini-3.1-flash-lite,S2,62,1,1,Correct,0.0242123294456819,round,,D_local,S_final,10,10,22
gemini-3.1-flash-lite,S2,62,1,2,Correct,0.0254862880147113,round,,D_local,S_final,10,10,22
gemini-3.1-flash-lite,S2,62,1,3,Correct,0.0362220689952722,round,,D_local,S_final,10,10,22
gemini-3.1-flash-lite,S2,62,2,1,Correct,0.0123944490918579,round,,D_local,S_final,10,10,22
gemini-3.1-flash-lite,S2,62,2,2,Correct,0.0365477976917337,round,,D_local,S_final,10,10,22
gemini-3.1-flash-lite,S2,62,2,3,Correct,0.0228897976133639,round,,D_local,S_final,10,10,22
gemini-3.1-flash-lite,S2,63,1,1,Correct,0.016342057658372,round,,D_local,S_final,10,10,22
gemini-3.1-flash-lite,S2,63,1,2,Correct,0.0151423875981409,round,,D_local,S_final,10,10,22
gemini-3.1-flash-lite,S2,63,1,3,Correct,0.0206549341601975,round,,D_local,S_final,10,10,22
gemini-3.1-flash-lite,S2,63,2,1,Correct,0.0340075760904973,round,,D_local,S_final,10,10,22
gemini-3.1-flash-lite,S2,63,2,2,Correct,0.031180160022887,round,,D_local,S_final,10,10,22
gemini-3.1-flash-lite,S2,63,2,3,Correct,0.0364624136302482,round,,D_local,S_final,10,10,22
gemini-3.1-flash-lite,S2,64,1,1,Correct,0.0388991065845207,round,,D_local,S_final,10,10,22
gemini-3.1-flash-lite,S2,64,1,2,Correct,0.0243210854998759,round,,D_local,S_final,10,10,22
gemini-3.1-flash-lite,S2,64,1,3,Correct,0.0391106796170392,round,,D_local,S_final,10,10,22
gemini-3.1-flash-lite,S2,64,2,1,Correct,0.0135405074032537,round,,D_local,S_final,10,10,22
gemini-3.1-flash-lite,S2,64,2,2,Correct,0.0201173797264013,round,,D_local,S_final,10,10,22
gemini-3.1-flash-lite,S2,64,2,3,Correct,0.0170203977953303,round,,D_local,S_final,10,10,22
gemini-3.1-flash-lite,S3,1,1,1,Correct,0.1362230736796309,round,,D_local,S_final,10,10,22
gemini-3.1-flash-lite,S3,1,1,2,Correct,0.1625289605408244,round,,D_local,S_final,10,10,22
gemini-3.1-flash-lite,S3,1,1,3,Correct,0.1260896560240032,round,,D_local,S_final,10,10,22
gemini-3.1-flash-lite,S3,1,2,1,Correct,0.0538121667534498,round,,D_local,S_final,10,10,22
gemini-3.1-flash-lite,S3,1,2,2,Correct,0.0586325198544649,round,,D_local,S_final,10,10,22
gemini-3.1-flash-lite,S3,1,2,3,Correct,0.0257456364258792,round,,D_local,S_final,10,10,22
gemini-3.1-flash-lite,S3,1,3,1,Correct,-0.0291853522744989,round,,D_local,S_final,10,10,22
gemini-3.1-flash-lite,S3,1,3,2,Correct,-0.0201870924222172,round,,D_local,S_final,10,10,22
gemini-3.1-flash-lite,S3,1,3,3,Correct,-0.0215022598124089,round,,D_local,S_final,10,10,22
gemini-3.1-flash-lite,S3,1,4,1,Wrong,0.0477011237825434,round,,D_local,S_final,10,10,22
gemini-3.1-flash-lite,S3,1,4,2,Correct,0.0866364548843726,round,,D_local,S_final,10,10,22
gemini-3.1-flash-lite,S3,1,4,3,Correct,0.0853088442474599,round,,D_local,S_final,10,10,22
gemini-3.1-flash-lite,S3,1,5,1,Correct,0.0819918486413039,round,,D_local,S_final,10,10,22
gemini-3.1-flash-lite,S3,1,5,2,Correct,0.0958937804470113,round,,D_local,S_final,10,10,22
gemini-3.1-flash-lite,S3,1,5,3,Correct,0.0596024958152847,round,,D_local,S_final,10,10,22
gemini-3.1-flash-lite,S3,2,1,1,Correct,0.2483040146642959,round,,D_local,S_final,10,10,22
gemini-3.1-flash-lite,S3,2,1,2,Correct,0.2241795706210823,round,,D_local,S_final,10,10,22
gemini-3.1-flash-lite,S3,2,1,3,Correct,0.212672366628167,round,,D_local,S_final,10,10,22
gemini-3.1-flash-lite,S3,3,1,1,Wrong,0.1970178356820737,round,,D_local,S_final,10,10,22
gemini-3.1-flash-lite,S3,3,1,2,Wrong,0.2146749719371538,round,,D_local,S_final,10,10,22
gemini-3.1-flash-lite,S3,3,1,3,Correct,0.2314665645720285,round,,D_local,S_final,10,10,22
gemini-3.1-flash-lite,S3,3,2,1,Correct,0.2419189948953284,round,,D_local,S_final,10,10,22
gemini-3.1-flash-lite,S3,3,2,2,Correct,0.2648412668535842,round,,D_local,S_final,10,10,22
gemini-3.1-flash-lite,S3,3,2,3,Correct,0.2574440967255191,round,,D_local,S_final,10,10,22
gemini-3.1-flash-lite,S3,4,1,1,Correct,0.109456284263102,round,,D_local,S_final,10,10,22
gemini-3.1-flash-lite,S3,4,1,2,Correct,0.1611159451933643,round,,D_local,S_final,10,10,22
gemini-3.1-flash-lite,S3,4,1,3,Correct,0.1487520560746523,round,,D_local,S_final,10,10,22
gemini-3.1-flash-lite,S3,4,2,1,Correct,0.1476823865562293,round,,D_local,S_final,10,10,22
gemini-3.1-flash-lite,S3,4,2,2,Correct,0.1156118856259705,round,,D_local,S_final,10,10,22
gemini-3.1-flash-lite,S3,4,2,3,Correct,0.1421858522182566,round,,D_local,S_final,10,10,22
gemini-3.1-flash-lite,S3,4,3,1,Correct,0.0661971786294396,round,,D_local,S_final,10,10,22
gemini-3.1-flash-lite,S3,4,3,2,Wrong,0.0619401140770494,round,,D_local,S_final,10,10,22
gemini-3.1-flash-lite,S3,4,3,3,Wrong,0.0480403157293168,round,,D_local,S_final,10,10,22
gemini-3.1-flash-lite,S3,5,1,1,Wrong,0.0599822574874948,round,,D_local,S_final,10,10,22
gemini-3.1-flash-lite,S3,5,1,2,Wrong,0.0799063907830893,round,,D_local,S_final,10,10,22
gemini-3.1-flash-lite,S3,5,1,3,Wrong,0.048265553367792,round,,D_local,S_final,10,10,22
gemini-3.1-flash-lite,S3,5,2,1,Correct,0.0895219314880925,round,,D_local,S_final,10,10,22
gemini-3.1-flash-lite,S3,5,2,2,Correct,0.1060102936257645,round,,D_local,S_final,10,10,22
gemini-3.1-flash-lite,S3,5,2,3,Wrong,0.0700730093837589,round,,D_local,S_final,10,10,22
gemini-3.1-flash-lite,S3,5,3,1,Correct,0.1075135446139745,round,,D_local,S_final,10,10,22
gemini-3.1-flash-lite,S3,5,3,2,Correct,0.1028036729069676,round,,D_local,S_final,10,10,22
gemini-3.1-flash-lite,S3,5,3,3,Correct,0.1162041081894813,round,,D_local,S_final,10,10,22
gemini-3.1-flash-lite,S3,6,1,1,Correct,0.1071280406946308,round,,D_local,S_final,10,10,22
gemini-3.1-flash-lite,S3,6,1,2,Correct,0.1098555150276501,round,,D_local,S_final,10,10,22
gemini-3.1-flash-lite,S3,6,1,3,Correct,0.0975304463728288,round,,D_local,S_final,10,10,22
gemini-3.1-flash-lite,S3,6,2,1,Wrong,0.0609813831089041,round,,D_local,S_final,10,10,22
gemini-3.1-flash-lite,S3,6,2,2,Correct,0.0479206429450396,round,,D_local,S_final,10,10,22
gemini-3.1-flash-lite,S3,6,2,3,Wrong,0.0394987356746048,round,,D_local,S_final,10,10,22
gemini-3.1-flash-lite,S3,6,3,1,Correct,0.0844747185588506,round,,D_local,S_final,10,10,22
gemini-3.1-flash-lite,S3,6,3,2,Correct,0.0793459149085887,round,,D_local,S_final,10,10,22
gemini-3.1-flash-lite,S3,6,3,3,Correct,0.0819306256942851,round,,D_local,S_final,10,10,22
gemini-3.1-flash-lite,S3,7,1,1,Wrong,0.1339304905484926,round,,D_local,S_final,10,10,22
gemini-3.1-flash-lite,S3,7,1,2,Wrong,0.1248683085368912,round,,D_local,S_final,10,10,22
gemini-3.1-flash-lite,S3,7,1,3,Wrong,0.1361676541377826,round,,D_local,S_final,10,10,22
gemini-3.1-flash-lite,S3,7,2,1,Wrong,0.1299002687847638,round,,D_local,S_final,10,10,22
gemini-3.1-flash-lite,S3,7,2,2,Wrong,0.1270521427474719,round,,D_local,S_final,10,10,22
gemini-3.1-flash-lite,S3,7,2,3,Wrong,0.1265041354917617,round,,D_local,S_final,10,10,22
gemini-3.1-flash-lite,S3,7,3,1,Wrong,-0.0142480508238068,round,,D_local,S_final,10,10,22
gemini-3.1-flash-lite,S3,7,3,2,Wrong,-0.0125174257488209,round,,D_local,S_final,10,10,22
gemini-3.1-flash-lite,S3,7,3,3,Wrong,-0.0126884272222254,round,,D_local,S_final,10,10,22
gemini-3.1-flash-lite,S3,7,4,1,Correct,0.0354363538175812,round,,D_local,S_final,10,10,22
gemini-3.1-flash-lite,S3,7,4,2,Correct,0.0023855569656062,round,,D_local,S_final,10,10,22
gemini-3.1-flash-lite,S3,7,4,3,Correct,0.0225989937084561,round,,D_local,S_final,10,10,22
gemini-3.1-flash-lite,S3,7,5,1,Correct,0.0666832531727462,round,,D_local,S_final,10,10,22
gemini-3.1-flash-lite,S3,7,5,2,Correct,0.070462418792224,round,,D_local,S_final,10,10,22
gemini-3.1-flash-lite,S3,7,5,3,Correct,0.0466778674180802,round,,D_local,S_final,10,10,22
gemini-3.1-flash-lite,S3,7,6,1,Wrong,-0.0420936257411402,round,,D_local,S_final,10,10,22
gemini-3.1-flash-lite,S3,7,6,2,Wrong,-0.0040119157981837,round,,D_local,S_final,10,10,22
gemini-3.1-flash-lite,S3,7,6,3,Wrong,-0.0324616112803509,round,,D_local,S_final,10,10,22
gemini-3.1-flash-lite,S3,7,7,1,Wrong,0.0620109823308824,round,,D_local,S_final,10,10,22
gemini-3.1-flash-lite,S3,7,7,2,Wrong,0.052231334499556,round,,D_local,S_final,10,10,22
gemini-3.1-flash-lite,S3,7,7,3,Wrong,0.0642054953904126,round,,D_local,S_final,10,10,22
gemini-3.1-flash-lite,S3,7,8,1,Correct,0.0991458335224827,round,,D_local,S_final,10,10,22
gemini-3.1-flash-lite,S3,7,8,2,Correct,0.098867990508469,round,,D_local,S_final,10,10,22
gemini-3.1-flash-lite,S3,7,8,3,Correct,0.1016827495190209,round,,D_local,S_final,10,10,22
gemini-3.1-flash-lite,S3,7,9,1,Correct,0.1411934847239582,round,,D_local,S_final,10,10,22
gemini-3.1-flash-lite,S3,7,9,2,Correct,0.1248512498753486,round,,D_local,S_final,10,10,22
gemini-3.1-flash-lite,S3,7,9,3,Correct,0.134287332107055,round,,D_local,S_final,10,10,22
gemini-3.1-flash-lite,S3,7,10,1,Wrong,-0.0317603962818335,round,,D_local,S_final,10,10,22
gemini-3.1-flash-lite,S3,7,10,2,Wrong,-0.0444986671500186,round,,D_local,S_final,10,10,22
gemini-3.1-flash-lite,S3,7,10,3,Wrong,-0.0453471866267731,round,,D_local,S_final,10,10,22
gemini-3.1-flash-lite,S3,7,11,1,Wrong,0.0409346093069757,round,,D_local,S_final,10,10,22
gemini-3.1-flash-lite,S3,7,11,2,Wrong,0.0740770226257424,round,,D_local,S_final,10,10,22
gemini-3.1-flash-lite,S3,7,11,3,Wrong,0.0339967886826245,round,,D_local,S_final,10,10,22
gemini-3.1-flash-lite,S3,8,1,1,Correct,0.0549755294969213,round,,D_local,S_final,10,10,22
gemini-3.1-flash-lite,S3,8,1,2,Correct,0.0536872204369573,round,,D_local,S_final,10,10,22
gemini-3.1-flash-lite,S3,8,1,3,Correct,0.081451831147123,round,,D_local,S_final,10,10,22
gemini-3.1-flash-lite,S3,8,2,1,Correct,0.0442737030920193,round,,D_local,S_final,10,10,22
gemini-3.1-flash-lite,S3,8,2,2,Correct,0.0652511320655265,round,,D_local,S_final,10,10,22
gemini-3.1-flash-lite,S3,8,2,3,Correct,0.0589501304262466,round,,D_local,S_final,10,10,22
gemini-3.1-flash-lite,S3,8,3,1,Wrong,0.0267306777448135,round,,D_local,S_final,10,10,22
gemini-3.1-flash-lite,S3,8,3,2,Wrong,0.0445281159269085,round,,D_local,S_final,10,10,22
gemini-3.1-flash-lite,S3,8,3,3,Wrong,0.0378253058337673,round,,D_local,S_final,10,10,22
gemini-3.1-flash-lite,S3,8,4,1,Wrong,-0.0677710220075217,round,,D_local,S_final,10,10,22
gemini-3.1-flash-lite,S3,8,4,2,Wrong,-0.0752033265116086,round,,D_local,S_final,10,10,22
gemini-3.1-flash-lite,S3,8,4,3,Wrong,-0.0779834048837452,round,,D_local,S_final,10,10,22
gemini-3.1-flash-lite,S3,9,1,1,Correct,0.0714078547490837,round,,D_local,S_final,10,10,22
gemini-3.1-flash-lite,S3,9,1,2,Correct,0.0536704849387055,round,,D_local,S_final,10,10,22
gemini-3.1-flash-lite,S3,9,1,3,Correct,0.0392825781020225,round,,D_local,S_final,10,10,22
gemini-3.1-flash-lite,S3,9,2,1,Wrong,0.0676597746115682,round,,D_local,S_final,10,10,22
gemini-3.1-flash-lite,S3,9,2,2,Wrong,0.0731369764917119,round,,D_local,S_final,10,10,22
gemini-3.1-flash-lite,S3,9,2,3,Wrong,0.093501026337363,round,,D_local,S_final,10,10,22
gemini-3.1-flash-lite,S3,9,3,1,Correct,0.0850433269610174,round,,D_local,S_final,10,10,22
gemini-3.1-flash-lite,S3,9,3,2,Correct,0.0618300117823408,round,,D_local,S_final,10,10,22
gemini-3.1-flash-lite,S3,9,3,3,Correct,0.1002254488523562,round,,D_local,S_final,10,10,22
gemini-3.1-flash-lite,S3,10,1,1,Correct,0.0991296674565385,round,,D_local,S_final,10,10,22
gemini-3.1-flash-lite,S3,10,1,2,Correct,0.0966551222510715,round,,D_local,S_final,10,10,22
gemini-3.1-flash-lite,S3,10,1,3,Correct,0.1036709864083169,round,,D_local,S_final,10,10,22
gemini-3.1-flash-lite,S3,10,2,1,Correct,0.1295418209348169,round,,D_local,S_final,10,10,22
gemini-3.1-flash-lite,S3,10,2,2,Correct,0.1124459924017111,round,,D_local,S_final,10,10,22
gemini-3.1-flash-lite,S3,10,2,3,Correct,0.1299907911270466,round,,D_local,S_final,10,10,22
gemini-3.1-flash-lite,S3,11,1,1,Wrong,0.0159582612809402,round,,D_local,S_final,10,10,22
gemini-3.1-flash-lite,S3,11,1,2,Wrong,0.0105502628397036,round,,D_local,S_final,10,10,22
gemini-3.1-flash-lite,S3,11,1,3,Wrong,0.0034084330937647,round,,D_local,S_final,10,10,22
gemini-3.1-flash-lite,S3,12,1,1,Correct,-0.0255466435925427,round,,D_local,S_final,10,10,22
gemini-3.1-flash-lite,S3,12,1,2,Correct,-0.0333295834848028,round,,D_local,S_final,10,10,22
gemini-3.1-flash-lite,S3,12,1,3,Correct,-0.0313375564688787,round,,D_local,S_final,10,10,22
gemini-3.1-flash-lite,S3,13,1,1,Correct,0.1842109585948237,round,,D_local,S_final,10,10,22
gemini-3.1-flash-lite,S3,13,1,2,Correct,0.1878192304083487,round,,D_local,S_final,10,10,22
gemini-3.1-flash-lite,S3,13,1,3,Correct,0.1916459042125822,round,,D_local,S_final,10,10,22
gemini-3.1-flash-lite,S3,13,2,1,Correct,-0.0045250383994641,round,,D_local,S_final,10,10,22
gemini-3.1-flash-lite,S3,13,2,2,Correct,-0.0540353323443211,round,,D_local,S_final,10,10,22
gemini-3.1-flash-lite,S3,13,2,3,Correct,-0.0262283993453983,round,,D_local,S_final,10,10,22
gemini-3.1-flash-lite,S3,13,3,1,Wrong,0.0099869335347824,round,,D_local,S_final,10,10,22
gemini-3.1-flash-lite,S3,13,3,2,Wrong,0.0411872871803532,round,,D_local,S_final,10,10,22
gemini-3.1-flash-lite,S3,13,3,3,Wrong,-0.0070267035221536,round,,D_local,S_final,10,10,22
gemini-3.1-flash-lite,S3,14,1,1,Correct,0.0871717316537783,round,,D_local,S_final,10,10,22
gemini-3.1-flash-lite,S3,14,1,2,Correct,0.0625979181343637,round,,D_local,S_final,10,10,22
gemini-3.1-flash-lite,S3,14,1,3,Correct,0.0607699685561906,round,,D_local,S_final,10,10,22
gemini-3.1-flash-lite,S3,15,1,1,Wrong,-0.061792625157665,round,,D_local,S_final,10,10,22
gemini-3.1-flash-lite,S3,15,1,2,Wrong,-0.0852159357532921,round,,D_local,S_final,10,10,22
gemini-3.1-flash-lite,S3,15,1,3,Wrong,-0.0799296783494251,round,,D_local,S_final,10,10,22
gemini-3.1-flash-lite,S3,16,1,1,Correct,0.1583839911417265,round,,D_local,S_final,10,10,22
gemini-3.1-flash-lite,S3,16,1,2,Correct,0.152550622588434,round,,D_local,S_final,10,10,22
gemini-3.1-flash-lite,S3,16,1,3,Correct,0.1590388169205827,round,,D_local,S_final,10,10,22
gemini-3.1-flash-lite,S3,17,1,1,Correct,0.0710314669699889,round,,D_local,S_final,10,10,22
gemini-3.1-flash-lite,S3,17,1,2,Correct,0.0643551936452487,round,,D_local,S_final,10,10,22
gemini-3.1-flash-lite,S3,17,1,3,Correct,0.0613232459544642,round,,D_local,S_final,10,10,22
gemini-3.1-flash-lite,S3,18,1,1,Correct,0.1806570324699736,round,,D_local,S_final,10,10,22
gemini-3.1-flash-lite,S3,18,1,2,Correct,0.1841485843573491,round,,D_local,S_final,10,10,22
gemini-3.1-flash-lite,S3,18,1,3,Correct,0.1839866033600872,round,,D_local,S_final,10,10,22
gemini-3.1-flash-lite,S3,19,1,1,Correct,0.0752794937951666,round,,D_local,S_final,10,10,22
gemini-3.1-flash-lite,S3,19,1,2,Correct,0.0421161534380906,round,,D_local,S_final,10,10,22
gemini-3.1-flash-lite,S3,19,1,3,Correct,0.0395893853872084,round,,D_local,S_final,10,10,22
gemini-3.1-flash-lite,S3,20,1,1,Correct,0.1599226365166776,round,,D_local,S_final,10,10,22
gemini-3.1-flash-lite,S3,20,1,2,Correct,0.1640507996494928,round,,D_local,S_final,10,10,22
gemini-3.1-flash-lite,S3,20,1,3,Correct,0.148105426215829,round,,D_local,S_final,10,10,22
gemini-3.1-flash-lite,S3,21,1,1,Wrong,0.090377971434823,round,,D_local,S_final,10,10,22
gemini-3.1-flash-lite,S3,21,1,2,Wrong,0.1118249580972248,round,,D_local,S_final,10,10,22
gemini-3.1-flash-lite,S3,21,1,3,Wrong,0.1205289427204986,round,,D_local,S_final,10,10,22
gemini-3.1-flash-lite,S3,22,1,1,Correct,0.0135775387427882,round,,D_local,S_final,10,10,22
gemini-3.1-flash-lite,S3,22,1,2,Correct,0.0175990517827482,round,,D_local,S_final,10,10,22
gemini-3.1-flash-lite,S3,22,1,3,Correct,0.0283991027133779,round,,D_local,S_final,10,10,22
gemini-3.1-flash-lite,S3,23,1,1,Correct,0.0528660924657071,round,,D_local,S_final,10,10,22
gemini-3.1-flash-lite,S3,23,1,2,Correct,0.0856424058647651,round,,D_local,S_final,10,10,22
gemini-3.1-flash-lite,S3,23,1,3,Correct,0.0608397027624109,round,,D_local,S_final,10,10,22
gemini-3.1-flash-lite,S3,24,1,1,Correct,0.0032475599672282,round,,D_local,S_final,10,10,22
gemini-3.1-flash-lite,S3,24,1,2,Correct,0.0292764968370861,round,,D_local,S_final,10,10,22
gemini-3.1-flash-lite,S3,24,1,3,Correct,0.0056772199017764,round,,D_local,S_final,10,10,22
gemini-3.1-flash-lite,S3,25,1,1,Correct,-0.0070834851482841,round,,D_local,S_final,10,10,22
gemini-3.1-flash-lite,S3,25,1,2,Wrong,-0.0337180811247556,round,,D_local,S_final,10,10,22
gemini-3.1-flash-lite,S3,25,1,3,Correct,-0.0262436943938144,round,,D_local,S_final,10,10,22
gemini-3.1-flash-lite,S3,25,2,1,Correct,0.0711654271747703,round,,D_local,S_final,10,10,22
gemini-3.1-flash-lite,S3,25,2,2,Correct,0.0601550783632852,round,,D_local,S_final,10,10,22
gemini-3.1-flash-lite,S3,25,2,3,Correct,0.0632735070828112,round,,D_local,S_final,10,10,22
gemini-3.1-flash-lite,S3,26,1,1,Correct,0.0831225667963405,round,,D_local,S_final,10,10,22
gemini-3.1-flash-lite,S3,26,1,2,Correct,0.0837762222061175,round,,D_local,S_final,10,10,22
gemini-3.1-flash-lite,S3,26,1,3,Correct,0.0826615311505476,round,,D_local,S_final,10,10,22
gemini-3.1-flash-lite,S3,26,2,1,Correct,-0.0166771719843328,round,,D_local,S_final,10,10,22
gemini-3.1-flash-lite,S3,26,2,2,Correct,-0.0206797828537639,round,,D_local,S_final,10,10,22
gemini-3.1-flash-lite,S3,26,2,3,Correct,-0.0032689135679986,round,,D_local,S_final,10,10,22
gemini-3.1-flash-lite,S3,26,3,1,Correct,0.0490153850236508,round,,D_local,S_final,10,10,22
gemini-3.1-flash-lite,S3,26,3,2,Correct,-0.0083860467275183,round,,D_local,S_final,10,10,22
gemini-3.1-flash-lite,S3,26,3,3,Correct,0.0301995986647337,round,,D_local,S_final,10,10,22
gemini-3.1-flash-lite,S3,26,4,1,Correct,0.1245771688602846,round,,D_local,S_final,10,10,22
gemini-3.1-flash-lite,S3,26,4,2,Correct,0.18079203306371,round,,D_local,S_final,10,10,22
gemini-3.1-flash-lite,S3,26,4,3,Correct,0.1403295711838754,round,,D_local,S_final,10,10,22
gemini-3.1-flash-lite,S3,27,1,1,Correct,0.0762308535051453,round,,D_local,S_final,10,10,22
gemini-3.1-flash-lite,S3,27,1,2,Correct,0.0809661564500948,round,,D_local,S_final,10,10,22
gemini-3.1-flash-lite,S3,27,1,3,Correct,0.0837423805774422,round,,D_local,S_final,10,10,22
gemini-3.1-flash-lite,S3,27,2,1,Correct,0.014452323556252,round,,D_local,S_final,10,10,22
gemini-3.1-flash-lite,S3,27,2,2,Correct,-0.0125925620938749,round,,D_local,S_final,10,10,22
gemini-3.1-flash-lite,S3,27,2,3,Correct,0.0141705578273079,round,,D_local,S_final,10,10,22
gemini-3.1-flash-lite,S3,27,3,1,Correct,0.0172727957113976,round,,D_local,S_final,10,10,22
gemini-3.1-flash-lite,S3,27,3,2,Correct,-0.0076916100152966,round,,D_local,S_final,10,10,22
gemini-3.1-flash-lite,S3,27,3,3,Correct,0.0161895836689213,round,,D_local,S_final,10,10,22
gemini-3.1-flash-lite,S3,27,4,1,Correct,0.1868868458030228,round,,D_local,S_final,10,10,22
gemini-3.1-flash-lite,S3,27,4,2,Correct,0.2044053035186485,round,,D_local,S_final,10,10,22
gemini-3.1-flash-lite,S3,27,4,3,Correct,0.1803484535090352,round,,D_local,S_final,10,10,22
gemini-3.1-flash-lite,S3,28,1,1,Wrong,0.0133983843573067,round,,D_local,S_final,10,10,22
gemini-3.1-flash-lite,S3,28,1,2,Wrong,-0.0021358841157684,round,,D_local,S_final,10,10,22
gemini-3.1-flash-lite,S3,28,1,3,Wrong,0.0402042799354043,round,,D_local,S_final,10,10,22
gemini-3.1-flash-lite,S3,28,2,1,Correct,-0.0684394410993313,round,,D_local,S_final,10,10,22
gemini-3.1-flash-lite,S3,28,2,2,Correct,-0.0490440461849298,round,,D_local,S_final,10,10,22
gemini-3.1-flash-lite,S3,28,2,3,Correct,-0.0456283796655834,round,,D_local,S_final,10,10,22
gemini-3.1-flash-lite,S3,29,1,1,Wrong,0.0719603352003009,round,,D_local,S_final,10,10,22
gemini-3.1-flash-lite,S3,29,1,2,Correct,0.0342729388740827,round,,D_local,S_final,10,10,22
gemini-3.1-flash-lite,S3,29,1,3,Wrong,0.0758531356088529,round,,D_local,S_final,10,10,22
gemini-3.1-flash-lite,S3,29,2,1,Correct,-0.0611671997884592,round,,D_local,S_final,10,10,22
gemini-3.1-flash-lite,S3,29,2,2,Correct,-0.0665738036723529,round,,D_local,S_final,10,10,22
gemini-3.1-flash-lite,S3,29,2,3,Correct,-0.0770268387366414,round,,D_local,S_final,10,10,22
gemini-3.1-flash-lite,S3,30,1,1,Correct,0.0725964746632644,round,,D_local,S_final,10,10,22
gemini-3.1-flash-lite,S3,30,1,2,Correct,0.0809378262478074,round,,D_local,S_final,10,10,22
gemini-3.1-flash-lite,S3,30,1,3,Correct,0.0821447792697327,round,,D_local,S_final,10,10,22
gemini-3.1-flash-lite,S3,30,2,1,Correct,-0.0469751798259556,round,,D_local,S_final,10,10,22
gemini-3.1-flash-lite,S3,30,2,2,Correct,-0.0484183197661176,round,,D_local,S_final,10,10,22
gemini-3.1-flash-lite,S3,30,2,3,Correct,-0.0539647082933868,round,,D_local,S_final,10,10,22
gemini-3.1-flash-lite,S3,31,1,1,Correct,0.1766741201983892,round,,D_local,S_final,10,10,22
gemini-3.1-flash-lite,S3,31,1,2,Correct,0.1594501320489995,round,,D_local,S_final,10,10,22
gemini-3.1-flash-lite,S3,31,1,3,Correct,0.1885910637974075,round,,D_local,S_final,10,10,22
gemini-3.1-flash-lite,S3,32,1,1,Correct,0.0967949915222798,round,,D_local,S_final,10,10,22
gemini-3.1-flash-lite,S3,32,1,2,Correct,0.0843255880087128,round,,D_local,S_final,10,10,22
gemini-3.1-flash-lite,S3,32,1,3,Correct,0.126477474985739,round,,D_local,S_final,10,10,22
gemini-3.1-flash-lite,S3,33,1,1,Wrong,0.0716365353549148,round,,D_local,S_final,10,10,22
gemini-3.1-flash-lite,S3,33,1,2,Wrong,0.0848705516596068,round,,D_local,S_final,10,10,22
gemini-3.1-flash-lite,S3,33,1,3,Wrong,0.0666077371296556,round,,D_local,S_final,10,10,22
gemini-3.1-flash-lite,S3,34,1,1,Correct,0.0669954066035409,round,,D_local,S_final,10,10,22
gemini-3.1-flash-lite,S3,34,1,2,Correct,0.0942525790450874,round,,D_local,S_final,10,10,22
gemini-3.1-flash-lite,S3,34,1,3,Correct,0.0376224524841085,round,,D_local,S_final,10,10,22
gemini-3.1-flash-lite,S3,35,1,1,Correct,0.031456898968076,round,,D_local,S_final,10,10,22
gemini-3.1-flash-lite,S3,35,1,2,Wrong,0.0152683441263349,round,,D_local,S_final,10,10,22
gemini-3.1-flash-lite,S3,35,1,3,Correct,0.0611428065605261,round,,D_local,S_final,10,10,22
gemini-3.1-flash-lite,S3,36,1,1,Correct,0.1451911178397794,round,,D_local,S_final,10,10,22
gemini-3.1-flash-lite,S3,36,1,2,Correct,0.1243124711031637,round,,D_local,S_final,10,10,22
gemini-3.1-flash-lite,S3,36,1,3,Correct,0.1379940349057363,round,,D_local,S_final,10,10,22
gemini-3.1-flash-lite,S3,36,2,1,Wrong,0.0307757071126406,round,,D_local,S_final,10,10,22
gemini-3.1-flash-lite,S3,36,2,2,Wrong,0.0277057071306211,round,,D_local,S_final,10,10,22
gemini-3.1-flash-lite,S3,36,2,3,Wrong,-0.005510230171331,round,,D_local,S_final,10,10,22
gemini-3.1-flash-lite,S3,36,3,1,Correct,0.0176587161503788,round,,D_local,S_final,10,10,22
gemini-3.1-flash-lite,S3,36,3,2,Correct,0.0174693022766564,round,,D_local,S_final,10,10,22
gemini-3.1-flash-lite,S3,36,3,3,Correct,0.0205834222217283,round,,D_local,S_final,10,10,22
gemini-3.1-flash-lite,S3,37,1,1,Wrong,-0.0156734625753333,round,,D_local,S_final,10,10,22
gemini-3.1-flash-lite,S3,37,1,2,Wrong,-0.0342151613260708,round,,D_local,S_final,10,10,22
gemini-3.1-flash-lite,S3,37,1,3,Wrong,-0.0223999740984764,round,,D_local,S_final,10,10,22
gemini-3.1-flash-lite,S3,37,2,1,Correct,0.0349532528963738,round,,D_local,S_final,10,10,22
gemini-3.1-flash-lite,S3,37,2,2,Correct,0.0857044361634473,round,,D_local,S_final,10,10,22
gemini-3.1-flash-lite,S3,37,2,3,Correct,0.060023469978472,round,,D_local,S_final,10,10,22
gemini-3.1-flash-lite,S3,38,1,1,Correct,-0.1601209013605511,round,,D_local,S_final,10,10,22
gemini-3.1-flash-lite,S3,38,1,2,Correct,-0.1503161910628254,round,,D_local,S_final,10,10,22
gemini-3.1-flash-lite,S3,38,1,3,Correct,-0.1420096552508664,round,,D_local,S_final,10,10,22
gemini-3.1-flash-lite,S3,38,2,1,Wrong,-0.160969316596142,round,,D_local,S_final,10,10,22
gemini-3.1-flash-lite,S3,38,2,2,Wrong,-0.158389798740189,round,,D_local,S_final,10,10,22
gemini-3.1-flash-lite,S3,38,2,3,Wrong,-0.1446967921619703,round,,D_local,S_final,10,10,22
gemini-3.1-flash-lite,S3,39,1,1,Correct,-0.0234130319825409,round,,D_local,S_final,10,10,22
gemini-3.1-flash-lite,S3,39,1,2,Correct,-0.0209769331218472,round,,D_local,S_final,10,10,22
gemini-3.1-flash-lite,S3,39,1,3,Correct,-0.0157978180905333,round,,D_local,S_final,10,10,22
gemini-3.1-flash-lite,S3,39,2,1,Correct,0.1861081568028222,round,,D_local,S_final,10,10,22
gemini-3.1-flash-lite,S3,39,2,2,Correct,0.2130732111151305,round,,D_local,S_final,10,10,22
gemini-3.1-flash-lite,S3,39,2,3,Correct,0.2212932996006761,round,,D_local,S_final,10,10,22
gemini-3.1-flash-lite,S3,40,1,1,Correct,0.0585607239718677,round,,D_local,S_final,10,10,22
gemini-3.1-flash-lite,S3,40,1,2,Correct,0.0736515427638221,round,,D_local,S_final,10,10,22
gemini-3.1-flash-lite,S3,40,1,3,Correct,0.0791063910957587,round,,D_local,S_final,10,10,22
gemini-3.1-flash-lite,S3,40,2,1,Wrong,0.0920717730610721,round,,D_local,S_final,10,10,22
gemini-3.1-flash-lite,S3,40,2,2,Wrong,0.0524885247816686,round,,D_local,S_final,10,10,22
gemini-3.1-flash-lite,S3,40,2,3,Correct,0.0731484252273415,round,,D_local,S_final,10,10,22
gemini-3.1-flash-lite,S3,40,3,1,Correct,-0.004707090125484,round,,D_local,S_final,10,10,22
gemini-3.1-flash-lite,S3,40,3,2,Correct,0.0154195833934391,round,,D_local,S_final,10,10,22
gemini-3.1-flash-lite,S3,40,3,3,Correct,0.0040692023895599,round,,D_local,S_final,10,10,22
gemini-3.1-flash-lite,S3,40,4,1,Wrong,0.032606290943176,round,,D_local,S_final,10,10,22
gemini-3.1-flash-lite,S3,40,4,2,Wrong,0.0573365026112867,round,,D_local,S_final,10,10,22
gemini-3.1-flash-lite,S3,40,4,3,Wrong,0.0779355220182644,round,,D_local,S_final,10,10,22
gemini-3.1-flash-lite,S3,40,5,1,Wrong,0.0765789722971487,round,,D_local,S_final,10,10,22
gemini-3.1-flash-lite,S3,40,5,2,Wrong,0.0576287362795895,round,,D_local,S_final,10,10,22
gemini-3.1-flash-lite,S3,40,5,3,Wrong,0.0631952437087544,round,,D_local,S_final,10,10,22
gemini-3.1-flash-lite,S3,40,6,1,Correct,0.0699380195223033,round,,D_local,S_final,10,10,22
gemini-3.1-flash-lite,S3,40,6,2,Correct,0.0902697019138718,round,,D_local,S_final,10,10,22
gemini-3.1-flash-lite,S3,40,6,3,Correct,0.0372777487603325,round,,D_local,S_final,10,10,22
gemini-3.1-flash-lite,S3,41,1,1,Correct,0.1088352024549277,round,,D_local,S_final,10,10,22
gemini-3.1-flash-lite,S3,41,1,2,Correct,0.1157528583859646,round,,D_local,S_final,10,10,22
gemini-3.1-flash-lite,S3,41,1,3,Correct,0.1078497035297663,round,,D_local,S_final,10,10,22
gemini-3.1-flash-lite,S3,42,1,1,Wrong,-0.0281058439150859,round,,D_local,S_final,10,10,22
gemini-3.1-flash-lite,S3,42,1,2,Wrong,-0.0245082501749167,round,,D_local,S_final,10,10,22
gemini-3.1-flash-lite,S3,42,1,3,Wrong,-0.0308321162638827,round,,D_local,S_final,10,10,22
gemini-3.1-flash-lite,S3,43,1,1,Wrong,-0.0140557766494868,round,,D_local,S_final,10,10,22
gemini-3.1-flash-lite,S3,43,1,2,Wrong,0.0064530249904362,round,,D_local,S_final,10,10,22
gemini-3.1-flash-lite,S3,43,1,3,Wrong,0.0228589992704757,round,,D_local,S_final,10,10,22
gemini-3.1-flash-lite,S3,44,1,1,Wrong,0.0715490966229659,round,,D_local,S_final,10,10,22
gemini-3.1-flash-lite,S3,44,1,2,Wrong,0.036720482000852,round,,D_local,S_final,10,10,22
gemini-3.1-flash-lite,S3,44,1,3,Wrong,0.0696333113657896,round,,D_local,S_final,10,10,22
gemini-3.1-flash-lite,S3,45,1,1,Correct,0.1784426562991117,round,,D_local,S_final,10,10,22
gemini-3.1-flash-lite,S3,45,1,2,Correct,0.1581561577778687,round,,D_local,S_final,10,10,22
gemini-3.1-flash-lite,S3,45,1,3,Correct,0.1662043627072807,round,,D_local,S_final,10,10,22
gemini-3.1-flash-lite,S3,45,2,1,Wrong,-0.0375525691293456,round,,D_local,S_final,10,10,22
gemini-3.1-flash-lite,S3,45,2,2,Wrong,-0.0567468573344096,round,,D_local,S_final,10,10,22
gemini-3.1-flash-lite,S3,45,2,3,Wrong,-0.0733596394002339,round,,D_local,S_final,10,10,22
gemini-3.1-flash-lite,S3,45,3,1,Wrong,-0.0453926919141781,round,,D_local,S_final,10,10,22
gemini-3.1-flash-lite,S3,45,3,2,Wrong,-0.0436882451315393,round,,D_local,S_final,10,10,22
gemini-3.1-flash-lite,S3,45,3,3,Correct,-0.0417157970360266,round,,D_local,S_final,10,10,22
gemini-3.1-flash-lite,S3,46,1,1,Correct,0.0937076096185456,round,,D_local,S_final,10,10,22
gemini-3.1-flash-lite,S3,46,1,2,Wrong,0.0873665283474112,round,,D_local,S_final,10,10,22
gemini-3.1-flash-lite,S3,46,1,3,Correct,0.1030152542386569,round,,D_local,S_final,10,10,22
gemini-3.1-flash-lite,S3,46,2,1,Correct,0.0584588073946312,round,,D_local,S_final,10,10,22
gemini-3.1-flash-lite,S3,46,2,2,Correct,0.041397236818305,round,,D_local,S_final,10,10,22
gemini-3.1-flash-lite,S3,46,2,3,Correct,0.0451496526975372,round,,D_local,S_final,10,10,22
gemini-3.1-flash-lite,S3,47,1,1,Correct,0.1280098096838076,round,,D_local,S_final,10,10,22
gemini-3.1-flash-lite,S3,47,1,2,Correct,0.1233805931418861,round,,D_local,S_final,10,10,22
gemini-3.1-flash-lite,S3,47,1,3,Correct,0.1244414754484763,round,,D_local,S_final,10,10,22
gemini-3.1-flash-lite,S3,47,2,1,Correct,0.0298293867315002,round,,D_local,S_final,10,10,22
gemini-3.1-flash-lite,S3,47,2,2,Correct,0.0295448267752261,round,,D_local,S_final,10,10,22
gemini-3.1-flash-lite,S3,47,2,3,Correct,0.0352142409718643,round,,D_local,S_final,10,10,22
gemini-3.1-flash-lite,S3,48,1,1,Correct,0.1266750724920398,round,,D_local,S_final,10,10,22
gemini-3.1-flash-lite,S3,48,1,2,Correct,0.1112873836680594,round,,D_local,S_final,10,10,22
gemini-3.1-flash-lite,S3,48,1,3,Correct,0.108992321401441,round,,D_local,S_final,10,10,22
gemini-3.1-flash-lite,S3,48,2,1,Wrong,0.0857185765732393,round,,D_local,S_final,10,10,22
gemini-3.1-flash-lite,S3,48,2,2,Wrong,-0.0032298601215092,round,,D_local,S_final,10,10,22
gemini-3.1-flash-lite,S3,48,2,3,Wrong,0.0612284358881388,round,,D_local,S_final,10,10,22
gemini-3.1-flash-lite,S3,49,1,1,Wrong,0.0368238122505369,round,,D_local,S_final,10,10,22
gemini-3.1-flash-lite,S3,49,1,2,Correct,0.0698606599957168,round,,D_local,S_final,10,10,22
gemini-3.1-flash-lite,S3,49,1,3,Wrong,0.0266546212877769,round,,D_local,S_final,10,10,22
gemini-3.1-flash-lite,S3,50,1,1,Correct,0.0462660476288721,round,,D_local,S_final,10,10,22
gemini-3.1-flash-lite,S3,50,1,2,Correct,0.0487435596574991,round,,D_local,S_final,10,10,22
gemini-3.1-flash-lite,S3,50,1,3,Correct,0.057437613294958,round,,D_local,S_final,10,10,22
gemini-3.1-flash-lite,S3,51,1,1,Correct,0.162117921503326,round,,D_local,S_final,10,10,22
gemini-3.1-flash-lite,S3,51,1,2,Correct,0.1090565697240593,round,,D_local,S_final,10,10,22
gemini-3.1-flash-lite,S3,51,1,3,Correct,0.1667927852060302,round,,D_local,S_final,10,10,22
gemini-3.1-flash-lite,S3,52,1,1,Correct,0.1457831119284729,round,,D_local,S_final,10,10,22
gemini-3.1-flash-lite,S3,52,1,2,Correct,0.1617206306454542,round,,D_local,S_final,10,10,22
gemini-3.1-flash-lite,S3,52,1,3,Correct,0.1403938417354122,round,,D_local,S_final,10,10,22
gemini-3.1-flash-lite,S3,53,1,1,Correct,-0.0126201197372034,round,,D_local,S_final,10,10,22
gemini-3.1-flash-lite,S3,53,1,2,Correct,-0.0185197838109688,round,,D_local,S_final,10,10,22
gemini-3.1-flash-lite,S3,53,1,3,Correct,0.0118326677716014,round,,D_local,S_final,10,10,22
gemini-3.1-flash-lite,S3,53,2,1,Correct,0.0928915020805616,round,,D_local,S_final,10,10,22
gemini-3.1-flash-lite,S3,53,2,2,Correct,0.089450107228607,round,,D_local,S_final,10,10,22
gemini-3.1-flash-lite,S3,53,2,3,Correct,0.1025411413163612,round,,D_local,S_final,10,10,22
gemini-3.1-flash-lite,S3,54,1,1,Correct,-0.1298641708974233,round,,D_local,S_final,10,10,22
gemini-3.1-flash-lite,S3,54,1,2,Correct,-0.142486087050718,round,,D_local,S_final,10,10,22
gemini-3.1-flash-lite,S3,54,1,3,Correct,-0.1274793009818237,round,,D_local,S_final,10,10,22
gemini-3.1-flash-lite,S3,54,2,1,Correct,0.1321968883223825,round,,D_local,S_final,10,10,22
gemini-3.1-flash-lite,S3,54,2,2,Correct,0.1344076027628787,round,,D_local,S_final,10,10,22
gemini-3.1-flash-lite,S3,54,2,3,Correct,0.1576464243862476,round,,D_local,S_final,10,10,22
gemini-3.1-flash-lite,S3,55,1,1,Wrong,-0.029831913356862,round,,D_local,S_final,10,10,22
gemini-3.1-flash-lite,S3,55,1,2,Wrong,-0.0118847321618785,round,,D_local,S_final,10,10,22
gemini-3.1-flash-lite,S3,55,1,3,Wrong,-0.0385259205059146,round,,D_local,S_final,10,10,22
gemini-3.1-flash-lite,S3,55,2,1,Correct,0.1217538275555606,round,,D_local,S_final,10,10,22
gemini-3.1-flash-lite,S3,55,2,2,Correct,0.11832497275404,round,,D_local,S_final,10,10,22
gemini-3.1-flash-lite,S3,55,2,3,Correct,0.1212549662106677,round,,D_local,S_final,10,10,22
gemini-3.1-flash-lite,S3,56,1,1,Wrong,-0.0522173271829329,round,,D_local,S_final,10,10,22
gemini-3.1-flash-lite,S3,56,1,2,Wrong,-0.0597375755402791,round,,D_local,S_final,10,10,22
gemini-3.1-flash-lite,S3,56,1,3,Wrong,-0.0302227567545767,round,,D_local,S_final,10,10,22
gemini-3.1-flash-lite,S3,56,2,1,Wrong,0.0786750605956119,round,,D_local,S_final,10,10,22
gemini-3.1-flash-lite,S3,56,2,2,Wrong,0.075818165543402,round,,D_local,S_final,10,10,22
gemini-3.1-flash-lite,S3,56,2,3,Wrong,0.0373803074041316,round,,D_local,S_final,10,10,22
gemini-3.1-flash-lite,S3,57,1,1,Correct,-0.1086076358762784,round,,D_local,S_final,10,10,22
gemini-3.1-flash-lite,S3,57,1,2,Correct,-0.1034858345174,round,,D_local,S_final,10,10,22
gemini-3.1-flash-lite,S3,57,1,3,Correct,-0.0894852359750214,round,,D_local,S_final,10,10,22
gemini-3.1-flash-lite,S3,57,2,1,Wrong,-0.1801598446777679,round,,D_local,S_final,10,10,22
gemini-3.1-flash-lite,S3,57,2,2,Wrong,-0.2152000151600048,round,,D_local,S_final,10,10,22
gemini-3.1-flash-lite,S3,57,2,3,Correct,-0.1542178188626257,round,,D_local,S_final,10,10,22
gemini-3.1-flash-lite,S3,58,1,1,Correct,-0.0177914791635582,round,,D_local,S_final,10,10,22
gemini-3.1-flash-lite,S3,58,1,2,Correct,0.0163589667960902,round,,D_local,S_final,10,10,22
gemini-3.1-flash-lite,S3,58,1,3,Correct,0.0002339972517581,round,,D_local,S_final,10,10,22
gemini-3.1-flash-lite,S3,58,2,1,Wrong,0.0642255265759133,round,,D_local,S_final,10,10,22
gemini-3.1-flash-lite,S3,58,2,2,Correct,0.0351410071281501,round,,D_local,S_final,10,10,22
gemini-3.1-flash-lite,S3,58,2,3,Wrong,0.0510488802328705,round,,D_local,S_final,10,10,22
gemini-3.1-flash-lite,S3,59,1,1,Correct,-0.057310335724982,round,,D_local,S_final,10,10,22
gemini-3.1-flash-lite,S3,59,1,2,Correct,-0.052639485073145,round,,D_local,S_final,10,10,22
gemini-3.1-flash-lite,S3,59,1,3,Correct,-0.0628105825888798,round,,D_local,S_final,10,10,22
gemini-3.1-flash-lite,S3,59,2,1,Correct,0.0701096696477204,round,,D_local,S_final,10,10,22
gemini-3.1-flash-lite,S3,59,2,2,Correct,0.0667381870934719,round,,D_local,S_final,10,10,22
gemini-3.1-flash-lite,S3,59,2,3,Correct,0.0737452483758016,round,,D_local,S_final,10,10,22
gemini-3.1-flash-lite,S3,60,1,1,Correct,-0.1149980517701992,round,,D_local,S_final,10,10,22
gemini-3.1-flash-lite,S3,60,1,2,Correct,-0.1074272851965147,round,,D_local,S_final,10,10,22
gemini-3.1-flash-lite,S3,60,1,3,Correct,-0.130972137057009,round,,D_local,S_final,10,10,22
gemini-3.1-flash-lite,S3,60,2,1,Correct,0.0987790083037951,round,,D_local,S_final,10,10,22
gemini-3.1-flash-lite,S3,60,2,2,Correct,0.1126751431937604,round,,D_local,S_final,10,10,22
gemini-3.1-flash-lite,S3,60,2,3,Correct,0.080929725541506,round,,D_local,S_final,10,10,22
gemini-3.1-flash-lite,S3,61,1,1,Correct,-0.0542330297672266,round,,D_local,S_final,10,10,22
gemini-3.1-flash-lite,S3,61,1,2,Correct,-0.0763805690104816,round,,D_local,S_final,10,10,22
gemini-3.1-flash-lite,S3,61,1,3,Correct,-0.0999958237297731,round,,D_local,S_final,10,10,22
gemini-3.1-flash-lite,S3,61,2,1,Wrong,0.1376683339706097,round,,D_local,S_final,10,10,22
gemini-3.1-flash-lite,S3,61,2,2,Correct,0.1356980105697699,round,,D_local,S_final,10,10,22
gemini-3.1-flash-lite,S3,61,2,3,Correct,0.12096502983666,round,,D_local,S_final,10,10,22
gemini-3.1-flash-lite,S3,62,1,1,Correct,0.0301148442898065,round,,D_local,S_final,10,10,22
gemini-3.1-flash-lite,S3,62,1,2,Correct,0.0279028280280784,round,,D_local,S_final,10,10,22
gemini-3.1-flash-lite,S3,62,1,3,Correct,0.0276476070244244,round,,D_local,S_final,10,10,22
gemini-3.1-flash-lite,S3,62,2,1,Correct,0.035936213183505,round,,D_local,S_final,10,10,22
gemini-3.1-flash-lite,S3,62,2,2,Correct,0.0187147652596466,round,,D_local,S_final,10,10,22
gemini-3.1-flash-lite,S3,62,2,3,Correct,0.0312882450154086,round,,D_local,S_final,10,10,22
gemini-3.1-flash-lite,S3,63,1,1,Correct,0.047202032887484,round,,D_local,S_final,10,10,22
gemini-3.1-flash-lite,S3,63,1,2,Correct,0.0311923443907955,round,,D_local,S_final,10,10,22
gemini-3.1-flash-lite,S3,63,1,3,Correct,0.0432651586851184,round,,D_local,S_final,10,10,22
gemini-3.1-flash-lite,S3,63,2,1,Correct,0.0250344679737803,round,,D_local,S_final,10,10,22
gemini-3.1-flash-lite,S3,63,2,2,Correct,0.0481441234688692,round,,D_local,S_final,10,10,22
gemini-3.1-flash-lite,S3,63,2,3,Correct,0.0336791631060354,round,,D_local,S_final,10,10,22
gemini-3.1-flash-lite,S3,64,1,1,Correct,0.0235699906351524,round,,D_local,S_final,10,10,22
gemini-3.1-flash-lite,S3,64,1,2,Correct,0.0353271329326327,round,,D_local,S_final,10,10,22
gemini-3.1-flash-lite,S3,64,1,3,Correct,0.0304204409511046,round,,D_local,S_final,10,10,22
gemini-3.1-flash-lite,S3,64,2,1,Correct,0.0463830404972461,round,,D_local,S_final,10,10,22
gemini-3.1-flash-lite,S3,64,2,2,Correct,0.0609266951750379,round,,D_local,S_final,10,10,22
gemini-3.1-flash-lite,S3,64,2,3,Correct,0.0443232094517613,round,,D_local,S_final,10,10,22
gpt-4o,S0,1,1,1,Correct,0.1309830265038709,round,,D_local,S_final,10,10,22
gpt-4o,S0,1,1,2,Correct,0.1097811744275745,round,,D_local,S_final,10,10,22
gpt-4o,S0,1,1,3,Correct,0.0867982473376159,round,,D_local,S_final,10,10,22
gpt-4o,S0,1,2,1,Wrong,0.033984442402496,round,,D_local,S_final,10,10,22
gpt-4o,S0,1,2,2,Wrong,0.0528968639468755,round,,D_local,S_final,10,10,22
gpt-4o,S0,1,2,3,Wrong,0.0464623323173866,round,,D_local,S_final,10,10,22
gpt-4o,S0,1,3,1,Wrong,-0.008725415206827,round,,D_local,S_final,10,10,22
gpt-4o,S0,1,3,2,Wrong,-0.0179968696794381,round,,D_local,S_final,10,10,22
gpt-4o,S0,1,3,3,Wrong,-0.0158984166567924,round,,D_local,S_final,10,10,22
gpt-4o,S0,1,4,1,Correct,0.0878436803116186,round,,D_local,S_final,10,10,22
gpt-4o,S0,1,4,2,Correct,0.0884544428731236,round,,D_local,S_final,10,10,22
gpt-4o,S0,1,4,3,Correct,0.0770641498096328,round,,D_local,S_final,10,10,22
gpt-4o,S0,1,5,1,Wrong,-0.0164233235720548,round,,D_local,S_final,10,10,22
gpt-4o,S0,1,5,2,Wrong,-0.0124645871919913,round,,D_local,S_final,10,10,22
gpt-4o,S0,1,5,3,Wrong,-0.0339146717890851,round,,D_local,S_final,10,10,22
gpt-4o,S0,2,1,1,Correct,0.2296487242212098,round,,D_local,S_final,10,10,22
gpt-4o,S0,2,1,2,Correct,0.187121486148072,round,,D_local,S_final,10,10,22
gpt-4o,S0,2,1,3,Correct,0.2137081614676743,round,,D_local,S_final,10,10,22
gpt-4o,S0,3,1,1,Correct,0.1818062998309261,round,,D_local,S_final,10,10,22
gpt-4o,S0,3,1,2,Correct,0.2101297008554195,round,,D_local,S_final,10,10,22
gpt-4o,S0,3,1,3,Correct,0.1925077366497182,round,,D_local,S_final,10,10,22
gpt-4o,S0,3,2,1,Wrong,0.1703606095026411,round,,D_local,S_final,10,10,22
gpt-4o,S0,3,2,2,Wrong,0.1512224932168149,round,,D_local,S_final,10,10,22
gpt-4o,S0,3,2,3,Wrong,0.1696364838698733,round,,D_local,S_final,10,10,22
gpt-4o,S0,4,1,1,Correct,0.12813324499314,round,,D_local,S_final,10,10,22
gpt-4o,S0,4,1,2,Correct,0.0698789923650056,round,,D_local,S_final,10,10,22
gpt-4o,S0,4,1,3,Correct,0.1219296440153707,round,,D_local,S_final,10,10,22
gpt-4o,S0,4,2,1,Correct,0.1065587779235288,round,,D_local,S_final,10,10,22
gpt-4o,S0,4,2,2,Correct,0.0978020734431629,round,,D_local,S_final,10,10,22
gpt-4o,S0,4,2,3,Correct,0.1062151921036759,round,,D_local,S_final,10,10,22
gpt-4o,S0,4,3,1,Correct,0.0649571918019025,round,,D_local,S_final,10,10,22
gpt-4o,S0,4,3,2,Correct,0.0588745361973048,round,,D_local,S_final,10,10,22
gpt-4o,S0,4,3,3,Correct,0.0445903191403359,round,,D_local,S_final,10,10,22
gpt-4o,S0,5,1,1,Correct,0.0914396421466079,round,,D_local,S_final,10,10,22
gpt-4o,S0,5,1,2,Correct,0.080412704417221,round,,D_local,S_final,10,10,22
gpt-4o,S0,5,1,3,Correct,0.0785606293153443,round,,D_local,S_final,10,10,22
gpt-4o,S0,5,2,1,Correct,0.0553909898143466,round,,D_local,S_final,10,10,22
gpt-4o,S0,5,2,2,Correct,0.0638273220539255,round,,D_local,S_final,10,10,22
gpt-4o,S0,5,2,3,Correct,0.0612546205324857,round,,D_local,S_final,10,10,22
gpt-4o,S0,5,3,1,Wrong,0.0736647451622708,round,,D_local,S_final,10,10,22
gpt-4o,S0,5,3,2,Wrong,0.0627755544929026,round,,D_local,S_final,10,10,22
gpt-4o,S0,5,3,3,Wrong,0.0746363812938698,round,,D_local,S_final,10,10,22
gpt-4o,S0,6,1,1,Correct,0.0819895718397502,round,,D_local,S_final,10,10,22
gpt-4o,S0,6,1,2,Correct,0.0749484677355076,round,,D_local,S_final,10,10,22
gpt-4o,S0,6,1,3,Correct,0.0793174821225791,round,,D_local,S_final,10,10,22
gpt-4o,S0,6,2,1,Correct,0.0165992260581594,round,,D_local,S_final,10,10,22
gpt-4o,S0,6,2,2,Correct,0.026027507275711,round,,D_local,S_final,10,10,22
gpt-4o,S0,6,2,3,Correct,0.0520209821735074,round,,D_local,S_final,10,10,22
gpt-4o,S0,6,3,1,Correct,0.0790576054825886,round,,D_local,S_final,10,10,22
gpt-4o,S0,6,3,2,Correct,0.0792140376772781,round,,D_local,S_final,10,10,22
gpt-4o,S0,6,3,3,Correct,0.0845402873118844,round,,D_local,S_final,10,10,22
gpt-4o,S0,7,1,1,Wrong,0.1312093487009532,round,,D_local,S_final,10,10,22
gpt-4o,S0,7,1,2,Wrong,0.1295856869347478,round,,D_local,S_final,10,10,22
gpt-4o,S0,7,1,3,Wrong,0.1226960405959356,round,,D_local,S_final,10,10,22
gpt-4o,S0,7,2,1,Wrong,0.1114017124459201,round,,D_local,S_final,10,10,22
gpt-4o,S0,7,2,2,Wrong,0.1096010277627448,round,,D_local,S_final,10,10,22
gpt-4o,S0,7,2,3,Wrong,0.0956731366122747,round,,D_local,S_final,10,10,22
gpt-4o,S0,7,3,1,Wrong,0.0121713172945567,round,,D_local,S_final,10,10,22
gpt-4o,S0,7,3,2,Wrong,-0.0074983028518299,round,,D_local,S_final,10,10,22
gpt-4o,S0,7,3,3,Wrong,0.0110748111121014,round,,D_local,S_final,10,10,22
gpt-4o,S0,7,4,1,Correct,0.037734767141083,round,,D_local,S_final,10,10,22
gpt-4o,S0,7,4,2,Correct,0.0376204384347861,round,,D_local,S_final,10,10,22
gpt-4o,S0,7,4,3,Correct,0.0216513741513014,round,,D_local,S_final,10,10,22
gpt-4o,S0,7,5,1,Correct,0.0652158910589285,round,,D_local,S_final,10,10,22
gpt-4o,S0,7,5,2,Correct,0.084390776246783,round,,D_local,S_final,10,10,22
gpt-4o,S0,7,5,3,Correct,0.0804873218978906,round,,D_local,S_final,10,10,22
gpt-4o,S0,7,6,1,Wrong,0.0094386749760516,round,,D_local,S_final,10,10,22
gpt-4o,S0,7,6,2,Wrong,-0.020377455326461,round,,D_local,S_final,10,10,22
gpt-4o,S0,7,6,3,Wrong,-0.0040321697065739,round,,D_local,S_final,10,10,22
gpt-4o,S0,7,7,1,Wrong,0.0356653330326599,round,,D_local,S_final,10,10,22
gpt-4o,S0,7,7,2,Wrong,0.0444978156360232,round,,D_local,S_final,10,10,22
gpt-4o,S0,7,7,3,Wrong,0.0450392928872852,round,,D_local,S_final,10,10,22
gpt-4o,S0,7,8,1,Correct,0.0283418525502888,round,,D_local,S_final,10,10,22
gpt-4o,S0,7,8,2,Correct,0.0375306081228012,round,,D_local,S_final,10,10,22
gpt-4o,S0,7,8,3,Correct,0.0418348003266239,round,,D_local,S_final,10,10,22
gpt-4o,S0,7,9,1,Correct,0.0987460215288008,round,,D_local,S_final,10,10,22
gpt-4o,S0,7,9,2,Correct,0.0475826801956431,round,,D_local,S_final,10,10,22
gpt-4o,S0,7,9,3,Correct,0.029000909539149,round,,D_local,S_final,10,10,22
gpt-4o,S0,7,10,1,Wrong,0.0181954469374904,round,,D_local,S_final,10,10,22
gpt-4o,S0,7,10,2,Wrong,-0.0155902466472012,round,,D_local,S_final,10,10,22
gpt-4o,S0,7,10,3,Wrong,0.0268814504017149,round,,D_local,S_final,10,10,22
gpt-4o,S0,7,11,1,Wrong,0.0470108174792467,round,,D_local,S_final,10,10,22
gpt-4o,S0,7,11,2,Wrong,0.0281308212089743,round,,D_local,S_final,10,10,22
gpt-4o,S0,7,11,3,Wrong,0.0741424826703865,round,,D_local,S_final,10,10,22
gpt-4o,S0,8,1,1,Wrong,0.0510431508670757,round,,D_local,S_final,10,10,22
gpt-4o,S0,8,1,2,Wrong,0.0458048111574798,round,,D_local,S_final,10,10,22
gpt-4o,S0,8,1,3,Wrong,0.0549717477864328,round,,D_local,S_final,10,10,22
gpt-4o,S0,8,2,1,Wrong,0.0210274725917043,round,,D_local,S_final,10,10,22
gpt-4o,S0,8,2,2,Wrong,0.0169991819154399,round,,D_local,S_final,10,10,22
gpt-4o,S0,8,2,3,Wrong,0.0157436694689534,round,,D_local,S_final,10,10,22
gpt-4o,S0,8,3,1,Correct,0.0664149996024738,round,,D_local,S_final,10,10,22
gpt-4o,S0,8,3,2,Correct,0.0379931498838123,round,,D_local,S_final,10,10,22
gpt-4o,S0,8,3,3,Correct,0.0545602741956573,round,,D_local,S_final,10,10,22
gpt-4o,S0,8,4,1,Correct,-0.0068608726726103,round,,D_local,S_final,10,10,22
gpt-4o,S0,8,4,2,Correct,-0.0326197392315513,round,,D_local,S_final,10,10,22
gpt-4o,S0,8,4,3,Correct,-0.0187278386060378,round,,D_local,S_final,10,10,22
gpt-4o,S0,9,1,1,Wrong,0.0577537542030531,round,,D_local,S_final,10,10,22
gpt-4o,S0,9,1,2,Wrong,0.0645033733199038,round,,D_local,S_final,10,10,22
gpt-4o,S0,9,1,3,Wrong,0.0628530818391875,round,,D_local,S_final,10,10,22
gpt-4o,S0,9,2,1,Wrong,0.0549912413572549,round,,D_local,S_final,10,10,22
gpt-4o,S0,9,2,2,Wrong,0.0567236328094609,round,,D_local,S_final,10,10,22
gpt-4o,S0,9,2,3,Wrong,0.059391518557184,round,,D_local,S_final,10,10,22
gpt-4o,S0,9,3,1,Wrong,0.0783116956939236,round,,D_local,S_final,10,10,22
gpt-4o,S0,9,3,2,Wrong,0.0681464322842424,round,,D_local,S_final,10,10,22
gpt-4o,S0,9,3,3,Wrong,0.0679824454593296,round,,D_local,S_final,10,10,22
gpt-4o,S0,10,1,1,Correct,0.1028401955562281,round,,D_local,S_final,10,10,22
gpt-4o,S0,10,1,2,Correct,0.0984347609142485,round,,D_local,S_final,10,10,22
gpt-4o,S0,10,1,3,Correct,0.1108184447559439,round,,D_local,S_final,10,10,22
gpt-4o,S0,10,2,1,Correct,0.084177060201426,round,,D_local,S_final,10,10,22
gpt-4o,S0,10,2,2,Correct,0.1152885524604878,round,,D_local,S_final,10,10,22
gpt-4o,S0,10,2,3,Correct,0.1045889622565422,round,,D_local,S_final,10,10,22
gpt-4o,S0,11,1,1,Wrong,0.0189989640460791,round,,D_local,S_final,10,10,22
gpt-4o,S0,11,1,2,Wrong,0.0200792837424959,round,,D_local,S_final,10,10,22
gpt-4o,S0,11,1,3,Wrong,0.0194575559867328,round,,D_local,S_final,10,10,22
gpt-4o,S0,12,1,1,Wrong,-0.0207714015443075,round,,D_local,S_final,10,10,22
gpt-4o,S0,12,1,2,Wrong,-0.0135561242094888,round,,D_local,S_final,10,10,22
gpt-4o,S0,12,1,3,Wrong,0.0256707634712811,round,,D_local,S_final,10,10,22
gpt-4o,S0,13,1,1,Correct,0.1730454799536489,round,,D_local,S_final,10,10,22
gpt-4o,S0,13,1,2,Correct,0.1615888559132012,round,,D_local,S_final,10,10,22
gpt-4o,S0,13,1,3,Correct,0.1707654730599089,round,,D_local,S_final,10,10,22
gpt-4o,S0,13,2,1,Correct,-0.0171594966839941,round,,D_local,S_final,10,10,22
gpt-4o,S0,13,2,2,Correct,-0.0005513619140142,round,,D_local,S_final,10,10,22
gpt-4o,S0,13,2,3,Correct,-0.0306984182883081,round,,D_local,S_final,10,10,22
gpt-4o,S0,13,3,1,Wrong,0.0259605925907172,round,,D_local,S_final,10,10,22
gpt-4o,S0,13,3,2,Wrong,0.038006431629299,round,,D_local,S_final,10,10,22
gpt-4o,S0,13,3,3,Wrong,0.0205879510174131,round,,D_local,S_final,10,10,22
gpt-4o,S0,14,1,1,Wrong,-0.0026643470338727,round,,D_local,S_final,10,10,22
gpt-4o,S0,14,1,2,Wrong,0.0085911697446716,round,,D_local,S_final,10,10,22
gpt-4o,S0,14,1,3,Wrong,-0.0015589615454373,round,,D_local,S_final,10,10,22
gpt-4o,S0,15,1,1,Correct,-0.1250474698171194,round,,D_local,S_final,10,10,22
gpt-4o,S0,15,1,2,Wrong,-0.0818953355924453,round,,D_local,S_final,10,10,22
gpt-4o,S0,15,1,3,Correct,-0.1019513943447576,round,,D_local,S_final,10,10,22
gpt-4o,S0,16,1,1,Correct,0.1083717017774044,round,,D_local,S_final,10,10,22
gpt-4o,S0,16,1,2,Correct,0.0999540009147316,round,,D_local,S_final,10,10,22
gpt-4o,S0,16,1,3,Correct,0.1191172599137359,round,,D_local,S_final,10,10,22
gpt-4o,S0,17,1,1,Wrong,0.0020683461690251,round,,D_local,S_final,10,10,22
gpt-4o,S0,17,1,2,Wrong,0.0067960969214598,round,,D_local,S_final,10,10,22
gpt-4o,S0,17,1,3,Wrong,-0.0323699669531882,round,,D_local,S_final,10,10,22
gpt-4o,S0,18,1,1,Correct,0.1368063958686175,round,,D_local,S_final,10,10,22
gpt-4o,S0,18,1,2,Correct,0.1363121086394643,round,,D_local,S_final,10,10,22
gpt-4o,S0,18,1,3,Correct,0.1350174442706749,round,,D_local,S_final,10,10,22
gpt-4o,S0,19,1,1,Correct,0.0223336492557945,round,,D_local,S_final,10,10,22
gpt-4o,S0,19,1,2,Correct,0.033726118699035,round,,D_local,S_final,10,10,22
gpt-4o,S0,19,1,3,Correct,0.014930050622204,round,,D_local,S_final,10,10,22
gpt-4o,S0,20,1,1,Correct,0.1010481156758817,round,,D_local,S_final,10,10,22
gpt-4o,S0,20,1,2,Correct,0.1269172171707018,round,,D_local,S_final,10,10,22
gpt-4o,S0,20,1,3,Correct,0.0870569835890259,round,,D_local,S_final,10,10,22
gpt-4o,S0,21,1,1,Correct,0.1110525357367705,round,,D_local,S_final,10,10,22
gpt-4o,S0,21,1,2,Correct,0.1184311940725204,round,,D_local,S_final,10,10,22
gpt-4o,S0,21,1,3,Correct,0.0968747650495608,round,,D_local,S_final,10,10,22
gpt-4o,S0,22,1,1,Wrong,0.0527609336069413,round,,D_local,S_final,10,10,22
gpt-4o,S0,22,1,2,Wrong,0.0182246045314499,round,,D_local,S_final,10,10,22
gpt-4o,S0,22,1,3,Wrong,0.0248559799946104,round,,D_local,S_final,10,10,22
gpt-4o,S0,23,1,1,Wrong,0.0658308615546489,round,,D_local,S_final,10,10,22
gpt-4o,S0,23,1,2,Wrong,0.0830046465385325,round,,D_local,S_final,10,10,22
gpt-4o,S0,23,1,3,Wrong,0.0362460831656665,round,,D_local,S_final,10,10,22
gpt-4o,S0,24,1,1,Wrong,-0.0031344966783578,round,,D_local,S_final,10,10,22
gpt-4o,S0,24,1,2,Wrong,-0.0036153110928551,round,,D_local,S_final,10,10,22
gpt-4o,S0,24,1,3,Wrong,-0.0028512549900986,round,,D_local,S_final,10,10,22
gpt-4o,S0,25,1,1,Wrong,-0.0703944939985657,round,,D_local,S_final,10,10,22
gpt-4o,S0,25,1,2,Correct,-0.0526586241581917,round,,D_local,S_final,10,10,22
gpt-4o,S0,25,1,3,Correct,-0.0424692059384897,round,,D_local,S_final,10,10,22
gpt-4o,S0,25,2,1,Correct,0.0732762268035057,round,,D_local,S_final,10,10,22
gpt-4o,S0,25,2,2,Correct,0.0813768931227943,round,,D_local,S_final,10,10,22
gpt-4o,S0,25,2,3,Correct,0.079114044810614,round,,D_local,S_final,10,10,22
gpt-4o,S0,26,1,1,Correct,0.0865732842730808,round,,D_local,S_final,10,10,22
gpt-4o,S0,26,1,2,Correct,0.094144117648906,round,,D_local,S_final,10,10,22
gpt-4o,S0,26,1,3,Correct,0.0702829664606498,round,,D_local,S_final,10,10,22
gpt-4o,S0,26,2,1,Wrong,-0.0600869672895441,round,,D_local,S_final,10,10,22
gpt-4o,S0,26,2,2,Wrong,-0.0568359852082298,round,,D_local,S_final,10,10,22
gpt-4o,S0,26,2,3,Wrong,-0.0638273540375014,round,,D_local,S_final,10,10,22
gpt-4o,S0,26,3,1,Wrong,-0.0682299887861025,round,,D_local,S_final,10,10,22
gpt-4o,S0,26,3,2,Wrong,-0.069804714088171,round,,D_local,S_final,10,10,22
gpt-4o,S0,26,3,3,Wrong,-0.0535373372071023,round,,D_local,S_final,10,10,22
gpt-4o,S0,26,4,1,Correct,0.1518350253858459,round,,D_local,S_final,10,10,22
gpt-4o,S0,26,4,2,Correct,0.1602330258132048,round,,D_local,S_final,10,10,22
gpt-4o,S0,26,4,3,Correct,0.1501578581512581,round,,D_local,S_final,10,10,22
gpt-4o,S0,27,1,1,Correct,0.0445789580282099,round,,D_local,S_final,10,10,22
gpt-4o,S0,27,1,2,Correct,0.0505679297155052,round,,D_local,S_final,10,10,22
gpt-4o,S0,27,1,3,Correct,0.0692354289940007,round,,D_local,S_final,10,10,22
gpt-4o,S0,27,2,1,Correct,-0.0555984843892792,round,,D_local,S_final,10,10,22
gpt-4o,S0,27,2,2,Correct,-0.0662789879773406,round,,D_local,S_final,10,10,22
gpt-4o,S0,27,2,3,Correct,-0.062375257106858,round,,D_local,S_final,10,10,22
gpt-4o,S0,27,3,1,Correct,-0.0617930502462589,round,,D_local,S_final,10,10,22
gpt-4o,S0,27,3,2,Wrong,-0.0691135810368962,round,,D_local,S_final,10,10,22
gpt-4o,S0,27,3,3,Wrong,-0.0679060774200435,round,,D_local,S_final,10,10,22
gpt-4o,S0,27,4,1,Correct,0.2152662298259582,round,,D_local,S_final,10,10,22
gpt-4o,S0,27,4,2,Correct,0.1655483666670152,round,,D_local,S_final,10,10,22
gpt-4o,S0,27,4,3,Correct,0.1798582085928287,round,,D_local,S_final,10,10,22
gpt-4o,S0,28,1,1,Wrong,0.0379259885825751,round,,D_local,S_final,10,10,22
gpt-4o,S0,28,1,2,Wrong,0.024747407929859,round,,D_local,S_final,10,10,22
gpt-4o,S0,28,1,3,Wrong,0.0028022504689435,round,,D_local,S_final,10,10,22
gpt-4o,S0,28,2,1,Correct,-0.0144810235393406,round,,D_local,S_final,10,10,22
gpt-4o,S0,28,2,2,Correct,-0.0360968057004178,round,,D_local,S_final,10,10,22
gpt-4o,S0,28,2,3,Correct,-0.0617856696861565,round,,D_local,S_final,10,10,22
gpt-4o,S0,29,1,1,Correct,0.1049018857376596,round,,D_local,S_final,10,10,22
gpt-4o,S0,29,1,2,Correct,0.0963162747288364,round,,D_local,S_final,10,10,22
gpt-4o,S0,29,1,3,Wrong,0.1044907956231546,round,,D_local,S_final,10,10,22
gpt-4o,S0,29,2,1,Correct,-0.062331329514249,round,,D_local,S_final,10,10,22
gpt-4o,S0,29,2,2,Correct,-0.0556647328190491,round,,D_local,S_final,10,10,22
gpt-4o,S0,29,2,3,Correct,-0.0806121094645354,round,,D_local,S_final,10,10,22
gpt-4o,S0,30,1,1,Correct,0.0553613103140063,round,,D_local,S_final,10,10,22
gpt-4o,S0,30,1,2,Correct,0.0383254761047152,round,,D_local,S_final,10,10,22
gpt-4o,S0,30,1,3,Correct,0.0463632088682401,round,,D_local,S_final,10,10,22
gpt-4o,S0,30,2,1,Correct,-0.056161266531805,round,,D_local,S_final,10,10,22
gpt-4o,S0,30,2,2,Correct,-0.0620192635687411,round,,D_local,S_final,10,10,22
gpt-4o,S0,30,2,3,Correct,-0.0596274962346695,round,,D_local,S_final,10,10,22
gpt-4o,S0,31,1,1,Correct,0.1408816022057412,round,,D_local,S_final,10,10,22
gpt-4o,S0,31,1,2,Correct,0.137396703470199,round,,D_local,S_final,10,10,22
gpt-4o,S0,31,1,3,Correct,0.1295520117882367,round,,D_local,S_final,10,10,22
gpt-4o,S0,32,1,1,Wrong,-0.0102169056728469,round,,D_local,S_final,10,10,22
gpt-4o,S0,32,1,2,Wrong,-0.0075930410648834,round,,D_local,S_final,10,10,22
gpt-4o,S0,32,1,3,Wrong,0.0045957321999241,round,,D_local,S_final,10,10,22
gpt-4o,S0,33,1,1,Wrong,0.0553839224515478,round,,D_local,S_final,10,10,22
gpt-4o,S0,33,1,2,Wrong,0.0448579680345836,round,,D_local,S_final,10,10,22
gpt-4o,S0,33,1,3,Wrong,0.0531275002061647,round,,D_local,S_final,10,10,22
gpt-4o,S0,34,1,1,Wrong,0.0379911058454143,round,,D_local,S_final,10,10,22
gpt-4o,S0,34,1,2,Wrong,0.0249427574304763,round,,D_local,S_final,10,10,22
gpt-4o,S0,34,1,3,Wrong,0.0090024627975821,round,,D_local,S_final,10,10,22
gpt-4o,S0,35,1,1,Wrong,-0.0647664428967151,round,,D_local,S_final,10,10,22
gpt-4o,S0,35,1,2,Wrong,-0.0222226183836127,round,,D_local,S_final,10,10,22
gpt-4o,S0,35,1,3,Wrong,-0.0424383431596349,round,,D_local,S_final,10,10,22
gpt-4o,S0,36,1,1,Correct,0.1055611434622381,round,,D_local,S_final,10,10,22
gpt-4o,S0,36,1,2,Correct,0.0793445761564424,round,,D_local,S_final,10,10,22
gpt-4o,S0,36,1,3,Correct,0.0858273465590894,round,,D_local,S_final,10,10,22
gpt-4o,S0,36,2,1,Correct,0.0406931201422586,round,,D_local,S_final,10,10,22
gpt-4o,S0,36,2,2,Wrong,0.0117682736213475,round,,D_local,S_final,10,10,22
gpt-4o,S0,36,2,3,Wrong,0.0024692545842596,round,,D_local,S_final,10,10,22
gpt-4o,S0,36,3,1,Correct,0.0061671343611235,round,,D_local,S_final,10,10,22
gpt-4o,S0,36,3,2,Correct,-0.0052891335175693,round,,D_local,S_final,10,10,22
gpt-4o,S0,36,3,3,Correct,0.0074253498464035,round,,D_local,S_final,10,10,22
gpt-4o,S0,37,1,1,Wrong,0.0277935335688301,round,,D_local,S_final,10,10,22
gpt-4o,S0,37,1,2,Wrong,-0.0018091408477823,round,,D_local,S_final,10,10,22
gpt-4o,S0,37,1,3,Wrong,-0.0114674383822042,round,,D_local,S_final,10,10,22
gpt-4o,S0,37,2,1,Correct,0.0799893212891014,round,,D_local,S_final,10,10,22
gpt-4o,S0,37,2,2,Correct,0.0622507548282886,round,,D_local,S_final,10,10,22
gpt-4o,S0,37,2,3,Correct,0.0830729670083368,round,,D_local,S_final,10,10,22
gpt-4o,S0,38,1,1,Wrong,-0.1197911169987082,round,,D_local,S_final,10,10,22
gpt-4o,S0,38,1,2,Wrong,-0.125898804628706,round,,D_local,S_final,10,10,22
gpt-4o,S0,38,1,3,Wrong,-0.1371314949994585,round,,D_local,S_final,10,10,22
gpt-4o,S0,38,2,1,Wrong,-0.1462305949405558,round,,D_local,S_final,10,10,22
gpt-4o,S0,38,2,2,Wrong,-0.1325861538377964,round,,D_local,S_final,10,10,22
gpt-4o,S0,38,2,3,Wrong,-0.1299242327656921,round,,D_local,S_final,10,10,22
gpt-4o,S0,39,1,1,Wrong,-0.0496430079538245,round,,D_local,S_final,10,10,22
gpt-4o,S0,39,1,2,Wrong,-0.0351972647850143,round,,D_local,S_final,10,10,22
gpt-4o,S0,39,1,3,Correct,-0.0248064371744768,round,,D_local,S_final,10,10,22
gpt-4o,S0,39,2,1,Correct,0.1572453331807141,round,,D_local,S_final,10,10,22
gpt-4o,S0,39,2,2,Wrong,0.138989430807095,round,,D_local,S_final,10,10,22
gpt-4o,S0,39,2,3,Correct,0.1462853546125166,round,,D_local,S_final,10,10,22
gpt-4o,S0,40,1,1,Correct,0.0925457301615572,round,,D_local,S_final,10,10,22
gpt-4o,S0,40,1,2,Correct,0.0846150819181971,round,,D_local,S_final,10,10,22
gpt-4o,S0,40,1,3,Correct,0.1076904916375753,round,,D_local,S_final,10,10,22
gpt-4o,S0,40,2,1,Correct,0.0610742863811556,round,,D_local,S_final,10,10,22
gpt-4o,S0,40,2,2,Correct,0.0575297631330867,round,,D_local,S_final,10,10,22
gpt-4o,S0,40,2,3,Correct,0.0807441484896447,round,,D_local,S_final,10,10,22
gpt-4o,S0,40,3,1,Correct,0.0043792540551966,round,,D_local,S_final,10,10,22
gpt-4o,S0,40,3,2,Correct,-0.0003395143966574,round,,D_local,S_final,10,10,22
gpt-4o,S0,40,3,3,Correct,0.0556929165969982,round,,D_local,S_final,10,10,22
gpt-4o,S0,40,4,1,Correct,0.0257329161916574,round,,D_local,S_final,10,10,22
gpt-4o,S0,40,4,2,Correct,0.0341756401675098,round,,D_local,S_final,10,10,22
gpt-4o,S0,40,4,3,Correct,0.034729931175387,round,,D_local,S_final,10,10,22
gpt-4o,S0,40,5,1,Wrong,0.0842897668575046,round,,D_local,S_final,10,10,22
gpt-4o,S0,40,5,2,Wrong,0.0828496829149849,round,,D_local,S_final,10,10,22
gpt-4o,S0,40,5,3,Wrong,0.0949917982212761,round,,D_local,S_final,10,10,22
gpt-4o,S0,40,6,1,Correct,0.0341700050753441,round,,D_local,S_final,10,10,22
gpt-4o,S0,40,6,2,Correct,0.0292009209754808,round,,D_local,S_final,10,10,22
gpt-4o,S0,40,6,3,Correct,0.0340967281556863,round,,D_local,S_final,10,10,22
gpt-4o,S0,41,1,1,Correct,0.0825519051434997,round,,D_local,S_final,10,10,22
gpt-4o,S0,41,1,2,Correct,0.097826512221651,round,,D_local,S_final,10,10,22
gpt-4o,S0,41,1,3,Correct,0.0901463798712056,round,,D_local,S_final,10,10,22
gpt-4o,S0,42,1,1,Wrong,-0.0483060900660732,round,,D_local,S_final,10,10,22
gpt-4o,S0,42,1,2,Wrong,-0.0332294181841714,round,,D_local,S_final,10,10,22
gpt-4o,S0,42,1,3,Wrong,-0.0392779524954995,round,,D_local,S_final,10,10,22
gpt-4o,S0,43,1,1,Wrong,-0.0489824846632792,round,,D_local,S_final,10,10,22
gpt-4o,S0,43,1,2,Wrong,-0.0686646793298403,round,,D_local,S_final,10,10,22
gpt-4o,S0,43,1,3,Wrong,-0.0639434431412792,round,,D_local,S_final,10,10,22
gpt-4o,S0,44,1,1,Wrong,0.0755275395211821,round,,D_local,S_final,10,10,22
gpt-4o,S0,44,1,2,Wrong,0.0489546925216816,round,,D_local,S_final,10,10,22
gpt-4o,S0,44,1,3,Wrong,0.0677927671989345,round,,D_local,S_final,10,10,22
gpt-4o,S0,45,1,1,Correct,0.1449868145462541,round,,D_local,S_final,10,10,22
gpt-4o,S0,45,1,2,Correct,0.146996277418099,round,,D_local,S_final,10,10,22
gpt-4o,S0,45,1,3,Wrong,0.1414675453756888,round,,D_local,S_final,10,10,22
gpt-4o,S0,45,2,1,Wrong,-0.0630440612648146,round,,D_local,S_final,10,10,22
gpt-4o,S0,45,2,2,Wrong,-0.0768816076214347,round,,D_local,S_final,10,10,22
gpt-4o,S0,45,2,3,Wrong,-0.0835320019653036,round,,D_local,S_final,10,10,22
gpt-4o,S0,45,3,1,Wrong,-0.0697014572952952,round,,D_local,S_final,10,10,22
gpt-4o,S0,45,3,2,Wrong,-0.058770663745656,round,,D_local,S_final,10,10,22
gpt-4o,S0,45,3,3,Wrong,-0.0579118342125991,round,,D_local,S_final,10,10,22
gpt-4o,S0,46,1,1,Correct,0.0785933513665507,round,,D_local,S_final,10,10,22
gpt-4o,S0,46,1,2,Correct,0.1106506676805675,round,,D_local,S_final,10,10,22
gpt-4o,S0,46,1,3,Correct,0.1036412920966016,round,,D_local,S_final,10,10,22
gpt-4o,S0,46,2,1,Correct,0.064248552505897,round,,D_local,S_final,10,10,22
gpt-4o,S0,46,2,2,Correct,0.05704425912081,round,,D_local,S_final,10,10,22
gpt-4o,S0,46,2,3,Correct,0.0597363877461819,round,,D_local,S_final,10,10,22
gpt-4o,S0,47,1,1,Correct,0.1052125521427103,round,,D_local,S_final,10,10,22
gpt-4o,S0,47,1,2,Correct,0.1094858208729726,round,,D_local,S_final,10,10,22
gpt-4o,S0,47,1,3,Correct,0.0928005748346942,round,,D_local,S_final,10,10,22
gpt-4o,S0,47,2,1,Correct,0.0038278976879138,round,,D_local,S_final,10,10,22
gpt-4o,S0,47,2,2,Correct,0.0098286079197937,round,,D_local,S_final,10,10,22
gpt-4o,S0,47,2,3,Correct,0.0162091558303362,round,,D_local,S_final,10,10,22
gpt-4o,S0,48,1,1,Correct,0.0873651916038061,round,,D_local,S_final,10,10,22
gpt-4o,S0,48,1,2,Correct,0.0885381729063206,round,,D_local,S_final,10,10,22
gpt-4o,S0,48,1,3,Correct,0.0830644730426606,round,,D_local,S_final,10,10,22
gpt-4o,S0,48,2,1,Wrong,0.0099683887238321,round,,D_local,S_final,10,10,22
gpt-4o,S0,48,2,2,Wrong,0.0151258924266354,round,,D_local,S_final,10,10,22
gpt-4o,S0,48,2,3,Wrong,-0.0281605086574325,round,,D_local,S_final,10,10,22
gpt-4o,S0,49,1,1,Wrong,0.0379124673162174,round,,D_local,S_final,10,10,22
gpt-4o,S0,49,1,2,Wrong,0.0287952974790617,round,,D_local,S_final,10,10,22
gpt-4o,S0,49,1,3,Wrong,0.0228529681880379,round,,D_local,S_final,10,10,22
gpt-4o,S0,50,1,1,Correct,-0.0082582496870193,round,,D_local,S_final,10,10,22
gpt-4o,S0,50,1,2,Correct,0.0022954081109459,round,,D_local,S_final,10,10,22
gpt-4o,S0,50,1,3,Wrong,-0.0039319967487226,round,,D_local,S_final,10,10,22
gpt-4o,S0,51,1,1,Wrong,0.0744625030541366,round,,D_local,S_final,10,10,22
gpt-4o,S0,51,1,2,Wrong,0.0825574506752832,round,,D_local,S_final,10,10,22
gpt-4o,S0,51,1,3,Wrong,0.0435308392847151,round,,D_local,S_final,10,10,22
gpt-4o,S0,52,1,1,Correct,0.1411955265973826,round,,D_local,S_final,10,10,22
gpt-4o,S0,52,1,2,Correct,0.1143375074637024,round,,D_local,S_final,10,10,22
gpt-4o,S0,52,1,3,Correct,0.1148288477048552,round,,D_local,S_final,10,10,22
gpt-4o,S0,53,1,1,Wrong,0.0732545301277398,round,,D_local,S_final,10,10,22
gpt-4o,S0,53,1,2,Wrong,0.0614785914904506,round,,D_local,S_final,10,10,22
gpt-4o,S0,53,1,3,Wrong,0.0717345049005682,round,,D_local,S_final,10,10,22
gpt-4o,S0,53,2,1,Correct,0.0872672865593512,round,,D_local,S_final,10,10,22
gpt-4o,S0,53,2,2,Correct,0.10067314766731,round,,D_local,S_final,10,10,22
gpt-4o,S0,53,2,3,Correct,0.0890134521533843,round,,D_local,S_final,10,10,22
gpt-4o,S0,54,1,1,Wrong,-0.063523185727509,round,,D_local,S_final,10,10,22
gpt-4o,S0,54,1,2,Wrong,-0.0631740134038129,round,,D_local,S_final,10,10,22
gpt-4o,S0,54,1,3,Wrong,-0.0594688072763858,round,,D_local,S_final,10,10,22
gpt-4o,S0,54,2,1,Correct,0.0656521261014696,round,,D_local,S_final,10,10,22
gpt-4o,S0,54,2,2,Correct,0.0708132711783302,round,,D_local,S_final,10,10,22
gpt-4o,S0,54,2,3,Correct,0.076864169769419,round,,D_local,S_final,10,10,22
gpt-4o,S0,55,1,1,Wrong,-0.0328571143666934,round,,D_local,S_final,10,10,22
gpt-4o,S0,55,1,2,Wrong,-0.0369882677983662,round,,D_local,S_final,10,10,22
gpt-4o,S0,55,1,3,Wrong,-0.0406848942891664,round,,D_local,S_final,10,10,22
gpt-4o,S0,55,2,1,Correct,0.0852307960373105,round,,D_local,S_final,10,10,22
gpt-4o,S0,55,2,2,Correct,0.1044996130820056,round,,D_local,S_final,10,10,22
gpt-4o,S0,55,2,3,Correct,0.0983875308126271,round,,D_local,S_final,10,10,22
gpt-4o,S0,56,1,1,Correct,0.0325319121783523,round,,D_local,S_final,10,10,22
gpt-4o,S0,56,1,2,Correct,0.0255398911832176,round,,D_local,S_final,10,10,22
gpt-4o,S0,56,1,3,Correct,0.0134453281071205,round,,D_local,S_final,10,10,22
gpt-4o,S0,56,2,1,Correct,0.0709298618706535,round,,D_local,S_final,10,10,22
gpt-4o,S0,56,2,2,Correct,0.0385150660121623,round,,D_local,S_final,10,10,22
gpt-4o,S0,56,2,3,Correct,0.0457351708095997,round,,D_local,S_final,10,10,22
gpt-4o,S0,57,1,1,Wrong,-0.0785010745973711,round,,D_local,S_final,10,10,22
gpt-4o,S0,57,1,2,Wrong,-0.1130913532230042,round,,D_local,S_final,10,10,22
gpt-4o,S0,57,1,3,Correct,-0.0861201706366576,round,,D_local,S_final,10,10,22
gpt-4o,S0,57,2,1,Wrong,-0.1932394067384365,round,,D_local,S_final,10,10,22
gpt-4o,S0,57,2,2,Wrong,-0.1956884890530697,round,,D_local,S_final,10,10,22
gpt-4o,S0,57,2,3,Wrong,-0.1887199992721667,round,,D_local,S_final,10,10,22
gpt-4o,S0,58,1,1,Wrong,0.0187536006961379,round,,D_local,S_final,10,10,22
gpt-4o,S0,58,1,2,Wrong,0.0100287273371989,round,,D_local,S_final,10,10,22
gpt-4o,S0,58,1,3,Wrong,-0.0085657356983233,round,,D_local,S_final,10,10,22
gpt-4o,S0,58,2,1,Correct,0.0423102069919056,round,,D_local,S_final,10,10,22
gpt-4o,S0,58,2,2,Correct,0.0402493135762372,round,,D_local,S_final,10,10,22
gpt-4o,S0,58,2,3,Correct,0.045062335459293,round,,D_local,S_final,10,10,22
gpt-4o,S0,59,1,1,Wrong,-0.0204266952514031,round,,D_local,S_final,10,10,22
gpt-4o,S0,59,1,2,Wrong,-0.0355176158417904,round,,D_local,S_final,10,10,22
gpt-4o,S0,59,1,3,Wrong,-0.0345654393996515,round,,D_local,S_final,10,10,22
gpt-4o,S0,59,2,1,Correct,0.0551178671847004,round,,D_local,S_final,10,10,22
gpt-4o,S0,59,2,2,Correct,0.0659680857171668,round,,D_local,S_final,10,10,22
gpt-4o,S0,59,2,3,Correct,0.0526121000415616,round,,D_local,S_final,10,10,22
gpt-4o,S0,60,1,1,Wrong,-0.0782146691631074,round,,D_local,S_final,10,10,22
gpt-4o,S0,60,1,2,Wrong,-0.0853841285524958,round,,D_local,S_final,10,10,22
gpt-4o,S0,60,1,3,Wrong,-0.1102588854686804,round,,D_local,S_final,10,10,22
gpt-4o,S0,60,2,1,Correct,0.0719711539743018,round,,D_local,S_final,10,10,22
gpt-4o,S0,60,2,2,Correct,0.0635344582976391,round,,D_local,S_final,10,10,22
gpt-4o,S0,60,2,3,Correct,0.0695950246389813,round,,D_local,S_final,10,10,22
gpt-4o,S0,61,1,1,Wrong,-0.0554794600003912,round,,D_local,S_final,10,10,22
gpt-4o,S0,61,1,2,Wrong,-0.0909922629514466,round,,D_local,S_final,10,10,22
gpt-4o,S0,61,1,3,Wrong,-0.0790925480399407,round,,D_local,S_final,10,10,22
gpt-4o,S0,61,2,1,Correct,0.0763383069187152,round,,D_local,S_final,10,10,22
gpt-4o,S0,61,2,2,Correct,0.0648876454868873,round,,D_local,S_final,10,10,22
gpt-4o,S0,61,2,3,Correct,0.0718816937958033,round,,D_local,S_final,10,10,22
gpt-4o,S0,62,1,1,Wrong,0.0011654734798949,round,,D_local,S_final,10,10,22
gpt-4o,S0,62,1,2,Wrong,0.0145733690831093,round,,D_local,S_final,10,10,22
gpt-4o,S0,62,1,3,Wrong,-0.0109589870482825,round,,D_local,S_final,10,10,22
gpt-4o,S0,62,2,1,Wrong,0.0003749655793869,round,,D_local,S_final,10,10,22
gpt-4o,S0,62,2,2,Wrong,-0.0037520086346619,round,,D_local,S_final,10,10,22
gpt-4o,S0,62,2,3,Wrong,-0.0042390311909361,round,,D_local,S_final,10,10,22
gpt-4o,S0,63,1,1,Wrong,0.0045403491138579,round,,D_local,S_final,10,10,22
gpt-4o,S0,63,1,2,Correct,0.0172590384522101,round,,D_local,S_final,10,10,22
gpt-4o,S0,63,1,3,Wrong,0.0061223365806512,round,,D_local,S_final,10,10,22
gpt-4o,S0,63,2,1,Wrong,-0.0056207876054901,round,,D_local,S_final,10,10,22
gpt-4o,S0,63,2,2,Wrong,-0.0071021498284284,round,,D_local,S_final,10,10,22
gpt-4o,S0,63,2,3,Wrong,-0.0034932860161559,round,,D_local,S_final,10,10,22
gpt-4o,S0,64,1,1,Correct,-0.0228937902358279,round,,D_local,S_final,10,10,22
gpt-4o,S0,64,1,2,Correct,-0.0132361871906953,round,,D_local,S_final,10,10,22
gpt-4o,S0,64,1,3,Correct,-0.0129940616726096,round,,D_local,S_final,10,10,22
gpt-4o,S0,64,2,1,Correct,0.0796264280477463,round,,D_local,S_final,10,10,22
gpt-4o,S0,64,2,2,Correct,0.0927308577761977,round,,D_local,S_final,10,10,22
gpt-4o,S0,64,2,3,Correct,0.076140623980964,round,,D_local,S_final,10,10,22
gpt-4o,S1,1,1,1,Correct,0.0378210042208518,round,,D_local,S_final,10,10,22
gpt-4o,S1,1,1,2,Correct,0.0282493457486207,round,,D_local,S_final,10,10,22
gpt-4o,S1,1,1,3,Correct,0.0763151604422285,round,,D_local,S_final,10,10,22
gpt-4o,S1,1,2,1,Wrong,0.0377945130805924,round,,D_local,S_final,10,10,22
gpt-4o,S1,1,2,2,Wrong,0.0592518218077546,round,,D_local,S_final,10,10,22
gpt-4o,S1,1,2,3,Correct,0.053041439334845,round,,D_local,S_final,10,10,22
gpt-4o,S1,1,3,1,Correct,0.0027909962586599,round,,D_local,S_final,10,10,22
gpt-4o,S1,1,3,2,Correct,0.0060378167368559,round,,D_local,S_final,10,10,22
gpt-4o,S1,1,3,3,Correct,-0.0123722044472672,round,,D_local,S_final,10,10,22
gpt-4o,S1,1,4,1,Correct,0.0711870703429373,round,,D_local,S_final,10,10,22
gpt-4o,S1,1,4,2,Correct,0.0821711343355724,round,,D_local,S_final,10,10,22
gpt-4o,S1,1,4,3,Correct,0.0595021691378697,round,,D_local,S_final,10,10,22
gpt-4o,S1,1,5,1,Wrong,-0.0331706904431211,round,,D_local,S_final,10,10,22
gpt-4o,S1,1,5,2,Wrong,-0.0630941691887553,round,,D_local,S_final,10,10,22
gpt-4o,S1,1,5,3,Wrong,-0.093719026031941,round,,D_local,S_final,10,10,22
gpt-4o,S1,2,1,1,Correct,0.1916731021179051,round,,D_local,S_final,10,10,22
gpt-4o,S1,2,1,2,Correct,0.1799217440652178,round,,D_local,S_final,10,10,22
gpt-4o,S1,2,1,3,Correct,0.1380741053510342,round,,D_local,S_final,10,10,22
gpt-4o,S1,3,1,1,Wrong,0.1428961536603388,round,,D_local,S_final,10,10,22
gpt-4o,S1,3,1,2,Wrong,0.1553958232472277,round,,D_local,S_final,10,10,22
gpt-4o,S1,3,1,3,Wrong,0.1244834727113699,round,,D_local,S_final,10,10,22
gpt-4o,S1,3,2,1,Correct,0.1881266454690724,round,,D_local,S_final,10,10,22
gpt-4o,S1,3,2,2,Correct,0.1877666779167511,round,,D_local,S_final,10,10,22
gpt-4o,S1,3,2,3,Correct,0.1955585346454401,round,,D_local,S_final,10,10,22
gpt-4o,S1,4,1,1,Wrong,0.0877984651067208,round,,D_local,S_final,10,10,22
gpt-4o,S1,4,1,2,Wrong,0.0900067837387694,round,,D_local,S_final,10,10,22
gpt-4o,S1,4,1,3,Wrong,0.086956280788975,round,,D_local,S_final,10,10,22
gpt-4o,S1,4,2,1,Wrong,0.09180756489712,round,,D_local,S_final,10,10,22
gpt-4o,S1,4,2,2,Wrong,0.0812917792308638,round,,D_local,S_final,10,10,22
gpt-4o,S1,4,2,3,Wrong,0.0780328467723843,round,,D_local,S_final,10,10,22
gpt-4o,S1,4,3,1,Wrong,0.0269479671309549,round,,D_local,S_final,10,10,22
gpt-4o,S1,4,3,2,Wrong,0.0250758523812506,round,,D_local,S_final,10,10,22
gpt-4o,S1,4,3,3,Wrong,0.049893887117193,round,,D_local,S_final,10,10,22
gpt-4o,S1,5,1,1,Wrong,0.0428011732778284,round,,D_local,S_final,10,10,22
gpt-4o,S1,5,1,2,Wrong,0.0917101678795835,round,,D_local,S_final,10,10,22
gpt-4o,S1,5,1,3,Wrong,0.0389086056316873,round,,D_local,S_final,10,10,22
gpt-4o,S1,5,2,1,Correct,0.0398972440142381,round,,D_local,S_final,10,10,22
gpt-4o,S1,5,2,2,Correct,0.0495204574859297,round,,D_local,S_final,10,10,22
gpt-4o,S1,5,2,3,Correct,0.0409387019329401,round,,D_local,S_final,10,10,22
gpt-4o,S1,5,3,1,Correct,0.0719532331908914,round,,D_local,S_final,10,10,22
gpt-4o,S1,5,3,2,Correct,0.0736627471903773,round,,D_local,S_final,10,10,22
gpt-4o,S1,5,3,3,Correct,0.0658713664660992,round,,D_local,S_final,10,10,22
gpt-4o,S1,6,1,1,Correct,0.0727767553105561,round,,D_local,S_final,10,10,22
gpt-4o,S1,6,1,2,Correct,0.0719136743512837,round,,D_local,S_final,10,10,22
gpt-4o,S1,6,1,3,Correct,0.0671185319095064,round,,D_local,S_final,10,10,22
gpt-4o,S1,6,2,1,Wrong,-0.0051326074689314,round,,D_local,S_final,10,10,22
gpt-4o,S1,6,2,2,Wrong,0.0144321725391263,round,,D_local,S_final,10,10,22
gpt-4o,S1,6,2,3,Wrong,0.0044907685787293,round,,D_local,S_final,10,10,22
gpt-4o,S1,6,3,1,Correct,0.0411811561818813,round,,D_local,S_final,10,10,22
gpt-4o,S1,6,3,2,Correct,0.0651447906208334,round,,D_local,S_final,10,10,22
gpt-4o,S1,6,3,3,Correct,0.0734595982928463,round,,D_local,S_final,10,10,22
gpt-4o,S1,7,1,1,Wrong,0.114634340300635,round,,D_local,S_final,10,10,22
gpt-4o,S1,7,1,2,Wrong,0.1097069136311476,round,,D_local,S_final,10,10,22
gpt-4o,S1,7,1,3,Wrong,0.1324389123713006,round,,D_local,S_final,10,10,22
gpt-4o,S1,7,2,1,Wrong,0.0934216854821945,round,,D_local,S_final,10,10,22
gpt-4o,S1,7,2,2,Wrong,0.0828108381900222,round,,D_local,S_final,10,10,22
gpt-4o,S1,7,2,3,Wrong,0.0932149246230878,round,,D_local,S_final,10,10,22
gpt-4o,S1,7,3,1,Wrong,-0.029124170373214,round,,D_local,S_final,10,10,22
gpt-4o,S1,7,3,2,Wrong,-0.0210955602006588,round,,D_local,S_final,10,10,22
gpt-4o,S1,7,3,3,Wrong,-0.0162344035901051,round,,D_local,S_final,10,10,22
gpt-4o,S1,7,4,1,Correct,-0.0139719559399525,round,,D_local,S_final,10,10,22
gpt-4o,S1,7,4,2,Correct,-0.0094391068391138,round,,D_local,S_final,10,10,22
gpt-4o,S1,7,4,3,Correct,0.0118561006103075,round,,D_local,S_final,10,10,22
gpt-4o,S1,7,5,1,Correct,0.0446991509761787,round,,D_local,S_final,10,10,22
gpt-4o,S1,7,5,2,Correct,0.052337316613306,round,,D_local,S_final,10,10,22
gpt-4o,S1,7,5,3,Correct,0.031367167526131,round,,D_local,S_final,10,10,22
gpt-4o,S1,7,6,1,Wrong,-0.0128238826763064,round,,D_local,S_final,10,10,22
gpt-4o,S1,7,6,2,Wrong,-0.0260129530121715,round,,D_local,S_final,10,10,22
gpt-4o,S1,7,6,3,Correct,-0.0274275509556788,round,,D_local,S_final,10,10,22
gpt-4o,S1,7,7,1,Wrong,0.0695528841671704,round,,D_local,S_final,10,10,22
gpt-4o,S1,7,7,2,Wrong,0.0580743806206601,round,,D_local,S_final,10,10,22
gpt-4o,S1,7,7,3,Wrong,0.0732972985080613,round,,D_local,S_final,10,10,22
gpt-4o,S1,7,8,1,Correct,0.005178867000946,round,,D_local,S_final,10,10,22
gpt-4o,S1,7,8,2,Correct,0.0487329397605978,round,,D_local,S_final,10,10,22
gpt-4o,S1,7,8,3,Correct,0.0649600280249655,round,,D_local,S_final,10,10,22
gpt-4o,S1,7,9,1,Correct,0.096840612979102,round,,D_local,S_final,10,10,22
gpt-4o,S1,7,9,2,Correct,0.0865712290273723,round,,D_local,S_final,10,10,22
gpt-4o,S1,7,9,3,Correct,0.085928232051865,round,,D_local,S_final,10,10,22
gpt-4o,S1,7,10,1,Wrong,0.0141125175228516,round,,D_local,S_final,10,10,22
gpt-4o,S1,7,10,2,Wrong,0.0159528383847282,round,,D_local,S_final,10,10,22
gpt-4o,S1,7,10,3,Wrong,0.0329623805737854,round,,D_local,S_final,10,10,22
gpt-4o,S1,7,11,1,Wrong,0.0434699082167067,round,,D_local,S_final,10,10,22
gpt-4o,S1,7,11,2,Wrong,0.061527518745272,round,,D_local,S_final,10,10,22
gpt-4o,S1,7,11,3,Wrong,0.0400646074406481,round,,D_local,S_final,10,10,22
gpt-4o,S1,8,1,1,Correct,0.0826776330181721,round,,D_local,S_final,10,10,22
gpt-4o,S1,8,1,2,Correct,0.0660085931124208,round,,D_local,S_final,10,10,22
gpt-4o,S1,8,1,3,Correct,0.096985927362343,round,,D_local,S_final,10,10,22
gpt-4o,S1,8,2,1,Correct,0.0582357002995185,round,,D_local,S_final,10,10,22
gpt-4o,S1,8,2,2,Correct,0.0642349938665916,round,,D_local,S_final,10,10,22
gpt-4o,S1,8,2,3,Correct,0.0584704501941353,round,,D_local,S_final,10,10,22
gpt-4o,S1,8,3,1,Wrong,0.018940261225106,round,,D_local,S_final,10,10,22
gpt-4o,S1,8,3,2,Wrong,0.0123452393875334,round,,D_local,S_final,10,10,22
gpt-4o,S1,8,3,3,Wrong,-0.002053386504484,round,,D_local,S_final,10,10,22
gpt-4o,S1,8,4,1,Wrong,-0.0400375452043992,round,,D_local,S_final,10,10,22
gpt-4o,S1,8,4,2,Wrong,-0.0136740652835601,round,,D_local,S_final,10,10,22
gpt-4o,S1,8,4,3,Wrong,-0.0446179790863879,round,,D_local,S_final,10,10,22
gpt-4o,S1,9,1,1,Correct,0.0523341248368524,round,,D_local,S_final,10,10,22
gpt-4o,S1,9,1,2,Correct,0.0592783203898492,round,,D_local,S_final,10,10,22
gpt-4o,S1,9,1,3,Correct,0.0803195257089496,round,,D_local,S_final,10,10,22
gpt-4o,S1,9,2,1,Wrong,0.0626906291802176,round,,D_local,S_final,10,10,22
gpt-4o,S1,9,2,2,Wrong,0.0296903556193028,round,,D_local,S_final,10,10,22
gpt-4o,S1,9,2,3,Wrong,0.0356862024100074,round,,D_local,S_final,10,10,22
gpt-4o,S1,9,3,1,Correct,0.0920176943918309,round,,D_local,S_final,10,10,22
gpt-4o,S1,9,3,2,Correct,0.071287196649203,round,,D_local,S_final,10,10,22
gpt-4o,S1,9,3,3,Correct,0.0934444999844026,round,,D_local,S_final,10,10,22
gpt-4o,S1,10,1,1,Wrong,0.0636503961730262,round,,D_local,S_final,10,10,22
gpt-4o,S1,10,1,2,Wrong,0.0815047309498276,round,,D_local,S_final,10,10,22
gpt-4o,S1,10,1,3,Wrong,0.0744130427462151,round,,D_local,S_final,10,10,22
gpt-4o,S1,10,2,1,Wrong,0.0755127290059815,round,,D_local,S_final,10,10,22
gpt-4o,S1,10,2,2,Wrong,0.1133786024249712,round,,D_local,S_final,10,10,22
gpt-4o,S1,10,2,3,Wrong,0.1020844890776545,round,,D_local,S_final,10,10,22
gpt-4o,S1,11,1,1,Wrong,-0.0394576823878597,round,,D_local,S_final,10,10,22
gpt-4o,S1,11,1,2,Wrong,-0.0147327534722082,round,,D_local,S_final,10,10,22
gpt-4o,S1,11,1,3,Wrong,-0.0290814646152184,round,,D_local,S_final,10,10,22
gpt-4o,S1,12,1,1,Wrong,-0.015768689956861,round,,D_local,S_final,10,10,22
gpt-4o,S1,12,1,2,Wrong,-0.0365719709645765,round,,D_local,S_final,10,10,22
gpt-4o,S1,12,1,3,Wrong,-0.0550702175296442,round,,D_local,S_final,10,10,22
gpt-4o,S1,13,1,1,Wrong,0.1107153542482555,round,,D_local,S_final,10,10,22
gpt-4o,S1,13,1,2,Wrong,0.1024011882206069,round,,D_local,S_final,10,10,22
gpt-4o,S1,13,1,3,Wrong,0.090234468599978,round,,D_local,S_final,10,10,22
gpt-4o,S1,13,2,1,Wrong,-0.02009540936798,round,,D_local,S_final,10,10,22
gpt-4o,S1,13,2,2,Correct,-0.0054736256127336,round,,D_local,S_final,10,10,22
gpt-4o,S1,13,2,3,Correct,-0.0456669490026472,round,,D_local,S_final,10,10,22
gpt-4o,S1,13,3,1,Correct,0.0284724292006226,round,,D_local,S_final,10,10,22
gpt-4o,S1,13,3,2,Wrong,-0.0063473052628433,round,,D_local,S_final,10,10,22
gpt-4o,S1,13,3,3,Wrong,0.0300846676195141,round,,D_local,S_final,10,10,22
gpt-4o,S1,14,1,1,Correct,0.0376606773031716,round,,D_local,S_final,10,10,22
gpt-4o,S1,14,1,2,Correct,0.0489793683271955,round,,D_local,S_final,10,10,22
gpt-4o,S1,14,1,3,Correct,0.0632528239103508,round,,D_local,S_final,10,10,22
gpt-4o,S1,15,1,1,Correct,-0.0693396897722168,round,,D_local,S_final,10,10,22
gpt-4o,S1,15,1,2,Correct,-0.0707967190636924,round,,D_local,S_final,10,10,22
gpt-4o,S1,15,1,3,Correct,-0.0535796856793199,round,,D_local,S_final,10,10,22
gpt-4o,S1,16,1,1,Correct,0.1230716223745336,round,,D_local,S_final,10,10,22
gpt-4o,S1,16,1,2,Correct,0.1252061800741494,round,,D_local,S_final,10,10,22
gpt-4o,S1,16,1,3,Correct,0.1195479451462768,round,,D_local,S_final,10,10,22
gpt-4o,S1,17,1,1,Correct,0.0225498488879751,round,,D_local,S_final,10,10,22
gpt-4o,S1,17,1,2,Correct,0.0603145758258193,round,,D_local,S_final,10,10,22
gpt-4o,S1,17,1,3,Correct,0.0696925880418919,round,,D_local,S_final,10,10,22
gpt-4o,S1,18,1,1,Correct,0.0985393463253716,round,,D_local,S_final,10,10,22
gpt-4o,S1,18,1,2,Correct,0.1342800107088207,round,,D_local,S_final,10,10,22
gpt-4o,S1,18,1,3,Correct,0.0794813595476219,round,,D_local,S_final,10,10,22
gpt-4o,S1,19,1,1,Correct,0.0786562027370816,round,,D_local,S_final,10,10,22
gpt-4o,S1,19,1,2,Correct,0.1069626951922544,round,,D_local,S_final,10,10,22
gpt-4o,S1,19,1,3,Correct,0.0588941914913518,round,,D_local,S_final,10,10,22
gpt-4o,S1,20,1,1,Wrong,0.0488932920943725,round,,D_local,S_final,10,10,22
gpt-4o,S1,20,1,2,Wrong,0.078908223511505,round,,D_local,S_final,10,10,22
gpt-4o,S1,20,1,3,Wrong,0.0472510480423696,round,,D_local,S_final,10,10,22
gpt-4o,S1,21,1,1,Correct,0.0873311460072315,round,,D_local,S_final,10,10,22
gpt-4o,S1,21,1,2,Correct,0.071017752104696,round,,D_local,S_final,10,10,22
gpt-4o,S1,21,1,3,Correct,0.0730050207303395,round,,D_local,S_final,10,10,22
gpt-4o,S1,22,1,1,Wrong,0.0170031141027483,round,,D_local,S_final,10,10,22
gpt-4o,S1,22,1,2,Correct,0.0102947197184596,round,,D_local,S_final,10,10,22
gpt-4o,S1,22,1,3,Correct,0.0250309280593558,round,,D_local,S_final,10,10,22
gpt-4o,S1,23,1,1,Correct,0.0281719358678713,round,,D_local,S_final,10,10,22
gpt-4o,S1,23,1,2,Correct,0.1015772583424724,round,,D_local,S_final,10,10,22
gpt-4o,S1,23,1,3,Correct,0.0730556474944571,round,,D_local,S_final,10,10,22
gpt-4o,S1,24,1,1,Correct,0.0261313399910861,round,,D_local,S_final,10,10,22
gpt-4o,S1,24,1,2,Correct,0.0165622562759946,round,,D_local,S_final,10,10,22
gpt-4o,S1,24,1,3,Correct,0.03219580127281,round,,D_local,S_final,10,10,22
gpt-4o,S1,25,1,1,Correct,0.0035150475844124,round,,D_local,S_final,10,10,22
gpt-4o,S1,25,1,2,Correct,0.0141067012522732,round,,D_local,S_final,10,10,22
gpt-4o,S1,25,1,3,Correct,-0.0064952354996693,round,,D_local,S_final,10,10,22
gpt-4o,S1,25,2,1,Correct,0.0786953876028611,round,,D_local,S_final,10,10,22
gpt-4o,S1,25,2,2,Correct,0.0711436524115549,round,,D_local,S_final,10,10,22
gpt-4o,S1,25,2,3,Correct,0.0473525922991941,round,,D_local,S_final,10,10,22
gpt-4o,S1,26,1,1,Correct,0.0819714432004835,round,,D_local,S_final,10,10,22
gpt-4o,S1,26,1,2,Wrong,0.0489849390194899,round,,D_local,S_final,10,10,22
gpt-4o,S1,26,1,3,Correct,0.068946445942546,round,,D_local,S_final,10,10,22
gpt-4o,S1,26,2,1,Correct,-0.0615228088970829,round,,D_local,S_final,10,10,22
gpt-4o,S1,26,2,2,Correct,-0.0699412149778277,round,,D_local,S_final,10,10,22
gpt-4o,S1,26,2,3,Correct,-0.0527456564661206,round,,D_local,S_final,10,10,22
gpt-4o,S1,26,3,1,Correct,-0.0854901264197706,round,,D_local,S_final,10,10,22
gpt-4o,S1,26,3,2,Correct,-0.0622867246499809,round,,D_local,S_final,10,10,22
gpt-4o,S1,26,3,3,Correct,-0.0330922396197553,round,,D_local,S_final,10,10,22
gpt-4o,S1,26,4,1,Correct,0.0910640914263513,round,,D_local,S_final,10,10,22
gpt-4o,S1,26,4,2,Correct,0.1304436431255005,round,,D_local,S_final,10,10,22
gpt-4o,S1,26,4,3,Correct,0.1127302244499066,round,,D_local,S_final,10,10,22
gpt-4o,S1,27,1,1,Correct,0.045088626544947,round,,D_local,S_final,10,10,22
gpt-4o,S1,27,1,2,Correct,0.0543277312734806,round,,D_local,S_final,10,10,22
gpt-4o,S1,27,1,3,Correct,0.0693537483513128,round,,D_local,S_final,10,10,22
gpt-4o,S1,27,2,1,Correct,-0.0394212614575197,round,,D_local,S_final,10,10,22
gpt-4o,S1,27,2,2,Correct,-0.0437093114552086,round,,D_local,S_final,10,10,22
gpt-4o,S1,27,2,3,Correct,-0.0797332517364148,round,,D_local,S_final,10,10,22
gpt-4o,S1,27,3,1,Correct,-0.0515473324923282,round,,D_local,S_final,10,10,22
gpt-4o,S1,27,3,2,Correct,-0.0722590641678554,round,,D_local,S_final,10,10,22
gpt-4o,S1,27,3,3,Correct,-0.0698668396562333,round,,D_local,S_final,10,10,22
gpt-4o,S1,27,4,1,Correct,0.1621105184308878,round,,D_local,S_final,10,10,22
gpt-4o,S1,27,4,2,Correct,0.1819253788433575,round,,D_local,S_final,10,10,22
gpt-4o,S1,27,4,3,Correct,0.2074411318250857,round,,D_local,S_final,10,10,22
gpt-4o,S1,28,1,1,Wrong,-0.0097194421945634,round,,D_local,S_final,10,10,22
gpt-4o,S1,28,1,2,Wrong,0.0476849797601778,round,,D_local,S_final,10,10,22
gpt-4o,S1,28,1,3,Wrong,0.0446283106244831,round,,D_local,S_final,10,10,22
gpt-4o,S1,28,2,1,Correct,-0.0191898005781442,round,,D_local,S_final,10,10,22
gpt-4o,S1,28,2,2,Correct,-0.0445777720957509,round,,D_local,S_final,10,10,22
gpt-4o,S1,28,2,3,Correct,-0.0120371678324244,round,,D_local,S_final,10,10,22
gpt-4o,S1,29,1,1,Correct,0.1308100205318203,round,,D_local,S_final,10,10,22
gpt-4o,S1,29,1,2,Correct,0.0931794876705854,round,,D_local,S_final,10,10,22
gpt-4o,S1,29,1,3,Correct,0.0788873379384209,round,,D_local,S_final,10,10,22
gpt-4o,S1,29,2,1,Correct,-0.0615993628435828,round,,D_local,S_final,10,10,22
gpt-4o,S1,29,2,2,Correct,-0.0842147496864016,round,,D_local,S_final,10,10,22
gpt-4o,S1,29,2,3,Correct,-0.0939024025301409,round,,D_local,S_final,10,10,22
gpt-4o,S1,30,1,1,Correct,0.0551815543427965,round,,D_local,S_final,10,10,22
gpt-4o,S1,30,1,2,Correct,0.0612550186589232,round,,D_local,S_final,10,10,22
gpt-4o,S1,30,1,3,Correct,0.0491471087880068,round,,D_local,S_final,10,10,22
gpt-4o,S1,30,2,1,Correct,-0.0133594767206183,round,,D_local,S_final,10,10,22
gpt-4o,S1,30,2,2,Correct,-0.0566292972069946,round,,D_local,S_final,10,10,22
gpt-4o,S1,30,2,3,Correct,-0.0666574371392852,round,,D_local,S_final,10,10,22
gpt-4o,S1,31,1,1,Correct,0.1176215226848202,round,,D_local,S_final,10,10,22
gpt-4o,S1,31,1,2,Wrong,0.1449102228383544,round,,D_local,S_final,10,10,22
gpt-4o,S1,31,1,3,Correct,0.1445289076793204,round,,D_local,S_final,10,10,22
gpt-4o,S1,32,1,1,Wrong,0.0519046715118932,round,,D_local,S_final,10,10,22
gpt-4o,S1,32,1,2,Wrong,0.0511447161399647,round,,D_local,S_final,10,10,22
gpt-4o,S1,32,1,3,Correct,0.0483225353401227,round,,D_local,S_final,10,10,22
gpt-4o,S1,33,1,1,Correct,0.0872253196344461,round,,D_local,S_final,10,10,22
gpt-4o,S1,33,1,2,Correct,0.0583180324075522,round,,D_local,S_final,10,10,22
gpt-4o,S1,33,1,3,Correct,0.0269718120103917,round,,D_local,S_final,10,10,22
gpt-4o,S1,34,1,1,Correct,0.0212796439790465,round,,D_local,S_final,10,10,22
gpt-4o,S1,34,1,2,Correct,0.0458941281818746,round,,D_local,S_final,10,10,22
gpt-4o,S1,34,1,3,Correct,0.0436455033060647,round,,D_local,S_final,10,10,22
gpt-4o,S1,35,1,1,Wrong,-0.0194411045540643,round,,D_local,S_final,10,10,22
gpt-4o,S1,35,1,2,Wrong,-0.0446573221215045,round,,D_local,S_final,10,10,22
gpt-4o,S1,35,1,3,Wrong,0.0102113549380045,round,,D_local,S_final,10,10,22
gpt-4o,S1,36,1,1,Correct,0.0697800525973041,round,,D_local,S_final,10,10,22
gpt-4o,S1,36,1,2,Correct,0.0994257416331696,round,,D_local,S_final,10,10,22
gpt-4o,S1,36,1,3,Correct,0.0971657825060342,round,,D_local,S_final,10,10,22
gpt-4o,S1,36,2,1,Wrong,-0.014758943670904,round,,D_local,S_final,10,10,22
gpt-4o,S1,36,2,2,Correct,0.0075663673187519,round,,D_local,S_final,10,10,22
gpt-4o,S1,36,2,3,Correct,0.0121803552745253,round,,D_local,S_final,10,10,22
gpt-4o,S1,36,3,1,Wrong,0.0215085097616662,round,,D_local,S_final,10,10,22
gpt-4o,S1,36,3,2,Wrong,0.0198802161058145,round,,D_local,S_final,10,10,22
gpt-4o,S1,36,3,3,Correct,0.0328118711754102,round,,D_local,S_final,10,10,22
gpt-4o,S1,37,1,1,Correct,-0.0027081613348511,round,,D_local,S_final,10,10,22
gpt-4o,S1,37,1,2,Wrong,0.0276421348993637,round,,D_local,S_final,10,10,22
gpt-4o,S1,37,1,3,Correct,0.0316635995053737,round,,D_local,S_final,10,10,22
gpt-4o,S1,37,2,1,Wrong,0.052237839582429,round,,D_local,S_final,10,10,22
gpt-4o,S1,37,2,2,Correct,0.0796373950034412,round,,D_local,S_final,10,10,22
gpt-4o,S1,37,2,3,Correct,0.0454007372309124,round,,D_local,S_final,10,10,22
gpt-4o,S1,38,1,1,Correct,-0.098087380807349,round,,D_local,S_final,10,10,22
gpt-4o,S1,38,1,2,Correct,-0.1202755323950499,round,,D_local,S_final,10,10,22
gpt-4o,S1,38,1,3,Correct,-0.1268197861635777,round,,D_local,S_final,10,10,22
gpt-4o,S1,38,2,1,Correct,-0.1300108088503664,round,,D_local,S_final,10,10,22
gpt-4o,S1,38,2,2,Correct,-0.1191986688880962,round,,D_local,S_final,10,10,22
gpt-4o,S1,38,2,3,Correct,-0.1508020912578065,round,,D_local,S_final,10,10,22
gpt-4o,S1,39,1,1,Wrong,-0.0838978745910693,round,,D_local,S_final,10,10,22
gpt-4o,S1,39,1,2,Wrong,-0.0380790442545665,round,,D_local,S_final,10,10,22
gpt-4o,S1,39,1,3,Wrong,-0.04933442916418,round,,D_local,S_final,10,10,22
gpt-4o,S1,39,2,1,Correct,0.1448524243424606,round,,D_local,S_final,10,10,22
gpt-4o,S1,39,2,2,Correct,0.1416869718074486,round,,D_local,S_final,10,10,22
gpt-4o,S1,39,2,3,Correct,0.1533088207030116,round,,D_local,S_final,10,10,22
gpt-4o,S1,40,1,1,Correct,0.0766774205381634,round,,D_local,S_final,10,10,22
gpt-4o,S1,40,1,2,Correct,0.084934637645469,round,,D_local,S_final,10,10,22
gpt-4o,S1,40,1,3,Correct,0.0808125278349009,round,,D_local,S_final,10,10,22
gpt-4o,S1,40,2,1,Correct,0.0805374667312017,round,,D_local,S_final,10,10,22
gpt-4o,S1,40,2,2,Wrong,0.114438785361323,round,,D_local,S_final,10,10,22
gpt-4o,S1,40,2,3,Wrong,0.0789525466259665,round,,D_local,S_final,10,10,22
gpt-4o,S1,40,3,1,Wrong,0.0542246694877174,round,,D_local,S_final,10,10,22
gpt-4o,S1,40,3,2,Wrong,0.0855830979079375,round,,D_local,S_final,10,10,22
gpt-4o,S1,40,3,3,Wrong,0.0321849872366342,round,,D_local,S_final,10,10,22
gpt-4o,S1,40,4,1,Wrong,-0.0133885104246812,round,,D_local,S_final,10,10,22
gpt-4o,S1,40,4,2,Wrong,0.0110578380428237,round,,D_local,S_final,10,10,22
gpt-4o,S1,40,4,3,Wrong,-0.0171384964132933,round,,D_local,S_final,10,10,22
gpt-4o,S1,40,5,1,Wrong,0.0498688791448576,round,,D_local,S_final,10,10,22
gpt-4o,S1,40,5,2,Wrong,0.0534921003385486,round,,D_local,S_final,10,10,22
gpt-4o,S1,40,5,3,Wrong,0.0283889877460448,round,,D_local,S_final,10,10,22
gpt-4o,S1,40,6,1,Correct,0.0250580763375286,round,,D_local,S_final,10,10,22
gpt-4o,S1,40,6,2,Correct,0.026281827951283,round,,D_local,S_final,10,10,22
gpt-4o,S1,40,6,3,Correct,0.0079191460702211,round,,D_local,S_final,10,10,22
gpt-4o,S1,41,1,1,Wrong,0.0908617611538612,round,,D_local,S_final,10,10,22
gpt-4o,S1,41,1,2,Wrong,0.0730830941586144,round,,D_local,S_final,10,10,22
gpt-4o,S1,41,1,3,Wrong,0.0773659674458911,round,,D_local,S_final,10,10,22
gpt-4o,S1,42,1,1,Wrong,-0.0425358240967195,round,,D_local,S_final,10,10,22
gpt-4o,S1,42,1,2,Wrong,-0.05589120457785,round,,D_local,S_final,10,10,22
gpt-4o,S1,42,1,3,Wrong,-0.0537415639927791,round,,D_local,S_final,10,10,22
gpt-4o,S1,43,1,1,Wrong,-0.0282956068700601,round,,D_local,S_final,10,10,22
gpt-4o,S1,43,1,2,Wrong,-0.0548035298324789,round,,D_local,S_final,10,10,22
gpt-4o,S1,43,1,3,Wrong,-0.0686945786912173,round,,D_local,S_final,10,10,22
gpt-4o,S1,44,1,1,Wrong,0.0937010038553657,round,,D_local,S_final,10,10,22
gpt-4o,S1,44,1,2,Wrong,0.0590773457184495,round,,D_local,S_final,10,10,22
gpt-4o,S1,44,1,3,Wrong,0.0366794816268755,round,,D_local,S_final,10,10,22
gpt-4o,S1,45,1,1,Correct,0.1430497996171461,round,,D_local,S_final,10,10,22
gpt-4o,S1,45,1,2,Correct,0.1203657948660623,round,,D_local,S_final,10,10,22
gpt-4o,S1,45,1,3,Correct,0.1094848386872245,round,,D_local,S_final,10,10,22
gpt-4o,S1,45,2,1,Wrong,-0.0583100166483224,round,,D_local,S_final,10,10,22
gpt-4o,S1,45,2,2,Wrong,-0.029702297916248,round,,D_local,S_final,10,10,22
gpt-4o,S1,45,2,3,Wrong,-0.0156940043022444,round,,D_local,S_final,10,10,22
gpt-4o,S1,45,3,1,Wrong,-0.0717181216948839,round,,D_local,S_final,10,10,22
gpt-4o,S1,45,3,2,Wrong,-0.0135892566256311,round,,D_local,S_final,10,10,22
gpt-4o,S1,45,3,3,Wrong,-0.050444382818902,round,,D_local,S_final,10,10,22
gpt-4o,S1,46,1,1,Correct,0.0934696195528688,round,,D_local,S_final,10,10,22
gpt-4o,S1,46,1,2,Correct,0.1118228820468539,round,,D_local,S_final,10,10,22
gpt-4o,S1,46,1,3,Correct,0.059696652611185,round,,D_local,S_final,10,10,22
gpt-4o,S1,46,2,1,Correct,0.05684194151943,round,,D_local,S_final,10,10,22
gpt-4o,S1,46,2,2,Correct,0.0573445622197543,round,,D_local,S_final,10,10,22
gpt-4o,S1,46,2,3,Correct,0.0741859699816255,round,,D_local,S_final,10,10,22
gpt-4o,S1,47,1,1,Correct,0.1040992419686651,round,,D_local,S_final,10,10,22
gpt-4o,S1,47,1,2,Correct,0.1039505666151753,round,,D_local,S_final,10,10,22
gpt-4o,S1,47,1,3,Correct,0.1030251525580896,round,,D_local,S_final,10,10,22
gpt-4o,S1,47,2,1,Correct,0.0438021958763057,round,,D_local,S_final,10,10,22
gpt-4o,S1,47,2,2,Correct,0.0389927038850808,round,,D_local,S_final,10,10,22
gpt-4o,S1,47,2,3,Correct,0.0146310272370138,round,,D_local,S_final,10,10,22
gpt-4o,S1,48,1,1,Wrong,0.0320742841443871,round,,D_local,S_final,10,10,22
gpt-4o,S1,48,1,2,Wrong,0.0130091597584074,round,,D_local,S_final,10,10,22
gpt-4o,S1,48,1,3,Wrong,0.0240978571334274,round,,D_local,S_final,10,10,22
gpt-4o,S1,48,2,1,Correct,-0.0182147927147615,round,,D_local,S_final,10,10,22
gpt-4o,S1,48,2,2,Correct,-0.0469885482143253,round,,D_local,S_final,10,10,22
gpt-4o,S1,48,2,3,Correct,-0.0245401000500988,round,,D_local,S_final,10,10,22
gpt-4o,S1,49,1,1,Wrong,-0.0008109774471987,round,,D_local,S_final,10,10,22
gpt-4o,S1,49,1,2,Wrong,0.0190584167539371,round,,D_local,S_final,10,10,22
gpt-4o,S1,49,1,3,Correct,0.0060515050008049,round,,D_local,S_final,10,10,22
gpt-4o,S1,50,1,1,Correct,-0.0157748182432684,round,,D_local,S_final,10,10,22
gpt-4o,S1,50,1,2,Correct,-0.0548933621216326,round,,D_local,S_final,10,10,22
gpt-4o,S1,50,1,3,Correct,-0.0020061097272984,round,,D_local,S_final,10,10,22
gpt-4o,S1,51,1,1,Wrong,0.061646877775671,round,,D_local,S_final,10,10,22
gpt-4o,S1,51,1,2,Correct,0.1151848609454777,round,,D_local,S_final,10,10,22
gpt-4o,S1,51,1,3,Wrong,0.112661502626204,round,,D_local,S_final,10,10,22
gpt-4o,S1,52,1,1,Correct,0.111565504893292,round,,D_local,S_final,10,10,22
gpt-4o,S1,52,1,2,Wrong,0.0812718509404637,round,,D_local,S_final,10,10,22
gpt-4o,S1,52,1,3,Wrong,0.0994815906973974,round,,D_local,S_final,10,10,22
gpt-4o,S1,53,1,1,Correct,0.0239879256634751,round,,D_local,S_final,10,10,22
gpt-4o,S1,53,1,2,Correct,0.0387035212499149,round,,D_local,S_final,10,10,22
gpt-4o,S1,53,1,3,Correct,0.0348173813241765,round,,D_local,S_final,10,10,22
gpt-4o,S1,53,2,1,Correct,0.0912310774586468,round,,D_local,S_final,10,10,22
gpt-4o,S1,53,2,2,Correct,0.0894458577788644,round,,D_local,S_final,10,10,22
gpt-4o,S1,53,2,3,Correct,0.0987541921009959,round,,D_local,S_final,10,10,22
gpt-4o,S1,54,1,1,Correct,-0.1094276092864212,round,,D_local,S_final,10,10,22
gpt-4o,S1,54,1,2,Correct,-0.0931500051318967,round,,D_local,S_final,10,10,22
gpt-4o,S1,54,1,3,Correct,-0.1114792048552463,round,,D_local,S_final,10,10,22
gpt-4o,S1,54,2,1,Correct,0.1104051387785551,round,,D_local,S_final,10,10,22
gpt-4o,S1,54,2,2,Correct,0.1134154675825558,round,,D_local,S_final,10,10,22
gpt-4o,S1,54,2,3,Correct,0.107389175265439,round,,D_local,S_final,10,10,22
gpt-4o,S1,55,1,1,Correct,-0.0368481304810625,round,,D_local,S_final,10,10,22
gpt-4o,S1,55,1,2,Wrong,-0.0134398109355406,round,,D_local,S_final,10,10,22
gpt-4o,S1,55,1,3,Wrong,-0.0341947642208588,round,,D_local,S_final,10,10,22
gpt-4o,S1,55,2,1,Correct,0.151899749402355,round,,D_local,S_final,10,10,22
gpt-4o,S1,55,2,2,Correct,0.1282837239843897,round,,D_local,S_final,10,10,22
gpt-4o,S1,55,2,3,Correct,0.1122539112537738,round,,D_local,S_final,10,10,22
gpt-4o,S1,56,1,1,Wrong,-0.01307690167864,round,,D_local,S_final,10,10,22
gpt-4o,S1,56,1,2,Wrong,-0.0187204289952476,round,,D_local,S_final,10,10,22
gpt-4o,S1,56,1,3,Wrong,-0.0186690663136149,round,,D_local,S_final,10,10,22
gpt-4o,S1,56,2,1,Correct,0.0362719704524613,round,,D_local,S_final,10,10,22
gpt-4o,S1,56,2,2,Correct,0.0726432182583463,round,,D_local,S_final,10,10,22
gpt-4o,S1,56,2,3,Correct,0.0416327513621241,round,,D_local,S_final,10,10,22
gpt-4o,S1,57,1,1,Correct,-0.0792254845318749,round,,D_local,S_final,10,10,22
gpt-4o,S1,57,1,2,Wrong,-0.1041820929386827,round,,D_local,S_final,10,10,22
gpt-4o,S1,57,1,3,Wrong,-0.0931071494557944,round,,D_local,S_final,10,10,22
gpt-4o,S1,57,2,1,Wrong,-0.1460757650265244,round,,D_local,S_final,10,10,22
gpt-4o,S1,57,2,2,Wrong,-0.1747480319674811,round,,D_local,S_final,10,10,22
gpt-4o,S1,57,2,3,Correct,-0.1645527403500193,round,,D_local,S_final,10,10,22
gpt-4o,S1,58,1,1,Correct,-0.0136290030151781,round,,D_local,S_final,10,10,22
gpt-4o,S1,58,1,2,Correct,-0.0001809208625757,round,,D_local,S_final,10,10,22
gpt-4o,S1,58,1,3,Correct,0.0017589025747026,round,,D_local,S_final,10,10,22
gpt-4o,S1,58,2,1,Correct,0.0357069433594783,round,,D_local,S_final,10,10,22
gpt-4o,S1,58,2,2,Correct,0.0312948991393541,round,,D_local,S_final,10,10,22
gpt-4o,S1,58,2,3,Correct,0.03336998424842,round,,D_local,S_final,10,10,22
gpt-4o,S1,59,1,1,Correct,-0.0488944396165597,round,,D_local,S_final,10,10,22
gpt-4o,S1,59,1,2,Correct,-0.0516284608220307,round,,D_local,S_final,10,10,22
gpt-4o,S1,59,1,3,Correct,-0.0404458619847692,round,,D_local,S_final,10,10,22
gpt-4o,S1,59,2,1,Correct,0.0632270277111974,round,,D_local,S_final,10,10,22
gpt-4o,S1,59,2,2,Correct,0.0810080306030388,round,,D_local,S_final,10,10,22
gpt-4o,S1,59,2,3,Correct,0.0859496432005695,round,,D_local,S_final,10,10,22
gpt-4o,S1,60,1,1,Correct,-0.1348358947747585,round,,D_local,S_final,10,10,22
gpt-4o,S1,60,1,2,Correct,-0.112469451619849,round,,D_local,S_final,10,10,22
gpt-4o,S1,60,1,3,Correct,-0.0873297021406188,round,,D_local,S_final,10,10,22
gpt-4o,S1,60,2,1,Correct,0.0983854935999223,round,,D_local,S_final,10,10,22
gpt-4o,S1,60,2,2,Correct,0.0835891450885537,round,,D_local,S_final,10,10,22
gpt-4o,S1,60,2,3,Correct,0.1265517299036753,round,,D_local,S_final,10,10,22
gpt-4o,S1,61,1,1,Correct,-0.0569102436318443,round,,D_local,S_final,10,10,22
gpt-4o,S1,61,1,2,Correct,-0.0535094571152833,round,,D_local,S_final,10,10,22
gpt-4o,S1,61,1,3,Correct,-0.0637516154921559,round,,D_local,S_final,10,10,22
gpt-4o,S1,61,2,1,Wrong,0.114572051509543,round,,D_local,S_final,10,10,22
gpt-4o,S1,61,2,2,Correct,0.0939604213748457,round,,D_local,S_final,10,10,22
gpt-4o,S1,61,2,3,Correct,0.0995959248355795,round,,D_local,S_final,10,10,22
gpt-4o,S1,62,1,1,Correct,0.0278350205933313,round,,D_local,S_final,10,10,22
gpt-4o,S1,62,1,2,Correct,0.0335924565970607,round,,D_local,S_final,10,10,22
gpt-4o,S1,62,1,3,Correct,0.015282793035991,round,,D_local,S_final,10,10,22
gpt-4o,S1,62,2,1,Correct,0.0248365149455066,round,,D_local,S_final,10,10,22
gpt-4o,S1,62,2,2,Correct,0.014042516160281,round,,D_local,S_final,10,10,22
gpt-4o,S1,62,2,3,Correct,0.0258154375843319,round,,D_local,S_final,10,10,22
gpt-4o,S1,63,1,1,Correct,0.021108079810124,round,,D_local,S_final,10,10,22
gpt-4o,S1,63,1,2,Correct,0.0168847412412829,round,,D_local,S_final,10,10,22
gpt-4o,S1,63,1,3,Correct,0.0157908162208261,round,,D_local,S_final,10,10,22
gpt-4o,S1,63,2,1,Correct,0.0346458830038396,round,,D_local,S_final,10,10,22
gpt-4o,S1,63,2,2,Correct,0.0314284181312317,round,,D_local,S_final,10,10,22
gpt-4o,S1,63,2,3,Correct,0.0072106743363076,round,,D_local,S_final,10,10,22
gpt-4o,S1,64,1,1,Correct,0.0164406557496128,round,,D_local,S_final,10,10,22
gpt-4o,S1,64,1,2,Wrong,-0.0007094999080239,round,,D_local,S_final,10,10,22
gpt-4o,S1,64,1,3,Wrong,0.0126731781118054,round,,D_local,S_final,10,10,22
gpt-4o,S1,64,2,1,Wrong,-0.0053669625380708,round,,D_local,S_final,10,10,22
gpt-4o,S1,64,2,2,Wrong,-0.0049168682415031,round,,D_local,S_final,10,10,22
gpt-4o,S1,64,2,3,Wrong,0.0129707210751115,round,,D_local,S_final,10,10,22
gpt-4o,S2,1,1,1,Correct,0.0954234253916662,round,,D_local,S_final,10,10,22
gpt-4o,S2,1,1,2,Correct,0.1098840130522764,round,,D_local,S_final,10,10,22
gpt-4o,S2,1,1,3,Correct,0.0990049551100408,round,,D_local,S_final,10,10,22
gpt-4o,S2,1,2,1,Correct,0.0333550744818108,round,,D_local,S_final,10,10,22
gpt-4o,S2,1,2,2,Wrong,0.0311680212823537,round,,D_local,S_final,10,10,22
gpt-4o,S2,1,2,3,Wrong,0.0592200551070251,round,,D_local,S_final,10,10,22
gpt-4o,S2,1,3,1,Correct,0.0134861345513479,round,,D_local,S_final,10,10,22
gpt-4o,S2,1,3,2,Correct,-0.0190602380032187,round,,D_local,S_final,10,10,22
gpt-4o,S2,1,3,3,Correct,-0.0155497739301009,round,,D_local,S_final,10,10,22
gpt-4o,S2,1,4,1,Correct,0.0746784137085962,round,,D_local,S_final,10,10,22
gpt-4o,S2,1,4,2,Correct,0.0819595495287152,round,,D_local,S_final,10,10,22
gpt-4o,S2,1,4,3,Correct,0.0586973840580437,round,,D_local,S_final,10,10,22
gpt-4o,S2,1,5,1,Wrong,0.0388090768892234,round,,D_local,S_final,10,10,22
gpt-4o,S2,1,5,2,Correct,0.0780703194030454,round,,D_local,S_final,10,10,22
gpt-4o,S2,1,5,3,Wrong,0.0387214602401875,round,,D_local,S_final,10,10,22
gpt-4o,S2,2,1,1,Correct,0.1807178996341115,round,,D_local,S_final,10,10,22
gpt-4o,S2,2,1,2,Correct,0.186709783669805,round,,D_local,S_final,10,10,22
gpt-4o,S2,2,1,3,Correct,0.1787380047224974,round,,D_local,S_final,10,10,22
gpt-4o,S2,3,1,1,Correct,0.1926252268842532,round,,D_local,S_final,10,10,22
gpt-4o,S2,3,1,2,Correct,0.2273001599792807,round,,D_local,S_final,10,10,22
gpt-4o,S2,3,1,3,Correct,0.1860915933366032,round,,D_local,S_final,10,10,22
gpt-4o,S2,3,2,1,Correct,0.2588157421057767,round,,D_local,S_final,10,10,22
gpt-4o,S2,3,2,2,Correct,0.259001586623326,round,,D_local,S_final,10,10,22
gpt-4o,S2,3,2,3,Wrong,0.2315308027294541,round,,D_local,S_final,10,10,22
gpt-4o,S2,4,1,1,Wrong,0.091281446214318,round,,D_local,S_final,10,10,22
gpt-4o,S2,4,1,2,Wrong,0.0917488344706608,round,,D_local,S_final,10,10,22
gpt-4o,S2,4,1,3,Wrong,0.081144330404035,round,,D_local,S_final,10,10,22
gpt-4o,S2,4,2,1,Wrong,0.0840530202185857,round,,D_local,S_final,10,10,22
gpt-4o,S2,4,2,2,Wrong,0.0755067965325129,round,,D_local,S_final,10,10,22
gpt-4o,S2,4,2,3,Wrong,0.092951003385184,round,,D_local,S_final,10,10,22
gpt-4o,S2,4,3,1,Wrong,0.0428764594409577,round,,D_local,S_final,10,10,22
gpt-4o,S2,4,3,2,Wrong,0.024797876077596,round,,D_local,S_final,10,10,22
gpt-4o,S2,4,3,3,Wrong,0.0352287360166448,round,,D_local,S_final,10,10,22
gpt-4o,S2,5,1,1,Wrong,0.0805058088047678,round,,D_local,S_final,10,10,22
gpt-4o,S2,5,1,2,Wrong,0.0467146224168466,round,,D_local,S_final,10,10,22
gpt-4o,S2,5,1,3,Wrong,0.0767550556387169,round,,D_local,S_final,10,10,22
gpt-4o,S2,5,2,1,Correct,0.0861710781933603,round,,D_local,S_final,10,10,22
gpt-4o,S2,5,2,2,Correct,0.059835427975876,round,,D_local,S_final,10,10,22
gpt-4o,S2,5,2,3,Correct,0.062603851485499,round,,D_local,S_final,10,10,22
gpt-4o,S2,5,3,1,Correct,0.0749861947313955,round,,D_local,S_final,10,10,22
gpt-4o,S2,5,3,2,Correct,0.0672807230031696,round,,D_local,S_final,10,10,22
gpt-4o,S2,5,3,3,Correct,0.071324536163942,round,,D_local,S_final,10,10,22
gpt-4o,S2,6,1,1,Correct,0.0678205738266062,round,,D_local,S_final,10,10,22
gpt-4o,S2,6,1,2,Correct,0.0664939994278218,round,,D_local,S_final,10,10,22
gpt-4o,S2,6,1,3,Wrong,0.0669604623691373,round,,D_local,S_final,10,10,22
gpt-4o,S2,6,2,1,Wrong,-0.0176568831093906,round,,D_local,S_final,10,10,22
gpt-4o,S2,6,2,2,Wrong,0.0195893746415724,round,,D_local,S_final,10,10,22
gpt-4o,S2,6,2,3,Wrong,-0.0167476144981043,round,,D_local,S_final,10,10,22
gpt-4o,S2,6,3,1,Correct,0.0673157729640283,round,,D_local,S_final,10,10,22
gpt-4o,S2,6,3,2,Correct,0.0478543345199841,round,,D_local,S_final,10,10,22
gpt-4o,S2,6,3,3,Correct,0.0721875728815081,round,,D_local,S_final,10,10,22
gpt-4o,S2,7,1,1,Wrong,0.1158980557273026,round,,D_local,S_final,10,10,22
gpt-4o,S2,7,1,2,Wrong,0.1395720658448579,round,,D_local,S_final,10,10,22
gpt-4o,S2,7,1,3,Correct,0.1209354879287702,round,,D_local,S_final,10,10,22
gpt-4o,S2,7,2,1,Correct,0.0836841005266338,round,,D_local,S_final,10,10,22
gpt-4o,S2,7,2,2,Wrong,0.0891218993128466,round,,D_local,S_final,10,10,22
gpt-4o,S2,7,2,3,Wrong,0.1042041308342316,round,,D_local,S_final,10,10,22
gpt-4o,S2,7,3,1,Wrong,-0.0078571823235914,round,,D_local,S_final,10,10,22
gpt-4o,S2,7,3,2,Wrong,-0.0130255965085703,round,,D_local,S_final,10,10,22
gpt-4o,S2,7,3,3,Wrong,-0.0294064141723736,round,,D_local,S_final,10,10,22
gpt-4o,S2,7,4,1,Correct,0.0494373057181889,round,,D_local,S_final,10,10,22
gpt-4o,S2,7,4,2,Correct,0.0208659036264687,round,,D_local,S_final,10,10,22
gpt-4o,S2,7,4,3,Correct,0.0042813016815707,round,,D_local,S_final,10,10,22
gpt-4o,S2,7,5,1,Correct,0.0382411818504754,round,,D_local,S_final,10,10,22
gpt-4o,S2,7,5,2,Correct,0.0481942267617967,round,,D_local,S_final,10,10,22
gpt-4o,S2,7,5,3,Correct,0.061868798624217,round,,D_local,S_final,10,10,22
gpt-4o,S2,7,6,1,Wrong,-0.0329369416920471,round,,D_local,S_final,10,10,22
gpt-4o,S2,7,6,2,Wrong,-0.0338012793660693,round,,D_local,S_final,10,10,22
gpt-4o,S2,7,6,3,Correct,-0.034828606480487,round,,D_local,S_final,10,10,22
gpt-4o,S2,7,7,1,Wrong,0.0577524634067094,round,,D_local,S_final,10,10,22
gpt-4o,S2,7,7,2,Wrong,0.0487014893705799,round,,D_local,S_final,10,10,22
gpt-4o,S2,7,7,3,Wrong,0.0551842461016488,round,,D_local,S_final,10,10,22
gpt-4o,S2,7,8,1,Correct,0.027916181299643,round,,D_local,S_final,10,10,22
gpt-4o,S2,7,8,2,Correct,0.050870258968753,round,,D_local,S_final,10,10,22
gpt-4o,S2,7,8,3,Correct,0.0153462852554248,round,,D_local,S_final,10,10,22
gpt-4o,S2,7,9,1,Wrong,0.0604719055606561,round,,D_local,S_final,10,10,22
gpt-4o,S2,7,9,2,Correct,0.1073147246164691,round,,D_local,S_final,10,10,22
gpt-4o,S2,7,9,3,Correct,0.0956654787065008,round,,D_local,S_final,10,10,22
gpt-4o,S2,7,10,1,Wrong,0.0480970381868928,round,,D_local,S_final,10,10,22
gpt-4o,S2,7,10,2,Wrong,0.0237947287488614,round,,D_local,S_final,10,10,22
gpt-4o,S2,7,10,3,Wrong,0.0264667554437867,round,,D_local,S_final,10,10,22
gpt-4o,S2,7,11,1,Wrong,0.0493763444840769,round,,D_local,S_final,10,10,22
gpt-4o,S2,7,11,2,Wrong,0.0793490756585069,round,,D_local,S_final,10,10,22
gpt-4o,S2,7,11,3,Wrong,0.0671083395607109,round,,D_local,S_final,10,10,22
gpt-4o,S2,8,1,1,Correct,0.0900343083687172,round,,D_local,S_final,10,10,22
gpt-4o,S2,8,1,2,Correct,0.066161112604,round,,D_local,S_final,10,10,22
gpt-4o,S2,8,1,3,Correct,0.0766349334107844,round,,D_local,S_final,10,10,22
gpt-4o,S2,8,2,1,Correct,0.0530331289013462,round,,D_local,S_final,10,10,22
gpt-4o,S2,8,2,2,Correct,0.0729186734839101,round,,D_local,S_final,10,10,22
gpt-4o,S2,8,2,3,Correct,0.0618006335008132,round,,D_local,S_final,10,10,22
gpt-4o,S2,8,3,1,Wrong,-0.0113398212465362,round,,D_local,S_final,10,10,22
gpt-4o,S2,8,3,2,Wrong,-0.0027109800524757,round,,D_local,S_final,10,10,22
gpt-4o,S2,8,3,3,Wrong,0.007150404098914,round,,D_local,S_final,10,10,22
gpt-4o,S2,8,4,1,Correct,-0.0163273010803016,round,,D_local,S_final,10,10,22
gpt-4o,S2,8,4,2,Wrong,-0.0446877962306607,round,,D_local,S_final,10,10,22
gpt-4o,S2,8,4,3,Wrong,-0.0312903890292701,round,,D_local,S_final,10,10,22
gpt-4o,S2,9,1,1,Correct,0.0507790710461232,round,,D_local,S_final,10,10,22
gpt-4o,S2,9,1,2,Correct,0.0467759581677195,round,,D_local,S_final,10,10,22
gpt-4o,S2,9,1,3,Correct,0.0635795931287792,round,,D_local,S_final,10,10,22
gpt-4o,S2,9,2,1,Wrong,0.0425348982351264,round,,D_local,S_final,10,10,22
gpt-4o,S2,9,2,2,Wrong,0.0530864838945553,round,,D_local,S_final,10,10,22
gpt-4o,S2,9,2,3,Wrong,0.0455625162189105,round,,D_local,S_final,10,10,22
gpt-4o,S2,9,3,1,Correct,0.06849082101051,round,,D_local,S_final,10,10,22
gpt-4o,S2,9,3,2,Correct,0.061555254078048,round,,D_local,S_final,10,10,22
gpt-4o,S2,9,3,3,Correct,0.059001228922827,round,,D_local,S_final,10,10,22
gpt-4o,S2,10,1,1,Wrong,0.0809296725608988,round,,D_local,S_final,10,10,22
gpt-4o,S2,10,1,2,Wrong,0.0706476175116507,round,,D_local,S_final,10,10,22
gpt-4o,S2,10,1,3,Wrong,0.0704098241793323,round,,D_local,S_final,10,10,22
gpt-4o,S2,10,2,1,Wrong,0.102737880578753,round,,D_local,S_final,10,10,22
gpt-4o,S2,10,2,2,Wrong,0.0855114068613895,round,,D_local,S_final,10,10,22
gpt-4o,S2,10,2,3,Wrong,0.0828096458808711,round,,D_local,S_final,10,10,22
gpt-4o,S2,11,1,1,Wrong,0.003510317737462,round,,D_local,S_final,10,10,22
gpt-4o,S2,11,1,2,Correct,-0.0135429796764288,round,,D_local,S_final,10,10,22
gpt-4o,S2,11,1,3,Wrong,0.013596047059964,round,,D_local,S_final,10,10,22
gpt-4o,S2,12,1,1,Correct,-0.0252820939532363,round,,D_local,S_final,10,10,22
gpt-4o,S2,12,1,2,Correct,-0.0125005283038819,round,,D_local,S_final,10,10,22
gpt-4o,S2,12,1,3,Correct,-0.0073736233083506,round,,D_local,S_final,10,10,22
gpt-4o,S2,13,1,1,Wrong,0.1011284966673071,round,,D_local,S_final,10,10,22
gpt-4o,S2,13,1,2,Wrong,0.0704750943386423,round,,D_local,S_final,10,10,22
gpt-4o,S2,13,1,3,Correct,0.1277463688833595,round,,D_local,S_final,10,10,22
gpt-4o,S2,13,2,1,Correct,-0.0125112224087391,round,,D_local,S_final,10,10,22
gpt-4o,S2,13,2,2,Wrong,-0.0562300490597102,round,,D_local,S_final,10,10,22
gpt-4o,S2,13,2,3,Correct,-0.004281309413456,round,,D_local,S_final,10,10,22
gpt-4o,S2,13,3,1,Correct,0.0164166558321954,round,,D_local,S_final,10,10,22
gpt-4o,S2,13,3,2,Wrong,0.0017266368028937,round,,D_local,S_final,10,10,22
gpt-4o,S2,13,3,3,Wrong,0.002150035165287,round,,D_local,S_final,10,10,22
gpt-4o,S2,14,1,1,Correct,0.0282569932561871,round,,D_local,S_final,10,10,22
gpt-4o,S2,14,1,2,Correct,0.0358867428412952,round,,D_local,S_final,10,10,22
gpt-4o,S2,14,1,3,Correct,0.0427634390463022,round,,D_local,S_final,10,10,22
gpt-4o,S2,15,1,1,Correct,-0.0544966635841275,round,,D_local,S_final,10,10,22
gpt-4o,S2,15,1,2,Correct,-0.0340582348366044,round,,D_local,S_final,10,10,22
gpt-4o,S2,15,1,3,Correct,-0.0417935492133607,round,,D_local,S_final,10,10,22
gpt-4o,S2,16,1,1,Correct,0.1545209134138297,round,,D_local,S_final,10,10,22
gpt-4o,S2,16,1,2,Correct,0.1354040239497836,round,,D_local,S_final,10,10,22
gpt-4o,S2,16,1,3,Correct,0.1528463409639189,round,,D_local,S_final,10,10,22
gpt-4o,S2,17,1,1,Correct,0.0292673321100778,round,,D_local,S_final,10,10,22
gpt-4o,S2,17,1,2,Correct,0.0186991625309761,round,,D_local,S_final,10,10,22
gpt-4o,S2,17,1,3,Correct,0.0356094861099811,round,,D_local,S_final,10,10,22
gpt-4o,S2,18,1,1,Correct,0.1180324273628639,round,,D_local,S_final,10,10,22
gpt-4o,S2,18,1,2,Correct,0.1403440363486208,round,,D_local,S_final,10,10,22
gpt-4o,S2,18,1,3,Correct,0.0900231558677057,round,,D_local,S_final,10,10,22
gpt-4o,S2,19,1,1,Correct,0.0405352088481706,round,,D_local,S_final,10,10,22
gpt-4o,S2,19,1,2,Correct,0.0883579345582605,round,,D_local,S_final,10,10,22
gpt-4o,S2,19,1,3,Correct,0.0875776843083639,round,,D_local,S_final,10,10,22
gpt-4o,S2,20,1,1,Wrong,0.1050537976304143,round,,D_local,S_final,10,10,22
gpt-4o,S2,20,1,2,Wrong,0.0820592291552032,round,,D_local,S_final,10,10,22
gpt-4o,S2,20,1,3,Wrong,0.0802631962670644,round,,D_local,S_final,10,10,22
gpt-4o,S2,21,1,1,Correct,0.0934996784424163,round,,D_local,S_final,10,10,22
gpt-4o,S2,21,1,2,Correct,0.0856990475419641,round,,D_local,S_final,10,10,22
gpt-4o,S2,21,1,3,Correct,0.0883651884394374,round,,D_local,S_final,10,10,22
gpt-4o,S2,22,1,1,Correct,0.0333283207892237,round,,D_local,S_final,10,10,22
gpt-4o,S2,22,1,2,Correct,0.0222773119405933,round,,D_local,S_final,10,10,22
gpt-4o,S2,22,1,3,Correct,0.0384779580458455,round,,D_local,S_final,10,10,22
gpt-4o,S2,23,1,1,Correct,0.0874653738349415,round,,D_local,S_final,10,10,22
gpt-4o,S2,23,1,2,Correct,0.0747442103844221,round,,D_local,S_final,10,10,22
gpt-4o,S2,23,1,3,Correct,0.0584964729943509,round,,D_local,S_final,10,10,22
gpt-4o,S2,24,1,1,Correct,0.0157341080073176,round,,D_local,S_final,10,10,22
gpt-4o,S2,24,1,2,Correct,0.0414258425087292,round,,D_local,S_final,10,10,22
gpt-4o,S2,24,1,3,Correct,0.0227596160938379,round,,D_local,S_final,10,10,22
gpt-4o,S2,25,1,1,Correct,-0.0012133870830633,round,,D_local,S_final,10,10,22
gpt-4o,S2,25,1,2,Correct,0.0145472363799945,round,,D_local,S_final,10,10,22
gpt-4o,S2,25,1,3,Correct,0.014296285357856,round,,D_local,S_final,10,10,22
gpt-4o,S2,25,2,1,Correct,0.1222888821939069,round,,D_local,S_final,10,10,22
gpt-4o,S2,25,2,2,Correct,0.0977966191887512,round,,D_local,S_final,10,10,22
gpt-4o,S2,25,2,3,Correct,0.108010645705688,round,,D_local,S_final,10,10,22
gpt-4o,S2,26,1,1,Correct,0.0738363461565506,round,,D_local,S_final,10,10,22
gpt-4o,S2,26,1,2,Correct,0.071665807229971,round,,D_local,S_final,10,10,22
gpt-4o,S2,26,1,3,Correct,0.0967198132965033,round,,D_local,S_final,10,10,22
gpt-4o,S2,26,2,1,Correct,-0.036214135363761,round,,D_local,S_final,10,10,22
gpt-4o,S2,26,2,2,Correct,-0.0513082533483953,round,,D_local,S_final,10,10,22
gpt-4o,S2,26,2,3,Correct,-0.0619156707384747,round,,D_local,S_final,10,10,22
gpt-4o,S2,26,3,1,Correct,-0.0343004836774006,round,,D_local,S_final,10,10,22
gpt-4o,S2,26,3,2,Correct,0.0036655258339014,round,,D_local,S_final,10,10,22
gpt-4o,S2,26,3,3,Correct,-0.0760262171461065,round,,D_local,S_final,10,10,22
gpt-4o,S2,26,4,1,Correct,0.1254138933249523,round,,D_local,S_final,10,10,22
gpt-4o,S2,26,4,2,Correct,0.0863779483042397,round,,D_local,S_final,10,10,22
gpt-4o,S2,26,4,3,Correct,0.1163419888525588,round,,D_local,S_final,10,10,22
gpt-4o,S2,27,1,1,Correct,0.0385279816585836,round,,D_local,S_final,10,10,22
gpt-4o,S2,27,1,2,Wrong,0.0383016951217232,round,,D_local,S_final,10,10,22
gpt-4o,S2,27,1,3,Correct,0.0855943154062427,round,,D_local,S_final,10,10,22
gpt-4o,S2,27,2,1,Correct,-0.0619746622763206,round,,D_local,S_final,10,10,22
gpt-4o,S2,27,2,2,Correct,-0.0317662368002814,round,,D_local,S_final,10,10,22
gpt-4o,S2,27,2,3,Correct,-0.0308373908582823,round,,D_local,S_final,10,10,22
gpt-4o,S2,27,3,1,Correct,-0.0737681978360946,round,,D_local,S_final,10,10,22
gpt-4o,S2,27,3,2,Correct,-0.0805842800941792,round,,D_local,S_final,10,10,22
gpt-4o,S2,27,3,3,Correct,-0.0622525146489616,round,,D_local,S_final,10,10,22
gpt-4o,S2,27,4,1,Correct,0.2046713938740621,round,,D_local,S_final,10,10,22
gpt-4o,S2,27,4,2,Correct,0.1740326393054251,round,,D_local,S_final,10,10,22
gpt-4o,S2,27,4,3,Correct,0.1973750821018247,round,,D_local,S_final,10,10,22
gpt-4o,S2,28,1,1,Wrong,0.0262035767975903,round,,D_local,S_final,10,10,22
gpt-4o,S2,28,1,2,Wrong,0.0402193551669936,round,,D_local,S_final,10,10,22
gpt-4o,S2,28,1,3,Wrong,0.0108258468160545,round,,D_local,S_final,10,10,22
gpt-4o,S2,28,2,1,Correct,-0.053360433974027,round,,D_local,S_final,10,10,22
gpt-4o,S2,28,2,2,Correct,-0.0376985734234037,round,,D_local,S_final,10,10,22
gpt-4o,S2,28,2,3,Correct,-0.0567993092721565,round,,D_local,S_final,10,10,22
gpt-4o,S2,29,1,1,Correct,0.1085313723648633,round,,D_local,S_final,10,10,22
gpt-4o,S2,29,1,2,Wrong,0.1268368647852629,round,,D_local,S_final,10,10,22
gpt-4o,S2,29,1,3,Correct,0.1097053965654932,round,,D_local,S_final,10,10,22
gpt-4o,S2,29,2,1,Correct,-0.0466571115408942,round,,D_local,S_final,10,10,22
gpt-4o,S2,29,2,2,Correct,-0.1051948818161385,round,,D_local,S_final,10,10,22
gpt-4o,S2,29,2,3,Correct,-0.0682780056753392,round,,D_local,S_final,10,10,22
gpt-4o,S2,30,1,1,Correct,0.0694338177470632,round,,D_local,S_final,10,10,22
gpt-4o,S2,30,1,2,Correct,0.0803343341788741,round,,D_local,S_final,10,10,22
gpt-4o,S2,30,1,3,Correct,0.0680955913940389,round,,D_local,S_final,10,10,22
gpt-4o,S2,30,2,1,Correct,-0.0378148419640009,round,,D_local,S_final,10,10,22
gpt-4o,S2,30,2,2,Correct,-0.0425108321941902,round,,D_local,S_final,10,10,22
gpt-4o,S2,30,2,3,Correct,-0.0563196225817229,round,,D_local,S_final,10,10,22
gpt-4o,S2,31,1,1,Wrong,0.1184734030745667,round,,D_local,S_final,10,10,22
gpt-4o,S2,31,1,2,Wrong,0.1220533432608598,round,,D_local,S_final,10,10,22
gpt-4o,S2,31,1,3,Correct,0.1356413986573093,round,,D_local,S_final,10,10,22
gpt-4o,S2,32,1,1,Correct,0.0551712653174615,round,,D_local,S_final,10,10,22
gpt-4o,S2,32,1,2,Wrong,0.0233053756371413,round,,D_local,S_final,10,10,22
gpt-4o,S2,32,1,3,Wrong,0.0562049427407773,round,,D_local,S_final,10,10,22
gpt-4o,S2,33,1,1,Correct,0.0329444589303663,round,,D_local,S_final,10,10,22
gpt-4o,S2,33,1,2,Correct,0.0609140489118882,round,,D_local,S_final,10,10,22
gpt-4o,S2,33,1,3,Correct,0.0427162827666591,round,,D_local,S_final,10,10,22
gpt-4o,S2,34,1,1,Correct,0.0296875008526233,round,,D_local,S_final,10,10,22
gpt-4o,S2,34,1,2,Correct,0.0359389520873246,round,,D_local,S_final,10,10,22
gpt-4o,S2,34,1,3,Correct,0.0406980726248457,round,,D_local,S_final,10,10,22
gpt-4o,S2,35,1,1,Wrong,-0.0195115543235204,round,,D_local,S_final,10,10,22
gpt-4o,S2,35,1,2,Wrong,-0.0064466471020938,round,,D_local,S_final,10,10,22
gpt-4o,S2,35,1,3,Wrong,-0.0374619977670938,round,,D_local,S_final,10,10,22
gpt-4o,S2,36,1,1,Correct,0.0950297922399983,round,,D_local,S_final,10,10,22
gpt-4o,S2,36,1,2,Wrong,0.0910800728159257,round,,D_local,S_final,10,10,22
gpt-4o,S2,36,1,3,Wrong,0.1037421965088524,round,,D_local,S_final,10,10,22
gpt-4o,S2,36,2,1,Correct,0.0288736568529598,round,,D_local,S_final,10,10,22
gpt-4o,S2,36,2,2,Correct,0.009562367024988,round,,D_local,S_final,10,10,22
gpt-4o,S2,36,2,3,Correct,0.0344598591295471,round,,D_local,S_final,10,10,22
gpt-4o,S2,36,3,1,Correct,0.0542996902021021,round,,D_local,S_final,10,10,22
gpt-4o,S2,36,3,2,Wrong,0.0083203060376231,round,,D_local,S_final,10,10,22
gpt-4o,S2,36,3,3,Correct,0.0340225993877513,round,,D_local,S_final,10,10,22
gpt-4o,S2,37,1,1,Correct,-0.0308225190713956,round,,D_local,S_final,10,10,22
gpt-4o,S2,37,1,2,Wrong,0.0336560119491091,round,,D_local,S_final,10,10,22
gpt-4o,S2,37,1,3,Wrong,0.0445744845790371,round,,D_local,S_final,10,10,22
gpt-4o,S2,37,2,1,Correct,0.0698711179010047,round,,D_local,S_final,10,10,22
gpt-4o,S2,37,2,2,Correct,0.0507589218034786,round,,D_local,S_final,10,10,22
gpt-4o,S2,37,2,3,Correct,0.1176565364358667,round,,D_local,S_final,10,10,22
gpt-4o,S2,38,1,1,Correct,-0.1517156349000253,round,,D_local,S_final,10,10,22
gpt-4o,S2,38,1,2,Correct,-0.1245241960200713,round,,D_local,S_final,10,10,22
gpt-4o,S2,38,1,3,Correct,-0.1190316717245674,round,,D_local,S_final,10,10,22
gpt-4o,S2,38,2,1,Wrong,-0.1559779129103387,round,,D_local,S_final,10,10,22
gpt-4o,S2,38,2,2,Wrong,-0.1903521272985742,round,,D_local,S_final,10,10,22
gpt-4o,S2,38,2,3,Wrong,-0.143180687917573,round,,D_local,S_final,10,10,22
gpt-4o,S2,39,1,1,Wrong,-0.0665058233557239,round,,D_local,S_final,10,10,22
gpt-4o,S2,39,1,2,Wrong,-0.0531306678909867,round,,D_local,S_final,10,10,22
gpt-4o,S2,39,1,3,Wrong,-0.0521755036446384,round,,D_local,S_final,10,10,22
gpt-4o,S2,39,2,1,Correct,0.1663851169984199,round,,D_local,S_final,10,10,22
gpt-4o,S2,39,2,2,Correct,0.1375909617012506,round,,D_local,S_final,10,10,22
gpt-4o,S2,39,2,3,Correct,0.1481171418953909,round,,D_local,S_final,10,10,22
gpt-4o,S2,40,1,1,Correct,0.0868712153313507,round,,D_local,S_final,10,10,22
gpt-4o,S2,40,1,2,Correct,0.0765419092591449,round,,D_local,S_final,10,10,22
gpt-4o,S2,40,1,3,Correct,0.0717020605953131,round,,D_local,S_final,10,10,22
gpt-4o,S2,40,2,1,Wrong,0.1105742397926765,round,,D_local,S_final,10,10,22
gpt-4o,S2,40,2,2,Wrong,0.0827741167719088,round,,D_local,S_final,10,10,22
gpt-4o,S2,40,2,3,Wrong,0.0752824102696283,round,,D_local,S_final,10,10,22
gpt-4o,S2,40,3,1,Wrong,0.036475684537765,round,,D_local,S_final,10,10,22
gpt-4o,S2,40,3,2,Wrong,0.0399415959068228,round,,D_local,S_final,10,10,22
gpt-4o,S2,40,3,3,Wrong,0.082095845408031,round,,D_local,S_final,10,10,22
gpt-4o,S2,40,4,1,Wrong,0.0357299469093475,round,,D_local,S_final,10,10,22
gpt-4o,S2,40,4,2,Wrong,0.0038697536601083,round,,D_local,S_final,10,10,22
gpt-4o,S2,40,4,3,Wrong,0.0219202486532682,round,,D_local,S_final,10,10,22
gpt-4o,S2,40,5,1,Wrong,0.0299425905608725,round,,D_local,S_final,10,10,22
gpt-4o,S2,40,5,2,Wrong,0.0290035138512216,round,,D_local,S_final,10,10,22
gpt-4o,S2,40,5,3,Wrong,0.0469889355966446,round,,D_local,S_final,10,10,22
gpt-4o,S2,40,6,1,Correct,-0.0041125704514904,round,,D_local,S_final,10,10,22
gpt-4o,S2,40,6,2,Correct,0.011689417284656,round,,D_local,S_final,10,10,22
gpt-4o,S2,40,6,3,Correct,0.0287029400426952,round,,D_local,S_final,10,10,22
gpt-4o,S2,41,1,1,Correct,0.1113649602345491,round,,D_local,S_final,10,10,22
gpt-4o,S2,41,1,2,Correct,0.1076136116498964,round,,D_local,S_final,10,10,22
gpt-4o,S2,41,1,3,Correct,0.1005291488201183,round,,D_local,S_final,10,10,22
gpt-4o,S2,42,1,1,Wrong,-0.0451472831440316,round,,D_local,S_final,10,10,22
gpt-4o,S2,42,1,2,Wrong,-0.0445015135027346,round,,D_local,S_final,10,10,22
gpt-4o,S2,42,1,3,Wrong,-0.0719517826510258,round,,D_local,S_final,10,10,22
gpt-4o,S2,43,1,1,Wrong,-0.063801778833173,round,,D_local,S_final,10,10,22
gpt-4o,S2,43,1,2,Wrong,-0.0561642742695698,round,,D_local,S_final,10,10,22
gpt-4o,S2,43,1,3,Wrong,-0.023568050772308,round,,D_local,S_final,10,10,22
gpt-4o,S2,44,1,1,Correct,0.0999519120243747,round,,D_local,S_final,10,10,22
gpt-4o,S2,44,1,2,Wrong,0.0694486892699085,round,,D_local,S_final,10,10,22
gpt-4o,S2,44,1,3,Wrong,0.0791517231428491,round,,D_local,S_final,10,10,22
gpt-4o,S2,45,1,1,Correct,0.0884989407359001,round,,D_local,S_final,10,10,22
gpt-4o,S2,45,1,2,Correct,0.1176720092430051,round,,D_local,S_final,10,10,22
gpt-4o,S2,45,1,3,Correct,0.1023702780924484,round,,D_local,S_final,10,10,22
gpt-4o,S2,45,2,1,Wrong,0.0333019218222585,round,,D_local,S_final,10,10,22
gpt-4o,S2,45,2,2,Wrong,-0.0412378121640562,round,,D_local,S_final,10,10,22
gpt-4o,S2,45,2,3,Wrong,-0.0365215487057308,round,,D_local,S_final,10,10,22
gpt-4o,S2,45,3,1,Wrong,-0.0266501766621842,round,,D_local,S_final,10,10,22
gpt-4o,S2,45,3,2,Wrong,-0.0501258488438,round,,D_local,S_final,10,10,22
gpt-4o,S2,45,3,3,Wrong,-0.0468230293548347,round,,D_local,S_final,10,10,22
gpt-4o,S2,46,1,1,Correct,0.0787902921660836,round,,D_local,S_final,10,10,22
gpt-4o,S2,46,1,2,Correct,0.1033566819654803,round,,D_local,S_final,10,10,22
gpt-4o,S2,46,1,3,Correct,0.05296052954229,round,,D_local,S_final,10,10,22
gpt-4o,S2,46,2,1,Correct,0.0704709913019184,round,,D_local,S_final,10,10,22
gpt-4o,S2,46,2,2,Correct,0.0793675235494474,round,,D_local,S_final,10,10,22
gpt-4o,S2,46,2,3,Correct,0.0558610566036403,round,,D_local,S_final,10,10,22
gpt-4o,S2,47,1,1,Correct,0.0972985371125585,round,,D_local,S_final,10,10,22
gpt-4o,S2,47,1,2,Correct,0.0952082614367756,round,,D_local,S_final,10,10,22
gpt-4o,S2,47,1,3,Correct,0.090627954830978,round,,D_local,S_final,10,10,22
gpt-4o,S2,47,2,1,Correct,0.0362974750505461,round,,D_local,S_final,10,10,22
gpt-4o,S2,47,2,2,Correct,0.0324447735559909,round,,D_local,S_final,10,10,22
gpt-4o,S2,47,2,3,Correct,0.0564777371846231,round,,D_local,S_final,10,10,22
gpt-4o,S2,48,1,1,Wrong,0.0446221403767695,round,,D_local,S_final,10,10,22
gpt-4o,S2,48,1,2,Wrong,0.0342953544093517,round,,D_local,S_final,10,10,22
gpt-4o,S2,48,1,3,Wrong,0.0453367175852973,round,,D_local,S_final,10,10,22
gpt-4o,S2,48,2,1,Correct,0.0151337029138447,round,,D_local,S_final,10,10,22
gpt-4o,S2,48,2,2,Correct,0.0834537094428256,round,,D_local,S_final,10,10,22
gpt-4o,S2,48,2,3,Correct,0.002753455919788,round,,D_local,S_final,10,10,22
gpt-4o,S2,49,1,1,Wrong,-0.0080654681524009,round,,D_local,S_final,10,10,22
gpt-4o,S2,49,1,2,Correct,0.0006458224821447,round,,D_local,S_final,10,10,22
gpt-4o,S2,49,1,3,Correct,0.0187286704048887,round,,D_local,S_final,10,10,22
gpt-4o,S2,50,1,1,Correct,-0.0337639715691761,round,,D_local,S_final,10,10,22
gpt-4o,S2,50,1,2,Correct,0.0163406867494592,round,,D_local,S_final,10,10,22
gpt-4o,S2,50,1,3,Correct,0.0063462194478672,round,,D_local,S_final,10,10,22
gpt-4o,S2,51,1,1,Correct,0.1099053447574345,round,,D_local,S_final,10,10,22
gpt-4o,S2,51,1,2,Wrong,0.0999663054260775,round,,D_local,S_final,10,10,22
gpt-4o,S2,51,1,3,Correct,0.1242545013587234,round,,D_local,S_final,10,10,22
gpt-4o,S2,52,1,1,Correct,0.1358060388861971,round,,D_local,S_final,10,10,22
gpt-4o,S2,52,1,2,Correct,0.1643850152913667,round,,D_local,S_final,10,10,22
gpt-4o,S2,52,1,3,Correct,0.1525222050209411,round,,D_local,S_final,10,10,22
gpt-4o,S2,53,1,1,Correct,0.000512990990483,round,,D_local,S_final,10,10,22
gpt-4o,S2,53,1,2,Correct,0.0214238662806561,round,,D_local,S_final,10,10,22
gpt-4o,S2,53,1,3,Correct,-0.0180813283789685,round,,D_local,S_final,10,10,22
gpt-4o,S2,53,2,1,Correct,0.102292465176446,round,,D_local,S_final,10,10,22
gpt-4o,S2,53,2,2,Correct,0.084750457882236,round,,D_local,S_final,10,10,22
gpt-4o,S2,53,2,3,Correct,0.1109418046693778,round,,D_local,S_final,10,10,22
gpt-4o,S2,54,1,1,Correct,-0.1019619209977074,round,,D_local,S_final,10,10,22
gpt-4o,S2,54,1,2,Correct,-0.0813342381118243,round,,D_local,S_final,10,10,22
gpt-4o,S2,54,1,3,Correct,-0.13715622805165,round,,D_local,S_final,10,10,22
gpt-4o,S2,54,2,1,Correct,0.1153197229489091,round,,D_local,S_final,10,10,22
gpt-4o,S2,54,2,2,Correct,0.0915839980142502,round,,D_local,S_final,10,10,22
gpt-4o,S2,54,2,3,Correct,0.107514221497769,round,,D_local,S_final,10,10,22
gpt-4o,S2,55,1,1,Correct,-0.0046935489976703,round,,D_local,S_final,10,10,22
gpt-4o,S2,55,1,2,Correct,0.0123938190840288,round,,D_local,S_final,10,10,22
gpt-4o,S2,55,1,3,Correct,-0.0019875592435082,round,,D_local,S_final,10,10,22
gpt-4o,S2,55,2,1,Correct,0.0987871777969586,round,,D_local,S_final,10,10,22
gpt-4o,S2,55,2,2,Correct,0.1197976411859595,round,,D_local,S_final,10,10,22
gpt-4o,S2,55,2,3,Correct,0.1085863555170985,round,,D_local,S_final,10,10,22
gpt-4o,S2,56,1,1,Wrong,-0.043353480353683,round,,D_local,S_final,10,10,22
gpt-4o,S2,56,1,2,Wrong,-0.0094990776260132,round,,D_local,S_final,10,10,22
gpt-4o,S2,56,1,3,Wrong,-0.01023836604316,round,,D_local,S_final,10,10,22
gpt-4o,S2,56,2,1,Correct,0.0229690557012101,round,,D_local,S_final,10,10,22
gpt-4o,S2,56,2,2,Correct,0.0607439328599538,round,,D_local,S_final,10,10,22
gpt-4o,S2,56,2,3,Correct,0.0463048367664673,round,,D_local,S_final,10,10,22
gpt-4o,S2,57,1,1,Correct,-0.0768908290530402,round,,D_local,S_final,10,10,22
gpt-4o,S2,57,1,2,Correct,-0.0588263631844235,round,,D_local,S_final,10,10,22
gpt-4o,S2,57,1,3,Wrong,-0.1237306621866889,round,,D_local,S_final,10,10,22
gpt-4o,S2,57,2,1,Wrong,-0.1627666739869436,round,,D_local,S_final,10,10,22
gpt-4o,S2,57,2,2,Wrong,-0.1587548837917733,round,,D_local,S_final,10,10,22
gpt-4o,S2,57,2,3,Wrong,-0.1846366156448583,round,,D_local,S_final,10,10,22
gpt-4o,S2,58,1,1,Correct,0.0143350196008655,round,,D_local,S_final,10,10,22
gpt-4o,S2,58,1,2,Correct,0.0087879419636596,round,,D_local,S_final,10,10,22
gpt-4o,S2,58,1,3,Correct,-0.0009909656523841,round,,D_local,S_final,10,10,22
gpt-4o,S2,58,2,1,Correct,0.0186963044226411,round,,D_local,S_final,10,10,22
gpt-4o,S2,58,2,2,Correct,0.0281069471524326,round,,D_local,S_final,10,10,22
gpt-4o,S2,58,2,3,Correct,0.0243450671155822,round,,D_local,S_final,10,10,22
gpt-4o,S2,59,1,1,Correct,-0.0374636277754931,round,,D_local,S_final,10,10,22
gpt-4o,S2,59,1,2,Correct,-0.0356981113759535,round,,D_local,S_final,10,10,22
gpt-4o,S2,59,1,3,Correct,-0.0607678254739676,round,,D_local,S_final,10,10,22
gpt-4o,S2,59,2,1,Correct,0.0761521162929491,round,,D_local,S_final,10,10,22
gpt-4o,S2,59,2,2,Correct,0.0817010796812571,round,,D_local,S_final,10,10,22
gpt-4o,S2,59,2,3,Correct,0.0739210566530408,round,,D_local,S_final,10,10,22
gpt-4o,S2,60,1,1,Correct,-0.1048128825434378,round,,D_local,S_final,10,10,22
gpt-4o,S2,60,1,2,Correct,-0.1104189404745666,round,,D_local,S_final,10,10,22
gpt-4o,S2,60,1,3,Correct,-0.1010791704269033,round,,D_local,S_final,10,10,22
gpt-4o,S2,60,2,1,Correct,0.1110193480001543,round,,D_local,S_final,10,10,22
gpt-4o,S2,60,2,2,Correct,0.1043616435322761,round,,D_local,S_final,10,10,22
gpt-4o,S2,60,2,3,Correct,0.0768472259921467,round,,D_local,S_final,10,10,22
gpt-4o,S2,61,1,1,Correct,-0.0602735691257617,round,,D_local,S_final,10,10,22
gpt-4o,S2,61,1,2,Correct,-0.0932656838424386,round,,D_local,S_final,10,10,22
gpt-4o,S2,61,1,3,Correct,-0.0452862374661517,round,,D_local,S_final,10,10,22
gpt-4o,S2,61,2,1,Correct,0.1010664129553817,round,,D_local,S_final,10,10,22
gpt-4o,S2,61,2,2,Correct,0.1113170639822591,round,,D_local,S_final,10,10,22
gpt-4o,S2,61,2,3,Correct,0.095810795019584,round,,D_local,S_final,10,10,22
gpt-4o,S2,62,1,1,Correct,0.0434300673278634,round,,D_local,S_final,10,10,22
gpt-4o,S2,62,1,2,Correct,0.0158176728315924,round,,D_local,S_final,10,10,22
gpt-4o,S2,62,1,3,Correct,-0.0031071118112108,round,,D_local,S_final,10,10,22
gpt-4o,S2,62,2,1,Correct,0.0328049838926842,round,,D_local,S_final,10,10,22
gpt-4o,S2,62,2,2,Correct,0.0296395581796437,round,,D_local,S_final,10,10,22
gpt-4o,S2,62,2,3,Correct,0.0109948159278187,round,,D_local,S_final,10,10,22
gpt-4o,S2,63,1,1,Correct,0.013456731543383,round,,D_local,S_final,10,10,22
gpt-4o,S2,63,1,2,Correct,0.016453064748142,round,,D_local,S_final,10,10,22
gpt-4o,S2,63,1,3,Correct,0.0350143737227626,round,,D_local,S_final,10,10,22
gpt-4o,S2,63,2,1,Correct,0.0216063503332952,round,,D_local,S_final,10,10,22
gpt-4o,S2,63,2,2,Correct,0.0299998589141322,round,,D_local,S_final,10,10,22
gpt-4o,S2,63,2,3,Correct,0.0249716693048984,round,,D_local,S_final,10,10,22
gpt-4o,S2,64,1,1,Correct,-0.0038430194832487,round,,D_local,S_final,10,10,22
gpt-4o,S2,64,1,2,Correct,0.0007566647302239,round,,D_local,S_final,10,10,22
gpt-4o,S2,64,1,3,Correct,0.0181850618422658,round,,D_local,S_final,10,10,22
gpt-4o,S2,64,2,1,Correct,0.0118223657274522,round,,D_local,S_final,10,10,22
gpt-4o,S2,64,2,2,Correct,0.0160205923422817,round,,D_local,S_final,10,10,22
gpt-4o,S2,64,2,3,Correct,0.0436509598143846,round,,D_local,S_final,10,10,22
gpt-4o,S3,1,1,1,Correct,0.1540953122880529,round,,D_local,S_final,10,10,22
gpt-4o,S3,1,1,2,Correct,0.1194715732484944,round,,D_local,S_final,10,10,22
gpt-4o,S3,1,1,3,Correct,0.1630983703413169,round,,D_local,S_final,10,10,22
gpt-4o,S3,1,2,1,Wrong,0.0434043297429931,round,,D_local,S_final,10,10,22
gpt-4o,S3,1,2,2,Correct,0.017885205362833,round,,D_local,S_final,10,10,22
gpt-4o,S3,1,2,3,Wrong,0.0319739969501934,round,,D_local,S_final,10,10,22
gpt-4o,S3,1,3,1,Correct,-0.0203813938759764,round,,D_local,S_final,10,10,22
gpt-4o,S3,1,3,2,Correct,-0.0066584376452643,round,,D_local,S_final,10,10,22
gpt-4o,S3,1,3,3,Correct,0.0006466991098781,round,,D_local,S_final,10,10,22
gpt-4o,S3,1,4,1,Correct,0.079226963890182,round,,D_local,S_final,10,10,22
gpt-4o,S3,1,4,2,Correct,0.0636647917091732,round,,D_local,S_final,10,10,22
gpt-4o,S3,1,4,3,Correct,0.0700639118272865,round,,D_local,S_final,10,10,22
gpt-4o,S3,1,5,1,Correct,0.1032490578343303,round,,D_local,S_final,10,10,22
gpt-4o,S3,1,5,2,Correct,0.0801087225851107,round,,D_local,S_final,10,10,22
gpt-4o,S3,1,5,3,Correct,0.0751418974040046,round,,D_local,S_final,10,10,22
gpt-4o,S3,2,1,1,Wrong,0.203569807523009,round,,D_local,S_final,10,10,22
gpt-4o,S3,2,1,2,Correct,0.2405051398547278,round,,D_local,S_final,10,10,22
gpt-4o,S3,2,1,3,Correct,0.2343491063317828,round,,D_local,S_final,10,10,22
gpt-4o,S3,3,1,1,Correct,0.2495052744045837,round,,D_local,S_final,10,10,22
gpt-4o,S3,3,1,2,Correct,0.1984965552081691,round,,D_local,S_final,10,10,22
gpt-4o,S3,3,1,3,Correct,0.2522615059632532,round,,D_local,S_final,10,10,22
gpt-4o,S3,3,2,1,Correct,0.2417714823481589,round,,D_local,S_final,10,10,22
gpt-4o,S3,3,2,2,Correct,0.269355567430167,round,,D_local,S_final,10,10,22
gpt-4o,S3,3,2,3,Correct,0.2784669632018534,round,,D_local,S_final,10,10,22
gpt-4o,S3,4,1,1,Wrong,0.1037939240026932,round,,D_local,S_final,10,10,22
gpt-4o,S3,4,1,2,Wrong,0.1153890003110028,round,,D_local,S_final,10,10,22
gpt-4o,S3,4,1,3,Wrong,0.1026991366382575,round,,D_local,S_final,10,10,22
gpt-4o,S3,4,2,1,Wrong,0.107748468078565,round,,D_local,S_final,10,10,22
gpt-4o,S3,4,2,2,Wrong,0.087109524403285,round,,D_local,S_final,10,10,22
gpt-4o,S3,4,2,3,Wrong,0.0973778385274433,round,,D_local,S_final,10,10,22
gpt-4o,S3,4,3,1,Wrong,0.0403552879006466,round,,D_local,S_final,10,10,22
gpt-4o,S3,4,3,2,Wrong,0.059529949365495,round,,D_local,S_final,10,10,22
gpt-4o,S3,4,3,3,Wrong,0.0463981104725395,round,,D_local,S_final,10,10,22
gpt-4o,S3,5,1,1,Wrong,0.0356307160389555,round,,D_local,S_final,10,10,22
gpt-4o,S3,5,1,2,Wrong,0.0345924419643798,round,,D_local,S_final,10,10,22
gpt-4o,S3,5,1,3,Wrong,0.0523249520551709,round,,D_local,S_final,10,10,22
gpt-4o,S3,5,2,1,Correct,0.0826792922142872,round,,D_local,S_final,10,10,22
gpt-4o,S3,5,2,2,Correct,0.0509764207321113,round,,D_local,S_final,10,10,22
gpt-4o,S3,5,2,3,Correct,0.074695101188895,round,,D_local,S_final,10,10,22
gpt-4o,S3,5,3,1,Correct,0.0759320962716251,round,,D_local,S_final,10,10,22
gpt-4o,S3,5,3,2,Correct,0.0942732617748409,round,,D_local,S_final,10,10,22
gpt-4o,S3,5,3,3,Correct,0.0972812307697053,round,,D_local,S_final,10,10,22
gpt-4o,S3,6,1,1,Correct,0.0951422648660893,round,,D_local,S_final,10,10,22
gpt-4o,S3,6,1,2,Correct,0.0862659228004883,round,,D_local,S_final,10,10,22
gpt-4o,S3,6,1,3,Correct,0.079506983270695,round,,D_local,S_final,10,10,22
gpt-4o,S3,6,2,1,Wrong,0.0019658349965775,round,,D_local,S_final,10,10,22
gpt-4o,S3,6,2,2,Wrong,-0.0129536121462862,round,,D_local,S_final,10,10,22
gpt-4o,S3,6,2,3,Wrong,0.0445209857457026,round,,D_local,S_final,10,10,22
gpt-4o,S3,6,3,1,Correct,0.0649592526296811,round,,D_local,S_final,10,10,22
gpt-4o,S3,6,3,2,Correct,0.0923864967763841,round,,D_local,S_final,10,10,22
gpt-4o,S3,6,3,3,Correct,0.0712733529636542,round,,D_local,S_final,10,10,22
gpt-4o,S3,7,1,1,Wrong,0.1281086343279696,round,,D_local,S_final,10,10,22
gpt-4o,S3,7,1,2,Correct,0.1428477741684676,round,,D_local,S_final,10,10,22
gpt-4o,S3,7,1,3,Correct,0.1396074056843811,round,,D_local,S_final,10,10,22
gpt-4o,S3,7,2,1,Wrong,0.1190484441543998,round,,D_local,S_final,10,10,22
gpt-4o,S3,7,2,2,Correct,0.105132508979741,round,,D_local,S_final,10,10,22
gpt-4o,S3,7,2,3,Correct,0.1135185943052794,round,,D_local,S_final,10,10,22
gpt-4o,S3,7,3,1,Wrong,-0.0046282285635054,round,,D_local,S_final,10,10,22
gpt-4o,S3,7,3,2,Wrong,-0.0092176342400571,round,,D_local,S_final,10,10,22
gpt-4o,S3,7,3,3,Wrong,-0.006064839678898,round,,D_local,S_final,10,10,22
gpt-4o,S3,7,4,1,Correct,0.0247364675070171,round,,D_local,S_final,10,10,22
gpt-4o,S3,7,4,2,Correct,0.0038357868286412,round,,D_local,S_final,10,10,22
gpt-4o,S3,7,4,3,Correct,0.0107449365340966,round,,D_local,S_final,10,10,22
gpt-4o,S3,7,5,1,Correct,0.0407321660863818,round,,D_local,S_final,10,10,22
gpt-4o,S3,7,5,2,Correct,0.0683985718594094,round,,D_local,S_final,10,10,22
gpt-4o,S3,7,5,3,Correct,0.0376874240527501,round,,D_local,S_final,10,10,22
gpt-4o,S3,7,6,1,Wrong,-0.0115565719555326,round,,D_local,S_final,10,10,22
gpt-4o,S3,7,6,2,Wrong,-0.0212381466768325,round,,D_local,S_final,10,10,22
gpt-4o,S3,7,6,3,Wrong,-0.0392104792242845,round,,D_local,S_final,10,10,22
gpt-4o,S3,7,7,1,Wrong,0.0437290746814154,round,,D_local,S_final,10,10,22
gpt-4o,S3,7,7,2,Wrong,0.0413173656649097,round,,D_local,S_final,10,10,22
gpt-4o,S3,7,7,3,Wrong,0.0324571507221369,round,,D_local,S_final,10,10,22
gpt-4o,S3,7,8,1,Correct,0.0497514213892749,round,,D_local,S_final,10,10,22
gpt-4o,S3,7,8,2,Correct,0.0867244765857573,round,,D_local,S_final,10,10,22
gpt-4o,S3,7,8,3,Wrong,0.0342329016030996,round,,D_local,S_final,10,10,22
gpt-4o,S3,7,9,1,Wrong,0.0759875074996719,round,,D_local,S_final,10,10,22
gpt-4o,S3,7,9,2,Correct,0.1042449851607991,round,,D_local,S_final,10,10,22
gpt-4o,S3,7,9,3,Correct,0.1003823981216062,round,,D_local,S_final,10,10,22
gpt-4o,S3,7,10,1,Wrong,0.022749174102545,round,,D_local,S_final,10,10,22
gpt-4o,S3,7,10,2,Wrong,0.0303382908817274,round,,D_local,S_final,10,10,22
gpt-4o,S3,7,10,3,Wrong,0.018257143059768,round,,D_local,S_final,10,10,22
gpt-4o,S3,7,11,1,Wrong,0.0344555374652144,round,,D_local,S_final,10,10,22
gpt-4o,S3,7,11,2,Wrong,0.0509870118512119,round,,D_local,S_final,10,10,22
gpt-4o,S3,7,11,3,Wrong,0.0963219679973576,round,,D_local,S_final,10,10,22
gpt-4o,S3,8,1,1,Correct,0.0898087737626501,round,,D_local,S_final,10,10,22
gpt-4o,S3,8,1,2,Correct,0.0635409235177348,round,,D_local,S_final,10,10,22
gpt-4o,S3,8,1,3,Correct,0.0850227200067745,round,,D_local,S_final,10,10,22
gpt-4o,S3,8,2,1,Correct,0.0442901753313005,round,,D_local,S_final,10,10,22
gpt-4o,S3,8,2,2,Correct,0.0680683958625688,round,,D_local,S_final,10,10,22
gpt-4o,S3,8,2,3,Correct,0.0621402472008971,round,,D_local,S_final,10,10,22
gpt-4o,S3,8,3,1,Wrong,0.0330374868507292,round,,D_local,S_final,10,10,22
gpt-4o,S3,8,3,2,Wrong,-0.0169736171788285,round,,D_local,S_final,10,10,22
gpt-4o,S3,8,3,3,Wrong,-0.0045437497892724,round,,D_local,S_final,10,10,22
gpt-4o,S3,8,4,1,Wrong,-0.0676996518348784,round,,D_local,S_final,10,10,22
gpt-4o,S3,8,4,2,Wrong,-0.0473805748950012,round,,D_local,S_final,10,10,22
gpt-4o,S3,8,4,3,Wrong,-0.0489886272142021,round,,D_local,S_final,10,10,22
gpt-4o,S3,9,1,1,Correct,0.0609356978471331,round,,D_local,S_final,10,10,22
gpt-4o,S3,9,1,2,Correct,0.051465808377776,round,,D_local,S_final,10,10,22
gpt-4o,S3,9,1,3,Correct,0.0655826845437105,round,,D_local,S_final,10,10,22
gpt-4o,S3,9,2,1,Wrong,0.0578602297996984,round,,D_local,S_final,10,10,22
gpt-4o,S3,9,2,2,Wrong,0.0255661131032726,round,,D_local,S_final,10,10,22
gpt-4o,S3,9,2,3,Wrong,0.0363215932952355,round,,D_local,S_final,10,10,22
gpt-4o,S3,9,3,1,Correct,0.0839623795718087,round,,D_local,S_final,10,10,22
gpt-4o,S3,9,3,2,Correct,0.0646072138842722,round,,D_local,S_final,10,10,22
gpt-4o,S3,9,3,3,Correct,0.0805456133609223,round,,D_local,S_final,10,10,22
gpt-4o,S3,10,1,1,Wrong,0.08180583122276,round,,D_local,S_final,10,10,22
gpt-4o,S3,10,1,2,Wrong,0.0776813868592933,round,,D_local,S_final,10,10,22
gpt-4o,S3,10,1,3,Wrong,0.0874013258144643,round,,D_local,S_final,10,10,22
gpt-4o,S3,10,2,1,Wrong,0.1189205645175462,round,,D_local,S_final,10,10,22
gpt-4o,S3,10,2,2,Wrong,0.0965913939444166,round,,D_local,S_final,10,10,22
gpt-4o,S3,10,2,3,Wrong,0.1132193779715285,round,,D_local,S_final,10,10,22
gpt-4o,S3,11,1,1,Correct,0.0399667119203481,round,,D_local,S_final,10,10,22
gpt-4o,S3,11,1,2,Wrong,0.0341142161221255,round,,D_local,S_final,10,10,22
gpt-4o,S3,11,1,3,Correct,0.0324628068812622,round,,D_local,S_final,10,10,22
gpt-4o,S3,12,1,1,Wrong,0.0239038711053228,round,,D_local,S_final,10,10,22
gpt-4o,S3,12,1,2,Wrong,-0.0085997535240743,round,,D_local,S_final,10,10,22
gpt-4o,S3,12,1,3,Correct,-0.0029994475425753,round,,D_local,S_final,10,10,22
gpt-4o,S3,13,1,1,Correct,0.1562867272432605,round,,D_local,S_final,10,10,22
gpt-4o,S3,13,1,2,Correct,0.174226573829428,round,,D_local,S_final,10,10,22
gpt-4o,S3,13,1,3,Correct,0.1793458278746083,round,,D_local,S_final,10,10,22
gpt-4o,S3,13,2,1,Correct,-0.0259295395751628,round,,D_local,S_final,10,10,22
gpt-4o,S3,13,2,2,Correct,-0.0502821496419486,round,,D_local,S_final,10,10,22
gpt-4o,S3,13,2,3,Wrong,-0.0374544013548588,round,,D_local,S_final,10,10,22
gpt-4o,S3,13,3,1,Wrong,0.0354244253517802,round,,D_local,S_final,10,10,22
gpt-4o,S3,13,3,2,Wrong,-0.0088349310264269,round,,D_local,S_final,10,10,22
gpt-4o,S3,13,3,3,Wrong,0.0039391980898811,round,,D_local,S_final,10,10,22
gpt-4o,S3,14,1,1,Wrong,0.0492571593240772,round,,D_local,S_final,10,10,22
gpt-4o,S3,14,1,2,Correct,0.0899202179904388,round,,D_local,S_final,10,10,22
gpt-4o,S3,14,1,3,Correct,0.0740823304705845,round,,D_local,S_final,10,10,22
gpt-4o,S3,15,1,1,Wrong,-0.0337984216305288,round,,D_local,S_final,10,10,22
gpt-4o,S3,15,1,2,Wrong,-0.0237049575889163,round,,D_local,S_final,10,10,22
gpt-4o,S3,15,1,3,Wrong,-0.031063900900339,round,,D_local,S_final,10,10,22
gpt-4o,S3,16,1,1,Correct,0.166388439900131,round,,D_local,S_final,10,10,22
gpt-4o,S3,16,1,2,Correct,0.1603070337588854,round,,D_local,S_final,10,10,22
gpt-4o,S3,16,1,3,Correct,0.1685813859536632,round,,D_local,S_final,10,10,22
gpt-4o,S3,17,1,1,Correct,0.0832263215591289,round,,D_local,S_final,10,10,22
gpt-4o,S3,17,1,2,Correct,0.0885157485843322,round,,D_local,S_final,10,10,22
gpt-4o,S3,17,1,3,Correct,0.0598655239228288,round,,D_local,S_final,10,10,22
gpt-4o,S3,18,1,1,Correct,0.1201791790935293,round,,D_local,S_final,10,10,22
gpt-4o,S3,18,1,2,Correct,0.1035447336943451,round,,D_local,S_final,10,10,22
gpt-4o,S3,18,1,3,Correct,0.1260250802561561,round,,D_local,S_final,10,10,22
gpt-4o,S3,19,1,1,Correct,0.0853561660516866,round,,D_local,S_final,10,10,22
gpt-4o,S3,19,1,2,Correct,0.0793150116084495,round,,D_local,S_final,10,10,22
gpt-4o,S3,19,1,3,Correct,0.1033566868754484,round,,D_local,S_final,10,10,22
gpt-4o,S3,20,1,1,Correct,0.0904658167681817,round,,D_local,S_final,10,10,22
gpt-4o,S3,20,1,2,Wrong,0.0482541984355197,round,,D_local,S_final,10,10,22
gpt-4o,S3,20,1,3,Correct,0.0839725110984488,round,,D_local,S_final,10,10,22
gpt-4o,S3,21,1,1,Correct,0.0863505859433817,round,,D_local,S_final,10,10,22
gpt-4o,S3,21,1,2,Correct,0.0924874072547519,round,,D_local,S_final,10,10,22
gpt-4o,S3,21,1,3,Correct,0.0849374503689559,round,,D_local,S_final,10,10,22
gpt-4o,S3,22,1,1,Correct,0.0399671639519839,round,,D_local,S_final,10,10,22
gpt-4o,S3,22,1,2,Correct,0.0147738307034432,round,,D_local,S_final,10,10,22
gpt-4o,S3,22,1,3,Correct,0.0031620280666434,round,,D_local,S_final,10,10,22
gpt-4o,S3,23,1,1,Correct,0.0134999535136679,round,,D_local,S_final,10,10,22
gpt-4o,S3,23,1,2,Correct,0.0084363967060691,round,,D_local,S_final,10,10,22
gpt-4o,S3,23,1,3,Correct,0.0935414483324037,round,,D_local,S_final,10,10,22
gpt-4o,S3,24,1,1,Correct,0.0405228450625746,round,,D_local,S_final,10,10,22
gpt-4o,S3,24,1,2,Correct,0.0596371060494403,round,,D_local,S_final,10,10,22
gpt-4o,S3,24,1,3,Correct,0.0466492519530212,round,,D_local,S_final,10,10,22
gpt-4o,S3,25,1,1,Correct,0.0214860572109979,round,,D_local,S_final,10,10,22
gpt-4o,S3,25,1,2,Correct,-0.027704049212636,round,,D_local,S_final,10,10,22
gpt-4o,S3,25,1,3,Correct,-0.0730615939731152,round,,D_local,S_final,10,10,22
gpt-4o,S3,25,2,1,Correct,0.1096074556783905,round,,D_local,S_final,10,10,22
gpt-4o,S3,25,2,2,Correct,0.0817534854462037,round,,D_local,S_final,10,10,22
gpt-4o,S3,25,2,3,Correct,0.1076212940343934,round,,D_local,S_final,10,10,22
gpt-4o,S3,26,1,1,Correct,0.0507720514708119,round,,D_local,S_final,10,10,22
gpt-4o,S3,26,1,2,Wrong,0.0593362646318955,round,,D_local,S_final,10,10,22
gpt-4o,S3,26,1,3,Wrong,0.0753062160377216,round,,D_local,S_final,10,10,22
gpt-4o,S3,26,2,1,Correct,0.0246160697444647,round,,D_local,S_final,10,10,22
gpt-4o,S3,26,2,2,Correct,-0.0317749897400464,round,,D_local,S_final,10,10,22
gpt-4o,S3,26,2,3,Correct,0.0064378987787538,round,,D_local,S_final,10,10,22
gpt-4o,S3,26,3,1,Correct,-0.0299933319040897,round,,D_local,S_final,10,10,22
gpt-4o,S3,26,3,2,Correct,-0.0094628447877879,round,,D_local,S_final,10,10,22
gpt-4o,S3,26,3,3,Correct,-0.0008903130457812,round,,D_local,S_final,10,10,22
gpt-4o,S3,26,4,1,Correct,0.1104524840192575,round,,D_local,S_final,10,10,22
gpt-4o,S3,26,4,2,Correct,0.1337712996389316,round,,D_local,S_final,10,10,22
gpt-4o,S3,26,4,3,Correct,0.1039466991270327,round,,D_local,S_final,10,10,22
gpt-4o,S3,27,1,1,Correct,0.0623864128929723,round,,D_local,S_final,10,10,22
gpt-4o,S3,27,1,2,Correct,0.0653716897696754,round,,D_local,S_final,10,10,22
gpt-4o,S3,27,1,3,Correct,0.0533326609934379,round,,D_local,S_final,10,10,22
gpt-4o,S3,27,2,1,Correct,0.010473840680758,round,,D_local,S_final,10,10,22
gpt-4o,S3,27,2,2,Correct,-0.026807513194389,round,,D_local,S_final,10,10,22
gpt-4o,S3,27,2,3,Correct,0.0011899246987377,round,,D_local,S_final,10,10,22
gpt-4o,S3,27,3,1,Correct,-0.0187459117245694,round,,D_local,S_final,10,10,22
gpt-4o,S3,27,3,2,Correct,-0.044473876450256,round,,D_local,S_final,10,10,22
gpt-4o,S3,27,3,3,Correct,0.0029503181404619,round,,D_local,S_final,10,10,22
gpt-4o,S3,27,4,1,Correct,0.1942132690945887,round,,D_local,S_final,10,10,22
gpt-4o,S3,27,4,2,Correct,0.1591666690580606,round,,D_local,S_final,10,10,22
gpt-4o,S3,27,4,3,Correct,0.1825831696886929,round,,D_local,S_final,10,10,22
gpt-4o,S3,28,1,1,Wrong,0.0559503069539957,round,,D_local,S_final,10,10,22
gpt-4o,S3,28,1,2,Wrong,0.0519015604625043,round,,D_local,S_final,10,10,22
gpt-4o,S3,28,1,3,Wrong,0.0636320886163177,round,,D_local,S_final,10,10,22
gpt-4o,S3,28,2,1,Correct,0.0004699641735749,round,,D_local,S_final,10,10,22
gpt-4o,S3,28,2,2,Correct,0.0191247790853855,round,,D_local,S_final,10,10,22
gpt-4o,S3,28,2,3,Correct,-0.030809647134982,round,,D_local,S_final,10,10,22
gpt-4o,S3,29,1,1,Correct,0.116332356113341,round,,D_local,S_final,10,10,22
gpt-4o,S3,29,1,2,Correct,0.1091930321781629,round,,D_local,S_final,10,10,22
gpt-4o,S3,29,1,3,Correct,0.1152716106283082,round,,D_local,S_final,10,10,22
gpt-4o,S3,29,2,1,Correct,-0.0865317554570863,round,,D_local,S_final,10,10,22
gpt-4o,S3,29,2,2,Correct,-0.0435127211609575,round,,D_local,S_final,10,10,22
gpt-4o,S3,29,2,3,Correct,-0.0355971557256261,round,,D_local,S_final,10,10,22
gpt-4o,S3,30,1,1,Correct,0.0997805395421809,round,,D_local,S_final,10,10,22
gpt-4o,S3,30,1,2,Correct,0.0687295436276147,round,,D_local,S_final,10,10,22
gpt-4o,S3,30,1,3,Correct,0.0459444380711434,round,,D_local,S_final,10,10,22
gpt-4o,S3,30,2,1,Correct,-0.0071031066788805,round,,D_local,S_final,10,10,22
gpt-4o,S3,30,2,2,Correct,-0.0443311917933711,round,,D_local,S_final,10,10,22
gpt-4o,S3,30,2,3,Correct,-0.0559001900325698,round,,D_local,S_final,10,10,22
gpt-4o,S3,31,1,1,Correct,0.1187661234380447,round,,D_local,S_final,10,10,22
gpt-4o,S3,31,1,2,Wrong,0.1079140364906747,round,,D_local,S_final,10,10,22
gpt-4o,S3,31,1,3,Wrong,0.1309412717581279,round,,D_local,S_final,10,10,22
gpt-4o,S3,32,1,1,Correct,0.1007698289895047,round,,D_local,S_final,10,10,22
gpt-4o,S3,32,1,2,Correct,0.1033663564236915,round,,D_local,S_final,10,10,22
gpt-4o,S3,32,1,3,Correct,0.0801218465571138,round,,D_local,S_final,10,10,22
gpt-4o,S3,33,1,1,Correct,0.0726886016595393,round,,D_local,S_final,10,10,22
gpt-4o,S3,33,1,2,Correct,0.0808853447378344,round,,D_local,S_final,10,10,22
gpt-4o,S3,33,1,3,Correct,0.0892773582146678,round,,D_local,S_final,10,10,22
gpt-4o,S3,34,1,1,Correct,0.0574864419510499,round,,D_local,S_final,10,10,22
gpt-4o,S3,34,1,2,Correct,0.0689322121648675,round,,D_local,S_final,10,10,22
gpt-4o,S3,34,1,3,Correct,0.043075079590369,round,,D_local,S_final,10,10,22
gpt-4o,S3,35,1,1,Correct,-0.0124736633492558,round,,D_local,S_final,10,10,22
gpt-4o,S3,35,1,2,Wrong,-0.0259221802378329,round,,D_local,S_final,10,10,22
gpt-4o,S3,35,1,3,Wrong,0.0268846036995585,round,,D_local,S_final,10,10,22
gpt-4o,S3,36,1,1,Correct,0.0844383544482868,round,,D_local,S_final,10,10,22
gpt-4o,S3,36,1,2,Correct,0.126102141005278,round,,D_local,S_final,10,10,22
gpt-4o,S3,36,1,3,Correct,0.0965814175974604,round,,D_local,S_final,10,10,22
gpt-4o,S3,36,2,1,Correct,0.0202307882083857,round,,D_local,S_final,10,10,22
gpt-4o,S3,36,2,2,Correct,0.0337855611612161,round,,D_local,S_final,10,10,22
gpt-4o,S3,36,2,3,Correct,0.0537717292499262,round,,D_local,S_final,10,10,22
gpt-4o,S3,36,3,1,Correct,0.0301107846680163,round,,D_local,S_final,10,10,22
gpt-4o,S3,36,3,2,Correct,0.0393817273673069,round,,D_local,S_final,10,10,22
gpt-4o,S3,36,3,3,Correct,0.0468923768377098,round,,D_local,S_final,10,10,22
gpt-4o,S3,37,1,1,Wrong,-0.0255557412667744,round,,D_local,S_final,10,10,22
gpt-4o,S3,37,1,2,Wrong,-0.0538278509141602,round,,D_local,S_final,10,10,22
gpt-4o,S3,37,1,3,Correct,-0.0622268116591491,round,,D_local,S_final,10,10,22
gpt-4o,S3,37,2,1,Correct,0.0630965596953391,round,,D_local,S_final,10,10,22
gpt-4o,S3,37,2,2,Correct,0.0474485697704039,round,,D_local,S_final,10,10,22
gpt-4o,S3,37,2,3,Correct,0.0391955631119613,round,,D_local,S_final,10,10,22
gpt-4o,S3,38,1,1,Correct,-0.1739069500313145,round,,D_local,S_final,10,10,22
gpt-4o,S3,38,1,2,Correct,-0.1385023207811629,round,,D_local,S_final,10,10,22
gpt-4o,S3,38,1,3,Correct,-0.1576574478150582,round,,D_local,S_final,10,10,22
gpt-4o,S3,38,2,1,Correct,-0.1538690630228423,round,,D_local,S_final,10,10,22
gpt-4o,S3,38,2,2,Correct,-0.1588686846617769,round,,D_local,S_final,10,10,22
gpt-4o,S3,38,2,3,Correct,-0.1760296829369037,round,,D_local,S_final,10,10,22
gpt-4o,S3,39,1,1,Correct,-0.0204135743225997,round,,D_local,S_final,10,10,22
gpt-4o,S3,39,1,2,Correct,-0.0310856881331988,round,,D_local,S_final,10,10,22
gpt-4o,S3,39,1,3,Correct,-0.046291147982779,round,,D_local,S_final,10,10,22
gpt-4o,S3,39,2,1,Correct,0.1750231288093879,round,,D_local,S_final,10,10,22
gpt-4o,S3,39,2,2,Correct,0.1890647114153661,round,,D_local,S_final,10,10,22
gpt-4o,S3,39,2,3,Correct,0.154980681203003,round,,D_local,S_final,10,10,22
gpt-4o,S3,40,1,1,Correct,0.0660096726082607,round,,D_local,S_final,10,10,22
gpt-4o,S3,40,1,2,Correct,0.0699809506140379,round,,D_local,S_final,10,10,22
gpt-4o,S3,40,1,3,Correct,0.0819270050837106,round,,D_local,S_final,10,10,22
gpt-4o,S3,40,2,1,Wrong,0.1038274385013729,round,,D_local,S_final,10,10,22
gpt-4o,S3,40,2,2,Wrong,0.1260255791968659,round,,D_local,S_final,10,10,22
gpt-4o,S3,40,2,3,Wrong,0.0767922061531869,round,,D_local,S_final,10,10,22
gpt-4o,S3,40,3,1,Wrong,0.042757820691291,round,,D_local,S_final,10,10,22
gpt-4o,S3,40,3,2,Wrong,0.04211290882223,round,,D_local,S_final,10,10,22
gpt-4o,S3,40,3,3,Wrong,0.0235042132221753,round,,D_local,S_final,10,10,22
gpt-4o,S3,40,4,1,Wrong,0.0049789590702746,round,,D_local,S_final,10,10,22
gpt-4o,S3,40,4,2,Wrong,0.02448815883103,round,,D_local,S_final,10,10,22
gpt-4o,S3,40,4,3,Wrong,0.0156870725057807,round,,D_local,S_final,10,10,22
gpt-4o,S3,40,5,1,Wrong,0.0393197212517132,round,,D_local,S_final,10,10,22
gpt-4o,S3,40,5,2,Wrong,0.031760022328604,round,,D_local,S_final,10,10,22
gpt-4o,S3,40,5,3,Wrong,0.0566549642318766,round,,D_local,S_final,10,10,22
gpt-4o,S3,40,6,1,Correct,0.0390637261494032,round,,D_local,S_final,10,10,22
gpt-4o,S3,40,6,2,Correct,0.0240847896435562,round,,D_local,S_final,10,10,22
gpt-4o,S3,40,6,3,Correct,-0.0056277288403578,round,,D_local,S_final,10,10,22
gpt-4o,S3,41,1,1,Correct,0.0744702013534026,round,,D_local,S_final,10,10,22
gpt-4o,S3,41,1,2,Correct,0.0752159678409092,round,,D_local,S_final,10,10,22
gpt-4o,S3,41,1,3,Correct,0.0949819456699083,round,,D_local,S_final,10,10,22
gpt-4o,S3,42,1,1,Wrong,-0.0375913329613775,round,,D_local,S_final,10,10,22
gpt-4o,S3,42,1,2,Wrong,-0.0394896139115225,round,,D_local,S_final,10,10,22
gpt-4o,S3,42,1,3,Wrong,-0.033412553741866,round,,D_local,S_final,10,10,22
gpt-4o,S3,43,1,1,Wrong,-0.0417480669256836,round,,D_local,S_final,10,10,22
gpt-4o,S3,43,1,2,Wrong,-0.0279790494799467,round,,D_local,S_final,10,10,22
gpt-4o,S3,43,1,3,Wrong,-0.0188683938282623,round,,D_local,S_final,10,10,22
gpt-4o,S3,44,1,1,Wrong,0.0702720732066051,round,,D_local,S_final,10,10,22
gpt-4o,S3,44,1,2,Wrong,0.0940273932751664,round,,D_local,S_final,10,10,22
gpt-4o,S3,44,1,3,Wrong,0.0730457449310619,round,,D_local,S_final,10,10,22
gpt-4o,S3,45,1,1,Correct,0.0781827266990012,round,,D_local,S_final,10,10,22
gpt-4o,S3,45,1,2,Correct,0.1066895376244243,round,,D_local,S_final,10,10,22
gpt-4o,S3,45,1,3,Correct,0.0753944597624364,round,,D_local,S_final,10,10,22
gpt-4o,S3,45,2,1,Correct,0.011626815785418,round,,D_local,S_final,10,10,22
gpt-4o,S3,45,2,2,Wrong,-0.0298851990005429,round,,D_local,S_final,10,10,22
gpt-4o,S3,45,2,3,Wrong,-0.0064325503603256,round,,D_local,S_final,10,10,22
gpt-4o,S3,45,3,1,Wrong,-0.0359603538757798,round,,D_local,S_final,10,10,22
gpt-4o,S3,45,3,2,Correct,-0.0374180718474846,round,,D_local,S_final,10,10,22
gpt-4o,S3,45,3,3,Correct,-0.0090997240777223,round,,D_local,S_final,10,10,22
gpt-4o,S3,46,1,1,Correct,0.0927152707848401,round,,D_local,S_final,10,10,22
gpt-4o,S3,46,1,2,Correct,0.0965529245319889,round,,D_local,S_final,10,10,22
gpt-4o,S3,46,1,3,Correct,0.0795173535065913,round,,D_local,S_final,10,10,22
gpt-4o,S3,46,2,1,Correct,0.0616498446599304,round,,D_local,S_final,10,10,22
gpt-4o,S3,46,2,2,Correct,0.0521244928774898,round,,D_local,S_final,10,10,22
gpt-4o,S3,46,2,3,Correct,0.0620925219668571,round,,D_local,S_final,10,10,22
gpt-4o,S3,47,1,1,Correct,0.1134419005693627,round,,D_local,S_final,10,10,22
gpt-4o,S3,47,1,2,Correct,0.1113381299761481,round,,D_local,S_final,10,10,22
gpt-4o,S3,47,1,3,Correct,0.1113745446004447,round,,D_local,S_final,10,10,22
gpt-4o,S3,47,2,1,Correct,0.0257013410649454,round,,D_local,S_final,10,10,22
gpt-4o,S3,47,2,2,Correct,0.0133291816532062,round,,D_local,S_final,10,10,22
gpt-4o,S3,47,2,3,Correct,0.0240495497723551,round,,D_local,S_final,10,10,22
gpt-4o,S3,48,1,1,Correct,0.0949242644960239,round,,D_local,S_final,10,10,22
gpt-4o,S3,48,1,2,Correct,0.0873283109151165,round,,D_local,S_final,10,10,22
gpt-4o,S3,48,1,3,Correct,0.094140831354915,round,,D_local,S_final,10,10,22
gpt-4o,S3,48,2,1,Correct,-0.0113297304481079,round,,D_local,S_final,10,10,22
gpt-4o,S3,48,2,2,Wrong,-0.0511691509854952,round,,D_local,S_final,10,10,22
gpt-4o,S3,48,2,3,Wrong,-0.0253647598883367,round,,D_local,S_final,10,10,22
gpt-4o,S3,49,1,1,Wrong,0.0471657694612065,round,,D_local,S_final,10,10,22
gpt-4o,S3,49,1,2,Wrong,0.0276485820547057,round,,D_local,S_final,10,10,22
gpt-4o,S3,49,1,3,Correct,0.0748158849981934,round,,D_local,S_final,10,10,22
gpt-4o,S3,50,1,1,Correct,0.0556183180015291,round,,D_local,S_final,10,10,22
gpt-4o,S3,50,1,2,Correct,0.0307560828232609,round,,D_local,S_final,10,10,22
gpt-4o,S3,50,1,3,Correct,0.0633714964266858,round,,D_local,S_final,10,10,22
gpt-4o,S3,51,1,1,Correct,0.1146031980356074,round,,D_local,S_final,10,10,22
gpt-4o,S3,51,1,2,Correct,0.1248018208163701,round,,D_local,S_final,10,10,22
gpt-4o,S3,51,1,3,Correct,0.1336663928108971,round,,D_local,S_final,10,10,22
gpt-4o,S3,52,1,1,Correct,0.1654695667407196,round,,D_local,S_final,10,10,22
gpt-4o,S3,52,1,2,Correct,0.1557165534655595,round,,D_local,S_final,10,10,22
gpt-4o,S3,52,1,3,Correct,0.1312477589972119,round,,D_local,S_final,10,10,22
gpt-4o,S3,53,1,1,Correct,-0.0011796482114236,round,,D_local,S_final,10,10,22
gpt-4o,S3,53,1,2,Correct,-0.0093981072059209,round,,D_local,S_final,10,10,22
gpt-4o,S3,53,1,3,Correct,-0.0454684246616834,round,,D_local,S_final,10,10,22
gpt-4o,S3,53,2,1,Wrong,0.086629765392748,round,,D_local,S_final,10,10,22
gpt-4o,S3,53,2,2,Correct,0.0899149059425854,round,,D_local,S_final,10,10,22
gpt-4o,S3,53,2,3,Wrong,0.0819452584019551,round,,D_local,S_final,10,10,22
gpt-4o,S3,54,1,1,Correct,-0.1357237126307056,round,,D_local,S_final,10,10,22
gpt-4o,S3,54,1,2,Correct,-0.1285820684720459,round,,D_local,S_final,10,10,22
gpt-4o,S3,54,1,3,Correct,-0.081667608919221,round,,D_local,S_final,10,10,22
gpt-4o,S3,54,2,1,Correct,0.134991056898181,round,,D_local,S_final,10,10,22
gpt-4o,S3,54,2,2,Correct,0.1167097326186291,round,,D_local,S_final,10,10,22
gpt-4o,S3,54,2,3,Correct,0.1161112189467507,round,,D_local,S_final,10,10,22
gpt-4o,S3,55,1,1,Wrong,-0.0275438100052929,round,,D_local,S_final,10,10,22
gpt-4o,S3,55,1,2,Wrong,-0.0266253753611827,round,,D_local,S_final,10,10,22
gpt-4o,S3,55,1,3,Correct,-0.0092690680501464,round,,D_local,S_final,10,10,22
gpt-4o,S3,55,2,1,Correct,0.0950274376474682,round,,D_local,S_final,10,10,22
gpt-4o,S3,55,2,2,Correct,0.1101232256056814,round,,D_local,S_final,10,10,22
gpt-4o,S3,55,2,3,Correct,0.0989858351577976,round,,D_local,S_final,10,10,22
gpt-4o,S3,56,1,1,Wrong,-0.0143829547544459,round,,D_local,S_final,10,10,22
gpt-4o,S3,56,1,2,Wrong,-0.027473218980074,round,,D_local,S_final,10,10,22
gpt-4o,S3,56,1,3,Wrong,-0.0741222106759352,round,,D_local,S_final,10,10,22
gpt-4o,S3,56,2,1,Correct,0.083468096057668,round,,D_local,S_final,10,10,22
gpt-4o,S3,56,2,2,Correct,0.0653268632044636,round,,D_local,S_final,10,10,22
gpt-4o,S3,56,2,3,Correct,0.0873363631308762,round,,D_local,S_final,10,10,22
gpt-4o,S3,57,1,1,Correct,-0.112923687553651,round,,D_local,S_final,10,10,22
gpt-4o,S3,57,1,2,Correct,-0.0766589797848841,round,,D_local,S_final,10,10,22
gpt-4o,S3,57,1,3,Correct,-0.1110519375517223,round,,D_local,S_final,10,10,22
gpt-4o,S3,57,2,1,Correct,-0.1635815378460596,round,,D_local,S_final,10,10,22
gpt-4o,S3,57,2,2,Correct,-0.1625747794504858,round,,D_local,S_final,10,10,22
gpt-4o,S3,57,2,3,Correct,-0.1322714573911354,round,,D_local,S_final,10,10,22
gpt-4o,S3,58,1,1,Correct,-0.017278000929328,round,,D_local,S_final,10,10,22
gpt-4o,S3,58,1,2,Correct,-0.0111843099541766,round,,D_local,S_final,10,10,22
gpt-4o,S3,58,1,3,Correct,-0.0211394220372743,round,,D_local,S_final,10,10,22
gpt-4o,S3,58,2,1,Correct,0.06077320823589,round,,D_local,S_final,10,10,22
gpt-4o,S3,58,2,2,Correct,0.0691152036244131,round,,D_local,S_final,10,10,22
gpt-4o,S3,58,2,3,Correct,0.0708524216535495,round,,D_local,S_final,10,10,22
gpt-4o,S3,59,1,1,Correct,-0.0496077783234607,round,,D_local,S_final,10,10,22
gpt-4o,S3,59,1,2,Correct,-0.0454047908128986,round,,D_local,S_final,10,10,22
gpt-4o,S3,59,1,3,Correct,-0.0356672039131168,round,,D_local,S_final,10,10,22
gpt-4o,S3,59,2,1,Correct,0.0875953246493428,round,,D_local,S_final,10,10,22
gpt-4o,S3,59,2,2,Correct,0.084841819139202,round,,D_local,S_final,10,10,22
gpt-4o,S3,59,2,3,Correct,0.0786269734715713,round,,D_local,S_final,10,10,22
gpt-4o,S3,60,1,1,Correct,-0.1578090261960799,round,,D_local,S_final,10,10,22
gpt-4o,S3,60,1,2,Correct,-0.1356447229359786,round,,D_local,S_final,10,10,22
gpt-4o,S3,60,1,3,Correct,-0.1014631449403193,round,,D_local,S_final,10,10,22
gpt-4o,S3,60,2,1,Correct,0.0695660719896851,round,,D_local,S_final,10,10,22
gpt-4o,S3,60,2,2,Correct,0.105191431533269,round,,D_local,S_final,10,10,22
gpt-4o,S3,60,2,3,Correct,0.0863949393019859,round,,D_local,S_final,10,10,22
gpt-4o,S3,61,1,1,Correct,-0.0866324459601197,round,,D_local,S_final,10,10,22
gpt-4o,S3,61,1,2,Correct,-0.0874268364492951,round,,D_local,S_final,10,10,22
gpt-4o,S3,61,1,3,Correct,-0.1105323615462013,round,,D_local,S_final,10,10,22
gpt-4o,S3,61,2,1,Correct,0.1335498633840885,round,,D_local,S_final,10,10,22
gpt-4o,S3,61,2,2,Correct,0.1277259637325252,round,,D_local,S_final,10,10,22
gpt-4o,S3,61,2,3,Correct,0.1328716962016185,round,,D_local,S_final,10,10,22
gpt-4o,S3,62,1,1,Correct,0.0780504291074497,round,,D_local,S_final,10,10,22
gpt-4o,S3,62,1,2,Correct,0.0270882089160094,round,,D_local,S_final,10,10,22
gpt-4o,S3,62,1,3,Correct,0.0329376858425141,round,,D_local,S_final,10,10,22
gpt-4o,S3,62,2,1,Correct,0.0151175125739861,round,,D_local,S_final,10,10,22
gpt-4o,S3,62,2,2,Correct,0.023295406246472,round,,D_local,S_final,10,10,22
gpt-4o,S3,62,2,3,Correct,0.0248830568501782,round,,D_local,S_final,10,10,22
gpt-4o,S3,63,1,1,Correct,0.0277027985725047,round,,D_local,S_final,10,10,22
gpt-4o,S3,63,1,2,Correct,0.0445053792190281,round,,D_local,S_final,10,10,22
gpt-4o,S3,63,1,3,Correct,0.0268691582059004,round,,D_local,S_final,10,10,22
gpt-4o,S3,63,2,1,Correct,0.0133796254540941,round,,D_local,S_final,10,10,22
gpt-4o,S3,63,2,2,Correct,0.0260111610976042,round,,D_local,S_final,10,10,22
gpt-4o,S3,63,2,3,Correct,0.0155680060141405,round,,D_local,S_final,10,10,22
gpt-4o,S3,64,1,1,Correct,0.0349658506246745,round,,D_local,S_final,10,10,22
gpt-4o,S3,64,1,2,Correct,0.0072096185296689,round,,D_local,S_final,10,10,22
gpt-4o,S3,64,1,3,Wrong,0.0008219567178263,round,,D_local,S_final,10,10,22
gpt-4o,S3,64,2,1,Wrong,0.0304224133642163,round,,D_local,S_final,10,10,22
gpt-4o,S3,64,2,2,Wrong,-0.0121384999218653,round,,D_local,S_final,10,10,22
gpt-4o,S3,64,2,3,Correct,0.0229851924024261,round,,D_local,S_final,10,10,22
grok-4.3,S0,1,1,1,Correct,0.0937467561083341,round,,D_local,S_final,10,10,22
grok-4.3,S0,1,1,2,Correct,0.1119303497194772,round,,D_local,S_final,10,10,22
grok-4.3,S0,1,1,3,Correct,0.1062925187487551,round,,D_local,S_final,10,10,22
grok-4.3,S0,1,2,1,Correct,0.0172769926074914,round,,D_local,S_final,10,10,22
grok-4.3,S0,1,2,2,Correct,0.0116502285497975,round,,D_local,S_final,10,10,22
grok-4.3,S0,1,2,3,Wrong,-0.004794332554855,round,,D_local,S_final,10,10,22
grok-4.3,S0,1,3,1,Wrong,-0.0020346055323894,round,,D_local,S_final,10,10,22
grok-4.3,S0,1,3,2,Wrong,-0.0197233752262597,round,,D_local,S_final,10,10,22
grok-4.3,S0,1,3,3,Wrong,-0.007818960112188,round,,D_local,S_final,10,10,22
grok-4.3,S0,1,4,1,Correct,0.0571765823613608,round,,D_local,S_final,10,10,22
grok-4.3,S0,1,4,2,Correct,0.0780795157808114,round,,D_local,S_final,10,10,22
grok-4.3,S0,1,4,3,Correct,0.0571385587120238,round,,D_local,S_final,10,10,22
grok-4.3,S0,1,5,1,Wrong,0.003979719442098,round,,D_local,S_final,10,10,22
grok-4.3,S0,1,5,2,Wrong,0.0291624871046879,round,,D_local,S_final,10,10,22
grok-4.3,S0,1,5,3,Wrong,0.0148906880522209,round,,D_local,S_final,10,10,22
grok-4.3,S0,2,1,1,Wrong,0.2027725562412562,round,,D_local,S_final,10,10,22
grok-4.3,S0,2,1,2,Wrong,0.1814907667608796,round,,D_local,S_final,10,10,22
grok-4.3,S0,2,1,3,Wrong,0.1728742618432648,round,,D_local,S_final,10,10,22
grok-4.3,S0,3,1,1,Correct,0.1901411028260939,round,,D_local,S_final,10,10,22
grok-4.3,S0,3,1,2,Wrong,0.1733052551116348,round,,D_local,S_final,10,10,22
grok-4.3,S0,3,1,3,Wrong,0.2152559827585369,round,,D_local,S_final,10,10,22
grok-4.3,S0,3,2,1,Correct,0.1983732785033893,round,,D_local,S_final,10,10,22
grok-4.3,S0,3,2,2,Correct,0.2473333569172716,round,,D_local,S_final,10,10,22
grok-4.3,S0,3,2,3,Correct,0.2157448988194099,round,,D_local,S_final,10,10,22
grok-4.3,S0,4,1,1,Correct,0.1377827085590725,round,,D_local,S_final,10,10,22
grok-4.3,S0,4,1,2,Correct,0.1506442085058327,round,,D_local,S_final,10,10,22
grok-4.3,S0,4,1,3,Wrong,0.1051268278568333,round,,D_local,S_final,10,10,22
grok-4.3,S0,4,2,1,Correct,0.1257939784221178,round,,D_local,S_final,10,10,22
grok-4.3,S0,4,2,2,Correct,0.1001367279700605,round,,D_local,S_final,10,10,22
grok-4.3,S0,4,2,3,Correct,0.1103761229327832,round,,D_local,S_final,10,10,22
grok-4.3,S0,4,3,1,Correct,0.0677752009296182,round,,D_local,S_final,10,10,22
grok-4.3,S0,4,3,2,Correct,0.0913937871593788,round,,D_local,S_final,10,10,22
grok-4.3,S0,4,3,3,Correct,0.096727658917103,round,,D_local,S_final,10,10,22
grok-4.3,S0,5,1,1,Correct,0.1010062441274841,round,,D_local,S_final,10,10,22
grok-4.3,S0,5,1,2,Wrong,0.0927936744932188,round,,D_local,S_final,10,10,22
grok-4.3,S0,5,1,3,Correct,0.0955729514293771,round,,D_local,S_final,10,10,22
grok-4.3,S0,5,2,1,Correct,0.0732443703173499,round,,D_local,S_final,10,10,22
grok-4.3,S0,5,2,2,Correct,0.0923507827510753,round,,D_local,S_final,10,10,22
grok-4.3,S0,5,2,3,Correct,0.0996367767330193,round,,D_local,S_final,10,10,22
grok-4.3,S0,5,3,1,Wrong,0.0665715978902602,round,,D_local,S_final,10,10,22
grok-4.3,S0,5,3,2,Wrong,0.0791288371799521,round,,D_local,S_final,10,10,22
grok-4.3,S0,5,3,3,Wrong,0.0806972584452873,round,,D_local,S_final,10,10,22
grok-4.3,S0,6,1,1,Correct,0.0722715833499059,round,,D_local,S_final,10,10,22
grok-4.3,S0,6,1,2,Wrong,0.0809297040651084,round,,D_local,S_final,10,10,22
grok-4.3,S0,6,1,3,Correct,0.0887659746980424,round,,D_local,S_final,10,10,22
grok-4.3,S0,6,2,1,Correct,0.0664670353125111,round,,D_local,S_final,10,10,22
grok-4.3,S0,6,2,2,Correct,0.0304766303757078,round,,D_local,S_final,10,10,22
grok-4.3,S0,6,2,3,Correct,0.0223191881746701,round,,D_local,S_final,10,10,22
grok-4.3,S0,6,3,1,Correct,0.0539472265249383,round,,D_local,S_final,10,10,22
grok-4.3,S0,6,3,2,Correct,0.0976751446220285,round,,D_local,S_final,10,10,22
grok-4.3,S0,6,3,3,Correct,0.0660308234939601,round,,D_local,S_final,10,10,22
grok-4.3,S0,7,1,1,Correct,0.0962593493245836,round,,D_local,S_final,10,10,22
grok-4.3,S0,7,1,2,Correct,0.1008342833264215,round,,D_local,S_final,10,10,22
grok-4.3,S0,7,1,3,Correct,0.1146241732848616,round,,D_local,S_final,10,10,22
grok-4.3,S0,7,2,1,Wrong,0.096594116436697,round,,D_local,S_final,10,10,22
grok-4.3,S0,7,2,2,Wrong,0.1102033724032675,round,,D_local,S_final,10,10,22
grok-4.3,S0,7,2,3,Wrong,0.1220147620194493,round,,D_local,S_final,10,10,22
grok-4.3,S0,7,3,1,Wrong,-0.0190445654422835,round,,D_local,S_final,10,10,22
grok-4.3,S0,7,3,2,Wrong,-0.0130648766220627,round,,D_local,S_final,10,10,22
grok-4.3,S0,7,3,3,Wrong,-0.0111614523590644,round,,D_local,S_final,10,10,22
grok-4.3,S0,7,4,1,Correct,0.0222862888405253,round,,D_local,S_final,10,10,22
grok-4.3,S0,7,4,2,Correct,0.0251731790093238,round,,D_local,S_final,10,10,22
grok-4.3,S0,7,4,3,Correct,0.0226546587351006,round,,D_local,S_final,10,10,22
grok-4.3,S0,7,5,1,Correct,0.0528813467071357,round,,D_local,S_final,10,10,22
grok-4.3,S0,7,5,2,Correct,0.0911439298606078,round,,D_local,S_final,10,10,22
grok-4.3,S0,7,5,3,Correct,0.058865092106603,round,,D_local,S_final,10,10,22
grok-4.3,S0,7,6,1,Wrong,0.0022958218103443,round,,D_local,S_final,10,10,22
grok-4.3,S0,7,6,2,Wrong,-0.0241110498390347,round,,D_local,S_final,10,10,22
grok-4.3,S0,7,6,3,Wrong,-0.0263929156667855,round,,D_local,S_final,10,10,22
grok-4.3,S0,7,7,1,Wrong,0.0804214193706057,round,,D_local,S_final,10,10,22
grok-4.3,S0,7,7,2,Wrong,0.072599665403,round,,D_local,S_final,10,10,22
grok-4.3,S0,7,7,3,Wrong,0.0554786993542369,round,,D_local,S_final,10,10,22
grok-4.3,S0,7,8,1,Correct,0.0263736887153899,round,,D_local,S_final,10,10,22
grok-4.3,S0,7,8,2,Correct,0.0874818537286686,round,,D_local,S_final,10,10,22
grok-4.3,S0,7,8,3,Correct,0.0538682093367743,round,,D_local,S_final,10,10,22
grok-4.3,S0,7,9,1,Correct,0.0985471452918347,round,,D_local,S_final,10,10,22
grok-4.3,S0,7,9,2,Correct,0.1138462198642822,round,,D_local,S_final,10,10,22
grok-4.3,S0,7,9,3,Correct,0.0864561495036361,round,,D_local,S_final,10,10,22
grok-4.3,S0,7,10,1,Wrong,-0.0097307159624624,round,,D_local,S_final,10,10,22
grok-4.3,S0,7,10,2,Wrong,-0.0614818869998721,round,,D_local,S_final,10,10,22
grok-4.3,S0,7,10,3,Wrong,-0.0281701179803559,round,,D_local,S_final,10,10,22
grok-4.3,S0,7,11,1,Correct,0.0669415730499055,round,,D_local,S_final,10,10,22
grok-4.3,S0,7,11,2,Correct,0.0980892562783434,round,,D_local,S_final,10,10,22
grok-4.3,S0,7,11,3,Wrong,0.0763287426675795,round,,D_local,S_final,10,10,22
grok-4.3,S0,8,1,1,Correct,0.0907274539037605,round,,D_local,S_final,10,10,22
grok-4.3,S0,8,1,2,Wrong,0.0660222770509589,round,,D_local,S_final,10,10,22
grok-4.3,S0,8,1,3,Correct,0.0746157580988545,round,,D_local,S_final,10,10,22
grok-4.3,S0,8,2,1,Wrong,0.0074860957805069,round,,D_local,S_final,10,10,22
grok-4.3,S0,8,2,2,Wrong,0.0070740783892048,round,,D_local,S_final,10,10,22
grok-4.3,S0,8,2,3,Wrong,0.0284845702573462,round,,D_local,S_final,10,10,22
grok-4.3,S0,8,3,1,Correct,0.0673213536825539,round,,D_local,S_final,10,10,22
grok-4.3,S0,8,3,2,Correct,0.1051042450384824,round,,D_local,S_final,10,10,22
grok-4.3,S0,8,3,3,Correct,0.0625249669680751,round,,D_local,S_final,10,10,22
grok-4.3,S0,8,4,1,Correct,-0.0035646387436071,round,,D_local,S_final,10,10,22
grok-4.3,S0,8,4,2,Correct,-0.0031236329775995,round,,D_local,S_final,10,10,22
grok-4.3,S0,8,4,3,Correct,-0.027081778025272,round,,D_local,S_final,10,10,22
grok-4.3,S0,9,1,1,Correct,0.0367824234084753,round,,D_local,S_final,10,10,22
grok-4.3,S0,9,1,2,Correct,0.0544054795792172,round,,D_local,S_final,10,10,22
grok-4.3,S0,9,1,3,Correct,0.0576568529591751,round,,D_local,S_final,10,10,22
grok-4.3,S0,9,2,1,Wrong,0.0606879099373449,round,,D_local,S_final,10,10,22
grok-4.3,S0,9,2,2,Wrong,0.0912191497152224,round,,D_local,S_final,10,10,22
grok-4.3,S0,9,2,3,Wrong,0.0538981106720213,round,,D_local,S_final,10,10,22
grok-4.3,S0,9,3,1,Wrong,0.0730217228447145,round,,D_local,S_final,10,10,22
grok-4.3,S0,9,3,2,Wrong,0.0737107745071689,round,,D_local,S_final,10,10,22
grok-4.3,S0,9,3,3,Wrong,0.0613325742738628,round,,D_local,S_final,10,10,22
grok-4.3,S0,10,1,1,Correct,0.1199094931668121,round,,D_local,S_final,10,10,22
grok-4.3,S0,10,1,2,Correct,0.0903024549787359,round,,D_local,S_final,10,10,22
grok-4.3,S0,10,1,3,Correct,0.1319624692984724,round,,D_local,S_final,10,10,22
grok-4.3,S0,10,2,1,Correct,0.1408087405189144,round,,D_local,S_final,10,10,22
grok-4.3,S0,10,2,2,Correct,0.133583382893683,round,,D_local,S_final,10,10,22
grok-4.3,S0,10,2,3,Correct,0.1459061354870591,round,,D_local,S_final,10,10,22
grok-4.3,S0,11,1,1,Correct,-0.0238588678374463,round,,D_local,S_final,10,10,22
grok-4.3,S0,11,1,2,Wrong,0.0218104097370134,round,,D_local,S_final,10,10,22
grok-4.3,S0,11,1,3,Correct,0.0251393179765567,round,,D_local,S_final,10,10,22
grok-4.3,S0,12,1,1,Wrong,-0.0015153539355879,round,,D_local,S_final,10,10,22
grok-4.3,S0,12,1,2,Wrong,0.0085167192028232,round,,D_local,S_final,10,10,22
grok-4.3,S0,12,1,3,Wrong,-0.0195610279145594,round,,D_local,S_final,10,10,22
grok-4.3,S0,13,1,1,Correct,0.2189829969275304,round,,D_local,S_final,10,10,22
grok-4.3,S0,13,1,2,Correct,0.1599533134335119,round,,D_local,S_final,10,10,22
grok-4.3,S0,13,1,3,Correct,0.2044179413928448,round,,D_local,S_final,10,10,22
grok-4.3,S0,13,2,1,Correct,0.0533988904070014,round,,D_local,S_final,10,10,22
grok-4.3,S0,13,2,2,Correct,0.0382060210348664,round,,D_local,S_final,10,10,22
grok-4.3,S0,13,2,3,Correct,0.0594462935290687,round,,D_local,S_final,10,10,22
grok-4.3,S0,13,3,1,Wrong,0.0168306234370331,round,,D_local,S_final,10,10,22
grok-4.3,S0,13,3,2,Wrong,0.0656985008164118,round,,D_local,S_final,10,10,22
grok-4.3,S0,13,3,3,Correct,0.0442774023137155,round,,D_local,S_final,10,10,22
grok-4.3,S0,14,1,1,Wrong,-0.0048269558689473,round,,D_local,S_final,10,10,22
grok-4.3,S0,14,1,2,Wrong,-0.0045889487623751,round,,D_local,S_final,10,10,22
grok-4.3,S0,14,1,3,Wrong,-0.0285675236452914,round,,D_local,S_final,10,10,22
grok-4.3,S0,15,1,1,Wrong,-0.1251297959855687,round,,D_local,S_final,10,10,22
grok-4.3,S0,15,1,2,Wrong,-0.1404633238743631,round,,D_local,S_final,10,10,22
grok-4.3,S0,15,1,3,Wrong,-0.1435456968493749,round,,D_local,S_final,10,10,22
grok-4.3,S0,16,1,1,Correct,0.1109806178753355,round,,D_local,S_final,10,10,22
grok-4.3,S0,16,1,2,Correct,0.1049785814351128,round,,D_local,S_final,10,10,22
grok-4.3,S0,16,1,3,Correct,0.1235320013854812,round,,D_local,S_final,10,10,22
grok-4.3,S0,17,1,1,Wrong,-0.0504868222415716,round,,D_local,S_final,10,10,22
grok-4.3,S0,17,1,2,Wrong,-0.0446653363405048,round,,D_local,S_final,10,10,22
grok-4.3,S0,17,1,3,Wrong,-0.0567128005187255,round,,D_local,S_final,10,10,22
grok-4.3,S0,18,1,1,Correct,0.1867329967074151,round,,D_local,S_final,10,10,22
grok-4.3,S0,18,1,2,Correct,0.1852537236356078,round,,D_local,S_final,10,10,22
grok-4.3,S0,18,1,3,Correct,0.1847393022557744,round,,D_local,S_final,10,10,22
grok-4.3,S0,19,1,1,Correct,0.0085252686002206,round,,D_local,S_final,10,10,22
grok-4.3,S0,19,1,2,Correct,-0.0112277494407447,round,,D_local,S_final,10,10,22
grok-4.3,S0,19,1,3,Correct,0.003797819057199,round,,D_local,S_final,10,10,22
grok-4.3,S0,20,1,1,Correct,0.1682954443179475,round,,D_local,S_final,10,10,22
grok-4.3,S0,20,1,2,Correct,0.1258244255383372,round,,D_local,S_final,10,10,22
grok-4.3,S0,20,1,3,Correct,0.1283996875318593,round,,D_local,S_final,10,10,22
grok-4.3,S0,21,1,1,Correct,0.096195651735763,round,,D_local,S_final,10,10,22
grok-4.3,S0,21,1,2,Correct,0.1100665217110938,round,,D_local,S_final,10,10,22
grok-4.3,S0,21,1,3,Correct,0.1047044445195304,round,,D_local,S_final,10,10,22
grok-4.3,S0,22,1,1,Wrong,0.0525051377888755,round,,D_local,S_final,10,10,22
grok-4.3,S0,22,1,2,Wrong,0.039522912679224,round,,D_local,S_final,10,10,22
grok-4.3,S0,22,1,3,Wrong,0.0512726037292122,round,,D_local,S_final,10,10,22
grok-4.3,S0,23,1,1,Wrong,0.1068905337009686,round,,D_local,S_final,10,10,22
grok-4.3,S0,23,1,2,Wrong,0.0776079083733115,round,,D_local,S_final,10,10,22
grok-4.3,S0,23,1,3,Wrong,0.0948907971042334,round,,D_local,S_final,10,10,22
grok-4.3,S0,24,1,1,Wrong,0.0180157147598619,round,,D_local,S_final,10,10,22
grok-4.3,S0,24,1,2,Wrong,-0.0007234686435232,round,,D_local,S_final,10,10,22
grok-4.3,S0,24,1,3,Wrong,0.0257834586067605,round,,D_local,S_final,10,10,22
grok-4.3,S0,25,1,1,Correct,-0.0838093238180529,round,,D_local,S_final,10,10,22
grok-4.3,S0,25,1,2,Correct,-0.0451062689319485,round,,D_local,S_final,10,10,22
grok-4.3,S0,25,1,3,Correct,-0.0363265609857055,round,,D_local,S_final,10,10,22
grok-4.3,S0,25,2,1,Correct,0.1124035564607052,round,,D_local,S_final,10,10,22
grok-4.3,S0,25,2,2,Correct,0.0736358469834548,round,,D_local,S_final,10,10,22
grok-4.3,S0,25,2,3,Correct,0.1026871310694313,round,,D_local,S_final,10,10,22
grok-4.3,S0,26,1,1,Correct,0.1258753619660216,round,,D_local,S_final,10,10,22
grok-4.3,S0,26,1,2,Correct,0.1197404603332087,round,,D_local,S_final,10,10,22
grok-4.3,S0,26,1,3,Correct,0.1625969134941077,round,,D_local,S_final,10,10,22
grok-4.3,S0,26,2,1,Wrong,-0.0669648456002955,round,,D_local,S_final,10,10,22
grok-4.3,S0,26,2,2,Wrong,-0.0622806476640324,round,,D_local,S_final,10,10,22
grok-4.3,S0,26,2,3,Wrong,-0.0214671812128761,round,,D_local,S_final,10,10,22
grok-4.3,S0,26,3,1,Wrong,-0.0383164805983171,round,,D_local,S_final,10,10,22
grok-4.3,S0,26,3,2,Wrong,-0.0698737846459863,round,,D_local,S_final,10,10,22
grok-4.3,S0,26,3,3,Wrong,-0.0429170565409081,round,,D_local,S_final,10,10,22
grok-4.3,S0,26,4,1,Correct,0.1252799664808107,round,,D_local,S_final,10,10,22
grok-4.3,S0,26,4,2,Correct,0.1719850506311832,round,,D_local,S_final,10,10,22
grok-4.3,S0,26,4,3,Correct,0.1725015745902436,round,,D_local,S_final,10,10,22
grok-4.3,S0,27,1,1,Correct,0.0561786100318912,round,,D_local,S_final,10,10,22
grok-4.3,S0,27,1,2,Correct,0.0657737356895658,round,,D_local,S_final,10,10,22
grok-4.3,S0,27,1,3,Correct,0.065481478631039,round,,D_local,S_final,10,10,22
grok-4.3,S0,27,2,1,Correct,-0.0543838841102871,round,,D_local,S_final,10,10,22
grok-4.3,S0,27,2,2,Correct,-0.0567015340356822,round,,D_local,S_final,10,10,22
grok-4.3,S0,27,2,3,Wrong,-0.0670086469692564,round,,D_local,S_final,10,10,22
grok-4.3,S0,27,3,1,Correct,-0.056846860011625,round,,D_local,S_final,10,10,22
grok-4.3,S0,27,3,2,Wrong,-0.0322837961260167,round,,D_local,S_final,10,10,22
grok-4.3,S0,27,3,3,Wrong,-0.0618867654091184,round,,D_local,S_final,10,10,22
grok-4.3,S0,27,4,1,Correct,0.1702377985992726,round,,D_local,S_final,10,10,22
grok-4.3,S0,27,4,2,Correct,0.195230327915925,round,,D_local,S_final,10,10,22
grok-4.3,S0,27,4,3,Correct,0.1748503538535374,round,,D_local,S_final,10,10,22
grok-4.3,S0,28,1,1,Wrong,0.0329864367515329,round,,D_local,S_final,10,10,22
grok-4.3,S0,28,1,2,Correct,0.0435903934720166,round,,D_local,S_final,10,10,22
grok-4.3,S0,28,1,3,Correct,0.0518681692609983,round,,D_local,S_final,10,10,22
grok-4.3,S0,28,2,1,Correct,-0.0349175359649811,round,,D_local,S_final,10,10,22
grok-4.3,S0,28,2,2,Correct,-0.0848710927966825,round,,D_local,S_final,10,10,22
grok-4.3,S0,28,2,3,Correct,-0.0804322045005156,round,,D_local,S_final,10,10,22
grok-4.3,S0,29,1,1,Correct,0.0899377499513649,round,,D_local,S_final,10,10,22
grok-4.3,S0,29,1,2,Correct,0.1692656300401924,round,,D_local,S_final,10,10,22
grok-4.3,S0,29,1,3,Wrong,0.1149366009131267,round,,D_local,S_final,10,10,22
grok-4.3,S0,29,2,1,Correct,-0.0970108606170236,round,,D_local,S_final,10,10,22
grok-4.3,S0,29,2,2,Correct,-0.0619779352588111,round,,D_local,S_final,10,10,22
grok-4.3,S0,29,2,3,Correct,-0.1030017075035856,round,,D_local,S_final,10,10,22
grok-4.3,S0,30,1,1,Correct,0.0283975923300671,round,,D_local,S_final,10,10,22
grok-4.3,S0,30,1,2,Correct,0.0414893802993412,round,,D_local,S_final,10,10,22
grok-4.3,S0,30,1,3,Correct,0.0479291953015588,round,,D_local,S_final,10,10,22
grok-4.3,S0,30,2,1,Correct,-0.0844592550676354,round,,D_local,S_final,10,10,22
grok-4.3,S0,30,2,2,Correct,-0.0740030879270379,round,,D_local,S_final,10,10,22
grok-4.3,S0,30,2,3,Correct,-0.092997403976452,round,,D_local,S_final,10,10,22
grok-4.3,S0,31,1,1,Correct,0.1603463038074013,round,,D_local,S_final,10,10,22
grok-4.3,S0,31,1,2,Correct,0.1503770483824998,round,,D_local,S_final,10,10,22
grok-4.3,S0,31,1,3,Correct,0.1701039119429317,round,,D_local,S_final,10,10,22
grok-4.3,S0,32,1,1,Wrong,0.0126147220884678,round,,D_local,S_final,10,10,22
grok-4.3,S0,32,1,2,Wrong,0.0056600099086487,round,,D_local,S_final,10,10,22
grok-4.3,S0,32,1,3,Wrong,0.0202092141290032,round,,D_local,S_final,10,10,22
grok-4.3,S0,33,1,1,Wrong,0.0591714982393388,round,,D_local,S_final,10,10,22
grok-4.3,S0,33,1,2,Wrong,0.034104581694585,round,,D_local,S_final,10,10,22
grok-4.3,S0,33,1,3,Correct,0.104833064466365,round,,D_local,S_final,10,10,22
grok-4.3,S0,34,1,1,Wrong,0.0246704467525303,round,,D_local,S_final,10,10,22
grok-4.3,S0,34,1,2,Correct,-0.0209056419482025,round,,D_local,S_final,10,10,22
grok-4.3,S0,34,1,3,Correct,-0.0194060491336459,round,,D_local,S_final,10,10,22
grok-4.3,S0,35,1,1,Correct,0.0663625156214022,round,,D_local,S_final,10,10,22
grok-4.3,S0,35,1,2,Wrong,0.0326072364733055,round,,D_local,S_final,10,10,22
grok-4.3,S0,35,1,3,Wrong,0.0175832542703258,round,,D_local,S_final,10,10,22
grok-4.3,S0,36,1,1,Correct,0.1134319632834757,round,,D_local,S_final,10,10,22
grok-4.3,S0,36,1,2,Correct,0.1201912863547896,round,,D_local,S_final,10,10,22
grok-4.3,S0,36,1,3,Correct,0.0966036583908318,round,,D_local,S_final,10,10,22
grok-4.3,S0,36,2,1,Wrong,0.0063839039803236,round,,D_local,S_final,10,10,22
grok-4.3,S0,36,2,2,Correct,0.0219302292243113,round,,D_local,S_final,10,10,22
grok-4.3,S0,36,2,3,Wrong,-0.0185058059487085,round,,D_local,S_final,10,10,22
grok-4.3,S0,36,3,1,Correct,0.0259894165822279,round,,D_local,S_final,10,10,22
grok-4.3,S0,36,3,2,Correct,0.0340771381107872,round,,D_local,S_final,10,10,22
grok-4.3,S0,36,3,3,Correct,0.0151529498849883,round,,D_local,S_final,10,10,22
grok-4.3,S0,37,1,1,Wrong,-0.0362520444916651,round,,D_local,S_final,10,10,22
grok-4.3,S0,37,1,2,Wrong,-0.0360133237873678,round,,D_local,S_final,10,10,22
grok-4.3,S0,37,1,3,Wrong,-0.0194563173652529,round,,D_local,S_final,10,10,22
grok-4.3,S0,37,2,1,Correct,0.0334587317103443,round,,D_local,S_final,10,10,22
grok-4.3,S0,37,2,2,Correct,0.0675164221462619,round,,D_local,S_final,10,10,22
grok-4.3,S0,37,2,3,Correct,0.0785476714859039,round,,D_local,S_final,10,10,22
grok-4.3,S0,38,1,1,Wrong,-0.0827847600960356,round,,D_local,S_final,10,10,22
grok-4.3,S0,38,1,2,Wrong,-0.1524322222979126,round,,D_local,S_final,10,10,22
grok-4.3,S0,38,1,3,Wrong,-0.1287609936582487,round,,D_local,S_final,10,10,22
grok-4.3,S0,38,2,1,Wrong,-0.1564039729218929,round,,D_local,S_final,10,10,22
grok-4.3,S0,38,2,2,Wrong,-0.1595018931019226,round,,D_local,S_final,10,10,22
grok-4.3,S0,38,2,3,Wrong,-0.1413546076149547,round,,D_local,S_final,10,10,22
grok-4.3,S0,39,1,1,Correct,-0.0029703542494133,round,,D_local,S_final,10,10,22
grok-4.3,S0,39,1,2,Wrong,-0.069089704211709,round,,D_local,S_final,10,10,22
grok-4.3,S0,39,1,3,Correct,-0.0261315104872853,round,,D_local,S_final,10,10,22
grok-4.3,S0,39,2,1,Wrong,0.1529977377705436,round,,D_local,S_final,10,10,22
grok-4.3,S0,39,2,2,Wrong,0.127194313593,round,,D_local,S_final,10,10,22
grok-4.3,S0,39,2,3,Wrong,0.1453858735915627,round,,D_local,S_final,10,10,22
grok-4.3,S0,40,1,1,Correct,0.0783497582945637,round,,D_local,S_final,10,10,22
grok-4.3,S0,40,1,2,Correct,0.0977854464273337,round,,D_local,S_final,10,10,22
grok-4.3,S0,40,1,3,Correct,0.097024944735273,round,,D_local,S_final,10,10,22
grok-4.3,S0,40,2,1,Correct,0.0821215166674241,round,,D_local,S_final,10,10,22
grok-4.3,S0,40,2,2,Correct,0.0808622691614164,round,,D_local,S_final,10,10,22
grok-4.3,S0,40,2,3,Correct,0.0646457844678011,round,,D_local,S_final,10,10,22
grok-4.3,S0,40,3,1,Correct,0.0487946532843848,round,,D_local,S_final,10,10,22
grok-4.3,S0,40,3,2,Correct,0.0510000662757843,round,,D_local,S_final,10,10,22
grok-4.3,S0,40,3,3,Correct,0.0943628414659323,round,,D_local,S_final,10,10,22
grok-4.3,S0,40,4,1,Wrong,0.0394583657674408,round,,D_local,S_final,10,10,22
grok-4.3,S0,40,4,2,Wrong,0.0508626262047758,round,,D_local,S_final,10,10,22
grok-4.3,S0,40,4,3,Wrong,0.0554937368943855,round,,D_local,S_final,10,10,22
grok-4.3,S0,40,5,1,Wrong,0.0938136299095119,round,,D_local,S_final,10,10,22
grok-4.3,S0,40,5,2,Wrong,0.0740973110195004,round,,D_local,S_final,10,10,22
grok-4.3,S0,40,5,3,Wrong,0.0823492561053513,round,,D_local,S_final,10,10,22
grok-4.3,S0,40,6,1,Correct,0.0080182996094417,round,,D_local,S_final,10,10,22
grok-4.3,S0,40,6,2,Correct,-0.0042783543865464,round,,D_local,S_final,10,10,22
grok-4.3,S0,40,6,3,Correct,0.0166205293310712,round,,D_local,S_final,10,10,22
grok-4.3,S0,41,1,1,Correct,0.0999724766982356,round,,D_local,S_final,10,10,22
grok-4.3,S0,41,1,2,Correct,0.0875859528990647,round,,D_local,S_final,10,10,22
grok-4.3,S0,41,1,3,Correct,0.1043805540055989,round,,D_local,S_final,10,10,22
grok-4.3,S0,42,1,1,Wrong,-0.0544262961275916,round,,D_local,S_final,10,10,22
grok-4.3,S0,42,1,2,Wrong,-0.0379593635708027,round,,D_local,S_final,10,10,22
grok-4.3,S0,42,1,3,Wrong,-0.0395872244661368,round,,D_local,S_final,10,10,22
grok-4.3,S0,43,1,1,Wrong,-0.0853098564951001,round,,D_local,S_final,10,10,22
grok-4.3,S0,43,1,2,Wrong,-0.0780188809131748,round,,D_local,S_final,10,10,22
grok-4.3,S0,43,1,3,Wrong,-0.0780319931957773,round,,D_local,S_final,10,10,22
grok-4.3,S0,44,1,1,Wrong,0.0644499440838477,round,,D_local,S_final,10,10,22
grok-4.3,S0,44,1,2,Wrong,0.0612928549831476,round,,D_local,S_final,10,10,22
grok-4.3,S0,44,1,3,Wrong,0.0759881603554155,round,,D_local,S_final,10,10,22
grok-4.3,S0,45,1,1,Correct,0.2115127372381856,round,,D_local,S_final,10,10,22
grok-4.3,S0,45,1,2,Wrong,0.1820862004612934,round,,D_local,S_final,10,10,22
grok-4.3,S0,45,1,3,Wrong,0.2099004593211018,round,,D_local,S_final,10,10,22
grok-4.3,S0,45,2,1,Wrong,-0.1148613059143368,round,,D_local,S_final,10,10,22
grok-4.3,S0,45,2,2,Wrong,-0.092894203331012,round,,D_local,S_final,10,10,22
grok-4.3,S0,45,2,3,Wrong,-0.1004683655074248,round,,D_local,S_final,10,10,22
grok-4.3,S0,45,3,1,Wrong,-0.0728686920542174,round,,D_local,S_final,10,10,22
grok-4.3,S0,45,3,2,Wrong,-0.0730142193058575,round,,D_local,S_final,10,10,22
grok-4.3,S0,45,3,3,Wrong,-0.0843994422613191,round,,D_local,S_final,10,10,22
grok-4.3,S0,46,1,1,Correct,0.130833505654944,round,,D_local,S_final,10,10,22
grok-4.3,S0,46,1,2,Correct,0.1338328780561564,round,,D_local,S_final,10,10,22
grok-4.3,S0,46,1,3,Correct,0.1243078200037223,round,,D_local,S_final,10,10,22
grok-4.3,S0,46,2,1,Correct,0.0588396000944428,round,,D_local,S_final,10,10,22
grok-4.3,S0,46,2,2,Correct,0.0534917356575062,round,,D_local,S_final,10,10,22
grok-4.3,S0,46,2,3,Correct,0.0585688229402775,round,,D_local,S_final,10,10,22
grok-4.3,S0,47,1,1,Correct,0.0897461084522813,round,,D_local,S_final,10,10,22
grok-4.3,S0,47,1,2,Correct,0.1251847743021631,round,,D_local,S_final,10,10,22
grok-4.3,S0,47,1,3,Correct,0.1142176010349776,round,,D_local,S_final,10,10,22
grok-4.3,S0,47,2,1,Correct,0.0029949017654384,round,,D_local,S_final,10,10,22
grok-4.3,S0,47,2,2,Correct,-0.0132711806958225,round,,D_local,S_final,10,10,22
grok-4.3,S0,47,2,3,Correct,-0.0051665442945215,round,,D_local,S_final,10,10,22
grok-4.3,S0,48,1,1,Correct,0.0902320028493998,round,,D_local,S_final,10,10,22
grok-4.3,S0,48,1,2,Correct,0.1215515322894452,round,,D_local,S_final,10,10,22
grok-4.3,S0,48,1,3,Correct,0.1085232909971014,round,,D_local,S_final,10,10,22
grok-4.3,S0,48,2,1,Correct,-0.0316621529832241,round,,D_local,S_final,10,10,22
grok-4.3,S0,48,2,2,Correct,-0.0819269824660545,round,,D_local,S_final,10,10,22
grok-4.3,S0,48,2,3,Correct,0.0262048959634475,round,,D_local,S_final,10,10,22
grok-4.3,S0,49,1,1,Correct,0.058456601124458,round,,D_local,S_final,10,10,22
grok-4.3,S0,49,1,2,Correct,0.0788316798788486,round,,D_local,S_final,10,10,22
grok-4.3,S0,49,1,3,Correct,0.0768824149132776,round,,D_local,S_final,10,10,22
grok-4.3,S0,50,1,1,Correct,0.0741727463762079,round,,D_local,S_final,10,10,22
grok-4.3,S0,50,1,2,Correct,0.0434600312523809,round,,D_local,S_final,10,10,22
grok-4.3,S0,50,1,3,Correct,0.0559906902230529,round,,D_local,S_final,10,10,22
grok-4.3,S0,51,1,1,Correct,0.1629507472524435,round,,D_local,S_final,10,10,22
grok-4.3,S0,51,1,2,Correct,0.1929377586681161,round,,D_local,S_final,10,10,22
grok-4.3,S0,51,1,3,Correct,0.1521288791162108,round,,D_local,S_final,10,10,22
grok-4.3,S0,52,1,1,Correct,0.1828095039247491,round,,D_local,S_final,10,10,22
grok-4.3,S0,52,1,2,Correct,0.1591187378727898,round,,D_local,S_final,10,10,22
grok-4.3,S0,52,1,3,Correct,0.134356405729296,round,,D_local,S_final,10,10,22
grok-4.3,S0,53,1,1,Wrong,0.0053527807718316,round,,D_local,S_final,10,10,22
grok-4.3,S0,53,1,2,Wrong,0.0101380829493648,round,,D_local,S_final,10,10,22
grok-4.3,S0,53,1,3,Wrong,0.0133114147970248,round,,D_local,S_final,10,10,22
grok-4.3,S0,53,2,1,Correct,0.0660126151362274,round,,D_local,S_final,10,10,22
grok-4.3,S0,53,2,2,Correct,0.0608648890353155,round,,D_local,S_final,10,10,22
grok-4.3,S0,53,2,3,Correct,0.0532728730164251,round,,D_local,S_final,10,10,22
grok-4.3,S0,54,1,1,Wrong,-0.1063702686024514,round,,D_local,S_final,10,10,22
grok-4.3,S0,54,1,2,Wrong,-0.095716623797825,round,,D_local,S_final,10,10,22
grok-4.3,S0,54,1,3,Wrong,-0.094038798294427,round,,D_local,S_final,10,10,22
grok-4.3,S0,54,2,1,Correct,0.0793941056123411,round,,D_local,S_final,10,10,22
grok-4.3,S0,54,2,2,Correct,0.0959049604466145,round,,D_local,S_final,10,10,22
grok-4.3,S0,54,2,3,Correct,0.0973547924112837,round,,D_local,S_final,10,10,22
grok-4.3,S0,55,1,1,Wrong,-0.0208509132061763,round,,D_local,S_final,10,10,22
grok-4.3,S0,55,1,2,Wrong,-0.0398926259236086,round,,D_local,S_final,10,10,22
grok-4.3,S0,55,1,3,Wrong,-0.0280717298397107,round,,D_local,S_final,10,10,22
grok-4.3,S0,55,2,1,Correct,0.1097462763485349,round,,D_local,S_final,10,10,22
grok-4.3,S0,55,2,2,Correct,0.0931803749616314,round,,D_local,S_final,10,10,22
grok-4.3,S0,55,2,3,Correct,0.0642912735553373,round,,D_local,S_final,10,10,22
grok-4.3,S0,56,1,1,Correct,0.0198574711436354,round,,D_local,S_final,10,10,22
grok-4.3,S0,56,1,2,Correct,0.0778790403218711,round,,D_local,S_final,10,10,22
grok-4.3,S0,56,1,3,Correct,0.0767174139965682,round,,D_local,S_final,10,10,22
grok-4.3,S0,56,2,1,Correct,0.042918890623904,round,,D_local,S_final,10,10,22
grok-4.3,S0,56,2,2,Correct,0.0542095243915823,round,,D_local,S_final,10,10,22
grok-4.3,S0,56,2,3,Correct,0.0599524756934733,round,,D_local,S_final,10,10,22
grok-4.3,S0,57,1,1,Correct,-0.0860415991913067,round,,D_local,S_final,10,10,22
grok-4.3,S0,57,1,2,Correct,-0.1238783767155766,round,,D_local,S_final,10,10,22
grok-4.3,S0,57,1,3,Wrong,-0.0927570394422696,round,,D_local,S_final,10,10,22
grok-4.3,S0,57,2,1,Wrong,-0.1914696860615012,round,,D_local,S_final,10,10,22
grok-4.3,S0,57,2,2,Wrong,-0.1677680296209617,round,,D_local,S_final,10,10,22
grok-4.3,S0,57,2,3,Wrong,-0.1219513536206082,round,,D_local,S_final,10,10,22
grok-4.3,S0,58,1,1,Wrong,-0.0207374641856517,round,,D_local,S_final,10,10,22
grok-4.3,S0,58,1,2,Wrong,-0.0036853880526545,round,,D_local,S_final,10,10,22
grok-4.3,S0,58,1,3,Wrong,-0.0165298780492879,round,,D_local,S_final,10,10,22
grok-4.3,S0,58,2,1,Correct,0.0839724561168605,round,,D_local,S_final,10,10,22
grok-4.3,S0,58,2,2,Correct,0.0888961640246689,round,,D_local,S_final,10,10,22
grok-4.3,S0,58,2,3,Correct,0.0875477474268406,round,,D_local,S_final,10,10,22
grok-4.3,S0,59,1,1,Wrong,-0.0614656298061749,round,,D_local,S_final,10,10,22
grok-4.3,S0,59,1,2,Correct,-0.0597200919823852,round,,D_local,S_final,10,10,22
grok-4.3,S0,59,1,3,Correct,-0.0357745759598988,round,,D_local,S_final,10,10,22
grok-4.3,S0,59,2,1,Correct,0.0654803159733347,round,,D_local,S_final,10,10,22
grok-4.3,S0,59,2,2,Correct,0.0626719464661305,round,,D_local,S_final,10,10,22
grok-4.3,S0,59,2,3,Correct,0.0794282471402556,round,,D_local,S_final,10,10,22
grok-4.3,S0,60,1,1,Wrong,-0.1040763391970917,round,,D_local,S_final,10,10,22
grok-4.3,S0,60,1,2,Correct,-0.0883392350489984,round,,D_local,S_final,10,10,22
grok-4.3,S0,60,1,3,Wrong,-0.0941133516887584,round,,D_local,S_final,10,10,22
grok-4.3,S0,60,2,1,Correct,0.0254703576661262,round,,D_local,S_final,10,10,22
grok-4.3,S0,60,2,2,Correct,0.0743046018159609,round,,D_local,S_final,10,10,22
grok-4.3,S0,60,2,3,Correct,0.051730597509649,round,,D_local,S_final,10,10,22
grok-4.3,S0,61,1,1,Wrong,-0.1050244173212862,round,,D_local,S_final,10,10,22
grok-4.3,S0,61,1,2,Correct,-0.0933051401683544,round,,D_local,S_final,10,10,22
grok-4.3,S0,61,1,3,Correct,-0.0835117096986389,round,,D_local,S_final,10,10,22
grok-4.3,S0,61,2,1,Correct,0.0476989523382457,round,,D_local,S_final,10,10,22
grok-4.3,S0,61,2,2,Correct,0.0924072220128658,round,,D_local,S_final,10,10,22
grok-4.3,S0,61,2,3,Correct,0.0758012264191743,round,,D_local,S_final,10,10,22
grok-4.3,S0,62,1,1,Wrong,-0.0124992551160815,round,,D_local,S_final,10,10,22
grok-4.3,S0,62,1,2,Correct,-0.006628297215352,round,,D_local,S_final,10,10,22
grok-4.3,S0,62,1,3,Wrong,-0.0214864220352124,round,,D_local,S_final,10,10,22
grok-4.3,S0,62,2,1,Wrong,-0.0303953735777472,round,,D_local,S_final,10,10,22
grok-4.3,S0,62,2,2,Wrong,-0.0148450878307458,round,,D_local,S_final,10,10,22
grok-4.3,S0,62,2,3,Wrong,-0.005825043984091,round,,D_local,S_final,10,10,22
grok-4.3,S0,63,1,1,Wrong,-0.0423077392579587,round,,D_local,S_final,10,10,22
grok-4.3,S0,63,1,2,Correct,0.0030071108008629,round,,D_local,S_final,10,10,22
grok-4.3,S0,63,1,3,Wrong,-0.0220993288140477,round,,D_local,S_final,10,10,22
grok-4.3,S0,63,2,1,Wrong,-0.0159955816671955,round,,D_local,S_final,10,10,22
grok-4.3,S0,63,2,2,Wrong,-0.0385760663017549,round,,D_local,S_final,10,10,22
grok-4.3,S0,63,2,3,Wrong,-0.0341444265651852,round,,D_local,S_final,10,10,22
grok-4.3,S0,64,1,1,Correct,0.0153001697621785,round,,D_local,S_final,10,10,22
grok-4.3,S0,64,1,2,Correct,-0.0101612352647763,round,,D_local,S_final,10,10,22
grok-4.3,S0,64,1,3,Correct,0.0275782646910717,round,,D_local,S_final,10,10,22
grok-4.3,S0,64,2,1,Correct,0.0913562055502611,round,,D_local,S_final,10,10,22
grok-4.3,S0,64,2,2,Correct,0.0156775643993595,round,,D_local,S_final,10,10,22
grok-4.3,S0,64,2,3,Correct,0.039500307080584,round,,D_local,S_final,10,10,22
grok-4.3,S1,1,1,1,Wrong,0.0626649646570649,round,,D_local,S_final,10,10,22
grok-4.3,S1,1,1,2,Wrong,0.0409543935946288,round,,D_local,S_final,10,10,22
grok-4.3,S1,1,1,3,Wrong,0.0456397991820943,round,,D_local,S_final,10,10,22
grok-4.3,S1,1,2,1,Correct,0.0460831690738906,round,,D_local,S_final,10,10,22
grok-4.3,S1,1,2,2,Correct,0.0391175716265949,round,,D_local,S_final,10,10,22
grok-4.3,S1,1,2,3,Correct,0.0151175585026847,round,,D_local,S_final,10,10,22
grok-4.3,S1,1,3,1,Correct,0.0232100453149396,round,,D_local,S_final,10,10,22
grok-4.3,S1,1,3,2,Correct,-0.0069268836120901,round,,D_local,S_final,10,10,22
grok-4.3,S1,1,3,3,Correct,-0.0281171172648905,round,,D_local,S_final,10,10,22
grok-4.3,S1,1,4,1,Wrong,0.0833740791162299,round,,D_local,S_final,10,10,22
grok-4.3,S1,1,4,2,Wrong,0.0604858304068328,round,,D_local,S_final,10,10,22
grok-4.3,S1,1,4,3,Wrong,0.0608342797201467,round,,D_local,S_final,10,10,22
grok-4.3,S1,1,5,1,Wrong,-0.000779649591883,round,,D_local,S_final,10,10,22
grok-4.3,S1,1,5,2,Correct,0.075857361811919,round,,D_local,S_final,10,10,22
grok-4.3,S1,1,5,3,Wrong,0.0361469425771383,round,,D_local,S_final,10,10,22
grok-4.3,S1,2,1,1,Correct,0.1950428752739935,round,,D_local,S_final,10,10,22
grok-4.3,S1,2,1,2,Correct,0.2121610825929666,round,,D_local,S_final,10,10,22
grok-4.3,S1,2,1,3,Correct,0.2071385931767646,round,,D_local,S_final,10,10,22
grok-4.3,S1,3,1,1,Wrong,0.1155198317673784,round,,D_local,S_final,10,10,22
grok-4.3,S1,3,1,2,Wrong,0.1350375797145573,round,,D_local,S_final,10,10,22
grok-4.3,S1,3,1,3,Wrong,0.1219047273690331,round,,D_local,S_final,10,10,22
grok-4.3,S1,3,2,1,Correct,0.2432666648402106,round,,D_local,S_final,10,10,22
grok-4.3,S1,3,2,2,Correct,0.2220185903665152,round,,D_local,S_final,10,10,22
grok-4.3,S1,3,2,3,Correct,0.2482804097484467,round,,D_local,S_final,10,10,22
grok-4.3,S1,4,1,1,Wrong,0.1157225469521977,round,,D_local,S_final,10,10,22
grok-4.3,S1,4,1,2,Wrong,0.0944550396483808,round,,D_local,S_final,10,10,22
grok-4.3,S1,4,1,3,Wrong,0.0942235195012467,round,,D_local,S_final,10,10,22
grok-4.3,S1,4,2,1,Wrong,0.0972645367591521,round,,D_local,S_final,10,10,22
grok-4.3,S1,4,2,2,Wrong,0.0887878535814927,round,,D_local,S_final,10,10,22
grok-4.3,S1,4,2,3,Wrong,0.0976109044229484,round,,D_local,S_final,10,10,22
grok-4.3,S1,4,3,1,Correct,0.084942511676784,round,,D_local,S_final,10,10,22
grok-4.3,S1,4,3,2,Correct,0.0920041019867199,round,,D_local,S_final,10,10,22
grok-4.3,S1,4,3,3,Correct,0.0627713450494666,round,,D_local,S_final,10,10,22
grok-4.3,S1,5,1,1,Wrong,0.0830997520551175,round,,D_local,S_final,10,10,22
grok-4.3,S1,5,1,2,Wrong,0.0483670212891624,round,,D_local,S_final,10,10,22
grok-4.3,S1,5,1,3,Wrong,0.0416153595432583,round,,D_local,S_final,10,10,22
grok-4.3,S1,5,2,1,Correct,0.0698996934797533,round,,D_local,S_final,10,10,22
grok-4.3,S1,5,2,2,Correct,0.0693971412251193,round,,D_local,S_final,10,10,22
grok-4.3,S1,5,2,3,Correct,0.0887091600277623,round,,D_local,S_final,10,10,22
grok-4.3,S1,5,3,1,Correct,0.0729121639554204,round,,D_local,S_final,10,10,22
grok-4.3,S1,5,3,2,Correct,0.0838370567616048,round,,D_local,S_final,10,10,22
grok-4.3,S1,5,3,3,Correct,0.081599012917835,round,,D_local,S_final,10,10,22
grok-4.3,S1,6,1,1,Correct,0.0761182209172275,round,,D_local,S_final,10,10,22
grok-4.3,S1,6,1,2,Correct,0.0857312416478166,round,,D_local,S_final,10,10,22
grok-4.3,S1,6,1,3,Correct,0.0763163064570868,round,,D_local,S_final,10,10,22
grok-4.3,S1,6,2,1,Wrong,-0.0428779752384318,round,,D_local,S_final,10,10,22
grok-4.3,S1,6,2,2,Wrong,-0.0062851276674465,round,,D_local,S_final,10,10,22
grok-4.3,S1,6,2,3,Wrong,-0.0208776046366548,round,,D_local,S_final,10,10,22
grok-4.3,S1,6,3,1,Correct,0.0835235447423569,round,,D_local,S_final,10,10,22
grok-4.3,S1,6,3,2,Correct,0.0821315121197979,round,,D_local,S_final,10,10,22
grok-4.3,S1,6,3,3,Correct,0.0877057115340728,round,,D_local,S_final,10,10,22
grok-4.3,S1,7,1,1,Correct,0.1142130887695389,round,,D_local,S_final,10,10,22
grok-4.3,S1,7,1,2,Correct,0.1007177281950378,round,,D_local,S_final,10,10,22
grok-4.3,S1,7,1,3,Wrong,0.1151488801538761,round,,D_local,S_final,10,10,22
grok-4.3,S1,7,2,1,Wrong,0.0943198367115878,round,,D_local,S_final,10,10,22
grok-4.3,S1,7,2,2,Correct,0.0906932115178658,round,,D_local,S_final,10,10,22
grok-4.3,S1,7,2,3,Correct,0.0951389851354055,round,,D_local,S_final,10,10,22
grok-4.3,S1,7,3,1,Wrong,-0.0163831114633276,round,,D_local,S_final,10,10,22
grok-4.3,S1,7,3,2,Wrong,-0.0293334077991277,round,,D_local,S_final,10,10,22
grok-4.3,S1,7,3,3,Wrong,-0.0216107699337,round,,D_local,S_final,10,10,22
grok-4.3,S1,7,4,1,Correct,0.0087787722476287,round,,D_local,S_final,10,10,22
grok-4.3,S1,7,4,2,Correct,-0.0088268045717183,round,,D_local,S_final,10,10,22
grok-4.3,S1,7,4,3,Correct,0.0157340609677578,round,,D_local,S_final,10,10,22
grok-4.3,S1,7,5,1,Correct,0.0938875939314475,round,,D_local,S_final,10,10,22
grok-4.3,S1,7,5,2,Correct,0.0667139610758108,round,,D_local,S_final,10,10,22
grok-4.3,S1,7,5,3,Correct,0.0677389209321586,round,,D_local,S_final,10,10,22
grok-4.3,S1,7,6,1,Wrong,-0.0602165601809011,round,,D_local,S_final,10,10,22
grok-4.3,S1,7,6,2,Wrong,-0.0607093234019209,round,,D_local,S_final,10,10,22
grok-4.3,S1,7,6,3,Wrong,-0.0494821844034719,round,,D_local,S_final,10,10,22
grok-4.3,S1,7,7,1,Wrong,0.0664850220861769,round,,D_local,S_final,10,10,22
grok-4.3,S1,7,7,2,Wrong,0.0772994965585868,round,,D_local,S_final,10,10,22
grok-4.3,S1,7,7,3,Wrong,0.0590305719039548,round,,D_local,S_final,10,10,22
grok-4.3,S1,7,8,1,Correct,0.062360811960322,round,,D_local,S_final,10,10,22
grok-4.3,S1,7,8,2,Correct,0.0445796102714632,round,,D_local,S_final,10,10,22
grok-4.3,S1,7,8,3,Correct,0.0290128628194384,round,,D_local,S_final,10,10,22
grok-4.3,S1,7,9,1,Correct,0.0887029582418928,round,,D_local,S_final,10,10,22
grok-4.3,S1,7,9,2,Correct,0.0884513812580248,round,,D_local,S_final,10,10,22
grok-4.3,S1,7,9,3,Correct,0.0933949633949647,round,,D_local,S_final,10,10,22
grok-4.3,S1,7,10,1,Wrong,-0.0222926095529212,round,,D_local,S_final,10,10,22
grok-4.3,S1,7,10,2,Wrong,-0.0117450840105231,round,,D_local,S_final,10,10,22
grok-4.3,S1,7,10,3,Wrong,-0.0425332864310358,round,,D_local,S_final,10,10,22
grok-4.3,S1,7,11,1,Wrong,0.0581828933172843,round,,D_local,S_final,10,10,22
grok-4.3,S1,7,11,2,Wrong,0.0844801736367334,round,,D_local,S_final,10,10,22
grok-4.3,S1,7,11,3,Wrong,0.0857708200054678,round,,D_local,S_final,10,10,22
grok-4.3,S1,8,1,1,Correct,0.0750048884786143,round,,D_local,S_final,10,10,22
grok-4.3,S1,8,1,2,Correct,0.0813545666700872,round,,D_local,S_final,10,10,22
grok-4.3,S1,8,1,3,Correct,0.0831894437671382,round,,D_local,S_final,10,10,22
grok-4.3,S1,8,2,1,Correct,0.0670606192203431,round,,D_local,S_final,10,10,22
grok-4.3,S1,8,2,2,Correct,0.0446178234696016,round,,D_local,S_final,10,10,22
grok-4.3,S1,8,2,3,Correct,0.0534021944671755,round,,D_local,S_final,10,10,22
grok-4.3,S1,8,3,1,Wrong,0.0138587923181136,round,,D_local,S_final,10,10,22
grok-4.3,S1,8,3,2,Wrong,0.0090578365740687,round,,D_local,S_final,10,10,22
grok-4.3,S1,8,3,3,Wrong,0.0175098609210634,round,,D_local,S_final,10,10,22
grok-4.3,S1,8,4,1,Wrong,-0.0275121563385972,round,,D_local,S_final,10,10,22
grok-4.3,S1,8,4,2,Wrong,-0.0444468968466855,round,,D_local,S_final,10,10,22
grok-4.3,S1,8,4,3,Wrong,-0.0500393620119413,round,,D_local,S_final,10,10,22
grok-4.3,S1,9,1,1,Correct,0.077521847983661,round,,D_local,S_final,10,10,22
grok-4.3,S1,9,1,2,Correct,0.079535591450447,round,,D_local,S_final,10,10,22
grok-4.3,S1,9,1,3,Correct,0.0801672963385653,round,,D_local,S_final,10,10,22
grok-4.3,S1,9,2,1,Wrong,0.0906119957429079,round,,D_local,S_final,10,10,22
grok-4.3,S1,9,2,2,Wrong,0.0809793761519717,round,,D_local,S_final,10,10,22
grok-4.3,S1,9,2,3,Wrong,0.0593407942911998,round,,D_local,S_final,10,10,22
grok-4.3,S1,9,3,1,Correct,0.0616725245361626,round,,D_local,S_final,10,10,22
grok-4.3,S1,9,3,2,Correct,0.0816479307660538,round,,D_local,S_final,10,10,22
grok-4.3,S1,9,3,3,Correct,0.0917558758955652,round,,D_local,S_final,10,10,22
grok-4.3,S1,10,1,1,Wrong,0.112281529888939,round,,D_local,S_final,10,10,22
grok-4.3,S1,10,1,2,Wrong,0.0853454598531893,round,,D_local,S_final,10,10,22
grok-4.3,S1,10,1,3,Wrong,0.0822508377952649,round,,D_local,S_final,10,10,22
grok-4.3,S1,10,2,1,Wrong,0.1090066146675187,round,,D_local,S_final,10,10,22
grok-4.3,S1,10,2,2,Wrong,0.1140760150494483,round,,D_local,S_final,10,10,22
grok-4.3,S1,10,2,3,Wrong,0.0998042700766864,round,,D_local,S_final,10,10,22
grok-4.3,S1,11,1,1,Wrong,-0.0069059902058088,round,,D_local,S_final,10,10,22
grok-4.3,S1,11,1,2,Wrong,-0.0167375328612235,round,,D_local,S_final,10,10,22
grok-4.3,S1,11,1,3,Wrong,-0.0180742992528648,round,,D_local,S_final,10,10,22
grok-4.3,S1,12,1,1,Wrong,-0.0267969112498263,round,,D_local,S_final,10,10,22
grok-4.3,S1,12,1,2,Wrong,-0.045886738450092,round,,D_local,S_final,10,10,22
grok-4.3,S1,12,1,3,Wrong,-0.0423104449029225,round,,D_local,S_final,10,10,22
grok-4.3,S1,13,1,1,Wrong,0.1066047030274387,round,,D_local,S_final,10,10,22
grok-4.3,S1,13,1,2,Wrong,0.0977760793720793,round,,D_local,S_final,10,10,22
grok-4.3,S1,13,1,3,Wrong,0.1171184396178922,round,,D_local,S_final,10,10,22
grok-4.3,S1,13,2,1,Correct,-0.0093537653274926,round,,D_local,S_final,10,10,22
grok-4.3,S1,13,2,2,Wrong,-0.0107561589240607,round,,D_local,S_final,10,10,22
grok-4.3,S1,13,2,3,Wrong,-0.0043496877980714,round,,D_local,S_final,10,10,22
grok-4.3,S1,13,3,1,Correct,0.0280990728004315,round,,D_local,S_final,10,10,22
grok-4.3,S1,13,3,2,Wrong,0.0313470224104973,round,,D_local,S_final,10,10,22
grok-4.3,S1,13,3,3,Wrong,0.0375782569116072,round,,D_local,S_final,10,10,22
grok-4.3,S1,14,1,1,Correct,0.0745469185266425,round,,D_local,S_final,10,10,22
grok-4.3,S1,14,1,2,Correct,0.0692871928200739,round,,D_local,S_final,10,10,22
grok-4.3,S1,14,1,3,Correct,0.0962830582909928,round,,D_local,S_final,10,10,22
grok-4.3,S1,15,1,1,Correct,-0.0185260078375367,round,,D_local,S_final,10,10,22
grok-4.3,S1,15,1,2,Correct,0.0051328883820492,round,,D_local,S_final,10,10,22
grok-4.3,S1,15,1,3,Wrong,-0.0780960330158225,round,,D_local,S_final,10,10,22
grok-4.3,S1,16,1,1,Correct,0.1687318680311171,round,,D_local,S_final,10,10,22
grok-4.3,S1,16,1,2,Correct,0.1571866548554985,round,,D_local,S_final,10,10,22
grok-4.3,S1,16,1,3,Correct,0.1804617876389289,round,,D_local,S_final,10,10,22
grok-4.3,S1,17,1,1,Correct,0.0665101577150832,round,,D_local,S_final,10,10,22
grok-4.3,S1,17,1,2,Correct,0.0743526115118292,round,,D_local,S_final,10,10,22
grok-4.3,S1,17,1,3,Correct,0.0726696670630224,round,,D_local,S_final,10,10,22
grok-4.3,S1,18,1,1,Correct,0.1185124262578942,round,,D_local,S_final,10,10,22
grok-4.3,S1,18,1,2,Correct,0.1083459048509523,round,,D_local,S_final,10,10,22
grok-4.3,S1,18,1,3,Correct,0.0957945975640521,round,,D_local,S_final,10,10,22
grok-4.3,S1,19,1,1,Correct,0.0921017769483271,round,,D_local,S_final,10,10,22
grok-4.3,S1,19,1,2,Correct,0.0761901058195785,round,,D_local,S_final,10,10,22
grok-4.3,S1,19,1,3,Correct,0.0500573649792698,round,,D_local,S_final,10,10,22
grok-4.3,S1,20,1,1,Wrong,0.0693533621184694,round,,D_local,S_final,10,10,22
grok-4.3,S1,20,1,2,Wrong,0.0746725933585665,round,,D_local,S_final,10,10,22
grok-4.3,S1,20,1,3,Wrong,0.1382960090442191,round,,D_local,S_final,10,10,22
grok-4.3,S1,21,1,1,Correct,0.1077583000224642,round,,D_local,S_final,10,10,22
grok-4.3,S1,21,1,2,Correct,0.132972877834959,round,,D_local,S_final,10,10,22
grok-4.3,S1,21,1,3,Wrong,0.1245776576931949,round,,D_local,S_final,10,10,22
grok-4.3,S1,22,1,1,Correct,0.0399412243550943,round,,D_local,S_final,10,10,22
grok-4.3,S1,22,1,2,Correct,0.0256520264684427,round,,D_local,S_final,10,10,22
grok-4.3,S1,22,1,3,Correct,0.0469165514988212,round,,D_local,S_final,10,10,22
grok-4.3,S1,23,1,1,Correct,0.024424660265369,round,,D_local,S_final,10,10,22
grok-4.3,S1,23,1,2,Correct,0.0808460000378068,round,,D_local,S_final,10,10,22
grok-4.3,S1,23,1,3,Correct,0.0186479628830966,round,,D_local,S_final,10,10,22
grok-4.3,S1,24,1,1,Correct,0.0189631094928123,round,,D_local,S_final,10,10,22
grok-4.3,S1,24,1,2,Correct,0.031121827248333,round,,D_local,S_final,10,10,22
grok-4.3,S1,24,1,3,Correct,0.0236345670141793,round,,D_local,S_final,10,10,22
grok-4.3,S1,25,1,1,Correct,-0.0586072995757294,round,,D_local,S_final,10,10,22
grok-4.3,S1,25,1,2,Correct,0.0204387803147537,round,,D_local,S_final,10,10,22
grok-4.3,S1,25,1,3,Wrong,-0.0635326516446358,round,,D_local,S_final,10,10,22
grok-4.3,S1,25,2,1,Correct,0.0928162637310637,round,,D_local,S_final,10,10,22
grok-4.3,S1,25,2,2,Correct,0.1163098112205533,round,,D_local,S_final,10,10,22
grok-4.3,S1,25,2,3,Correct,0.0992674901912841,round,,D_local,S_final,10,10,22
grok-4.3,S1,26,1,1,Correct,0.0974233080355378,round,,D_local,S_final,10,10,22
grok-4.3,S1,26,1,2,Wrong,0.1127513310162284,round,,D_local,S_final,10,10,22
grok-4.3,S1,26,1,3,Correct,0.0930779903225592,round,,D_local,S_final,10,10,22
grok-4.3,S1,26,2,1,Correct,-0.0197842463192228,round,,D_local,S_final,10,10,22
grok-4.3,S1,26,2,2,Correct,-0.0005452257550353,round,,D_local,S_final,10,10,22
grok-4.3,S1,26,2,3,Correct,-0.0140918633177302,round,,D_local,S_final,10,10,22
grok-4.3,S1,26,3,1,Correct,-0.0346099203747186,round,,D_local,S_final,10,10,22
grok-4.3,S1,26,3,2,Correct,-0.0236230238725506,round,,D_local,S_final,10,10,22
grok-4.3,S1,26,3,3,Correct,-0.0427617229404109,round,,D_local,S_final,10,10,22
grok-4.3,S1,26,4,1,Correct,0.1050053369595559,round,,D_local,S_final,10,10,22
grok-4.3,S1,26,4,2,Correct,0.1079869980516533,round,,D_local,S_final,10,10,22
grok-4.3,S1,26,4,3,Correct,0.1166159079510447,round,,D_local,S_final,10,10,22
grok-4.3,S1,27,1,1,Correct,0.0792746869445332,round,,D_local,S_final,10,10,22
grok-4.3,S1,27,1,2,Correct,0.0803868925057845,round,,D_local,S_final,10,10,22
grok-4.3,S1,27,1,3,Correct,0.1068174183113851,round,,D_local,S_final,10,10,22
grok-4.3,S1,27,2,1,Correct,-0.0097337629093849,round,,D_local,S_final,10,10,22
grok-4.3,S1,27,2,2,Correct,0.0074965617680748,round,,D_local,S_final,10,10,22
grok-4.3,S1,27,2,3,Correct,-0.002156068864301,round,,D_local,S_final,10,10,22
grok-4.3,S1,27,3,1,Correct,-0.0172279492998883,round,,D_local,S_final,10,10,22
grok-4.3,S1,27,3,2,Correct,0.0305923407206089,round,,D_local,S_final,10,10,22
grok-4.3,S1,27,3,3,Correct,0.0059448597568119,round,,D_local,S_final,10,10,22
grok-4.3,S1,27,4,1,Correct,0.1727791663681588,round,,D_local,S_final,10,10,22
grok-4.3,S1,27,4,2,Correct,0.1745023639439282,round,,D_local,S_final,10,10,22
grok-4.3,S1,27,4,3,Correct,0.2221188124023729,round,,D_local,S_final,10,10,22
grok-4.3,S1,28,1,1,Wrong,0.0224936809743772,round,,D_local,S_final,10,10,22
grok-4.3,S1,28,1,2,Wrong,0.0399591919983493,round,,D_local,S_final,10,10,22
grok-4.3,S1,28,1,3,Wrong,0.0076177693532726,round,,D_local,S_final,10,10,22
grok-4.3,S1,28,2,1,Correct,-0.0203792361766805,round,,D_local,S_final,10,10,22
grok-4.3,S1,28,2,2,Correct,-0.0291163050372662,round,,D_local,S_final,10,10,22
grok-4.3,S1,28,2,3,Correct,-0.0272526717909418,round,,D_local,S_final,10,10,22
grok-4.3,S1,29,1,1,Correct,0.0866639059754076,round,,D_local,S_final,10,10,22
grok-4.3,S1,29,1,2,Correct,0.1103701125857535,round,,D_local,S_final,10,10,22
grok-4.3,S1,29,1,3,Correct,0.0918889495415006,round,,D_local,S_final,10,10,22
grok-4.3,S1,29,2,1,Correct,-0.015834672399758,round,,D_local,S_final,10,10,22
grok-4.3,S1,29,2,2,Correct,-0.0559206080370637,round,,D_local,S_final,10,10,22
grok-4.3,S1,29,2,3,Correct,-0.0584181680448535,round,,D_local,S_final,10,10,22
grok-4.3,S1,30,1,1,Correct,0.0581432029419353,round,,D_local,S_final,10,10,22
grok-4.3,S1,30,1,2,Correct,0.0645911886109341,round,,D_local,S_final,10,10,22
grok-4.3,S1,30,1,3,Correct,0.0576325081966347,round,,D_local,S_final,10,10,22
grok-4.3,S1,30,2,1,Correct,-0.0608756425024868,round,,D_local,S_final,10,10,22
grok-4.3,S1,30,2,2,Correct,-0.0329444504224353,round,,D_local,S_final,10,10,22
grok-4.3,S1,30,2,3,Correct,-0.0738766300022087,round,,D_local,S_final,10,10,22
grok-4.3,S1,31,1,1,Correct,0.1720021763770407,round,,D_local,S_final,10,10,22
grok-4.3,S1,31,1,2,Correct,0.1413964096667618,round,,D_local,S_final,10,10,22
grok-4.3,S1,31,1,3,Correct,0.156614086978027,round,,D_local,S_final,10,10,22
grok-4.3,S1,32,1,1,Correct,0.11837171674903,round,,D_local,S_final,10,10,22
grok-4.3,S1,32,1,2,Correct,0.0789844677261721,round,,D_local,S_final,10,10,22
grok-4.3,S1,32,1,3,Correct,0.0509109988652919,round,,D_local,S_final,10,10,22
grok-4.3,S1,33,1,1,Correct,0.0583644352962603,round,,D_local,S_final,10,10,22
grok-4.3,S1,33,1,2,Correct,0.053418368522088,round,,D_local,S_final,10,10,22
grok-4.3,S1,33,1,3,Correct,-0.0194055203214874,round,,D_local,S_final,10,10,22
grok-4.3,S1,34,1,1,Correct,-0.0414328606194541,round,,D_local,S_final,10,10,22
grok-4.3,S1,34,1,2,Correct,0.0076401338999494,round,,D_local,S_final,10,10,22
grok-4.3,S1,34,1,3,Correct,0.0190444706232859,round,,D_local,S_final,10,10,22
grok-4.3,S1,35,1,1,Wrong,-0.0318081724584902,round,,D_local,S_final,10,10,22
grok-4.3,S1,35,1,2,Wrong,-0.0021094002226204,round,,D_local,S_final,10,10,22
grok-4.3,S1,35,1,3,Wrong,0.0230994674609915,round,,D_local,S_final,10,10,22
grok-4.3,S1,36,1,1,Correct,0.1077401254950943,round,,D_local,S_final,10,10,22
grok-4.3,S1,36,1,2,Correct,0.1049315701606785,round,,D_local,S_final,10,10,22
grok-4.3,S1,36,1,3,Correct,0.1173132368758622,round,,D_local,S_final,10,10,22
grok-4.3,S1,36,2,1,Correct,0.0710455527743801,round,,D_local,S_final,10,10,22
grok-4.3,S1,36,2,2,Wrong,0.0354072363888476,round,,D_local,S_final,10,10,22
grok-4.3,S1,36,2,3,Wrong,0.0449995579779803,round,,D_local,S_final,10,10,22
grok-4.3,S1,36,3,1,Correct,0.0499190233867895,round,,D_local,S_final,10,10,22
grok-4.3,S1,36,3,2,Correct,0.0603250259877989,round,,D_local,S_final,10,10,22
grok-4.3,S1,36,3,3,Correct,0.0344370394065888,round,,D_local,S_final,10,10,22
grok-4.3,S1,37,1,1,Correct,0.00616373143861,round,,D_local,S_final,10,10,22
grok-4.3,S1,37,1,2,Correct,-0.0238453746913375,round,,D_local,S_final,10,10,22
grok-4.3,S1,37,1,3,Correct,0.0048147660460653,round,,D_local,S_final,10,10,22
grok-4.3,S1,37,2,1,Wrong,0.0546599006011613,round,,D_local,S_final,10,10,22
grok-4.3,S1,37,2,2,Wrong,0.0447501662687687,round,,D_local,S_final,10,10,22
grok-4.3,S1,37,2,3,Wrong,0.0653487285151989,round,,D_local,S_final,10,10,22
grok-4.3,S1,38,1,1,Correct,-0.1136060284352248,round,,D_local,S_final,10,10,22
grok-4.3,S1,38,1,2,Correct,-0.1122105692536911,round,,D_local,S_final,10,10,22
grok-4.3,S1,38,1,3,Correct,-0.1379027302159869,round,,D_local,S_final,10,10,22
grok-4.3,S1,38,2,1,Wrong,-0.1634623594297981,round,,D_local,S_final,10,10,22
grok-4.3,S1,38,2,2,Wrong,-0.1568852823565364,round,,D_local,S_final,10,10,22
grok-4.3,S1,38,2,3,Correct,-0.0960001176592914,round,,D_local,S_final,10,10,22
grok-4.3,S1,39,1,1,Correct,-0.0581472488185051,round,,D_local,S_final,10,10,22
grok-4.3,S1,39,1,2,Wrong,-0.0674211900674294,round,,D_local,S_final,10,10,22
grok-4.3,S1,39,1,3,Wrong,-0.0701225151741253,round,,D_local,S_final,10,10,22
grok-4.3,S1,39,2,1,Correct,0.1573704880005717,round,,D_local,S_final,10,10,22
grok-4.3,S1,39,2,2,Correct,0.1576021128292891,round,,D_local,S_final,10,10,22
grok-4.3,S1,39,2,3,Correct,0.1646549570229551,round,,D_local,S_final,10,10,22
grok-4.3,S1,40,1,1,Correct,0.1008689667699318,round,,D_local,S_final,10,10,22
grok-4.3,S1,40,1,2,Correct,0.0778021198663954,round,,D_local,S_final,10,10,22
grok-4.3,S1,40,1,3,Correct,0.0958862675479186,round,,D_local,S_final,10,10,22
grok-4.3,S1,40,2,1,Wrong,0.0837899453926201,round,,D_local,S_final,10,10,22
grok-4.3,S1,40,2,2,Wrong,0.1064715728976554,round,,D_local,S_final,10,10,22
grok-4.3,S1,40,2,3,Wrong,0.095074913608913,round,,D_local,S_final,10,10,22
grok-4.3,S1,40,3,1,Correct,0.0732676071661064,round,,D_local,S_final,10,10,22
grok-4.3,S1,40,3,2,Correct,0.0979642032468804,round,,D_local,S_final,10,10,22
grok-4.3,S1,40,3,3,Wrong,0.0567537293157927,round,,D_local,S_final,10,10,22
grok-4.3,S1,40,4,1,Wrong,0.0538905194117301,round,,D_local,S_final,10,10,22
grok-4.3,S1,40,4,2,Wrong,0.0392625851565714,round,,D_local,S_final,10,10,22
grok-4.3,S1,40,4,3,Wrong,0.0189918298147939,round,,D_local,S_final,10,10,22
grok-4.3,S1,40,5,1,Wrong,0.0364819708757051,round,,D_local,S_final,10,10,22
grok-4.3,S1,40,5,2,Wrong,0.0578636178467337,round,,D_local,S_final,10,10,22
grok-4.3,S1,40,5,3,Wrong,0.0534022850400022,round,,D_local,S_final,10,10,22
grok-4.3,S1,40,6,1,Correct,0.0252109527004569,round,,D_local,S_final,10,10,22
grok-4.3,S1,40,6,2,Correct,0.0268288070540371,round,,D_local,S_final,10,10,22
grok-4.3,S1,40,6,3,Correct,0.0173488466194949,round,,D_local,S_final,10,10,22
grok-4.3,S1,41,1,1,Wrong,0.086157999161743,round,,D_local,S_final,10,10,22
grok-4.3,S1,41,1,2,Wrong,0.0836386265835018,round,,D_local,S_final,10,10,22
grok-4.3,S1,41,1,3,Wrong,0.0906671209920927,round,,D_local,S_final,10,10,22
grok-4.3,S1,42,1,1,Wrong,-0.0343589880887392,round,,D_local,S_final,10,10,22
grok-4.3,S1,42,1,2,Wrong,-0.016287141895271,round,,D_local,S_final,10,10,22
grok-4.3,S1,42,1,3,Wrong,-0.0438393799603161,round,,D_local,S_final,10,10,22
grok-4.3,S1,43,1,1,Wrong,-0.0545377077161537,round,,D_local,S_final,10,10,22
grok-4.3,S1,43,1,2,Wrong,-0.0538086600150254,round,,D_local,S_final,10,10,22
grok-4.3,S1,43,1,3,Wrong,-0.0644773040458733,round,,D_local,S_final,10,10,22
grok-4.3,S1,44,1,1,Wrong,0.0405655693480768,round,,D_local,S_final,10,10,22
grok-4.3,S1,44,1,2,Wrong,0.0523436934694351,round,,D_local,S_final,10,10,22
grok-4.3,S1,44,1,3,Wrong,0.0594322898620468,round,,D_local,S_final,10,10,22
grok-4.3,S1,45,1,1,Correct,0.1247946277157191,round,,D_local,S_final,10,10,22
grok-4.3,S1,45,1,2,Correct,0.1479093493079547,round,,D_local,S_final,10,10,22
grok-4.3,S1,45,1,3,Correct,0.1508885048000084,round,,D_local,S_final,10,10,22
grok-4.3,S1,45,2,1,Wrong,-0.0675262416901565,round,,D_local,S_final,10,10,22
grok-4.3,S1,45,2,2,Wrong,-0.0430033953856336,round,,D_local,S_final,10,10,22
grok-4.3,S1,45,2,3,Wrong,-0.0879333550090747,round,,D_local,S_final,10,10,22
grok-4.3,S1,45,3,1,Wrong,-0.086925183363152,round,,D_local,S_final,10,10,22
grok-4.3,S1,45,3,2,Wrong,-0.0794200035664946,round,,D_local,S_final,10,10,22
grok-4.3,S1,45,3,3,Wrong,-0.0647305748858235,round,,D_local,S_final,10,10,22
grok-4.3,S1,46,1,1,Correct,0.0906760131943927,round,,D_local,S_final,10,10,22
grok-4.3,S1,46,1,2,Correct,0.1206272476102459,round,,D_local,S_final,10,10,22
grok-4.3,S1,46,1,3,Correct,0.0909767244285559,round,,D_local,S_final,10,10,22
grok-4.3,S1,46,2,1,Correct,0.053018723765017,round,,D_local,S_final,10,10,22
grok-4.3,S1,46,2,2,Correct,0.0674307515398541,round,,D_local,S_final,10,10,22
grok-4.3,S1,46,2,3,Correct,0.1085863916718192,round,,D_local,S_final,10,10,22
grok-4.3,S1,47,1,1,Correct,0.1505368548208112,round,,D_local,S_final,10,10,22
grok-4.3,S1,47,1,2,Correct,0.1536223209392503,round,,D_local,S_final,10,10,22
grok-4.3,S1,47,1,3,Correct,0.1242130427340971,round,,D_local,S_final,10,10,22
grok-4.3,S1,47,2,1,Correct,0.0154772022292805,round,,D_local,S_final,10,10,22
grok-4.3,S1,47,2,2,Correct,0.0450301155478595,round,,D_local,S_final,10,10,22
grok-4.3,S1,47,2,3,Correct,0.0098826874973719,round,,D_local,S_final,10,10,22
grok-4.3,S1,48,1,1,Wrong,0.0363042082841383,round,,D_local,S_final,10,10,22
grok-4.3,S1,48,1,2,Wrong,0.0479787097636293,round,,D_local,S_final,10,10,22
grok-4.3,S1,48,1,3,Wrong,0.0548025202670307,round,,D_local,S_final,10,10,22
grok-4.3,S1,48,2,1,Correct,0.0154467496338779,round,,D_local,S_final,10,10,22
grok-4.3,S1,48,2,2,Correct,0.0536526873507416,round,,D_local,S_final,10,10,22
grok-4.3,S1,48,2,3,Correct,0.0419491907419465,round,,D_local,S_final,10,10,22
grok-4.3,S1,49,1,1,Correct,0.0667720143540729,round,,D_local,S_final,10,10,22
grok-4.3,S1,49,1,2,Correct,0.063187488656913,round,,D_local,S_final,10,10,22
grok-4.3,S1,49,1,3,Correct,0.0519200297568477,round,,D_local,S_final,10,10,22
grok-4.3,S1,50,1,1,Correct,-0.0443402291505995,round,,D_local,S_final,10,10,22
grok-4.3,S1,50,1,2,Correct,-0.0501398012782394,round,,D_local,S_final,10,10,22
grok-4.3,S1,50,1,3,Correct,-0.0146542362804519,round,,D_local,S_final,10,10,22
grok-4.3,S1,51,1,1,Correct,0.1715152388587039,round,,D_local,S_final,10,10,22
grok-4.3,S1,51,1,2,Correct,0.1722005417678054,round,,D_local,S_final,10,10,22
grok-4.3,S1,51,1,3,Correct,0.1158955681812793,round,,D_local,S_final,10,10,22
grok-4.3,S1,52,1,1,Wrong,0.1199295065976957,round,,D_local,S_final,10,10,22
grok-4.3,S1,52,1,2,Wrong,0.0950066973640875,round,,D_local,S_final,10,10,22
grok-4.3,S1,52,1,3,Wrong,0.0985993354282146,round,,D_local,S_final,10,10,22
grok-4.3,S1,53,1,1,Correct,0.0418959734171144,round,,D_local,S_final,10,10,22
grok-4.3,S1,53,1,2,Correct,0.0077705441964665,round,,D_local,S_final,10,10,22
grok-4.3,S1,53,1,3,Correct,0.0110737873090496,round,,D_local,S_final,10,10,22
grok-4.3,S1,53,2,1,Correct,0.1102528992881102,round,,D_local,S_final,10,10,22
grok-4.3,S1,53,2,2,Correct,0.0922950348718579,round,,D_local,S_final,10,10,22
grok-4.3,S1,53,2,3,Correct,0.0869437729784163,round,,D_local,S_final,10,10,22
grok-4.3,S1,54,1,1,Correct,-0.106702201952014,round,,D_local,S_final,10,10,22
grok-4.3,S1,54,1,2,Correct,-0.1147552695323169,round,,D_local,S_final,10,10,22
grok-4.3,S1,54,1,3,Correct,-0.0761059426828091,round,,D_local,S_final,10,10,22
grok-4.3,S1,54,2,1,Correct,0.0978890329033896,round,,D_local,S_final,10,10,22
grok-4.3,S1,54,2,2,Correct,0.0889813262250642,round,,D_local,S_final,10,10,22
grok-4.3,S1,54,2,3,Correct,0.1172786721578553,round,,D_local,S_final,10,10,22
grok-4.3,S1,55,1,1,Correct,-0.0117640734693001,round,,D_local,S_final,10,10,22
grok-4.3,S1,55,1,2,Correct,-0.0027507051345182,round,,D_local,S_final,10,10,22
grok-4.3,S1,55,1,3,Correct,-0.0089831894640574,round,,D_local,S_final,10,10,22
grok-4.3,S1,55,2,1,Correct,0.1316452599862545,round,,D_local,S_final,10,10,22
grok-4.3,S1,55,2,2,Correct,0.1281649519488124,round,,D_local,S_final,10,10,22
grok-4.3,S1,55,2,3,Correct,0.1099350281010576,round,,D_local,S_final,10,10,22
grok-4.3,S1,56,1,1,Wrong,-0.0433972990074759,round,,D_local,S_final,10,10,22
grok-4.3,S1,56,1,2,Wrong,-0.0325029862589153,round,,D_local,S_final,10,10,22
grok-4.3,S1,56,1,3,Wrong,-0.0250282873793347,round,,D_local,S_final,10,10,22
grok-4.3,S1,56,2,1,Correct,0.0063696979147902,round,,D_local,S_final,10,10,22
grok-4.3,S1,56,2,2,Correct,0.0121018491370062,round,,D_local,S_final,10,10,22
grok-4.3,S1,56,2,3,Correct,0.0442634402847744,round,,D_local,S_final,10,10,22
grok-4.3,S1,57,1,1,Correct,-0.1096098453364287,round,,D_local,S_final,10,10,22
grok-4.3,S1,57,1,2,Wrong,-0.1136528630922939,round,,D_local,S_final,10,10,22
grok-4.3,S1,57,1,3,Correct,-0.0731807322743869,round,,D_local,S_final,10,10,22
grok-4.3,S1,57,2,1,Wrong,-0.202455451068683,round,,D_local,S_final,10,10,22
grok-4.3,S1,57,2,2,Correct,-0.2046992996685545,round,,D_local,S_final,10,10,22
grok-4.3,S1,57,2,3,Wrong,-0.2207945681026961,round,,D_local,S_final,10,10,22
grok-4.3,S1,58,1,1,Correct,-0.0023404332980861,round,,D_local,S_final,10,10,22
grok-4.3,S1,58,1,2,Correct,0.0118128814768274,round,,D_local,S_final,10,10,22
grok-4.3,S1,58,1,3,Correct,-0.0050626945839936,round,,D_local,S_final,10,10,22
grok-4.3,S1,58,2,1,Correct,0.0349979418932254,round,,D_local,S_final,10,10,22
grok-4.3,S1,58,2,2,Correct,0.0440622941834151,round,,D_local,S_final,10,10,22
grok-4.3,S1,58,2,3,Correct,0.0181630930593107,round,,D_local,S_final,10,10,22
grok-4.3,S1,59,1,1,Correct,-0.0458913520146132,round,,D_local,S_final,10,10,22
grok-4.3,S1,59,1,2,Correct,-0.0748347017576769,round,,D_local,S_final,10,10,22
grok-4.3,S1,59,1,3,Correct,-0.0645605278192825,round,,D_local,S_final,10,10,22
grok-4.3,S1,59,2,1,Correct,0.077047800275867,round,,D_local,S_final,10,10,22
grok-4.3,S1,59,2,2,Correct,0.0806007139516759,round,,D_local,S_final,10,10,22
grok-4.3,S1,59,2,3,Correct,0.0876946403740838,round,,D_local,S_final,10,10,22
grok-4.3,S1,60,1,1,Correct,-0.0718759654945275,round,,D_local,S_final,10,10,22
grok-4.3,S1,60,1,2,Correct,-0.1403334924454594,round,,D_local,S_final,10,10,22
grok-4.3,S1,60,1,3,Correct,-0.0931255440735867,round,,D_local,S_final,10,10,22
grok-4.3,S1,60,2,1,Correct,0.1184732644754402,round,,D_local,S_final,10,10,22
grok-4.3,S1,60,2,2,Correct,0.0906470921686085,round,,D_local,S_final,10,10,22
grok-4.3,S1,60,2,3,Correct,0.1112258560202923,round,,D_local,S_final,10,10,22
grok-4.3,S1,61,1,1,Correct,-0.0985539325225134,round,,D_local,S_final,10,10,22
grok-4.3,S1,61,1,2,Correct,-0.0884071948637476,round,,D_local,S_final,10,10,22
grok-4.3,S1,61,1,3,Correct,-0.0791038134477549,round,,D_local,S_final,10,10,22
grok-4.3,S1,61,2,1,Correct,0.1132520279973097,round,,D_local,S_final,10,10,22
grok-4.3,S1,61,2,2,Wrong,0.1272891005135884,round,,D_local,S_final,10,10,22
grok-4.3,S1,61,2,3,Correct,0.1189993815733687,round,,D_local,S_final,10,10,22
grok-4.3,S1,62,1,1,Correct,0.0274343114076413,round,,D_local,S_final,10,10,22
grok-4.3,S1,62,1,2,Correct,0.0290390830283593,round,,D_local,S_final,10,10,22
grok-4.3,S1,62,1,3,Correct,0.020152671590963,round,,D_local,S_final,10,10,22
grok-4.3,S1,62,2,1,Correct,0.0201488788072162,round,,D_local,S_final,10,10,22
grok-4.3,S1,62,2,2,Correct,0.007676281952007,round,,D_local,S_final,10,10,22
grok-4.3,S1,62,2,3,Correct,0.0223408389850369,round,,D_local,S_final,10,10,22
grok-4.3,S1,63,1,1,Correct,0.027828591653359,round,,D_local,S_final,10,10,22
grok-4.3,S1,63,1,2,Correct,0.026667529615491,round,,D_local,S_final,10,10,22
grok-4.3,S1,63,1,3,Correct,0.0117891880759635,round,,D_local,S_final,10,10,22
grok-4.3,S1,63,2,1,Correct,0.0021832766441979,round,,D_local,S_final,10,10,22
grok-4.3,S1,63,2,2,Correct,0.0363455385495959,round,,D_local,S_final,10,10,22
grok-4.3,S1,63,2,3,Correct,0.0145040014926026,round,,D_local,S_final,10,10,22
grok-4.3,S1,64,1,1,Correct,0.0902838910133383,round,,D_local,S_final,10,10,22
grok-4.3,S1,64,1,2,Correct,0.0339563199612775,round,,D_local,S_final,10,10,22
grok-4.3,S1,64,1,3,Correct,0.0397120684370652,round,,D_local,S_final,10,10,22
grok-4.3,S1,64,2,1,Wrong,0.004964980975569,round,,D_local,S_final,10,10,22
grok-4.3,S1,64,2,2,Wrong,0.0110605363788859,round,,D_local,S_final,10,10,22
grok-4.3,S1,64,2,3,Wrong,0.0061202507462994,round,,D_local,S_final,10,10,22
grok-4.3,S2,1,1,1,Correct,0.1204252674451307,round,,D_local,S_final,10,10,22
grok-4.3,S2,1,1,2,Correct,0.1052619126695028,round,,D_local,S_final,10,10,22
grok-4.3,S2,1,1,3,Correct,0.093149161338225,round,,D_local,S_final,10,10,22
grok-4.3,S2,1,2,1,Correct,0.0196609909713302,round,,D_local,S_final,10,10,22
grok-4.3,S2,1,2,2,Correct,0.0028149895117802,round,,D_local,S_final,10,10,22
grok-4.3,S2,1,2,3,Correct,0.0185599124109537,round,,D_local,S_final,10,10,22
grok-4.3,S2,1,3,1,Correct,-0.0045687373929539,round,,D_local,S_final,10,10,22
grok-4.3,S2,1,3,2,Correct,0.0237469567400171,round,,D_local,S_final,10,10,22
grok-4.3,S2,1,3,3,Correct,-0.006866090163446,round,,D_local,S_final,10,10,22
grok-4.3,S2,1,4,1,Correct,0.0888124964811568,round,,D_local,S_final,10,10,22
grok-4.3,S2,1,4,2,Wrong,0.0728589287828594,round,,D_local,S_final,10,10,22
grok-4.3,S2,1,4,3,Correct,0.0714971530512831,round,,D_local,S_final,10,10,22
grok-4.3,S2,1,5,1,Correct,0.0966788442336339,round,,D_local,S_final,10,10,22
grok-4.3,S2,1,5,2,Correct,0.1038506401028223,round,,D_local,S_final,10,10,22
grok-4.3,S2,1,5,3,Correct,0.097797911733005,round,,D_local,S_final,10,10,22
grok-4.3,S2,2,1,1,Correct,0.1750402010850152,round,,D_local,S_final,10,10,22
grok-4.3,S2,2,1,2,Correct,0.1952926273122474,round,,D_local,S_final,10,10,22
grok-4.3,S2,2,1,3,Correct,0.2281351323340347,round,,D_local,S_final,10,10,22
grok-4.3,S2,3,1,1,Correct,0.2108207871531692,round,,D_local,S_final,10,10,22
grok-4.3,S2,3,1,2,Correct,0.216819830684062,round,,D_local,S_final,10,10,22
grok-4.3,S2,3,1,3,Correct,0.2219278162851308,round,,D_local,S_final,10,10,22
grok-4.3,S2,3,2,1,Correct,0.2950599737084117,round,,D_local,S_final,10,10,22
grok-4.3,S2,3,2,2,Correct,0.2746511457031299,round,,D_local,S_final,10,10,22
grok-4.3,S2,3,2,3,Correct,0.2553916660304172,round,,D_local,S_final,10,10,22
grok-4.3,S2,4,1,1,Correct,0.1419769215948616,round,,D_local,S_final,10,10,22
grok-4.3,S2,4,1,2,Wrong,0.0855548426258531,round,,D_local,S_final,10,10,22
grok-4.3,S2,4,1,3,Wrong,0.1042589552415155,round,,D_local,S_final,10,10,22
grok-4.3,S2,4,2,1,Correct,0.1128856171029077,round,,D_local,S_final,10,10,22
grok-4.3,S2,4,2,2,Correct,0.1118408968604592,round,,D_local,S_final,10,10,22
grok-4.3,S2,4,2,3,Wrong,0.1073051564548148,round,,D_local,S_final,10,10,22
grok-4.3,S2,4,3,1,Correct,0.0522200267271923,round,,D_local,S_final,10,10,22
grok-4.3,S2,4,3,2,Correct,0.080190650789118,round,,D_local,S_final,10,10,22
grok-4.3,S2,4,3,3,Correct,0.0702492968673758,round,,D_local,S_final,10,10,22
grok-4.3,S2,5,1,1,Wrong,0.0601769898316316,round,,D_local,S_final,10,10,22
grok-4.3,S2,5,1,2,Wrong,0.0562128215242977,round,,D_local,S_final,10,10,22
grok-4.3,S2,5,1,3,Wrong,0.0222300628230335,round,,D_local,S_final,10,10,22
grok-4.3,S2,5,2,1,Correct,0.0647009197749808,round,,D_local,S_final,10,10,22
grok-4.3,S2,5,2,2,Correct,0.0786962648308069,round,,D_local,S_final,10,10,22
grok-4.3,S2,5,2,3,Correct,0.075117357249536,round,,D_local,S_final,10,10,22
grok-4.3,S2,5,3,1,Correct,0.0818584686139868,round,,D_local,S_final,10,10,22
grok-4.3,S2,5,3,2,Correct,0.0763532088292542,round,,D_local,S_final,10,10,22
grok-4.3,S2,5,3,3,Correct,0.0920789973988557,round,,D_local,S_final,10,10,22
grok-4.3,S2,6,1,1,Correct,0.098307545988966,round,,D_local,S_final,10,10,22
grok-4.3,S2,6,1,2,Correct,0.0784025943494752,round,,D_local,S_final,10,10,22
grok-4.3,S2,6,1,3,Correct,0.0801318577816878,round,,D_local,S_final,10,10,22
grok-4.3,S2,6,2,1,Correct,0.0345055010278112,round,,D_local,S_final,10,10,22
grok-4.3,S2,6,2,2,Wrong,0.0087293757085472,round,,D_local,S_final,10,10,22
grok-4.3,S2,6,2,3,Wrong,-0.0024633500254159,round,,D_local,S_final,10,10,22
grok-4.3,S2,6,3,1,Correct,0.0808004623902178,round,,D_local,S_final,10,10,22
grok-4.3,S2,6,3,2,Correct,0.0415454154207335,round,,D_local,S_final,10,10,22
grok-4.3,S2,6,3,3,Correct,0.0452873110769931,round,,D_local,S_final,10,10,22
grok-4.3,S2,7,1,1,Correct,0.1200453658958619,round,,D_local,S_final,10,10,22
grok-4.3,S2,7,1,2,Correct,0.1144841065438335,round,,D_local,S_final,10,10,22
grok-4.3,S2,7,1,3,Correct,0.1252435319157254,round,,D_local,S_final,10,10,22
grok-4.3,S2,7,2,1,Correct,0.0913710999997235,round,,D_local,S_final,10,10,22
grok-4.3,S2,7,2,2,Wrong,0.1111709983021378,round,,D_local,S_final,10,10,22
grok-4.3,S2,7,2,3,Correct,0.1041363086171709,round,,D_local,S_final,10,10,22
grok-4.3,S2,7,3,1,Wrong,-0.0206346123947871,round,,D_local,S_final,10,10,22
grok-4.3,S2,7,3,2,Wrong,-0.0399180128554779,round,,D_local,S_final,10,10,22
grok-4.3,S2,7,3,3,Wrong,-0.0253859399810455,round,,D_local,S_final,10,10,22
grok-4.3,S2,7,4,1,Correct,-0.000554296580854,round,,D_local,S_final,10,10,22
grok-4.3,S2,7,4,2,Correct,0.0060910828561795,round,,D_local,S_final,10,10,22
grok-4.3,S2,7,4,3,Correct,0.0015295490440346,round,,D_local,S_final,10,10,22
grok-4.3,S2,7,5,1,Correct,0.0639588358210808,round,,D_local,S_final,10,10,22
grok-4.3,S2,7,5,2,Correct,0.060142817626004,round,,D_local,S_final,10,10,22
grok-4.3,S2,7,5,3,Correct,0.0431153403643473,round,,D_local,S_final,10,10,22
grok-4.3,S2,7,6,1,Wrong,-0.0400034721807206,round,,D_local,S_final,10,10,22
grok-4.3,S2,7,6,2,Correct,-0.0403309343722483,round,,D_local,S_final,10,10,22
grok-4.3,S2,7,6,3,Wrong,-0.0569035964650517,round,,D_local,S_final,10,10,22
grok-4.3,S2,7,7,1,Wrong,0.0559499641396037,round,,D_local,S_final,10,10,22
grok-4.3,S2,7,7,2,Wrong,0.0744268013782265,round,,D_local,S_final,10,10,22
grok-4.3,S2,7,7,3,Wrong,0.0728407743509429,round,,D_local,S_final,10,10,22
grok-4.3,S2,7,8,1,Correct,0.0479150243483978,round,,D_local,S_final,10,10,22
grok-4.3,S2,7,8,2,Correct,0.0398418754029948,round,,D_local,S_final,10,10,22
grok-4.3,S2,7,8,3,Correct,0.0258527812525605,round,,D_local,S_final,10,10,22
grok-4.3,S2,7,9,1,Correct,0.1529009434735635,round,,D_local,S_final,10,10,22
grok-4.3,S2,7,9,2,Correct,0.1627619874908049,round,,D_local,S_final,10,10,22
grok-4.3,S2,7,9,3,Correct,0.1258182853048551,round,,D_local,S_final,10,10,22
grok-4.3,S2,7,10,1,Wrong,-0.035588343014438,round,,D_local,S_final,10,10,22
grok-4.3,S2,7,10,2,Wrong,-4.56802774534415e-05,round,,D_local,S_final,10,10,22
grok-4.3,S2,7,10,3,Wrong,-0.0041606650903799,round,,D_local,S_final,10,10,22
grok-4.3,S2,7,11,1,Correct,0.0951194286484303,round,,D_local,S_final,10,10,22
grok-4.3,S2,7,11,2,Wrong,0.0731276408192432,round,,D_local,S_final,10,10,22
grok-4.3,S2,7,11,3,Wrong,0.0694647362218541,round,,D_local,S_final,10,10,22
grok-4.3,S2,8,1,1,Correct,0.097538890859114,round,,D_local,S_final,10,10,22
grok-4.3,S2,8,1,2,Correct,0.0922220638084876,round,,D_local,S_final,10,10,22
grok-4.3,S2,8,1,3,Correct,0.0746036831806685,round,,D_local,S_final,10,10,22
grok-4.3,S2,8,2,1,Correct,0.0625282257649797,round,,D_local,S_final,10,10,22
grok-4.3,S2,8,2,2,Correct,0.0518985175076932,round,,D_local,S_final,10,10,22
grok-4.3,S2,8,2,3,Correct,0.0575395464296816,round,,D_local,S_final,10,10,22
grok-4.3,S2,8,3,1,Wrong,0.0081009223113557,round,,D_local,S_final,10,10,22
grok-4.3,S2,8,3,2,Wrong,0.0337022464603768,round,,D_local,S_final,10,10,22
grok-4.3,S2,8,3,3,Wrong,0.0063827390673524,round,,D_local,S_final,10,10,22
grok-4.3,S2,8,4,1,Wrong,-0.0538679674537504,round,,D_local,S_final,10,10,22
grok-4.3,S2,8,4,2,Wrong,-0.0143526740324136,round,,D_local,S_final,10,10,22
grok-4.3,S2,8,4,3,Wrong,-0.047608883324939,round,,D_local,S_final,10,10,22
grok-4.3,S2,9,1,1,Correct,0.077799145305912,round,,D_local,S_final,10,10,22
grok-4.3,S2,9,1,2,Correct,0.0690272395213282,round,,D_local,S_final,10,10,22
grok-4.3,S2,9,1,3,Correct,0.0855407604765845,round,,D_local,S_final,10,10,22
grok-4.3,S2,9,2,1,Wrong,0.0769280063162433,round,,D_local,S_final,10,10,22
grok-4.3,S2,9,2,2,Wrong,0.0616014276450106,round,,D_local,S_final,10,10,22
grok-4.3,S2,9,2,3,Wrong,0.0759355307998671,round,,D_local,S_final,10,10,22
grok-4.3,S2,9,3,1,Correct,0.0488395426564663,round,,D_local,S_final,10,10,22
grok-4.3,S2,9,3,2,Correct,0.0780686404022636,round,,D_local,S_final,10,10,22
grok-4.3,S2,9,3,3,Correct,0.0742337090099017,round,,D_local,S_final,10,10,22
grok-4.3,S2,10,1,1,Wrong,0.0639647882846021,round,,D_local,S_final,10,10,22
grok-4.3,S2,10,1,2,Wrong,0.1012859415695182,round,,D_local,S_final,10,10,22
grok-4.3,S2,10,1,3,Wrong,0.081204702246726,round,,D_local,S_final,10,10,22
grok-4.3,S2,10,2,1,Wrong,0.1108284922130289,round,,D_local,S_final,10,10,22
grok-4.3,S2,10,2,2,Wrong,0.143514653952142,round,,D_local,S_final,10,10,22
grok-4.3,S2,10,2,3,Wrong,0.1277773994565869,round,,D_local,S_final,10,10,22
grok-4.3,S2,11,1,1,Wrong,-0.0176402303328708,round,,D_local,S_final,10,10,22
grok-4.3,S2,11,1,2,Wrong,-0.0355252405710495,round,,D_local,S_final,10,10,22
grok-4.3,S2,11,1,3,Wrong,0.0278122020167896,round,,D_local,S_final,10,10,22
grok-4.3,S2,12,1,1,Correct,0.0145743665069376,round,,D_local,S_final,10,10,22
grok-4.3,S2,12,1,2,Correct,-0.0084520407113363,round,,D_local,S_final,10,10,22
grok-4.3,S2,12,1,3,Correct,0.0036971654359706,round,,D_local,S_final,10,10,22
grok-4.3,S2,13,1,1,Correct,0.1396000126085285,round,,D_local,S_final,10,10,22
grok-4.3,S2,13,1,2,Correct,0.1055884441789007,round,,D_local,S_final,10,10,22
grok-4.3,S2,13,1,3,Correct,0.0959114509497071,round,,D_local,S_final,10,10,22
grok-4.3,S2,13,2,1,Correct,-0.0367378329883191,round,,D_local,S_final,10,10,22
grok-4.3,S2,13,2,2,Correct,0.0041518065313933,round,,D_local,S_final,10,10,22
grok-4.3,S2,13,2,3,Correct,-0.0504712998627511,round,,D_local,S_final,10,10,22
grok-4.3,S2,13,3,1,Correct,0.0470911743441084,round,,D_local,S_final,10,10,22
grok-4.3,S2,13,3,2,Correct,0.0718098259547143,round,,D_local,S_final,10,10,22
grok-4.3,S2,13,3,3,Correct,0.0485902746556563,round,,D_local,S_final,10,10,22
grok-4.3,S2,14,1,1,Correct,0.06761721094521,round,,D_local,S_final,10,10,22
grok-4.3,S2,14,1,2,Correct,0.0816177367219586,round,,D_local,S_final,10,10,22
grok-4.3,S2,14,1,3,Correct,0.0419549620506937,round,,D_local,S_final,10,10,22
grok-4.3,S2,15,1,1,Wrong,-0.1030322119338914,round,,D_local,S_final,10,10,22
grok-4.3,S2,15,1,2,Wrong,-0.053664971604826,round,,D_local,S_final,10,10,22
grok-4.3,S2,15,1,3,Wrong,-0.0755992580989741,round,,D_local,S_final,10,10,22
grok-4.3,S2,16,1,1,Correct,0.1678279408817724,round,,D_local,S_final,10,10,22
grok-4.3,S2,16,1,2,Correct,0.1397356660241698,round,,D_local,S_final,10,10,22
grok-4.3,S2,16,1,3,Correct,0.1535823209725492,round,,D_local,S_final,10,10,22
grok-4.3,S2,17,1,1,Correct,0.0502555252516278,round,,D_local,S_final,10,10,22
grok-4.3,S2,17,1,2,Correct,0.1107357116871138,round,,D_local,S_final,10,10,22
grok-4.3,S2,17,1,3,Correct,0.0697305947502905,round,,D_local,S_final,10,10,22
grok-4.3,S2,18,1,1,Correct,0.1381740567983692,round,,D_local,S_final,10,10,22
grok-4.3,S2,18,1,2,Correct,0.1612079901707951,round,,D_local,S_final,10,10,22
grok-4.3,S2,18,1,3,Correct,0.1344598997695112,round,,D_local,S_final,10,10,22
grok-4.3,S2,19,1,1,Correct,0.0749190493873129,round,,D_local,S_final,10,10,22
grok-4.3,S2,19,1,2,Correct,0.0918443564483274,round,,D_local,S_final,10,10,22
grok-4.3,S2,19,1,3,Correct,0.0841732926333957,round,,D_local,S_final,10,10,22
grok-4.3,S2,20,1,1,Wrong,0.090744105125271,round,,D_local,S_final,10,10,22
grok-4.3,S2,20,1,2,Wrong,0.0551152866265262,round,,D_local,S_final,10,10,22
grok-4.3,S2,20,1,3,Wrong,0.0828506868993816,round,,D_local,S_final,10,10,22
grok-4.3,S2,21,1,1,Correct,0.0904658851566605,round,,D_local,S_final,10,10,22
grok-4.3,S2,21,1,2,Correct,0.1381192913039063,round,,D_local,S_final,10,10,22
grok-4.3,S2,21,1,3,Correct,0.1184773483002797,round,,D_local,S_final,10,10,22
grok-4.3,S2,22,1,1,Correct,0.0466823197321317,round,,D_local,S_final,10,10,22
grok-4.3,S2,22,1,2,Correct,0.0609608496468462,round,,D_local,S_final,10,10,22
grok-4.3,S2,22,1,3,Correct,0.0467784302803607,round,,D_local,S_final,10,10,22
grok-4.3,S2,23,1,1,Correct,0.0589832265049655,round,,D_local,S_final,10,10,22
grok-4.3,S2,23,1,2,Correct,0.0464573391645615,round,,D_local,S_final,10,10,22
grok-4.3,S2,23,1,3,Correct,0.0825560851407201,round,,D_local,S_final,10,10,22
grok-4.3,S2,24,1,1,Correct,0.0168754632473092,round,,D_local,S_final,10,10,22
grok-4.3,S2,24,1,2,Correct,0.0392619829270111,round,,D_local,S_final,10,10,22
grok-4.3,S2,24,1,3,Correct,0.0332162510901468,round,,D_local,S_final,10,10,22
grok-4.3,S2,25,1,1,Correct,-0.0303835517811374,round,,D_local,S_final,10,10,22
grok-4.3,S2,25,1,2,Correct,-0.0564568042567417,round,,D_local,S_final,10,10,22
grok-4.3,S2,25,1,3,Correct,-0.0566358047757885,round,,D_local,S_final,10,10,22
grok-4.3,S2,25,2,1,Correct,0.1237807823371902,round,,D_local,S_final,10,10,22
grok-4.3,S2,25,2,2,Correct,0.0915971219378422,round,,D_local,S_final,10,10,22
grok-4.3,S2,25,2,3,Correct,0.1132728530550732,round,,D_local,S_final,10,10,22
grok-4.3,S2,26,1,1,Correct,0.0909345444407975,round,,D_local,S_final,10,10,22
grok-4.3,S2,26,1,2,Correct,0.1122593310485251,round,,D_local,S_final,10,10,22
grok-4.3,S2,26,1,3,Correct,0.0855729799138591,round,,D_local,S_final,10,10,22
grok-4.3,S2,26,2,1,Correct,0.012050433261638,round,,D_local,S_final,10,10,22
grok-4.3,S2,26,2,2,Correct,-0.0173813812504946,round,,D_local,S_final,10,10,22
grok-4.3,S2,26,2,3,Correct,-0.0326502629813784,round,,D_local,S_final,10,10,22
grok-4.3,S2,26,3,1,Correct,-0.0500154199763946,round,,D_local,S_final,10,10,22
grok-4.3,S2,26,3,2,Correct,0.0054680538686185,round,,D_local,S_final,10,10,22
grok-4.3,S2,26,3,3,Correct,9.301604130373953e-06,round,,D_local,S_final,10,10,22
grok-4.3,S2,26,4,1,Correct,0.0923690670163548,round,,D_local,S_final,10,10,22
grok-4.3,S2,26,4,2,Correct,0.1502558285565812,round,,D_local,S_final,10,10,22
grok-4.3,S2,26,4,3,Correct,0.1290382319511718,round,,D_local,S_final,10,10,22
grok-4.3,S2,27,1,1,Correct,0.0736031842732334,round,,D_local,S_final,10,10,22
grok-4.3,S2,27,1,2,Correct,0.0877669945692153,round,,D_local,S_final,10,10,22
grok-4.3,S2,27,1,3,Correct,0.0794938103703646,round,,D_local,S_final,10,10,22
grok-4.3,S2,27,2,1,Correct,0.0289126184002743,round,,D_local,S_final,10,10,22
grok-4.3,S2,27,2,2,Correct,-0.0363026560269468,round,,D_local,S_final,10,10,22
grok-4.3,S2,27,2,3,Correct,0.0436028392852475,round,,D_local,S_final,10,10,22
grok-4.3,S2,27,3,1,Correct,0.0221737105708438,round,,D_local,S_final,10,10,22
grok-4.3,S2,27,3,2,Correct,-0.0002113494658595,round,,D_local,S_final,10,10,22
grok-4.3,S2,27,3,3,Correct,0.0325960230348095,round,,D_local,S_final,10,10,22
grok-4.3,S2,27,4,1,Correct,0.1914598020491428,round,,D_local,S_final,10,10,22
grok-4.3,S2,27,4,2,Correct,0.165117887522016,round,,D_local,S_final,10,10,22
grok-4.3,S2,27,4,3,Correct,0.1779272367714446,round,,D_local,S_final,10,10,22
grok-4.3,S2,28,1,1,Wrong,0.0530324019769293,round,,D_local,S_final,10,10,22
grok-4.3,S2,28,1,2,Wrong,0.0004672360019726,round,,D_local,S_final,10,10,22
grok-4.3,S2,28,1,3,Wrong,0.026931362852446,round,,D_local,S_final,10,10,22
grok-4.3,S2,28,2,1,Correct,0.0077577464529311,round,,D_local,S_final,10,10,22
grok-4.3,S2,28,2,2,Correct,-0.0462373201346938,round,,D_local,S_final,10,10,22
grok-4.3,S2,28,2,3,Correct,-0.0314271854340151,round,,D_local,S_final,10,10,22
grok-4.3,S2,29,1,1,Correct,0.1124279053856894,round,,D_local,S_final,10,10,22
grok-4.3,S2,29,1,2,Correct,0.1103215647895884,round,,D_local,S_final,10,10,22
grok-4.3,S2,29,1,3,Correct,0.0873814822328789,round,,D_local,S_final,10,10,22
grok-4.3,S2,29,2,1,Correct,-0.0671054609498186,round,,D_local,S_final,10,10,22
grok-4.3,S2,29,2,2,Correct,-0.0341726598768642,round,,D_local,S_final,10,10,22
grok-4.3,S2,29,2,3,Correct,-0.0546354428466508,round,,D_local,S_final,10,10,22
grok-4.3,S2,30,1,1,Correct,0.0865958434173715,round,,D_local,S_final,10,10,22
grok-4.3,S2,30,1,2,Correct,0.0832886662073162,round,,D_local,S_final,10,10,22
grok-4.3,S2,30,1,3,Correct,0.0796167196114829,round,,D_local,S_final,10,10,22
grok-4.3,S2,30,2,1,Correct,-0.0170871015121613,round,,D_local,S_final,10,10,22
grok-4.3,S2,30,2,2,Correct,-0.0681015210248749,round,,D_local,S_final,10,10,22
grok-4.3,S2,30,2,3,Correct,-0.0797024669947071,round,,D_local,S_final,10,10,22
grok-4.3,S2,31,1,1,Correct,0.1696151856937183,round,,D_local,S_final,10,10,22
grok-4.3,S2,31,1,2,Correct,0.1610348577503023,round,,D_local,S_final,10,10,22
grok-4.3,S2,31,1,3,Correct,0.1336374779391693,round,,D_local,S_final,10,10,22
grok-4.3,S2,32,1,1,Correct,0.1067448680080109,round,,D_local,S_final,10,10,22
grok-4.3,S2,32,1,2,Correct,0.0711162176825616,round,,D_local,S_final,10,10,22
grok-4.3,S2,32,1,3,Correct,0.1196765700966253,round,,D_local,S_final,10,10,22
grok-4.3,S2,33,1,1,Correct,0.0640343025420864,round,,D_local,S_final,10,10,22
grok-4.3,S2,33,1,2,Correct,0.05215530558257,round,,D_local,S_final,10,10,22
grok-4.3,S2,33,1,3,Correct,0.0867861622980203,round,,D_local,S_final,10,10,22
grok-4.3,S2,34,1,1,Correct,-0.0362283479722184,round,,D_local,S_final,10,10,22
grok-4.3,S2,34,1,2,Correct,-0.0079866029258407,round,,D_local,S_final,10,10,22
grok-4.3,S2,34,1,3,Correct,0.0306332467913538,round,,D_local,S_final,10,10,22
grok-4.3,S2,35,1,1,Wrong,-0.0385576175603301,round,,D_local,S_final,10,10,22
grok-4.3,S2,35,1,2,Wrong,0.0005217177738581,round,,D_local,S_final,10,10,22
grok-4.3,S2,35,1,3,Wrong,-0.0018772600520278,round,,D_local,S_final,10,10,22
grok-4.3,S2,36,1,1,Correct,0.1020278619589559,round,,D_local,S_final,10,10,22
grok-4.3,S2,36,1,2,Correct,0.0892379567379487,round,,D_local,S_final,10,10,22
grok-4.3,S2,36,1,3,Correct,0.1026819555990251,round,,D_local,S_final,10,10,22
grok-4.3,S2,36,2,1,Wrong,0.0401368434677619,round,,D_local,S_final,10,10,22
grok-4.3,S2,36,2,2,Wrong,0.0218071397001573,round,,D_local,S_final,10,10,22
grok-4.3,S2,36,2,3,Wrong,0.0212844118338718,round,,D_local,S_final,10,10,22
grok-4.3,S2,36,3,1,Correct,0.0234096763777893,round,,D_local,S_final,10,10,22
grok-4.3,S2,36,3,2,Correct,0.0416714436016539,round,,D_local,S_final,10,10,22
grok-4.3,S2,36,3,3,Correct,0.0472316810669546,round,,D_local,S_final,10,10,22
grok-4.3,S2,37,1,1,Correct,-0.0307123596813083,round,,D_local,S_final,10,10,22
grok-4.3,S2,37,1,2,Correct,-0.0013369577593594,round,,D_local,S_final,10,10,22
grok-4.3,S2,37,1,3,Correct,0.0017497472255815,round,,D_local,S_final,10,10,22
grok-4.3,S2,37,2,1,Wrong,0.0833766074858419,round,,D_local,S_final,10,10,22
grok-4.3,S2,37,2,2,Wrong,0.0778790002806505,round,,D_local,S_final,10,10,22
grok-4.3,S2,37,2,3,Wrong,0.0718103883117606,round,,D_local,S_final,10,10,22
grok-4.3,S2,38,1,1,Correct,-0.1185750405189416,round,,D_local,S_final,10,10,22
grok-4.3,S2,38,1,2,Correct,-0.1404276266898542,round,,D_local,S_final,10,10,22
grok-4.3,S2,38,1,3,Correct,-0.1573525486390813,round,,D_local,S_final,10,10,22
grok-4.3,S2,38,2,1,Wrong,-0.1686592547135503,round,,D_local,S_final,10,10,22
grok-4.3,S2,38,2,2,Wrong,-0.1631243532609114,round,,D_local,S_final,10,10,22
grok-4.3,S2,38,2,3,Wrong,-0.1690974717310314,round,,D_local,S_final,10,10,22
grok-4.3,S2,39,1,1,Correct,-0.0537576500397658,round,,D_local,S_final,10,10,22
grok-4.3,S2,39,1,2,Wrong,-0.0739867605052061,round,,D_local,S_final,10,10,22
grok-4.3,S2,39,1,3,Correct,-0.0594495516345547,round,,D_local,S_final,10,10,22
grok-4.3,S2,39,2,1,Correct,0.17758914169901,round,,D_local,S_final,10,10,22
grok-4.3,S2,39,2,2,Correct,0.1587685412005861,round,,D_local,S_final,10,10,22
grok-4.3,S2,39,2,3,Correct,0.1657542426659676,round,,D_local,S_final,10,10,22
grok-4.3,S2,40,1,1,Correct,0.0646839488897831,round,,D_local,S_final,10,10,22
grok-4.3,S2,40,1,2,Correct,0.0883364589492538,round,,D_local,S_final,10,10,22
grok-4.3,S2,40,1,3,Correct,0.0688883013099126,round,,D_local,S_final,10,10,22
grok-4.3,S2,40,2,1,Wrong,0.0992402880302121,round,,D_local,S_final,10,10,22
grok-4.3,S2,40,2,2,Wrong,0.1049032976980177,round,,D_local,S_final,10,10,22
grok-4.3,S2,40,2,3,Wrong,0.080476890511844,round,,D_local,S_final,10,10,22
grok-4.3,S2,40,3,1,Correct,0.048975499136397,round,,D_local,S_final,10,10,22
grok-4.3,S2,40,3,2,Correct,0.1065412068472895,round,,D_local,S_final,10,10,22
grok-4.3,S2,40,3,3,Correct,0.0711888487904575,round,,D_local,S_final,10,10,22
grok-4.3,S2,40,4,1,Wrong,0.0371606208857493,round,,D_local,S_final,10,10,22
grok-4.3,S2,40,4,2,Wrong,0.0239772884837176,round,,D_local,S_final,10,10,22
grok-4.3,S2,40,4,3,Wrong,0.0174514020363306,round,,D_local,S_final,10,10,22
grok-4.3,S2,40,5,1,Wrong,0.053294926010924,round,,D_local,S_final,10,10,22
grok-4.3,S2,40,5,2,Wrong,0.0592134394058613,round,,D_local,S_final,10,10,22
grok-4.3,S2,40,5,3,Wrong,0.0410973432374023,round,,D_local,S_final,10,10,22
grok-4.3,S2,40,6,1,Correct,0.0066098401892703,round,,D_local,S_final,10,10,22
grok-4.3,S2,40,6,2,Correct,0.0148404046630905,round,,D_local,S_final,10,10,22
grok-4.3,S2,40,6,3,Correct,0.0207570376474786,round,,D_local,S_final,10,10,22
grok-4.3,S2,41,1,1,Wrong,0.1054501327605502,round,,D_local,S_final,10,10,22
grok-4.3,S2,41,1,2,Wrong,0.0709590425615215,round,,D_local,S_final,10,10,22
grok-4.3,S2,41,1,3,Wrong,0.1093189259662061,round,,D_local,S_final,10,10,22
grok-4.3,S2,42,1,1,Wrong,-0.049380252405312,round,,D_local,S_final,10,10,22
grok-4.3,S2,42,1,2,Wrong,-0.0524112514547353,round,,D_local,S_final,10,10,22
grok-4.3,S2,42,1,3,Wrong,-0.054506965904264,round,,D_local,S_final,10,10,22
grok-4.3,S2,43,1,1,Wrong,-0.0538332917380411,round,,D_local,S_final,10,10,22
grok-4.3,S2,43,1,2,Wrong,-0.0521452752036177,round,,D_local,S_final,10,10,22
grok-4.3,S2,43,1,3,Wrong,-0.025674176666234,round,,D_local,S_final,10,10,22
grok-4.3,S2,44,1,1,Wrong,0.0645950367362045,round,,D_local,S_final,10,10,22
grok-4.3,S2,44,1,2,Wrong,0.050964061415088,round,,D_local,S_final,10,10,22
grok-4.3,S2,44,1,3,Wrong,0.0813870652395738,round,,D_local,S_final,10,10,22
grok-4.3,S2,45,1,1,Correct,0.067290771527084,round,,D_local,S_final,10,10,22
grok-4.3,S2,45,1,2,Correct,0.1519650570336752,round,,D_local,S_final,10,10,22
grok-4.3,S2,45,1,3,Correct,0.1546079176543998,round,,D_local,S_final,10,10,22
grok-4.3,S2,45,2,1,Wrong,-0.0792115039166176,round,,D_local,S_final,10,10,22
grok-4.3,S2,45,2,2,Wrong,-0.0417923799209111,round,,D_local,S_final,10,10,22
grok-4.3,S2,45,2,3,Wrong,-0.0393039959807042,round,,D_local,S_final,10,10,22
grok-4.3,S2,45,3,1,Wrong,-0.0518630258830765,round,,D_local,S_final,10,10,22
grok-4.3,S2,45,3,2,Wrong,-0.0633012208744132,round,,D_local,S_final,10,10,22
grok-4.3,S2,45,3,3,Wrong,-0.0763362910711069,round,,D_local,S_final,10,10,22
grok-4.3,S2,46,1,1,Correct,0.0626994804460195,round,,D_local,S_final,10,10,22
grok-4.3,S2,46,1,2,Correct,0.1005575370940389,round,,D_local,S_final,10,10,22
grok-4.3,S2,46,1,3,Correct,0.0875257108643771,round,,D_local,S_final,10,10,22
grok-4.3,S2,46,2,1,Correct,0.0726293223571942,round,,D_local,S_final,10,10,22
grok-4.3,S2,46,2,2,Correct,0.0662674432730989,round,,D_local,S_final,10,10,22
grok-4.3,S2,46,2,3,Correct,0.0694062097311547,round,,D_local,S_final,10,10,22
grok-4.3,S2,47,1,1,Correct,0.1384058842410308,round,,D_local,S_final,10,10,22
grok-4.3,S2,47,1,2,Correct,0.1185535113578946,round,,D_local,S_final,10,10,22
grok-4.3,S2,47,1,3,Correct,0.1363596165831483,round,,D_local,S_final,10,10,22
grok-4.3,S2,47,2,1,Correct,0.0261044209833591,round,,D_local,S_final,10,10,22
grok-4.3,S2,47,2,2,Correct,0.0180909734536686,round,,D_local,S_final,10,10,22
grok-4.3,S2,47,2,3,Correct,-0.0080353922599638,round,,D_local,S_final,10,10,22
grok-4.3,S2,48,1,1,Wrong,0.0398850564703053,round,,D_local,S_final,10,10,22
grok-4.3,S2,48,1,2,Wrong,0.081879746657665,round,,D_local,S_final,10,10,22
grok-4.3,S2,48,1,3,Wrong,0.0615868909130663,round,,D_local,S_final,10,10,22
grok-4.3,S2,48,2,1,Correct,-0.0055552801628334,round,,D_local,S_final,10,10,22
grok-4.3,S2,48,2,2,Correct,-0.0175642700099208,round,,D_local,S_final,10,10,22
grok-4.3,S2,48,2,3,Correct,0.0054845034540743,round,,D_local,S_final,10,10,22
grok-4.3,S2,49,1,1,Correct,0.0580291389364178,round,,D_local,S_final,10,10,22
grok-4.3,S2,49,1,2,Correct,0.0730576345301572,round,,D_local,S_final,10,10,22
grok-4.3,S2,49,1,3,Correct,0.0865215650343408,round,,D_local,S_final,10,10,22
grok-4.3,S2,50,1,1,Correct,0.0750862211883824,round,,D_local,S_final,10,10,22
grok-4.3,S2,50,1,2,Correct,0.0590600284244293,round,,D_local,S_final,10,10,22
grok-4.3,S2,50,1,3,Correct,0.0520234299104929,round,,D_local,S_final,10,10,22
grok-4.3,S2,51,1,1,Correct,0.187645152423328,round,,D_local,S_final,10,10,22
grok-4.3,S2,51,1,2,Correct,0.1516058227121443,round,,D_local,S_final,10,10,22
grok-4.3,S2,51,1,3,Correct,0.1211699592943778,round,,D_local,S_final,10,10,22
grok-4.3,S2,52,1,1,Correct,0.1563161505431451,round,,D_local,S_final,10,10,22
grok-4.3,S2,52,1,2,Correct,0.1311947050018899,round,,D_local,S_final,10,10,22
grok-4.3,S2,52,1,3,Correct,0.1545962829268887,round,,D_local,S_final,10,10,22
grok-4.3,S2,53,1,1,Correct,-0.0010301274533591,round,,D_local,S_final,10,10,22
grok-4.3,S2,53,1,2,Correct,0.0082180714143211,round,,D_local,S_final,10,10,22
grok-4.3,S2,53,1,3,Correct,0.0192127905226034,round,,D_local,S_final,10,10,22
grok-4.3,S2,53,2,1,Correct,0.0998791405735176,round,,D_local,S_final,10,10,22
grok-4.3,S2,53,2,2,Correct,0.0954961290802981,round,,D_local,S_final,10,10,22
grok-4.3,S2,53,2,3,Correct,0.0964518676600626,round,,D_local,S_final,10,10,22
grok-4.3,S2,54,1,1,Correct,-0.0995763917906433,round,,D_local,S_final,10,10,22
grok-4.3,S2,54,1,2,Correct,-0.115730170984302,round,,D_local,S_final,10,10,22
grok-4.3,S2,54,1,3,Correct,-0.1123059374764429,round,,D_local,S_final,10,10,22
grok-4.3,S2,54,2,1,Correct,0.0997512115230718,round,,D_local,S_final,10,10,22
grok-4.3,S2,54,2,2,Correct,0.0990058625297513,round,,D_local,S_final,10,10,22
grok-4.3,S2,54,2,3,Correct,0.093078704561244,round,,D_local,S_final,10,10,22
grok-4.3,S2,55,1,1,Correct,-0.0250929574932583,round,,D_local,S_final,10,10,22
grok-4.3,S2,55,1,2,Correct,-0.0468136836968599,round,,D_local,S_final,10,10,22
grok-4.3,S2,55,1,3,Wrong,-0.0223522986184769,round,,D_local,S_final,10,10,22
grok-4.3,S2,55,2,1,Correct,0.133580485709739,round,,D_local,S_final,10,10,22
grok-4.3,S2,55,2,2,Correct,0.1281067917789651,round,,D_local,S_final,10,10,22
grok-4.3,S2,55,2,3,Correct,0.1160915011467916,round,,D_local,S_final,10,10,22
grok-4.3,S2,56,1,1,Wrong,-0.016416510054523,round,,D_local,S_final,10,10,22
grok-4.3,S2,56,1,2,Wrong,0.0052775851774157,round,,D_local,S_final,10,10,22
grok-4.3,S2,56,1,3,Wrong,-0.0376595268481499,round,,D_local,S_final,10,10,22
grok-4.3,S2,56,2,1,Correct,0.0633192506596865,round,,D_local,S_final,10,10,22
grok-4.3,S2,56,2,2,Correct,0.0110149929820529,round,,D_local,S_final,10,10,22
grok-4.3,S2,56,2,3,Correct,0.0108702502416008,round,,D_local,S_final,10,10,22
grok-4.3,S2,57,1,1,Correct,-0.0722800111579612,round,,D_local,S_final,10,10,22
grok-4.3,S2,57,1,2,Correct,-0.0898362564887571,round,,D_local,S_final,10,10,22
grok-4.3,S2,57,1,3,Correct,-0.0955129270019625,round,,D_local,S_final,10,10,22
grok-4.3,S2,57,2,1,Wrong,-0.1174741435051704,round,,D_local,S_final,10,10,22
grok-4.3,S2,57,2,2,Wrong,-0.1669164394551295,round,,D_local,S_final,10,10,22
grok-4.3,S2,57,2,3,Wrong,-0.1282959011346479,round,,D_local,S_final,10,10,22
grok-4.3,S2,58,1,1,Correct,0.0004355364296092,round,,D_local,S_final,10,10,22
grok-4.3,S2,58,1,2,Correct,-0.0003276107378537,round,,D_local,S_final,10,10,22
grok-4.3,S2,58,1,3,Correct,0.0086039068626659,round,,D_local,S_final,10,10,22
grok-4.3,S2,58,2,1,Correct,0.026187869585637,round,,D_local,S_final,10,10,22
grok-4.3,S2,58,2,2,Correct,0.0197759541171556,round,,D_local,S_final,10,10,22
grok-4.3,S2,58,2,3,Correct,0.0094921515475299,round,,D_local,S_final,10,10,22
grok-4.3,S2,59,1,1,Correct,-0.0329383673931871,round,,D_local,S_final,10,10,22
grok-4.3,S2,59,1,2,Correct,-0.0592165874966421,round,,D_local,S_final,10,10,22
grok-4.3,S2,59,1,3,Correct,-0.0550824586039077,round,,D_local,S_final,10,10,22
grok-4.3,S2,59,2,1,Correct,0.081515477892329,round,,D_local,S_final,10,10,22
grok-4.3,S2,59,2,2,Correct,0.0707628179418688,round,,D_local,S_final,10,10,22
grok-4.3,S2,59,2,3,Correct,0.0902290372615781,round,,D_local,S_final,10,10,22
grok-4.3,S2,60,1,1,Correct,-0.126263101773437,round,,D_local,S_final,10,10,22
grok-4.3,S2,60,1,2,Correct,-0.0938558003491153,round,,D_local,S_final,10,10,22
grok-4.3,S2,60,1,3,Correct,-0.0905846933036637,round,,D_local,S_final,10,10,22
grok-4.3,S2,60,2,1,Correct,0.1078044161884517,round,,D_local,S_final,10,10,22
grok-4.3,S2,60,2,2,Correct,0.1143631665287603,round,,D_local,S_final,10,10,22
grok-4.3,S2,60,2,3,Correct,0.1174326119642452,round,,D_local,S_final,10,10,22
grok-4.3,S2,61,1,1,Correct,-0.0695501301781135,round,,D_local,S_final,10,10,22
grok-4.3,S2,61,1,2,Correct,-0.0841182206523308,round,,D_local,S_final,10,10,22
grok-4.3,S2,61,1,3,Correct,-0.0827838035365605,round,,D_local,S_final,10,10,22
grok-4.3,S2,61,2,1,Correct,0.1102815002789087,round,,D_local,S_final,10,10,22
grok-4.3,S2,61,2,2,Correct,0.1423403668735676,round,,D_local,S_final,10,10,22
grok-4.3,S2,61,2,3,Correct,0.1300721138778364,round,,D_local,S_final,10,10,22
grok-4.3,S2,62,1,1,Correct,0.0142724265520476,round,,D_local,S_final,10,10,22
grok-4.3,S2,62,1,2,Correct,0.0208480187407589,round,,D_local,S_final,10,10,22
grok-4.3,S2,62,1,3,Correct,0.0198713784667411,round,,D_local,S_final,10,10,22
grok-4.3,S2,62,2,1,Correct,0.0028463419175097,round,,D_local,S_final,10,10,22
grok-4.3,S2,62,2,2,Correct,0.0248073895489836,round,,D_local,S_final,10,10,22
grok-4.3,S2,62,2,3,Correct,0.0128822540014856,round,,D_local,S_final,10,10,22
grok-4.3,S2,63,1,1,Correct,0.013284061990466,round,,D_local,S_final,10,10,22
grok-4.3,S2,63,1,2,Correct,0.0144893734511968,round,,D_local,S_final,10,10,22
grok-4.3,S2,63,1,3,Correct,0.0004688024595601,round,,D_local,S_final,10,10,22
grok-4.3,S2,63,2,1,Correct,0.0241988985865795,round,,D_local,S_final,10,10,22
grok-4.3,S2,63,2,2,Correct,0.0230199269025205,round,,D_local,S_final,10,10,22
grok-4.3,S2,63,2,3,Correct,0.0212250262112095,round,,D_local,S_final,10,10,22
grok-4.3,S2,64,1,1,Correct,0.0886756061133285,round,,D_local,S_final,10,10,22
grok-4.3,S2,64,1,2,Correct,0.0319102551464752,round,,D_local,S_final,10,10,22
grok-4.3,S2,64,1,3,Correct,0.0902404945804282,round,,D_local,S_final,10,10,22
grok-4.3,S2,64,2,1,Correct,0.0303624544890414,round,,D_local,S_final,10,10,22
grok-4.3,S2,64,2,2,Correct,0.053584135889822,round,,D_local,S_final,10,10,22
grok-4.3,S2,64,2,3,Correct,0.0416646138555663,round,,D_local,S_final,10,10,22
grok-4.3,S3,1,1,1,Correct,0.1322712413409312,round,,D_local,S_final,10,10,22
grok-4.3,S3,1,1,2,Correct,0.1056901183872833,round,,D_local,S_final,10,10,22
grok-4.3,S3,1,1,3,Correct,0.1459921830548234,round,,D_local,S_final,10,10,22
grok-4.3,S3,1,2,1,Correct,0.011418034420865,round,,D_local,S_final,10,10,22
grok-4.3,S3,1,2,2,Correct,0.0477436964273131,round,,D_local,S_final,10,10,22
grok-4.3,S3,1,2,3,Correct,0.0129815579391326,round,,D_local,S_final,10,10,22
grok-4.3,S3,1,3,1,Correct,0.0151494806451519,round,,D_local,S_final,10,10,22
grok-4.3,S3,1,3,2,Correct,0.0053399719873791,round,,D_local,S_final,10,10,22
grok-4.3,S3,1,3,3,Correct,0.0187948309912894,round,,D_local,S_final,10,10,22
grok-4.3,S3,1,4,1,Correct,0.0845679224966338,round,,D_local,S_final,10,10,22
grok-4.3,S3,1,4,2,Correct,0.0721293444703992,round,,D_local,S_final,10,10,22
grok-4.3,S3,1,4,3,Correct,0.0792754881983519,round,,D_local,S_final,10,10,22
grok-4.3,S3,1,5,1,Correct,0.0819579282147442,round,,D_local,S_final,10,10,22
grok-4.3,S3,1,5,2,Correct,0.0784424677204642,round,,D_local,S_final,10,10,22
grok-4.3,S3,1,5,3,Correct,0.0845111285040237,round,,D_local,S_final,10,10,22
grok-4.3,S3,2,1,1,Correct,0.2179137427463587,round,,D_local,S_final,10,10,22
grok-4.3,S3,2,1,2,Correct,0.205415139446113,round,,D_local,S_final,10,10,22
grok-4.3,S3,2,1,3,Wrong,0.1717452052306117,round,,D_local,S_final,10,10,22
grok-4.3,S3,3,1,1,Correct,0.2553280749862837,round,,D_local,S_final,10,10,22
grok-4.3,S3,3,1,2,Correct,0.2891267123130067,round,,D_local,S_final,10,10,22
grok-4.3,S3,3,1,3,Correct,0.2084029155125093,round,,D_local,S_final,10,10,22
grok-4.3,S3,3,2,1,Correct,0.2873184399269832,round,,D_local,S_final,10,10,22
grok-4.3,S3,3,2,2,Correct,0.2607644004983342,round,,D_local,S_final,10,10,22
grok-4.3,S3,3,2,3,Correct,0.2925403759339008,round,,D_local,S_final,10,10,22
grok-4.3,S3,4,1,1,Correct,0.1269579230178592,round,,D_local,S_final,10,10,22
grok-4.3,S3,4,1,2,Correct,0.1297006101806666,round,,D_local,S_final,10,10,22
grok-4.3,S3,4,1,3,Correct,0.1221411380716842,round,,D_local,S_final,10,10,22
grok-4.3,S3,4,2,1,Correct,0.1073950985736412,round,,D_local,S_final,10,10,22
grok-4.3,S3,4,2,2,Wrong,0.0860629953668982,round,,D_local,S_final,10,10,22
grok-4.3,S3,4,2,3,Wrong,0.0989183773872696,round,,D_local,S_final,10,10,22
grok-4.3,S3,4,3,1,Correct,0.0744771868580939,round,,D_local,S_final,10,10,22
grok-4.3,S3,4,3,2,Correct,0.0836916604216497,round,,D_local,S_final,10,10,22
grok-4.3,S3,4,3,3,Correct,0.0653496904988363,round,,D_local,S_final,10,10,22
grok-4.3,S3,5,1,1,Wrong,0.0391063627275861,round,,D_local,S_final,10,10,22
grok-4.3,S3,5,1,2,Wrong,0.0382694401247593,round,,D_local,S_final,10,10,22
grok-4.3,S3,5,1,3,Wrong,0.0745145585758518,round,,D_local,S_final,10,10,22
grok-4.3,S3,5,2,1,Correct,0.1057162080719257,round,,D_local,S_final,10,10,22
grok-4.3,S3,5,2,2,Correct,0.0742298963440738,round,,D_local,S_final,10,10,22
grok-4.3,S3,5,2,3,Correct,0.0802493129261833,round,,D_local,S_final,10,10,22
grok-4.3,S3,5,3,1,Correct,0.0870330520165041,round,,D_local,S_final,10,10,22
grok-4.3,S3,5,3,2,Correct,0.087859838555281,round,,D_local,S_final,10,10,22
grok-4.3,S3,5,3,3,Correct,0.0954098374491552,round,,D_local,S_final,10,10,22
grok-4.3,S3,6,1,1,Correct,0.0835154732522696,round,,D_local,S_final,10,10,22
grok-4.3,S3,6,1,2,Correct,0.0947460233202535,round,,D_local,S_final,10,10,22
grok-4.3,S3,6,1,3,Correct,0.1076272771785517,round,,D_local,S_final,10,10,22
grok-4.3,S3,6,2,1,Wrong,-0.0110315710382452,round,,D_local,S_final,10,10,22
grok-4.3,S3,6,2,2,Wrong,-0.0030700638152998,round,,D_local,S_final,10,10,22
grok-4.3,S3,6,2,3,Wrong,-0.0035261022262659,round,,D_local,S_final,10,10,22
grok-4.3,S3,6,3,1,Correct,0.0712480926845293,round,,D_local,S_final,10,10,22
grok-4.3,S3,6,3,2,Correct,0.0809017929277849,round,,D_local,S_final,10,10,22
grok-4.3,S3,6,3,3,Correct,0.0728848255566759,round,,D_local,S_final,10,10,22
grok-4.3,S3,7,1,1,Correct,0.1282960389771077,round,,D_local,S_final,10,10,22
grok-4.3,S3,7,1,2,Correct,0.0935404700807012,round,,D_local,S_final,10,10,22
grok-4.3,S3,7,1,3,Correct,0.1107465726834707,round,,D_local,S_final,10,10,22
grok-4.3,S3,7,2,1,Wrong,0.0795648949447983,round,,D_local,S_final,10,10,22
grok-4.3,S3,7,2,2,Correct,0.0897129232289044,round,,D_local,S_final,10,10,22
grok-4.3,S3,7,2,3,Wrong,0.075941639970129,round,,D_local,S_final,10,10,22
grok-4.3,S3,7,3,1,Wrong,-0.01008954744373,round,,D_local,S_final,10,10,22
grok-4.3,S3,7,3,2,Wrong,-0.00621931422863,round,,D_local,S_final,10,10,22
grok-4.3,S3,7,3,3,Wrong,-0.0234710926178943,round,,D_local,S_final,10,10,22
grok-4.3,S3,7,4,1,Correct,-0.0075825494043003,round,,D_local,S_final,10,10,22
grok-4.3,S3,7,4,2,Correct,0.0335731000929588,round,,D_local,S_final,10,10,22
grok-4.3,S3,7,4,3,Correct,0.014734107079566,round,,D_local,S_final,10,10,22
grok-4.3,S3,7,5,1,Correct,0.0683321446014164,round,,D_local,S_final,10,10,22
grok-4.3,S3,7,5,2,Correct,0.0791242822161416,round,,D_local,S_final,10,10,22
grok-4.3,S3,7,5,3,Correct,0.0894061946403778,round,,D_local,S_final,10,10,22
grok-4.3,S3,7,6,1,Wrong,-0.024632533519435,round,,D_local,S_final,10,10,22
grok-4.3,S3,7,6,2,Wrong,-0.0354744379212647,round,,D_local,S_final,10,10,22
grok-4.3,S3,7,6,3,Wrong,-0.0257824989803634,round,,D_local,S_final,10,10,22
grok-4.3,S3,7,7,1,Wrong,0.0847334266055409,round,,D_local,S_final,10,10,22
grok-4.3,S3,7,7,2,Wrong,0.0721469319638192,round,,D_local,S_final,10,10,22
grok-4.3,S3,7,7,3,Wrong,0.0838083718266685,round,,D_local,S_final,10,10,22
grok-4.3,S3,7,8,1,Correct,0.0443230469064972,round,,D_local,S_final,10,10,22
grok-4.3,S3,7,8,2,Correct,0.1290282172519189,round,,D_local,S_final,10,10,22
grok-4.3,S3,7,8,3,Correct,0.0804775165729453,round,,D_local,S_final,10,10,22
grok-4.3,S3,7,9,1,Correct,0.1372136809483686,round,,D_local,S_final,10,10,22
grok-4.3,S3,7,9,2,Correct,0.1328960415136354,round,,D_local,S_final,10,10,22
grok-4.3,S3,7,9,3,Correct,0.1458636968129086,round,,D_local,S_final,10,10,22
grok-4.3,S3,7,10,1,Wrong,0.0030412946370314,round,,D_local,S_final,10,10,22
grok-4.3,S3,7,10,2,Wrong,-0.0112243638138159,round,,D_local,S_final,10,10,22
grok-4.3,S3,7,10,3,Wrong,0.0144262305863388,round,,D_local,S_final,10,10,22
grok-4.3,S3,7,11,1,Correct,0.0917707360680001,round,,D_local,S_final,10,10,22
grok-4.3,S3,7,11,2,Correct,0.0612657809743423,round,,D_local,S_final,10,10,22
grok-4.3,S3,7,11,3,Wrong,0.0482720531093443,round,,D_local,S_final,10,10,22
grok-4.3,S3,8,1,1,Correct,0.1129304650681263,round,,D_local,S_final,10,10,22
grok-4.3,S3,8,1,2,Correct,0.0965293876758172,round,,D_local,S_final,10,10,22
grok-4.3,S3,8,1,3,Correct,0.0866221511078213,round,,D_local,S_final,10,10,22
grok-4.3,S3,8,2,1,Correct,0.0518936449659481,round,,D_local,S_final,10,10,22
grok-4.3,S3,8,2,2,Correct,0.0729128083802936,round,,D_local,S_final,10,10,22
grok-4.3,S3,8,2,3,Correct,0.0611342599380435,round,,D_local,S_final,10,10,22
grok-4.3,S3,8,3,1,Wrong,0.0125986031001557,round,,D_local,S_final,10,10,22
grok-4.3,S3,8,3,2,Wrong,0.0044960680375439,round,,D_local,S_final,10,10,22
grok-4.3,S3,8,3,3,Wrong,0.0221729484438832,round,,D_local,S_final,10,10,22
grok-4.3,S3,8,4,1,Wrong,-0.0673201392480653,round,,D_local,S_final,10,10,22
grok-4.3,S3,8,4,2,Wrong,-0.0773593925030688,round,,D_local,S_final,10,10,22
grok-4.3,S3,8,4,3,Wrong,-0.0836235236459167,round,,D_local,S_final,10,10,22
grok-4.3,S3,9,1,1,Correct,0.0592409870802741,round,,D_local,S_final,10,10,22
grok-4.3,S3,9,1,2,Correct,0.0746538205304222,round,,D_local,S_final,10,10,22
grok-4.3,S3,9,1,3,Correct,0.0322696574579719,round,,D_local,S_final,10,10,22
grok-4.3,S3,9,2,1,Wrong,0.0778031494301282,round,,D_local,S_final,10,10,22
grok-4.3,S3,9,2,2,Wrong,0.0829968394279331,round,,D_local,S_final,10,10,22
grok-4.3,S3,9,2,3,Wrong,0.0993415277923157,round,,D_local,S_final,10,10,22
grok-4.3,S3,9,3,1,Correct,0.0831640343238091,round,,D_local,S_final,10,10,22
grok-4.3,S3,9,3,2,Correct,0.0879332473163647,round,,D_local,S_final,10,10,22
grok-4.3,S3,9,3,3,Correct,0.072377572029485,round,,D_local,S_final,10,10,22
grok-4.3,S3,10,1,1,Wrong,0.0963058110061052,round,,D_local,S_final,10,10,22
grok-4.3,S3,10,1,2,Wrong,0.1012222086368791,round,,D_local,S_final,10,10,22
grok-4.3,S3,10,1,3,Wrong,0.0999899048812882,round,,D_local,S_final,10,10,22
grok-4.3,S3,10,2,1,Wrong,0.1235960770067426,round,,D_local,S_final,10,10,22
grok-4.3,S3,10,2,2,Wrong,0.1468008517535656,round,,D_local,S_final,10,10,22
grok-4.3,S3,10,2,3,Wrong,0.1364937567180298,round,,D_local,S_final,10,10,22
grok-4.3,S3,11,1,1,Wrong,0.035806172312543,round,,D_local,S_final,10,10,22
grok-4.3,S3,11,1,2,Correct,0.0452119237362039,round,,D_local,S_final,10,10,22
grok-4.3,S3,11,1,3,Wrong,0.0981398671809294,round,,D_local,S_final,10,10,22
grok-4.3,S3,12,1,1,Correct,0.0047058254223981,round,,D_local,S_final,10,10,22
grok-4.3,S3,12,1,2,Wrong,0.0166786448226755,round,,D_local,S_final,10,10,22
grok-4.3,S3,12,1,3,Correct,-0.0089290987505558,round,,D_local,S_final,10,10,22
grok-4.3,S3,13,1,1,Correct,0.136554858189244,round,,D_local,S_final,10,10,22
grok-4.3,S3,13,1,2,Correct,0.169004542374438,round,,D_local,S_final,10,10,22
grok-4.3,S3,13,1,3,Correct,0.1620617331971792,round,,D_local,S_final,10,10,22
grok-4.3,S3,13,2,1,Correct,-0.0182516873155391,round,,D_local,S_final,10,10,22
grok-4.3,S3,13,2,2,Correct,0.0062061563764884,round,,D_local,S_final,10,10,22
grok-4.3,S3,13,2,3,Correct,0.0152448286789459,round,,D_local,S_final,10,10,22
grok-4.3,S3,13,3,1,Wrong,-0.0094873528755333,round,,D_local,S_final,10,10,22
grok-4.3,S3,13,3,2,Correct,0.0195615670816101,round,,D_local,S_final,10,10,22
grok-4.3,S3,13,3,3,Wrong,-0.0382367440798874,round,,D_local,S_final,10,10,22
grok-4.3,S3,14,1,1,Correct,0.0767067239247113,round,,D_local,S_final,10,10,22
grok-4.3,S3,14,1,2,Correct,0.0700782980869889,round,,D_local,S_final,10,10,22
grok-4.3,S3,14,1,3,Correct,0.0931587261597116,round,,D_local,S_final,10,10,22
grok-4.3,S3,15,1,1,Wrong,-0.062516937694217,round,,D_local,S_final,10,10,22
grok-4.3,S3,15,1,2,Wrong,-0.0511152793146166,round,,D_local,S_final,10,10,22
grok-4.3,S3,15,1,3,Wrong,-0.0031372591530771,round,,D_local,S_final,10,10,22
grok-4.3,S3,16,1,1,Correct,0.1747833213099761,round,,D_local,S_final,10,10,22
grok-4.3,S3,16,1,2,Correct,0.1776674374340028,round,,D_local,S_final,10,10,22
grok-4.3,S3,16,1,3,Correct,0.1664237047385455,round,,D_local,S_final,10,10,22
grok-4.3,S3,17,1,1,Correct,0.0958318840364391,round,,D_local,S_final,10,10,22
grok-4.3,S3,17,1,2,Correct,0.0810160457812159,round,,D_local,S_final,10,10,22
grok-4.3,S3,17,1,3,Correct,0.0929333033332097,round,,D_local,S_final,10,10,22
grok-4.3,S3,18,1,1,Correct,0.1687350405098017,round,,D_local,S_final,10,10,22
grok-4.3,S3,18,1,2,Correct,0.1241795008237022,round,,D_local,S_final,10,10,22
grok-4.3,S3,18,1,3,Correct,0.1294431812317016,round,,D_local,S_final,10,10,22
grok-4.3,S3,19,1,1,Correct,0.103801232218628,round,,D_local,S_final,10,10,22
grok-4.3,S3,19,1,2,Correct,0.1199218691534385,round,,D_local,S_final,10,10,22
grok-4.3,S3,19,1,3,Correct,0.1150075077300968,round,,D_local,S_final,10,10,22
grok-4.3,S3,20,1,1,Correct,0.1147528740925668,round,,D_local,S_final,10,10,22
grok-4.3,S3,20,1,2,Wrong,0.1009780421566274,round,,D_local,S_final,10,10,22
grok-4.3,S3,20,1,3,Correct,0.0960848095073024,round,,D_local,S_final,10,10,22
grok-4.3,S3,21,1,1,Correct,0.1093061220348516,round,,D_local,S_final,10,10,22
grok-4.3,S3,21,1,2,Correct,0.130508066103424,round,,D_local,S_final,10,10,22
grok-4.3,S3,21,1,3,Correct,0.1023611030125403,round,,D_local,S_final,10,10,22
grok-4.3,S3,22,1,1,Correct,0.0584010847029098,round,,D_local,S_final,10,10,22
grok-4.3,S3,22,1,2,Correct,0.0421079699205374,round,,D_local,S_final,10,10,22
grok-4.3,S3,22,1,3,Correct,0.0446705785668366,round,,D_local,S_final,10,10,22
grok-4.3,S3,23,1,1,Correct,0.0916536126330835,round,,D_local,S_final,10,10,22
grok-4.3,S3,23,1,2,Correct,0.0500320547350325,round,,D_local,S_final,10,10,22
grok-4.3,S3,23,1,3,Correct,0.0383487325144421,round,,D_local,S_final,10,10,22
grok-4.3,S3,24,1,1,Correct,0.020390353267069,round,,D_local,S_final,10,10,22
grok-4.3,S3,24,1,2,Correct,0.0249837471484997,round,,D_local,S_final,10,10,22
grok-4.3,S3,24,1,3,Correct,0.0321206934817416,round,,D_local,S_final,10,10,22
grok-4.3,S3,25,1,1,Correct,0.0197093826307834,round,,D_local,S_final,10,10,22
grok-4.3,S3,25,1,2,Correct,-0.0167408813299588,round,,D_local,S_final,10,10,22
grok-4.3,S3,25,1,3,Correct,-0.0078507310377164,round,,D_local,S_final,10,10,22
grok-4.3,S3,25,2,1,Correct,0.1397126200091163,round,,D_local,S_final,10,10,22
grok-4.3,S3,25,2,2,Correct,0.1073798773630521,round,,D_local,S_final,10,10,22
grok-4.3,S3,25,2,3,Correct,0.0738062568876413,round,,D_local,S_final,10,10,22
grok-4.3,S3,26,1,1,Correct,0.0681640743272636,round,,D_local,S_final,10,10,22
grok-4.3,S3,26,1,2,Correct,0.1015440479944905,round,,D_local,S_final,10,10,22
grok-4.3,S3,26,1,3,Correct,0.0899227329358767,round,,D_local,S_final,10,10,22
grok-4.3,S3,26,2,1,Correct,-0.0046498934451885,round,,D_local,S_final,10,10,22
grok-4.3,S3,26,2,2,Correct,0.034795420087696,round,,D_local,S_final,10,10,22
grok-4.3,S3,26,2,3,Correct,0.0547832880074246,round,,D_local,S_final,10,10,22
grok-4.3,S3,26,3,1,Correct,0.0374134935014623,round,,D_local,S_final,10,10,22
grok-4.3,S3,26,3,2,Correct,0.0667275088684313,round,,D_local,S_final,10,10,22
grok-4.3,S3,26,3,3,Correct,0.0489887826504298,round,,D_local,S_final,10,10,22
grok-4.3,S3,26,4,1,Correct,0.1363949044350081,round,,D_local,S_final,10,10,22
grok-4.3,S3,26,4,2,Correct,0.1267932294103514,round,,D_local,S_final,10,10,22
grok-4.3,S3,26,4,3,Correct,0.1552372335883816,round,,D_local,S_final,10,10,22
grok-4.3,S3,27,1,1,Correct,0.0975705403604502,round,,D_local,S_final,10,10,22
grok-4.3,S3,27,1,2,Correct,0.097468763479465,round,,D_local,S_final,10,10,22
grok-4.3,S3,27,1,3,Correct,0.0868954227213774,round,,D_local,S_final,10,10,22
grok-4.3,S3,27,2,1,Correct,0.0320522641775882,round,,D_local,S_final,10,10,22
grok-4.3,S3,27,2,2,Correct,0.0533342216752301,round,,D_local,S_final,10,10,22
grok-4.3,S3,27,2,3,Correct,0.0741705908098203,round,,D_local,S_final,10,10,22
grok-4.3,S3,27,3,1,Correct,0.0626328746168426,round,,D_local,S_final,10,10,22
grok-4.3,S3,27,3,2,Correct,0.0281454832028943,round,,D_local,S_final,10,10,22
grok-4.3,S3,27,3,3,Correct,0.0223462341710691,round,,D_local,S_final,10,10,22
grok-4.3,S3,27,4,1,Correct,0.1792115484249408,round,,D_local,S_final,10,10,22
grok-4.3,S3,27,4,2,Correct,0.1802775126563084,round,,D_local,S_final,10,10,22
grok-4.3,S3,27,4,3,Correct,0.1852892913760565,round,,D_local,S_final,10,10,22
grok-4.3,S3,28,1,1,Wrong,0.0017246795147612,round,,D_local,S_final,10,10,22
grok-4.3,S3,28,1,2,Wrong,-0.004457294315623,round,,D_local,S_final,10,10,22
grok-4.3,S3,28,1,3,Wrong,0.0086408324587701,round,,D_local,S_final,10,10,22
grok-4.3,S3,28,2,1,Correct,-0.0319676834925434,round,,D_local,S_final,10,10,22
grok-4.3,S3,28,2,2,Correct,-0.0121172861024778,round,,D_local,S_final,10,10,22
grok-4.3,S3,28,2,3,Correct,-0.025989253682127,round,,D_local,S_final,10,10,22
grok-4.3,S3,29,1,1,Correct,0.1174128070254088,round,,D_local,S_final,10,10,22
grok-4.3,S3,29,1,2,Wrong,0.0805425831577506,round,,D_local,S_final,10,10,22
grok-4.3,S3,29,1,3,Correct,0.0978955638341451,round,,D_local,S_final,10,10,22
grok-4.3,S3,29,2,1,Correct,-0.0730861210882483,round,,D_local,S_final,10,10,22
grok-4.3,S3,29,2,2,Correct,-0.0665482623279992,round,,D_local,S_final,10,10,22
grok-4.3,S3,29,2,3,Correct,-0.0524183361279858,round,,D_local,S_final,10,10,22
grok-4.3,S3,30,1,1,Correct,0.091260901077616,round,,D_local,S_final,10,10,22
grok-4.3,S3,30,1,2,Correct,0.0628981854484584,round,,D_local,S_final,10,10,22
grok-4.3,S3,30,1,3,Correct,0.0742719905382357,round,,D_local,S_final,10,10,22
grok-4.3,S3,30,2,1,Correct,-0.0688943848101671,round,,D_local,S_final,10,10,22
grok-4.3,S3,30,2,2,Correct,-0.0533349339345803,round,,D_local,S_final,10,10,22
grok-4.3,S3,30,2,3,Correct,-0.0526780092689156,round,,D_local,S_final,10,10,22
grok-4.3,S3,31,1,1,Correct,0.1503589437903244,round,,D_local,S_final,10,10,22
grok-4.3,S3,31,1,2,Correct,0.1800383048510754,round,,D_local,S_final,10,10,22
grok-4.3,S3,31,1,3,Correct,0.1593893396680596,round,,D_local,S_final,10,10,22
grok-4.3,S3,32,1,1,Correct,0.1110615129543044,round,,D_local,S_final,10,10,22
grok-4.3,S3,32,1,2,Correct,0.1368285680335208,round,,D_local,S_final,10,10,22
grok-4.3,S3,32,1,3,Correct,0.1300946809528801,round,,D_local,S_final,10,10,22
grok-4.3,S3,33,1,1,Correct,0.0886674971253483,round,,D_local,S_final,10,10,22
grok-4.3,S3,33,1,2,Correct,0.1212118173941565,round,,D_local,S_final,10,10,22
grok-4.3,S3,33,1,3,Correct,0.1461745948114673,round,,D_local,S_final,10,10,22
grok-4.3,S3,34,1,1,Correct,0.0215872785796797,round,,D_local,S_final,10,10,22
grok-4.3,S3,34,1,2,Correct,0.0245578920834647,round,,D_local,S_final,10,10,22
grok-4.3,S3,34,1,3,Correct,0.0190535519326651,round,,D_local,S_final,10,10,22
grok-4.3,S3,35,1,1,Wrong,-0.0086563216414798,round,,D_local,S_final,10,10,22
grok-4.3,S3,35,1,2,Wrong,-0.0272333789905738,round,,D_local,S_final,10,10,22
grok-4.3,S3,35,1,3,Wrong,0.02367788176694,round,,D_local,S_final,10,10,22
grok-4.3,S3,36,1,1,Correct,0.1129006963236722,round,,D_local,S_final,10,10,22
grok-4.3,S3,36,1,2,Correct,0.1029737540423126,round,,D_local,S_final,10,10,22
grok-4.3,S3,36,1,3,Correct,0.1088451026793854,round,,D_local,S_final,10,10,22
grok-4.3,S3,36,2,1,Wrong,0.0488812902196856,round,,D_local,S_final,10,10,22
grok-4.3,S3,36,2,2,Wrong,0.0417544901314009,round,,D_local,S_final,10,10,22
grok-4.3,S3,36,2,3,Wrong,0.0116659097007516,round,,D_local,S_final,10,10,22
grok-4.3,S3,36,3,1,Correct,0.0427464933665238,round,,D_local,S_final,10,10,22
grok-4.3,S3,36,3,2,Correct,0.0515316770254806,round,,D_local,S_final,10,10,22
grok-4.3,S3,36,3,3,Correct,0.0637114293508808,round,,D_local,S_final,10,10,22
grok-4.3,S3,37,1,1,Correct,-0.0223927215527715,round,,D_local,S_final,10,10,22
grok-4.3,S3,37,1,2,Correct,0.0217608967783856,round,,D_local,S_final,10,10,22
grok-4.3,S3,37,1,3,Correct,0.0151772728759197,round,,D_local,S_final,10,10,22
grok-4.3,S3,37,2,1,Wrong,0.1125799574501273,round,,D_local,S_final,10,10,22
grok-4.3,S3,37,2,2,Wrong,0.117982288557626,round,,D_local,S_final,10,10,22
grok-4.3,S3,37,2,3,Wrong,0.0466658948108441,round,,D_local,S_final,10,10,22
grok-4.3,S3,38,1,1,Correct,-0.1403057087728882,round,,D_local,S_final,10,10,22
grok-4.3,S3,38,1,2,Correct,-0.1518891689940844,round,,D_local,S_final,10,10,22
grok-4.3,S3,38,1,3,Correct,-0.1584941461852396,round,,D_local,S_final,10,10,22
grok-4.3,S3,38,2,1,Wrong,-0.1615646228289107,round,,D_local,S_final,10,10,22
grok-4.3,S3,38,2,2,Wrong,-0.1723405989627036,round,,D_local,S_final,10,10,22
grok-4.3,S3,38,2,3,Wrong,-0.162600753153951,round,,D_local,S_final,10,10,22
grok-4.3,S3,39,1,1,Correct,-0.0312420843349905,round,,D_local,S_final,10,10,22
grok-4.3,S3,39,1,2,Correct,-0.0075801120166987,round,,D_local,S_final,10,10,22
grok-4.3,S3,39,1,3,Correct,-0.0257849653876871,round,,D_local,S_final,10,10,22
grok-4.3,S3,39,2,1,Correct,0.141365291231723,round,,D_local,S_final,10,10,22
grok-4.3,S3,39,2,2,Correct,0.207526829798935,round,,D_local,S_final,10,10,22
grok-4.3,S3,39,2,3,Correct,0.1948750783923242,round,,D_local,S_final,10,10,22
grok-4.3,S3,40,1,1,Correct,0.1016592411941175,round,,D_local,S_final,10,10,22
grok-4.3,S3,40,1,2,Correct,0.1061776637070819,round,,D_local,S_final,10,10,22
grok-4.3,S3,40,1,3,Correct,0.1063543823549313,round,,D_local,S_final,10,10,22
grok-4.3,S3,40,2,1,Wrong,0.0895665095941853,round,,D_local,S_final,10,10,22
grok-4.3,S3,40,2,2,Wrong,0.0778863851115992,round,,D_local,S_final,10,10,22
grok-4.3,S3,40,2,3,Wrong,0.1098614534999371,round,,D_local,S_final,10,10,22
grok-4.3,S3,40,3,1,Correct,0.0719206812268068,round,,D_local,S_final,10,10,22
grok-4.3,S3,40,3,2,Correct,0.0745448623528628,round,,D_local,S_final,10,10,22
grok-4.3,S3,40,3,3,Correct,0.0436034816978061,round,,D_local,S_final,10,10,22
grok-4.3,S3,40,4,1,Wrong,0.0446673863227813,round,,D_local,S_final,10,10,22
grok-4.3,S3,40,4,2,Wrong,0.049329590336464,round,,D_local,S_final,10,10,22
grok-4.3,S3,40,4,3,Wrong,0.0445078646611168,round,,D_local,S_final,10,10,22
grok-4.3,S3,40,5,1,Wrong,0.0509673069816444,round,,D_local,S_final,10,10,22
grok-4.3,S3,40,5,2,Wrong,0.0557261152158583,round,,D_local,S_final,10,10,22
grok-4.3,S3,40,5,3,Wrong,0.0485397581517427,round,,D_local,S_final,10,10,22
grok-4.3,S3,40,6,1,Correct,0.0278396888164439,round,,D_local,S_final,10,10,22
grok-4.3,S3,40,6,2,Correct,0.0188946964903585,round,,D_local,S_final,10,10,22
grok-4.3,S3,40,6,3,Correct,0.0121268055756152,round,,D_local,S_final,10,10,22
grok-4.3,S3,41,1,1,Wrong,0.0916671800650977,round,,D_local,S_final,10,10,22
grok-4.3,S3,41,1,2,Wrong,0.0647198288204209,round,,D_local,S_final,10,10,22
grok-4.3,S3,41,1,3,Wrong,0.0972364854166178,round,,D_local,S_final,10,10,22
grok-4.3,S3,42,1,1,Wrong,-0.0211592558425031,round,,D_local,S_final,10,10,22
grok-4.3,S3,42,1,2,Wrong,-0.0237284926713812,round,,D_local,S_final,10,10,22
grok-4.3,S3,42,1,3,Wrong,-0.0187271897729315,round,,D_local,S_final,10,10,22
grok-4.3,S3,43,1,1,Wrong,0.0014643989066808,round,,D_local,S_final,10,10,22
grok-4.3,S3,43,1,2,Wrong,-0.0108401062303649,round,,D_local,S_final,10,10,22
grok-4.3,S3,43,1,3,Wrong,-0.0404347597709582,round,,D_local,S_final,10,10,22
grok-4.3,S3,44,1,1,Wrong,0.0907765692420086,round,,D_local,S_final,10,10,22
grok-4.3,S3,44,1,2,Wrong,0.089298671132511,round,,D_local,S_final,10,10,22
grok-4.3,S3,44,1,3,Wrong,0.0614370220483231,round,,D_local,S_final,10,10,22
grok-4.3,S3,45,1,1,Correct,0.1602507399554388,round,,D_local,S_final,10,10,22
grok-4.3,S3,45,1,2,Correct,0.1127773454909399,round,,D_local,S_final,10,10,22
grok-4.3,S3,45,1,3,Correct,0.1221360508316229,round,,D_local,S_final,10,10,22
grok-4.3,S3,45,2,1,Wrong,-0.0518082087962205,round,,D_local,S_final,10,10,22
grok-4.3,S3,45,2,2,Wrong,-0.0971263336097268,round,,D_local,S_final,10,10,22
grok-4.3,S3,45,2,3,Correct,-0.0252781776090903,round,,D_local,S_final,10,10,22
grok-4.3,S3,45,3,1,Correct,-0.0332874095751231,round,,D_local,S_final,10,10,22
grok-4.3,S3,45,3,2,Correct,-0.0529040523100151,round,,D_local,S_final,10,10,22
grok-4.3,S3,45,3,3,Correct,-0.0007727688896637,round,,D_local,S_final,10,10,22
grok-4.3,S3,46,1,1,Correct,0.0790413064960776,round,,D_local,S_final,10,10,22
grok-4.3,S3,46,1,2,Correct,0.1082381806443485,round,,D_local,S_final,10,10,22
grok-4.3,S3,46,1,3,Correct,0.0934883211744043,round,,D_local,S_final,10,10,22
grok-4.3,S3,46,2,1,Correct,0.0541720145952878,round,,D_local,S_final,10,10,22
grok-4.3,S3,46,2,2,Correct,0.0530143629829833,round,,D_local,S_final,10,10,22
grok-4.3,S3,46,2,3,Correct,0.0556932333362536,round,,D_local,S_final,10,10,22
grok-4.3,S3,47,1,1,Correct,0.1309954099473682,round,,D_local,S_final,10,10,22
grok-4.3,S3,47,1,2,Correct,0.1294015778804683,round,,D_local,S_final,10,10,22
grok-4.3,S3,47,1,3,Correct,0.1238440533433828,round,,D_local,S_final,10,10,22
grok-4.3,S3,47,2,1,Correct,0.0361698481574959,round,,D_local,S_final,10,10,22
grok-4.3,S3,47,2,2,Correct,0.0182038262512375,round,,D_local,S_final,10,10,22
grok-4.3,S3,47,2,3,Correct,0.0296085876389532,round,,D_local,S_final,10,10,22
grok-4.3,S3,48,1,1,Correct,0.0892365829507472,round,,D_local,S_final,10,10,22
grok-4.3,S3,48,1,2,Correct,0.0971057918011095,round,,D_local,S_final,10,10,22
grok-4.3,S3,48,1,3,Correct,0.0830639611771519,round,,D_local,S_final,10,10,22
grok-4.3,S3,48,2,1,Correct,0.0199302120437726,round,,D_local,S_final,10,10,22
grok-4.3,S3,48,2,2,Correct,0.0359992917508585,round,,D_local,S_final,10,10,22
grok-4.3,S3,48,2,3,Correct,0.0231699368717955,round,,D_local,S_final,10,10,22
grok-4.3,S3,49,1,1,Correct,0.1227497881473527,round,,D_local,S_final,10,10,22
grok-4.3,S3,49,1,2,Correct,0.0941613416303565,round,,D_local,S_final,10,10,22
grok-4.3,S3,49,1,3,Correct,0.1024948325941233,round,,D_local,S_final,10,10,22
grok-4.3,S3,50,1,1,Correct,0.0291739370539124,round,,D_local,S_final,10,10,22
grok-4.3,S3,50,1,2,Correct,0.0501717500348102,round,,D_local,S_final,10,10,22
grok-4.3,S3,50,1,3,Correct,0.0632452890832395,round,,D_local,S_final,10,10,22
grok-4.3,S3,51,1,1,Correct,0.1526516756072481,round,,D_local,S_final,10,10,22
grok-4.3,S3,51,1,2,Correct,0.1123359900753755,round,,D_local,S_final,10,10,22
grok-4.3,S3,51,1,3,Correct,0.1799455613381271,round,,D_local,S_final,10,10,22
grok-4.3,S3,52,1,1,Correct,0.1352006037101223,round,,D_local,S_final,10,10,22
grok-4.3,S3,52,1,2,Correct,0.1509710062190821,round,,D_local,S_final,10,10,22
grok-4.3,S3,52,1,3,Correct,0.1520312646696807,round,,D_local,S_final,10,10,22
grok-4.3,S3,53,1,1,Correct,0.0025618904429122,round,,D_local,S_final,10,10,22
grok-4.3,S3,53,1,2,Correct,0.0037288042607812,round,,D_local,S_final,10,10,22
grok-4.3,S3,53,1,3,Correct,0.011942663783739,round,,D_local,S_final,10,10,22
grok-4.3,S3,53,2,1,Correct,0.1219588084230702,round,,D_local,S_final,10,10,22
grok-4.3,S3,53,2,2,Correct,0.1051619696028058,round,,D_local,S_final,10,10,22
grok-4.3,S3,53,2,3,Correct,0.1274909654017927,round,,D_local,S_final,10,10,22
grok-4.3,S3,54,1,1,Correct,-0.121697913029893,round,,D_local,S_final,10,10,22
grok-4.3,S3,54,1,2,Correct,-0.1348347037249391,round,,D_local,S_final,10,10,22
grok-4.3,S3,54,1,3,Correct,-0.11985805597037,round,,D_local,S_final,10,10,22
grok-4.3,S3,54,2,1,Correct,0.1077120681159524,round,,D_local,S_final,10,10,22
grok-4.3,S3,54,2,2,Correct,0.1155875107138669,round,,D_local,S_final,10,10,22
grok-4.3,S3,54,2,3,Correct,0.1234907266217596,round,,D_local,S_final,10,10,22
grok-4.3,S3,55,1,1,Correct,-0.0199919589222785,round,,D_local,S_final,10,10,22
grok-4.3,S3,55,1,2,Correct,-0.0086154720052694,round,,D_local,S_final,10,10,22
grok-4.3,S3,55,1,3,Correct,-0.0287083701324208,round,,D_local,S_final,10,10,22
grok-4.3,S3,55,2,1,Correct,0.1388195713079242,round,,D_local,S_final,10,10,22
grok-4.3,S3,55,2,2,Correct,0.1231206723510069,round,,D_local,S_final,10,10,22
grok-4.3,S3,55,2,3,Correct,0.1204186520778529,round,,D_local,S_final,10,10,22
grok-4.3,S3,56,1,1,Wrong,-0.0177168004342602,round,,D_local,S_final,10,10,22
grok-4.3,S3,56,1,2,Wrong,-0.0290836128396503,round,,D_local,S_final,10,10,22
grok-4.3,S3,56,1,3,Wrong,-0.0516149581113619,round,,D_local,S_final,10,10,22
grok-4.3,S3,56,2,1,Correct,0.0380696871847349,round,,D_local,S_final,10,10,22
grok-4.3,S3,56,2,2,Correct,0.0447221838173929,round,,D_local,S_final,10,10,22
grok-4.3,S3,56,2,3,Correct,0.0361654859047748,round,,D_local,S_final,10,10,22
grok-4.3,S3,57,1,1,Correct,-0.1099996797063815,round,,D_local,S_final,10,10,22
grok-4.3,S3,57,1,2,Correct,-0.1068708755168647,round,,D_local,S_final,10,10,22
grok-4.3,S3,57,1,3,Correct,-0.1144591734081692,round,,D_local,S_final,10,10,22
grok-4.3,S3,57,2,1,Correct,-0.1516872260061314,round,,D_local,S_final,10,10,22
grok-4.3,S3,57,2,2,Correct,-0.1752757253112217,round,,D_local,S_final,10,10,22
grok-4.3,S3,57,2,3,Correct,-0.1517330364337152,round,,D_local,S_final,10,10,22
grok-4.3,S3,58,1,1,Correct,-0.0059611226292879,round,,D_local,S_final,10,10,22
grok-4.3,S3,58,1,2,Correct,0.011706829131112,round,,D_local,S_final,10,10,22
grok-4.3,S3,58,1,3,Correct,-0.0073341786820882,round,,D_local,S_final,10,10,22
grok-4.3,S3,58,2,1,Correct,0.0483396018883321,round,,D_local,S_final,10,10,22
grok-4.3,S3,58,2,2,Correct,0.0394882694950069,round,,D_local,S_final,10,10,22
grok-4.3,S3,58,2,3,Correct,0.0429603264782474,round,,D_local,S_final,10,10,22
grok-4.3,S3,59,1,1,Correct,-0.0505486633301728,round,,D_local,S_final,10,10,22
grok-4.3,S3,59,1,2,Correct,-0.0569147401282393,round,,D_local,S_final,10,10,22
grok-4.3,S3,59,1,3,Correct,-0.0558076924378838,round,,D_local,S_final,10,10,22
grok-4.3,S3,59,2,1,Correct,0.0874843782926783,round,,D_local,S_final,10,10,22
grok-4.3,S3,59,2,2,Correct,0.0900850904975901,round,,D_local,S_final,10,10,22
grok-4.3,S3,59,2,3,Correct,0.074719601092556,round,,D_local,S_final,10,10,22
grok-4.3,S3,60,1,1,Correct,-0.0898501257019598,round,,D_local,S_final,10,10,22
grok-4.3,S3,60,1,2,Correct,-0.0984018341378257,round,,D_local,S_final,10,10,22
grok-4.3,S3,60,1,3,Correct,-0.1011736585156803,round,,D_local,S_final,10,10,22
grok-4.3,S3,60,2,1,Correct,0.1059710518022443,round,,D_local,S_final,10,10,22
grok-4.3,S3,60,2,2,Correct,0.0969243908401696,round,,D_local,S_final,10,10,22
grok-4.3,S3,60,2,3,Correct,0.0831327362593825,round,,D_local,S_final,10,10,22
grok-4.3,S3,61,1,1,Correct,-0.1030340526048819,round,,D_local,S_final,10,10,22
grok-4.3,S3,61,1,2,Correct,-0.1023366523871036,round,,D_local,S_final,10,10,22
grok-4.3,S3,61,1,3,Correct,-0.1055473659544575,round,,D_local,S_final,10,10,22
grok-4.3,S3,61,2,1,Correct,0.1083125142253494,round,,D_local,S_final,10,10,22
grok-4.3,S3,61,2,2,Correct,0.1043336132781215,round,,D_local,S_final,10,10,22
grok-4.3,S3,61,2,3,Correct,0.1057474195427068,round,,D_local,S_final,10,10,22
grok-4.3,S3,62,1,1,Correct,0.0425899104947752,round,,D_local,S_final,10,10,22
grok-4.3,S3,62,1,2,Correct,0.0372909962352188,round,,D_local,S_final,10,10,22
grok-4.3,S3,62,1,3,Correct,0.0420481499173776,round,,D_local,S_final,10,10,22
grok-4.3,S3,62,2,1,Correct,0.0208676263816942,round,,D_local,S_final,10,10,22
grok-4.3,S3,62,2,2,Correct,0.0130329027339634,round,,D_local,S_final,10,10,22
grok-4.3,S3,62,2,3,Correct,0.0134205245751316,round,,D_local,S_final,10,10,22
grok-4.3,S3,63,1,1,Correct,0.0325256880298008,round,,D_local,S_final,10,10,22
grok-4.3,S3,63,1,2,Correct,0.0612974692823242,round,,D_local,S_final,10,10,22
grok-4.3,S3,63,1,3,Correct,0.06847487092831,round,,D_local,S_final,10,10,22
grok-4.3,S3,63,2,1,Correct,0.0001742930051042,round,,D_local,S_final,10,10,22
grok-4.3,S3,63,2,2,Correct,0.0160410603836319,round,,D_local,S_final,10,10,22
grok-4.3,S3,63,2,3,Correct,0.0362994098443697,round,,D_local,S_final,10,10,22
grok-4.3,S3,64,1,1,Correct,0.0553021986186166,round,,D_local,S_final,10,10,22
grok-4.3,S3,64,1,2,Correct,0.0374489783361806,round,,D_local,S_final,10,10,22
grok-4.3,S3,64,1,3,Correct,0.0502121788455685,round,,D_local,S_final,10,10,22
grok-4.3,S3,64,2,1,Correct,0.0946328027633642,round,,D_local,S_final,10,10,22
grok-4.3,S3,64,2,2,Correct,0.0690206390207415,round,,D_local,S_final,10,10,22
grok-4.3,S3,64,2,3,Correct,0.0325845026394492,round,,D_local,S_final,10,10,22
llama-4-scout,S0,1,1,1,Correct,0.1246021779530194,round,,D_local,S_final,10,10,22
llama-4-scout,S0,1,1,2,Correct,0.1006640508127775,round,,D_local,S_final,10,10,22
llama-4-scout,S0,1,1,3,Correct,0.0964035980454547,round,,D_local,S_final,10,10,22
llama-4-scout,S0,1,2,1,Wrong,0.035454129626058,round,,D_local,S_final,10,10,22
llama-4-scout,S0,1,2,2,Wrong,0.0559555860381045,round,,D_local,S_final,10,10,22
llama-4-scout,S0,1,2,3,Wrong,0.019456676238157,round,,D_local,S_final,10,10,22
llama-4-scout,S0,1,3,1,Wrong,-0.030961873186167,round,,D_local,S_final,10,10,22
llama-4-scout,S0,1,3,2,Wrong,-0.013624851166298,round,,D_local,S_final,10,10,22
llama-4-scout,S0,1,3,3,Wrong,-0.0251136397558685,round,,D_local,S_final,10,10,22
llama-4-scout,S0,1,4,1,Correct,0.081780619118735,round,,D_local,S_final,10,10,22
llama-4-scout,S0,1,4,2,Correct,0.0897129292727463,round,,D_local,S_final,10,10,22
llama-4-scout,S0,1,4,3,Correct,0.0944767463556255,round,,D_local,S_final,10,10,22
llama-4-scout,S0,1,5,1,Wrong,-0.0007906670011741,round,,D_local,S_final,10,10,22
llama-4-scout,S0,1,5,2,Wrong,0.0387121008042703,round,,D_local,S_final,10,10,22
llama-4-scout,S0,1,5,3,Wrong,0.0193746197184347,round,,D_local,S_final,10,10,22
llama-4-scout,S0,2,1,1,Correct,0.1931107716409381,round,,D_local,S_final,10,10,22
llama-4-scout,S0,2,1,2,Correct,0.2010933768629345,round,,D_local,S_final,10,10,22
llama-4-scout,S0,2,1,3,Correct,0.1883805088869188,round,,D_local,S_final,10,10,22
llama-4-scout,S0,3,1,1,Correct,0.1714173311675145,round,,D_local,S_final,10,10,22
llama-4-scout,S0,3,1,2,Correct,0.2043596549624386,round,,D_local,S_final,10,10,22
llama-4-scout,S0,3,1,3,Correct,0.2175350137690415,round,,D_local,S_final,10,10,22
llama-4-scout,S0,3,2,1,Wrong,0.2136418666934861,round,,D_local,S_final,10,10,22
llama-4-scout,S0,3,2,2,Wrong,0.1960016000984806,round,,D_local,S_final,10,10,22
llama-4-scout,S0,3,2,3,Wrong,0.1801247747810079,round,,D_local,S_final,10,10,22
llama-4-scout,S0,4,1,1,Correct,0.1317728513476431,round,,D_local,S_final,10,10,22
llama-4-scout,S0,4,1,2,Correct,0.107048218382369,round,,D_local,S_final,10,10,22
llama-4-scout,S0,4,1,3,Correct,0.1061917876470484,round,,D_local,S_final,10,10,22
llama-4-scout,S0,4,2,1,Correct,0.0974526550256118,round,,D_local,S_final,10,10,22
llama-4-scout,S0,4,2,2,Correct,0.0967272169020265,round,,D_local,S_final,10,10,22
llama-4-scout,S0,4,2,3,Correct,0.0917759436452209,round,,D_local,S_final,10,10,22
llama-4-scout,S0,4,3,1,Correct,0.0472156715942572,round,,D_local,S_final,10,10,22
llama-4-scout,S0,4,3,2,Correct,0.0445776826776712,round,,D_local,S_final,10,10,22
llama-4-scout,S0,4,3,3,Correct,0.0429674638282996,round,,D_local,S_final,10,10,22
llama-4-scout,S0,5,1,1,Correct,0.1113697096766991,round,,D_local,S_final,10,10,22
llama-4-scout,S0,5,1,2,Correct,0.1143821102221268,round,,D_local,S_final,10,10,22
llama-4-scout,S0,5,1,3,Correct,0.0932787492844675,round,,D_local,S_final,10,10,22
llama-4-scout,S0,5,2,1,Correct,0.0540414755599841,round,,D_local,S_final,10,10,22
llama-4-scout,S0,5,2,2,Correct,0.0264602191573543,round,,D_local,S_final,10,10,22
llama-4-scout,S0,5,2,3,Correct,0.0485232149222037,round,,D_local,S_final,10,10,22
llama-4-scout,S0,5,3,1,Wrong,0.0691134207786137,round,,D_local,S_final,10,10,22
llama-4-scout,S0,5,3,2,Wrong,0.0662070614562021,round,,D_local,S_final,10,10,22
llama-4-scout,S0,5,3,3,Wrong,0.0682595890461758,round,,D_local,S_final,10,10,22
llama-4-scout,S0,6,1,1,Correct,0.0810908715453692,round,,D_local,S_final,10,10,22
llama-4-scout,S0,6,1,2,Correct,0.089843227051591,round,,D_local,S_final,10,10,22
llama-4-scout,S0,6,1,3,Wrong,0.0918253643351811,round,,D_local,S_final,10,10,22
llama-4-scout,S0,6,2,1,Correct,0.0194906350248842,round,,D_local,S_final,10,10,22
llama-4-scout,S0,6,2,2,Wrong,0.0140282413682837,round,,D_local,S_final,10,10,22
llama-4-scout,S0,6,2,3,Correct,0.0378798957599303,round,,D_local,S_final,10,10,22
llama-4-scout,S0,6,3,1,Correct,0.0429075735476753,round,,D_local,S_final,10,10,22
llama-4-scout,S0,6,3,2,Correct,0.0584848730989406,round,,D_local,S_final,10,10,22
llama-4-scout,S0,6,3,3,Correct,0.0621763823114079,round,,D_local,S_final,10,10,22
llama-4-scout,S0,7,1,1,Wrong,0.1600054863056399,round,,D_local,S_final,10,10,22
llama-4-scout,S0,7,1,2,Wrong,0.1486621580127838,round,,D_local,S_final,10,10,22
llama-4-scout,S0,7,1,3,Wrong,0.1531916899326079,round,,D_local,S_final,10,10,22
llama-4-scout,S0,7,2,1,Wrong,0.1092495396964674,round,,D_local,S_final,10,10,22
llama-4-scout,S0,7,2,2,Wrong,0.1311590450416845,round,,D_local,S_final,10,10,22
llama-4-scout,S0,7,2,3,Wrong,0.0999093797057234,round,,D_local,S_final,10,10,22
llama-4-scout,S0,7,3,1,Wrong,-0.0221746197020733,round,,D_local,S_final,10,10,22
llama-4-scout,S0,7,3,2,Wrong,-0.0142865920224317,round,,D_local,S_final,10,10,22
llama-4-scout,S0,7,3,3,Wrong,-0.0205048990352453,round,,D_local,S_final,10,10,22
llama-4-scout,S0,7,4,1,Correct,-0.0007272462381131,round,,D_local,S_final,10,10,22
llama-4-scout,S0,7,4,2,Correct,0.0351509027872202,round,,D_local,S_final,10,10,22
llama-4-scout,S0,7,4,3,Correct,0.0063298546790943,round,,D_local,S_final,10,10,22
llama-4-scout,S0,7,5,1,Correct,0.0634805164144974,round,,D_local,S_final,10,10,22
llama-4-scout,S0,7,5,2,Correct,0.0403769982586026,round,,D_local,S_final,10,10,22
llama-4-scout,S0,7,5,3,Correct,0.0637808023825106,round,,D_local,S_final,10,10,22
llama-4-scout,S0,7,6,1,Wrong,-0.0106018031904964,round,,D_local,S_final,10,10,22
llama-4-scout,S0,7,6,2,Wrong,-0.0029788940913905,round,,D_local,S_final,10,10,22
llama-4-scout,S0,7,6,3,Wrong,-0.0094275244792538,round,,D_local,S_final,10,10,22
llama-4-scout,S0,7,7,1,Wrong,0.0489139940903956,round,,D_local,S_final,10,10,22
llama-4-scout,S0,7,7,2,Wrong,0.0432512750051343,round,,D_local,S_final,10,10,22
llama-4-scout,S0,7,7,3,Wrong,0.0536322029735701,round,,D_local,S_final,10,10,22
llama-4-scout,S0,7,8,1,Correct,0.049115243680387,round,,D_local,S_final,10,10,22
llama-4-scout,S0,7,8,2,Correct,0.0214441834964866,round,,D_local,S_final,10,10,22
llama-4-scout,S0,7,8,3,Correct,0.0316062648703491,round,,D_local,S_final,10,10,22
llama-4-scout,S0,7,9,1,Correct,0.1007684010337539,round,,D_local,S_final,10,10,22
llama-4-scout,S0,7,9,2,Correct,0.0658837856213233,round,,D_local,S_final,10,10,22
llama-4-scout,S0,7,9,3,Correct,0.0767707169018919,round,,D_local,S_final,10,10,22
llama-4-scout,S0,7,10,1,Wrong,0.01952594809551,round,,D_local,S_final,10,10,22
llama-4-scout,S0,7,10,2,Wrong,0.0130191319354572,round,,D_local,S_final,10,10,22
llama-4-scout,S0,7,10,3,Wrong,0.0019626731480123,round,,D_local,S_final,10,10,22
llama-4-scout,S0,7,11,1,Wrong,0.0738649669726843,round,,D_local,S_final,10,10,22
llama-4-scout,S0,7,11,2,Wrong,0.1034256886738149,round,,D_local,S_final,10,10,22
llama-4-scout,S0,7,11,3,Wrong,0.0636813736970874,round,,D_local,S_final,10,10,22
llama-4-scout,S0,8,1,1,Wrong,0.0620660047532668,round,,D_local,S_final,10,10,22
llama-4-scout,S0,8,1,2,Wrong,0.0509101106604509,round,,D_local,S_final,10,10,22
llama-4-scout,S0,8,1,3,Wrong,0.0707973948767656,round,,D_local,S_final,10,10,22
llama-4-scout,S0,8,2,1,Wrong,0.0365242491882665,round,,D_local,S_final,10,10,22
llama-4-scout,S0,8,2,2,Wrong,0.0237879532168728,round,,D_local,S_final,10,10,22
llama-4-scout,S0,8,2,3,Wrong,0.0215712646403755,round,,D_local,S_final,10,10,22
llama-4-scout,S0,8,3,1,Correct,0.0451955918347983,round,,D_local,S_final,10,10,22
llama-4-scout,S0,8,3,2,Correct,0.050409737629373,round,,D_local,S_final,10,10,22
llama-4-scout,S0,8,3,3,Correct,0.0373969795461894,round,,D_local,S_final,10,10,22
llama-4-scout,S0,8,4,1,Correct,-0.0214820465131256,round,,D_local,S_final,10,10,22
llama-4-scout,S0,8,4,2,Correct,-0.0074383026393107,round,,D_local,S_final,10,10,22
llama-4-scout,S0,8,4,3,Correct,-0.0032983020601055,round,,D_local,S_final,10,10,22
llama-4-scout,S0,9,1,1,Wrong,0.0696731495919846,round,,D_local,S_final,10,10,22
llama-4-scout,S0,9,1,2,Wrong,0.0597886404446839,round,,D_local,S_final,10,10,22
llama-4-scout,S0,9,1,3,Wrong,0.0739890502998747,round,,D_local,S_final,10,10,22
llama-4-scout,S0,9,2,1,Wrong,0.0810922999801025,round,,D_local,S_final,10,10,22
llama-4-scout,S0,9,2,2,Wrong,0.0576014842521896,round,,D_local,S_final,10,10,22
llama-4-scout,S0,9,2,3,Wrong,0.0688139386632382,round,,D_local,S_final,10,10,22
llama-4-scout,S0,9,3,1,Wrong,0.0683910209584476,round,,D_local,S_final,10,10,22
llama-4-scout,S0,9,3,2,Wrong,0.0657519336020704,round,,D_local,S_final,10,10,22
llama-4-scout,S0,9,3,3,Wrong,0.0743240102471728,round,,D_local,S_final,10,10,22
llama-4-scout,S0,10,1,1,Correct,0.0973023932703098,round,,D_local,S_final,10,10,22
llama-4-scout,S0,10,1,2,Correct,0.0976779857696574,round,,D_local,S_final,10,10,22
llama-4-scout,S0,10,1,3,Correct,0.0912844503163313,round,,D_local,S_final,10,10,22
llama-4-scout,S0,10,2,1,Correct,0.0959968779762975,round,,D_local,S_final,10,10,22
llama-4-scout,S0,10,2,2,Correct,0.0828310307212527,round,,D_local,S_final,10,10,22
llama-4-scout,S0,10,2,3,Correct,0.1095912418375166,round,,D_local,S_final,10,10,22
llama-4-scout,S0,11,1,1,Wrong,-0.0052044908827106,round,,D_local,S_final,10,10,22
llama-4-scout,S0,11,1,2,Wrong,-0.0111829210318615,round,,D_local,S_final,10,10,22
llama-4-scout,S0,11,1,3,Wrong,0.0139111182030644,round,,D_local,S_final,10,10,22
llama-4-scout,S0,12,1,1,Wrong,-0.0030653177442845,round,,D_local,S_final,10,10,22
llama-4-scout,S0,12,1,2,Wrong,0.0056264024064246,round,,D_local,S_final,10,10,22
llama-4-scout,S0,12,1,3,Wrong,-0.0008860452364398,round,,D_local,S_final,10,10,22
llama-4-scout,S0,13,1,1,Correct,0.1522116236100543,round,,D_local,S_final,10,10,22
llama-4-scout,S0,13,1,2,Correct,0.1761212467485013,round,,D_local,S_final,10,10,22
llama-4-scout,S0,13,1,3,Correct,0.1562411394494551,round,,D_local,S_final,10,10,22
llama-4-scout,S0,13,2,1,Correct,-0.0136178922421141,round,,D_local,S_final,10,10,22
llama-4-scout,S0,13,2,2,Correct,-0.0290853501860915,round,,D_local,S_final,10,10,22
llama-4-scout,S0,13,2,3,Correct,-0.0279170977712496,round,,D_local,S_final,10,10,22
llama-4-scout,S0,13,3,1,Correct,0.0733781960254137,round,,D_local,S_final,10,10,22
llama-4-scout,S0,13,3,2,Wrong,0.0397399754201495,round,,D_local,S_final,10,10,22
llama-4-scout,S0,13,3,3,Wrong,0.0394516684903986,round,,D_local,S_final,10,10,22
llama-4-scout,S0,14,1,1,Wrong,-0.0029529326779704,round,,D_local,S_final,10,10,22
llama-4-scout,S0,14,1,2,Wrong,0.006696933616769,round,,D_local,S_final,10,10,22
llama-4-scout,S0,14,1,3,Wrong,-0.0075259337331973,round,,D_local,S_final,10,10,22
llama-4-scout,S0,15,1,1,Wrong,-0.1209045325227142,round,,D_local,S_final,10,10,22
llama-4-scout,S0,15,1,2,Wrong,-0.1284304947421782,round,,D_local,S_final,10,10,22
llama-4-scout,S0,15,1,3,Wrong,-0.1237753050154906,round,,D_local,S_final,10,10,22
llama-4-scout,S0,16,1,1,Correct,0.098818801137653,round,,D_local,S_final,10,10,22
llama-4-scout,S0,16,1,2,Correct,0.0969208367662392,round,,D_local,S_final,10,10,22
llama-4-scout,S0,16,1,3,Correct,0.1042029483123163,round,,D_local,S_final,10,10,22
llama-4-scout,S0,17,1,1,Wrong,-0.0109655514202265,round,,D_local,S_final,10,10,22
llama-4-scout,S0,17,1,2,Wrong,-0.0289715687833631,round,,D_local,S_final,10,10,22
llama-4-scout,S0,17,1,3,Wrong,-0.0163874524921741,round,,D_local,S_final,10,10,22
llama-4-scout,S0,18,1,1,Correct,0.12057257734191,round,,D_local,S_final,10,10,22
llama-4-scout,S0,18,1,2,Correct,0.1327018003271489,round,,D_local,S_final,10,10,22
llama-4-scout,S0,18,1,3,Correct,0.1198858403937233,round,,D_local,S_final,10,10,22
llama-4-scout,S0,19,1,1,Correct,-0.0118363455302966,round,,D_local,S_final,10,10,22
llama-4-scout,S0,19,1,2,Correct,-0.0057265875547084,round,,D_local,S_final,10,10,22
llama-4-scout,S0,19,1,3,Correct,0.0022020308073154,round,,D_local,S_final,10,10,22
llama-4-scout,S0,20,1,1,Correct,0.0773628765571049,round,,D_local,S_final,10,10,22
llama-4-scout,S0,20,1,2,Correct,0.1135570086472018,round,,D_local,S_final,10,10,22
llama-4-scout,S0,20,1,3,Correct,0.0839311242286616,round,,D_local,S_final,10,10,22
llama-4-scout,S0,21,1,1,Correct,0.0792582652632996,round,,D_local,S_final,10,10,22
llama-4-scout,S0,21,1,2,Correct,0.0804503498905391,round,,D_local,S_final,10,10,22
llama-4-scout,S0,21,1,3,Correct,0.079106684202971,round,,D_local,S_final,10,10,22
llama-4-scout,S0,22,1,1,Wrong,0.0199427457459616,round,,D_local,S_final,10,10,22
llama-4-scout,S0,22,1,2,Wrong,0.0258089020285569,round,,D_local,S_final,10,10,22
llama-4-scout,S0,22,1,3,Wrong,0.0327109014548986,round,,D_local,S_final,10,10,22
llama-4-scout,S0,23,1,1,Wrong,0.0287178083874608,round,,D_local,S_final,10,10,22
llama-4-scout,S0,23,1,2,Wrong,0.0547028923599296,round,,D_local,S_final,10,10,22
llama-4-scout,S0,23,1,3,Wrong,0.0477484471742261,round,,D_local,S_final,10,10,22
llama-4-scout,S0,24,1,1,Wrong,0.0011173543969542,round,,D_local,S_final,10,10,22
llama-4-scout,S0,24,1,2,Wrong,-0.0088229142149645,round,,D_local,S_final,10,10,22
llama-4-scout,S0,24,1,3,Wrong,-0.0010994843423798,round,,D_local,S_final,10,10,22
llama-4-scout,S0,25,1,1,Wrong,-0.0207274420016241,round,,D_local,S_final,10,10,22
llama-4-scout,S0,25,1,2,Wrong,-0.031990853629626,round,,D_local,S_final,10,10,22
llama-4-scout,S0,25,1,3,Wrong,-0.0169987630438472,round,,D_local,S_final,10,10,22
llama-4-scout,S0,25,2,1,Correct,0.1164824799419442,round,,D_local,S_final,10,10,22
llama-4-scout,S0,25,2,2,Correct,0.0971828431288933,round,,D_local,S_final,10,10,22
llama-4-scout,S0,25,2,3,Correct,0.1022010272070356,round,,D_local,S_final,10,10,22
llama-4-scout,S0,26,1,1,Correct,0.0896485690490681,round,,D_local,S_final,10,10,22
llama-4-scout,S0,26,1,2,Correct,0.0754305681525357,round,,D_local,S_final,10,10,22
llama-4-scout,S0,26,1,3,Correct,0.1044965393206962,round,,D_local,S_final,10,10,22
llama-4-scout,S0,26,2,1,Wrong,-0.0647173719599231,round,,D_local,S_final,10,10,22
llama-4-scout,S0,26,2,2,Wrong,-0.0494871294963823,round,,D_local,S_final,10,10,22
llama-4-scout,S0,26,2,3,Wrong,-0.037060947088861,round,,D_local,S_final,10,10,22
llama-4-scout,S0,26,3,1,Wrong,-0.0203148245039608,round,,D_local,S_final,10,10,22
llama-4-scout,S0,26,3,2,Correct,-0.0418452169083237,round,,D_local,S_final,10,10,22
llama-4-scout,S0,26,3,3,Correct,-0.0539039969516903,round,,D_local,S_final,10,10,22
llama-4-scout,S0,26,4,1,Correct,0.1621675755645479,round,,D_local,S_final,10,10,22
llama-4-scout,S0,26,4,2,Correct,0.1567637372610335,round,,D_local,S_final,10,10,22
llama-4-scout,S0,26,4,3,Correct,0.1493356291410909,round,,D_local,S_final,10,10,22
llama-4-scout,S0,27,1,1,Wrong,0.0704097917590717,round,,D_local,S_final,10,10,22
llama-4-scout,S0,27,1,2,Correct,0.0789259296831544,round,,D_local,S_final,10,10,22
llama-4-scout,S0,27,1,3,Wrong,0.075444018915926,round,,D_local,S_final,10,10,22
llama-4-scout,S0,27,2,1,Wrong,-0.044326964641115,round,,D_local,S_final,10,10,22
llama-4-scout,S0,27,2,2,Wrong,-0.0740962905609285,round,,D_local,S_final,10,10,22
llama-4-scout,S0,27,2,3,Wrong,-0.0723937417820546,round,,D_local,S_final,10,10,22
llama-4-scout,S0,27,3,1,Correct,-0.0449109909714871,round,,D_local,S_final,10,10,22
llama-4-scout,S0,27,3,2,Correct,-0.0570739797253213,round,,D_local,S_final,10,10,22
llama-4-scout,S0,27,3,3,Correct,-0.0291971302281652,round,,D_local,S_final,10,10,22
llama-4-scout,S0,27,4,1,Correct,0.1690370035789998,round,,D_local,S_final,10,10,22
llama-4-scout,S0,27,4,2,Wrong,0.181039942225645,round,,D_local,S_final,10,10,22
llama-4-scout,S0,27,4,3,Correct,0.1860299533041066,round,,D_local,S_final,10,10,22
llama-4-scout,S0,28,1,1,Wrong,-0.0060886823248218,round,,D_local,S_final,10,10,22
llama-4-scout,S0,28,1,2,Wrong,0.0021233680529595,round,,D_local,S_final,10,10,22
llama-4-scout,S0,28,1,3,Wrong,-0.0019242549508656,round,,D_local,S_final,10,10,22
llama-4-scout,S0,28,2,1,Correct,-0.0363358127019222,round,,D_local,S_final,10,10,22
llama-4-scout,S0,28,2,2,Correct,-0.0193768499505102,round,,D_local,S_final,10,10,22
llama-4-scout,S0,28,2,3,Wrong,-0.0250160743718678,round,,D_local,S_final,10,10,22
llama-4-scout,S0,29,1,1,Wrong,0.0977682104909162,round,,D_local,S_final,10,10,22
llama-4-scout,S0,29,1,2,Wrong,0.1246303750663504,round,,D_local,S_final,10,10,22
llama-4-scout,S0,29,1,3,Wrong,0.1237106205926668,round,,D_local,S_final,10,10,22
llama-4-scout,S0,29,2,1,Correct,-0.092962141422756,round,,D_local,S_final,10,10,22
llama-4-scout,S0,29,2,2,Correct,-0.0564633710887964,round,,D_local,S_final,10,10,22
llama-4-scout,S0,29,2,3,Correct,-0.0742788988063763,round,,D_local,S_final,10,10,22
llama-4-scout,S0,30,1,1,Wrong,0.0137631206301653,round,,D_local,S_final,10,10,22
llama-4-scout,S0,30,1,2,Wrong,0.0116035056811826,round,,D_local,S_final,10,10,22
llama-4-scout,S0,30,1,3,Wrong,0.0198047312159475,round,,D_local,S_final,10,10,22
llama-4-scout,S0,30,2,1,Correct,-0.079269785332884,round,,D_local,S_final,10,10,22
llama-4-scout,S0,30,2,2,Wrong,-0.0262150365178507,round,,D_local,S_final,10,10,22
llama-4-scout,S0,30,2,3,Correct,-0.0305375636564794,round,,D_local,S_final,10,10,22
llama-4-scout,S0,31,1,1,Correct,0.0859821026843227,round,,D_local,S_final,10,10,22
llama-4-scout,S0,31,1,2,Correct,0.0931288986967646,round,,D_local,S_final,10,10,22
llama-4-scout,S0,31,1,3,Correct,0.0929599800544132,round,,D_local,S_final,10,10,22
llama-4-scout,S0,32,1,1,Wrong,-0.0380438869680781,round,,D_local,S_final,10,10,22
llama-4-scout,S0,32,1,2,Wrong,-0.0016589540990821,round,,D_local,S_final,10,10,22
llama-4-scout,S0,32,1,3,Wrong,-0.0367238203024044,round,,D_local,S_final,10,10,22
llama-4-scout,S0,33,1,1,Wrong,0.0314819659280163,round,,D_local,S_final,10,10,22
llama-4-scout,S0,33,1,2,Wrong,0.0268003371665788,round,,D_local,S_final,10,10,22
llama-4-scout,S0,33,1,3,Wrong,0.0490417385167279,round,,D_local,S_final,10,10,22
llama-4-scout,S0,34,1,1,Wrong,0.0137184145995032,round,,D_local,S_final,10,10,22
llama-4-scout,S0,34,1,2,Wrong,0.0236687647803456,round,,D_local,S_final,10,10,22
llama-4-scout,S0,34,1,3,Wrong,-0.0080393755423486,round,,D_local,S_final,10,10,22
llama-4-scout,S0,35,1,1,Wrong,-0.0242142080016303,round,,D_local,S_final,10,10,22
llama-4-scout,S0,35,1,2,Wrong,-0.034689993238159,round,,D_local,S_final,10,10,22
llama-4-scout,S0,35,1,3,Wrong,-0.0314886226457353,round,,D_local,S_final,10,10,22
llama-4-scout,S0,36,1,1,Correct,0.1000110231952252,round,,D_local,S_final,10,10,22
llama-4-scout,S0,36,1,2,Correct,0.0988187638134325,round,,D_local,S_final,10,10,22
llama-4-scout,S0,36,1,3,Correct,0.0897879331081872,round,,D_local,S_final,10,10,22
llama-4-scout,S0,36,2,1,Wrong,-0.0267685084861529,round,,D_local,S_final,10,10,22
llama-4-scout,S0,36,2,2,Wrong,0.0272993597538244,round,,D_local,S_final,10,10,22
llama-4-scout,S0,36,2,3,Wrong,-0.0356817834553236,round,,D_local,S_final,10,10,22
llama-4-scout,S0,36,3,1,Correct,0.0059647162711935,round,,D_local,S_final,10,10,22
llama-4-scout,S0,36,3,2,Correct,0.0017364475072894,round,,D_local,S_final,10,10,22
llama-4-scout,S0,36,3,3,Correct,0.0007807441257117,round,,D_local,S_final,10,10,22
llama-4-scout,S0,37,1,1,Wrong,0.0099656566015706,round,,D_local,S_final,10,10,22
llama-4-scout,S0,37,1,2,Wrong,0.0099018241943024,round,,D_local,S_final,10,10,22
llama-4-scout,S0,37,1,3,Wrong,0.0016713660275003,round,,D_local,S_final,10,10,22
llama-4-scout,S0,37,2,1,Correct,0.0790214420813923,round,,D_local,S_final,10,10,22
llama-4-scout,S0,37,2,2,Correct,0.0656780343030376,round,,D_local,S_final,10,10,22
llama-4-scout,S0,37,2,3,Correct,0.0738637534321406,round,,D_local,S_final,10,10,22
llama-4-scout,S0,38,1,1,Wrong,-0.1070631805071424,round,,D_local,S_final,10,10,22
llama-4-scout,S0,38,1,2,Wrong,-0.1011566957319444,round,,D_local,S_final,10,10,22
llama-4-scout,S0,38,1,3,Wrong,-0.1341117147621559,round,,D_local,S_final,10,10,22
llama-4-scout,S0,38,2,1,Wrong,-0.1409912271430442,round,,D_local,S_final,10,10,22
llama-4-scout,S0,38,2,2,Wrong,-0.117803206633016,round,,D_local,S_final,10,10,22
llama-4-scout,S0,38,2,3,Wrong,-0.1272826666216731,round,,D_local,S_final,10,10,22
llama-4-scout,S0,39,1,1,Wrong,-0.0523234614785944,round,,D_local,S_final,10,10,22
llama-4-scout,S0,39,1,2,Correct,-0.0376539151567958,round,,D_local,S_final,10,10,22
llama-4-scout,S0,39,1,3,Wrong,-0.0310191516475422,round,,D_local,S_final,10,10,22
llama-4-scout,S0,39,2,1,Wrong,0.1451706642534904,round,,D_local,S_final,10,10,22
llama-4-scout,S0,39,2,2,Correct,0.1645817250217288,round,,D_local,S_final,10,10,22
llama-4-scout,S0,39,2,3,Correct,0.1488796613552944,round,,D_local,S_final,10,10,22
llama-4-scout,S0,40,1,1,Correct,0.0799594763157215,round,,D_local,S_final,10,10,22
llama-4-scout,S0,40,1,2,Correct,0.0743346851696317,round,,D_local,S_final,10,10,22
llama-4-scout,S0,40,1,3,Correct,0.0760464929659333,round,,D_local,S_final,10,10,22
llama-4-scout,S0,40,2,1,Correct,0.0670720754021382,round,,D_local,S_final,10,10,22
llama-4-scout,S0,40,2,2,Correct,0.0861330111582072,round,,D_local,S_final,10,10,22
llama-4-scout,S0,40,2,3,Correct,0.0850387550547145,round,,D_local,S_final,10,10,22
llama-4-scout,S0,40,3,1,Correct,0.0214167235725951,round,,D_local,S_final,10,10,22
llama-4-scout,S0,40,3,2,Correct,0.0695074164268786,round,,D_local,S_final,10,10,22
llama-4-scout,S0,40,3,3,Correct,0.0272690336835029,round,,D_local,S_final,10,10,22
llama-4-scout,S0,40,4,1,Correct,0.0105864366242885,round,,D_local,S_final,10,10,22
llama-4-scout,S0,40,4,2,Correct,0.0538455073067737,round,,D_local,S_final,10,10,22
llama-4-scout,S0,40,4,3,Correct,0.0044804099456186,round,,D_local,S_final,10,10,22
llama-4-scout,S0,40,5,1,Wrong,0.0648760399872017,round,,D_local,S_final,10,10,22
llama-4-scout,S0,40,5,2,Wrong,0.0687799019511427,round,,D_local,S_final,10,10,22
llama-4-scout,S0,40,5,3,Wrong,0.0723436085087658,round,,D_local,S_final,10,10,22
llama-4-scout,S0,40,6,1,Correct,0.0201345052947422,round,,D_local,S_final,10,10,22
llama-4-scout,S0,40,6,2,Correct,0.0219040004324693,round,,D_local,S_final,10,10,22
llama-4-scout,S0,40,6,3,Correct,0.0219043745950175,round,,D_local,S_final,10,10,22
llama-4-scout,S0,41,1,1,Correct,0.0713235516371084,round,,D_local,S_final,10,10,22
llama-4-scout,S0,41,1,2,Correct,0.1160136863487866,round,,D_local,S_final,10,10,22
llama-4-scout,S0,41,1,3,Correct,0.1036696950634653,round,,D_local,S_final,10,10,22
llama-4-scout,S0,42,1,1,Wrong,-0.0510913392202226,round,,D_local,S_final,10,10,22
llama-4-scout,S0,42,1,2,Wrong,-0.033825245771937,round,,D_local,S_final,10,10,22
llama-4-scout,S0,42,1,3,Wrong,-0.0449949149573046,round,,D_local,S_final,10,10,22
llama-4-scout,S0,43,1,1,Wrong,-0.0660133894759265,round,,D_local,S_final,10,10,22
llama-4-scout,S0,43,1,2,Wrong,-0.0503964069483341,round,,D_local,S_final,10,10,22
llama-4-scout,S0,43,1,3,Wrong,-0.0545469796559821,round,,D_local,S_final,10,10,22
llama-4-scout,S0,44,1,1,Wrong,0.0628638591633532,round,,D_local,S_final,10,10,22
llama-4-scout,S0,44,1,2,Wrong,0.0484005962456108,round,,D_local,S_final,10,10,22
llama-4-scout,S0,44,1,3,Wrong,0.0748790680873497,round,,D_local,S_final,10,10,22
llama-4-scout,S0,45,1,1,Wrong,0.1687117108932422,round,,D_local,S_final,10,10,22
llama-4-scout,S0,45,1,2,Correct,0.1592478769246638,round,,D_local,S_final,10,10,22
llama-4-scout,S0,45,1,3,Wrong,0.151302229828812,round,,D_local,S_final,10,10,22
llama-4-scout,S0,45,2,1,Correct,-0.0581823796739693,round,,D_local,S_final,10,10,22
llama-4-scout,S0,45,2,2,Wrong,-0.0797501435189756,round,,D_local,S_final,10,10,22
llama-4-scout,S0,45,2,3,Wrong,-0.0825223038911096,round,,D_local,S_final,10,10,22
llama-4-scout,S0,45,3,1,Wrong,-0.0743907519572721,round,,D_local,S_final,10,10,22
llama-4-scout,S0,45,3,2,Wrong,-0.0598446520303269,round,,D_local,S_final,10,10,22
llama-4-scout,S0,45,3,3,Wrong,-0.0603584647795821,round,,D_local,S_final,10,10,22
llama-4-scout,S0,46,1,1,Correct,0.1040277937539616,round,,D_local,S_final,10,10,22
llama-4-scout,S0,46,1,2,Correct,0.1046087748529144,round,,D_local,S_final,10,10,22
llama-4-scout,S0,46,1,3,Correct,0.0834480005436134,round,,D_local,S_final,10,10,22
llama-4-scout,S0,46,2,1,Correct,0.0259527800058304,round,,D_local,S_final,10,10,22
llama-4-scout,S0,46,2,2,Correct,0.0406820864943108,round,,D_local,S_final,10,10,22
llama-4-scout,S0,46,2,3,Correct,0.0397392237798319,round,,D_local,S_final,10,10,22
llama-4-scout,S0,47,1,1,Correct,0.0900619791305974,round,,D_local,S_final,10,10,22
llama-4-scout,S0,47,1,2,Correct,0.0906500567359681,round,,D_local,S_final,10,10,22
llama-4-scout,S0,47,1,3,Correct,0.0788933506911416,round,,D_local,S_final,10,10,22
llama-4-scout,S0,47,2,1,Correct,0.0099463967034689,round,,D_local,S_final,10,10,22
llama-4-scout,S0,47,2,2,Correct,-0.0017595143207249,round,,D_local,S_final,10,10,22
llama-4-scout,S0,47,2,3,Correct,-0.0180197132422489,round,,D_local,S_final,10,10,22
llama-4-scout,S0,48,1,1,Correct,0.0932519520541188,round,,D_local,S_final,10,10,22
llama-4-scout,S0,48,1,2,Correct,0.0880095393199145,round,,D_local,S_final,10,10,22
llama-4-scout,S0,48,1,3,Correct,0.0756274867711812,round,,D_local,S_final,10,10,22
llama-4-scout,S0,48,2,1,Wrong,0.0544402791948871,round,,D_local,S_final,10,10,22
llama-4-scout,S0,48,2,2,Wrong,-0.0133653743397816,round,,D_local,S_final,10,10,22
llama-4-scout,S0,48,2,3,Wrong,-0.0161335833292249,round,,D_local,S_final,10,10,22
llama-4-scout,S0,49,1,1,Wrong,0.0297861431607204,round,,D_local,S_final,10,10,22
llama-4-scout,S0,49,1,2,Wrong,0.0055896377401482,round,,D_local,S_final,10,10,22
llama-4-scout,S0,49,1,3,Wrong,0.0485034927799701,round,,D_local,S_final,10,10,22
llama-4-scout,S0,50,1,1,Wrong,0.0025150409609135,round,,D_local,S_final,10,10,22
llama-4-scout,S0,50,1,2,Wrong,-9.228156394675002e-05,round,,D_local,S_final,10,10,22
llama-4-scout,S0,50,1,3,Wrong,0.0154264437744732,round,,D_local,S_final,10,10,22
llama-4-scout,S0,51,1,1,Wrong,0.0740174290796468,round,,D_local,S_final,10,10,22
llama-4-scout,S0,51,1,2,Wrong,0.055354960817128,round,,D_local,S_final,10,10,22
llama-4-scout,S0,51,1,3,Wrong,0.0797233221141133,round,,D_local,S_final,10,10,22
llama-4-scout,S0,52,1,1,Correct,0.1166165405298675,round,,D_local,S_final,10,10,22
llama-4-scout,S0,52,1,2,Correct,0.1506904067571363,round,,D_local,S_final,10,10,22
llama-4-scout,S0,52,1,3,Correct,0.1381708224997954,round,,D_local,S_final,10,10,22
llama-4-scout,S0,53,1,1,Wrong,0.0394634040108157,round,,D_local,S_final,10,10,22
llama-4-scout,S0,53,1,2,Wrong,0.068565162391153,round,,D_local,S_final,10,10,22
llama-4-scout,S0,53,1,3,Wrong,0.0547346429918916,round,,D_local,S_final,10,10,22
llama-4-scout,S0,53,2,1,Correct,0.0708238671976919,round,,D_local,S_final,10,10,22
llama-4-scout,S0,53,2,2,Correct,0.0917559732194606,round,,D_local,S_final,10,10,22
llama-4-scout,S0,53,2,3,Correct,0.0728972774706382,round,,D_local,S_final,10,10,22
llama-4-scout,S0,54,1,1,Wrong,-0.0885774684833255,round,,D_local,S_final,10,10,22
llama-4-scout,S0,54,1,2,Wrong,-0.0731799742977217,round,,D_local,S_final,10,10,22
llama-4-scout,S0,54,1,3,Wrong,-0.0636661329675922,round,,D_local,S_final,10,10,22
llama-4-scout,S0,54,2,1,Correct,0.0751389525473412,round,,D_local,S_final,10,10,22
llama-4-scout,S0,54,2,2,Correct,0.0712770241501026,round,,D_local,S_final,10,10,22
llama-4-scout,S0,54,2,3,Correct,0.0792700117308201,round,,D_local,S_final,10,10,22
llama-4-scout,S0,55,1,1,Wrong,-0.0335555571609955,round,,D_local,S_final,10,10,22
llama-4-scout,S0,55,1,2,Wrong,-0.0236012850407153,round,,D_local,S_final,10,10,22
llama-4-scout,S0,55,1,3,Wrong,-0.0323341177345151,round,,D_local,S_final,10,10,22
llama-4-scout,S0,55,2,1,Correct,0.0915030805275159,round,,D_local,S_final,10,10,22
llama-4-scout,S0,55,2,2,Correct,0.0971197889971023,round,,D_local,S_final,10,10,22
llama-4-scout,S0,55,2,3,Correct,0.092887085343892,round,,D_local,S_final,10,10,22
llama-4-scout,S0,56,1,1,Correct,0.0292218089936028,round,,D_local,S_final,10,10,22
llama-4-scout,S0,56,1,2,Correct,0.0111705291403665,round,,D_local,S_final,10,10,22
llama-4-scout,S0,56,1,3,Correct,0.0355728970226507,round,,D_local,S_final,10,10,22
llama-4-scout,S0,56,2,1,Correct,0.0518584125915081,round,,D_local,S_final,10,10,22
llama-4-scout,S0,56,2,2,Correct,0.0563499769810861,round,,D_local,S_final,10,10,22
llama-4-scout,S0,56,2,3,Correct,0.0552366408553023,round,,D_local,S_final,10,10,22
llama-4-scout,S0,57,1,1,Wrong,-0.1035259365909233,round,,D_local,S_final,10,10,22
llama-4-scout,S0,57,1,2,Wrong,-0.0974061326408129,round,,D_local,S_final,10,10,22
llama-4-scout,S0,57,1,3,Correct,-0.1138509433744144,round,,D_local,S_final,10,10,22
llama-4-scout,S0,57,2,1,Wrong,-0.1973116369030055,round,,D_local,S_final,10,10,22
llama-4-scout,S0,57,2,2,Wrong,-0.1992463854030712,round,,D_local,S_final,10,10,22
llama-4-scout,S0,57,2,3,Wrong,-0.1981356761672255,round,,D_local,S_final,10,10,22
llama-4-scout,S0,58,1,1,Wrong,-0.027789617162236,round,,D_local,S_final,10,10,22
llama-4-scout,S0,58,1,2,Wrong,-0.0146285060169111,round,,D_local,S_final,10,10,22
llama-4-scout,S0,58,1,3,Wrong,-0.0282188788603723,round,,D_local,S_final,10,10,22
llama-4-scout,S0,58,2,1,Correct,0.0558500110917501,round,,D_local,S_final,10,10,22
llama-4-scout,S0,58,2,2,Correct,0.0558589119832819,round,,D_local,S_final,10,10,22
llama-4-scout,S0,58,2,3,Correct,0.050101349234968,round,,D_local,S_final,10,10,22
llama-4-scout,S0,59,1,1,Correct,-0.0295379211131781,round,,D_local,S_final,10,10,22
llama-4-scout,S0,59,1,2,Wrong,-0.0446010058352805,round,,D_local,S_final,10,10,22
llama-4-scout,S0,59,1,3,Correct,-0.0366265682709219,round,,D_local,S_final,10,10,22
llama-4-scout,S0,59,2,1,Correct,0.0728480878044859,round,,D_local,S_final,10,10,22
llama-4-scout,S0,59,2,2,Correct,0.0664340381301249,round,,D_local,S_final,10,10,22
llama-4-scout,S0,59,2,3,Correct,0.0632380246400687,round,,D_local,S_final,10,10,22
llama-4-scout,S0,60,1,1,Wrong,-0.0644264915997223,round,,D_local,S_final,10,10,22
llama-4-scout,S0,60,1,2,Wrong,-0.0723701057218615,round,,D_local,S_final,10,10,22
llama-4-scout,S0,60,1,3,Wrong,-0.0828098211850291,round,,D_local,S_final,10,10,22
llama-4-scout,S0,60,2,1,Correct,0.0556708378116113,round,,D_local,S_final,10,10,22
llama-4-scout,S0,60,2,2,Correct,0.0479378642523286,round,,D_local,S_final,10,10,22
llama-4-scout,S0,60,2,3,Correct,0.046410963569486,round,,D_local,S_final,10,10,22
llama-4-scout,S0,61,1,1,Wrong,-0.0839503420765448,round,,D_local,S_final,10,10,22
llama-4-scout,S0,61,1,2,Correct,-0.0669010767179847,round,,D_local,S_final,10,10,22
llama-4-scout,S0,61,1,3,Wrong,-0.0895842630895704,round,,D_local,S_final,10,10,22
llama-4-scout,S0,61,2,1,Correct,0.0555834824045816,round,,D_local,S_final,10,10,22
llama-4-scout,S0,61,2,2,Correct,0.0763768434466559,round,,D_local,S_final,10,10,22
llama-4-scout,S0,61,2,3,Correct,0.0738203719349006,round,,D_local,S_final,10,10,22
llama-4-scout,S0,62,1,1,Wrong,0.0272993117188315,round,,D_local,S_final,10,10,22
llama-4-scout,S0,62,1,2,Wrong,0.017315645448317,round,,D_local,S_final,10,10,22
llama-4-scout,S0,62,1,3,Correct,0.0135629335993283,round,,D_local,S_final,10,10,22
llama-4-scout,S0,62,2,1,Wrong,0.0024965513617981,round,,D_local,S_final,10,10,22
llama-4-scout,S0,62,2,2,Wrong,0.0128131062840033,round,,D_local,S_final,10,10,22
llama-4-scout,S0,62,2,3,Wrong,0.0140393339207403,round,,D_local,S_final,10,10,22
llama-4-scout,S0,63,1,1,Correct,0.0140213487069928,round,,D_local,S_final,10,10,22
llama-4-scout,S0,63,1,2,Wrong,0.0265939112837975,round,,D_local,S_final,10,10,22
llama-4-scout,S0,63,1,3,Wrong,0.0181235610365375,round,,D_local,S_final,10,10,22
llama-4-scout,S0,63,2,1,Wrong,0.0116857489221207,round,,D_local,S_final,10,10,22
llama-4-scout,S0,63,2,2,Wrong,0.0071015433493597,round,,D_local,S_final,10,10,22
llama-4-scout,S0,63,2,3,Wrong,0.0115598449218934,round,,D_local,S_final,10,10,22
llama-4-scout,S0,64,1,1,Correct,-0.0173492328878801,round,,D_local,S_final,10,10,22
llama-4-scout,S0,64,1,2,Correct,-0.0012652428200523,round,,D_local,S_final,10,10,22
llama-4-scout,S0,64,1,3,Correct,-0.0159804545206747,round,,D_local,S_final,10,10,22
llama-4-scout,S0,64,2,1,Correct,0.0121616454172168,round,,D_local,S_final,10,10,22
llama-4-scout,S0,64,2,2,Correct,0.0393024695041516,round,,D_local,S_final,10,10,22
llama-4-scout,S0,64,2,3,Correct,0.0257171031633235,round,,D_local,S_final,10,10,22
llama-4-scout,S1,1,1,1,Wrong,0.0935160586099846,round,,D_local,S_final,10,10,22
llama-4-scout,S1,1,1,2,Correct,0.0993044753139009,round,,D_local,S_final,10,10,22
llama-4-scout,S1,1,1,3,Wrong,0.0714635009606526,round,,D_local,S_final,10,10,22
llama-4-scout,S1,1,2,1,Wrong,0.0211201453042501,round,,D_local,S_final,10,10,22
llama-4-scout,S1,1,2,2,Wrong,0.0121161571924925,round,,D_local,S_final,10,10,22
llama-4-scout,S1,1,2,3,Wrong,0.0205137206033826,round,,D_local,S_final,10,10,22
llama-4-scout,S1,1,3,1,Correct,0.0001546332444697,round,,D_local,S_final,10,10,22
llama-4-scout,S1,1,3,2,Correct,-0.0156958187439893,round,,D_local,S_final,10,10,22
llama-4-scout,S1,1,3,3,Correct,-0.0225968702777138,round,,D_local,S_final,10,10,22
llama-4-scout,S1,1,4,1,Correct,0.0714204713828873,round,,D_local,S_final,10,10,22
llama-4-scout,S1,1,4,2,Correct,0.0744599734464024,round,,D_local,S_final,10,10,22
llama-4-scout,S1,1,4,3,Correct,0.0630475455950165,round,,D_local,S_final,10,10,22
llama-4-scout,S1,1,5,1,Wrong,-0.0408859925718917,round,,D_local,S_final,10,10,22
llama-4-scout,S1,1,5,2,Wrong,-0.0350503001351744,round,,D_local,S_final,10,10,22
llama-4-scout,S1,1,5,3,Wrong,-0.0351721489989013,round,,D_local,S_final,10,10,22
llama-4-scout,S1,2,1,1,Correct,0.1838543182390072,round,,D_local,S_final,10,10,22
llama-4-scout,S1,2,1,2,Correct,0.1504853489976841,round,,D_local,S_final,10,10,22
llama-4-scout,S1,2,1,3,Correct,0.1836446878748353,round,,D_local,S_final,10,10,22
llama-4-scout,S1,3,1,1,Correct,0.1872834342615402,round,,D_local,S_final,10,10,22
llama-4-scout,S1,3,1,2,Correct,0.1989268133194728,round,,D_local,S_final,10,10,22
llama-4-scout,S1,3,1,3,Correct,0.1704144524121013,round,,D_local,S_final,10,10,22
llama-4-scout,S1,3,2,1,Correct,0.2014549818325953,round,,D_local,S_final,10,10,22
llama-4-scout,S1,3,2,2,Correct,0.2105195636238507,round,,D_local,S_final,10,10,22
llama-4-scout,S1,3,2,3,Correct,0.1831518333392828,round,,D_local,S_final,10,10,22
llama-4-scout,S1,4,1,1,Wrong,0.0931340753412631,round,,D_local,S_final,10,10,22
llama-4-scout,S1,4,1,2,Wrong,0.0741432123305497,round,,D_local,S_final,10,10,22
llama-4-scout,S1,4,1,3,Wrong,0.0872641524724301,round,,D_local,S_final,10,10,22
llama-4-scout,S1,4,2,1,Wrong,0.0869020979680966,round,,D_local,S_final,10,10,22
llama-4-scout,S1,4,2,2,Wrong,0.1046723330290383,round,,D_local,S_final,10,10,22
llama-4-scout,S1,4,2,3,Wrong,0.0868697119622994,round,,D_local,S_final,10,10,22
llama-4-scout,S1,4,3,1,Correct,0.0377010783995795,round,,D_local,S_final,10,10,22
llama-4-scout,S1,4,3,2,Correct,0.0529463103674853,round,,D_local,S_final,10,10,22
llama-4-scout,S1,4,3,3,Correct,0.0487324323843368,round,,D_local,S_final,10,10,22
llama-4-scout,S1,5,1,1,Wrong,0.0811972511037179,round,,D_local,S_final,10,10,22
llama-4-scout,S1,5,1,2,Wrong,0.0939664950231929,round,,D_local,S_final,10,10,22
llama-4-scout,S1,5,1,3,Wrong,0.083951646545288,round,,D_local,S_final,10,10,22
llama-4-scout,S1,5,2,1,Correct,0.0491441465843252,round,,D_local,S_final,10,10,22
llama-4-scout,S1,5,2,2,Correct,0.0503409614089463,round,,D_local,S_final,10,10,22
llama-4-scout,S1,5,2,3,Correct,0.0511652037289369,round,,D_local,S_final,10,10,22
llama-4-scout,S1,5,3,1,Correct,0.0709003357405055,round,,D_local,S_final,10,10,22
llama-4-scout,S1,5,3,2,Correct,0.0650474057176614,round,,D_local,S_final,10,10,22
llama-4-scout,S1,5,3,3,Correct,0.0662760739434781,round,,D_local,S_final,10,10,22
llama-4-scout,S1,6,1,1,Correct,0.0824063256501732,round,,D_local,S_final,10,10,22
llama-4-scout,S1,6,1,2,Correct,0.0818329118916244,round,,D_local,S_final,10,10,22
llama-4-scout,S1,6,1,3,Correct,0.0935523077159856,round,,D_local,S_final,10,10,22
llama-4-scout,S1,6,2,1,Wrong,0.0114155202236934,round,,D_local,S_final,10,10,22
llama-4-scout,S1,6,2,2,Wrong,-0.0229334201205112,round,,D_local,S_final,10,10,22
llama-4-scout,S1,6,2,3,Wrong,0.0231754317997461,round,,D_local,S_final,10,10,22
llama-4-scout,S1,6,3,1,Correct,0.0524741868983262,round,,D_local,S_final,10,10,22
llama-4-scout,S1,6,3,2,Correct,0.0348863360552208,round,,D_local,S_final,10,10,22
llama-4-scout,S1,6,3,3,Correct,0.0589161890228769,round,,D_local,S_final,10,10,22
llama-4-scout,S1,7,1,1,Wrong,0.1330482378455196,round,,D_local,S_final,10,10,22
llama-4-scout,S1,7,1,2,Wrong,0.1385842259059111,round,,D_local,S_final,10,10,22
llama-4-scout,S1,7,1,3,Wrong,0.1338827323976701,round,,D_local,S_final,10,10,22
llama-4-scout,S1,7,2,1,Wrong,0.0908450726321705,round,,D_local,S_final,10,10,22
llama-4-scout,S1,7,2,2,Wrong,0.0851662871096202,round,,D_local,S_final,10,10,22
llama-4-scout,S1,7,2,3,Wrong,0.0844439533514234,round,,D_local,S_final,10,10,22
llama-4-scout,S1,7,3,1,Wrong,-0.0061707949508995,round,,D_local,S_final,10,10,22
llama-4-scout,S1,7,3,2,Wrong,-0.0169038269919323,round,,D_local,S_final,10,10,22
llama-4-scout,S1,7,3,3,Wrong,-0.0132831820853842,round,,D_local,S_final,10,10,22
llama-4-scout,S1,7,4,1,Correct,-0.0081808315962155,round,,D_local,S_final,10,10,22
llama-4-scout,S1,7,4,2,Correct,0.0013885969589647,round,,D_local,S_final,10,10,22
llama-4-scout,S1,7,4,3,Correct,-0.0053002102785212,round,,D_local,S_final,10,10,22
llama-4-scout,S1,7,5,1,Correct,0.0536582126641184,round,,D_local,S_final,10,10,22
llama-4-scout,S1,7,5,2,Correct,0.0319336673241106,round,,D_local,S_final,10,10,22
llama-4-scout,S1,7,5,3,Correct,0.0402436398337069,round,,D_local,S_final,10,10,22
llama-4-scout,S1,7,6,1,Wrong,-0.0169392856643432,round,,D_local,S_final,10,10,22
llama-4-scout,S1,7,6,2,Wrong,-0.0146567344614246,round,,D_local,S_final,10,10,22
llama-4-scout,S1,7,6,3,Wrong,-0.0008756362621147,round,,D_local,S_final,10,10,22
llama-4-scout,S1,7,7,1,Wrong,0.0614895607448945,round,,D_local,S_final,10,10,22
llama-4-scout,S1,7,7,2,Wrong,0.0548871124985609,round,,D_local,S_final,10,10,22
llama-4-scout,S1,7,7,3,Wrong,0.0683831448981155,round,,D_local,S_final,10,10,22
llama-4-scout,S1,7,8,1,Correct,0.0367563990091085,round,,D_local,S_final,10,10,22
llama-4-scout,S1,7,8,2,Correct,0.0596709625858983,round,,D_local,S_final,10,10,22
llama-4-scout,S1,7,8,3,Correct,0.038172119768383,round,,D_local,S_final,10,10,22
llama-4-scout,S1,7,9,1,Correct,0.0327176950294459,round,,D_local,S_final,10,10,22
llama-4-scout,S1,7,9,2,Correct,0.0688999352195802,round,,D_local,S_final,10,10,22
llama-4-scout,S1,7,9,3,Correct,0.0831115885948594,round,,D_local,S_final,10,10,22
llama-4-scout,S1,7,10,1,Wrong,-0.0080119682276823,round,,D_local,S_final,10,10,22
llama-4-scout,S1,7,10,2,Wrong,-0.0084832229294259,round,,D_local,S_final,10,10,22
llama-4-scout,S1,7,10,3,Wrong,0.0234692279665258,round,,D_local,S_final,10,10,22
llama-4-scout,S1,7,11,1,Wrong,0.0607810978794841,round,,D_local,S_final,10,10,22
llama-4-scout,S1,7,11,2,Wrong,0.1045956529493208,round,,D_local,S_final,10,10,22
llama-4-scout,S1,7,11,3,Wrong,0.0672506060509808,round,,D_local,S_final,10,10,22
llama-4-scout,S1,8,1,1,Correct,0.0929021036699154,round,,D_local,S_final,10,10,22
llama-4-scout,S1,8,1,2,Correct,0.0825951977736934,round,,D_local,S_final,10,10,22
llama-4-scout,S1,8,1,3,Correct,0.0547519818719973,round,,D_local,S_final,10,10,22
llama-4-scout,S1,8,2,1,Correct,0.0767070419715157,round,,D_local,S_final,10,10,22
llama-4-scout,S1,8,2,2,Correct,0.0803155124627237,round,,D_local,S_final,10,10,22
llama-4-scout,S1,8,2,3,Correct,0.0697504012128412,round,,D_local,S_final,10,10,22
llama-4-scout,S1,8,3,1,Correct,0.0277524105886231,round,,D_local,S_final,10,10,22
llama-4-scout,S1,8,3,2,Correct,-0.0101628800717814,round,,D_local,S_final,10,10,22
llama-4-scout,S1,8,3,3,Wrong,-0.0024754915027742,round,,D_local,S_final,10,10,22
llama-4-scout,S1,8,4,1,Wrong,-0.0016222157301715,round,,D_local,S_final,10,10,22
llama-4-scout,S1,8,4,2,Wrong,-0.0260151674360488,round,,D_local,S_final,10,10,22
llama-4-scout,S1,8,4,3,Correct,-0.0300164333570177,round,,D_local,S_final,10,10,22
llama-4-scout,S1,9,1,1,Correct,0.058800262876814,round,,D_local,S_final,10,10,22
llama-4-scout,S1,9,1,2,Correct,0.0539999485361106,round,,D_local,S_final,10,10,22
llama-4-scout,S1,9,1,3,Correct,0.0718550938985966,round,,D_local,S_final,10,10,22
llama-4-scout,S1,9,2,1,Wrong,0.062500206720701,round,,D_local,S_final,10,10,22
llama-4-scout,S1,9,2,2,Wrong,0.0799198913307371,round,,D_local,S_final,10,10,22
llama-4-scout,S1,9,2,3,Wrong,0.0766367250170141,round,,D_local,S_final,10,10,22
llama-4-scout,S1,9,3,1,Correct,0.0741752296945066,round,,D_local,S_final,10,10,22
llama-4-scout,S1,9,3,2,Correct,0.079746745897399,round,,D_local,S_final,10,10,22
llama-4-scout,S1,9,3,3,Correct,0.0737103868589006,round,,D_local,S_final,10,10,22
llama-4-scout,S1,10,1,1,Wrong,0.0818785158092959,round,,D_local,S_final,10,10,22
llama-4-scout,S1,10,1,2,Wrong,0.0825425008402117,round,,D_local,S_final,10,10,22
llama-4-scout,S1,10,1,3,Wrong,0.073647612404517,round,,D_local,S_final,10,10,22
llama-4-scout,S1,10,2,1,Wrong,0.085675727964786,round,,D_local,S_final,10,10,22
llama-4-scout,S1,10,2,2,Wrong,0.086960590355375,round,,D_local,S_final,10,10,22
llama-4-scout,S1,10,2,3,Wrong,0.0984683171177086,round,,D_local,S_final,10,10,22
llama-4-scout,S1,11,1,1,Wrong,-0.0462336801418284,round,,D_local,S_final,10,10,22
llama-4-scout,S1,11,1,2,Wrong,-0.0407747500010916,round,,D_local,S_final,10,10,22
llama-4-scout,S1,11,1,3,Wrong,-0.0077476335492577,round,,D_local,S_final,10,10,22
llama-4-scout,S1,12,1,1,Wrong,-0.0509585135265976,round,,D_local,S_final,10,10,22
llama-4-scout,S1,12,1,2,Wrong,-0.0192079802409869,round,,D_local,S_final,10,10,22
llama-4-scout,S1,12,1,3,Wrong,-0.018347858798595,round,,D_local,S_final,10,10,22
llama-4-scout,S1,13,1,1,Correct,0.134604316096441,round,,D_local,S_final,10,10,22
llama-4-scout,S1,13,1,2,Wrong,0.1325983034182598,round,,D_local,S_final,10,10,22
llama-4-scout,S1,13,1,3,Wrong,0.1451512564488862,round,,D_local,S_final,10,10,22
llama-4-scout,S1,13,2,1,Wrong,-0.0302978615694289,round,,D_local,S_final,10,10,22
llama-4-scout,S1,13,2,2,Wrong,-0.0249315584645238,round,,D_local,S_final,10,10,22
llama-4-scout,S1,13,2,3,Wrong,-0.0398699741325464,round,,D_local,S_final,10,10,22
llama-4-scout,S1,13,3,1,Wrong,0.0244775523476267,round,,D_local,S_final,10,10,22
llama-4-scout,S1,13,3,2,Wrong,0.021227671510026,round,,D_local,S_final,10,10,22
llama-4-scout,S1,13,3,3,Wrong,0.0162808508478643,round,,D_local,S_final,10,10,22
llama-4-scout,S1,14,1,1,Correct,0.0047000603409192,round,,D_local,S_final,10,10,22
llama-4-scout,S1,14,1,2,Correct,0.0084436818225863,round,,D_local,S_final,10,10,22
llama-4-scout,S1,14,1,3,Correct,0.0188191769014821,round,,D_local,S_final,10,10,22
llama-4-scout,S1,15,1,1,Correct,-0.0402345898451607,round,,D_local,S_final,10,10,22
llama-4-scout,S1,15,1,2,Correct,-0.0359419426565111,round,,D_local,S_final,10,10,22
llama-4-scout,S1,15,1,3,Wrong,-0.0483409419818147,round,,D_local,S_final,10,10,22
llama-4-scout,S1,16,1,1,Correct,0.1243894551916052,round,,D_local,S_final,10,10,22
llama-4-scout,S1,16,1,2,Correct,0.1396095861629008,round,,D_local,S_final,10,10,22
llama-4-scout,S1,16,1,3,Correct,0.1337352438951732,round,,D_local,S_final,10,10,22
llama-4-scout,S1,17,1,1,Wrong,0.0611295254264965,round,,D_local,S_final,10,10,22
llama-4-scout,S1,17,1,2,Wrong,0.0367191551517739,round,,D_local,S_final,10,10,22
llama-4-scout,S1,17,1,3,Wrong,0.0724263024900978,round,,D_local,S_final,10,10,22
llama-4-scout,S1,18,1,1,Correct,0.0879098075083119,round,,D_local,S_final,10,10,22
llama-4-scout,S1,18,1,2,Correct,0.1499479857580656,round,,D_local,S_final,10,10,22
llama-4-scout,S1,18,1,3,Correct,0.1390894315685238,round,,D_local,S_final,10,10,22
llama-4-scout,S1,19,1,1,Correct,0.0633818593970814,round,,D_local,S_final,10,10,22
llama-4-scout,S1,19,1,2,Correct,0.0247986721351324,round,,D_local,S_final,10,10,22
llama-4-scout,S1,19,1,3,Correct,0.0695243899004534,round,,D_local,S_final,10,10,22
llama-4-scout,S1,20,1,1,Wrong,0.0468024010270935,round,,D_local,S_final,10,10,22
llama-4-scout,S1,20,1,2,Wrong,0.0866937656997997,round,,D_local,S_final,10,10,22
llama-4-scout,S1,20,1,3,Wrong,0.0653898822058007,round,,D_local,S_final,10,10,22
llama-4-scout,S1,21,1,1,Correct,0.0895558897687845,round,,D_local,S_final,10,10,22
llama-4-scout,S1,21,1,2,Correct,0.0942453835514602,round,,D_local,S_final,10,10,22
llama-4-scout,S1,21,1,3,Correct,0.0713520518630674,round,,D_local,S_final,10,10,22
llama-4-scout,S1,22,1,1,Wrong,0.0178017189830715,round,,D_local,S_final,10,10,22
llama-4-scout,S1,22,1,2,Correct,0.0248691709825032,round,,D_local,S_final,10,10,22
llama-4-scout,S1,22,1,3,Correct,0.0171680490207424,round,,D_local,S_final,10,10,22
llama-4-scout,S1,23,1,1,Correct,0.0606556848389377,round,,D_local,S_final,10,10,22
llama-4-scout,S1,23,1,2,Correct,0.0645965842746576,round,,D_local,S_final,10,10,22
llama-4-scout,S1,23,1,3,Wrong,0.0794324599333459,round,,D_local,S_final,10,10,22
llama-4-scout,S1,24,1,1,Correct,0.0284686787698787,round,,D_local,S_final,10,10,22
llama-4-scout,S1,24,1,2,Correct,0.0157246187825506,round,,D_local,S_final,10,10,22
llama-4-scout,S1,24,1,3,Correct,0.0292399454690729,round,,D_local,S_final,10,10,22
llama-4-scout,S1,25,1,1,Wrong,-0.0200179875808205,round,,D_local,S_final,10,10,22
llama-4-scout,S1,25,1,2,Wrong,-0.0074595525641353,round,,D_local,S_final,10,10,22
llama-4-scout,S1,25,1,3,Wrong,-0.024773780709722,round,,D_local,S_final,10,10,22
llama-4-scout,S1,25,2,1,Correct,0.0848617531281376,round,,D_local,S_final,10,10,22
llama-4-scout,S1,25,2,2,Correct,0.1121388912920401,round,,D_local,S_final,10,10,22
llama-4-scout,S1,25,2,3,Correct,0.076312045223685,round,,D_local,S_final,10,10,22
llama-4-scout,S1,26,1,1,Correct,0.0587411060904304,round,,D_local,S_final,10,10,22
llama-4-scout,S1,26,1,2,Correct,0.0719195654421618,round,,D_local,S_final,10,10,22
llama-4-scout,S1,26,1,3,Correct,0.0836507067798248,round,,D_local,S_final,10,10,22
llama-4-scout,S1,26,2,1,Correct,-0.0500463181047955,round,,D_local,S_final,10,10,22
llama-4-scout,S1,26,2,2,Correct,-0.0735279291463572,round,,D_local,S_final,10,10,22
llama-4-scout,S1,26,2,3,Correct,-0.0732128955309852,round,,D_local,S_final,10,10,22
llama-4-scout,S1,26,3,1,Correct,-0.0624162740752813,round,,D_local,S_final,10,10,22
llama-4-scout,S1,26,3,2,Wrong,-0.068937387074345,round,,D_local,S_final,10,10,22
llama-4-scout,S1,26,3,3,Correct,-0.0725415858924626,round,,D_local,S_final,10,10,22
llama-4-scout,S1,26,4,1,Correct,0.1361139411232759,round,,D_local,S_final,10,10,22
llama-4-scout,S1,26,4,2,Correct,0.0931793528985631,round,,D_local,S_final,10,10,22
llama-4-scout,S1,26,4,3,Correct,0.1436079907519159,round,,D_local,S_final,10,10,22
llama-4-scout,S1,27,1,1,Correct,0.0730249338336979,round,,D_local,S_final,10,10,22
llama-4-scout,S1,27,1,2,Correct,0.0710635924797901,round,,D_local,S_final,10,10,22
llama-4-scout,S1,27,1,3,Correct,0.0730249338336979,round,,D_local,S_final,10,10,22
llama-4-scout,S1,27,2,1,Correct,-0.0782302709181143,round,,D_local,S_final,10,10,22
llama-4-scout,S1,27,2,2,Correct,-0.064398447505205,round,,D_local,S_final,10,10,22
llama-4-scout,S1,27,2,3,Correct,-0.0271298752188454,round,,D_local,S_final,10,10,22
llama-4-scout,S1,27,3,1,Correct,-0.0493697568488845,round,,D_local,S_final,10,10,22
llama-4-scout,S1,27,3,2,Correct,-0.0781324292339651,round,,D_local,S_final,10,10,22
llama-4-scout,S1,27,3,3,Correct,-0.0622857997934128,round,,D_local,S_final,10,10,22
llama-4-scout,S1,27,4,1,Correct,0.1749642401240447,round,,D_local,S_final,10,10,22
llama-4-scout,S1,27,4,2,Correct,0.1764878291981745,round,,D_local,S_final,10,10,22
llama-4-scout,S1,27,4,3,Correct,0.1972300705320314,round,,D_local,S_final,10,10,22
llama-4-scout,S1,28,1,1,Wrong,0.0560209705428136,round,,D_local,S_final,10,10,22
llama-4-scout,S1,28,1,2,Wrong,0.0606923078877549,round,,D_local,S_final,10,10,22
llama-4-scout,S1,28,1,3,Wrong,0.0178046833154015,round,,D_local,S_final,10,10,22
llama-4-scout,S1,28,2,1,Correct,-0.0767635693464558,round,,D_local,S_final,10,10,22
llama-4-scout,S1,28,2,2,Correct,-0.0597080895248859,round,,D_local,S_final,10,10,22
llama-4-scout,S1,28,2,3,Correct,-0.0657958579816269,round,,D_local,S_final,10,10,22
llama-4-scout,S1,29,1,1,Correct,0.0971266871398302,round,,D_local,S_final,10,10,22
llama-4-scout,S1,29,1,2,Correct,0.1476189772966621,round,,D_local,S_final,10,10,22
llama-4-scout,S1,29,1,3,Correct,0.1249603032089919,round,,D_local,S_final,10,10,22
llama-4-scout,S1,29,2,1,Correct,-0.028915053956311,round,,D_local,S_final,10,10,22
llama-4-scout,S1,29,2,2,Correct,-0.0993289642893843,round,,D_local,S_final,10,10,22
llama-4-scout,S1,29,2,3,Correct,-0.0936363112318497,round,,D_local,S_final,10,10,22
llama-4-scout,S1,30,1,1,Correct,0.0447020254075396,round,,D_local,S_final,10,10,22
llama-4-scout,S1,30,1,2,Correct,0.0427945490124547,round,,D_local,S_final,10,10,22
llama-4-scout,S1,30,1,3,Correct,0.0328974081135063,round,,D_local,S_final,10,10,22
llama-4-scout,S1,30,2,1,Correct,-0.0710424295754063,round,,D_local,S_final,10,10,22
llama-4-scout,S1,30,2,2,Correct,-0.0507160423653016,round,,D_local,S_final,10,10,22
llama-4-scout,S1,30,2,3,Correct,-0.0932614132342737,round,,D_local,S_final,10,10,22
llama-4-scout,S1,31,1,1,Correct,0.1344362536738284,round,,D_local,S_final,10,10,22
llama-4-scout,S1,31,1,2,Correct,0.1301219796882061,round,,D_local,S_final,10,10,22
llama-4-scout,S1,31,1,3,Correct,0.1333521801261085,round,,D_local,S_final,10,10,22
llama-4-scout,S1,32,1,1,Wrong,0.0684604497793103,round,,D_local,S_final,10,10,22
llama-4-scout,S1,32,1,2,Wrong,0.0527985795373592,round,,D_local,S_final,10,10,22
llama-4-scout,S1,32,1,3,Wrong,0.0378088680264264,round,,D_local,S_final,10,10,22
llama-4-scout,S1,33,1,1,Wrong,0.0236089544832068,round,,D_local,S_final,10,10,22
llama-4-scout,S1,33,1,2,Correct,0.0430292945819671,round,,D_local,S_final,10,10,22
llama-4-scout,S1,33,1,3,Correct,0.0290712536648674,round,,D_local,S_final,10,10,22
llama-4-scout,S1,34,1,1,Correct,0.0269970767169492,round,,D_local,S_final,10,10,22
llama-4-scout,S1,34,1,2,Wrong,0.0190194898504131,round,,D_local,S_final,10,10,22
llama-4-scout,S1,34,1,3,Correct,0.0641842218687016,round,,D_local,S_final,10,10,22
llama-4-scout,S1,35,1,1,Wrong,-0.0212359759776701,round,,D_local,S_final,10,10,22
llama-4-scout,S1,35,1,2,Wrong,-0.0377037141615993,round,,D_local,S_final,10,10,22
llama-4-scout,S1,35,1,3,Wrong,0.0061718964098687,round,,D_local,S_final,10,10,22
llama-4-scout,S1,36,1,1,Correct,0.1068790450072511,round,,D_local,S_final,10,10,22
llama-4-scout,S1,36,1,2,Correct,0.0842608964977769,round,,D_local,S_final,10,10,22
llama-4-scout,S1,36,1,3,Correct,0.0788314871065039,round,,D_local,S_final,10,10,22
llama-4-scout,S1,36,2,1,Wrong,0.0247440567368604,round,,D_local,S_final,10,10,22
llama-4-scout,S1,36,2,2,Correct,0.040876159427999,round,,D_local,S_final,10,10,22
llama-4-scout,S1,36,2,3,Wrong,0.0128887748337519,round,,D_local,S_final,10,10,22
llama-4-scout,S1,36,3,1,Correct,0.002066296074223,round,,D_local,S_final,10,10,22
llama-4-scout,S1,36,3,2,Correct,0.0157864003204746,round,,D_local,S_final,10,10,22
llama-4-scout,S1,36,3,3,Correct,0.0252264184657325,round,,D_local,S_final,10,10,22
llama-4-scout,S1,37,1,1,Wrong,0.0460353061352167,round,,D_local,S_final,10,10,22
llama-4-scout,S1,37,1,2,Wrong,0.0244599610251122,round,,D_local,S_final,10,10,22
llama-4-scout,S1,37,1,3,Wrong,-0.0165029511225511,round,,D_local,S_final,10,10,22
llama-4-scout,S1,37,2,1,Correct,0.0522373465160356,round,,D_local,S_final,10,10,22
llama-4-scout,S1,37,2,2,Correct,0.0762615281133045,round,,D_local,S_final,10,10,22
llama-4-scout,S1,37,2,3,Correct,0.0749081919919356,round,,D_local,S_final,10,10,22
llama-4-scout,S1,38,1,1,Correct,-0.1001884242692774,round,,D_local,S_final,10,10,22
llama-4-scout,S1,38,1,2,Correct,-0.1282660823360865,round,,D_local,S_final,10,10,22
llama-4-scout,S1,38,1,3,Correct,-0.1318291932890329,round,,D_local,S_final,10,10,22
llama-4-scout,S1,38,2,1,Correct,-0.1332281431464451,round,,D_local,S_final,10,10,22
llama-4-scout,S1,38,2,2,Correct,-0.1355061428333214,round,,D_local,S_final,10,10,22
llama-4-scout,S1,38,2,3,Wrong,-0.1163969908062224,round,,D_local,S_final,10,10,22
llama-4-scout,S1,39,1,1,Wrong,-0.0557068249383289,round,,D_local,S_final,10,10,22
llama-4-scout,S1,39,1,2,Correct,-0.0413624676358702,round,,D_local,S_final,10,10,22
llama-4-scout,S1,39,1,3,Wrong,-0.0298502745120415,round,,D_local,S_final,10,10,22
llama-4-scout,S1,39,2,1,Wrong,0.1684937459640346,round,,D_local,S_final,10,10,22
llama-4-scout,S1,39,2,2,Wrong,0.1511948289623644,round,,D_local,S_final,10,10,22
llama-4-scout,S1,39,2,3,Correct,0.1423317195308315,round,,D_local,S_final,10,10,22
llama-4-scout,S1,40,1,1,Correct,0.060625442476132,round,,D_local,S_final,10,10,22
llama-4-scout,S1,40,1,2,Correct,0.0661645174629597,round,,D_local,S_final,10,10,22
llama-4-scout,S1,40,1,3,Correct,0.0800328525324522,round,,D_local,S_final,10,10,22
llama-4-scout,S1,40,2,1,Correct,0.0781577540241831,round,,D_local,S_final,10,10,22
llama-4-scout,S1,40,2,2,Correct,0.0652761813848139,round,,D_local,S_final,10,10,22
llama-4-scout,S1,40,2,3,Correct,0.0890896994732564,round,,D_local,S_final,10,10,22
llama-4-scout,S1,40,3,1,Correct,0.0317220549151947,round,,D_local,S_final,10,10,22
llama-4-scout,S1,40,3,2,Correct,0.0429091389790992,round,,D_local,S_final,10,10,22
llama-4-scout,S1,40,3,3,Correct,0.0688144438609261,round,,D_local,S_final,10,10,22
llama-4-scout,S1,40,4,1,Correct,0.0460428151799979,round,,D_local,S_final,10,10,22
llama-4-scout,S1,40,4,2,Correct,0.0500971132096578,round,,D_local,S_final,10,10,22
llama-4-scout,S1,40,4,3,Wrong,0.0370994838753642,round,,D_local,S_final,10,10,22
llama-4-scout,S1,40,5,1,Wrong,0.0324540764163793,round,,D_local,S_final,10,10,22
llama-4-scout,S1,40,5,2,Wrong,0.0311484658751823,round,,D_local,S_final,10,10,22
llama-4-scout,S1,40,5,3,Wrong,0.044559742302471,round,,D_local,S_final,10,10,22
llama-4-scout,S1,40,6,1,Correct,0.0021006984437085,round,,D_local,S_final,10,10,22
llama-4-scout,S1,40,6,2,Correct,0.0253274814607035,round,,D_local,S_final,10,10,22
llama-4-scout,S1,40,6,3,Correct,0.0178740881796846,round,,D_local,S_final,10,10,22
llama-4-scout,S1,41,1,1,Wrong,0.0822906787754027,round,,D_local,S_final,10,10,22
llama-4-scout,S1,41,1,2,Wrong,0.0742854111878889,round,,D_local,S_final,10,10,22
llama-4-scout,S1,41,1,3,Wrong,0.0883866132896232,round,,D_local,S_final,10,10,22
llama-4-scout,S1,42,1,1,Wrong,-0.0568084950049068,round,,D_local,S_final,10,10,22
llama-4-scout,S1,42,1,2,Wrong,-0.0467272363306967,round,,D_local,S_final,10,10,22
llama-4-scout,S1,42,1,3,Wrong,-0.0374407226078347,round,,D_local,S_final,10,10,22
llama-4-scout,S1,43,1,1,Wrong,-0.028710811129419,round,,D_local,S_final,10,10,22
llama-4-scout,S1,43,1,2,Wrong,-0.0473130555446488,round,,D_local,S_final,10,10,22
llama-4-scout,S1,43,1,3,Wrong,-0.0591420012521691,round,,D_local,S_final,10,10,22
llama-4-scout,S1,44,1,1,Wrong,0.0628444156184221,round,,D_local,S_final,10,10,22
llama-4-scout,S1,44,1,2,Wrong,0.0721073758596342,round,,D_local,S_final,10,10,22
llama-4-scout,S1,44,1,3,Wrong,0.0285653025150054,round,,D_local,S_final,10,10,22
llama-4-scout,S1,45,1,1,Correct,0.1383785462073776,round,,D_local,S_final,10,10,22
llama-4-scout,S1,45,1,2,Correct,0.1333432768849844,round,,D_local,S_final,10,10,22
llama-4-scout,S1,45,1,3,Correct,0.1352251686726077,round,,D_local,S_final,10,10,22
llama-4-scout,S1,45,2,1,Wrong,-0.0535037736219553,round,,D_local,S_final,10,10,22
llama-4-scout,S1,45,2,2,Wrong,0.0062757655294033,round,,D_local,S_final,10,10,22
llama-4-scout,S1,45,2,3,Wrong,-0.0290128086764104,round,,D_local,S_final,10,10,22
llama-4-scout,S1,45,3,1,Wrong,-0.0596261678605157,round,,D_local,S_final,10,10,22
llama-4-scout,S1,45,3,2,Wrong,-0.0607891246446969,round,,D_local,S_final,10,10,22
llama-4-scout,S1,45,3,3,Wrong,-0.0588334422354598,round,,D_local,S_final,10,10,22
llama-4-scout,S1,46,1,1,Correct,0.0824183526936307,round,,D_local,S_final,10,10,22
llama-4-scout,S1,46,1,2,Correct,0.0889495036045757,round,,D_local,S_final,10,10,22
llama-4-scout,S1,46,1,3,Correct,0.0804603877236949,round,,D_local,S_final,10,10,22
llama-4-scout,S1,46,2,1,Correct,0.0359248249334964,round,,D_local,S_final,10,10,22
llama-4-scout,S1,46,2,2,Correct,0.0565123722210177,round,,D_local,S_final,10,10,22
llama-4-scout,S1,46,2,3,Correct,0.0622288872855625,round,,D_local,S_final,10,10,22
llama-4-scout,S1,47,1,1,Correct,0.0988578307439508,round,,D_local,S_final,10,10,22
llama-4-scout,S1,47,1,2,Correct,0.0810761196556267,round,,D_local,S_final,10,10,22
llama-4-scout,S1,47,1,3,Correct,0.0906548011146143,round,,D_local,S_final,10,10,22
llama-4-scout,S1,47,2,1,Correct,0.0090356108900044,round,,D_local,S_final,10,10,22
llama-4-scout,S1,47,2,2,Correct,-0.0038954093433557,round,,D_local,S_final,10,10,22
llama-4-scout,S1,47,2,3,Correct,0.0328000215914962,round,,D_local,S_final,10,10,22
llama-4-scout,S1,48,1,1,Wrong,0.0230943735352155,round,,D_local,S_final,10,10,22
llama-4-scout,S1,48,1,2,Wrong,0.0187849345302897,round,,D_local,S_final,10,10,22
llama-4-scout,S1,48,1,3,Wrong,0.0280940859066589,round,,D_local,S_final,10,10,22
llama-4-scout,S1,48,2,1,Wrong,0.0072787470488164,round,,D_local,S_final,10,10,22
llama-4-scout,S1,48,2,2,Correct,0.0459541459973799,round,,D_local,S_final,10,10,22
llama-4-scout,S1,48,2,3,Correct,-0.0104862582572449,round,,D_local,S_final,10,10,22
llama-4-scout,S1,49,1,1,Wrong,-0.0161201312923615,round,,D_local,S_final,10,10,22
llama-4-scout,S1,49,1,2,Wrong,-0.0165103875883063,round,,D_local,S_final,10,10,22
llama-4-scout,S1,49,1,3,Wrong,-0.0270189991697523,round,,D_local,S_final,10,10,22
llama-4-scout,S1,50,1,1,Wrong,0.0115258110291971,round,,D_local,S_final,10,10,22
llama-4-scout,S1,50,1,2,Wrong,-0.0167035448182006,round,,D_local,S_final,10,10,22
llama-4-scout,S1,50,1,3,Wrong,-0.0245678680886888,round,,D_local,S_final,10,10,22
llama-4-scout,S1,51,1,1,Wrong,0.0400217525983017,round,,D_local,S_final,10,10,22
llama-4-scout,S1,51,1,2,Wrong,0.0818593160330389,round,,D_local,S_final,10,10,22
llama-4-scout,S1,51,1,3,Wrong,0.0602603267208389,round,,D_local,S_final,10,10,22
llama-4-scout,S1,52,1,1,Correct,0.1315760597454973,round,,D_local,S_final,10,10,22
llama-4-scout,S1,52,1,2,Correct,0.1168730957899926,round,,D_local,S_final,10,10,22
llama-4-scout,S1,52,1,3,Correct,0.1118415558396659,round,,D_local,S_final,10,10,22
llama-4-scout,S1,53,1,1,Correct,-0.0001489949129641,round,,D_local,S_final,10,10,22
llama-4-scout,S1,53,1,2,Correct,-0.0195690293155222,round,,D_local,S_final,10,10,22
llama-4-scout,S1,53,1,3,Correct,-0.0138442154912107,round,,D_local,S_final,10,10,22
llama-4-scout,S1,53,2,1,Correct,0.0881900560414152,round,,D_local,S_final,10,10,22
llama-4-scout,S1,53,2,2,Correct,0.0912458241531124,round,,D_local,S_final,10,10,22
llama-4-scout,S1,53,2,3,Correct,0.092706298315225,round,,D_local,S_final,10,10,22
llama-4-scout,S1,54,1,1,Correct,-0.1030850223698754,round,,D_local,S_final,10,10,22
llama-4-scout,S1,54,1,2,Correct,-0.1259873432072695,round,,D_local,S_final,10,10,22
llama-4-scout,S1,54,1,3,Correct,-0.0984173591048155,round,,D_local,S_final,10,10,22
llama-4-scout,S1,54,2,1,Correct,0.1209747885674658,round,,D_local,S_final,10,10,22
llama-4-scout,S1,54,2,2,Correct,0.1060278845772298,round,,D_local,S_final,10,10,22
llama-4-scout,S1,54,2,3,Correct,0.1144081671174714,round,,D_local,S_final,10,10,22
llama-4-scout,S1,55,1,1,Wrong,0.0124921379303076,round,,D_local,S_final,10,10,22
llama-4-scout,S1,55,1,2,Wrong,-0.0078239788076955,round,,D_local,S_final,10,10,22
llama-4-scout,S1,55,1,3,Wrong,0.01104528272009,round,,D_local,S_final,10,10,22
llama-4-scout,S1,55,2,1,Correct,0.1303874113315639,round,,D_local,S_final,10,10,22
llama-4-scout,S1,55,2,2,Correct,0.136318906446156,round,,D_local,S_final,10,10,22
llama-4-scout,S1,55,2,3,Correct,0.1261357444395043,round,,D_local,S_final,10,10,22
llama-4-scout,S1,56,1,1,Wrong,-0.0415688211255038,round,,D_local,S_final,10,10,22
llama-4-scout,S1,56,1,2,Wrong,-0.0189836013837338,round,,D_local,S_final,10,10,22
llama-4-scout,S1,56,1,3,Wrong,-0.0427579907967855,round,,D_local,S_final,10,10,22
llama-4-scout,S1,56,2,1,Correct,0.0034884590697633,round,,D_local,S_final,10,10,22
llama-4-scout,S1,56,2,2,Correct,-0.0020728662989317,round,,D_local,S_final,10,10,22
llama-4-scout,S1,56,2,3,Correct,0.0290538200608809,round,,D_local,S_final,10,10,22
llama-4-scout,S1,57,1,1,Wrong,-0.12134494478392,round,,D_local,S_final,10,10,22
llama-4-scout,S1,57,1,2,Wrong,-0.1258722489146846,round,,D_local,S_final,10,10,22
llama-4-scout,S1,57,1,3,Wrong,-0.1136669388254315,round,,D_local,S_final,10,10,22
llama-4-scout,S1,57,2,1,Wrong,-0.1839025537533432,round,,D_local,S_final,10,10,22
llama-4-scout,S1,57,2,2,Wrong,-0.1417914096573057,round,,D_local,S_final,10,10,22
llama-4-scout,S1,57,2,3,Wrong,-0.1683475490283771,round,,D_local,S_final,10,10,22
llama-4-scout,S1,58,1,1,Correct,0.000544596395349,round,,D_local,S_final,10,10,22
llama-4-scout,S1,58,1,2,Correct,0.0183318540686301,round,,D_local,S_final,10,10,22
llama-4-scout,S1,58,1,3,Correct,0.0172148809089928,round,,D_local,S_final,10,10,22
llama-4-scout,S1,58,2,1,Correct,0.0152024572068732,round,,D_local,S_final,10,10,22
llama-4-scout,S1,58,2,2,Correct,0.0321093250263163,round,,D_local,S_final,10,10,22
llama-4-scout,S1,58,2,3,Correct,0.0169936657756669,round,,D_local,S_final,10,10,22
llama-4-scout,S1,59,1,1,Correct,-0.0475305028584179,round,,D_local,S_final,10,10,22
llama-4-scout,S1,59,1,2,Correct,-0.0544781538786794,round,,D_local,S_final,10,10,22
llama-4-scout,S1,59,1,3,Correct,-0.0608144789942304,round,,D_local,S_final,10,10,22
llama-4-scout,S1,59,2,1,Correct,0.1019848888632421,round,,D_local,S_final,10,10,22
llama-4-scout,S1,59,2,2,Correct,0.1098508482407288,round,,D_local,S_final,10,10,22
llama-4-scout,S1,59,2,3,Correct,0.0958735597442946,round,,D_local,S_final,10,10,22
llama-4-scout,S1,60,1,1,Correct,-0.0904099688393497,round,,D_local,S_final,10,10,22
llama-4-scout,S1,60,1,2,Correct,-0.1095877106475765,round,,D_local,S_final,10,10,22
llama-4-scout,S1,60,1,3,Correct,-0.1107975090923598,round,,D_local,S_final,10,10,22
llama-4-scout,S1,60,2,1,Correct,0.0965574904682232,round,,D_local,S_final,10,10,22
llama-4-scout,S1,60,2,2,Correct,0.0998630238860978,round,,D_local,S_final,10,10,22
llama-4-scout,S1,60,2,3,Correct,0.1214813508492758,round,,D_local,S_final,10,10,22
llama-4-scout,S1,61,1,1,Correct,-0.073841928689718,round,,D_local,S_final,10,10,22
llama-4-scout,S1,61,1,2,Correct,-0.0985620176347945,round,,D_local,S_final,10,10,22
llama-4-scout,S1,61,1,3,Correct,-0.0850737619352156,round,,D_local,S_final,10,10,22
llama-4-scout,S1,61,2,1,Correct,0.1237178466823794,round,,D_local,S_final,10,10,22
llama-4-scout,S1,61,2,2,Correct,0.1111873958430925,round,,D_local,S_final,10,10,22
llama-4-scout,S1,61,2,3,Correct,0.1037915780673085,round,,D_local,S_final,10,10,22
llama-4-scout,S1,62,1,1,Correct,0.0388536387836689,round,,D_local,S_final,10,10,22
llama-4-scout,S1,62,1,2,Correct,0.0189953138993438,round,,D_local,S_final,10,10,22
llama-4-scout,S1,62,1,3,Correct,0.0296664049090038,round,,D_local,S_final,10,10,22
llama-4-scout,S1,62,2,1,Correct,0.0097245413345414,round,,D_local,S_final,10,10,22
llama-4-scout,S1,62,2,2,Correct,0.0201732610519985,round,,D_local,S_final,10,10,22
llama-4-scout,S1,62,2,3,Correct,0.0266787966736027,round,,D_local,S_final,10,10,22
llama-4-scout,S1,63,1,1,Correct,0.0265484060182634,round,,D_local,S_final,10,10,22
llama-4-scout,S1,63,1,2,Correct,0.0291398713858934,round,,D_local,S_final,10,10,22
llama-4-scout,S1,63,1,3,Correct,0.0455604883418426,round,,D_local,S_final,10,10,22
llama-4-scout,S1,63,2,1,Correct,0.0260569223014681,round,,D_local,S_final,10,10,22
llama-4-scout,S1,63,2,2,Correct,0.023265436565108,round,,D_local,S_final,10,10,22
llama-4-scout,S1,63,2,3,Correct,0.0087548015303531,round,,D_local,S_final,10,10,22
llama-4-scout,S1,64,1,1,Correct,-0.002424273744129,round,,D_local,S_final,10,10,22
llama-4-scout,S1,64,1,2,Correct,-0.0050078791628945,round,,D_local,S_final,10,10,22
llama-4-scout,S1,64,1,3,Correct,-0.0009551564391057,round,,D_local,S_final,10,10,22
llama-4-scout,S1,64,2,1,Correct,-0.0129478312297023,round,,D_local,S_final,10,10,22
llama-4-scout,S1,64,2,2,Correct,-0.028596430913956,round,,D_local,S_final,10,10,22
llama-4-scout,S1,64,2,3,Correct,-0.0257943065384584,round,,D_local,S_final,10,10,22
llama-4-scout,S2,1,1,1,Correct,0.1267833424583622,round,,D_local,S_final,10,10,22
llama-4-scout,S2,1,1,2,Correct,0.1178446351150394,round,,D_local,S_final,10,10,22
llama-4-scout,S2,1,1,3,Correct,0.1089940146835856,round,,D_local,S_final,10,10,22
llama-4-scout,S2,1,2,1,Wrong,0.0177304131410337,round,,D_local,S_final,10,10,22
llama-4-scout,S2,1,2,2,Wrong,0.0422111506533451,round,,D_local,S_final,10,10,22
llama-4-scout,S2,1,2,3,Wrong,0.0456092920033907,round,,D_local,S_final,10,10,22
llama-4-scout,S2,1,3,1,Correct,-0.026599233123624,round,,D_local,S_final,10,10,22
llama-4-scout,S2,1,3,2,Correct,-0.0288216806384105,round,,D_local,S_final,10,10,22
llama-4-scout,S2,1,3,3,Correct,-0.0226224211170691,round,,D_local,S_final,10,10,22
llama-4-scout,S2,1,4,1,Correct,0.0562935026784038,round,,D_local,S_final,10,10,22
llama-4-scout,S2,1,4,2,Correct,0.0831086200677412,round,,D_local,S_final,10,10,22
llama-4-scout,S2,1,4,3,Correct,0.0729652085745936,round,,D_local,S_final,10,10,22
llama-4-scout,S2,1,5,1,Wrong,-0.0074010975681875,round,,D_local,S_final,10,10,22
llama-4-scout,S2,1,5,2,Wrong,0.021851403184513,round,,D_local,S_final,10,10,22
llama-4-scout,S2,1,5,3,Wrong,0.0203188764305468,round,,D_local,S_final,10,10,22
llama-4-scout,S2,2,1,1,Correct,0.1738271386265186,round,,D_local,S_final,10,10,22
llama-4-scout,S2,2,1,2,Correct,0.1720745770276033,round,,D_local,S_final,10,10,22
llama-4-scout,S2,2,1,3,Correct,0.201364436713983,round,,D_local,S_final,10,10,22
llama-4-scout,S2,3,1,1,Correct,0.2245084139652598,round,,D_local,S_final,10,10,22
llama-4-scout,S2,3,1,2,Correct,0.2141897257762779,round,,D_local,S_final,10,10,22
llama-4-scout,S2,3,1,3,Correct,0.1882761912888843,round,,D_local,S_final,10,10,22
llama-4-scout,S2,3,2,1,Wrong,0.2215513948923078,round,,D_local,S_final,10,10,22
llama-4-scout,S2,3,2,2,Wrong,0.2305415563048539,round,,D_local,S_final,10,10,22
llama-4-scout,S2,3,2,3,Wrong,0.2246235473240628,round,,D_local,S_final,10,10,22
llama-4-scout,S2,4,1,1,Wrong,0.0888932931060477,round,,D_local,S_final,10,10,22
llama-4-scout,S2,4,1,2,Wrong,0.076545483646609,round,,D_local,S_final,10,10,22
llama-4-scout,S2,4,1,3,Wrong,0.1000529378869111,round,,D_local,S_final,10,10,22
llama-4-scout,S2,4,2,1,Wrong,0.0675249207441605,round,,D_local,S_final,10,10,22
llama-4-scout,S2,4,2,2,Wrong,0.0897835427711293,round,,D_local,S_final,10,10,22
llama-4-scout,S2,4,2,3,Wrong,0.074356276817932,round,,D_local,S_final,10,10,22
llama-4-scout,S2,4,3,1,Correct,0.0494616133043709,round,,D_local,S_final,10,10,22
llama-4-scout,S2,4,3,2,Correct,0.0384278092966935,round,,D_local,S_final,10,10,22
llama-4-scout,S2,4,3,3,Correct,0.0466088797045963,round,,D_local,S_final,10,10,22
llama-4-scout,S2,5,1,1,Wrong,0.0838407726236699,round,,D_local,S_final,10,10,22
llama-4-scout,S2,5,1,2,Wrong,0.0921275931820947,round,,D_local,S_final,10,10,22
llama-4-scout,S2,5,1,3,Wrong,0.0838240806692803,round,,D_local,S_final,10,10,22
llama-4-scout,S2,5,2,1,Correct,0.0598936235438646,round,,D_local,S_final,10,10,22
llama-4-scout,S2,5,2,2,Correct,0.0484122647678734,round,,D_local,S_final,10,10,22
llama-4-scout,S2,5,2,3,Correct,0.0551251783419026,round,,D_local,S_final,10,10,22
llama-4-scout,S2,5,3,1,Correct,0.0839826737429425,round,,D_local,S_final,10,10,22
llama-4-scout,S2,5,3,2,Correct,0.0597524427797602,round,,D_local,S_final,10,10,22
llama-4-scout,S2,5,3,3,Correct,0.0584800407659251,round,,D_local,S_final,10,10,22
llama-4-scout,S2,6,1,1,Correct,0.0946290648683694,round,,D_local,S_final,10,10,22
llama-4-scout,S2,6,1,2,Correct,0.0886948847000882,round,,D_local,S_final,10,10,22
llama-4-scout,S2,6,1,3,Correct,0.0946474764316962,round,,D_local,S_final,10,10,22
llama-4-scout,S2,6,2,1,Wrong,-0.006981884780512,round,,D_local,S_final,10,10,22
llama-4-scout,S2,6,2,2,Wrong,0.0082540360785223,round,,D_local,S_final,10,10,22
llama-4-scout,S2,6,2,3,Wrong,0.03190571329515,round,,D_local,S_final,10,10,22
llama-4-scout,S2,6,3,1,Correct,0.0625172665092153,round,,D_local,S_final,10,10,22
llama-4-scout,S2,6,3,2,Correct,0.0579612354149315,round,,D_local,S_final,10,10,22
llama-4-scout,S2,6,3,3,Correct,0.0519810304856472,round,,D_local,S_final,10,10,22
llama-4-scout,S2,7,1,1,Wrong,0.1302340355188169,round,,D_local,S_final,10,10,22
llama-4-scout,S2,7,1,2,Wrong,0.124115814563639,round,,D_local,S_final,10,10,22
llama-4-scout,S2,7,1,3,Wrong,0.1332229221733022,round,,D_local,S_final,10,10,22
llama-4-scout,S2,7,2,1,Wrong,0.0996735937268925,round,,D_local,S_final,10,10,22
llama-4-scout,S2,7,2,2,Wrong,0.0892977228107065,round,,D_local,S_final,10,10,22
llama-4-scout,S2,7,2,3,Wrong,0.0777166854438251,round,,D_local,S_final,10,10,22
llama-4-scout,S2,7,3,1,Wrong,-0.0190193515016245,round,,D_local,S_final,10,10,22
llama-4-scout,S2,7,3,2,Wrong,-0.0233703109645079,round,,D_local,S_final,10,10,22
llama-4-scout,S2,7,3,3,Wrong,-0.0156994894579058,round,,D_local,S_final,10,10,22
llama-4-scout,S2,7,4,1,Correct,-0.0018757791207953,round,,D_local,S_final,10,10,22
llama-4-scout,S2,7,4,2,Correct,-0.0069036797418587,round,,D_local,S_final,10,10,22
llama-4-scout,S2,7,4,3,Correct,-0.008627002306759,round,,D_local,S_final,10,10,22
llama-4-scout,S2,7,5,1,Correct,0.0499092432325991,round,,D_local,S_final,10,10,22
llama-4-scout,S2,7,5,2,Correct,0.0252488542483084,round,,D_local,S_final,10,10,22
llama-4-scout,S2,7,5,3,Correct,0.0500793065411053,round,,D_local,S_final,10,10,22
llama-4-scout,S2,7,6,1,Wrong,-0.0153782653236137,round,,D_local,S_final,10,10,22
llama-4-scout,S2,7,6,2,Wrong,-0.0154349878967969,round,,D_local,S_final,10,10,22
llama-4-scout,S2,7,6,3,Wrong,-0.0094560592631145,round,,D_local,S_final,10,10,22
llama-4-scout,S2,7,7,1,Wrong,0.0708738958960724,round,,D_local,S_final,10,10,22
llama-4-scout,S2,7,7,2,Wrong,0.0531955305737981,round,,D_local,S_final,10,10,22
llama-4-scout,S2,7,7,3,Wrong,0.0689386946398272,round,,D_local,S_final,10,10,22
llama-4-scout,S2,7,8,1,Correct,0.0495785022327233,round,,D_local,S_final,10,10,22
llama-4-scout,S2,7,8,2,Correct,0.0125714625487524,round,,D_local,S_final,10,10,22
llama-4-scout,S2,7,8,3,Correct,0.0096606184391203,round,,D_local,S_final,10,10,22
llama-4-scout,S2,7,9,1,Correct,0.0612593896682511,round,,D_local,S_final,10,10,22
llama-4-scout,S2,7,9,2,Correct,0.0719044270592047,round,,D_local,S_final,10,10,22
llama-4-scout,S2,7,9,3,Correct,0.0759937846802464,round,,D_local,S_final,10,10,22
llama-4-scout,S2,7,10,1,Wrong,0.0204927610003343,round,,D_local,S_final,10,10,22
llama-4-scout,S2,7,10,2,Wrong,0.0217743084794331,round,,D_local,S_final,10,10,22
llama-4-scout,S2,7,10,3,Wrong,-0.003060192021974,round,,D_local,S_final,10,10,22
llama-4-scout,S2,7,11,1,Wrong,0.0709764809695736,round,,D_local,S_final,10,10,22
llama-4-scout,S2,7,11,2,Wrong,0.0948294646366288,round,,D_local,S_final,10,10,22
llama-4-scout,S2,7,11,3,Wrong,0.0973025219234602,round,,D_local,S_final,10,10,22
llama-4-scout,S2,8,1,1,Correct,0.0908516558662237,round,,D_local,S_final,10,10,22
llama-4-scout,S2,8,1,2,Correct,0.0747425064771202,round,,D_local,S_final,10,10,22
llama-4-scout,S2,8,1,3,Correct,0.0880355621691191,round,,D_local,S_final,10,10,22
llama-4-scout,S2,8,2,1,Correct,0.0666210688069599,round,,D_local,S_final,10,10,22
llama-4-scout,S2,8,2,2,Correct,0.0256302824728955,round,,D_local,S_final,10,10,22
llama-4-scout,S2,8,2,3,Correct,0.0706916384467651,round,,D_local,S_final,10,10,22
llama-4-scout,S2,8,3,1,Wrong,-0.0153908533075745,round,,D_local,S_final,10,10,22
llama-4-scout,S2,8,3,2,Wrong,-0.0114910100793664,round,,D_local,S_final,10,10,22
llama-4-scout,S2,8,3,3,Correct,-0.007396477328617,round,,D_local,S_final,10,10,22
llama-4-scout,S2,8,4,1,Wrong,-0.0068208654406819,round,,D_local,S_final,10,10,22
llama-4-scout,S2,8,4,2,Wrong,-0.0332009745947528,round,,D_local,S_final,10,10,22
llama-4-scout,S2,8,4,3,Wrong,-0.0086602375319465,round,,D_local,S_final,10,10,22
llama-4-scout,S2,9,1,1,Correct,0.0619020745693502,round,,D_local,S_final,10,10,22
llama-4-scout,S2,9,1,2,Correct,0.0637889176906225,round,,D_local,S_final,10,10,22
llama-4-scout,S2,9,1,3,Correct,0.0606505391265629,round,,D_local,S_final,10,10,22
llama-4-scout,S2,9,2,1,Wrong,0.0833481235577121,round,,D_local,S_final,10,10,22
llama-4-scout,S2,9,2,2,Wrong,0.0653433399470869,round,,D_local,S_final,10,10,22
llama-4-scout,S2,9,2,3,Wrong,0.0731974257317403,round,,D_local,S_final,10,10,22
llama-4-scout,S2,9,3,1,Correct,0.0784747196458088,round,,D_local,S_final,10,10,22
llama-4-scout,S2,9,3,2,Correct,0.0780088387118236,round,,D_local,S_final,10,10,22
llama-4-scout,S2,9,3,3,Correct,0.0702113687835133,round,,D_local,S_final,10,10,22
llama-4-scout,S2,10,1,1,Wrong,0.0596066685185565,round,,D_local,S_final,10,10,22
llama-4-scout,S2,10,1,2,Wrong,0.08678807890886,round,,D_local,S_final,10,10,22
llama-4-scout,S2,10,1,3,Wrong,0.0529731608499602,round,,D_local,S_final,10,10,22
llama-4-scout,S2,10,2,1,Wrong,0.0899212132460963,round,,D_local,S_final,10,10,22
llama-4-scout,S2,10,2,2,Wrong,0.0987237990264484,round,,D_local,S_final,10,10,22
llama-4-scout,S2,10,2,3,Wrong,0.091753779885598,round,,D_local,S_final,10,10,22
llama-4-scout,S2,11,1,1,Wrong,0.0129593885977794,round,,D_local,S_final,10,10,22
llama-4-scout,S2,11,1,2,Wrong,0.0015777434436685,round,,D_local,S_final,10,10,22
llama-4-scout,S2,11,1,3,Wrong,0.0145108544231709,round,,D_local,S_final,10,10,22
llama-4-scout,S2,12,1,1,Correct,-0.0153339645215272,round,,D_local,S_final,10,10,22
llama-4-scout,S2,12,1,2,Correct,-0.0093712374532858,round,,D_local,S_final,10,10,22
llama-4-scout,S2,12,1,3,Correct,0.0038803006784706,round,,D_local,S_final,10,10,22
llama-4-scout,S2,13,1,1,Correct,0.1413616529877661,round,,D_local,S_final,10,10,22
llama-4-scout,S2,13,1,2,Correct,0.1361740821036998,round,,D_local,S_final,10,10,22
llama-4-scout,S2,13,1,3,Correct,0.1537473721694919,round,,D_local,S_final,10,10,22
llama-4-scout,S2,13,2,1,Wrong,-0.0403207291379461,round,,D_local,S_final,10,10,22
llama-4-scout,S2,13,2,2,Wrong,-0.0322817224605782,round,,D_local,S_final,10,10,22
llama-4-scout,S2,13,2,3,Wrong,-0.0356275124930159,round,,D_local,S_final,10,10,22
llama-4-scout,S2,13,3,1,Wrong,0.0104927475002283,round,,D_local,S_final,10,10,22
llama-4-scout,S2,13,3,2,Wrong,0.0181106629403496,round,,D_local,S_final,10,10,22
llama-4-scout,S2,13,3,3,Wrong,0.034281867263213,round,,D_local,S_final,10,10,22
llama-4-scout,S2,14,1,1,Correct,0.0270503834255981,round,,D_local,S_final,10,10,22
llama-4-scout,S2,14,1,2,Correct,0.0224423659866046,round,,D_local,S_final,10,10,22
llama-4-scout,S2,14,1,3,Wrong,-0.0051569253494261,round,,D_local,S_final,10,10,22
llama-4-scout,S2,15,1,1,Correct,-0.0124455094793575,round,,D_local,S_final,10,10,22
llama-4-scout,S2,15,1,2,Correct,-0.0386953549619971,round,,D_local,S_final,10,10,22
llama-4-scout,S2,15,1,3,Correct,-0.0155023969404679,round,,D_local,S_final,10,10,22
llama-4-scout,S2,16,1,1,Correct,0.1163159983395363,round,,D_local,S_final,10,10,22
llama-4-scout,S2,16,1,2,Correct,0.1316507301080868,round,,D_local,S_final,10,10,22
llama-4-scout,S2,16,1,3,Correct,0.1175384036759672,round,,D_local,S_final,10,10,22
llama-4-scout,S2,17,1,1,Wrong,0.0405188179155949,round,,D_local,S_final,10,10,22
llama-4-scout,S2,17,1,2,Wrong,0.0455064106785756,round,,D_local,S_final,10,10,22
llama-4-scout,S2,17,1,3,Wrong,0.012831959425286,round,,D_local,S_final,10,10,22
llama-4-scout,S2,18,1,1,Correct,0.1163675832097179,round,,D_local,S_final,10,10,22
llama-4-scout,S2,18,1,2,Correct,0.1581414867101236,round,,D_local,S_final,10,10,22
llama-4-scout,S2,18,1,3,Correct,0.1139064310204661,round,,D_local,S_final,10,10,22
llama-4-scout,S2,19,1,1,Correct,0.0652039027117757,round,,D_local,S_final,10,10,22
llama-4-scout,S2,19,1,2,Correct,0.0768503325978016,round,,D_local,S_final,10,10,22
llama-4-scout,S2,19,1,3,Correct,0.0669362843622933,round,,D_local,S_final,10,10,22
llama-4-scout,S2,20,1,1,Wrong,0.0803192524538023,round,,D_local,S_final,10,10,22
llama-4-scout,S2,20,1,2,Wrong,0.0803902062243315,round,,D_local,S_final,10,10,22
llama-4-scout,S2,20,1,3,Wrong,0.0625435525279606,round,,D_local,S_final,10,10,22
llama-4-scout,S2,21,1,1,Correct,0.0870087006183513,round,,D_local,S_final,10,10,22
llama-4-scout,S2,21,1,2,Correct,0.0828850034092817,round,,D_local,S_final,10,10,22
llama-4-scout,S2,21,1,3,Correct,0.0877419945596258,round,,D_local,S_final,10,10,22
llama-4-scout,S2,22,1,1,Correct,0.0125457959877158,round,,D_local,S_final,10,10,22
llama-4-scout,S2,22,1,2,Wrong,0.0158357077408869,round,,D_local,S_final,10,10,22
llama-4-scout,S2,22,1,3,Correct,0.0306013136459017,round,,D_local,S_final,10,10,22
llama-4-scout,S2,23,1,1,Correct,0.113259317560311,round,,D_local,S_final,10,10,22
llama-4-scout,S2,23,1,2,Correct,0.1029423758211536,round,,D_local,S_final,10,10,22
llama-4-scout,S2,23,1,3,Correct,0.0979791181373131,round,,D_local,S_final,10,10,22
llama-4-scout,S2,24,1,1,Correct,0.0470983800339767,round,,D_local,S_final,10,10,22
llama-4-scout,S2,24,1,2,Correct,0.0284593900281112,round,,D_local,S_final,10,10,22
llama-4-scout,S2,24,1,3,Correct,0.0296495813607668,round,,D_local,S_final,10,10,22
llama-4-scout,S2,25,1,1,Wrong,-0.0234991855971219,round,,D_local,S_final,10,10,22
llama-4-scout,S2,25,1,2,Wrong,-0.0285899350965439,round,,D_local,S_final,10,10,22
llama-4-scout,S2,25,1,3,Wrong,-0.012036875980284,round,,D_local,S_final,10,10,22
llama-4-scout,S2,25,2,1,Correct,0.061710186577937,round,,D_local,S_final,10,10,22
llama-4-scout,S2,25,2,2,Correct,0.075765013277479,round,,D_local,S_final,10,10,22
llama-4-scout,S2,25,2,3,Correct,0.0943972049255183,round,,D_local,S_final,10,10,22
llama-4-scout,S2,26,1,1,Correct,0.0673558348676932,round,,D_local,S_final,10,10,22
llama-4-scout,S2,26,1,2,Correct,0.0818208421514977,round,,D_local,S_final,10,10,22
llama-4-scout,S2,26,1,3,Correct,0.0716575004992559,round,,D_local,S_final,10,10,22
llama-4-scout,S2,26,2,1,Correct,-0.0493976090398728,round,,D_local,S_final,10,10,22
llama-4-scout,S2,26,2,2,Correct,-0.0630588445796696,round,,D_local,S_final,10,10,22
llama-4-scout,S2,26,2,3,Correct,-0.0629848394307689,round,,D_local,S_final,10,10,22
llama-4-scout,S2,26,3,1,Correct,-0.0517228168585006,round,,D_local,S_final,10,10,22
llama-4-scout,S2,26,3,2,Correct,-0.0726691131109444,round,,D_local,S_final,10,10,22
llama-4-scout,S2,26,3,3,Correct,-0.064303538665265,round,,D_local,S_final,10,10,22
llama-4-scout,S2,26,4,1,Correct,0.1213912349458353,round,,D_local,S_final,10,10,22
llama-4-scout,S2,26,4,2,Correct,0.1232651764466297,round,,D_local,S_final,10,10,22
llama-4-scout,S2,26,4,3,Correct,0.1265613212417651,round,,D_local,S_final,10,10,22
llama-4-scout,S2,27,1,1,Correct,0.0372065683445219,round,,D_local,S_final,10,10,22
llama-4-scout,S2,27,1,2,Correct,0.0868168653653127,round,,D_local,S_final,10,10,22
llama-4-scout,S2,27,1,3,Correct,0.058054563323261,round,,D_local,S_final,10,10,22
llama-4-scout,S2,27,2,1,Correct,-0.0502308815158952,round,,D_local,S_final,10,10,22
llama-4-scout,S2,27,2,2,Correct,-0.0440183391734664,round,,D_local,S_final,10,10,22
llama-4-scout,S2,27,2,3,Correct,-0.0663394681921206,round,,D_local,S_final,10,10,22
llama-4-scout,S2,27,3,1,Correct,-0.0562037213333279,round,,D_local,S_final,10,10,22
llama-4-scout,S2,27,3,2,Correct,-0.0747078043365044,round,,D_local,S_final,10,10,22
llama-4-scout,S2,27,3,3,Correct,-0.0620805341468724,round,,D_local,S_final,10,10,22
llama-4-scout,S2,27,4,1,Correct,0.1754255100148259,round,,D_local,S_final,10,10,22
llama-4-scout,S2,27,4,2,Correct,0.1718854917295963,round,,D_local,S_final,10,10,22
llama-4-scout,S2,27,4,3,Correct,0.2044656847254997,round,,D_local,S_final,10,10,22
llama-4-scout,S2,28,1,1,Wrong,0.0287687921526091,round,,D_local,S_final,10,10,22
llama-4-scout,S2,28,1,2,Wrong,0.0261922786450033,round,,D_local,S_final,10,10,22
llama-4-scout,S2,28,1,3,Wrong,0.0464983243304018,round,,D_local,S_final,10,10,22
llama-4-scout,S2,28,2,1,Correct,-0.0428875741041645,round,,D_local,S_final,10,10,22
llama-4-scout,S2,28,2,2,Correct,-0.0928330587919007,round,,D_local,S_final,10,10,22
llama-4-scout,S2,28,2,3,Correct,-0.0640013052911819,round,,D_local,S_final,10,10,22
llama-4-scout,S2,29,1,1,Correct,0.0992318979237034,round,,D_local,S_final,10,10,22
llama-4-scout,S2,29,1,2,Correct,0.1283331275484814,round,,D_local,S_final,10,10,22
llama-4-scout,S2,29,1,3,Correct,0.1184800944456394,round,,D_local,S_final,10,10,22
llama-4-scout,S2,29,2,1,Correct,-0.0957336901831806,round,,D_local,S_final,10,10,22
llama-4-scout,S2,29,2,2,Correct,-0.0457761496417082,round,,D_local,S_final,10,10,22
llama-4-scout,S2,29,2,3,Correct,-0.0841121999831296,round,,D_local,S_final,10,10,22
llama-4-scout,S2,30,1,1,Correct,0.0422396974799966,round,,D_local,S_final,10,10,22
llama-4-scout,S2,30,1,2,Correct,0.048428174756725,round,,D_local,S_final,10,10,22
llama-4-scout,S2,30,1,3,Correct,0.0328211605680773,round,,D_local,S_final,10,10,22
llama-4-scout,S2,30,2,1,Correct,-0.0711916494428394,round,,D_local,S_final,10,10,22
llama-4-scout,S2,30,2,2,Correct,-0.0768252621705524,round,,D_local,S_final,10,10,22
llama-4-scout,S2,30,2,3,Correct,-0.0600324465300038,round,,D_local,S_final,10,10,22
llama-4-scout,S2,31,1,1,Correct,0.1321597411799858,round,,D_local,S_final,10,10,22
llama-4-scout,S2,31,1,2,Correct,0.1390570413443554,round,,D_local,S_final,10,10,22
llama-4-scout,S2,31,1,3,Correct,0.1342021023466628,round,,D_local,S_final,10,10,22
llama-4-scout,S2,32,1,1,Wrong,0.054773165747185,round,,D_local,S_final,10,10,22
llama-4-scout,S2,32,1,2,Wrong,0.0449619043885078,round,,D_local,S_final,10,10,22
llama-4-scout,S2,32,1,3,Wrong,0.0343354868678464,round,,D_local,S_final,10,10,22
llama-4-scout,S2,33,1,1,Correct,0.0806309866994383,round,,D_local,S_final,10,10,22
llama-4-scout,S2,33,1,2,Correct,0.0477306114501643,round,,D_local,S_final,10,10,22
llama-4-scout,S2,33,1,3,Correct,0.0755723795149997,round,,D_local,S_final,10,10,22
llama-4-scout,S2,34,1,1,Wrong,0.052498053643861,round,,D_local,S_final,10,10,22
llama-4-scout,S2,34,1,2,Wrong,0.0531242056243276,round,,D_local,S_final,10,10,22
llama-4-scout,S2,34,1,3,Wrong,0.064901430703145,round,,D_local,S_final,10,10,22
llama-4-scout,S2,35,1,1,Wrong,-0.0270622547009268,round,,D_local,S_final,10,10,22
llama-4-scout,S2,35,1,2,Wrong,-0.0258128425626321,round,,D_local,S_final,10,10,22
llama-4-scout,S2,35,1,3,Wrong,0.0132484741453652,round,,D_local,S_final,10,10,22
llama-4-scout,S2,36,1,1,Correct,0.09127937559817,round,,D_local,S_final,10,10,22
llama-4-scout,S2,36,1,2,Correct,0.0837153346460725,round,,D_local,S_final,10,10,22
llama-4-scout,S2,36,1,3,Correct,0.1001135451632332,round,,D_local,S_final,10,10,22
llama-4-scout,S2,36,2,1,Wrong,-0.0102250145252109,round,,D_local,S_final,10,10,22
llama-4-scout,S2,36,2,2,Wrong,0.0223615280156378,round,,D_local,S_final,10,10,22
llama-4-scout,S2,36,2,3,Wrong,0.0169692653569141,round,,D_local,S_final,10,10,22
llama-4-scout,S2,36,3,1,Correct,0.0231044795653978,round,,D_local,S_final,10,10,22
llama-4-scout,S2,36,3,2,Correct,0.0331138063812597,round,,D_local,S_final,10,10,22
llama-4-scout,S2,36,3,3,Correct,0.0068878741123585,round,,D_local,S_final,10,10,22
llama-4-scout,S2,37,1,1,Wrong,-0.0016576966926761,round,,D_local,S_final,10,10,22
llama-4-scout,S2,37,1,2,Wrong,0.0084011383537064,round,,D_local,S_final,10,10,22
llama-4-scout,S2,37,1,3,Wrong,0.0247828095773771,round,,D_local,S_final,10,10,22
llama-4-scout,S2,37,2,1,Correct,0.0476044695417975,round,,D_local,S_final,10,10,22
llama-4-scout,S2,37,2,2,Correct,0.0785988215899781,round,,D_local,S_final,10,10,22
llama-4-scout,S2,37,2,3,Correct,0.0812087774610267,round,,D_local,S_final,10,10,22
llama-4-scout,S2,38,1,1,Wrong,-0.1716266798662149,round,,D_local,S_final,10,10,22
llama-4-scout,S2,38,1,2,Correct,-0.1421451928185663,round,,D_local,S_final,10,10,22
llama-4-scout,S2,38,1,3,Wrong,-0.1580722829391044,round,,D_local,S_final,10,10,22
llama-4-scout,S2,38,2,1,Wrong,-0.1536721987081905,round,,D_local,S_final,10,10,22
llama-4-scout,S2,38,2,2,Wrong,-0.1504688682196704,round,,D_local,S_final,10,10,22
llama-4-scout,S2,38,2,3,Wrong,-0.1591930310110531,round,,D_local,S_final,10,10,22
llama-4-scout,S2,39,1,1,Wrong,-0.037849129807177,round,,D_local,S_final,10,10,22
llama-4-scout,S2,39,1,2,Wrong,-0.020796331250328,round,,D_local,S_final,10,10,22
llama-4-scout,S2,39,1,3,Wrong,-0.0446810018109957,round,,D_local,S_final,10,10,22
llama-4-scout,S2,39,2,1,Correct,0.1665549836327615,round,,D_local,S_final,10,10,22
llama-4-scout,S2,39,2,2,Correct,0.1802797438002826,round,,D_local,S_final,10,10,22
llama-4-scout,S2,39,2,3,Wrong,0.1498442994278163,round,,D_local,S_final,10,10,22
llama-4-scout,S2,40,1,1,Correct,0.0642588327840919,round,,D_local,S_final,10,10,22
llama-4-scout,S2,40,1,2,Correct,0.0582313813505894,round,,D_local,S_final,10,10,22
llama-4-scout,S2,40,1,3,Correct,0.0512840053199769,round,,D_local,S_final,10,10,22
llama-4-scout,S2,40,2,1,Wrong,0.0845028930964124,round,,D_local,S_final,10,10,22
llama-4-scout,S2,40,2,2,Correct,0.0691556573792996,round,,D_local,S_final,10,10,22
llama-4-scout,S2,40,2,3,Wrong,0.0685647546242763,round,,D_local,S_final,10,10,22
llama-4-scout,S2,40,3,1,Correct,0.0424650539724069,round,,D_local,S_final,10,10,22
llama-4-scout,S2,40,3,2,Correct,0.0392459410754379,round,,D_local,S_final,10,10,22
llama-4-scout,S2,40,3,3,Correct,0.045500666953278,round,,D_local,S_final,10,10,22
llama-4-scout,S2,40,4,1,Correct,-0.0038646734815475,round,,D_local,S_final,10,10,22
llama-4-scout,S2,40,4,2,Correct,0.0245442954354265,round,,D_local,S_final,10,10,22
llama-4-scout,S2,40,4,3,Correct,-0.0083314751741394,round,,D_local,S_final,10,10,22
llama-4-scout,S2,40,5,1,Wrong,0.0430966854872281,round,,D_local,S_final,10,10,22
llama-4-scout,S2,40,5,2,Wrong,0.024793864523211,round,,D_local,S_final,10,10,22
llama-4-scout,S2,40,5,3,Wrong,0.0525631557995963,round,,D_local,S_final,10,10,22
llama-4-scout,S2,40,6,1,Correct,0.0115839581785812,round,,D_local,S_final,10,10,22
llama-4-scout,S2,40,6,2,Correct,0.0581605611784777,round,,D_local,S_final,10,10,22
llama-4-scout,S2,40,6,3,Correct,0.0194863330829514,round,,D_local,S_final,10,10,22
llama-4-scout,S2,41,1,1,Correct,0.0914893980649663,round,,D_local,S_final,10,10,22
llama-4-scout,S2,41,1,2,Correct,0.0875611245964177,round,,D_local,S_final,10,10,22
llama-4-scout,S2,41,1,3,Correct,0.0888612888246143,round,,D_local,S_final,10,10,22
llama-4-scout,S2,42,1,1,Wrong,-0.0640541815730594,round,,D_local,S_final,10,10,22
llama-4-scout,S2,42,1,2,Wrong,-0.058076683249558,round,,D_local,S_final,10,10,22
llama-4-scout,S2,42,1,3,Wrong,-0.0665125275287472,round,,D_local,S_final,10,10,22
llama-4-scout,S2,43,1,1,Wrong,-0.0070975353655525,round,,D_local,S_final,10,10,22
llama-4-scout,S2,43,1,2,Wrong,-0.0338300177325451,round,,D_local,S_final,10,10,22
llama-4-scout,S2,43,1,3,Wrong,-0.0605765292978213,round,,D_local,S_final,10,10,22
llama-4-scout,S2,44,1,1,Wrong,0.0830009455873431,round,,D_local,S_final,10,10,22
llama-4-scout,S2,44,1,2,Wrong,0.072694728908126,round,,D_local,S_final,10,10,22
llama-4-scout,S2,44,1,3,Wrong,0.0792441202895728,round,,D_local,S_final,10,10,22
llama-4-scout,S2,45,1,1,Correct,0.1262093431287256,round,,D_local,S_final,10,10,22
llama-4-scout,S2,45,1,2,Wrong,0.1322313807307145,round,,D_local,S_final,10,10,22
llama-4-scout,S2,45,1,3,Wrong,0.1472478353871154,round,,D_local,S_final,10,10,22
llama-4-scout,S2,45,2,1,Wrong,-0.0154410143249478,round,,D_local,S_final,10,10,22
llama-4-scout,S2,45,2,2,Wrong,-0.0179551696655594,round,,D_local,S_final,10,10,22
llama-4-scout,S2,45,2,3,Wrong,-0.0504057119277567,round,,D_local,S_final,10,10,22
llama-4-scout,S2,45,3,1,Wrong,-0.0339348919766455,round,,D_local,S_final,10,10,22
llama-4-scout,S2,45,3,2,Wrong,-0.0707929957781903,round,,D_local,S_final,10,10,22
llama-4-scout,S2,45,3,3,Wrong,-0.0411746555602642,round,,D_local,S_final,10,10,22
llama-4-scout,S2,46,1,1,Correct,0.0539798318143345,round,,D_local,S_final,10,10,22
llama-4-scout,S2,46,1,2,Correct,0.100685074415092,round,,D_local,S_final,10,10,22
llama-4-scout,S2,46,1,3,Correct,0.0721493669830702,round,,D_local,S_final,10,10,22
llama-4-scout,S2,46,2,1,Correct,0.0312010643760964,round,,D_local,S_final,10,10,22
llama-4-scout,S2,46,2,2,Correct,0.0420092884967916,round,,D_local,S_final,10,10,22
llama-4-scout,S2,46,2,3,Correct,0.0215521585465719,round,,D_local,S_final,10,10,22
llama-4-scout,S2,47,1,1,Correct,0.0915349717801167,round,,D_local,S_final,10,10,22
llama-4-scout,S2,47,1,2,Correct,0.1155995511306589,round,,D_local,S_final,10,10,22
llama-4-scout,S2,47,1,3,Correct,0.1043440275858768,round,,D_local,S_final,10,10,22
llama-4-scout,S2,47,2,1,Correct,0.0352315309919507,round,,D_local,S_final,10,10,22
llama-4-scout,S2,47,2,2,Correct,0.0181063452826346,round,,D_local,S_final,10,10,22
llama-4-scout,S2,47,2,3,Correct,0.0243234244913268,round,,D_local,S_final,10,10,22
llama-4-scout,S2,48,1,1,Correct,0.0693751375437191,round,,D_local,S_final,10,10,22
llama-4-scout,S2,48,1,2,Wrong,0.0222785707086322,round,,D_local,S_final,10,10,22
llama-4-scout,S2,48,1,3,Wrong,0.0153063776669825,round,,D_local,S_final,10,10,22
llama-4-scout,S2,48,2,1,Wrong,0.009548691296713,round,,D_local,S_final,10,10,22
llama-4-scout,S2,48,2,2,Wrong,-0.0136151804483983,round,,D_local,S_final,10,10,22
llama-4-scout,S2,48,2,3,Correct,0.0510423943447805,round,,D_local,S_final,10,10,22
llama-4-scout,S2,49,1,1,Wrong,0.0263497425296633,round,,D_local,S_final,10,10,22
llama-4-scout,S2,49,1,2,Wrong,-0.018152774078251,round,,D_local,S_final,10,10,22
llama-4-scout,S2,49,1,3,Wrong,-0.023425730673769,round,,D_local,S_final,10,10,22
llama-4-scout,S2,50,1,1,Correct,-0.0033700345542067,round,,D_local,S_final,10,10,22
llama-4-scout,S2,50,1,2,Correct,-0.0299463813681248,round,,D_local,S_final,10,10,22
llama-4-scout,S2,50,1,3,Correct,-0.0152758138169653,round,,D_local,S_final,10,10,22
llama-4-scout,S2,51,1,1,Wrong,0.0824083610999649,round,,D_local,S_final,10,10,22
llama-4-scout,S2,51,1,2,Wrong,0.0669136492206935,round,,D_local,S_final,10,10,22
llama-4-scout,S2,51,1,3,Wrong,0.0490133134998438,round,,D_local,S_final,10,10,22
llama-4-scout,S2,52,1,1,Correct,0.1666585727069578,round,,D_local,S_final,10,10,22
llama-4-scout,S2,52,1,2,Correct,0.1636096561574738,round,,D_local,S_final,10,10,22
llama-4-scout,S2,52,1,3,Correct,0.1589992384957719,round,,D_local,S_final,10,10,22
llama-4-scout,S2,53,1,1,Correct,-0.0016206699071049,round,,D_local,S_final,10,10,22
llama-4-scout,S2,53,1,2,Correct,0.0089053162240068,round,,D_local,S_final,10,10,22
llama-4-scout,S2,53,1,3,Correct,0.0283006274641637,round,,D_local,S_final,10,10,22
llama-4-scout,S2,53,2,1,Correct,0.0714795985845507,round,,D_local,S_final,10,10,22
llama-4-scout,S2,53,2,2,Correct,0.0896936220316561,round,,D_local,S_final,10,10,22
llama-4-scout,S2,53,2,3,Correct,0.0890877321923951,round,,D_local,S_final,10,10,22
llama-4-scout,S2,54,1,1,Correct,-0.1123226454583248,round,,D_local,S_final,10,10,22
llama-4-scout,S2,54,1,2,Correct,-0.1348471301948286,round,,D_local,S_final,10,10,22
llama-4-scout,S2,54,1,3,Correct,-0.1181085129858107,round,,D_local,S_final,10,10,22
llama-4-scout,S2,54,2,1,Correct,0.0987300403613816,round,,D_local,S_final,10,10,22
llama-4-scout,S2,54,2,2,Correct,0.1103885286705608,round,,D_local,S_final,10,10,22
llama-4-scout,S2,54,2,3,Correct,0.1235303952868022,round,,D_local,S_final,10,10,22
llama-4-scout,S2,55,1,1,Wrong,0.0198009560561284,round,,D_local,S_final,10,10,22
llama-4-scout,S2,55,1,2,Correct,0.0168931756967097,round,,D_local,S_final,10,10,22
llama-4-scout,S2,55,1,3,Wrong,-0.0152065641353812,round,,D_local,S_final,10,10,22
llama-4-scout,S2,55,2,1,Correct,0.1419806862681819,round,,D_local,S_final,10,10,22
llama-4-scout,S2,55,2,2,Correct,0.136551442624114,round,,D_local,S_final,10,10,22
llama-4-scout,S2,55,2,3,Correct,0.1248219478811681,round,,D_local,S_final,10,10,22
llama-4-scout,S2,56,1,1,Wrong,-0.0513614280872476,round,,D_local,S_final,10,10,22
llama-4-scout,S2,56,1,2,Wrong,-0.0461290938525281,round,,D_local,S_final,10,10,22
llama-4-scout,S2,56,1,3,Wrong,-0.0507514494911814,round,,D_local,S_final,10,10,22
llama-4-scout,S2,56,2,1,Correct,0.0472599384749861,round,,D_local,S_final,10,10,22
llama-4-scout,S2,56,2,2,Correct,0.0229392895627361,round,,D_local,S_final,10,10,22
llama-4-scout,S2,56,2,3,Correct,0.0305513871748586,round,,D_local,S_final,10,10,22
llama-4-scout,S2,57,1,1,Wrong,-0.1212031711430134,round,,D_local,S_final,10,10,22
llama-4-scout,S2,57,1,2,Wrong,-0.1069106166456264,round,,D_local,S_final,10,10,22
llama-4-scout,S2,57,1,3,Wrong,-0.1281158257780757,round,,D_local,S_final,10,10,22
llama-4-scout,S2,57,2,1,Wrong,-0.1610794158315752,round,,D_local,S_final,10,10,22
llama-4-scout,S2,57,2,2,Wrong,-0.1354864199109878,round,,D_local,S_final,10,10,22
llama-4-scout,S2,57,2,3,Wrong,-0.1812256095498924,round,,D_local,S_final,10,10,22
llama-4-scout,S2,58,1,1,Correct,0.0236460202791517,round,,D_local,S_final,10,10,22
llama-4-scout,S2,58,1,2,Correct,0.0051769904185443,round,,D_local,S_final,10,10,22
llama-4-scout,S2,58,1,3,Correct,-0.0003029751052954,round,,D_local,S_final,10,10,22
llama-4-scout,S2,58,2,1,Correct,0.0298112534909179,round,,D_local,S_final,10,10,22
llama-4-scout,S2,58,2,2,Correct,0.0307574919131918,round,,D_local,S_final,10,10,22
llama-4-scout,S2,58,2,3,Correct,0.0177641277701085,round,,D_local,S_final,10,10,22
llama-4-scout,S2,59,1,1,Correct,-0.0440904220224962,round,,D_local,S_final,10,10,22
llama-4-scout,S2,59,1,2,Correct,-0.0501264222960352,round,,D_local,S_final,10,10,22
llama-4-scout,S2,59,1,3,Correct,-0.0513876782022682,round,,D_local,S_final,10,10,22
llama-4-scout,S2,59,2,1,Correct,0.1005094162833016,round,,D_local,S_final,10,10,22
llama-4-scout,S2,59,2,2,Correct,0.1073910929092523,round,,D_local,S_final,10,10,22
llama-4-scout,S2,59,2,3,Correct,0.1101461769177792,round,,D_local,S_final,10,10,22
llama-4-scout,S2,60,1,1,Correct,-0.0911577190320077,round,,D_local,S_final,10,10,22
llama-4-scout,S2,60,1,2,Correct,-0.1092088538957786,round,,D_local,S_final,10,10,22
llama-4-scout,S2,60,1,3,Correct,-0.1006858217420604,round,,D_local,S_final,10,10,22
llama-4-scout,S2,60,2,1,Correct,0.1056226901913142,round,,D_local,S_final,10,10,22
llama-4-scout,S2,60,2,2,Correct,0.1203446562915837,round,,D_local,S_final,10,10,22
llama-4-scout,S2,60,2,3,Correct,0.1057319376610059,round,,D_local,S_final,10,10,22
llama-4-scout,S2,61,1,1,Correct,-0.0676906101498261,round,,D_local,S_final,10,10,22
llama-4-scout,S2,61,1,2,Correct,-0.062367701576758,round,,D_local,S_final,10,10,22
llama-4-scout,S2,61,1,3,Correct,-0.080256027773153,round,,D_local,S_final,10,10,22
llama-4-scout,S2,61,2,1,Correct,0.1208314735285922,round,,D_local,S_final,10,10,22
llama-4-scout,S2,61,2,2,Correct,0.0980496592153163,round,,D_local,S_final,10,10,22
llama-4-scout,S2,61,2,3,Correct,0.138773815838277,round,,D_local,S_final,10,10,22
llama-4-scout,S2,62,1,1,Correct,0.0267597414887088,round,,D_local,S_final,10,10,22
llama-4-scout,S2,62,1,2,Correct,0.0201852819412519,round,,D_local,S_final,10,10,22
llama-4-scout,S2,62,1,3,Correct,0.0329265135728603,round,,D_local,S_final,10,10,22
llama-4-scout,S2,62,2,1,Correct,0.0135885839802831,round,,D_local,S_final,10,10,22
llama-4-scout,S2,62,2,2,Correct,0.0275767938856209,round,,D_local,S_final,10,10,22
llama-4-scout,S2,62,2,3,Correct,0.0248017051295145,round,,D_local,S_final,10,10,22
llama-4-scout,S2,63,1,1,Correct,0.0193359752977689,round,,D_local,S_final,10,10,22
llama-4-scout,S2,63,1,2,Correct,0.0192381879865564,round,,D_local,S_final,10,10,22
llama-4-scout,S2,63,1,3,Correct,0.0173031029285943,round,,D_local,S_final,10,10,22
llama-4-scout,S2,63,2,1,Correct,0.0265690487390634,round,,D_local,S_final,10,10,22
llama-4-scout,S2,63,2,2,Correct,0.0277275668786514,round,,D_local,S_final,10,10,22
llama-4-scout,S2,63,2,3,Correct,0.0250368292711675,round,,D_local,S_final,10,10,22
llama-4-scout,S2,64,1,1,Correct,0.0036137246984156,round,,D_local,S_final,10,10,22
llama-4-scout,S2,64,1,2,Correct,0.0123663528536877,round,,D_local,S_final,10,10,22
llama-4-scout,S2,64,1,3,Correct,0.0255015178659938,round,,D_local,S_final,10,10,22
llama-4-scout,S2,64,2,1,Correct,-0.0042366420942431,round,,D_local,S_final,10,10,22
llama-4-scout,S2,64,2,2,Correct,-0.0146996836781836,round,,D_local,S_final,10,10,22
llama-4-scout,S2,64,2,3,Correct,-0.0045063408409896,round,,D_local,S_final,10,10,22
llama-4-scout,S3,1,1,1,Correct,0.1363669954993899,round,,D_local,S_final,10,10,22
llama-4-scout,S3,1,1,2,Correct,0.1183579416489729,round,,D_local,S_final,10,10,22
llama-4-scout,S3,1,1,3,Correct,0.130088155318008,round,,D_local,S_final,10,10,22
llama-4-scout,S3,1,2,1,Wrong,0.0218762777994279,round,,D_local,S_final,10,10,22
llama-4-scout,S3,1,2,2,Wrong,0.0659197235799794,round,,D_local,S_final,10,10,22
llama-4-scout,S3,1,2,3,Wrong,0.0419435246945713,round,,D_local,S_final,10,10,22
llama-4-scout,S3,1,3,1,Correct,0.0222847880573101,round,,D_local,S_final,10,10,22
llama-4-scout,S3,1,3,2,Correct,-0.0131417547347686,round,,D_local,S_final,10,10,22
llama-4-scout,S3,1,3,3,Correct,0.0345484830451318,round,,D_local,S_final,10,10,22
llama-4-scout,S3,1,4,1,Correct,0.0882003802034697,round,,D_local,S_final,10,10,22
llama-4-scout,S3,1,4,2,Correct,0.0930888260718683,round,,D_local,S_final,10,10,22
llama-4-scout,S3,1,4,3,Correct,0.0920069808455642,round,,D_local,S_final,10,10,22
llama-4-scout,S3,1,5,1,Correct,0.0873335123410791,round,,D_local,S_final,10,10,22
llama-4-scout,S3,1,5,2,Wrong,0.0561473851876315,round,,D_local,S_final,10,10,22
llama-4-scout,S3,1,5,3,Correct,0.0772510825812549,round,,D_local,S_final,10,10,22
llama-4-scout,S3,2,1,1,Wrong,0.2193698857279497,round,,D_local,S_final,10,10,22
llama-4-scout,S3,2,1,2,Wrong,0.2215528379065771,round,,D_local,S_final,10,10,22
llama-4-scout,S3,2,1,3,Correct,0.2193691114504937,round,,D_local,S_final,10,10,22
llama-4-scout,S3,3,1,1,Correct,0.2224699180972177,round,,D_local,S_final,10,10,22
llama-4-scout,S3,3,1,2,Correct,0.2244756179046798,round,,D_local,S_final,10,10,22
llama-4-scout,S3,3,1,3,Correct,0.2258003987933958,round,,D_local,S_final,10,10,22
llama-4-scout,S3,3,2,1,Wrong,0.253902388821951,round,,D_local,S_final,10,10,22
llama-4-scout,S3,3,2,2,Wrong,0.2337191329250147,round,,D_local,S_final,10,10,22
llama-4-scout,S3,3,2,3,Wrong,0.2383972287858686,round,,D_local,S_final,10,10,22
llama-4-scout,S3,4,1,1,Correct,0.0891644124320499,round,,D_local,S_final,10,10,22
llama-4-scout,S3,4,1,2,Correct,0.1127128282654164,round,,D_local,S_final,10,10,22
llama-4-scout,S3,4,1,3,Wrong,0.0912509134785629,round,,D_local,S_final,10,10,22
llama-4-scout,S3,4,2,1,Correct,0.0895849367308525,round,,D_local,S_final,10,10,22
llama-4-scout,S3,4,2,2,Correct,0.0855497171315963,round,,D_local,S_final,10,10,22
llama-4-scout,S3,4,2,3,Correct,0.097721881007308,round,,D_local,S_final,10,10,22
llama-4-scout,S3,4,3,1,Correct,0.0667749144037974,round,,D_local,S_final,10,10,22
llama-4-scout,S3,4,3,2,Correct,0.0431747715330258,round,,D_local,S_final,10,10,22
llama-4-scout,S3,4,3,3,Correct,0.0545100624823802,round,,D_local,S_final,10,10,22
llama-4-scout,S3,5,1,1,Wrong,0.0688832578561642,round,,D_local,S_final,10,10,22
llama-4-scout,S3,5,1,2,Wrong,0.0736535711797367,round,,D_local,S_final,10,10,22
llama-4-scout,S3,5,1,3,Wrong,0.0833447481598773,round,,D_local,S_final,10,10,22
llama-4-scout,S3,5,2,1,Correct,0.0732432587170099,round,,D_local,S_final,10,10,22
llama-4-scout,S3,5,2,2,Correct,0.0755607862051401,round,,D_local,S_final,10,10,22
llama-4-scout,S3,5,2,3,Correct,0.0722216685038481,round,,D_local,S_final,10,10,22
llama-4-scout,S3,5,3,1,Correct,0.0747611989898308,round,,D_local,S_final,10,10,22
llama-4-scout,S3,5,3,2,Correct,0.1005259666771932,round,,D_local,S_final,10,10,22
llama-4-scout,S3,5,3,3,Correct,0.0722253137952472,round,,D_local,S_final,10,10,22
llama-4-scout,S3,6,1,1,Correct,0.0933367791643772,round,,D_local,S_final,10,10,22
llama-4-scout,S3,6,1,2,Correct,0.089382521961531,round,,D_local,S_final,10,10,22
llama-4-scout,S3,6,1,3,Correct,0.0847820859035407,round,,D_local,S_final,10,10,22
llama-4-scout,S3,6,2,1,Wrong,0.0331493351104801,round,,D_local,S_final,10,10,22
llama-4-scout,S3,6,2,2,Wrong,0.0001852074374998,round,,D_local,S_final,10,10,22
llama-4-scout,S3,6,2,3,Wrong,-0.0174069835375498,round,,D_local,S_final,10,10,22
llama-4-scout,S3,6,3,1,Correct,0.0724920112894402,round,,D_local,S_final,10,10,22
llama-4-scout,S3,6,3,2,Correct,0.0659765263235792,round,,D_local,S_final,10,10,22
llama-4-scout,S3,6,3,3,Correct,0.037699552080895,round,,D_local,S_final,10,10,22
llama-4-scout,S3,7,1,1,Wrong,0.1526715345548011,round,,D_local,S_final,10,10,22
llama-4-scout,S3,7,1,2,Wrong,0.1348706692280943,round,,D_local,S_final,10,10,22
llama-4-scout,S3,7,1,3,Wrong,0.1487084127102661,round,,D_local,S_final,10,10,22
llama-4-scout,S3,7,2,1,Wrong,0.1228373951160596,round,,D_local,S_final,10,10,22
llama-4-scout,S3,7,2,2,Wrong,0.1178721774333555,round,,D_local,S_final,10,10,22
llama-4-scout,S3,7,2,3,Wrong,0.0963339202678291,round,,D_local,S_final,10,10,22
llama-4-scout,S3,7,3,1,Wrong,-0.0113668540569009,round,,D_local,S_final,10,10,22
llama-4-scout,S3,7,3,2,Wrong,-0.0288831983820279,round,,D_local,S_final,10,10,22
llama-4-scout,S3,7,3,3,Wrong,-0.0161393622559036,round,,D_local,S_final,10,10,22
llama-4-scout,S3,7,4,1,Correct,0.0034623312615393,round,,D_local,S_final,10,10,22
llama-4-scout,S3,7,4,2,Correct,0.0093570476209395,round,,D_local,S_final,10,10,22
llama-4-scout,S3,7,4,3,Correct,0.0358433147133748,round,,D_local,S_final,10,10,22
llama-4-scout,S3,7,5,1,Correct,0.0380022616863464,round,,D_local,S_final,10,10,22
llama-4-scout,S3,7,5,2,Correct,0.0376347372838008,round,,D_local,S_final,10,10,22
llama-4-scout,S3,7,5,3,Correct,0.0380339421842128,round,,D_local,S_final,10,10,22
llama-4-scout,S3,7,6,1,Wrong,-0.0141161056219294,round,,D_local,S_final,10,10,22
llama-4-scout,S3,7,6,2,Wrong,-0.0128402472527876,round,,D_local,S_final,10,10,22
llama-4-scout,S3,7,6,3,Wrong,-0.0149198676033058,round,,D_local,S_final,10,10,22
llama-4-scout,S3,7,7,1,Wrong,0.0597014383944192,round,,D_local,S_final,10,10,22
llama-4-scout,S3,7,7,2,Wrong,0.047327088177587,round,,D_local,S_final,10,10,22
llama-4-scout,S3,7,7,3,Wrong,0.0284894684806948,round,,D_local,S_final,10,10,22
llama-4-scout,S3,7,8,1,Correct,0.0033628939762596,round,,D_local,S_final,10,10,22
llama-4-scout,S3,7,8,2,Correct,0.0046213787984682,round,,D_local,S_final,10,10,22
llama-4-scout,S3,7,8,3,Correct,0.0045663122656702,round,,D_local,S_final,10,10,22
llama-4-scout,S3,7,9,1,Correct,0.0756065074356276,round,,D_local,S_final,10,10,22
llama-4-scout,S3,7,9,2,Correct,0.0578028267285964,round,,D_local,S_final,10,10,22
llama-4-scout,S3,7,9,3,Correct,0.0396680695493311,round,,D_local,S_final,10,10,22
llama-4-scout,S3,7,10,1,Wrong,0.0203237400863607,round,,D_local,S_final,10,10,22
llama-4-scout,S3,7,10,2,Wrong,0.0188922845287623,round,,D_local,S_final,10,10,22
llama-4-scout,S3,7,10,3,Wrong,0.0285373285232715,round,,D_local,S_final,10,10,22
llama-4-scout,S3,7,11,1,Wrong,0.0944247048312375,round,,D_local,S_final,10,10,22
llama-4-scout,S3,7,11,2,Wrong,0.0688444828070881,round,,D_local,S_final,10,10,22
llama-4-scout,S3,7,11,3,Wrong,0.0647182613718476,round,,D_local,S_final,10,10,22
llama-4-scout,S3,8,1,1,Correct,0.0796702962434386,round,,D_local,S_final,10,10,22
llama-4-scout,S3,8,1,2,Correct,0.0928931466806936,round,,D_local,S_final,10,10,22
llama-4-scout,S3,8,1,3,Correct,0.0705871454315787,round,,D_local,S_final,10,10,22
llama-4-scout,S3,8,2,1,Correct,0.0782526204049066,round,,D_local,S_final,10,10,22
llama-4-scout,S3,8,2,2,Correct,0.0703328619071108,round,,D_local,S_final,10,10,22
llama-4-scout,S3,8,2,3,Correct,0.0420021231174302,round,,D_local,S_final,10,10,22
llama-4-scout,S3,8,3,1,Wrong,0.0007499919012196,round,,D_local,S_final,10,10,22
llama-4-scout,S3,8,3,2,Wrong,0.0024452284962528,round,,D_local,S_final,10,10,22
llama-4-scout,S3,8,3,3,Wrong,-0.0034739674529341,round,,D_local,S_final,10,10,22
llama-4-scout,S3,8,4,1,Correct,-0.014505682654751,round,,D_local,S_final,10,10,22
llama-4-scout,S3,8,4,2,Wrong,-0.0614661781583412,round,,D_local,S_final,10,10,22
llama-4-scout,S3,8,4,3,Correct,-0.0499121590778551,round,,D_local,S_final,10,10,22
llama-4-scout,S3,9,1,1,Correct,0.0753314517838757,round,,D_local,S_final,10,10,22
llama-4-scout,S3,9,1,2,Correct,0.044437531349447,round,,D_local,S_final,10,10,22
llama-4-scout,S3,9,1,3,Correct,0.0612018819188679,round,,D_local,S_final,10,10,22
llama-4-scout,S3,9,2,1,Wrong,0.0725537620293221,round,,D_local,S_final,10,10,22
llama-4-scout,S3,9,2,2,Wrong,0.054507150134783,round,,D_local,S_final,10,10,22
llama-4-scout,S3,9,2,3,Wrong,0.0465632774271339,round,,D_local,S_final,10,10,22
llama-4-scout,S3,9,3,1,Correct,0.094511436806331,round,,D_local,S_final,10,10,22
llama-4-scout,S3,9,3,2,Correct,0.0801995276590283,round,,D_local,S_final,10,10,22
llama-4-scout,S3,9,3,3,Correct,0.0835559781072419,round,,D_local,S_final,10,10,22
llama-4-scout,S3,10,1,1,Wrong,0.0769887246293979,round,,D_local,S_final,10,10,22
llama-4-scout,S3,10,1,2,Wrong,0.0766560283156858,round,,D_local,S_final,10,10,22
llama-4-scout,S3,10,1,3,Wrong,0.0646737125654796,round,,D_local,S_final,10,10,22
llama-4-scout,S3,10,2,1,Wrong,0.0905268260929562,round,,D_local,S_final,10,10,22
llama-4-scout,S3,10,2,2,Correct,0.1005201662423012,round,,D_local,S_final,10,10,22
llama-4-scout,S3,10,2,3,Correct,0.0818794263039569,round,,D_local,S_final,10,10,22
llama-4-scout,S3,11,1,1,Wrong,0.0485625772001966,round,,D_local,S_final,10,10,22
llama-4-scout,S3,11,1,2,Wrong,0.0488852973836702,round,,D_local,S_final,10,10,22
llama-4-scout,S3,11,1,3,Wrong,0.0270972009865145,round,,D_local,S_final,10,10,22
llama-4-scout,S3,12,1,1,Wrong,-0.020430589429749,round,,D_local,S_final,10,10,22
llama-4-scout,S3,12,1,2,Wrong,-0.0041108650119234,round,,D_local,S_final,10,10,22
llama-4-scout,S3,12,1,3,Wrong,0.00623597247476,round,,D_local,S_final,10,10,22
llama-4-scout,S3,13,1,1,Correct,0.1772338883665427,round,,D_local,S_final,10,10,22
llama-4-scout,S3,13,1,2,Correct,0.1595269864863095,round,,D_local,S_final,10,10,22
llama-4-scout,S3,13,1,3,Correct,0.1704856796736749,round,,D_local,S_final,10,10,22
llama-4-scout,S3,13,2,1,Wrong,-0.0441969429453554,round,,D_local,S_final,10,10,22
llama-4-scout,S3,13,2,2,Wrong,-0.0570781555396551,round,,D_local,S_final,10,10,22
llama-4-scout,S3,13,2,3,Correct,-0.0551935275129918,round,,D_local,S_final,10,10,22
llama-4-scout,S3,13,3,1,Correct,0.0232336942119145,round,,D_local,S_final,10,10,22
llama-4-scout,S3,13,3,2,Correct,0.0158492600446634,round,,D_local,S_final,10,10,22
llama-4-scout,S3,13,3,3,Wrong,0.0071031802234294,round,,D_local,S_final,10,10,22
llama-4-scout,S3,14,1,1,Correct,0.0472635598418628,round,,D_local,S_final,10,10,22
llama-4-scout,S3,14,1,2,Correct,0.0436154727076688,round,,D_local,S_final,10,10,22
llama-4-scout,S3,14,1,3,Correct,0.0384381932709921,round,,D_local,S_final,10,10,22
llama-4-scout,S3,15,1,1,Wrong,-0.0337700828787032,round,,D_local,S_final,10,10,22
llama-4-scout,S3,15,1,2,Wrong,-0.0189112771086512,round,,D_local,S_final,10,10,22
llama-4-scout,S3,15,1,3,Wrong,-0.0314084709309345,round,,D_local,S_final,10,10,22
llama-4-scout,S3,16,1,1,Correct,0.1423492227224916,round,,D_local,S_final,10,10,22
llama-4-scout,S3,16,1,2,Correct,0.1670564409942893,round,,D_local,S_final,10,10,22
llama-4-scout,S3,16,1,3,Correct,0.1384542857605895,round,,D_local,S_final,10,10,22
llama-4-scout,S3,17,1,1,Correct,0.0693684131149455,round,,D_local,S_final,10,10,22
llama-4-scout,S3,17,1,2,Correct,0.0598127465249198,round,,D_local,S_final,10,10,22
llama-4-scout,S3,17,1,3,Correct,0.0662436941625665,round,,D_local,S_final,10,10,22
llama-4-scout,S3,18,1,1,Correct,0.157507165476457,round,,D_local,S_final,10,10,22
llama-4-scout,S3,18,1,2,Correct,0.1882225499043243,round,,D_local,S_final,10,10,22
llama-4-scout,S3,18,1,3,Correct,0.1474906048446053,round,,D_local,S_final,10,10,22
llama-4-scout,S3,19,1,1,Correct,0.0412228130193451,round,,D_local,S_final,10,10,22
llama-4-scout,S3,19,1,2,Correct,0.0247544926583496,round,,D_local,S_final,10,10,22
llama-4-scout,S3,19,1,3,Correct,0.04909167709415,round,,D_local,S_final,10,10,22
llama-4-scout,S3,20,1,1,Correct,0.0739963113767858,round,,D_local,S_final,10,10,22
llama-4-scout,S3,20,1,2,Correct,0.0684182324478462,round,,D_local,S_final,10,10,22
llama-4-scout,S3,20,1,3,Correct,0.1059342713330566,round,,D_local,S_final,10,10,22
llama-4-scout,S3,21,1,1,Correct,0.089843963829814,round,,D_local,S_final,10,10,22
llama-4-scout,S3,21,1,2,Correct,0.0870390206695589,round,,D_local,S_final,10,10,22
llama-4-scout,S3,21,1,3,Correct,0.0686292415424714,round,,D_local,S_final,10,10,22
llama-4-scout,S3,22,1,1,Correct,0.0179910101039924,round,,D_local,S_final,10,10,22
llama-4-scout,S3,22,1,2,Correct,0.0168560994897167,round,,D_local,S_final,10,10,22
llama-4-scout,S3,22,1,3,Correct,0.0236696628986634,round,,D_local,S_final,10,10,22
llama-4-scout,S3,23,1,1,Correct,0.0696573146900197,round,,D_local,S_final,10,10,22
llama-4-scout,S3,23,1,2,Correct,0.0764302084267262,round,,D_local,S_final,10,10,22
llama-4-scout,S3,23,1,3,Correct,0.1086530615510871,round,,D_local,S_final,10,10,22
llama-4-scout,S3,24,1,1,Correct,0.0188828069090511,round,,D_local,S_final,10,10,22
llama-4-scout,S3,24,1,2,Wrong,0.0246667128285972,round,,D_local,S_final,10,10,22
llama-4-scout,S3,24,1,3,Wrong,-0.0018232778656016,round,,D_local,S_final,10,10,22
llama-4-scout,S3,25,1,1,Wrong,0.0120697762309482,round,,D_local,S_final,10,10,22
llama-4-scout,S3,25,1,2,Wrong,-0.0271143960952074,round,,D_local,S_final,10,10,22
llama-4-scout,S3,25,1,3,Correct,0.0110746726198412,round,,D_local,S_final,10,10,22
llama-4-scout,S3,25,2,1,Correct,0.0431903402526778,round,,D_local,S_final,10,10,22
llama-4-scout,S3,25,2,2,Correct,0.0782954277608067,round,,D_local,S_final,10,10,22
llama-4-scout,S3,25,2,3,Correct,0.1016858558864262,round,,D_local,S_final,10,10,22
llama-4-scout,S3,26,1,1,Correct,0.0607647850421843,round,,D_local,S_final,10,10,22
llama-4-scout,S3,26,1,2,Correct,0.0568320203867677,round,,D_local,S_final,10,10,22
llama-4-scout,S3,26,1,3,Correct,0.0443223399927086,round,,D_local,S_final,10,10,22
llama-4-scout,S3,26,2,1,Correct,-0.0146595172890663,round,,D_local,S_final,10,10,22
llama-4-scout,S3,26,2,2,Correct,-0.0336339018354907,round,,D_local,S_final,10,10,22
llama-4-scout,S3,26,2,3,Correct,-0.0220274957261663,round,,D_local,S_final,10,10,22
llama-4-scout,S3,26,3,1,Correct,0.0138418429664489,round,,D_local,S_final,10,10,22
llama-4-scout,S3,26,3,2,Correct,-0.0024928265454791,round,,D_local,S_final,10,10,22
llama-4-scout,S3,26,3,3,Correct,0.0157601148744859,round,,D_local,S_final,10,10,22
llama-4-scout,S3,26,4,1,Correct,0.1257124798415265,round,,D_local,S_final,10,10,22
llama-4-scout,S3,26,4,2,Correct,0.1300467135571611,round,,D_local,S_final,10,10,22
llama-4-scout,S3,26,4,3,Correct,0.1459073257784243,round,,D_local,S_final,10,10,22
llama-4-scout,S3,27,1,1,Correct,0.0704355275205433,round,,D_local,S_final,10,10,22
llama-4-scout,S3,27,1,2,Correct,0.0705073723109926,round,,D_local,S_final,10,10,22
llama-4-scout,S3,27,1,3,Correct,0.0804454016100881,round,,D_local,S_final,10,10,22
llama-4-scout,S3,27,2,1,Correct,0.0415110222804517,round,,D_local,S_final,10,10,22
llama-4-scout,S3,27,2,2,Correct,0.0076962964773157,round,,D_local,S_final,10,10,22
llama-4-scout,S3,27,2,3,Correct,0.0128924697734947,round,,D_local,S_final,10,10,22
llama-4-scout,S3,27,3,1,Correct,0.0478419716969823,round,,D_local,S_final,10,10,22
llama-4-scout,S3,27,3,2,Correct,0.0175422351921212,round,,D_local,S_final,10,10,22
llama-4-scout,S3,27,3,3,Correct,0.0005101640455881,round,,D_local,S_final,10,10,22
llama-4-scout,S3,27,4,1,Correct,0.2298437052134094,round,,D_local,S_final,10,10,22
llama-4-scout,S3,27,4,2,Correct,0.1831979588763734,round,,D_local,S_final,10,10,22
llama-4-scout,S3,27,4,3,Correct,0.1687636738165591,round,,D_local,S_final,10,10,22
llama-4-scout,S3,28,1,1,Wrong,0.0294835981629412,round,,D_local,S_final,10,10,22
llama-4-scout,S3,28,1,2,Wrong,0.0306586075741238,round,,D_local,S_final,10,10,22
llama-4-scout,S3,28,1,3,Wrong,0.0321498433760774,round,,D_local,S_final,10,10,22
llama-4-scout,S3,28,2,1,Correct,-0.0455142026419271,round,,D_local,S_final,10,10,22
llama-4-scout,S3,28,2,2,Correct,-0.0488367463504905,round,,D_local,S_final,10,10,22
llama-4-scout,S3,28,2,3,Correct,-0.044127513315412,round,,D_local,S_final,10,10,22
llama-4-scout,S3,29,1,1,Correct,0.0604948664394016,round,,D_local,S_final,10,10,22
llama-4-scout,S3,29,1,2,Correct,0.1058071259655422,round,,D_local,S_final,10,10,22
llama-4-scout,S3,29,1,3,Correct,0.1297567138802201,round,,D_local,S_final,10,10,22
llama-4-scout,S3,29,2,1,Correct,-0.0590103271315914,round,,D_local,S_final,10,10,22
llama-4-scout,S3,29,2,2,Correct,-0.0811451853871854,round,,D_local,S_final,10,10,22
llama-4-scout,S3,29,2,3,Correct,-0.0904196804789509,round,,D_local,S_final,10,10,22
llama-4-scout,S3,30,1,1,Correct,0.0446115483040441,round,,D_local,S_final,10,10,22
llama-4-scout,S3,30,1,2,Correct,0.0397640807368969,round,,D_local,S_final,10,10,22
llama-4-scout,S3,30,1,3,Correct,0.0453540108601039,round,,D_local,S_final,10,10,22
llama-4-scout,S3,30,2,1,Correct,-0.0894698296510065,round,,D_local,S_final,10,10,22
llama-4-scout,S3,30,2,2,Correct,-0.0820052460177246,round,,D_local,S_final,10,10,22
llama-4-scout,S3,30,2,3,Correct,-0.0604993534166219,round,,D_local,S_final,10,10,22
llama-4-scout,S3,31,1,1,Correct,0.1368600881888391,round,,D_local,S_final,10,10,22
llama-4-scout,S3,31,1,2,Correct,0.1610349545304646,round,,D_local,S_final,10,10,22
llama-4-scout,S3,31,1,3,Correct,0.1366589635287201,round,,D_local,S_final,10,10,22
llama-4-scout,S3,32,1,1,Wrong,0.0659897647370763,round,,D_local,S_final,10,10,22
llama-4-scout,S3,32,1,2,Wrong,0.0306832321476991,round,,D_local,S_final,10,10,22
llama-4-scout,S3,32,1,3,Wrong,0.0689931793834214,round,,D_local,S_final,10,10,22
llama-4-scout,S3,33,1,1,Wrong,0.0785350290829954,round,,D_local,S_final,10,10,22
llama-4-scout,S3,33,1,2,Wrong,0.0632194899352268,round,,D_local,S_final,10,10,22
llama-4-scout,S3,33,1,3,Correct,0.061973614415912,round,,D_local,S_final,10,10,22
llama-4-scout,S3,34,1,1,Correct,0.0728511223558071,round,,D_local,S_final,10,10,22
llama-4-scout,S3,34,1,2,Correct,0.0611088671893752,round,,D_local,S_final,10,10,22
llama-4-scout,S3,34,1,3,Correct,0.0572022772677702,round,,D_local,S_final,10,10,22
llama-4-scout,S3,35,1,1,Wrong,-0.0017030326976466,round,,D_local,S_final,10,10,22
llama-4-scout,S3,35,1,2,Wrong,-0.0218535789913605,round,,D_local,S_final,10,10,22
llama-4-scout,S3,35,1,3,Wrong,-0.006711433731404,round,,D_local,S_final,10,10,22
llama-4-scout,S3,36,1,1,Correct,0.0944663074081303,round,,D_local,S_final,10,10,22
llama-4-scout,S3,36,1,2,Correct,0.1014020865302021,round,,D_local,S_final,10,10,22
llama-4-scout,S3,36,1,3,Correct,0.0954916512912594,round,,D_local,S_final,10,10,22
llama-4-scout,S3,36,2,1,Wrong,0.0019212841773755,round,,D_local,S_final,10,10,22
llama-4-scout,S3,36,2,2,Wrong,0.0231301433619686,round,,D_local,S_final,10,10,22
llama-4-scout,S3,36,2,3,Correct,0.0154418952077272,round,,D_local,S_final,10,10,22
llama-4-scout,S3,36,3,1,Correct,0.0783405683221643,round,,D_local,S_final,10,10,22
llama-4-scout,S3,36,3,2,Correct,0.0294315508332292,round,,D_local,S_final,10,10,22
llama-4-scout,S3,36,3,3,Correct,0.0312215700760299,round,,D_local,S_final,10,10,22
llama-4-scout,S3,37,1,1,Wrong,0.0160923146931878,round,,D_local,S_final,10,10,22
llama-4-scout,S3,37,1,2,Correct,0.0061094892946548,round,,D_local,S_final,10,10,22
llama-4-scout,S3,37,1,3,Wrong,-0.0049482344538706,round,,D_local,S_final,10,10,22
llama-4-scout,S3,37,2,1,Correct,0.0577445807385478,round,,D_local,S_final,10,10,22
llama-4-scout,S3,37,2,2,Correct,0.0580558425307666,round,,D_local,S_final,10,10,22
llama-4-scout,S3,37,2,3,Correct,0.0784181227993299,round,,D_local,S_final,10,10,22
llama-4-scout,S3,38,1,1,Correct,-0.1715445862836235,round,,D_local,S_final,10,10,22
llama-4-scout,S3,38,1,2,Correct,-0.1769412091661145,round,,D_local,S_final,10,10,22
llama-4-scout,S3,38,1,3,Correct,-0.1668278101184636,round,,D_local,S_final,10,10,22
llama-4-scout,S3,38,2,1,Wrong,-0.1820049948796727,round,,D_local,S_final,10,10,22
llama-4-scout,S3,38,2,2,Wrong,-0.1722570589909334,round,,D_local,S_final,10,10,22
llama-4-scout,S3,38,2,3,Wrong,-0.1751354173372377,round,,D_local,S_final,10,10,22
llama-4-scout,S3,39,1,1,Correct,-0.0435358933569918,round,,D_local,S_final,10,10,22
llama-4-scout,S3,39,1,2,Correct,-0.0443042196977682,round,,D_local,S_final,10,10,22
llama-4-scout,S3,39,1,3,Correct,-0.0038102294390256,round,,D_local,S_final,10,10,22
llama-4-scout,S3,39,2,1,Correct,0.1844116281487763,round,,D_local,S_final,10,10,22
llama-4-scout,S3,39,2,2,Correct,0.1501742605444674,round,,D_local,S_final,10,10,22
llama-4-scout,S3,39,2,3,Correct,0.1582813606569617,round,,D_local,S_final,10,10,22
llama-4-scout,S3,40,1,1,Correct,0.0523453764737726,round,,D_local,S_final,10,10,22
llama-4-scout,S3,40,1,2,Correct,0.0545265473187859,round,,D_local,S_final,10,10,22
llama-4-scout,S3,40,1,3,Correct,0.0549632934847127,round,,D_local,S_final,10,10,22
llama-4-scout,S3,40,2,1,Wrong,0.0534004278144344,round,,D_local,S_final,10,10,22
llama-4-scout,S3,40,2,2,Correct,0.1052244340834019,round,,D_local,S_final,10,10,22
llama-4-scout,S3,40,2,3,Wrong,0.0781838860440373,round,,D_local,S_final,10,10,22
llama-4-scout,S3,40,3,1,Correct,0.0220554404868891,round,,D_local,S_final,10,10,22
llama-4-scout,S3,40,3,2,Correct,0.031736620018935,round,,D_local,S_final,10,10,22
llama-4-scout,S3,40,3,3,Correct,0.0468050151404635,round,,D_local,S_final,10,10,22
llama-4-scout,S3,40,4,1,Wrong,0.0208627538570623,round,,D_local,S_final,10,10,22
llama-4-scout,S3,40,4,2,Wrong,0.0348640192418505,round,,D_local,S_final,10,10,22
llama-4-scout,S3,40,4,3,Correct,0.0162917741915552,round,,D_local,S_final,10,10,22
llama-4-scout,S3,40,5,1,Wrong,0.0245441688240404,round,,D_local,S_final,10,10,22
llama-4-scout,S3,40,5,2,Wrong,0.0584108472133253,round,,D_local,S_final,10,10,22
llama-4-scout,S3,40,5,3,Wrong,0.0623035438007185,round,,D_local,S_final,10,10,22
llama-4-scout,S3,40,6,1,Correct,0.0371090995080586,round,,D_local,S_final,10,10,22
llama-4-scout,S3,40,6,2,Correct,0.0114925004659769,round,,D_local,S_final,10,10,22
llama-4-scout,S3,40,6,3,Correct,0.0253158086688986,round,,D_local,S_final,10,10,22
llama-4-scout,S3,41,1,1,Correct,0.0728813008199142,round,,D_local,S_final,10,10,22
llama-4-scout,S3,41,1,2,Correct,0.1018186426224267,round,,D_local,S_final,10,10,22
llama-4-scout,S3,41,1,3,Correct,0.0880353703464944,round,,D_local,S_final,10,10,22
llama-4-scout,S3,42,1,1,Wrong,-0.0550425053582185,round,,D_local,S_final,10,10,22
llama-4-scout,S3,42,1,2,Wrong,-0.0575989115410695,round,,D_local,S_final,10,10,22
llama-4-scout,S3,42,1,3,Wrong,-0.06054889139545,round,,D_local,S_final,10,10,22
llama-4-scout,S3,43,1,1,Wrong,-0.0425133991373359,round,,D_local,S_final,10,10,22
llama-4-scout,S3,43,1,2,Wrong,-0.0632591099613614,round,,D_local,S_final,10,10,22
llama-4-scout,S3,43,1,3,Wrong,-0.0333386807859744,round,,D_local,S_final,10,10,22
llama-4-scout,S3,44,1,1,Wrong,0.0911545605167966,round,,D_local,S_final,10,10,22
llama-4-scout,S3,44,1,2,Wrong,0.0994597184700887,round,,D_local,S_final,10,10,22
llama-4-scout,S3,44,1,3,Wrong,0.0836555624476977,round,,D_local,S_final,10,10,22
llama-4-scout,S3,45,1,1,Correct,0.1372009823688863,round,,D_local,S_final,10,10,22
llama-4-scout,S3,45,1,2,Correct,0.1262711639890128,round,,D_local,S_final,10,10,22
llama-4-scout,S3,45,1,3,Correct,0.1617946077678231,round,,D_local,S_final,10,10,22
llama-4-scout,S3,45,2,1,Wrong,0.0202733053455113,round,,D_local,S_final,10,10,22
llama-4-scout,S3,45,2,2,Wrong,-0.0004663568739746,round,,D_local,S_final,10,10,22
llama-4-scout,S3,45,2,3,Wrong,-0.05146733655229,round,,D_local,S_final,10,10,22
llama-4-scout,S3,45,3,1,Wrong,-0.0315577839559569,round,,D_local,S_final,10,10,22
llama-4-scout,S3,45,3,2,Wrong,-0.0182271230989355,round,,D_local,S_final,10,10,22
llama-4-scout,S3,45,3,3,Wrong,-0.0428214906083842,round,,D_local,S_final,10,10,22
llama-4-scout,S3,46,1,1,Correct,0.0754672376269466,round,,D_local,S_final,10,10,22
llama-4-scout,S3,46,1,2,Correct,0.0736579086705651,round,,D_local,S_final,10,10,22
llama-4-scout,S3,46,1,3,Correct,0.0786657788287393,round,,D_local,S_final,10,10,22
llama-4-scout,S3,46,2,1,Correct,0.0445079715862556,round,,D_local,S_final,10,10,22
llama-4-scout,S3,46,2,2,Correct,0.0517184575362641,round,,D_local,S_final,10,10,22
llama-4-scout,S3,46,2,3,Correct,0.0193644124428958,round,,D_local,S_final,10,10,22
llama-4-scout,S3,47,1,1,Correct,0.1126616903620458,round,,D_local,S_final,10,10,22
llama-4-scout,S3,47,1,2,Correct,0.1197758709165068,round,,D_local,S_final,10,10,22
llama-4-scout,S3,47,1,3,Correct,0.0910251671676782,round,,D_local,S_final,10,10,22
llama-4-scout,S3,47,2,1,Correct,0.0057436646406492,round,,D_local,S_final,10,10,22
llama-4-scout,S3,47,2,2,Correct,0.0195645439349176,round,,D_local,S_final,10,10,22
llama-4-scout,S3,47,2,3,Correct,0.000526147207875,round,,D_local,S_final,10,10,22
llama-4-scout,S3,48,1,1,Correct,0.0831041455130636,round,,D_local,S_final,10,10,22
llama-4-scout,S3,48,1,2,Correct,0.0890108910910697,round,,D_local,S_final,10,10,22
llama-4-scout,S3,48,1,3,Correct,0.0892782082342505,round,,D_local,S_final,10,10,22
llama-4-scout,S3,48,2,1,Wrong,-0.036114188041581,round,,D_local,S_final,10,10,22
llama-4-scout,S3,48,2,2,Wrong,0.0483109684365166,round,,D_local,S_final,10,10,22
llama-4-scout,S3,48,2,3,Wrong,0.0271315630299079,round,,D_local,S_final,10,10,22
llama-4-scout,S3,49,1,1,Correct,0.0697797014523033,round,,D_local,S_final,10,10,22
llama-4-scout,S3,49,1,2,Correct,0.054747450422625,round,,D_local,S_final,10,10,22
llama-4-scout,S3,49,1,3,Wrong,0.0596674735967739,round,,D_local,S_final,10,10,22
llama-4-scout,S3,50,1,1,Correct,0.068489777180707,round,,D_local,S_final,10,10,22
llama-4-scout,S3,50,1,2,Correct,0.0555530786060372,round,,D_local,S_final,10,10,22
llama-4-scout,S3,50,1,3,Correct,0.0465963148066022,round,,D_local,S_final,10,10,22
llama-4-scout,S3,51,1,1,Wrong,0.1204179151134057,round,,D_local,S_final,10,10,22
llama-4-scout,S3,51,1,2,Wrong,0.0678499780271201,round,,D_local,S_final,10,10,22
llama-4-scout,S3,51,1,3,Wrong,0.1131639531670104,round,,D_local,S_final,10,10,22
llama-4-scout,S3,52,1,1,Correct,0.1865494475940559,round,,D_local,S_final,10,10,22
llama-4-scout,S3,52,1,2,Correct,0.1521974570602289,round,,D_local,S_final,10,10,22
llama-4-scout,S3,52,1,3,Wrong,0.1762199903216323,round,,D_local,S_final,10,10,22
llama-4-scout,S3,53,1,1,Correct,-0.0041374401822519,round,,D_local,S_final,10,10,22
llama-4-scout,S3,53,1,2,Correct,-0.0027474703263383,round,,D_local,S_final,10,10,22
llama-4-scout,S3,53,1,3,Correct,-0.0261261419942546,round,,D_local,S_final,10,10,22
llama-4-scout,S3,53,2,1,Correct,0.0822059144052456,round,,D_local,S_final,10,10,22
llama-4-scout,S3,53,2,2,Correct,0.0935645990689895,round,,D_local,S_final,10,10,22
llama-4-scout,S3,53,2,3,Correct,0.0996925317577296,round,,D_local,S_final,10,10,22
llama-4-scout,S3,54,1,1,Correct,-0.1307174325145124,round,,D_local,S_final,10,10,22
llama-4-scout,S3,54,1,2,Correct,-0.1337864803820073,round,,D_local,S_final,10,10,22
llama-4-scout,S3,54,1,3,Correct,-0.1243935459213286,round,,D_local,S_final,10,10,22
llama-4-scout,S3,54,2,1,Correct,0.1381227077797415,round,,D_local,S_final,10,10,22
llama-4-scout,S3,54,2,2,Correct,0.1138033100854704,round,,D_local,S_final,10,10,22
llama-4-scout,S3,54,2,3,Correct,0.1249524813050326,round,,D_local,S_final,10,10,22
llama-4-scout,S3,55,1,1,Correct,-0.0167463440522585,round,,D_local,S_final,10,10,22
llama-4-scout,S3,55,1,2,Wrong,-0.0129665171327147,round,,D_local,S_final,10,10,22
llama-4-scout,S3,55,1,3,Wrong,0.0307904753863751,round,,D_local,S_final,10,10,22
llama-4-scout,S3,55,2,1,Correct,0.1146152878946735,round,,D_local,S_final,10,10,22
llama-4-scout,S3,55,2,2,Correct,0.1115731854265248,round,,D_local,S_final,10,10,22
llama-4-scout,S3,55,2,3,Correct,0.1234321331244484,round,,D_local,S_final,10,10,22
llama-4-scout,S3,56,1,1,Wrong,-0.0499734418060734,round,,D_local,S_final,10,10,22
llama-4-scout,S3,56,1,2,Wrong,-0.0099719168249177,round,,D_local,S_final,10,10,22
llama-4-scout,S3,56,1,3,Wrong,-0.0628031455507175,round,,D_local,S_final,10,10,22
llama-4-scout,S3,56,2,1,Correct,0.0335228421121939,round,,D_local,S_final,10,10,22
llama-4-scout,S3,56,2,2,Correct,0.0733518828290277,round,,D_local,S_final,10,10,22
llama-4-scout,S3,56,2,3,Correct,0.0868964912562236,round,,D_local,S_final,10,10,22
llama-4-scout,S3,57,1,1,Wrong,-0.1160698362967544,round,,D_local,S_final,10,10,22
llama-4-scout,S3,57,1,2,Correct,-0.0943067466967366,round,,D_local,S_final,10,10,22
llama-4-scout,S3,57,1,3,Correct,-0.1205288861317677,round,,D_local,S_final,10,10,22
llama-4-scout,S3,57,2,1,Wrong,-0.1974540086086997,round,,D_local,S_final,10,10,22
llama-4-scout,S3,57,2,2,Wrong,-0.1958019064385117,round,,D_local,S_final,10,10,22
llama-4-scout,S3,57,2,3,Wrong,-0.1959931737768184,round,,D_local,S_final,10,10,22
llama-4-scout,S3,58,1,1,Correct,0.0060051660886982,round,,D_local,S_final,10,10,22
llama-4-scout,S3,58,1,2,Correct,-0.0083188668945838,round,,D_local,S_final,10,10,22
llama-4-scout,S3,58,1,3,Correct,0.0132773231720682,round,,D_local,S_final,10,10,22
llama-4-scout,S3,58,2,1,Correct,0.0374982043045466,round,,D_local,S_final,10,10,22
llama-4-scout,S3,58,2,2,Correct,0.0348943440799249,round,,D_local,S_final,10,10,22
llama-4-scout,S3,58,2,3,Correct,0.080489987651377,round,,D_local,S_final,10,10,22
llama-4-scout,S3,59,1,1,Correct,-0.0613333425210006,round,,D_local,S_final,10,10,22
llama-4-scout,S3,59,1,2,Correct,-0.0581267381957789,round,,D_local,S_final,10,10,22
llama-4-scout,S3,59,1,3,Correct,-0.066789409724896,round,,D_local,S_final,10,10,22
llama-4-scout,S3,59,2,1,Correct,0.0914108108725212,round,,D_local,S_final,10,10,22
llama-4-scout,S3,59,2,2,Correct,0.0954205990875384,round,,D_local,S_final,10,10,22
llama-4-scout,S3,59,2,3,Correct,0.1064724824060129,round,,D_local,S_final,10,10,22
llama-4-scout,S3,60,1,1,Correct,-0.12581950904945,round,,D_local,S_final,10,10,22
llama-4-scout,S3,60,1,2,Correct,-0.1125679696417782,round,,D_local,S_final,10,10,22
llama-4-scout,S3,60,1,3,Correct,-0.1221012835397644,round,,D_local,S_final,10,10,22
llama-4-scout,S3,60,2,1,Correct,0.1003536235256192,round,,D_local,S_final,10,10,22
llama-4-scout,S3,60,2,2,Correct,0.0940206848220055,round,,D_local,S_final,10,10,22
llama-4-scout,S3,60,2,3,Correct,0.1043974291093892,round,,D_local,S_final,10,10,22
llama-4-scout,S3,61,1,1,Correct,-0.0987725111934763,round,,D_local,S_final,10,10,22
llama-4-scout,S3,61,1,2,Correct,-0.1176250564681179,round,,D_local,S_final,10,10,22
llama-4-scout,S3,61,1,3,Correct,-0.1118365632501088,round,,D_local,S_final,10,10,22
llama-4-scout,S3,61,2,1,Correct,0.1280284345428398,round,,D_local,S_final,10,10,22
llama-4-scout,S3,61,2,2,Correct,0.1327585293863464,round,,D_local,S_final,10,10,22
llama-4-scout,S3,61,2,3,Correct,0.1204275851249728,round,,D_local,S_final,10,10,22
llama-4-scout,S3,62,1,1,Correct,0.0387665934802996,round,,D_local,S_final,10,10,22
llama-4-scout,S3,62,1,2,Correct,0.0404620552940973,round,,D_local,S_final,10,10,22
llama-4-scout,S3,62,1,3,Correct,0.0380813110521935,round,,D_local,S_final,10,10,22
llama-4-scout,S3,62,2,1,Correct,0.0493244170833925,round,,D_local,S_final,10,10,22
llama-4-scout,S3,62,2,2,Correct,0.0238171940780165,round,,D_local,S_final,10,10,22
llama-4-scout,S3,62,2,3,Correct,0.0319555639980466,round,,D_local,S_final,10,10,22
llama-4-scout,S3,63,1,1,Correct,0.0631611224201487,round,,D_local,S_final,10,10,22
llama-4-scout,S3,63,1,2,Correct,0.0394863306162148,round,,D_local,S_final,10,10,22
llama-4-scout,S3,63,1,3,Correct,0.0625465613916598,round,,D_local,S_final,10,10,22
llama-4-scout,S3,63,2,1,Correct,0.0478296426855564,round,,D_local,S_final,10,10,22
llama-4-scout,S3,63,2,2,Correct,0.0374499453199411,round,,D_local,S_final,10,10,22
llama-4-scout,S3,63,2,3,Correct,0.0542034177024308,round,,D_local,S_final,10,10,22
llama-4-scout,S3,64,1,1,Correct,0.0067748111805309,round,,D_local,S_final,10,10,22
llama-4-scout,S3,64,1,2,Correct,0.0368890940843873,round,,D_local,S_final,10,10,22
llama-4-scout,S3,64,1,3,Correct,0.0151836222182476,round,,D_local,S_final,10,10,22
llama-4-scout,S3,64,2,1,Correct,0.0053882947364978,round,,D_local,S_final,10,10,22
llama-4-scout,S3,64,2,2,Correct,-0.0290929226671309,round,,D_local,S_final,10,10,22
llama-4-scout,S3,64,2,3,Correct,0.0352605348911186,round,,D_local,S_final,10,10,22
