"strategy","strategy_index","prediction_correct","prediction_correct_label","molecule_id","experiment_id","solvent_additive","source_model","chemical_description","expected_result","D_global","D_coverage","matched_distance_recomputed","null_mean_distance","null_std_distance","D_final","alignment_zscore"
"Strategy 0","0","True","True","1","1","Tb(NO₃)₃ or Dy(NO₃)₃","llama-4-scout","Deoxyguanosine (dG)","Gel","5.663865248362224","6.591056029001872","6.3128987948099775","6.764417983580005","0.6121097284681303","6.3128987948099775","0.7376441964090363"
"Strategy 1","1","False","False","1","1","Tb(NO₃)₃ or Dy(NO₃)₃","llama-4-scout","Deoxyguanosine (dG)","Gel","6.056738615036011","6.966120958328247","6.693306255340576","7.019862504522929","0.5868447392406411","6.693306255340576","0.5564610660136559"
"Strategy 2","2","True","True","1","1","Tb(NO₃)₃ or Dy(NO₃)₃","llama-4-scout","Deoxyguanosine (dG)","Gel","5.884393056233724","6.967010656992595","6.642225376764934","7.003620663970631","0.5709805246416487","6.642225376764934","0.6329380278469419"
"Strategy 3","3","True","True","1","1","Tb(NO₃)₃ or Dy(NO₃)₃","llama-4-scout","Deoxyguanosine (dG)","Gel","5.40914249420166","6.388801018397014","6.094903461138408","6.699937070925413","0.6099674169476771","6.094903461138408","0.9919113594864448"
"Strategy 0","0","False","False","1","2","LiCl","llama-4-scout","Deoxyguanosine (dG)","No Gel","5.269511222839356","6.081378062566121","5.837818010648092","6.9768432893186265","0.5625506483490841","5.837818010648092","2.0247515170646935"
"Strategy 1","1","False","False","1","2","LiCl","llama-4-scout","Deoxyguanosine (dG)","No Gel","5.8286638259887695","6.290811220804851","6.152167002360026","7.336310722353538","0.5159929611087801","6.152167002360026","2.294883475636936"
"Strategy 2","2","False","False","1","2","LiCl","llama-4-scout","Deoxyguanosine (dG)","No Gel","5.783155600229899","6.356536944707234","6.184522541364033","7.372865857388007","0.5453806108542811","6.184522541364033","2.1789247589175558"
"Strategy 3","3","False","False","1","2","LiCl","llama-4-scout","Deoxyguanosine (dG)","No Gel","4.812132517496745","5.621283213297526","5.378538004557291","6.922529698711956","0.6202891283377552","5.378538004557291","2.489148404538765"
"Strategy 0","0","False","False","1","3","NaCl","llama-4-scout","Deoxyguanosine (dG)","No Gel","5.35448169708252","6.200804551442464","5.946907695134481","7.018342589284714","0.5767331503685971","5.946907695134481","1.8577654040962723"
"Strategy 1","1","True","True","1","3","NaCl","llama-4-scout","Deoxyguanosine (dG)","No Gel","5.66567595799764","6.582113265991211","6.30718207359314","7.385447153687785","0.5812817517544212","6.30718207359314","1.8549783763901624"
"Strategy 2","2","True","True","1","3","NaCl","llama-4-scout","Deoxyguanosine (dG)","No Gel","5.874618053436279","6.64574670791626","6.414408111572265","7.458866729354365","0.6022450542434713","6.414408111572265","1.734275126749075"
"Strategy 3","3","True","True","1","3","NaCl","llama-4-scout","Deoxyguanosine (dG)","No Gel","4.645108222961426","5.459352413813273","5.215079156557718","6.800479283382111","0.637546060719598","5.215079156557718","2.4867224887797947"
"Strategy 0","0","True","True","1","4","KCl","llama-4-scout","Deoxyguanosine (dG)","Gel","4.661437670389812","6.314249356587728","5.818405850728353","7.21282524354082","0.6179297099784173","5.818405850728353","2.2565987203644418"
"Strategy 1","1","True","True","1","4","KCl","llama-4-scout","Deoxyguanosine (dG)","Gel","5.188702424367269","6.523851792017619","6.123306981722513","7.3509606505549225","0.5856302949311724","6.123306981722513","2.0962946750845464"
"Strategy 2","2","True","True","1","4","KCl","llama-4-scout","Deoxyguanosine (dG)","Gel","4.708800951639812","6.343257029851277","5.8529202063878385","7.126467273648086","0.5356037489073927","5.852920206387839","2.3777784786947924"
"Strategy 3","3","True","True","1","4","KCl","llama-4-scout","Deoxyguanosine (dG)","Gel","4.02218230565389","5.70705779393514","5.201595147450765","6.741769365685238","0.6171146421073872","5.201595147450765","2.4957667719160357"
"Strategy 0","0","False","False","1","5","KB(OH)₄","llama-4-scout","Deoxyguanosine (dG)","No Gel","5.125288327534993","6.43783164024353","6.0440686464309685","6.8690364729834466","0.6025681074780961","6.0440686464309685","1.3690864423694484"
"Strategy 1","1","False","False","1","5","KB(OH)₄","llama-4-scout","Deoxyguanosine (dG)","No Gel","5.638428846995036","6.800918499628703","6.452171603838603","7.162705259791331","0.5563013163075193","6.452171603838603","1.2772460447674918"
"Strategy 2","2","False","False","1","5","KB(OH)₄","llama-4-scout","Deoxyguanosine (dG)","No Gel","5.5246016184488935","6.457502285639445","6.177632085482279","7.203384784888235","0.6322854847369321","6.177632085482279","1.6222936065545286"
"Strategy 3","3","True","True","1","5","KB(OH)₄","llama-4-scout","Deoxyguanosine (dG)","No Gel","4.917691946029663","6.09834611415863","5.74414986371994","6.8667192582936245","0.6102755166133907","5.74414986371994","1.839446879342583"
"Strategy 0","0","True","True","2","1","Tb(NO₃)₃ or Eu(NO₃)₃","llama-4-scout","Thymidine (T)","Gel","5.448336919148763","6.588790655136108","6.246654534339904","6.7003493758751125","0.4318925411609813","6.246654534339904","1.0504808448778014"
"Strategy 1","1","True","True","2","1","Tb(NO₃)₃ or Eu(NO₃)₃","llama-4-scout","Thymidine (T)","Gel","5.945695559183757","7.019796053568522","6.697565905253092","7.023621855348887","0.4412161021542264","6.697565905253092","0.7389937685951062"
"Strategy 2","2","True","True","2","1","Tb(NO₃)₃ or Eu(NO₃)₃","llama-4-scout","Thymidine (T)","Gel","5.946315288543701","7.018843571345012","6.697085086504618","7.020921703764942","0.4531609932764272","6.697085086504618","0.7146171494570455"
"Strategy 3","3","False","False","2","1","Tb(NO₃)₃ or Eu(NO₃)₃","llama-4-scout","Thymidine (T)","Gel","5.861597776412964","6.811870455741882","6.526788651943207","7.069647057758744","0.48349350522292206","6.526788651943207","1.1227832431073594"
"Strategy 0","0","True","True","3","1","Tb(NO₃)₃ or Eu(NO₃)₃","llama-4-scout","Uridine (U)","Gel","5.247504870096843","6.7307389577229815","6.28576873143514","6.646167978020601","0.4404801730560971","6.28576873143514","0.8181962972021494"
"Strategy 1","1","True","True","3","1","Tb(NO₃)₃ or Eu(NO₃)₃","llama-4-scout","Uridine (U)","Gel","5.259741465250651","6.674416224161784","6.250013796488443","6.490709747639737","0.4437017969623254","6.250013796488443","0.5424723379511821"
"Strategy 2","2","True","True","3","1","Tb(NO₃)₃ or Eu(NO₃)₃","llama-4-scout","Uridine (U)","Gel","5.312137762705485","6.685557762781779","6.27353176275889","6.814050871580453","0.47062372468447305","6.27353176275889","1.1485164909269097"
"Strategy 3","3","True","True","3","1","Tb(NO₃)₃ or Eu(NO₃)₃","llama-4-scout","Uridine (U)","Gel","5.183625380198161","6.53324556350708","6.128359508514404","6.7032825929557935","0.48573031239956366","6.128359508514404","1.1836261187843182"
"Strategy 0","0","False","False","3","2","B(OH)₃ + AgNO₃","llama-4-scout","Uridine (U)","No Gel","4.825143655141194","5.747947216033936","5.471106147766112","6.865235877714724","0.46777882979328655","5.471106147766112","2.9803181357409527"
"Strategy 1","1","True","True","3","2","B(OH)₃ + AgNO₃","llama-4-scout","Uridine (U)","No Gel","5.253111203511556","6.3575394948323565","6.026211007436117","7.111272596573645","0.4885851190269538","6.026211007436117","2.220824062956508"
"Strategy 2","2","False","False","3","2","B(OH)₃ + AgNO₃","llama-4-scout","Uridine (U)","No Gel","5.018232663472493","6.161317666371663","5.818392165501912","6.977300852644968","0.5197448159644523","5.818392165501912","2.2297647836901535"
"Strategy 3","3","False","False","3","2","B(OH)₃ + AgNO₃","llama-4-scout","Uridine (U)","No Gel","4.378683725992839","5.46798038482666","5.141191387176513","6.978513331499519","0.5123406395890031","5.141191387176513","3.586133525923096"
"Strategy 0","0","True","True","4","1","LiCl","llama-4-scout","Isoguanosine (isoG)","Gel","5.013240337371826","6.014805316925049","5.7143358230590815","6.749730361955727","0.505423342728332","5.7143358230590815","2.0485688953491334"
"Strategy 1","1","False","False","4","1","LiCl","llama-4-scout","Isoguanosine (isoG)","Gel","5.596037864685059","6.72455898920695","6.386002651850382","7.089487472369073","0.5813748201231991","6.386002651850382","1.2100366169446681"
"Strategy 2","2","False","False","4","1","LiCl","llama-4-scout","Isoguanosine (isoG)","Gel","5.527434190114339","6.558831135431926","6.249412051836649","7.076192803653943","0.5778597476881396","6.249412051836649","1.4307637019623185"
"Strategy 3","3","True","True","4","1","LiCl","llama-4-scout","Isoguanosine (isoG)","Gel","4.966277360916138","5.996108531951904","5.687159180641174","6.605419409090233","0.633200130472596","5.687159180641174","1.4501895755512637"
"Strategy 0","0","True","True","4","2","NaCl","llama-4-scout","Isoguanosine (isoG)","Gel","4.636768658955892","6.27374529838562","5.7826523065567015","6.807055710206043","0.5202645587090408","5.7826523065567015","1.9690047813198093"
"Strategy 1","1","False","False","4","2","NaCl","llama-4-scout","Isoguanosine (isoG)","Gel","5.016047795613607","6.325338522593181","5.932551304499309","7.003612457134927","0.5417342916568179","5.932551304499309","1.977096833504722"
"Strategy 2","2","False","False","4","2","NaCl","llama-4-scout","Isoguanosine (isoG)","Gel","5.115267912546794","6.482544978459676","6.07236185868581","7.071194460348873","0.5537608371188215","6.07236185868581","1.8037256062742142"
"Strategy 3","3","True","True","4","2","NaCl","llama-4-scout","Isoguanosine (isoG)","Gel","4.529451370239258","6.008617083231608","5.564867369333903","6.799736976685141","0.6428875645709435","5.564867369333903","1.920817379902779"
"Strategy 0","0","True","True","4","3","KCl","llama-4-scout","Isoguanosine (isoG)","Gel","5.167065938313802","6.535160223642985","6.12473193804423","6.694216491578469","0.5344547139395615","6.12473193804423","1.0655431389807872"
"Strategy 1","1","True","True","4","3","KCl","llama-4-scout","Isoguanosine (isoG)","Gel","5.469881375630696","6.531203826268514","6.2128070910771696","6.902563325194425","0.5894978559094771","6.2128070910771696","1.1700742033286953"
"Strategy 2","2","True","True","4","3","KCl","llama-4-scout","Isoguanosine (isoG)","Gel","5.794046878814697","6.825264930725098","6.515899515151976","7.0474284253995245","0.5673932938423486","6.515899515151976","0.9367909631925164"
"Strategy 3","3","True","True","4","3","KCl","llama-4-scout","Isoguanosine (isoG)","Gel","5.552148977915446","6.372696399688721","6.126532173156737","6.8253258533872065","0.6350657404887946","6.126532173156737","1.1003485713032246"
"Strategy 0","0","True","True","5","1","LiCl","llama-4-scout","2′-deoxyisoguanosine (isoGd)","Gel","5.250703016916911","6.10427729288737","5.848205010096232","6.624068816194854","0.539413832386581","5.848205010096232","1.4383461444914978"
"Strategy 1","1","False","False","5","1","LiCl","llama-4-scout","2′-deoxyisoguanosine (isoGd)","Gel","6.546091238657634","7.007333596547444","6.8689608891805","7.213890972556378","0.5581241887942322","6.8689608891805","0.618016725132559"
"Strategy 2","2","False","False","5","1","LiCl","llama-4-scout","2′-deoxyisoguanosine (isoGd)","Gel","6.726694742838542","7.22450311978658","7.075160606702167","7.352345306559126","0.6119752076554433","7.075160606702167","0.45293452478065216"
"Strategy 3","3","False","False","5","1","LiCl","llama-4-scout","2′-deoxyisoguanosine (isoGd)","Gel","5.668872515360515","6.511413494745891","6.258651200930277","6.910330118011751","0.5864825787653993","6.258651200930277","1.1111650041733865"
"Strategy 0","0","True","True","5","2","KCl","llama-4-scout","2′-deoxyisoguanosine (isoGd)","Gel","5.597092946370442","6.471031904220581","6.208850216865539","6.561027416825602","0.5450955716703044","6.208850216865539","0.6460833994319692"
"Strategy 1","1","True","True","5","2","KCl","llama-4-scout","2′-deoxyisoguanosine (isoGd)","Gel","6.178586959838867","6.913200616836548","6.692816519737243","7.009506848616193","0.5920726019211094","6.692816519737243","0.5348842825210607"
"Strategy 2","2","True","True","5","2","KCl","llama-4-scout","2′-deoxyisoguanosine (isoGd)","Gel","5.747198581695557","6.739176114400228","6.441582854588826","6.920162740911931","0.6035231654891929","6.441582854588826","0.7929768295392386"
"Strategy 3","3","True","True","5","2","KCl","llama-4-scout","2′-deoxyisoguanosine (isoGd)","Gel","5.425219217936198","6.0957114696502686","5.894563794136047","6.686813685998743","0.6316360397864671","5.894563794136047","1.2542822796028648"
"Strategy 0","0","False","False","5","3","NaCl","llama-4-scout","2′-deoxyisoguanosine (isoGd)","No Gel","4.852021217346191","6.099519809087117","5.725270231564839","6.546187940678856","0.540065945711007","5.725270231564839","1.5200323509257065"
"Strategy 1","1","True","True","5","3","NaCl","llama-4-scout","2′-deoxyisoguanosine (isoGd)","No Gel","5.757596651713054","6.535349607467651","6.302023720741271","7.014424739635576","0.5941928839353378","6.302023720741271","1.1989389946511555"
"Strategy 2","2","True","True","5","3","NaCl","llama-4-scout","2′-deoxyisoguanosine (isoGd)","No Gel","5.511136054992676","6.585277875264485","6.263035329182942","7.043729674538901","0.6087769078360332","6.263035329182942","1.2823980924819016"
"Strategy 3","3","True","True","5","3","NaCl","llama-4-scout","2′-deoxyisoguanosine (isoGd)","No Gel","4.822810967763265","6.0514984130859375","5.6828921794891345","6.695746822813068","0.6318293153137443","5.682892179489135","1.6030510436524863"
"Strategy 0","0","True","True","6","1","LiCl","llama-4-scout","2′-deoxy-2′-fluoroisoguanosine (FisoGd)","Gel","5.24711537361145","6.515252828598023","6.13481159210205","6.671227896490761","0.48385428327712815","6.13481159210205","1.1086319227259533"
"Strategy 1","1","True","True","6","1","LiCl","llama-4-scout","2′-deoxy-2′-fluoroisoguanosine (FisoGd)","Gel","5.435896078745524","6.514886220296224","6.1911891778310135","6.965433077725945","0.5216621793085147","6.1911891778310135","1.484186376940771"
"Strategy 2","2","True","True","6","1","LiCl","llama-4-scout","2′-deoxy-2′-fluoroisoguanosine (FisoGd)","Gel","5.40068785349528","6.4510707060496015","6.135955850283305","7.052066905492345","0.48355122467714984","6.135955850283305","1.894548102573197"
"Strategy 3","3","True","True","6","1","LiCl","llama-4-scout","2′-deoxy-2′-fluoroisoguanosine (FisoGd)","Gel","5.06046724319458","6.105251789093018","5.791816425323486","6.7847419376521145","0.5778918673030805","5.791816425323486","1.7181856477102495"
"Strategy 0","0","True","True","6","2","NaCl","llama-4-scout","2′-deoxy-2′-fluoroisoguanosine (FisoGd)","Gel","5.87264347076416","7.243855237960815","6.832491707801818","6.634609301238096","0.5204937750428436","6.832491707801818","-0.3801820810391705"
"Strategy 1","1","False","False","6","2","NaCl","llama-4-scout","2′-deoxy-2′-fluoroisoguanosine (FisoGd)","Gel","6.3299407958984375","7.573281447092692","7.200279251734415","6.901057464700644","0.4840478326968577","7.200279251734415","-0.6181657407010083"
"Strategy 2","2","False","False","6","2","NaCl","llama-4-scout","2′-deoxy-2′-fluoroisoguanosine (FisoGd)","Gel","6.291985988616943","7.394622961680095","7.063831869761149","7.074917396032841","0.4962684115892063","7.063831869761149","0.022337763220095237"
"Strategy 3","3","False","False","6","2","NaCl","llama-4-scout","2′-deoxy-2′-fluoroisoguanosine (FisoGd)","Gel","6.020418961842855","7.486998478571574","7.047024623552958","6.841126180496018","0.5088712002108287","7.047024623552958","-0.4046179916875525"
"Strategy 0","0","True","True","6","3","KCl","llama-4-scout","2′-deoxy-2′-fluoroisoguanosine (FisoGd)","Gel","4.671410401662191","6.114322741826375","5.68144903977712","6.47364357300199","0.5257376945160332","5.68144903977712","1.5068246798512763"
"Strategy 1","1","True","True","6","3","KCl","llama-4-scout","2′-deoxy-2′-fluoroisoguanosine (FisoGd)","Gel","5.143825848897298","6.517041603724162","6.105076877276102","6.895446838088122","0.5255586563752022","6.105076877276102","1.503866316774671"
"Strategy 2","2","True","True","6","3","KCl","llama-4-scout","2′-deoxy-2′-fluoroisoguanosine (FisoGd)","Gel","5.228711446126302","6.519209941228231","6.132060392697652","7.015493565998028","0.4972368807505337","6.132060392697652","1.7766847301570114"
"Strategy 3","3","True","True","6","3","KCl","llama-4-scout","2′-deoxy-2′-fluoroisoguanosine (FisoGd)","Gel","4.685651620229085","6.056328376134236","5.645125349362691","6.685854969529834","0.5432654145164543","5.645125349362691","1.9156927578271632"
"Strategy 0","0","False","False","7","1","LiCl","llama-4-scout","Guanosine (G)","No Gel","5.386284828186035","6.22959287961324","5.976600464185078","6.831992114052292","0.55851017263208","5.976600464185078","1.531559659577955"
"Strategy 1","1","False","False","7","1","LiCl","llama-4-scout","Guanosine (G)","No Gel","6.023806889851888","6.646982431411743","6.460029768943786","7.229167951477898","0.5550891172993414","6.460029768943786","1.3856120730238353"
"Strategy 2","2","False","False","7","1","LiCl","llama-4-scout","Guanosine (G)","No Gel","5.846852938334147","6.6044228076934814","6.377151846885681","7.040883652615608","0.5620738314213054","6.377151846885681","1.1808623149232205"
"Strategy 3","3","False","False","7","1","LiCl","llama-4-scout","Guanosine (G)","No Gel","5.7477850914001465","6.222361167271932","6.079988344510396","6.8593090403603645","0.5969522588388514","6.079988344510396","1.3054991991584832"
"Strategy 0","0","False","False","7","2","NaCl","llama-4-scout","Guanosine (G)","No Gel","4.777091185251872","5.691496690114339","5.417175038655597","6.80414223147301","0.5833979431070607","5.417175038655597","2.377394725512235"
"Strategy 1","1","False","False","7","2","NaCl","llama-4-scout","Guanosine (G)","No Gel","5.413127263387044","6.175574938456218","5.946840635935466","7.136883545353122","0.6001897443279434","5.946840635935466","1.9827778142897041"
"Strategy 2","2","False","False","7","2","NaCl","llama-4-scout","Guanosine (G)","No Gel","5.339465777079265","6.20146123568217","5.942862598101297","7.049742907639929","0.5801742816084615","5.942862598101297","1.9078410481587404"
"Strategy 3","3","False","False","7","2","NaCl","llama-4-scout","Guanosine (G)","No Gel","5.078002134958903","5.9507936636606855","5.68895620505015","6.9452298487803725","0.6210346678451635","5.68895620505015","2.022872005018948"
"Strategy 0","0","False","False","7","3","KCl + NaCl","llama-4-scout","Guanosine (G)","No Gel","5.029749393463135","6.6262790362040205","6.147320143381754","6.83547697399938","0.6206134169414306","6.147320143381754","1.1088333120625546"
"Strategy 1","1","False","False","7","3","KCl + NaCl","llama-4-scout","Guanosine (G)","No Gel","5.371381123860677","6.856068213780721","6.410662086804709","7.038899174032284","0.57794490942507","6.410662086804709","1.0870189822288348"
"Strategy 2","2","False","False","7","3","KCl + NaCl","llama-4-scout","Guanosine (G)","No Gel","5.5122419993082685","6.870651880900065","6.463128916422526","6.966643295608442","0.5808504829560263","6.463128916422526","0.8668571240975199"
"Strategy 3","3","False","False","7","3","KCl + NaCl","llama-4-scout","Guanosine (G)","No Gel","4.6193312009175616","6.337065617243449","5.821745292345682","6.658815777887054","0.6681342077323106","5.821745292345682","1.2528478198750546"
"Strategy 0","0","True","True","7","4","KCl","llama-4-scout","Guanosine (G)","Gel","6.008725007375081","6.782681941986084","6.5504948616027825","6.682823634270856","0.6142707686037293","6.550494861602783","0.21542417355926638"
"Strategy 1","1","True","True","7","4","KCl","llama-4-scout","Guanosine (G)","Gel","6.607278982798259","7.55079174041748","7.267737913131714","7.1066706558838675","0.5681643355356638","7.267737913131714","-0.28348709550027007"
"Strategy 2","2","True","True","7","4","KCl","llama-4-scout","Guanosine (G)","Gel","6.485182603200276","7.434891700744629","7.149978971481322","6.975129823413622","0.5934371417559811","7.149978971481322","-0.29463802611060297"
"Strategy 3","3","True","True","7","4","KCl","llama-4-scout","Guanosine (G)","Gel","5.757718563079834","6.705150922139485","6.42092121442159","6.6537471937578765","0.6832422992870172","6.42092121442159","0.3407663424516417"
"Strategy 0","0","True","True","7","5","KCl","llama-4-scout","Guanosine (G)","Gel","5.732504844665527","6.435373147328694","6.224512656529744","7.156149406888996","0.6830972730640824","6.224512656529744","1.3638419989298565"
"Strategy 1","1","True","True","7","5","KCl","llama-4-scout","Guanosine (G)","Gel","5.925869146982829","6.663969993591309","6.4425397396087645","7.111123252715868","0.5760448058146651","6.4425397396087645","1.160644981706877"
"Strategy 2","2","True","True","7","5","KCl","llama-4-scout","Guanosine (G)","Gel","5.788832505544026","6.45704738299052","6.256582919756571","7.095918820933162","0.5940328359576144","6.256582919756571","1.4129452959002404"
"Strategy 3","3","True","True","7","5","KCl","llama-4-scout","Guanosine (G)","Gel","5.310474077860515","6.155160268147786","5.901754411061606","6.783288133914463","0.6282682622515078","5.901754411061606","1.403116750946052"
"Strategy 0","0","False","False","7","6","KCl","llama-4-scout","Guanosine (G)","No Gel","5.194262663523356","6.4411280155181885","6.067068409919739","6.897307981446731","0.6320577988048685","6.067068409919739","1.3135500789593244"
"Strategy 1","1","False","False","7","6","KCl","llama-4-scout","Guanosine (G)","No Gel","5.586326440175374","6.825164953867595","6.453513399759927","7.130148159317884","0.5720689075360395","6.453513399759927","1.18278541386263"
"Strategy 2","2","False","False","7","6","KCl","llama-4-scout","Guanosine (G)","No Gel","5.571417808532715","6.795668840408325","6.428393530845642","7.141477532164994","0.5693692973333506","6.428393530845642","1.2524103506442854"
"Strategy 3","3","False","False","7","6","KCl","llama-4-scout","Guanosine (G)","No Gel","5.028655211130778","6.22166093190511","5.863759215672811","6.895269436922492","0.650981937409713","5.863759215672811","1.5845450725623929"
"Strategy 0","0","False","False","7","7","KCl","llama-4-scout","Guanosine (G)","No Gel","5.097151915232341","6.115180253982544","5.809771752357482","6.831851852217387","0.5560768040409633","5.809771752357482","1.8380196628101284"
"Strategy 1","1","False","False","7","7","KCl","llama-4-scout","Guanosine (G)","No Gel","5.245057264963786","6.169348160425822","5.89206089178721","6.996846644576514","0.5510355795611712","5.89206089178721","2.0049263491644638"
"Strategy 2","2","False","False","7","7","KCl","llama-4-scout","Guanosine (G)","No Gel","4.989794890085856","6.022521495819092","5.712703514099121","6.8527180274327595","0.5440184561391365","5.712703514099121","2.0955438192745284"
"Strategy 3","3","False","False","7","7","KCl","llama-4-scout","Guanosine (G)","No Gel","4.803348700205485","5.5423572063446045","5.320654654502868","6.520154438832009","0.6244093946474798","5.320654654502868","1.921014953668878"
"Strategy 0","0","True","True","7","8","KCl + TAcG","llama-4-scout","Guanosine (G)","Gel","5.80480432510376","6.784865776697795","6.490847341219585","6.6987320254323395","0.5548411073868497","6.490847341219585","0.37467426519969843"
"Strategy 1","1","True","True","7","8","KCl + TAcG","llama-4-scout","Guanosine (G)","Gel","5.558114528656006","6.745386838912964","6.389205145835876","6.786936813177063","0.5478952938207521","6.389205145835876","0.7259264166472432"
"Strategy 2","2","True","True","7","8","KCl + TAcG","llama-4-scout","Guanosine (G)","Gel","6.383236726125081","7.306801319122314","7.029731941223144","7.159287615093457","0.5371217588213087","7.029731941223144","0.2412035478782645"
"Strategy 3","3","True","True","7","8","KCl + TAcG","llama-4-scout","Guanosine (G)","Gel","5.656383196512858","6.766031583150228","6.4331370671590165","6.580803263957494","0.6378165574476897","6.4331370671590165","0.23151828699678736"
"Strategy 0","0","True","True","7","9","KB(OH)₄","llama-4-scout","Guanosine (G)","Gel","4.565171877543132","5.77963137626648","5.415293526649474","6.620720757932933","0.5683064683834445","5.415293526649474","2.1210865938448893"
"Strategy 1","1","True","True","7","9","KB(OH)₄","llama-4-scout","Guanosine (G)","Gel","5.294949213663737","6.334711631139119","6.022782905896503","7.114309453964233","0.5726922418933973","6.022782905896503","1.905956582298019"
"Strategy 2","2","True","True","7","9","KB(OH)₄","llama-4-scout","Guanosine (G)","Gel","5.177486578623454","6.198118527730306","5.891928942998249","6.983472155846982","0.5463472672732461","5.891928942998249","1.99789269249299"
"Strategy 3","3","True","True","7","9","KB(OH)₄","llama-4-scout","Guanosine (G)","Gel","5.296220938364665","6.433659156163533","6.092427690823873","6.982937154905431","0.5237634719234714","6.092427690823873","1.7002130003668405"
"Strategy 0","0","False","False","7","10","KB(OH)₄","llama-4-scout","Guanosine (G)","No Gel","4.782338301340739","6.039523601531982","5.6623680114746096","6.802768022638267","0.5428730162980921","5.6623680114746096","2.1006754377665775"
"Strategy 1","1","False","False","7","10","KB(OH)₄","llama-4-scout","Guanosine (G)","No Gel","5.122079372406006","6.295723835627238","5.943630496660869","6.956026675842836","0.6043738432738355","5.943630496660869","1.6751158086159292"
"Strategy 2","2","False","False","7","10","KB(OH)₄","llama-4-scout","Guanosine (G)","No Gel","4.896352926890056","6.07722012201945","5.722959963480631","6.857006424280408","0.5169732806039162","5.722959963480631","2.1936268340116354"
"Strategy 3","3","False","False","7","10","KB(OH)₄","llama-4-scout","Guanosine (G)","No Gel","4.817473252614339","5.670515775680542","5.414603018760681","6.890048767799555","0.5519486244156997","5.414603018760681","2.6731577610158936"
"Strategy 0","0","False","False","7","11","LiB(OH)₄","llama-4-scout","Guanosine (G)","No Gel","4.556458950042725","5.988420804341634","5.558832248051961","6.693578031636023","0.5448654806171052","5.558832248051961","2.0826163960669133"
"Strategy 1","1","False","False","7","11","LiB(OH)₄","llama-4-scout","Guanosine (G)","No Gel","5.078963279724121","6.193730751673381","5.859300510088603","6.873620049220339","0.5450090828816265","5.859300510088603","1.8611057521623757"
"Strategy 2","2","False","False","7","11","LiB(OH)₄","llama-4-scout","Guanosine (G)","No Gel","5.06072998046875","6.170068899790446","5.837267223993937","6.958283713868114","0.5633425998193422","5.837267223993937","1.9899373671255725"
"Strategy 3","3","False","False","7","11","LiB(OH)₄","llama-4-scout","Guanosine (G)","No Gel","4.571935335795085","5.9525643189748125","5.538375624020894","6.597200862258596","0.6317907525174296","5.538375624020894","1.6759112633711615"
"Strategy 0","0","False","False","8","1","LiCl","llama-4-scout","8-Aza-2′-deoxyisoguanosine (z8isoGd)","No Gel","5.079925537109375","6.274759292602539","5.91630916595459","6.720262362297807","0.531707527445528","5.91630916595459","1.5120214682790627"
"Strategy 1","1","True","True","8","1","LiCl","llama-4-scout","8-Aza-2′-deoxyisoguanosine (z8isoGd)","No Gel","5.167467753092448","6.334423859914144","5.984337027867634","7.20677147385994","0.5632700816497295","5.984337027867634","2.1702456526929104"
"Strategy 2","2","True","True","8","1","LiCl","llama-4-scout","8-Aza-2′-deoxyisoguanosine (z8isoGd)","No Gel","4.834973971048991","5.890845934549968","5.574084345499674","7.109374788195587","0.5722540585343612","5.574084345499674","2.682882576015362"
"Strategy 3","3","True","True","8","1","LiCl","llama-4-scout","8-Aza-2′-deoxyisoguanosine (z8isoGd)","No Gel","4.7723008791605634","5.887283166249593","5.552788480122884","6.9514726122528385","0.5820265866857411","5.552788480122884","2.4031275617399905"
"Strategy 0","0","False","False","8","2","NaCl","llama-4-scout","8-Aza-2′-deoxyisoguanosine (z8isoGd)","No Gel","4.600536664326985","5.965022007624309","5.555676404635111","6.517904663702006","0.5122486287732277","5.555676404635111","1.8784398923064227"
"Strategy 1","1","True","True","8","2","NaCl","llama-4-scout","8-Aza-2′-deoxyisoguanosine (z8isoGd)","No Gel","4.911970933278401","5.901454289754232","5.604609282811482","7.145074959934836","0.5857295622299412","5.604609282811482","2.6299947560417136"
"Strategy 2","2","True","True","8","2","NaCl","llama-4-scout","8-Aza-2′-deoxyisoguanosine (z8isoGd)","No Gel","5.101933161417644","6.106425444285075","5.805077759424845","7.150337422725766","0.5743644244048136","5.805077759424845","2.342170939112306"
"Strategy 3","3","True","True","8","2","NaCl","llama-4-scout","8-Aza-2′-deoxyisoguanosine (z8isoGd)","No Gel","4.42521874109904","5.317275683085124","5.049658600489298","6.618368208562373","0.6257495636240542","5.049658600489298","2.5069288086879817"
"Strategy 0","0","True","True","8","3","KCl","llama-4-scout","8-Aza-2′-deoxyisoguanosine (z8isoGd)","Gel","5.260930856068929","6.584237257639567","6.187245337168375","6.450499061219761","0.5199058604284288","6.187245337168375","0.5063488298332535"
"Strategy 1","1","True","True","8","3","KCl","llama-4-scout","8-Aza-2′-deoxyisoguanosine (z8isoGd)","Gel","6.027408123016357","7.161752581596375","6.82144924402237","6.94868933082551","0.5968914352444373","6.82144924402237","0.21317123900602333"
"Strategy 2","2","False","False","8","3","KCl","llama-4-scout","8-Aza-2′-deoxyisoguanosine (z8isoGd)","Gel","6.083966493606567","7.335367679595947","6.959947323799133","6.950135939250621","0.5778958121881815","6.959947323799133","-0.016977774092810444"
"Strategy 3","3","False","False","8","3","KCl","llama-4-scout","8-Aza-2′-deoxyisoguanosine (z8isoGd)","Gel","5.651630401611328","6.944958527882894","6.556960090001422","6.6581920235656025","0.641919510062694","6.556960090001422","0.15770191118555202"
"Strategy 0","0","True","True","8","4","KCl","llama-4-scout","8-Aza-2′-deoxyisoguanosine (z8isoGd)","Gel","5.654821395874023","6.617574532826741","6.328748591740926","6.410185383518229","0.5439345983842574","6.328748591740926","0.14971798451359605"
"Strategy 1","1","False","False","8","4","KCl","llama-4-scout","8-Aza-2′-deoxyisoguanosine (z8isoGd)","Gel","5.971734046936035","6.866998314857483","6.598419034481048","6.826917035912357","0.5763514823300661","6.598419034481048","0.3964559967947696"
"Strategy 2","2","False","False","8","4","KCl","llama-4-scout","8-Aza-2′-deoxyisoguanosine (z8isoGd)","Gel","5.949358781178792","6.749402681986491","6.509389511744182","6.775965056185267","0.5480431452341736","6.509389511744182","0.48641342704355944"
"Strategy 3","3","True","True","8","4","KCl","llama-4-scout","8-Aza-2′-deoxyisoguanosine (z8isoGd)","Gel","5.788671493530273","6.733797311782837","6.450259566307067","6.59293787950693","0.6222928504155507","6.450259566307067","0.22927840662894752"
"Strategy 0","0","False","False","9","1","LiCl","llama-4-scout","8-Aza-2′-deoxyguanosine (z8Gd)","No Gel","4.946906725565593","6.363038778305054","5.938199162483215","6.48566181863001","0.5097614432577372","5.938199162483215","1.0739585415643056"
"Strategy 1","1","True","True","9","1","LiCl","llama-4-scout","8-Aza-2′-deoxyguanosine (z8Gd)","No Gel","5.361934661865234","6.663614988327026","6.273110890388488","7.286074953793862","0.5813988629729008","6.273110890388488","1.7422876581246225"
"Strategy 2","2","True","True","9","1","LiCl","llama-4-scout","8-Aza-2′-deoxyguanosine (z8Gd)","No Gel","5.324530601501465","6.815591971079509","6.368273560206095","7.3305914876997","0.5954719554391066","6.368273560206095","1.6160591925508614"
"Strategy 3","3","True","True","9","1","LiCl","llama-4-scout","8-Aza-2′-deoxyguanosine (z8Gd)","No Gel","4.991323788960774","6.451812903086345","6.0136661688486726","7.039955992600098","0.6279601533204586","6.0136661688486726","1.634323162584"
"Strategy 0","0","False","False","9","2","KCl","llama-4-scout","8-Aza-2′-deoxyguanosine (z8Gd)","No Gel","5.076159477233887","6.303863445917766","5.935552255312601","6.696849921569035","0.5209422201336504","5.935552255312601","1.461385997973286"
"Strategy 1","1","False","False","9","2","KCl","llama-4-scout","8-Aza-2′-deoxyguanosine (z8Gd)","No Gel","5.342472076416016","6.482795476913452","6.140698456764221","7.024340774969845","0.5948975521475444","6.140698456764221","1.4853688925357467"
"Strategy 2","2","False","False","9","2","KCl","llama-4-scout","8-Aza-2′-deoxyguanosine (z8Gd)","No Gel","5.085173447926839","6.384936889012654","5.995007856686908","7.050381282380077","0.5956918683626291","5.995007856686908","1.7716767371595334"
"Strategy 3","3","False","False","9","2","KCl","llama-4-scout","8-Aza-2′-deoxyguanosine (z8Gd)","No Gel","4.844467004140218","6.146894772847493","5.756166442235311","6.702716793385587","0.6206938943077639","5.756166442235311","1.524987372730527"
"Strategy 0","0","False","False","9","3","NaCl","llama-4-scout","8-Aza-2′-deoxyguanosine (z8Gd)","No Gel","4.833818594614665","6.200261195500691","5.790328415234884","6.501432430220513","0.5195422602114191","5.790328415234884","1.3687125561186426"
"Strategy 1","1","True","True","9","3","NaCl","llama-4-scout","8-Aza-2′-deoxyguanosine (z8Gd)","No Gel","5.294233481089274","6.521823803583781","6.153546706835428","7.236934336149723","0.5465797243856344","6.153546706835428","1.982121877155327"
"Strategy 2","2","True","True","9","3","NaCl","llama-4-scout","8-Aza-2′-deoxyguanosine (z8Gd)","No Gel","5.027950445810954","6.407374382019043","5.993547201156616","7.134293455547756","0.5847305190336827","5.993547201156616","1.9508922781665667"
"Strategy 3","3","True","True","9","3","NaCl","llama-4-scout","8-Aza-2′-deoxyguanosine (z8Gd)","No Gel","4.440181732177734","5.799355189005534","5.391603151957194","6.70378679816421","0.6423918358462077","5.391603151957194","2.0426530553248816"
"Strategy 0","0","True","True","10","1","H₂O","llama-4-scout","2-Amino-2′-fluoro-2′-deoxyadenosine (2-FA)","Gel","5.149869283040364","6.243186950683594","5.915191650390625","6.362244167438773","0.45961004287621593","5.915191650390625","0.972677868939756"
"Strategy 1","1","False","False","10","1","H₂O","llama-4-scout","2-Amino-2′-fluoro-2′-deoxyadenosine (2-FA)","Gel","5.59360392888387","6.579698483149211","6.283870116869608","6.756857040131738","0.47322331604022305","6.283870116869608","0.9995004625298882"
"Strategy 2","2","False","False","10","1","H₂O","llama-4-scout","2-Amino-2′-fluoro-2′-deoxyadenosine (2-FA)","Gel","5.731234232584636","6.706205765406291","6.413714305559793","6.909858892315117","0.46174391814453","6.413714305559793","1.0745016171496728"
"Strategy 3","3","False","False","10","1","H₂O","llama-4-scout","2-Amino-2′-fluoro-2′-deoxyadenosine (2-FA)","Gel","5.543468475341797","6.383385896682739","6.131410670280456","6.656403668967944","0.47298943353940565","6.131410670280456","1.1099465684866092"
"Strategy 0","0","True","True","10","2","PBS","llama-4-scout","2-Amino-2′-fluoro-2′-deoxyadenosine (2-FA)","Gel","5.085175037384033","6.251248439153035","5.901426418622335","6.630518223826583","0.4313559017343565","5.901426418622335","1.6902325951094737"
"Strategy 1","1","False","False","10","2","PBS","llama-4-scout","2-Amino-2′-fluoro-2′-deoxyadenosine (2-FA)","Gel","5.041536649068196","6.120118856430054","5.796544194221497","6.652029544684929","0.4390314818016118","5.796544194221497","1.9485740451979854"
"Strategy 2","2","False","False","10","2","PBS","llama-4-scout","2-Amino-2′-fluoro-2′-deoxyadenosine (2-FA)","Gel","5.136723677317302","6.083104689915975","5.799190386136373","6.727355876819106","0.4836188386659609","5.799190386136373","1.9192087166063112"
"Strategy 3","3","True","True","10","2","PBS","llama-4-scout","2-Amino-2′-fluoro-2′-deoxyadenosine (2-FA)","Gel","4.870817184448242","5.944670081138611","5.6225142121315","6.638103033313455","0.45157322414341233","5.6225142121315","2.249001417452114"
"Strategy 0","0","False","False","11","1","H₂O","llama-4-scout","2-aminoadenosine (2-RA)","No Gel","5.674227873484294","6.757460435231526","6.4324906667073565","6.614016328055113","0.45936756893861014","6.4324906667073565","0.3951642946130918"
"Strategy 1","1","False","False","11","1","H₂O","llama-4-scout","2-aminoadenosine (2-RA)","No Gel","5.521214803059896","6.644536972045898","6.307540321350097","6.721901133510186","0.45694160024327507","6.307540321350097","0.9068135007613307"
"Strategy 2","2","False","False","11","1","H₂O","llama-4-scout","2-aminoadenosine (2-RA)","No Gel","5.454298496246338","6.583325227101644","6.244617207845052","6.8393980083539505","0.421176642108008","6.244617207845052","1.4121884763884194"
"Strategy 3","3","False","False","11","1","H₂O","llama-4-scout","2-aminoadenosine (2-RA)","No Gel","5.315402825673421","6.371140321095784","6.0544190724690745","6.876375492290625","0.4920882171768244","6.0544190724690745","1.670343631752094"
"Strategy 0","0","False","False","12","1","H₂O","llama-4-scout","2′-deoxy-2-aminoadenosine (2-DA)","No Gel","5.320474624633789","6.535221656163533","6.170797546704609","6.510958225474493","0.45369284006844485","6.170797546704609","0.7497598567316307"
"Strategy 1","1","False","False","12","1","H₂O","llama-4-scout","2′-deoxy-2-aminoadenosine (2-DA)","No Gel","5.563846429189046","6.817680597305298","6.441530346870422","6.735622077456432","0.4527329996375478","6.441530346870422","0.6495919909117635"
"Strategy 2","2","True","True","12","1","H₂O","llama-4-scout","2′-deoxy-2-aminoadenosine (2-DA)","No Gel","5.695795059204102","6.51367990175883","6.2683144489924105","6.724252947109921","0.5000801913344421","6.2683144489924105","0.911730770420757"
"Strategy 3","3","False","False","12","1","H₂O","llama-4-scout","2′-deoxy-2-aminoadenosine (2-DA)","No Gel","5.57738717397054","6.288167079289754","6.074933107693989","6.686338812066602","0.5283964640839155","6.074933107693989","1.1570965097819312"
"Strategy 0","0","True","True","13","1","H₂O","llama-4-scout","5-(1-Benzyl-1H-1,2,3-triazol-4-yl)-2′-deoxyuridine","Gel","4.581760883331299","5.8071653842926025","5.439544034004211","6.487646650528723","0.532768068093032","5.439544034004211","1.9672774689294867"
"Strategy 1","1","False","False","13","1","H₂O","llama-4-scout","5-(1-Benzyl-1H-1,2,3-triazol-4-yl)-2′-deoxyuridine","Gel","4.776963233947754","6.066415429115295","5.679579770565033","6.6543818385102025","0.4757629687622362","5.679579770565033","2.048923795984487"
"Strategy 2","2","True","True","13","1","H₂O","llama-4-scout","5-(1-Benzyl-1H-1,2,3-triazol-4-yl)-2′-deoxyuridine","Gel","4.558933893839519","5.909291585286458","5.504184277852375","6.5838967054081206","0.5166193147071793","5.504184277852375","2.0899575312388934"
"Strategy 3","3","True","True","13","1","H₂O","llama-4-scout","5-(1-Benzyl-1H-1,2,3-triazol-4-yl)-2′-deoxyuridine","Gel","4.176944176355998","5.509102423985799","5.109454949696858","6.410407931182427","0.5618536623261224","5.109454949696858","2.3154658743337397"
"Strategy 0","0","True","True","13","2","acidic pH","llama-4-scout","5-(1-Benzyl-1H-1,2,3-triazol-4-yl)-2′-deoxyuridine","Gel","6.1969990730285645","6.9002721309661865","6.6892902135849","6.288847523327021","0.5049816044871478","6.6892902135849","-0.7929847081549878"
"Strategy 1","1","False","False","13","2","acidic pH","llama-4-scout","5-(1-Benzyl-1H-1,2,3-triazol-4-yl)-2′-deoxyuridine","Gel","6.278977235158284","7.051821867624919","6.819968477884928","6.472664207204675","0.523786938681091","6.819968477884928","-0.6630640152172841"
"Strategy 2","2","False","False","13","2","acidic pH","llama-4-scout","5-(1-Benzyl-1H-1,2,3-triazol-4-yl)-2′-deoxyuridine","Gel","6.376856168111165","7.045114994049072","6.8446373462676995","6.494630203937067","0.5184712975571931","6.8446373462677","-0.6750752529208672"
"Strategy 3","3","False","False","13","2","acidic pH","llama-4-scout","5-(1-Benzyl-1H-1,2,3-triazol-4-yl)-2′-deoxyuridine","Gel","6.247293472290039","6.885822892189026","6.694264066219329","6.340078315808791","0.5341297379170097","6.694264066219329","-0.6631080901651087"
"Strategy 0","0","False","False","13","3","acidic pH + benzyl amine","llama-4-scout","5-(1-Benzyl-1H-1,2,3-triazol-4-yl)-2′-deoxyuridine","No Gel","4.879154682159424","6.258934497833252","5.8450005531311024","6.400744829436605","0.545714796945018","5.8450005531311024","1.0183786098830947"
"Strategy 1","1","False","False","13","3","acidic pH + benzyl amine","llama-4-scout","5-(1-Benzyl-1H-1,2,3-triazol-4-yl)-2′-deoxyuridine","No Gel","5.245277086893718","6.573882341384888","6.175300765037536","6.496172558059988","0.49506001620715634","6.175300765037536","0.6481472599641006"
"Strategy 2","2","False","False","13","3","acidic pH + benzyl amine","llama-4-scout","5-(1-Benzyl-1H-1,2,3-triazol-4-yl)-2′-deoxyuridine","No Gel","5.2287594477335615","6.3929709593455","6.043707505861917","6.526811174397629","0.5157988153671516","6.043707505861917","0.936612598056925"
"Strategy 3","3","True","True","13","3","acidic pH + benzyl amine","llama-4-scout","5-(1-Benzyl-1H-1,2,3-triazol-4-yl)-2′-deoxyuridine","No Gel","5.06558632850647","6.203287601470947","5.861977219581604","6.381057821780211","0.5604310269182221","5.861977219581604","0.9262167461587584"
"Strategy 0","0","False","False","14","1","H₂O","llama-4-scout","5-(1-o-Methylbenzyl-1H-1,2,3-triazol-4-yl)-2′-deoxyuridine","No Gel","5.086922963460286","6.783354600270589","6.274425109227498","6.258147627685112","0.5175761596876614","6.274425109227498","-0.03144944224673899"
"Strategy 1","1","True","True","14","1","H₂O","llama-4-scout","5-(1-o-Methylbenzyl-1H-1,2,3-triazol-4-yl)-2′-deoxyuridine","No Gel","5.470749537150065","6.90138594309489","6.4721950213114425","6.552005805895309","0.5478868933681513","6.4721950213114425","0.14567018402872764"
"Strategy 2","2","True","True","14","1","H₂O","llama-4-scout","5-(1-o-Methylbenzyl-1H-1,2,3-triazol-4-yl)-2′-deoxyuridine","No Gel","5.434052467346191","6.778867721557617","6.375423145294189","6.563776238851768","0.5265179599592554","6.375423145294189","0.3577334637780549"
"Strategy 3","3","True","True","14","1","H₂O","llama-4-scout","5-(1-o-Methylbenzyl-1H-1,2,3-triazol-4-yl)-2′-deoxyuridine","No Gel","4.83409849802653","6.388135353724162","5.921924297014871","6.307702940625429","0.5570362909372576","5.921924297014871","0.6925556734579265"
"Strategy 0","0","False","False","15","1","H₂O","llama-4-scout","5-(1-m-Methylbenzyl-1H-1,2,3-triazol-4-yl)-2′-deoxyuridine","No Gel","6.352684179941813","8.056724945704142","7.545512715975444","6.411460127694969","0.47850348092240075","7.545512715975444","-2.369998617553181"
"Strategy 1","1","True","True","15","1","H₂O","llama-4-scout","5-(1-m-Methylbenzyl-1H-1,2,3-triazol-4-yl)-2′-deoxyuridine","No Gel","6.20366644859314","7.724404573440552","7.2681831359863285","6.508732925829037","0.49061766001532753","7.268183135986328","-1.5479471532548696"
"Strategy 2","2","True","True","15","1","H₂O","llama-4-scout","5-(1-m-Methylbenzyl-1H-1,2,3-triazol-4-yl)-2′-deoxyuridine","No Gel","6.187965393066406","7.798611640930176","7.315417766571045","6.53633365088963","0.5128048682087563","7.315417766571045","-1.5192603736442292"
"Strategy 3","3","False","False","15","1","H₂O","llama-4-scout","5-(1-m-Methylbenzyl-1H-1,2,3-triazol-4-yl)-2′-deoxyuridine","No Gel","6.184126536051433","7.785962422688802","7.305411656697591","6.479054698155523","0.5504180284224812","7.305411656697591","-1.5013261119197672"
"Strategy 0","0","True","True","16","1","H₂O","llama-4-scout","5-(1-p-Methylbenzyl-1H-1,2,3-triazol-4-yl)-2′-deoxyuridine","Gel","5.360650380452474","6.422714789708455","6.1040954669316605","6.3964555437250645","0.4988683769790856","6.1040954669316605","0.5860465210559154"
"Strategy 1","1","True","True","16","1","H₂O","llama-4-scout","5-(1-p-Methylbenzyl-1H-1,2,3-triazol-4-yl)-2′-deoxyuridine","Gel","4.871337254842122","5.912671089172363","5.600270938873291","6.378455855372032","0.5389777604876691","5.600270938873291","1.4438163752705415"
"Strategy 2","2","True","True","16","1","H₂O","llama-4-scout","5-(1-p-Methylbenzyl-1H-1,2,3-triazol-4-yl)-2′-deoxyuridine","Gel","5.167642911275228","6.209474563598633","5.89692506790161","6.5175548658198466","0.5296991607924485","5.89692506790161","1.171664680362628"
"Strategy 3","3","True","True","16","1","H₂O","llama-4-scout","5-(1-p-Methylbenzyl-1H-1,2,3-triazol-4-yl)-2′-deoxyuridine","Gel","4.845099290211995","5.813796838124593","5.523187573750813","6.265951332010964","0.5342473429143523","5.523187573750813","1.3902993961716843"
"Strategy 0","0","False","False","17","1","H₂O","llama-4-scout","5-(1-o-Ethylbenzyl-1H-1,2,3-triazol-4-yl)-2′-deoxyuridine","No Gel","5.977157433827718","6.983725865681966","6.681755336125691","6.272600687936293","0.5118217368901146","6.681755336125691","-0.7994085024123168"
"Strategy 1","1","False","False","17","1","H₂O","llama-4-scout","5-(1-o-Ethylbenzyl-1H-1,2,3-triazol-4-yl)-2′-deoxyuridine","No Gel","5.893684069315593","6.970653772354126","6.647562861442566","6.411383148866106","0.5355955496407303","6.647562861442566","-0.4409665329274784"
"Strategy 2","2","False","False","17","1","H₂O","llama-4-scout","5-(1-o-Ethylbenzyl-1H-1,2,3-triazol-4-yl)-2′-deoxyuridine","No Gel","6.228183587392171","7.4637008508046465","7.093045671780904","6.554278513011391","0.502794000138694","7.093045671780904","-1.071546515314216"
"Strategy 3","3","True","True","17","1","H₂O","llama-4-scout","5-(1-o-Ethylbenzyl-1H-1,2,3-triazol-4-yl)-2′-deoxyuridine","No Gel","6.041688442230225","6.967080354690552","6.689462780952454","6.386140612483948","0.5176006914791693","6.689462780952454","-0.5860157713500902"
"Strategy 0","0","True","True","18","1","H₂O","llama-4-scout","5-(1-p-Ethylbenzyl-1H-1,2,3-triazol-4-yl)-2′-deoxyuridine","Gel","4.647170861562093","6.045933961868286","5.626305031776428","6.127707448486209","0.5322807404267184","5.626305031776428","0.9419886511539327"
"Strategy 1","1","True","True","18","1","H₂O","llama-4-scout","5-(1-p-Ethylbenzyl-1H-1,2,3-triazol-4-yl)-2′-deoxyuridine","Gel","4.767117977142334","6.127389589945476","5.719308106104532","6.355789075526157","0.527419403975931","5.719308106104532","1.206783376992839"
"Strategy 2","2","True","True","18","1","H₂O","llama-4-scout","5-(1-p-Ethylbenzyl-1H-1,2,3-triazol-4-yl)-2′-deoxyuridine","Gel","4.497865994771321","5.863170226414998","5.453578956921895","6.3493513996286906","0.5657560401558446","5.453578956921895","1.5833192739047806"
"Strategy 3","3","True","True","18","1","H₂O","llama-4-scout","5-(1-p-Ethylbenzyl-1H-1,2,3-triazol-4-yl)-2′-deoxyuridine","Gel","4.559268474578857","5.931608120600383","5.519906226793925","6.299231895242243","0.5467348872878014","5.519906226793925","1.4254178516288478"
"Strategy 0","0","True","True","19","1","H₂O","llama-4-scout","5-(1-p-Butylbenzyl-1H-1,2,3-triazol-4-yl)-2′-deoxyuridine","Gel","5.878053665161133","6.979909737904866","6.649352916081746","6.277078668091647","0.5109928426022174","6.649352916081746","-0.7285312375302597"
"Strategy 1","1","True","True","19","1","H₂O","llama-4-scout","5-(1-p-Butylbenzyl-1H-1,2,3-triazol-4-yl)-2′-deoxyuridine","Gel","5.972470601399739","6.762551546096802","6.525527262687682","6.444085868199666","0.5355711950747087","6.525527262687682","-0.1520645532040888"
"Strategy 2","2","True","True","19","1","H₂O","llama-4-scout","5-(1-p-Butylbenzyl-1H-1,2,3-triazol-4-yl)-2′-deoxyuridine","Gel","5.749280293782552","6.547748406728108","6.308207972844442","6.336778968742035","0.5279878651778646","6.308207972844442","0.0541129783124244"
"Strategy 3","3","True","True","19","1","H₂O","llama-4-scout","5-(1-p-Butylbenzyl-1H-1,2,3-triazol-4-yl)-2′-deoxyuridine","Gel","5.901504993438721","6.653759320576985","6.428083022435506","6.330855643225578","0.552701126870042","6.428083022435506","-0.17591311919432534"
"Strategy 0","0","True","True","20","1","EtOH/H₂O","llama-4-scout","4-N-Octanoylgemcitabine","Gel","4.599820454915364","5.992377916971843","5.574610678354898","6.481646609922403","0.49349251184577275","5.574610678354898","1.837993302421118"
"Strategy 1","1","False","False","20","1","EtOH/H₂O","llama-4-scout","4-N-Octanoylgemcitabine","Gel","4.522037188212077","5.90865159034729","5.492667269706725","6.869773475082654","0.49727136199974814","5.492667269706725","2.7693253837059406"
"Strategy 2","2","False","False","20","1","EtOH/H₂O","llama-4-scout","4-N-Octanoylgemcitabine","Gel","4.682168324788411","5.860741217931111","5.507169349988302","6.927452006389312","0.5461386242298066","5.507169349988302","2.6005900212678923"
"Strategy 3","3","True","True","20","1","EtOH/H₂O","llama-4-scout","4-N-Octanoylgemcitabine","Gel","4.137350877126058","5.496601184209188","5.088826092084249","6.448715921581869","0.5265234004984612","5.088826092084249","2.5827718734062115"
"Strategy 0","0","True","True","21","1","EtOH/H₂O","llama-4-scout","4-N-Decanoyllamivudine","Gel","5.522721608479817","6.874329408009847","6.468847068150837","6.408557707271527","0.5277506805087597","6.468847068150837","-0.11423833849193829"
"Strategy 1","1","True","True","21","1","EtOH/H₂O","llama-4-scout","4-N-Decanoyllamivudine","Gel","6.102800369262695","7.250849803288777","6.906434973080953","6.794733631641674","0.5527552007984168","6.906434973080953","-0.20208103203359062"
"Strategy 2","2","True","True","21","1","EtOH/H₂O","llama-4-scout","4-N-Decanoyllamivudine","Gel","6.359494845072429","7.350452899932861","7.053165483474731","6.947865921890396","0.5574511314895829","7.053165483474731","-0.1888946952228095"
"Strategy 3","3","True","True","21","1","EtOH/H₂O","llama-4-scout","4-N-Decanoyllamivudine","Gel","5.912947177886963","6.938033580780029","6.630507659912109","6.64985134601593","0.5646157218128419","6.630507659912109","0.03425991405572833"
"Strategy 0","0","False","False","22","1","EtOH/H₂O","llama-4-scout","5'-O-Myristoylgemcitabine","No Gel","4.816996574401856","6.020806233088176","5.6596633354822785","6.551788655423994","0.48992585357891016","5.659663335482279","1.8209394613995915"
"Strategy 1","1","True","True","22","1","EtOH/H₂O","llama-4-scout","5'-O-Myristoylgemcitabine","No Gel","5.530842065811157","6.407628536224365","6.144592595100402","6.954536764843519","0.5072797919913246","6.144592595100402","1.5966418976866492"
"Strategy 2","2","True","True","22","1","EtOH/H₂O","llama-4-scout","5'-O-Myristoylgemcitabine","No Gel","5.416824579238892","6.367014169692993","6.081957292556762","6.926516261026841","0.5195794587550131","6.081957292556762","1.625466431051304"
"Strategy 3","3","True","True","22","1","EtOH/H₂O","llama-4-scout","5'-O-Myristoylgemcitabine","No Gel","4.996146519978841","5.967408657073975","5.676030015945433","6.642429456538315","0.5218186159228226","5.676030015945433","1.8519834500036552"
"Strategy 0","0","False","False","23","1","EtOH/H₂O","llama-4-scout","5'-O-Lauroylgemcitabine","No Gel","4.676510016123454","6.162136475245158","5.716448537508646","6.533663168926879","0.524642952047836","5.716448537508646","1.5576586480927719"
"Strategy 1","1","True","True","23","1","EtOH/H₂O","llama-4-scout","5'-O-Lauroylgemcitabine","No Gel","4.858766555786133","6.394372344017029","5.93369060754776","6.915662025019179","0.5096933455337742","5.93369060754776","1.926592579785505"
"Strategy 2","2","True","True","23","1","EtOH/H₂O","llama-4-scout","5'-O-Lauroylgemcitabine","No Gel","4.899730841318767","6.472684939702352","6.000798710187276","6.947572059717597","0.5423427257661453","6.000798710187276","1.745710423593962"
"Strategy 3","3","True","True","23","1","EtOH/H₂O","llama-4-scout","5'-O-Lauroylgemcitabine","No Gel","4.684127012888591","6.049218734105428","5.639691217740377","6.863264460773123","0.5929459930975132","5.639691217740377","2.0635492224863095"
"Strategy 0","0","False","False","24","1","EtOH/H₂O","llama-4-scout","5'-O-Hexanoylgemcitabine","No Gel","5.160414059956868","6.395412524541219","6.024912985165915","6.400213249278007","0.5275003027241838","6.024912985165915","0.711469286697883"
"Strategy 1","1","True","True","24","1","EtOH/H₂O","llama-4-scout","5'-O-Hexanoylgemcitabine","No Gel","6.0037862459818525","7.047911485036214","6.734673913319905","6.992368004858031","0.5002845009125768","6.734673913319905","0.5150950930281919"
"Strategy 2","2","True","True","24","1","EtOH/H₂O","llama-4-scout","5'-O-Hexanoylgemcitabine","No Gel","5.7986602783203125","6.890960216522217","6.563270235061645","6.961906378768211","0.5251185954638626","6.563270235061645","0.7591354546384552"
"Strategy 3","3","False","False","24","1","EtOH/H₂O","llama-4-scout","5'-O-Hexanoylgemcitabine","No Gel","5.045603752136231","6.475570321083069","6.046580350399017","6.523567713138669","0.4963303693330828","6.046580350399017","0.9610279608329791"
"Strategy 0","0","False","False","25","1","NaOH","llama-4-scout","5'-O-Lauroylribothymidine","No Gel","5.516247749328613","6.860423485438029","6.457170764605205","6.190048240013516","0.5209245130833416","6.457170764605205","-0.5127854763650803"
"Strategy 1","1","False","False","25","1","NaOH","llama-4-scout","5'-O-Lauroylribothymidine","No Gel","6.671444416046143","7.730415821075439","7.41272439956665","6.801131982519952","0.5023666686858435","7.41272439956665","-1.2174223633239465"
"Strategy 2","2","False","False","25","1","NaOH","llama-4-scout","5'-O-Lauroylribothymidine","No Gel","6.510904947916667","7.622756640116374","7.289201132456461","6.901698571828601","0.4618660415288419","7.289201132456461","-0.8389934002187558"
"Strategy 3","3","False","False","25","1","NaOH","llama-4-scout","5'-O-Lauroylribothymidine","No Gel","5.626758098602295","6.716562986373901","6.389621520042419","6.442383930295011","0.5574488876108513","6.389621520042419","0.09464977224858175"
"Strategy 0","0","True","True","25","2","Organic solvents","llama-4-scout","5'-O-Lauroylribothymidine","Gel","5.506278038024902","5.792405366897583","5.706567168235778","6.65279266341404","0.5040009038561828","5.706567168235778","1.877428171137305"
"Strategy 1","1","True","True","25","2","Organic solvents","llama-4-scout","5'-O-Lauroylribothymidine","Gel","5.400593280792236","6.194703817367554","5.956470656394958","6.755441081185057","0.5162120667832474","5.956470656394958","1.5477561959542085"
"Strategy 2","2","True","True","25","2","Organic solvents","llama-4-scout","5'-O-Lauroylribothymidine","Gel","5.686958948771159","6.386271794637044","6.176477940877278","6.814051322049872","0.5180748764025764","6.176477940877278","1.230658752649415"
"Strategy 3","3","True","True","25","2","Organic solvents","llama-4-scout","5'-O-Lauroylribothymidine","Gel","5.5790886878967285","6.2158885796864825","6.024848612149557","6.783952394135547","0.5491760302678403","6.024848612149557","1.3822594944935316"
"Strategy 0","0","True","True","26","1","NaOH","llama-4-scout","5'-O-Myristoylribothymidine","Gel","5.346720059712728","6.436263958613078","6.109400788942973","6.205249681029209","0.5695432854561683","6.109400788942973","0.16829079463111785"
"Strategy 1","1","True","True","26","1","NaOH","llama-4-scout","5'-O-Myristoylribothymidine","Gel","5.820496718088786","6.947999636332194","6.609748760859172","6.721791236529978","0.4546049678113437","6.609748760859172","0.24646117751467897"
"Strategy 2","2","True","True","26","1","NaOH","llama-4-scout","5'-O-Myristoylribothymidine","Gel","6.2091474533081055","7.224807580312093","6.920109542210896","6.8889017281298175","0.4591924908631683","6.920109542210896","-0.06796237896315625"
"Strategy 3","3","True","True","26","1","NaOH","llama-4-scout","5'-O-Myristoylribothymidine","Gel","5.745249271392822","6.7734428246816","6.464984758694967","6.525043531844165","0.5112457159824686","6.464984758694967","0.11747535729230074"
"Strategy 0","0","False","False","26","2","KOH","llama-4-scout","5'-O-Myristoylribothymidine","No Gel","5.292448202768962","6.542623043060303","6.1675705909729","6.143254539085604","0.5651013899459896","6.1675705909729","-0.04302953827386633"
"Strategy 1","1","True","True","26","2","KOH","llama-4-scout","5'-O-Myristoylribothymidine","No Gel","6.854069868723552","7.636865774790446","7.402027002970377","6.92052360024563","0.5247562317635038","7.402027002970377","-0.9175753875406094"
"Strategy 2","2","True","True","26","2","KOH","llama-4-scout","5'-O-Myristoylribothymidine","No Gel","6.538328011830648","7.3928141593933105","7.136468315124511","6.891574068894989","0.4664212731691676","7.136468315124511","-0.5250494784801575"
"Strategy 3","3","True","True","26","2","KOH","llama-4-scout","5'-O-Myristoylribothymidine","No Gel","5.87214994430542","6.552506923675537","6.348399829864502","6.687696914340174","0.4846262678248787","6.348399829864502","0.700121118070055"
"Strategy 0","0","True","True","26","3","LiOH","llama-4-scout","5'-O-Myristoylribothymidine","No Gel","5.500122547149658","6.655998468399048","6.309235692024231","6.295825783688891","0.5030596501274865","6.309235692024231","-0.02665669634195715"
"Strategy 1","1","True","True","26","3","LiOH","llama-4-scout","5'-O-Myristoylribothymidine","No Gel","6.171879291534424","7.408281207084656","7.0373606324195865","6.678466112299484","0.4764072256221286","7.0373606324195865","-0.7533355936225173"
"Strategy 2","2","True","True","26","3","LiOH","llama-4-scout","5'-O-Myristoylribothymidine","No Gel","6.548527558644612","7.652637561162312","7.321404560407003","6.955218105353127","0.4792780434346163","7.321404560407003","-0.7640376188103678"
"Strategy 3","3","True","True","26","3","LiOH","llama-4-scout","5'-O-Myristoylribothymidine","No Gel","5.535085360209147","5.9733091990153","5.841842047373453","6.425481422618994","0.47715859870215593","5.841842047373453","1.2231559419300122"
"Strategy 0","0","True","True","26","4","Organic solvents","llama-4-scout","5'-O-Myristoylribothymidine","Gel","4.389242808024089","5.6162215868632","5.248127953211466","6.262611730462203","0.5196793705674299","5.248127953211466","1.9521340170633246"
"Strategy 1","1","True","True","26","4","Organic solvents","llama-4-scout","5'-O-Myristoylribothymidine","Gel","5.294489701588948","6.31554373105367","6.009227522214254","6.880324227865352","0.4945823242389766","6.009227522214254","1.7612774718374165"
"Strategy 2","2","True","True","26","4","Organic solvents","llama-4-scout","5'-O-Myristoylribothymidine","Gel","5.39924430847168","6.319320519765218","6.043297656377156","6.960861542366579","0.5005558241888257","6.043297656377156","1.8330900204315435"
"Strategy 3","3","True","True","26","4","Organic solvents","llama-4-scout","5'-O-Myristoylribothymidine","Gel","4.547491868336995","5.658722241719564","5.325353129704793","6.497013767683537","0.5296238608626035","5.325353129704793","2.212250475404278"
"Strategy 0","0","False","False","27","1","NaOH","llama-4-scout","5'-O-Palmitoylribothymidine","Gel","6.300000429153442","7.35077440738678","7.035542213916778","6.397471336338871","0.5342297682033095","7.035542213916778","-1.1943753709641267"
"Strategy 1","1","True","True","27","1","NaOH","llama-4-scout","5'-O-Palmitoylribothymidine","Gel","7.042789141337077","7.761277198791504","7.545730781555176","6.839014422801113","0.5763980152963724","7.545730781555176","-1.2260908955258696"
"Strategy 2","2","True","True","27","1","NaOH","llama-4-scout","5'-O-Palmitoylribothymidine","Gel","7.263338088989258","7.991736729939778","7.773217137654623","6.9491746877207","0.5301526067213354","7.773217137654623","-1.554349520282685"
"Strategy 3","3","True","True","27","1","NaOH","llama-4-scout","5'-O-Palmitoylribothymidine","Gel","5.990927855173747","6.748254934946696","6.5210568110148115","6.525240505326933","0.5127923717124442","6.521056811014812","0.008158651615956393"
"Strategy 0","0","False","False","27","2","KOH","llama-4-scout","5'-O-Palmitoylribothymidine","No Gel","5.312972068786621","6.458873907725017","6.115103356043498","6.143837680557901","0.5871258347036309","6.115103356043498","0.048940657719324245"
"Strategy 1","1","True","True","27","2","KOH","llama-4-scout","5'-O-Palmitoylribothymidine","No Gel","6.766428788503011","7.510068655014038","7.28697669506073","6.936094902405751","0.5084689886688342","7.28697669506073","-0.690075108756551"
"Strategy 2","2","True","True","27","2","KOH","llama-4-scout","5'-O-Palmitoylribothymidine","No Gel","6.528855323791504","7.309930086135864","7.075607657432556","6.826724541218089","0.5061628322673545","7.075607657432556","-0.4917056337376583"
"Strategy 3","3","True","True","27","2","KOH","llama-4-scout","5'-O-Palmitoylribothymidine","No Gel","5.425609429677327","5.853093822797139","5.724848504861196","6.568117883870769","0.47830096773697667","5.724848504861196","1.763051793516956"
"Strategy 0","0","True","True","27","3","LiOH","llama-4-scout","5'-O-Palmitoylribothymidine","No Gel","4.990154107411702","6.462087392807007","6.020507407188415","6.240108508287474","0.5435094729339314","6.020507407188415","0.4040428217628387"
"Strategy 1","1","True","True","27","3","LiOH","llama-4-scout","5'-O-Palmitoylribothymidine","No Gel","6.630479494730632","7.635679165522258","7.334119264284769","6.950540318353539","0.4956753185660738","7.334119264284769","-0.7738512117990358"
"Strategy 2","2","True","True","27","3","LiOH","llama-4-scout","5'-O-Palmitoylribothymidine","No Gel","7.042197545369466","7.813851833343506","7.582355546951294","7.138942003558156","0.524287609576128","7.582355546951294","-0.8457448455660161"
"Strategy 3","3","True","True","27","3","LiOH","llama-4-scout","5'-O-Palmitoylribothymidine","No Gel","4.975411732991536","5.839148283004761","5.580027318000792","6.4103735132118835","0.5049531672808494","5.580027318000792","1.6444023901908946"
"Strategy 0","0","True","True","27","4","Organic solvents","llama-4-scout","5'-O-Palmitoylribothymidine","Gel","4.246469736099243","5.457425713539124","5.094138920307159","6.120284777463868","0.5435918448646934","5.094138920307159","1.8877138552586803"
"Strategy 1","1","True","True","27","4","Organic solvents","llama-4-scout","5'-O-Palmitoylribothymidine","Gel","5.542776902516683","6.421160538991292","6.15764544804891","6.951577208639732","0.5131801659178039","6.15764544804891","1.547081928178"
"Strategy 2","2","True","True","27","4","Organic solvents","llama-4-scout","5'-O-Palmitoylribothymidine","Gel","5.370775858561198","6.325494686762492","6.039079038302103","6.84382100493409","0.5083571440655601","6.039079038302103","1.5830248006275753"
"Strategy 3","3","True","True","27","4","Organic solvents","llama-4-scout","5'-O-Palmitoylribothymidine","Gel","4.552658796310425","5.6671459674835205","5.332799816131591","6.6467420216986675","0.5530519100023904","5.332799816131591","2.3758026720518823"
"Strategy 0","0","False","False","28","1","NaOH","llama-4-scout","5'-O-Lauroyluridine","No Gel","5.22203000386556","7.219918568929036","6.620551999409993","6.303685579250641","0.5609405667846348","6.620551999409993","-0.5648841230643392"
"Strategy 1","1","False","False","28","1","NaOH","llama-4-scout","5'-O-Lauroyluridine","No Gel","5.713652928670247","7.506826877593994","6.96887469291687","6.649253068413845","0.5138419206089024","6.96887469291687","-0.6220232559544256"
"Strategy 2","2","False","False","28","1","NaOH","llama-4-scout","5'-O-Lauroyluridine","No Gel","5.289624214172363","7.385264714558919","6.756572564442952","6.429729950766847","0.5097797767119718","6.756572564442952","-0.6411447228923193"
"Strategy 3","3","False","False","28","1","NaOH","llama-4-scout","5'-O-Lauroyluridine","No Gel","5.268091519673665","7.281484921773274","6.677466901143391","6.526887085148222","0.5440331955416581","6.677466901143391","-0.2767842426329268"
"Strategy 0","0","True","True","28","2","Organic solvents","llama-4-scout","5'-O-Lauroyluridine","Gel","4.952872753143311","6.363453984260559","5.940279614925384","6.203338890667109","0.5643652987323506","5.940279614925384","0.46611525608076243"
"Strategy 1","1","True","True","28","2","Organic solvents","llama-4-scout","5'-O-Lauroyluridine","Gel","5.918118953704834","6.84554394086202","6.567316444714863","6.699410693836458","0.5365425148292172","6.567316444714863","0.24619530693414066"
"Strategy 2","2","True","True","28","2","Organic solvents","llama-4-scout","5'-O-Lauroyluridine","Gel","5.713641961415608","6.51439356803894","6.274168086051941","6.687958151179074","0.5148528634804723","6.274168086051941","0.8037054748610273"
"Strategy 3","3","True","True","28","2","Organic solvents","llama-4-scout","5'-O-Lauroyluridine","Gel","4.923202037811279","6.528388500213623","6.04683256149292","6.370628760951433","0.5961594097191726","6.04683256149292","0.5431369432062495"
"Strategy 0","0","False","False","29","1","NaOH","llama-4-scout","5'-O-Myristoyluridine","Gel","4.750542640686035","6.298748413721721","5.834286681811015","6.277202264837516","0.5405911518671451","5.834286681811015","0.8193171151557274"
"Strategy 1","1","True","True","29","1","NaOH","llama-4-scout","5'-O-Myristoyluridine","Gel","4.869884808858235","6.249988238016765","5.835957209269206","6.705807426979992","0.4475555369999093","5.835957209269206","1.9435581638462942"
"Strategy 2","2","True","True","29","1","NaOH","llama-4-scout","5'-O-Myristoyluridine","Gel","4.715679168701172","6.09099547068278","5.678400580088297","6.505570984626001","0.44654873662691574","5.678400580088297","1.8523631055053036"
"Strategy 3","3","True","True","29","1","NaOH","llama-4-scout","5'-O-Myristoyluridine","Gel","4.421814759572347","5.942410707473755","5.4862319231033325","6.282509143223133","0.5400094296661888","5.4862319231033325","1.4745616953615526"
"Strategy 0","0","True","True","29","2","Organic solvents","llama-4-scout","5'-O-Myristoyluridine","Gel","5.3087077140808105","6.858136892318726","6.393308138847352","6.315841646403921","0.6115257225099713","6.393308138847352","-0.1266774063492761"
"Strategy 1","1","True","True","29","2","Organic solvents","llama-4-scout","5'-O-Myristoyluridine","Gel","5.535732587178548","6.683352549870809","6.33906656106313","6.6503234663674995","0.5449142843278657","6.33906656106313","0.5712034245684986"
"Strategy 2","2","True","True","29","2","Organic solvents","llama-4-scout","5'-O-Myristoyluridine","Gel","5.508513768513997","6.672914187113444","6.323594061533609","6.566324381803665","0.5118082040360962","6.323594061533609","0.47426031539919733"
"Strategy 3","3","True","True","29","2","Organic solvents","llama-4-scout","5'-O-Myristoyluridine","Gel","5.252782026926677","6.692177136739095","6.2603586037953685","6.513302508558722","0.5393386332478324","6.2603586037953685","0.468989034292158"
"Strategy 0","0","False","False","30","1","NaOH","llama-4-scout","5'-O-Palmitoyluridine","Gel","5.643325169881185","7.116919040679932","6.674840879440307","6.209625884790445","0.5505544204395019","6.674840879440307","-0.8449936598065734"
"Strategy 1","1","True","True","30","1","NaOH","llama-4-scout","5'-O-Palmitoyluridine","Gel","6.152631600697835","7.136937459309896","6.841645701726278","6.49669844974843","0.5608204186376924","6.841645701726278","-0.6150761286755049"
"Strategy 2","2","True","True","30","1","NaOH","llama-4-scout","5'-O-Palmitoyluridine","Gel","6.037782033284505","7.091569741566976","6.775433429082234","6.619653312858068","0.4897488193430575","6.775433429082234","-0.3180816575180879"
"Strategy 3","3","True","True","30","1","NaOH","llama-4-scout","5'-O-Palmitoyluridine","Gel","5.885917981465657","7.0651748975118","6.711397822697958","6.367718736453882","0.5642905268011948","6.711397822697958","-0.6090463509857171"
"Strategy 0","0","True","True","30","2","Organic solvents","llama-4-scout","5'-O-Palmitoyluridine","Gel","4.841776371002197","6.46010684967041","5.974607706069946","6.13236853623575","0.6083695140118155","5.974607706069946","0.2593174485773779"
"Strategy 1","1","True","True","30","2","Organic solvents","llama-4-scout","5'-O-Palmitoyluridine","Gel","5.542980829874675","6.38918670018514","6.135324939091999","6.456018736873793","0.5888821254283662","6.135324939091999","0.5445806281664854"
"Strategy 2","2","True","True","30","2","Organic solvents","llama-4-scout","5'-O-Palmitoyluridine","Gel","5.566864172617595","6.60080869992574","6.290625341733296","6.577709948800948","0.5803036702040859","6.290625341733296","0.4947144431581608"
"Strategy 3","3","True","True","30","2","Organic solvents","llama-4-scout","5'-O-Palmitoyluridine","Gel","5.5756293932596845","6.793203751246135","6.427931443850198","6.453112817919531","0.6079922998617171","6.427931443850198","0.04141725820386218"
"Strategy 0","0","True","True","31","1","H₂O","llama-4-scout","A C–C linked benzyl azide ‘click’ conjugate of 8-aza-7-deaza-2′-deoxyadenosine","Gel","4.634562969207764","6.088195482889812","5.652105728785197","6.348683936343328","0.5243510294495264","5.652105728785197","1.3284577857879125"
"Strategy 1","1","True","True","31","1","H₂O","llama-4-scout","A C–C linked benzyl azide ‘click’ conjugate of 8-aza-7-deaza-2′-deoxyadenosine","Gel","4.909114519755046","6.140069325764974","5.770782883961995","6.489837109272487","0.5884640786639136","5.770782883961995","1.2219169383169122"
"Strategy 2","2","True","True","31","1","H₂O","llama-4-scout","A C–C linked benzyl azide ‘click’ conjugate of 8-aza-7-deaza-2′-deoxyadenosine","Gel","4.94245719909668","6.122746070226033","5.768659408887227","6.583231208613985","0.590896443225076","5.768659408887227","1.3785356284781076"
"Strategy 3","3","True","True","31","1","H₂O","llama-4-scout","A C–C linked benzyl azide ‘click’ conjugate of 8-aza-7-deaza-2′-deoxyadenosine","Gel","5.034750938415527","6.126319646835327","5.798849034309387","6.518065100184399","0.5820339078303967","5.798849034309387","1.235694443569412"
"Strategy 0","0","False","False","32","1","H₂O","llama-4-scout","The isomeric regio-conjugate of 8-aza-7-deaza-2′-deoxyadenosine, a C–N connectivity between the nucleobase and the triazole moiety","No Gel","4.901533285776774","6.275909105936687","6.125883189837137","6.325046212235778","0.5609210074533543","5.863596359888713","0.35506429559995206"
"Strategy 1","1","False","False","32","1","H₂O","llama-4-scout","The isomeric regio-conjugate of 8-aza-7-deaza-2′-deoxyadenosine, a C–N connectivity between the nucleobase and the triazole moiety","No Gel","4.85114860534668","5.949392795562744","5.984763073921203","6.4559427760368155","0.5856801964992133","5.619919538497925","0.8044999727359656"
"Strategy 2","2","False","False","32","1","H₂O","llama-4-scout","The isomeric regio-conjugate of 8-aza-7-deaza-2′-deoxyadenosine, a C–N connectivity between the nucleobase and the triazole moiety","No Gel","5.039474010467529","6.1911875406901045","6.168867135047912","6.535408956567138","0.5727965592898164","5.845673481623332","0.6399162417694753"
"Strategy 3","3","False","False","32","1","H₂O","llama-4-scout","The isomeric regio-conjugate of 8-aza-7-deaza-2′-deoxyadenosine, a C–N connectivity between the nucleobase and the triazole moiety","No Gel","4.897315979003906","5.903346061706543","5.924184910456339","6.51706419065017","0.5899509908668386","5.601537036895752","1.0049636145583714"
"Strategy 0","0","False","False","33","1","H₂O","llama-4-scout","A benzyl azide conjugate with a long linker arm attached to 8-aza-7-deaza-2′-deoxyadenosine","No Gel","4.587832450866699","5.895737886428833","5.508456659317017","6.0934964735686625","0.5718423346594644","5.503366255760192","1.0230788782016995"
"Strategy 1","1","True","True","33","1","H₂O","llama-4-scout","A benzyl azide conjugate with a long linker arm attached to 8-aza-7-deaza-2′-deoxyadenosine","No Gel","4.892406225204468","6.2138038873672485","5.823789739608765","6.143862729663996","0.5160736444413913","5.817384588718413","0.6202079751654144"
"Strategy 2","2","True","True","33","1","H₂O","llama-4-scout","A benzyl azide conjugate with a long linker arm attached to 8-aza-7-deaza-2′-deoxyadenosine","No Gel","4.694756825764974","5.945308128992717","5.574529894193013","6.343913038078822","0.5318282352788956","5.570142738024394","1.4466759995966312"
"Strategy 3","3","False","False","33","1","H₂O","llama-4-scout","A benzyl azide conjugate with a long linker arm attached to 8-aza-7-deaza-2′-deoxyadenosine","No Gel","4.59988808631897","5.989672183990479","5.584180808067321","6.133698452627935","0.5587453639420094","5.5727369546890255","0.9834849289553058"
"Strategy 0","0","False","False","34","1","H₂O","llama-4-scout","A benzyl azide conjugate with a branched side chain attached to 8-aza-7-deaza-2′-deoxyadenosine","No Gel","5.648669719696045","6.399813890457153","6.166320896148682","6.189252417894604","0.5564153626049445","6.17447063922882","0.041212955800796675"
"Strategy 1","1","True","True","34","1","H₂O","llama-4-scout","A benzyl azide conjugate with a branched side chain attached to 8-aza-7-deaza-2′-deoxyadenosine","No Gel","5.360957384109497","6.12286376953125","5.883788466453552","6.081088376230047","0.614292070457989","5.894291853904724","0.3211825762774328"
"Strategy 2","2","False","False","34","1","H₂O","llama-4-scout","A benzyl azide conjugate with a branched side chain attached to 8-aza-7-deaza-2′-deoxyadenosine","No Gel","5.3295979499816895","6.051884094874064","5.82348289489746","6.0405405246010115","0.620031557352114","5.835198251406351","0.3500751326763273"
"Strategy 3","3","True","True","34","1","H₂O","llama-4-scout","A benzyl azide conjugate with a branched side chain attached to 8-aza-7-deaza-2′-deoxyadenosine","No Gel","5.323164621988933","6.173600832621257","5.9091150919596345","6.090233648408599","0.5974335328343383","5.918469969431559","0.30316101540150237"
"Strategy 0","0","False","False","35","1","H₂O","llama-4-scout","A 7-deazaadenine click conjugate with a pyrrolo[2,3-d]pyrimidine moiety, having one less nitrogen atom in the nucleobase structure","No Gel","4.683372815450032","6.311882098515828","5.82332931359609","6.254937025373295","0.5188313278551298","5.82332931359609","0.8318844460713077"
"Strategy 1","1","False","False","35","1","H₂O","llama-4-scout","A 7-deazaadenine click conjugate with a pyrrolo[2,3-d]pyrimidine moiety, having one less nitrogen atom in the nucleobase structure","No Gel","5.08007796605428","6.531119108200073","6.095806765556335","6.622026756937189","0.5439350794134687","6.095806765556335","0.9674316132511309"
"Strategy 2","2","False","False","35","1","H₂O","llama-4-scout","A 7-deazaadenine click conjugate with a pyrrolo[2,3-d]pyrimidine moiety, having one less nitrogen atom in the nucleobase structure","No Gel","5.050117174784343","6.5325807730356855","6.087841693560282","6.486204304005132","0.5765374731729704","6.087841693560282","0.6909570131711712"
"Strategy 3","3","False","False","35","1","H₂O","llama-4-scout","A 7-deazaadenine click conjugate with a pyrrolo[2,3-d]pyrimidine moiety, having one less nitrogen atom in the nucleobase structure","No Gel","4.550763130187988","6.213177680969238","5.714453315734862","6.304614737483573","0.5684597372983239","5.714453315734862","1.0381762911715207"
"Strategy 0","0","True","True","36","1","NaCl","llama-4-scout","8-Methoxy-2′,3′,5′-tri-O-acetylguanosine (8OMeTAcG)","Gel","5.726240475972493","7.314346154530843","6.837914450963338","6.404573434822319","0.48573596037619243","6.837914450963338","-0.8921328694820247"
"Strategy 1","1","True","True","36","1","NaCl","llama-4-scout","8-Methoxy-2′,3′,5′-tri-O-acetylguanosine (8OMeTAcG)","Gel","5.752341747283936","7.440213839213054","6.933852211634317","6.652463161421685","0.4974346815307135","6.933852211634317","-0.5656804011870212"
"Strategy 2","2","True","True","36","1","NaCl","llama-4-scout","8-Methoxy-2′,3′,5′-tri-O-acetylguanosine (8OMeTAcG)","Gel","5.884155750274658","7.551246404647827","7.0511192083358765","6.73493506920738","0.4994985161655115","7.0511192083358765","-0.6330031599607931"
"Strategy 3","3","True","True","36","1","NaCl","llama-4-scout","8-Methoxy-2′,3′,5′-tri-O-acetylguanosine (8OMeTAcG)","Gel","5.791042009989421","7.377149264017741","6.901317087809244","6.668226682184894","0.5014287728540047","6.901317087809244","-0.46485247405660185"
"Strategy 0","0","False","False","36","2","KCl","llama-4-scout","8-Methoxy-2′,3′,5′-tri-O-acetylguanosine (8OMeTAcG)","No Gel","5.224791208902995","6.354360262552897","6.015489546457926","6.32582561144225","0.49866572773838763","6.015489546457926","0.6223328528948636"
"Strategy 1","1","False","False","36","2","KCl","llama-4-scout","8-Methoxy-2′,3′,5′-tri-O-acetylguanosine (8OMeTAcG)","No Gel","5.26525354385376","6.371397018432617","6.03955397605896","6.779273289673087","0.5160821553729412","6.03955397605896","1.433336351417881"
"Strategy 2","2","False","False","36","2","KCl","llama-4-scout","8-Methoxy-2′,3′,5′-tri-O-acetylguanosine (8OMeTAcG)","No Gel","5.312254110972087","6.196170250574748","5.930995408693949","6.797475503088584","0.5365386956375833","5.930995408693949","1.6149442741776023"
"Strategy 3","3","False","False","36","2","KCl","llama-4-scout","8-Methoxy-2′,3′,5′-tri-O-acetylguanosine (8OMeTAcG)","No Gel","4.872767686843872","5.894538760185242","5.58800743818283","6.603886092818061","0.6146263894439924","5.58800743818283","1.652839305442486"
"Strategy 0","0","True","True","36","3","NaCl + TAcG","llama-4-scout","8-Methoxy-2′,3′,5′-tri-O-acetylguanosine (8OMeTAcG)","Gel","6.367997487386067","7.068149884541829","6.858104165395101","6.594006635914785","0.5001601379442346","6.858104165395101","-0.5280259449819682"
"Strategy 1","1","True","True","36","3","NaCl + TAcG","llama-4-scout","8-Methoxy-2′,3′,5′-tri-O-acetylguanosine (8OMeTAcG)","Gel","5.591207027435303","6.465072154998779","6.202912616729736","6.786648916212471","0.5222970347733479","6.202912616729736","1.1176328039772396"
"Strategy 2","2","True","True","36","3","NaCl + TAcG","llama-4-scout","8-Methoxy-2′,3′,5′-tri-O-acetylguanosine (8OMeTAcG)","Gel","5.991299470265706","6.754280885060628","6.525386460622151","6.898729202482436","0.4794095703272941","6.525386460622151","0.7787552960309123"
"Strategy 3","3","True","True","36","3","NaCl + TAcG","llama-4-scout","8-Methoxy-2′,3′,5′-tri-O-acetylguanosine (8OMeTAcG)","Gel","5.785786310831706","6.525178591410319","6.303360907236734","6.755385109312466","0.5083996460712054","6.303360907236734","0.8891119527105696"
"Strategy 0","0","False","False","37","1","KCl + NaCl","llama-4-scout","8-Methoxyguanosine (8OMeG)","No Gel","5.261427879333496","6.847585519154866","6.371738227208454","6.523723524731874","0.5346304167365267","6.371738227208454","0.2842810524159167"
"Strategy 1","1","False","False","37","1","KCl + NaCl","llama-4-scout","8-Methoxyguanosine (8OMeG)","No Gel","5.409719308217366","7.23912247021993","6.690301521619161","6.9480593892647","0.5401997316656643","6.690301521619161","0.47715289833773644"
"Strategy 2","2","False","False","37","1","KCl + NaCl","llama-4-scout","8-Methoxyguanosine (8OMeG)","No Gel","5.394137064615886","7.017380873362224","6.530407730738321","6.710264922728526","0.5310124027485027","6.530407730738321","0.33870619793298673"
"Strategy 3","3","False","False","37","1","KCl + NaCl","llama-4-scout","8-Methoxyguanosine (8OMeG)","No Gel","5.267801761627197","7.109077215194702","6.556694579124451","6.477227183367855","0.5558777623662886","6.556694579124451","-0.1429584004553714"
"Strategy 0","0","True","True","37","2","KCl","llama-4-scout","8-Methoxyguanosine (8OMeG)","Gel","5.1365688641866045","6.312580347061157","5.959776902198791","6.4646150101678925","0.5232130068197729","5.959776902198791","0.9648806535556926"
"Strategy 1","1","True","True","37","2","KCl","llama-4-scout","8-Methoxyguanosine (8OMeG)","Gel","5.651485761006673","6.606885989507039","6.3202659209569285","7.054863701433482","0.557728615710213","6.3202659209569285","1.3171240631810057"
"Strategy 2","2","True","True","37","2","KCl","llama-4-scout","8-Methoxyguanosine (8OMeG)","Gel","5.439261754353841","6.518421014149983","6.19467323621114","6.83886799984816","0.5684592679309299","6.19467323621114","1.1332294149794602"
"Strategy 3","3","True","True","37","2","KCl","llama-4-scout","8-Methoxyguanosine (8OMeG)","Gel","5.337491035461426","6.561038255691528","6.193974089622497","6.843605012671891","0.5088488490510821","6.193974089622497","1.2766677654098015"
"Strategy 0","0","False","False","38","1","KCl + NaCl","llama-4-scout","8-Bromoguanosine (8BrG)","No Gel","6.678129355112712","7.782697041829427","7.43866704305013","6.578102756963528","0.5655270695420753","7.451326735814412","-1.5217030844932462"
"Strategy 1","1","True","True","38","1","KCl + NaCl","llama-4-scout","8-Bromoguanosine (8BrG)","No Gel","6.96831750869751","7.741412162780762","7.492319250106811","6.915298642545399","0.5192234725630943","7.509483766555785","-1.1113145650234337"
"Strategy 2","2","False","False","38","1","KCl + NaCl","llama-4-scout","8-Bromoguanosine (8BrG)","No Gel","7.396355628967285","8.013850927352905","7.816126954555511","6.909297246711199","0.6115242790014184","7.828602337837219","-1.4829005797204151"
"Strategy 3","3","True","True","38","1","KCl + NaCl","llama-4-scout","8-Bromoguanosine (8BrG)","No Gel","7.520028750101726","8.151523272196451","7.955019569396971","7.036947612429773","0.6524849856052929","7.962074915568034","-1.4070392073704614"
"Strategy 0","0","False","False","38","2","KCl","llama-4-scout","8-Bromoguanosine (8BrG)","No Gel","6.705913225809733","7.752692778905232","7.295570874214172","6.45882320551909","0.5604436452078757","7.4386589129765825","-1.4930094682128496"
"Strategy 1","1","True","True","38","2","KCl","llama-4-scout","8-Bromoguanosine (8BrG)","No Gel","7.238520383834839","7.909571766853332","7.440485262870788","6.9334981436877285","0.5384853548751147","7.708256351947783","-0.9415058637957567"
"Strategy 2","2","False","False","38","2","KCl","llama-4-scout","8-Bromoguanosine (8BrG)","No Gel","7.530101299285889","8.023731152216593","7.795966132481893","7.073223135391255","0.5831482173920457","7.875642196337381","-1.239381302274896"
"Strategy 3","3","False","False","38","2","KCl","llama-4-scout","8-Bromoguanosine (8BrG)","No Gel","7.492818514506022","8.141949653625488","7.841545224189757","6.935137126858536","0.6478804048946049","7.947210311889647","-1.3990361345759066"
"Strategy 0","0","False","False","39","1","NaCl","llama-4-scout","2′,3′,5′-tri-O-acetylguanosine (TAcG)","No Gel","6.252017021179199","7.583165407180786","6.367358446121216","6.518360056341155","0.5424222145503104","7.18382089138031","0.27838389757898424"
"Strategy 1","1","False","False","39","1","NaCl","llama-4-scout","2′,3′,5′-tri-O-acetylguanosine (TAcG)","No Gel","6.327700138092041","7.475317239761352","6.735057842731475","6.890732222656871","0.5545574550835666","7.131032109260559","0.28071821683821163"
"Strategy 2","2","False","False","39","1","NaCl","llama-4-scout","2′,3′,5′-tri-O-acetylguanosine (TAcG)","No Gel","6.398763815561931","7.593903700510661","6.803702608744302","7.062224316535378","0.4902174470959641","7.235361735026042","0.5273612951202608"
"Strategy 3","3","True","True","39","1","NaCl","llama-4-scout","2′,3′,5′-tri-O-acetylguanosine (TAcG)","No Gel","6.0205841064453125","7.307072003682454","6.618777855237323","6.734613457391428","0.5221493319453527","6.92112563451131","0.22184381951144216"
"Strategy 0","0","True","True","39","2","KCl","llama-4-scout","2′,3′,5′-tri-O-acetylguanosine (TAcG)","No Gel","5.20944094657898","6.24097204208374","5.931512713432312","6.693240663432335","0.515410602701016","5.931512713432312","1.4779050838461176"
"Strategy 1","1","False","False","39","2","KCl","llama-4-scout","2′,3′,5′-tri-O-acetylguanosine (TAcG)","No Gel","4.895487546920776","5.896531701087952","5.596218454837799","6.94775287485862","0.4868943020128551","5.596218454837799","2.775827144481837"
"Strategy 2","2","True","True","39","2","KCl","llama-4-scout","2′,3′,5′-tri-O-acetylguanosine (TAcG)","No Gel","5.057666063308716","6.342213869094849","5.956849527359008","6.87749718695648","0.4599415599675294","5.956849527359008","2.001662253923013"
"Strategy 3","3","True","True","39","2","KCl","llama-4-scout","2′,3′,5′-tri-O-acetylguanosine (TAcG)","No Gel","4.346213658650716","5.5626875559488935","5.19774538675944","6.508398820140258","0.5387368509045659","5.19774538675944","2.4328267709553666"
"Strategy 0","0","True","True","40","1","KCl","llama-4-scout","Guanosine-5′-Hydrazide","Gel","5.014001369476318","6.3246705532073975","5.931469798088074","6.402901147132695","0.5952323372492858","5.931469798088074","0.7920123278638072"
"Strategy 1","1","True","True","40","1","KCl","llama-4-scout","Guanosine-5′-Hydrazide","Gel","5.341583728790283","6.661461114883423","6.26549789905548","6.632222735851002","0.5636481113204307","6.26549789905548","0.6506272786693351"
"Strategy 2","2","True","True","40","1","KCl","llama-4-scout","Guanosine-5′-Hydrazide","Gel","5.623097578684489","6.704829374949138","6.380309836069742","6.745102556977776","0.6153407134634611","6.380309836069742","0.5928304643695506"
"Strategy 3","3","True","True","40","1","KCl","llama-4-scout","Guanosine-5′-Hydrazide","Gel","6.021440029144287","7.014567136764526","6.716629004478455","6.95238528565843","0.6875682293838702","6.716629004478455","0.3428841984034601"
"Strategy 0","0","True","True","40","2","NaCl","llama-4-scout","Guanosine-5′-Hydrazide","Gel","4.783710956573486","5.936158974965413","5.590424569447834","6.3362292157279105","0.5879705969842444","5.590424569447834","1.2684386772151148"
"Strategy 1","1","True","True","40","2","NaCl","llama-4-scout","Guanosine-5′-Hydrazide","Gel","5.488255023956299","6.35627802213033","6.09587112267812","6.802717287103026","0.5816031252618047","6.09587112267812","1.215341069748764"
"Strategy 2","2","False","False","40","2","NaCl","llama-4-scout","Guanosine-5′-Hydrazide","Gel","5.570349931716919","6.359590768814087","6.1228185176849355","6.930475093412769","0.5666779157924337","6.122818517684936","1.42524801694172"
"Strategy 3","3","False","False","40","2","NaCl","llama-4-scout","Guanosine-5′-Hydrazide","Gel","5.512738466262817","6.357539296150208","6.104099047183991","6.741256317889044","0.5488474866398639","6.104099047183991","1.1609004071528806"
"Strategy 0","0","True","True","40","3","NH₄Cl","llama-4-scout","Guanosine-5′-Hydrazide","Gel","5.146426677703857","6.133670647939046","5.83749745686849","6.377686734963448","0.549540516633808","5.83749745686849","0.9829835321403957"
"Strategy 1","1","True","True","40","3","NH₄Cl","llama-4-scout","Guanosine-5′-Hydrazide","Gel","5.397017637888591","6.067640384038289","5.866453560193379","6.57235469134279","0.5840394797222785","5.866453560193379","1.2086531059254422"
"Strategy 2","2","True","True","40","3","NH₄Cl","llama-4-scout","Guanosine-5′-Hydrazide","Gel","5.225536664326985","6.093012412389119","5.832769687970479","6.53425813614552","0.514104712490804","5.832769687970479","1.364485543764762"
"Strategy 3","3","True","True","40","3","NH₄Cl","llama-4-scout","Guanosine-5′-Hydrazide","Gel","5.243854522705078","6.063581546147664","5.817663439114888","6.638516647871151","0.6225834003420331","5.817663439114888","1.318463049778238"
"Strategy 0","0","True","True","40","4","Me₄NCl","llama-4-scout","Guanosine-5′-Hydrazide","Gel","5.4306596120198565","6.684585571289063","6.308407783508301","6.5663118319918015","0.5708090925831787","6.308407783508301","0.45182189953625995"
"Strategy 1","1","True","True","40","4","Me₄NCl","llama-4-scout","Guanosine-5′-Hydrazide","Gel","5.333689212799072","6.517981648445129","6.162693917751312","6.599728257896364","0.5353503508107714","6.162693917751312","0.8163520197253564"
"Strategy 2","2","True","True","40","4","Me₄NCl","llama-4-scout","Guanosine-5′-Hydrazide","Gel","5.8101199467976885","6.867276509602864","6.550129540761311","6.787848628090949","0.6058709022803594","6.550129540761311","0.39235930696608423"
"Strategy 3","3","False","False","40","4","Me₄NCl","llama-4-scout","Guanosine-5′-Hydrazide","Gel","5.018950939178467","6.333307147026062","5.939000284671783","6.5514853968176725","0.5961715551908483","5.939000284671783","1.027363863325916"
"Strategy 0","0","False","False","40","5","Borate buffer","llama-4-scout","Guanosine-5′-Hydrazide","No Gel","5.220786412556966","5.976764520009358","5.74997108777364","6.592434780110992","0.5940034492096055","5.74997108777364","1.4182808087366374"
"Strategy 1","1","False","False","40","5","Borate buffer","llama-4-scout","Guanosine-5′-Hydrazide","No Gel","5.796833833058675","6.595763127009074","6.356084338823954","6.824182977664069","0.6006414970703965","6.356084338823954","0.7793311669660633"
"Strategy 2","2","False","False","40","5","Borate buffer","llama-4-scout","Guanosine-5′-Hydrazide","No Gel","5.78490702311198","6.468696355819702","6.263559556007384","6.834351325096701","0.6123967402427128","6.263559556007384","0.9320620630068899"
"Strategy 3","3","False","False","40","5","Borate buffer","llama-4-scout","Guanosine-5′-Hydrazide","No Gel","5.761543432871501","6.5593946774800616","6.320039304097494","6.915839142392771","0.6005391909770865","6.320039304097494","0.9921081708687516"
"Strategy 0","0","True","True","40","6","KCl","llama-4-scout","Guanosine-5′-Hydrazide","Gel","5.3164652188618975","6.280317544937134","5.991161847114562","6.345834315038775","0.5452688390525631","5.991161847114562","0.6504543126661657"
"Strategy 1","1","True","True","40","6","KCl","llama-4-scout","Guanosine-5′-Hydrazide","Gel","6.352763970692952","6.9103788534800215","6.7430943886439","6.978794303051261","0.5913048694756831","6.7430943886439","0.39860979771121907"
"Strategy 2","2","True","True","40","6","KCl","llama-4-scout","Guanosine-5′-Hydrazide","Gel","5.892554918924968","6.599361419677734","6.387319469451904","6.763711869562627","0.5849764394390142","6.387319469451904","0.6434317260224691"
"Strategy 3","3","True","True","40","6","KCl","llama-4-scout","Guanosine-5′-Hydrazide","Gel","5.995320002237956","6.625784476598104","6.4366451342900595","6.765155152818645","0.61836736490396","6.43664513429006","0.5312538099089479"
"Strategy 0","0","True","True","41","1","KCl","llama-4-scout","5′-Hydrazino-guanosine","Gel","5.00458574295044","5.82760492960612","5.580699173609415","6.417119581631603","0.5096413348573775","5.580699173609415","1.641194210152242"
"Strategy 1","1","False","False","41","1","KCl","llama-4-scout","5′-Hydrazino-guanosine","Gel","5.942292372385661","6.353955904642741","6.230456844965616","6.813982604332364","0.5674082136471645","6.230456844965616","1.0284055558801022"
"Strategy 2","2","True","True","41","1","KCl","llama-4-scout","5′-Hydrazino-guanosine","Gel","6.045550346374512","6.617183208465576","6.445693349838256","6.926118784665445","0.5827196564757773","6.445693349838256","0.8244537995041192"
"Strategy 3","3","True","True","41","1","KCl","llama-4-scout","5′-Hydrazino-guanosine","Gel","5.676550229390462","6.344476143519084","6.1440983692804965","6.721959256078537","0.6031439625982358","6.1440983692804965","0.9580811922724382"
"Strategy 0","0","False","False","42","1","KCl","llama-4-scout","5′-Amino-guanosine (NH₂G)","No Gel","5.2229688962300616","6.439941644668579","6.074849820137023","6.3638217475679175","0.5410421801080795","6.074849820137023","0.5341024009868682"
"Strategy 1","1","False","False","42","1","KCl","llama-4-scout","5′-Amino-guanosine (NH₂G)","No Gel","6.106115976969401","7.012932300567627","6.740887403488159","6.717611543830358","0.6016862929202795","6.740887403488159","-0.03868437744332131"
"Strategy 2","2","False","False","42","1","KCl","llama-4-scout","5′-Amino-guanosine (NH₂G)","No Gel","6.163325945536296","7.163672208786011","6.863568329811096","6.840295197181306","0.5707859252218775","6.863568329811096","-0.04077383761826761"
"Strategy 3","3","False","False","42","1","KCl","llama-4-scout","5′-Amino-guanosine (NH₂G)","No Gel","6.149882634480794","6.94153110186259","6.70403656164805","6.773174317123353","0.6225799270489826","6.70403656164805","0.11105040890575271"
"Strategy 0","0","False","False","43","1","KCl","llama-4-scout","5′-Hydroxylamino-guanosine (NHOH-G)","No Gel","5.040468533833821","6.569127321243286","6.110529685020446","6.372038182177284","0.507294612402132","6.110529685020446","0.5154963028654047"
"Strategy 1","1","False","False","43","1","KCl","llama-4-scout","5′-Hydroxylamino-guanosine (NHOH-G)","No Gel","6.297445933024089","7.143986145655314","6.8900240818659455","7.0913797304611785","0.5628186033450462","6.8900240818659455","0.3577629584354522"
"Strategy 2","2","False","False","43","1","KCl","llama-4-scout","5′-Hydroxylamino-guanosine (NHOH-G)","No Gel","6.049837112426758","7.036559184392293","6.740542562802632","6.945531942061983","0.5546979542649638","6.740542562802632","0.36955135255723986"
"Strategy 3","3","False","False","43","1","KCl","llama-4-scout","5′-Hydroxylamino-guanosine (NHOH-G)","No Gel","5.758862177530925","6.832362731297811","6.5103125651677445","6.648990300890703","0.5781613857531864","6.5103125651677445","0.23985990614419755"
"Strategy 0","0","False","False","44","1","KCl","llama-4-scout","Guanosine-5′-monophosphate (GMP)","No Gel","4.806440671284993","6.142757654190064","5.741862559318542","6.755660362145081","0.490315779701355","5.741862559318542","2.0676426188935424"
"Strategy 1","1","False","False","44","1","KCl","llama-4-scout","Guanosine-5′-monophosphate (GMP)","No Gel","5.029112497965495","6.151321093241374","5.8146585146586105","6.831730184690588","0.5078756923198575","5.8146585146586105","2.0025996231208296"
"Strategy 2","2","False","False","44","1","KCl","llama-4-scout","Guanosine-5′-monophosphate (GMP)","No Gel","4.971086819966634","6.137874046961467","5.787837878863016","6.766226344884828","0.4768645576048533","5.787837878863016","2.0517114354985027"
"Strategy 3","3","False","False","44","1","KCl","llama-4-scout","Guanosine-5′-monophosphate (GMP)","No Gel","5.340917269388835","6.324312130610148","6.029293672243753","6.918325789892704","0.5244377418110774","6.029293672243753","1.695210025462307"
"Strategy 0","0","False","False","45","1","Organic solvents","llama-4-scout","A 9-octyl-9H-carbazole group attached to the 5-position of uridine","No Gel","4.30441427230835","5.481528997421265","5.12839457988739","6.227725019288617","0.5648985056993485","5.12839457988739","1.9460671754481778"
"Strategy 1","1","True","True","45","1","Organic solvents","llama-4-scout","A 9-octyl-9H-carbazole group attached to the 5-position of uridine","No Gel","4.360643704732259","5.462108929951985","5.131669362386067","6.320522206205423","0.5572736387173045","5.131669362386067","2.1333376661343215"
"Strategy 2","2","False","False","45","1","Organic solvents","llama-4-scout","A 9-octyl-9H-carbazole group attached to the 5-position of uridine","No Gel","5.50408148765564","6.32088828086853","6.075846242904663","6.975264122966647","0.5539513157077233","6.075846242904663","1.6236406603943085"
"Strategy 3","3","True","True","45","1","Organic solvents","llama-4-scout","A 9-octyl-9H-carbazole group attached to the 5-position of uridine","No Gel","4.269543965657552","5.147372961044312","4.884024262428284","6.246838282922749","0.5673294834710741","4.884024262428284","2.402156172382233"
"Strategy 0","0","False","False","45","2","Organic solvents","llama-4-scout","A 9-octyl-9H-carbazole group attached to the 5-position of uridine","No Gel","4.82469654083252","6.475107312202454","5.979984080791473","6.38004052176956","0.6876643211548915","5.979984080791473","0.581761229528698"
"Strategy 1","1","False","False","45","2","Organic solvents","llama-4-scout","A 9-octyl-9H-carbazole group attached to the 5-position of uridine","No Gel","5.109145005544026","6.322325229644775","5.958371162414551","6.763638918837219","0.5497578490073391","5.958371162414551","1.4647680935828131"
"Strategy 2","2","False","False","45","2","Organic solvents","llama-4-scout","A 9-octyl-9H-carbazole group attached to the 5-position of uridine","No Gel","5.179520448048909","6.360146443049113","6.005958644549051","6.762582515006841","0.5796460916093433","6.005958644549051","1.305320403967671"
"Strategy 3","3","False","False","45","2","Organic solvents","llama-4-scout","A 9-octyl-9H-carbazole group attached to the 5-position of uridine","No Gel","4.641116778055827","5.776262044906616","5.435718464851379","6.437457591403055","0.5555035252488313","5.435718464851379","1.8032993149826695"
"Strategy 0","0","False","False","45","3","Organic solvents","llama-4-scout","A 9-octyl-9H-carbazole group attached to the 5-position of uridine","No Gel","4.844935417175293","6.566320180892944","6.049904751777649","6.2445139880020175","0.5993675233884046","6.049904751777649","0.32469099280552327"
"Strategy 1","1","False","False","45","3","Organic solvents","llama-4-scout","A 9-octyl-9H-carbazole group attached to the 5-position of uridine","No Gel","5.416390419006348","6.818221648534139","6.397672279675802","6.710172313621185","0.5801194717516505","6.397672279675802","0.5386822011021289"
"Strategy 2","2","False","False","45","3","Organic solvents","llama-4-scout","A 9-octyl-9H-carbazole group attached to the 5-position of uridine","No Gel","5.551392873128255","6.931930224100749","6.517769018809001","6.766240088576186","0.5311916962851577","6.517769018809001","0.4677615849510558"
"Strategy 3","3","False","False","45","3","Organic solvents","llama-4-scout","A 9-octyl-9H-carbazole group attached to the 5-position of uridine","No Gel","5.063610871632894","6.598202705383301","6.137825155258178","6.43196826849797","0.561858169871298","6.137825155258178","0.5235184411524525"
"Strategy 0","0","True","True","46","1","Organic solvents","llama-4-scout","A 9-dodecyl-9H-carbazole group attached to the 5-position of uridine","Gel","5.172060330708821","6.489578008651733","6.094322705268859","6.403879279437299","0.5554257210456204","6.094322705268859","0.5573320831913975"
"Strategy 1","1","True","True","46","1","Organic solvents","llama-4-scout","A 9-dodecyl-9H-carbazole group attached to the 5-position of uridine","Gel","5.728957017262776","6.918938557306926","6.56194409529368","6.663549617525835","0.5840141388333663","6.56194409529368","0.17397784655543272"
"Strategy 2","2","True","True","46","1","Organic solvents","llama-4-scout","A 9-dodecyl-9H-carbazole group attached to the 5-position of uridine","Gel","5.8790310223897295","6.883824110031128","6.582386183738708","6.769048268604032","0.5742648820502796","6.582386183738708","0.32504527213798984"
"Strategy 3","3","True","True","46","1","Organic solvents","llama-4-scout","A 9-dodecyl-9H-carbazole group attached to the 5-position of uridine","Gel","5.50062624613444","6.7231879234313965","6.356419420242308","6.575610779853445","0.5534127577298086","6.356419420242308","0.39607211172777496"
"Strategy 0","0","True","True","46","2","Organic solvents","llama-4-scout","A 9-dodecyl-9H-carbazole group attached to the 5-position of uridine","Gel","5.613344192504883","6.817883014678955","6.456521368026732","6.413625035606305","0.5684386164277407","6.456521368026732","-0.07546343823366888"
"Strategy 1","1","True","True","46","2","Organic solvents","llama-4-scout","A 9-dodecyl-9H-carbazole group attached to the 5-position of uridine","Gel","6.280912717183431","7.21387505531311","6.933986353874206","6.739452191163094","0.5490364995413509","6.933986353874206","-0.3543191807350154"
"Strategy 2","2","True","True","46","2","Organic solvents","llama-4-scout","A 9-dodecyl-9H-carbazole group attached to the 5-position of uridine","Gel","5.944773991902669","7.188065687815349","6.815078179041545","6.595043314704599","0.5436918965455304","6.815078179041545","-0.40470506501014164"
"Strategy 3","3","True","True","46","2","Organic solvents","llama-4-scout","A 9-dodecyl-9H-carbazole group attached to the 5-position of uridine","Gel","5.374031702677409","6.6598663330078125","6.274115943908691","6.305673920338159","0.5879940772639352","6.274115943908691","0.05367056854775542"
"Strategy 0","0","True","True","47","1","Organic solvents","llama-4-scout","A 9-hexadecyl-9H-carbazole group attached to the 5-position of uridine","Gel","5.988183975219727","6.787625074386597","6.547792744636535","6.247967237033892","0.5785563258377784","6.547792744636535","-0.5182304543442344"
"Strategy 1","1","True","True","47","1","Organic solvents","llama-4-scout","A 9-hexadecyl-9H-carbazole group attached to the 5-position of uridine","Gel","6.778609434763591","7.179857571919759","7.059483130772908","6.737407430690696","0.536538544097838","7.059483130772908","-0.6002843665663691"
"Strategy 2","2","True","True","47","1","Organic solvents","llama-4-scout","A 9-hexadecyl-9H-carbazole group attached to the 5-position of uridine","Gel","6.7208757400512695","7.266729911168416","7.102973659833272","6.744511431686637","0.5912240069503973","7.102973659833272","-0.6063052648954925"
"Strategy 3","3","True","True","47","1","Organic solvents","llama-4-scout","A 9-hexadecyl-9H-carbazole group attached to the 5-position of uridine","Gel","6.291060288747151","6.785993576049805","6.637513589859009","6.37844439643298","0.5964566784423504","6.637513589859009","-0.43434704110043615"
"Strategy 0","0","True","True","47","2","Organic solvents","llama-4-scout","A 9-hexadecyl-9H-carbazole group attached to the 5-position of uridine","Gel","6.42875878016154","7.258569081624349","7.009625991185506","6.338286173374461","0.5526675181085058","7.009625991185506","-1.2147263875913916"
"Strategy 1","1","True","True","47","2","Organic solvents","llama-4-scout","A 9-hexadecyl-9H-carbazole group attached to the 5-position of uridine","Gel","6.787056763966878","7.634193817774455","7.380052701632181","6.68443834282631","0.5862642209393545","7.380052701632181","-1.186520230914498"
"Strategy 2","2","True","True","47","2","Organic solvents","llama-4-scout","A 9-hexadecyl-9H-carbazole group attached to the 5-position of uridine","Gel","7.072353363037109","7.774141867955525","7.56360531648","6.96652546027526","0.5594933749972396","7.56360531648","-1.0671794928897698"
"Strategy 3","3","True","True","47","2","Organic solvents","llama-4-scout","A 9-hexadecyl-9H-carbazole group attached to the 5-position of uridine","Gel","6.632916291554769","7.471020619074504","7.219589320818582","6.580160269811172","0.5730344753289965","7.219589320818582","-1.1158648886531564"
"Strategy 0","0","True","True","48","1","B(OH)₃ + AgNO₃","llama-4-scout","Cytidine (C)","Gel","6.035163879394531","6.972744703292847","6.691470456123351","6.642823156953166","0.49094493432838315","6.691470456123351","-0.09908911523190542"
"Strategy 1","1","False","False","48","1","B(OH)₃ + AgNO₃","llama-4-scout","Cytidine (C)","Gel","6.46095625559489","7.419383843739827","7.131855567296345","6.8525773372453","0.49162604961004536","7.131855567296345","-0.5680704475943988"
"Strategy 2","2","False","False","48","1","B(OH)₃ + AgNO₃","llama-4-scout","Cytidine (C)","Gel","6.700853586196899","7.713459134101868","7.409677469730377","7.058294690949047","0.4979751367785343","7.409677469730377","-0.705623138244351"
"Strategy 3","3","True","True","48","1","B(OH)₃ + AgNO₃","llama-4-scout","Cytidine (C)","Gel","5.945270538330078","6.911172866821289","6.621402168273924","6.833992091013788","0.5103597751204756","6.621402168273924","0.4165491347543594"
"Strategy 0","0","False","False","48","2","B(OH)₃ + other ions","llama-4-scout","Cytidine (C)","No Gel","6.46945587793986","6.923544406890869","6.787317848205567","6.678873192678742","0.45888843905478033","6.787317848205567","-0.2363203042338566"
"Strategy 1","1","True","True","48","2","B(OH)₃ + other ions","llama-4-scout","Cytidine (C)","No Gel","6.414132833480835","6.987698435783386","6.815628755092621","6.877101672619812","0.46691041985564524","6.815628755092621","0.1316589112451097"
"Strategy 2","2","False","False","48","2","B(OH)₃ + other ions","llama-4-scout","Cytidine (C)","No Gel","6.1565656661987305","7.1172497272491455","6.82904450893402","6.624493260161821","0.4934035493531958","6.82904450893402","-0.41457190374967023"
"Strategy 3","3","False","False","48","2","B(OH)₃ + other ions","llama-4-scout","Cytidine (C)","No Gel","6.548014958699544","7.003446737925212","6.866817204157511","6.719072973512556","0.5425943011329827","6.866817204157511","-0.2722922639188296"
"Strategy 0","0","False","False","49","1","B(OH)₃ + AgNO₃","llama-4-scout","Arabino-cytidine (arabinoC)","No Gel","5.6018679936726885","6.729378382364909","6.391125265757243","6.995904445278552","0.4530239059133811","6.391125265757243","1.3349829261260757"
"Strategy 1","1","False","False","49","1","B(OH)₃ + AgNO₃","llama-4-scout","Arabino-cytidine (arabinoC)","No Gel","6.472462972005208","7.11478837331136","6.922090752919515","7.278395978178472","0.5139254118747405","6.922090752919515","0.6933014344614656"
"Strategy 2","2","False","False","49","1","B(OH)₃ + AgNO₃","llama-4-scout","Arabino-cytidine (arabinoC)","No Gel","6.158912976582845","6.898569822311401","6.676672768592834","7.1388593331171855","0.5163532130416719","6.676672768592834","0.8950976828472863"
"Strategy 3","3","True","True","49","1","B(OH)₃ + AgNO₃","llama-4-scout","Arabino-cytidine (arabinoC)","No Gel","6.086503744125366","6.621890425682068","6.461274421215057","7.265711370734281","0.5754129364414743","6.461274421215057","1.398016795545305"
"Strategy 0","0","False","False","50","1","B(OH)₃ + AgNO₃","llama-4-scout","2′,3′-Dideoxy-cytidine (ddC)","No Gel","5.532252311706543","6.784232934315999","6.408638747533161","6.537055120110819","0.5056791671299701","6.408638747533161","0.2539483153053279"
"Strategy 1","1","False","False","50","1","B(OH)₃ + AgNO₃","llama-4-scout","2′,3′-Dideoxy-cytidine (ddC)","No Gel","5.436598141988118","6.714612325032552","6.331208070119222","6.42313386377438","0.49353295714485457","6.331208070119222","0.18626069915768073"
"Strategy 2","2","True","True","50","1","B(OH)₃ + AgNO₃","llama-4-scout","2′,3′-Dideoxy-cytidine (ddC)","No Gel","6.326032320658366","7.179002285003662","6.923111295700074","7.0241218816402355","0.5367448419038608","6.923111295700074","0.18819106967450708"
"Strategy 3","3","True","True","50","1","B(OH)₃ + AgNO₃","llama-4-scout","2′,3′-Dideoxy-cytidine (ddC)","No Gel","4.978806972503662","6.097086111704509","5.761602369944254","6.577469541367326","0.5022803230553518","5.761602369944254","1.6243263651265167"
"Strategy 0","0","False","False","51","1","KB(OH)₄","llama-4-scout","Inosine","No Gel","5.2369998296101885","6.876518090565999","6.384662612279256","6.728562572452141","0.5052078911776401","6.384662612279256","0.6807097952711181"
"Strategy 1","1","False","False","51","1","KB(OH)₄","llama-4-scout","Inosine","No Gel","5.2490660349528","7.039137204488118","6.502115853627522","6.899765574470046","0.5233155617849106","6.502115853627522","0.759866034723353"
"Strategy 2","2","False","False","51","1","KB(OH)₄","llama-4-scout","Inosine","No Gel","5.333312511444092","7.001830101013184","6.501274824142456","6.927292702610795","0.5044145759461469","6.501274824142456","0.8445788420551551"
"Strategy 3","3","False","False","51","1","KB(OH)₄","llama-4-scout","Inosine","No Gel","5.183047771453857","6.622264941533406","6.190499790509541","6.930402293809008","0.55692219111499","6.190499790509541","1.328556331752807"
"Strategy 0","0","True","True","52","1","KB(OH)₄","llama-4-scout","5′-Deoxy-5′-Iodoguanosine","Gel","4.426693121592204","5.568692922592163","5.226092982292175","6.706146561699011","0.5042282050198095","5.226092982292175","2.9352851837169434"
"Strategy 1","1","True","True","52","1","KB(OH)₄","llama-4-scout","5′-Deoxy-5′-Iodoguanosine","Gel","4.480815251668294","5.64552640914917","5.296113061904907","6.728711589054235","0.5488635375906523","5.296113061904907","2.610117869075453"
"Strategy 2","2","True","True","52","1","KB(OH)₄","llama-4-scout","5′-Deoxy-5′-Iodoguanosine","Gel","4.741586844126384","5.859656810760498","5.524235820770262","7.141903359514181","0.538190953932551","5.524235820770262","3.005750146715869"
"Strategy 3","3","True","True","52","1","KB(OH)₄","llama-4-scout","5′-Deoxy-5′-Iodoguanosine","Gel","4.669336318969727","5.595850706100464","5.317896389961243","6.980894574730895","0.5545041860864067","5.317896389961243","2.999072372215621"
"Strategy 0","0","False","False","53","1","H₂O","llama-4-scout","N₄-tetradecanoyl-2'-deoxycytidine","No Gel","4.699912230173747","5.32523783047994","5.137640150388083","6.2033893996738945","0.5453043179026273","5.137640150388083","1.9544119023024462"
"Strategy 1","1","True","True","53","1","H₂O","llama-4-scout","N₄-tetradecanoyl-2'-deoxycytidine","No Gel","5.752798557281494","6.124327500661214","6.0128688176472975","6.680294631309903","0.5262511146546489","6.0128688176472975","1.2682648930836036"
"Strategy 2","2","True","True","53","1","H₂O","llama-4-scout","N₄-tetradecanoyl-2'-deoxycytidine","No Gel","5.728320121765137","6.188340425491333","6.050334334373474","6.7236521443655315","0.5016855102049377","6.050334334373474","1.342111335280559"
"Strategy 3","3","True","True","53","1","H₂O","llama-4-scout","N₄-tetradecanoyl-2'-deoxycytidine","No Gel","5.691694100697835","6.244673490524292","6.0787796735763555","6.731919662588942","0.5983268328165032","6.078779673576356","1.0916107270971982"
"Strategy 0","0","True","True","53","2","EtOH/H₂O","llama-4-scout","N₄-tetradecanoyl-2'-deoxycytidine","Gel","4.6803639729817705","5.326438983281453","5.132616480191548","6.302499529804062","0.5599796770803412","5.132616480191548","2.0891526915978926"
"Strategy 1","1","True","True","53","2","EtOH/H₂O","llama-4-scout","N₄-tetradecanoyl-2'-deoxycytidine","Gel","4.953079700469971","5.6056985060373945","5.4099128643671675","6.656708872441482","0.5648162216655691","5.409912864367168","2.2074366143339086"
"Strategy 2","2","True","True","53","2","EtOH/H₂O","llama-4-scout","N₄-tetradecanoyl-2'-deoxycytidine","Gel","5.287832101186116","5.7803135712941485","5.632569130261738","6.746685405295024","0.5218285883970406","5.632569130261738","2.1350234536893447"
"Strategy 3","3","True","True","53","2","EtOH/H₂O","llama-4-scout","N₄-tetradecanoyl-2'-deoxycytidine","Gel","4.578893184661865","5.317049264907837","5.095602440834045","6.638658075924068","0.5954345356720612","5.095602440834045","2.591478227490435"
"Strategy 0","0","False","False","54","1","H₂O","llama-4-scout","N₄-dodecanoyl-2'-deoxycytidine","No Gel","5.55029280980428","6.301555156707764","6.076176452636719","6.321969085885572","0.5606614189410782","6.076176452636719","0.4383976227811108"
"Strategy 1","1","True","True","54","1","H₂O","llama-4-scout","N₄-dodecanoyl-2'-deoxycytidine","No Gel","6.478273391723633","7.270151456197103","7.032588036855061","6.879258799183275","0.4966537918745086","7.032588036855061","-0.30872458879872583"
"Strategy 2","2","True","True","54","1","H₂O","llama-4-scout","N₄-dodecanoyl-2'-deoxycytidine","No Gel","6.494378725687663","7.146316925684611","6.950735465685526","6.777146771095828","0.5148826097041318","6.950735465685526","-0.3371422753808816"
"Strategy 3","3","True","True","54","1","H₂O","llama-4-scout","N₄-dodecanoyl-2'-deoxycytidine","No Gel","5.958080132802327","6.458654403686523","6.308482122421265","6.453440246532745","0.6092487988587475","6.308482122421265","0.2379292735299889"
"Strategy 0","0","True","True","54","2","EtOH/H₂O","llama-4-scout","N₄-dodecanoyl-2'-deoxycytidine","Gel","4.874720573425293","6.249617497126262","5.837148420015971","6.454912523397795","0.5304703090316062","5.837148420015971","1.1645592465100927"
"Strategy 1","1","True","True","54","2","EtOH/H₂O","llama-4-scout","N₄-dodecanoyl-2'-deoxycytidine","Gel","5.417007764180501","6.404709339141846","6.108398866653442","6.810896436866247","0.5467551882954651","6.108398866653442","1.284848475609119"
"Strategy 2","2","True","True","54","2","EtOH/H₂O","llama-4-scout","N₄-dodecanoyl-2'-deoxycytidine","Gel","5.112007300059001","6.027711947758992","5.753000553448995","6.708910558266848","0.5963432128482354","5.753000553448995","1.6029527698525587"
"Strategy 3","3","True","True","54","2","EtOH/H₂O","llama-4-scout","N₄-dodecanoyl-2'-deoxycytidine","Gel","4.781304677327474","5.842719952265422","5.524295369784038","6.578245791292314","0.6532612873064294","5.524295369784038","1.6133673340019818"
"Strategy 0","0","False","False","55","1","H₂O","llama-4-scout","N₄-decanoyl-2'-deoxycytidine","No Gel","5.818007310231526","6.850202957789104","6.54054426352183","6.387012388847903","0.519314572067251","6.54054426352183","-0.2956433016365365"
"Strategy 1","1","False","False","55","1","H₂O","llama-4-scout","N₄-decanoyl-2'-deoxycytidine","No Gel","6.949632008870442","7.2366156578063965","7.15052056312561","6.7234172682429465","0.5055569668394786","7.15052056312561","-0.844817345813128"
"Strategy 2","2","False","False","55","1","H₂O","llama-4-scout","N₄-decanoyl-2'-deoxycytidine","No Gel","6.7234368324279785","7.137853384017944","7.013528418540954","6.6685330383537345","0.523447990642577","7.013528418540954","-0.659082442486231"
"Strategy 3","3","False","False","55","1","H₂O","llama-4-scout","N₄-decanoyl-2'-deoxycytidine","No Gel","6.527868270874023","6.98996365070343","6.851335036754607","6.576907986818358","0.5716152191249668","6.851335036754607","-0.4800905237553756"
"Strategy 0","0","True","True","55","2","EtOH/H₂O","llama-4-scout","N₄-decanoyl-2'-deoxycytidine","Gel","4.931866645812988","6.140510400136312","5.777917273839314","6.492756718997806","0.5452805828343479","5.777917273839314","1.3109570882623096"
"Strategy 1","1","True","True","55","2","EtOH/H₂O","llama-4-scout","N₄-decanoyl-2'-deoxycytidine","Gel","4.955715815226237","5.92263921101888","5.632562192281088","6.78669122214157","0.5381788627674374","5.632562192281088","2.1445082847098265"
"Strategy 2","2","True","True","55","2","EtOH/H₂O","llama-4-scout","N₄-decanoyl-2'-deoxycytidine","Gel","5.0239888827006025","6.1514707406361895","5.813226183255513","7.017497944893455","0.5393506673941926","5.813226183255513","2.2328177833842955"
"Strategy 3","3","True","True","55","2","EtOH/H₂O","llama-4-scout","N₄-decanoyl-2'-deoxycytidine","Gel","4.820546785990397","5.97529935836792","5.628873586654663","6.576807147895951","0.5557002262147946","5.628873586654663","1.7058361982290853"
"Strategy 0","0","True","True","56","1","H₂O","llama-4-scout","N₄-octanoyl-2'-deoxycytidine","Gel","6.100946426391602","7.232230106989543","6.8928450028101595","6.238529466596993","0.5182420042883672","6.89284500281016","-1.2625675472053857"
"Strategy 1","1","False","False","56","1","H₂O","llama-4-scout","N₄-octanoyl-2'-deoxycytidine","Gel","6.988766193389893","7.702682018280029","7.488507270812988","6.62508431934879","0.537072273377648","7.488507270812988","-1.6076476002645423"
"Strategy 2","2","False","False","56","1","H₂O","llama-4-scout","N₄-octanoyl-2'-deoxycytidine","Gel","7.209112803141276","8.03911566734314","7.79011480808258","6.852186677745454","0.5327901973059159","7.79011480808258","-1.7604080087805922"
"Strategy 3","3","False","False","56","1","H₂O","llama-4-scout","N₄-octanoyl-2'-deoxycytidine","Gel","6.77263069152832","7.611065069834392","7.359534756342569","6.506069591618322","0.5542266499283076","7.359534756342569","-1.5399208335338028"
"Strategy 0","0","True","True","56","2","EtOH/H₂O","llama-4-scout","N₄-octanoyl-2'-deoxycytidine","Gel","5.241138935089111","5.9360268115997314","5.727560448646545","6.18475842340356","0.5891628828686851","5.727560448646545","0.77601286172489"
"Strategy 1","1","True","True","56","2","EtOH/H₂O","llama-4-scout","N₄-octanoyl-2'-deoxycytidine","Gel","6.19432799021403","6.851585229237874","6.654408057530721","6.751819896697998","0.5451415164163734","6.654408057530721","0.17869092012591276"
"Strategy 2","2","True","True","56","2","EtOH/H₂O","llama-4-scout","N₄-octanoyl-2'-deoxycytidine","Gel","6.72523307800293","7.170578718185425","7.036975026130676","7.043443512300496","0.5762338290050898","7.036975026130676","0.011225453703383216"
"Strategy 3","3","True","True","56","2","EtOH/H₂O","llama-4-scout","N₄-octanoyl-2'-deoxycytidine","Gel","5.607324441274007","6.364312012990316","6.137215741475423","6.690670658390036","0.6226453170424332","6.137215741475423","0.8888767035838722"
"Strategy 0","0","False","False","57","1","H₂O","llama-4-scout","N₄-hexanoyl-2'-deoxycytidine","No Gel","5.744575500488281","6.8313199281692505","6.505296599864959","6.199043255998182","0.559396600049205","6.505296599864959","-0.5474708710060776"
"Strategy 1","1","False","False","57","1","H₂O","llama-4-scout","N₄-hexanoyl-2'-deoxycytidine","No Gel","6.438046296437581","7.340999603271484","7.070113611221313","6.548077412230716","0.5386288398658654","7.070113611221313","-0.9691946668147197"
"Strategy 2","2","False","False","57","1","H₂O","llama-4-scout","N₄-hexanoyl-2'-deoxycytidine","No Gel","6.924167633056641","7.846188545227051","7.569582271575928","7.053365221196059","0.5335929370158001","7.569582271575928","-0.9674360632786689"
"Strategy 3","3","True","True","57","1","H₂O","llama-4-scout","N₄-hexanoyl-2'-deoxycytidine","No Gel","6.22008228302002","7.006717681884766","6.770727062225342","6.630671554388003","0.6014310882399851","6.770727062225342","-0.23287041620544582"
"Strategy 0","0","False","False","57","2","EtOH/H₂O","llama-4-scout","N₄-hexanoyl-2'-deoxycytidine","No Gel","5.947481155395508","7.393303235371907","6.959556611378988","6.564719732602438","0.5188819105853761","6.959556611378988","-0.7609378371489497"
"Strategy 1","1","False","False","57","2","EtOH/H₂O","llama-4-scout","N₄-hexanoyl-2'-deoxycytidine","No Gel","6.105771541595459","7.373236020406087","6.992996676762899","6.965912516480577","0.5467509889821794","6.992996676762899","-0.04953655471705921"
"Strategy 2","2","False","False","57","2","EtOH/H₂O","llama-4-scout","N₄-hexanoyl-2'-deoxycytidine","No Gel","6.058590412139893","7.346091985702515","6.959841513633727","6.8295094023687275","0.5612096382330043","6.959841513633727","-0.23223427109227146"
"Strategy 3","3","False","False","57","2","EtOH/H₂O","llama-4-scout","N₄-hexanoyl-2'-deoxycytidine","No Gel","5.816657066345215","7.127673387527466","6.73436849117279","6.433237533667906","0.5663713322526","6.73436849117279","-0.531684674623645"
"Strategy 0","0","False","False","58","1","H₂O","llama-4-scout","N₄-tetradecanoyl-2′,3′-dideoxycytidine","No Gel","5.751339276631673","6.515190124511719","6.286034870147705","6.375855180521036","0.5280820359667943","6.286034870147705","0.17008779745535396"
"Strategy 1","1","True","True","58","1","H₂O","llama-4-scout","N₄-tetradecanoyl-2′,3′-dideoxycytidine","No Gel","5.941924413045247","6.517082055409749","6.344534762700398","6.67922649753186","0.5143365294258118","6.344534762700398","0.6507251880497396"
"Strategy 2","2","True","True","58","1","H₂O","llama-4-scout","N₄-tetradecanoyl-2′,3′-dideoxycytidine","No Gel","6.059643109639485","6.673303127288818","6.4892051219940186","6.738084908295662","0.5268324566777091","6.4892051219940186","0.4724078464548676"
"Strategy 3","3","True","True","58","1","H₂O","llama-4-scout","N₄-tetradecanoyl-2′,3′-dideoxycytidine","No Gel","5.588639577229817","6.23761248588562","6.042920613288879","6.554662240876092","0.5695292066339857","6.042920613288879","0.8985344765928565"
"Strategy 0","0","True","True","58","2","EtOH/H₂O","llama-4-scout","N₄-tetradecanoyl-2′,3′-dideoxycytidine","Gel","4.035783608754476","5.278160810470581","4.905447649955749","6.174691266730157","0.5874414825498512","4.905447649955749","2.1606298745963994"
"Strategy 1","1","True","True","58","2","EtOH/H₂O","llama-4-scout","N₄-tetradecanoyl-2′,3′-dideoxycytidine","Gel","5.035477797190349","6.147875865300496","5.814156444867451","6.58829945187236","0.5823655186541222","5.814156444867451","1.3293077666995032"
"Strategy 2","2","True","True","58","2","EtOH/H₂O","llama-4-scout","N₄-tetradecanoyl-2′,3′-dideoxycytidine","Gel","5.34994633992513","6.372855186462402","6.06598253250122","6.760237866840313","0.5593698638073648","6.06598253250122","1.2411382508410935"
"Strategy 3","3","True","True","58","2","EtOH/H₂O","llama-4-scout","N₄-tetradecanoyl-2′,3′-dideoxycytidine","Gel","4.73969030380249","5.635100603103638","5.366477513313293","6.506608274309518","0.6360189514337231","5.366477513313293","1.792605013460882"
"Strategy 0","0","True","True","59","1","H₂O","llama-4-scout","N₄-dodecanoyl-2′,3′-dideoxycytidine","No Gel","5.4532084465026855","6.431105256080627","6.137736213207244","6.293248435878015","0.5285105378640377","6.137736213207244","0.2942462099228322"
"Strategy 1","1","True","True","59","1","H₂O","llama-4-scout","N₄-dodecanoyl-2′,3′-dideoxycytidine","No Gel","6.152848402659099","7.230408112208049","6.907140199343362","6.829695117997259","0.5192120201023604","6.907140199343362","-0.1491588760422673"
"Strategy 2","2","True","True","59","1","H₂O","llama-4-scout","N₄-dodecanoyl-2′,3′-dideoxycytidine","No Gel","6.193221569061279","7.15568216641744","6.866943987210592","6.880544202457101","0.49964960379511214","6.866943987210592","0.027219505716021424"
"Strategy 3","3","True","True","59","1","H₂O","llama-4-scout","N₄-dodecanoyl-2′,3′-dideoxycytidine","No Gel","5.785127639770508","6.829437096913655","6.516144259770711","6.612752779879311","0.5930353845243806","6.516144259770711","0.16290515309820913"
"Strategy 0","0","True","True","59","2","EtOH/H₂O","llama-4-scout","N₄-dodecanoyl-2′,3′-dideoxycytidine","Gel","4.5350494384765625","6.464464902877808","5.885640263557434","6.393770178035864","0.5364728215201885","5.885640263557434","0.9471680467214652"
"Strategy 1","1","True","True","59","2","EtOH/H₂O","llama-4-scout","N₄-dodecanoyl-2′,3′-dideoxycytidine","Gel","4.99091116587321","6.49088978767395","6.0408962011337275","6.907967963452794","0.5714593029807631","6.040896201133728","1.517293983659681"
"Strategy 2","2","True","True","59","2","EtOH/H₂O","llama-4-scout","N₄-dodecanoyl-2′,3′-dideoxycytidine","Gel","5.008657932281494","6.509004592895508","6.058900594711304","6.741765618139459","0.5617654977526013","6.058900594711304","1.215569532411699"
"Strategy 3","3","True","True","59","2","EtOH/H₂O","llama-4-scout","N₄-dodecanoyl-2′,3′-dideoxycytidine","Gel","4.714272499084473","6.265742858250936","5.800301750500997","6.692162314003444","0.5986043234322299","5.800301750500997","1.4898999699647482"
"Strategy 0","0","False","False","60","1","H₂O","llama-4-scout","N₄-decanoyl-2′,3′-dideoxycytidine","No Gel","5.584940592447917","6.401685873667399","6.156662289301554","6.305230097684441","0.5186828624975647","6.156662289301554","0.2864328458193166"
"Strategy 1","1","True","True","60","1","H₂O","llama-4-scout","N₄-decanoyl-2′,3′-dideoxycytidine","No Gel","6.292230606079102","7.136827309926351","6.8834482987721755","6.799909005362242","0.5066492639046343","6.883448298772176","-0.16488584778770776"
"Strategy 2","2","True","True","60","1","H₂O","llama-4-scout","N₄-decanoyl-2′,3′-dideoxycytidine","No Gel","6.26885986328125","7.204904158910115","6.924090870221455","6.785355502875276","0.5042344897229577","6.924090870221455","-0.275140574819476"
"Strategy 3","3","True","True","60","1","H₂O","llama-4-scout","N₄-decanoyl-2′,3′-dideoxycytidine","No Gel","5.737802664438884","6.608675241470337","6.347413468360901","6.549885002772012","0.5505077763157953","6.347413468360901","0.36779050745863484"
"Strategy 0","0","True","True","60","2","EtOH/H₂O","llama-4-scout","N₄-decanoyl-2′,3′-dideoxycytidine","Gel","4.087760210037232","5.871882279713948","5.336645658810933","6.333148937139092","0.5252456694332618","5.336645658810933","1.8972136969798967"
"Strategy 1","1","True","True","60","2","EtOH/H₂O","llama-4-scout","N₄-decanoyl-2′,3′-dideoxycytidine","Gel","4.422849655151367","5.933241367340088","5.480123853683472","6.712517645315915","0.5137762101949791","5.480123853683472","2.3986976570299885"
"Strategy 2","2","True","True","60","2","EtOH/H₂O","llama-4-scout","N₄-decanoyl-2′,3′-dideoxycytidine","Gel","4.581611633300781","5.909247716267903","5.5109568913777665","7.044964212163781","0.5744506722091491","5.510956891377767","2.670389982984483"
"Strategy 3","3","True","True","60","2","EtOH/H₂O","llama-4-scout","N₄-decanoyl-2′,3′-dideoxycytidine","Gel","4.041947682698567","5.6194314161936445","5.146186296145121","6.637608349046042","0.6066028767017049","5.146186296145121","2.4586465217742832"
"Strategy 0","0","False","False","61","1","H₂O","llama-4-scout","N₄-octanoyl-2′,3′-dideoxycytidine","No Gel","6.06974983215332","7.028693914413452","6.741010689735412","6.326530652360399","0.5448677761007664","6.741010689735412","-0.7606983851039131"
"Strategy 1","1","True","True","61","1","H₂O","llama-4-scout","N₄-octanoyl-2′,3′-dideoxycytidine","No Gel","6.357263247172038","7.477070808410644","7.1411285400390625","6.6209848778500415","0.5520434457692763","7.141128540039063","-0.9422150850178055"
"Strategy 2","2","True","True","61","1","H₂O","llama-4-scout","N₄-octanoyl-2′,3′-dideoxycytidine","No Gel","6.331472078959147","7.400055249532063","7.079480298360188","6.666225616013973","0.53663169027146","7.079480298360188","-0.7700899701565644"
"Strategy 3","3","True","True","61","1","H₂O","llama-4-scout","N₄-octanoyl-2′,3′-dideoxycytidine","No Gel","6.161899566650391","7.374441544214885","7.010678950945536","6.486446471177329","0.5907476025722205","7.010678950945536","-0.8874051752146013"
"Strategy 0","0","True","True","61","2","EtOH/H₂O","llama-4-scout","N₄-octanoyl-2′,3′-dideoxycytidine","Gel","4.815731366475423","6.124093612035115","5.731584938367207","6.5469990257760955","0.5479557997477524","5.731584938367207","1.4881019377553057"
"Strategy 1","1","True","True","61","2","EtOH/H₂O","llama-4-scout","N₄-octanoyl-2′,3′-dideoxycytidine","Gel","4.890264670054118","5.843500216801961","5.557529552777608","6.7385999550191","0.5844858135704442","5.557529552777608","2.020699861005515"
"Strategy 2","2","True","True","61","2","EtOH/H₂O","llama-4-scout","N₄-octanoyl-2′,3′-dideoxycytidine","Gel","4.684543927510579","5.79606827100118","5.462610967953999","6.633477854297451","0.5736981630458641","5.462610967953999","2.0409109907675385"
"Strategy 3","3","True","True","61","2","EtOH/H₂O","llama-4-scout","N₄-octanoyl-2′,3′-dideoxycytidine","Gel","4.438918431599935","5.569422086079915","5.230270989735921","6.5998203874558445","0.583557061486084","5.230270989735921","2.3468988520715266"
"Strategy 0","0","False","False","62","1","H₂O","llama-4-scout","5'-O-Decanoylgemcitabine","No Gel","4.271987676620483","5.098356604576111","4.850445926189423","6.171384835612865","0.5489450188023218","4.850445926189423","2.406322790405208"
"Strategy 1","1","True","True","62","1","H₂O","llama-4-scout","5'-O-Decanoylgemcitabine","No Gel","5.660088539123535","6.371663411458333","6.158190949757892","7.169463695913014","0.5094380141115308","6.158190949757892","1.985075157610293"
"Strategy 2","2","True","True","62","1","H₂O","llama-4-scout","5'-O-Decanoylgemcitabine","No Gel","5.257964134216309","5.973673423131307","5.7589606364568064","6.890237444438983","0.5238001862914139","5.7589606364568064","2.1597487698349083"
"Strategy 3","3","True","True","62","1","H₂O","llama-4-scout","5'-O-Decanoylgemcitabine","No Gel","4.82689634958903","5.5625864664713545","5.341879431406657","6.685279217554926","0.5603422909566658","5.341879431406657","2.3974627791429026"
"Strategy 0","0","False","False","62","2","EtOH/H₂O","llama-4-scout","5'-O-Decanoylgemcitabine","No Gel","4.322828610738118","5.119693120320638","4.8806337674458815","6.283065707369367","0.5511896766047094","4.8806337674458815","2.544372653280392"
"Strategy 1","1","True","True","62","2","EtOH/H₂O","llama-4-scout","5'-O-Decanoylgemcitabine","No Gel","5.366885979970296","5.919661045074463","5.753828525543213","6.9956092058226105","0.5228912978215946","5.753828525543213","2.374835239088414"
"Strategy 2","2","True","True","62","2","EtOH/H₂O","llama-4-scout","5'-O-Decanoylgemcitabine","No Gel","5.453879674275716","5.974014123280843","5.817973788579304","7.1041917311744776","0.5195917928978492","5.817973788579304","2.4754392971099937"
"Strategy 3","3","True","True","62","2","EtOH/H₂O","llama-4-scout","5'-O-Decanoylgemcitabine","No Gel","4.412535349527995","5.233669916788737","4.987329546610514","6.4761230575329884","0.5717055887458592","4.987329546610514","2.604126215012897"
"Strategy 0","0","False","False","63","1","H₂O","llama-4-scout","5′-O-Octanoylgemcitabine","No Gel","4.714868307113648","5.442864298820496","5.2244655013084405","6.463766701369322","0.5439479837018897","5.2244655013084405","2.278345057236355"
"Strategy 1","1","True","True","63","1","H₂O","llama-4-scout","5′-O-Octanoylgemcitabine","No Gel","5.289431730906169","5.759896596272786","5.618757136662801","6.875672408591869","0.5246033029858083","5.618757136662801","2.3959347277748084"
"Strategy 2","2","True","True","63","1","H₂O","llama-4-scout","5′-O-Octanoylgemcitabine","No Gel","5.948065757751465","6.429558356602986","6.28511057694753","7.281792177525602","0.5409602469657152","6.28511057694753","1.8424303933025208"
"Strategy 3","3","True","True","63","1","H₂O","llama-4-scout","5′-O-Octanoylgemcitabine","No Gel","4.733625411987305","5.292532920837402","5.1248606681823725","6.696118873003533","0.5963649040843816","5.1248606681823725","2.6347261451167454"
"Strategy 0","0","False","False","63","2","EtOH/H₂O","llama-4-scout","5′-O-Octanoylgemcitabine","No Gel","4.498399257659912","5.709183772404988","5.345948417981465","6.419715248152267","0.5009698002439327","5.345948417981465","2.143376366495469"
"Strategy 1","1","True","True","63","2","EtOH/H₂O","llama-4-scout","5′-O-Octanoylgemcitabine","No Gel","5.507467587788899","6.042312383651733","5.881858944892883","7.155221607949998","0.5293782474926727","5.881858944892883","2.405392871898726"
"Strategy 2","2","True","True","63","2","EtOH/H₂O","llama-4-scout","5′-O-Octanoylgemcitabine","No Gel","5.355507055918376","5.718119541803996","5.609335796038309","7.025474461720587","0.5355533523366305","5.609335796038309","2.64425319999144"
"Strategy 3","3","True","True","63","2","EtOH/H₂O","llama-4-scout","5′-O-Octanoylgemcitabine","No Gel","4.278342405954997","5.2373842398325605","4.949671689669291","6.32570769484961","0.5464664174869103","4.949671689669291","2.5180614236249568"
"Strategy 0","0","True","True","64","1","KCl","llama-4-scout","L-Guanosine","Gel","5.199319839477539","6.2460910479227705","5.932059685389201","6.95790215407231","0.5708609735999831","5.932059685389201","1.7970092826873523"
"Strategy 1","1","True","True","64","1","KCl","llama-4-scout","L-Guanosine","Gel","5.235556761423747","6.199721177419026","5.910471852620442","6.923029510118548","0.5623451330325947","5.910471852620442","1.8005982412217587"
"Strategy 2","2","True","True","64","1","KCl","llama-4-scout","L-Guanosine","Gel","5.013293107350667","6.112493832906087","5.782733615239461","6.846405824395113","0.5431467025255369","5.782733615239461","1.9583515912179217"
"Strategy 3","3","True","True","64","1","KCl","llama-4-scout","L-Guanosine","Gel","4.90134064356486","5.811174551645915","5.538224379221599","6.687380256394082","0.5723202869630861","5.538224379221599","2.007889469147199"
"Strategy 0","0","True","True","64","2","NaB(OH)₄","llama-4-scout","L-Guanosine","Gel","5.253871122996013","6.595723390579224","6.19316771030426","6.600339433081081","0.5292886925298761","6.19316771030426","0.7692809775146261"
"Strategy 1","1","True","True","64","2","NaB(OH)₄","llama-4-scout","L-Guanosine","Gel","5.68117888768514","6.79667592048645","6.462026810646056","6.921073405502378","0.5359551758282722","6.462026810646056","0.856501841123011"
"Strategy 2","2","True","True","64","2","NaB(OH)₄","llama-4-scout","L-Guanosine","Gel","5.852560361226399","7.048801978429158","6.68992949326833","6.962501053169407","0.4849261244964","6.68992949326833","0.562088834013933"
"Strategy 3","3","True","True","64","2","NaB(OH)₄","llama-4-scout","L-Guanosine","Gel","5.820599555969238","6.992566029230754","6.640976087252299","6.97154378835545","0.4971109475462119","6.640976087252299","0.6649777131943388"
"Strategy 0","0","True","True","1","1","Tb(NO₃)₃ or Dy(NO₃)₃","gpt-4o","Deoxyguanosine (dG)","Gel","5.312027772267659","6.290743033091228","5.997128454844156","6.608273503330634","0.600218818030615","5.997128454844156","1.018203745246963"
"Strategy 1","1","True","True","1","1","Tb(NO₃)₃ or Dy(NO₃)₃","gpt-4o","Deoxyguanosine (dG)","Gel","5.797409693400065","6.595191637674968","6.355857054392497","6.717575228676315","0.6687830059917649","6.355857054392497","0.5408602955564219"
"Strategy 2","2","True","True","1","1","Tb(NO₃)₃ or Dy(NO₃)₃","gpt-4o","Deoxyguanosine (dG)","Gel","5.651641845703125","6.3980921904246015","6.174157087008158","6.770629171376388","0.6490023108640158","6.174157087008158","0.9190600316571256"
"Strategy 3","3","True","True","1","1","Tb(NO₃)₃ or Dy(NO₃)₃","gpt-4o","Deoxyguanosine (dG)","Gel","4.9154941240946455","5.764395793279012","5.509725292523702","6.60026140521047","0.6970128927588727","5.509725292523702","1.5645852810129193"
"Strategy 0","0","False","False","1","2","LiCl","gpt-4o","Deoxyguanosine (dG)","No Gel","4.701376756032308","5.50477147102356","5.263753056526183","6.7955699831940395","0.6243241069422313","5.263753056526183","2.4535604338110164"
"Strategy 1","1","False","False","1","2","LiCl","gpt-4o","Deoxyguanosine (dG)","No Gel","5.459140539169312","6.027645587921143","5.857094073295593","7.327789380291635","0.6418340102678589","5.857094073295593","2.291395101331996"
"Strategy 2","2","False","False","1","2","LiCl","gpt-4o","Deoxyguanosine (dG)","No Gel","5.262792110443115","5.832954287528992","5.661905634403229","7.290226659017016","0.6419056005958875","5.661905634403229","2.5366985785794673"
"Strategy 3","3","False","False","1","2","LiCl","gpt-4o","Deoxyguanosine (dG)","No Gel","5.037356853485107","5.588985204696655","5.423496699333191","6.906877735049225","0.7168661675726538","5.423496699333191","2.069257977034737"
"Strategy 0","0","False","False","1","3","NaCl","gpt-4o","Deoxyguanosine (dG)","No Gel","4.604443232218425","5.448500871658325","5.195283579826355","6.688581126235253","0.5811657240242274","5.195283579826355","2.5694866105810568"
"Strategy 1","1","True","True","1","3","NaCl","gpt-4o","Deoxyguanosine (dG)","No Gel","5.165128231048584","5.7852552731831866","5.599217160542806","7.125287134333174","0.6922913266935283","5.599217160542806","2.2043754051911537"
"Strategy 2","2","True","True","1","3","NaCl","gpt-4o","Deoxyguanosine (dG)","No Gel","5.363483746846517","6.068863948186238","5.857249887784321","7.265162040466485","0.6550982486267297","5.857249887784321","2.1491618327991935"
"Strategy 3","3","True","True","1","3","NaCl","gpt-4o","Deoxyguanosine (dG)","No Gel","4.399750868479411","5.056612173716228","4.8595537821451815","6.7023202595476645","0.7722164905653783","4.8595537821451815","2.386334013734026"
"Strategy 0","0","True","True","1","4","KCl","gpt-4o","Deoxyguanosine (dG)","Gel","4.335493087768555","5.845314423243205","5.3923680226008095","6.728122383186674","0.637150235799032","5.3923680226008095","2.09645117514668"
"Strategy 1","1","True","True","1","4","KCl","gpt-4o","Deoxyguanosine (dG)","Gel","4.080884695053101","5.682733615239461","5.202178939183553","6.996953848042845","0.7215220723829524","5.202178939183553","2.487484413237332"
"Strategy 2","2","True","True","1","4","KCl","gpt-4o","Deoxyguanosine (dG)","Gel","4.318942705790202","5.837845961252849","5.382174984614053","7.029306505693637","0.6999179555683848","5.382174984614053","2.3533208542163946"
"Strategy 3","3","True","True","1","4","KCl","gpt-4o","Deoxyguanosine (dG)","Gel","4.127763112386067","5.411868174870809","5.026636656125387","6.737313330881971","0.7502077295593937","5.026636656125387","2.280270660182728"
"Strategy 0","0","False","False","1","5","KB(OH)₄","gpt-4o","Deoxyguanosine (dG)","No Gel","5.119603474934896","6.327063163121541","5.964825256665546","6.525060703095232","0.6019927914664821","5.964825256665546","0.9306348088735854"
"Strategy 1","1","False","False","1","5","KB(OH)₄","gpt-4o","Deoxyguanosine (dG)","No Gel","5.761865933736165","6.745883782704671","6.450678428014118","7.055663324203294","0.6786934156801071","6.450678428014118","0.8913964423581894"
"Strategy 2","2","False","False","1","5","KB(OH)₄","gpt-4o","Deoxyguanosine (dG)","No Gel","5.53365421295166","6.344176173210144","6.101019585132599","7.130065796634023","0.6412421133153535","6.101019585132599","1.6047701642380336"
"Strategy 3","3","True","True","1","5","KB(OH)₄","gpt-4o","Deoxyguanosine (dG)","No Gel","5.1330459912618","5.9057614008585615","5.673946777979533","6.735143401271613","0.7575494412308293","5.673946777979533","1.400828204120776"
"Strategy 0","0","True","True","2","1","Tb(NO₃)₃ or Eu(NO₃)₃","gpt-4o","Thymidine (T)","Gel","5.3342970212300616","6.269102891286214","5.988661130269368","6.7683529811928125","0.4696694208685678","5.988661130269368","1.6600864699293105"
"Strategy 1","1","True","True","2","1","Tb(NO₃)₃ or Eu(NO₃)₃","gpt-4o","Thymidine (T)","Gel","5.55601437886556","6.326531092325847","6.09537607828776","6.787615116252455","0.49973003533294763","6.09537607828776","1.385226000081199"
"Strategy 2","2","True","True","2","1","Tb(NO₃)₃ or Eu(NO₃)₃","gpt-4o","Thymidine (T)","Gel","5.348461151123047","6.316301186879476","6.0259491761525465","6.734660942117064","0.4843372208622445","6.0259491761525465","1.4632609996457198"
"Strategy 3","3","True","True","2","1","Tb(NO₃)₃ or Eu(NO₃)₃","gpt-4o","Thymidine (T)","Gel","4.875102758407593","5.92279326915741","5.608486115932465","6.753018431238425","0.534646968115906","5.608486115932465","2.1407253450614125"
"Strategy 0","0","True","True","3","1","Tb(NO₃)₃ or Eu(NO₃)₃","gpt-4o","Uridine (U)","Gel","5.255097389221191","6.455443302790324","6.095339528719584","6.6131575570858105","0.4812606308542909","6.095339528719584","1.075961745399873"
"Strategy 1","1","False","False","3","1","Tb(NO₃)₃ or Eu(NO₃)₃","gpt-4o","Uridine (U)","Gel","5.714859326680501","6.853807210922241","6.512122845649718","6.668195947997022","0.4874035663865245","6.512122845649718","0.3202132957384514"
"Strategy 2","2","True","True","3","1","Tb(NO₃)₃ or Eu(NO₃)₃","gpt-4o","Uridine (U)","Gel","5.143320560455322","6.468010346094768","6.070603410402934","6.674240766508018","0.5409841321392089","6.070603410402934","1.1158134226934273"
"Strategy 3","3","True","True","3","1","Tb(NO₃)₃ or Eu(NO₃)₃","gpt-4o","Uridine (U)","Gel","4.812162399291992","6.239608605702718","5.8113747437795","6.631550048241627","0.5296222592022395","5.8113747437795","1.5486042933647517"
"Strategy 0","0","False","False","3","2","B(OH)₃ + AgNO₃","gpt-4o","Uridine (U)","No Gel","4.861578782399495","5.931320905685425","5.610398268699645","6.6428478496635295","0.48454407752402473","5.610398268699645","2.130765040488383"
"Strategy 1","1","True","True","3","2","B(OH)₃ + AgNO₃","gpt-4o","Uridine (U)","No Gel","5.477823098500569","6.402343352635701","6.124987276395161","6.690562021147064","0.5194087800561769","6.124987276395161","1.0888817564669075"
"Strategy 2","2","True","True","3","2","B(OH)₃ + AgNO₃","gpt-4o","Uridine (U)","No Gel","5.207685232162476","6.197634696960449","5.900649857521056","6.9646214266156035","0.5092150202887341","5.900649857521056","2.089434770583271"
"Strategy 3","3","True","True","3","2","B(OH)₃ + AgNO₃","gpt-4o","Uridine (U)","No Gel","3.934427897135417","4.973317941029866","4.6616509278615315","6.743829632298275","0.5432711631850162","4.661650927861532","3.832669292125924"
"Strategy 0","0","True","True","4","1","LiCl","gpt-4o","Isoguanosine (isoG)","Gel","4.920229276021321","6.054935693740845","5.7145237684249865","6.463149950917067","0.5534487946199442","5.7145237684249865","1.3526566319584556"
"Strategy 1","1","False","False","4","1","LiCl","gpt-4o","Isoguanosine (isoG)","Gel","5.296734015146892","6.326656103134155","6.0176794767379755","6.920422908009176","0.6547974421267345","6.017679476737976","1.3786605951592528"
"Strategy 2","2","False","False","4","1","LiCl","gpt-4o","Isoguanosine (isoG)","Gel","5.482432047526042","6.47637661298116","6.178193243344626","7.037528297020175","0.6883269755957512","6.178193243344626","1.2484401805287224"
"Strategy 3","3","False","False","4","1","LiCl","gpt-4o","Isoguanosine (isoG)","Gel","4.715019861857097","5.644766489664714","5.365842501322429","6.623425400719161","0.6630670537005436","5.365842501322429","1.8966149688454974"
"Strategy 0","0","True","True","4","2","NaCl","gpt-4o","Isoguanosine (isoG)","Gel","4.306536038716634","5.685998757680257","5.27215994199117","6.493084678477403","0.5371984079328602","5.27215994199117","2.272763132683792"
"Strategy 1","1","False","False","4","2","NaCl","gpt-4o","Isoguanosine (isoG)","Gel","4.517626762390137","5.968177874883016","5.533012541135151","6.839884420328361","0.6252185040370439","5.533012541135151","2.0902642368303583"
"Strategy 2","2","False","False","4","2","NaCl","gpt-4o","Isoguanosine (isoG)","Gel","4.669429302215576","5.947040001551311","5.563756791750589","6.899651059315802","0.6562572639953984","5.563756791750589","2.0356258754868115"
"Strategy 3","3","False","False","4","2","NaCl","gpt-4o","Isoguanosine (isoG)","Gel","3.8735317389170327","5.2512500286102295","4.83793454170227","6.47749780456533","0.6900910856679036","4.83793454170227","2.3758650081332546"
"Strategy 0","0","True","True","4","3","KCl","gpt-4o","Isoguanosine (isoG)","Gel","4.9959893226623535","6.164931694666545","5.814248983065287","6.477830792890346","0.6063103982038852","5.814248983065287","1.0944588972757734"
"Strategy 1","1","False","False","4","3","KCl","gpt-4o","Isoguanosine (isoG)","Gel","5.058572292327881","6.324596087137858","5.944788948694864","6.754647263507202","0.6573831772214173","5.944788948694864","1.231942560859851"
"Strategy 2","2","False","False","4","3","KCl","gpt-4o","Isoguanosine (isoG)","Gel","4.893345991770427","6.140382766723633","5.76627173423767","6.62908743703088","0.6460111968861332","5.76627173423767","1.3356048733398205"
"Strategy 3","3","False","False","4","3","KCl","gpt-4o","Isoguanosine (isoG)","Gel","4.487728277842204","5.789823929468791","5.399195233980815","6.3588039057507375","0.7323982347839216","5.399195233980815","1.3102279964574661"
"Strategy 0","0","True","True","5","1","LiCl","gpt-4o","2′-deoxyisoguanosine (isoGd)","Gel","4.912675857543945","5.940747499465942","5.632326006889343","6.4790562791725765","0.5893392332917106","5.632326006889343","1.4367451281902346"
"Strategy 1","1","False","False","5","1","LiCl","gpt-4o","2′-deoxyisoguanosine (isoGd)","Gel","6.078658103942871","6.702640930811564","6.515446082750955","7.070849694700512","0.6350247492582716","6.515446082750955","0.8746172690092557"
"Strategy 2","2","False","False","5","1","LiCl","gpt-4o","2′-deoxyisoguanosine (isoGd)","Gel","6.002350807189941","6.767678419748942","6.538080135981242","7.078586395150315","0.6349537571039775","6.538080135981242","0.8512529505051207"
"Strategy 3","3","False","False","5","1","LiCl","gpt-4o","2′-deoxyisoguanosine (isoGd)","Gel","5.640767892201741","6.418508847554524","6.185186560948689","6.816114587500421","0.7259738313151219","6.185186560948689","0.8690781944698868"
"Strategy 0","0","True","True","5","2","KCl","gpt-4o","2′-deoxyisoguanosine (isoGd)","Gel","5.306890487670898","5.985043366750081","5.781597503026326","6.411965273455441","0.6448390612473226","5.781597503026326","0.977558290606317"
"Strategy 1","1","True","True","5","2","KCl","gpt-4o","2′-deoxyisoguanosine (isoGd)","Gel","5.941206455230713","6.729254325230916","6.492839964230856","6.945188836225859","0.6378001776150318","6.492839964230856","0.7092329037701134"
"Strategy 2","2","True","True","5","2","KCl","gpt-4o","2′-deoxyisoguanosine (isoGd)","Gel","5.927364667256673","6.446234385172526","6.290573469797771","6.944883650710724","0.7047555659113011","6.290573469797771","0.9284214450536226"
"Strategy 3","3","True","True","5","2","KCl","gpt-4o","2′-deoxyisoguanosine (isoGd)","Gel","5.664553642272949","6.080015818277995","5.95537716547648","6.801853114258718","0.7771277503016227","5.95537716547648","1.089236548886203"
"Strategy 0","0","False","False","5","3","NaCl","gpt-4o","2′-deoxyisoguanosine (isoGd)","No Gel","4.659311294555664","5.70325764020284","5.390073736508687","6.463889060094375","0.6365718071542701","5.390073736508687","1.6868722609411035"
"Strategy 1","1","True","True","5","3","NaCl","gpt-4o","2′-deoxyisoguanosine (isoGd)","No Gel","5.68841012318929","6.455768982569377","6.2255613247553505","7.12736885997368","0.6723057735440174","6.225561324755351","1.3413651506583208"
"Strategy 2","2","True","True","5","3","NaCl","gpt-4o","2′-deoxyisoguanosine (isoGd)","No Gel","5.351420720418294","6.079463084538777","5.861050375302632","6.946226134595944","0.6898346765722363","5.861050375302632","1.5730954040836445"
"Strategy 3","3","True","True","5","3","NaCl","gpt-4o","2′-deoxyisoguanosine (isoGd)","No Gel","4.763209342956543","5.569052616755168","5.3272996346155805","6.684251892535877","0.7228701179318163","5.3272996346155805","1.8771729862103512"
"Strategy 0","0","True","True","6","1","LiCl","gpt-4o","2′-deoxy-2′-fluoroisoguanosine (FisoGd)","Gel","5.09830888112386","5.944162130355835","5.690406155586242","6.439163970762444","0.5518628903844423","5.690406155586242","1.3567823244186576"
"Strategy 1","1","True","True","6","1","LiCl","gpt-4o","2′-deoxy-2′-fluoroisoguanosine (FisoGd)","Gel","5.4942318598429365","6.386176188786824","6.118592890103657","6.764093421842392","0.5781708012891631","6.118592890103657","1.1164530105972923"
"Strategy 2","2","True","True","6","1","LiCl","gpt-4o","2′-deoxy-2′-fluoroisoguanosine (FisoGd)","Gel","5.343791723251343","6.069188356399536","5.851569366455077","6.7059584270152","0.6575845674935046","5.851569366455077","1.2992839290872835"
"Strategy 3","3","True","True","6","1","LiCl","gpt-4o","2′-deoxy-2′-fluoroisoguanosine (FisoGd)","Gel","4.953635215759277","5.705167373021443","5.479707725842793","6.66466507166239","0.6697011255611974","5.479707725842793","1.7693823417522614"
"Strategy 0","0","True","True","6","2","NaCl","gpt-4o","2′-deoxy-2′-fluoroisoguanosine (FisoGd)","Gel","5.605778694152832","7.001976331075032","6.583117039998373","6.437323813968234","0.5234047947467828","6.583117039998373","-0.27854774639707297"
"Strategy 1","1","False","False","6","2","NaCl","gpt-4o","2′-deoxy-2′-fluoroisoguanosine (FisoGd)","Gel","6.024115085601807","7.048683484395345","6.741312964757284","6.956927565271541","0.5956816153775462","6.741312964757284","0.361962825355286"
"Strategy 2","2","False","False","6","2","NaCl","gpt-4o","2′-deoxy-2′-fluoroisoguanosine (FisoGd)","Gel","6.190336386362712","7.394698778788249","7.033390061060587","7.042480353421942","0.5852483955278363","7.033390061060587","0.015532366138580563"
"Strategy 3","3","False","False","6","2","NaCl","gpt-4o","2′-deoxy-2′-fluoroisoguanosine (FisoGd)","Gel","5.36355447769165","6.577748457590739","6.213490263621011","6.594090946330581","0.7098597704257888","6.213490263621011","0.5361631952762682"
"Strategy 0","0","True","True","6","3","KCl","gpt-4o","2′-deoxy-2′-fluoroisoguanosine (FisoGd)","Gel","4.517446517944336","5.774025996526082","5.3970521529515585","6.519878962489678","0.5356251293364115","5.397052152951559","2.0962922537432003"
"Strategy 1","1","True","True","6","3","KCl","gpt-4o","2′-deoxy-2′-fluoroisoguanosine (FisoGd)","Gel","4.83614985148112","5.876851161321004","5.564640768369038","6.774984819882908","0.5955956363820717","5.564640768369038","2.0321573523709295"
"Strategy 2","2","True","True","6","3","KCl","gpt-4o","2′-deoxy-2′-fluoroisoguanosine (FisoGd)","Gel","4.898222764333089","6.117806116739909","5.751931111017863","6.748211598889156","0.6049491165640118","5.751931111017863","1.6468831189141382"
"Strategy 3","3","True","True","6","3","KCl","gpt-4o","2′-deoxy-2′-fluoroisoguanosine (FisoGd)","Gel","4.292238712310791","5.351662556330363","5.033835403124491","6.457749347723731","0.6681161292665709","5.033835403124491","2.131237193992535"
"Strategy 0","0","False","False","7","1","LiCl","gpt-4o","Guanosine (G)","No Gel","5.390368779500325","6.112219174702962","5.895664056142171","6.839299956341431","0.6230057691815586","5.895664056142171","1.5146503401387648"
"Strategy 1","1","False","False","7","1","LiCl","gpt-4o","Guanosine (G)","No Gel","5.684646765391032","6.369795878728231","6.1642511447270705","7.046816980869579","0.6187779659913772","6.164251144727071","1.4263045626204591"
"Strategy 2","2","False","False","7","1","LiCl","gpt-4o","Guanosine (G)","No Gel","5.868772506713867","6.236801266670227","6.126392638683319","6.959311768343282","0.6673821331280703","6.126392638683319","1.2480392990984168"
"Strategy 3","3","True","True","7","1","LiCl","gpt-4o","Guanosine (G)","No Gel","5.250190734863281","5.752416253089905","5.601748597621917","6.838570211377255","0.7550241428795413","5.601748597621917","1.6381219400988931"
"Strategy 0","0","False","False","7","2","NaCl","gpt-4o","Guanosine (G)","No Gel","4.645851135253906","5.766618728637695","5.430388450622559","6.794254560680044","0.5913817635222982","5.430388450622559","2.306236333589716"
"Strategy 1","1","False","False","7","2","NaCl","gpt-4o","Guanosine (G)","No Gel","5.18814770380656","6.2531172434488935","5.933626381556192","6.905057855539543","0.5708061386182679","5.933626381556192","1.7018588418387794"
"Strategy 2","2","False","False","7","2","NaCl","gpt-4o","Guanosine (G)","No Gel","5.111670017242432","5.988827347755432","5.725680148601532","6.904463830751966","0.6501614786709735","5.725680148601532","1.8130629402406964"
"Strategy 3","3","True","True","7","2","NaCl","gpt-4o","Guanosine (G)","No Gel","4.746509313583374","5.287290930747986","5.125056445598602","6.689745759317117","0.760181110823155","5.125056445598602","2.0583112253660256"
"Strategy 0","0","False","False","7","3","KCl + NaCl","gpt-4o","Guanosine (G)","No Gel","4.729400952657064","6.2052379449208575","5.762486847241719","6.886739228492559","0.7186900925532914","5.762486847241719","1.5643076103313278"
"Strategy 1","1","False","False","7","3","KCl + NaCl","gpt-4o","Guanosine (G)","No Gel","5.090874036153157","6.428242286046346","6.02703181107839","6.677994572839071","0.6204889388148689","6.02703181107839","1.0491125965984454"
"Strategy 2","2","False","False","7","3","KCl + NaCl","gpt-4o","Guanosine (G)","No Gel","5.09239673614502","6.528343518575032","6.097559483846028","6.87029567048223","0.6404910814843371","6.097559483846028","1.206474545820978"
"Strategy 3","3","False","False","7","3","KCl + NaCl","gpt-4o","Guanosine (G)","No Gel","4.996644020080566","6.362417300542195","5.952685316403707","6.220843377963517","0.7698088171391692","5.952685316403707","0.3483437128667384"
"Strategy 0","0","True","True","7","4","KCl","gpt-4o","Guanosine (G)","Gel","6.146585941314697","6.827138264973958","6.62297256787618","6.763888328204783","0.6636681717901717","6.62297256787618","0.2123286400016722"
"Strategy 1","1","True","True","7","4","KCl","gpt-4o","Guanosine (G)","Gel","6.646640618642171","7.355954647064209","7.143160438537596","6.998093661042147","0.6078333417401094","7.143160438537596","-0.23866209293513108"
"Strategy 2","2","True","True","7","4","KCl","gpt-4o","Guanosine (G)","Gel","6.628541946411133","7.227810462315877","7.0480299075444535","6.99414628956669","0.6442099279007966","7.0480299075444535","-0.08364294874086566"
"Strategy 3","3","True","True","7","4","KCl","gpt-4o","Guanosine (G)","Gel","6.090223948160808","6.659394900004069","6.48864361445109","6.669335893759124","0.7599489916303078","6.48864361445109","0.2377689572564568"
"Strategy 0","0","True","True","7","5","KCl","gpt-4o","Guanosine (G)","Gel","5.06027364730835","5.891817251841228","5.642354170481364","6.893330992654311","0.6810628359851265","5.642354170481364","1.836800888369523"
"Strategy 1","1","True","True","7","5","KCl","gpt-4o","Guanosine (G)","Gel","5.327698548634847","6.039186477661133","5.825740098953247","6.779991001614612","0.677110100432698","5.825740098953247","1.4092994655545148"
"Strategy 2","2","True","True","7","5","KCl","gpt-4o","Guanosine (G)","Gel","5.345254580179851","6.038589477539063","5.830589008331298","6.9229077164824915","0.6456597652636593","5.830589008331298","1.6917868619320549"
"Strategy 3","3","True","True","7","5","KCl","gpt-4o","Guanosine (G)","Gel","4.852116902669271","5.728199481964111","5.465374708175659","6.5383980796626675","0.749637464115307","5.465374708175659","1.4313897355081484"
"Strategy 0","0","False","False","7","6","KCl","gpt-4o","Guanosine (G)","No Gel","5.037648836771647","6.226544618606567","5.86987588405609","7.001158678870484","0.7294132177450463","5.86987588405609","1.5509491290981976"
"Strategy 1","1","False","False","7","6","KCl","gpt-4o","Guanosine (G)","No Gel","5.3590710163116455","6.429426670074463","6.108319973945617","6.754901783872945","0.675318645760778","6.108319973945617","0.9574469977782453"
"Strategy 2","2","False","False","7","6","KCl","gpt-4o","Guanosine (G)","No Gel","5.602728128433228","6.750551223754883","6.4062042951583855","7.069977375888085","0.6610679457937781","6.4062042951583855","1.0040920679230225"
"Strategy 3","3","False","False","7","6","KCl","gpt-4o","Guanosine (G)","No Gel","5.192296822865804","6.350111961364746","6.002767419815064","6.293462155401245","0.7764043543271529","6.002767419815064","0.37441152147852436"
"Strategy 0","0","False","False","7","7","KCl","gpt-4o","Guanosine (G)","No Gel","5.10636568069458","6.0901791254679365","5.795035092035929","6.882413783245924","0.6349164564928488","5.795035092035929","1.7126327095323015"
"Strategy 1","1","False","False","7","7","KCl","gpt-4o","Guanosine (G)","No Gel","4.676550070444743","5.54908283551534","5.2873230059941605","6.810775486135358","0.6249037051521185","5.2873230059941605","2.4378995796966003"
"Strategy 2","2","False","False","7","7","KCl","gpt-4o","Guanosine (G)","No Gel","5.099712053934733","5.783774932225545","5.578556068738301","6.896873290717448","0.622073606336375","5.578556068738301","2.119230278460473"
"Strategy 3","3","False","False","7","7","KCl","gpt-4o","Guanosine (G)","No Gel","4.562383651733398","5.344065427780151","5.109560894966125","6.430736998193331","0.7055099313107875","5.109560894966125","1.8726541535319765"
"Strategy 0","0","True","True","7","8","KCl + TAcG","gpt-4o","Guanosine (G)","Gel","5.511945883433024","6.406856457392375","6.1383832852045686","6.533519043910102","0.6147481043031133","6.1383832852045686","0.6427604346229988"
"Strategy 1","1","True","True","7","8","KCl + TAcG","gpt-4o","Guanosine (G)","Gel","5.699041843414307","6.447945276896159","6.223274246851603","6.6999350415335766","0.6412772117800609","6.223274246851603","0.7432991316795051"
"Strategy 2","2","True","True","7","8","KCl + TAcG","gpt-4o","Guanosine (G)","Gel","5.681869824727376","6.530109882354736","6.275637865066528","6.633931430365688","0.6364945251932201","6.275637865066528","0.5629169633319207"
"Strategy 3","3","True","True","7","8","KCl + TAcG","gpt-4o","Guanosine (G)","Gel","5.186761856079102","5.945801377296448","5.718089520931244","6.332256115869033","0.6471654923123352","5.718089520931244","0.9490101098304227"
"Strategy 0","0","True","True","7","9","KB(OH)₄","gpt-4o","Guanosine (G)","Gel","4.813497225443522","5.774942239125569","5.486508735020955","6.77254324717115","0.6184542620254269","5.486508735020955","2.0794335023877992"
"Strategy 1","1","True","True","7","9","KB(OH)₄","gpt-4o","Guanosine (G)","Gel","4.742402712504069","5.838566303253174","5.509717226028442","6.839330120049706","0.6128128180905352","5.509717226028442","2.1696884509762815"
"Strategy 2","2","True","True","7","9","KB(OH)₄","gpt-4o","Guanosine (G)","Gel","5.233695268630981","6.201615929603577","5.911239731311797","7.194085229274837","0.592743121605016","5.911239731311797","2.164252019474103"
"Strategy 3","3","True","True","7","9","KB(OH)₄","gpt-4o","Guanosine (G)","Gel","4.689882516860962","5.5541908740997314","5.2948983669281","6.8242214858993995","0.6449999787207417","5.2948983669281","2.3710436735276748"
"Strategy 0","0","False","False","7","10","KB(OH)₄","gpt-4o","Guanosine (G)","No Gel","5.015907605489095","5.962259848912557","5.678354175885519","6.757633688345128","0.6081720913419872","5.678354175885519","1.7746284774069128"
"Strategy 1","1","False","False","7","10","KB(OH)₄","gpt-4o","Guanosine (G)","No Gel","4.779160022735596","5.828626235326131","5.51378637154897","6.75338188856455","0.6088322019894404","5.51378637154897","2.036021604910247"
"Strategy 2","2","False","False","7","10","KB(OH)₄","gpt-4o","Guanosine (G)","No Gel","4.918314139048259","5.914299488067627","5.615503883361815","7.014604729152157","0.5881107797275211","5.615503883361815","2.3789750061009967"
"Strategy 3","3","False","False","7","10","KB(OH)₄","gpt-4o","Guanosine (G)","No Gel","4.928488572438558","5.94847305615743","5.642477711041768","6.975253266019107","0.6053013762305862","5.642477711041768","2.2018379724774078"
"Strategy 0","0","False","False","7","11","LiB(OH)₄","gpt-4o","Guanosine (G)","No Gel","4.812147617340088","5.776199102401733","5.48698365688324","6.561229280353516","0.577193702236583","5.48698365688324","1.8611527106197698"
"Strategy 1","1","False","False","7","11","LiB(OH)₄","gpt-4o","Guanosine (G)","No Gel","5.259998162587483","6.092960516611735","5.843071810404459","6.917745174178781","0.5812323678643028","5.843071810404459","1.8489564986257265"
"Strategy 2","2","False","False","7","11","LiB(OH)₄","gpt-4o","Guanosine (G)","No Gel","5.175583521525065","6.146501620610555","5.855226190884907","6.87563038765614","0.5863593189079557","5.855226190884907","1.7402370250917971"
"Strategy 3","3","False","False","7","11","LiB(OH)₄","gpt-4o","Guanosine (G)","No Gel","4.752753257751465","5.717503945032756","5.428078738848368","6.583319020948977","0.6607414272487142","5.428078738848368","1.7483999556542982"
"Strategy 0","0","False","False","8","1","LiCl","gpt-4o","8-Aza-2′-deoxyisoguanosine (z8isoGd)","No Gel","4.66542911529541","5.798161665598552","5.45834190050761","6.521994460891999","0.5585179591136684","5.45834190050761","1.9044196216578895"
"Strategy 1","1","True","True","8","1","LiCl","gpt-4o","8-Aza-2′-deoxyisoguanosine (z8isoGd)","No Gel","4.59455935160319","5.600227514902751","5.298527065912882","6.9610615092654555","0.6348217950726596","5.298527065912882","2.6188994395856953"
"Strategy 2","2","True","True","8","1","LiCl","gpt-4o","8-Aza-2′-deoxyisoguanosine (z8isoGd)","No Gel","4.812459945678711","5.890236218770345","5.566903336842855","6.977716133391209","0.5946365836033966","5.566903336842855","2.3725630670065216"
"Strategy 3","3","True","True","8","1","LiCl","gpt-4o","8-Aza-2′-deoxyisoguanosine (z8isoGd)","No Gel","4.443976084391276","5.4055430094401045","5.117072931925455","6.829931889208711","0.7367645118689122","5.117072931925455","2.324839117099079"
"Strategy 0","0","False","False","8","2","NaCl","gpt-4o","8-Aza-2′-deoxyisoguanosine (z8isoGd)","No Gel","4.510659058888753","5.475717624028524","5.1862000544865925","6.284420952624435","0.5826116278828817","5.1862000544865925","1.8849965321299944"
"Strategy 1","1","True","True","8","2","NaCl","gpt-4o","8-Aza-2′-deoxyisoguanosine (z8isoGd)","No Gel","5.091869354248047","5.911867141723633","5.665867805480957","7.046312187685214","0.6084665398123454","5.665867805480957","2.2687268598697217"
"Strategy 2","2","True","True","8","2","NaCl","gpt-4o","8-Aza-2′-deoxyisoguanosine (z8isoGd)","No Gel","4.730077743530273","5.674442132314046","5.3911328156789144","6.994047347950997","0.6062055245438903","5.391132815678914","2.6441767146185566"
"Strategy 3","3","True","True","8","2","NaCl","gpt-4o","8-Aza-2′-deoxyisoguanosine (z8isoGd)","No Gel","4.4257276852925616","5.309417963027954","5.044310879707336","6.769488451154349","0.7170516008313558","5.044310879707336","2.4059322501293186"
"Strategy 0","0","True","True","8","3","KCl","gpt-4o","8-Aza-2′-deoxyisoguanosine (z8isoGd)","Gel","4.983316739400228","6.355685790379842","5.943975075085958","6.363454745413413","0.5692037459414393","5.943975075085958","0.7369587310667692"
"Strategy 1","1","False","False","8","3","KCl","gpt-4o","8-Aza-2′-deoxyisoguanosine (z8isoGd)","Gel","5.971082210540772","7.099361737569173","6.760877879460653","6.926873269007188","0.6559794907925385","6.760877879460653","0.2530496637112582"
"Strategy 2","2","False","False","8","3","KCl","gpt-4o","8-Aza-2′-deoxyisoguanosine (z8isoGd)","Gel","5.774825890858968","7.128393491109212","6.722323211034138","6.858559990237232","0.6181050405259323","6.722323211034138","0.2204103999656326"
"Strategy 3","3","False","False","8","3","KCl","gpt-4o","8-Aza-2′-deoxyisoguanosine (z8isoGd)","Gel","5.734281063079834","6.71197231610616","6.418664940198262","6.769629324868667","0.7197132355175504","6.418664940198262","0.4876447553698584"
"Strategy 0","0","True","True","8","4","KCl","gpt-4o","8-Aza-2′-deoxyisoguanosine (z8isoGd)","Gel","5.965371449788411","6.800025463104248","6.549629259109497","6.552628157243555","0.5705185030949995","6.549629259109497","0.00525644324906173"
"Strategy 1","1","False","False","8","4","KCl","gpt-4o","8-Aza-2′-deoxyisoguanosine (z8isoGd)","Gel","6.093603610992432","6.787265141805013","6.579166682561239","6.688934505755895","0.6680498399773709","6.579166682561239","0.16431082926144175"
"Strategy 2","2","False","False","8","4","KCl","gpt-4o","8-Aza-2′-deoxyisoguanosine (z8isoGd)","Gel","6.255418300628662","6.900665879249573","6.707091605663299","6.791325538472611","0.6304455841679586","6.707091605663299","0.13361015593515652"
"Strategy 3","3","False","False","8","4","KCl","gpt-4o","8-Aza-2′-deoxyisoguanosine (z8isoGd)","Gel","6.023184935251872","6.663316488265991","6.471277022361755","6.554989303914152","0.713577323855954","6.471277022361755","0.11731353947746144"
"Strategy 0","0","False","False","9","1","LiCl","gpt-4o","8-Aza-2′-deoxyguanosine (z8Gd)","No Gel","4.841109752655029","6.291795651117961","5.8565898815790804","6.513225300182667","0.5605299549427081","5.85658988157908","1.1714546436161506"
"Strategy 1","1","True","True","9","1","LiCl","gpt-4o","8-Aza-2′-deoxyguanosine (z8Gd)","No Gel","5.075532118479411","6.394409259160359","5.998746116956075","7.143978702436738","0.6155065435558459","5.998746116956075","1.8606342978330244"
"Strategy 2","2","True","True","9","1","LiCl","gpt-4o","8-Aza-2′-deoxyguanosine (z8Gd)","No Gel","5.136722723642985","6.414958953857422","6.031488084793089","7.0916701594680465","0.6070310245802891","6.031488084793089","1.7465039376001972"
"Strategy 3","3","True","True","9","1","LiCl","gpt-4o","8-Aza-2′-deoxyguanosine (z8Gd)","No Gel","4.623539129892985","5.6747705936431885","5.359401154518127","6.769229606941381","0.6914757892594161","5.359401154518127","2.0388688574811953"
"Strategy 0","0","False","False","9","2","KCl","gpt-4o","8-Aza-2′-deoxyguanosine (z8Gd)","No Gel","4.746102015177409","5.966264406840007","5.600215689341226","6.604820468813874","0.6082539183217924","5.600215689341226","1.6516207281400015"
"Strategy 1","1","False","False","9","2","KCl","gpt-4o","8-Aza-2′-deoxyguanosine (z8Gd)","No Gel","5.047656853993733","6.106216351191203","5.788648502031961","6.942249430365648","0.6380221685244977","5.788648502031961","1.808089099790258"
"Strategy 2","2","False","False","9","2","KCl","gpt-4o","8-Aza-2′-deoxyguanosine (z8Gd)","No Gel","4.79914665222168","5.925604899724324","5.587667425473531","6.800810901570382","0.6562210724275209","5.587667425473531","1.8486810726896339"
"Strategy 3","3","False","False","9","2","KCl","gpt-4o","8-Aza-2′-deoxyguanosine (z8Gd)","No Gel","4.128928979237874","5.369073073069255","4.997029844919839","6.381640271931039","0.7313888830587455","4.997029844919839","1.8931247918625904"
"Strategy 0","0","False","False","9","3","NaCl","gpt-4o","8-Aza-2′-deoxyguanosine (z8Gd)","No Gel","4.533719062805176","5.955431938171387","5.528918075561523","6.435270996241607","0.5721712083407439","5.528918075561523","1.5840589450637386"
"Strategy 1","1","True","True","9","3","NaCl","gpt-4o","8-Aza-2′-deoxyguanosine (z8Gd)","No Gel","4.9103976885477705","5.949031670888265","5.637441476186116","7.1554397727783945","0.6568432756253091","5.637441476186116","2.311050981144866"
"Strategy 2","2","True","True","9","3","NaCl","gpt-4o","8-Aza-2′-deoxyguanosine (z8Gd)","No Gel","4.821094195048015","5.9508109887441","5.611895950635275","6.96911157588318","0.6235764677506489","5.611895950635275","2.176502314373124"
"Strategy 3","3","True","True","9","3","NaCl","gpt-4o","8-Aza-2′-deoxyguanosine (z8Gd)","No Gel","4.042476495107015","5.2916436195373535","4.916893482208252","6.649208872386035","0.6990009636219096","4.916893482208252","2.4782732504426055"
"Strategy 0","0","True","True","10","1","H₂O","gpt-4o","2-Amino-2′-fluoro-2′-deoxyadenosine (2-FA)","Gel","5.092676003774007","6.277532021204631","5.922075215975443","6.360588323176676","0.48261030966038604","5.922075215975443","0.9086277239079618"
"Strategy 1","1","False","False","10","1","H₂O","gpt-4o","2-Amino-2′-fluoro-2′-deoxyadenosine (2-FA)","Gel","5.601354440053304","6.286916097005208","6.081247599919638","6.655809429203201","0.50312731454725","6.081247599919638","1.1419809910352308"
"Strategy 2","2","False","False","10","1","H₂O","gpt-4o","2-Amino-2′-fluoro-2′-deoxyadenosine (2-FA)","Gel","5.651721000671387","6.2442240715026855","6.066473150253295","6.624164427466479","0.46596112602988116","6.066473150253295","1.196862240343671"
"Strategy 3","3","False","False","10","1","H₂O","gpt-4o","2-Amino-2′-fluoro-2′-deoxyadenosine (2-FA)","Gel","5.48330020904541","6.215423107147217","5.995786237716675","6.524698700338063","0.49652035552991036","5.995786237716675","1.065238225846567"
"Strategy 0","0","True","True","10","2","PBS","gpt-4o","2-Amino-2′-fluoro-2′-deoxyadenosine (2-FA)","Gel","4.87710968653361","6.023678302764893","5.679707717895507","6.488367658807325","0.44769382513440925","5.679707717895507","1.8062789690455026"
"Strategy 1","1","False","False","10","2","PBS","gpt-4o","2-Amino-2′-fluoro-2′-deoxyadenosine (2-FA)","Gel","4.905993302663167","5.810861269632976","5.539400879542033","6.470863746118176","0.48092929485901736","5.539400879542033","1.936797937936382"
"Strategy 2","2","False","False","10","2","PBS","gpt-4o","2-Amino-2′-fluoro-2′-deoxyadenosine (2-FA)","Gel","5.089667161305745","5.945425669352214","5.688698116938272","6.636185574469948","0.4579727709042452","5.688698116938272","2.068872906266693"
"Strategy 3","3","False","False","10","2","PBS","gpt-4o","2-Amino-2′-fluoro-2′-deoxyadenosine (2-FA)","Gel","5.106443087259929","5.912006934483846","5.670337780316671","6.61503190199534","0.4904045299227445","5.670337780316671","1.9263568422328616"
"Strategy 0","0","False","False","11","1","H₂O","gpt-4o","2-aminoadenosine (2-RA)","No Gel","5.3829771677653","6.039124011993408","5.842279958724975","6.343493665219585","0.503586808408755","5.842279958724975","0.9952876011155967"
"Strategy 1","1","False","False","11","1","H₂O","gpt-4o","2-aminoadenosine (2-RA)","No Gel","5.364480495452881","6.312289953231812","6.027947115898132","6.4940573721277","0.48227180598901326","6.027947115898132","0.9664887112231196"
"Strategy 2","2","False","False","11","1","H₂O","gpt-4o","2-aminoadenosine (2-RA)","No Gel","5.47463846206665","6.278937101364136","6.0376475095748905","6.570868365339531","0.4702849179486123","6.0376475095748905","1.133825124757467"
"Strategy 3","3","True","True","11","1","H₂O","gpt-4o","2-aminoadenosine (2-RA)","No Gel","5.072135925292969","5.841965079307556","5.61101633310318","6.645398058078086","0.5054416971108486","5.61101633310318","2.0464906850533446"
"Strategy 0","0","False","False","12","1","H₂O","gpt-4o","2′-deoxy-2-aminoadenosine (2-DA)","No Gel","5.307970364888509","6.194139162699382","5.9282885233561196","6.262640593156641","0.5222902139820091","5.92828852335612","0.6401652967061697"
"Strategy 1","1","False","False","12","1","H₂O","gpt-4o","2′-deoxy-2-aminoadenosine (2-DA)","No Gel","5.457137743631999","6.560417413711548","6.229433512687684","6.452519518029166","0.492855453262878","6.229433512687684","0.4526398234301229"
"Strategy 2","2","True","True","12","1","H₂O","gpt-4o","2′-deoxy-2-aminoadenosine (2-DA)","No Gel","5.413625717163086","6.3757805824279785","6.087134122848511","6.491709281677423","0.5114775995141528","6.087134122848511","0.7909929177997508"
"Strategy 3","3","False","False","12","1","H₂O","gpt-4o","2′-deoxy-2-aminoadenosine (2-DA)","No Gel","5.582322120666504","6.386355519294739","6.145145499706268","6.635487948831662","0.5496219622379045","6.145145499706268","0.8921449338175256"
"Strategy 0","0","True","True","13","1","H₂O","gpt-4o","5-(1-Benzyl-1H-1,2,3-triazol-4-yl)-2′-deoxyuridine","Gel","4.058762152989705","5.457413673400879","5.037818217277526","6.261767465630858","0.5659404853844788","5.037818217277526","2.1626819073066073"
"Strategy 1","1","False","False","13","1","H₂O","gpt-4o","5-(1-Benzyl-1H-1,2,3-triazol-4-yl)-2′-deoxyuridine","Gel","4.491025924682617","5.510770082473755","5.204846835136414","6.446743804170179","0.5564127762457776","5.204846835136414","2.2319706197493865"
"Strategy 2","2","False","False","13","1","H₂O","gpt-4o","5-(1-Benzyl-1H-1,2,3-triazol-4-yl)-2′-deoxyuridine","Gel","4.27165961265564","5.512958407402039","5.1405687689781185","6.344934496861095","0.5450118859202946","5.140568768978119","2.2097971787336563"
"Strategy 3","3","True","True","13","1","H₂O","gpt-4o","5-(1-Benzyl-1H-1,2,3-triazol-4-yl)-2′-deoxyuridine","Gel","4.002573490142822","5.155646642049153","4.809724696477254","6.275445557934368","0.5886712826452121","4.809724696477254","2.4898800139712165"
"Strategy 0","0","True","True","13","2","acidic pH","gpt-4o","5-(1-Benzyl-1H-1,2,3-triazol-4-yl)-2′-deoxyuridine","Gel","6.030664920806885","6.974727471669515","6.691508706410725","6.23096363525982","0.54133323284906","6.691508706410725","-0.8507607573380207"
"Strategy 1","1","True","True","13","2","acidic pH","gpt-4o","5-(1-Benzyl-1H-1,2,3-triazol-4-yl)-2′-deoxyuridine","Gel","6.464982748031616","7.16676127910614","6.956227719783783","6.547568920139194","0.6216944130695569","6.956227719783783","-0.6573306612598864"
"Strategy 2","2","True","True","13","2","acidic pH","gpt-4o","5-(1-Benzyl-1H-1,2,3-triazol-4-yl)-2′-deoxyuridine","Gel","6.306250095367432","6.875502943992615","6.7047270894050595","6.2798411723255185","0.5925678553856476","6.70472708940506","-0.7170249165861722"
"Strategy 3","3","True","True","13","2","acidic pH","gpt-4o","5-(1-Benzyl-1H-1,2,3-triazol-4-yl)-2′-deoxyuridine","Gel","5.942129373550415","6.513072609901428","6.341789638996124","6.160869375495023","0.5617675606909921","6.341789638996124","-0.3220553769223763"
"Strategy 0","0","False","False","13","3","acidic pH + benzyl amine","gpt-4o","5-(1-Benzyl-1H-1,2,3-triazol-4-yl)-2′-deoxyuridine","No Gel","5.1085076332092285","6.311119635899861","5.950336035092671","6.1974433938354165","0.5975633105304553","5.950336035092671","0.4135249845299052"
"Strategy 1","1","False","False","13","3","acidic pH + benzyl amine","gpt-4o","5-(1-Benzyl-1H-1,2,3-triazol-4-yl)-2′-deoxyuridine","No Gel","5.658118009567261","6.591501355171204","6.311486351490021","6.541115513605665","0.5614179321148971","6.311486351490021","0.4090164367401249"
"Strategy 2","2","False","False","13","3","acidic pH + benzyl amine","gpt-4o","5-(1-Benzyl-1H-1,2,3-triazol-4-yl)-2′-deoxyuridine","No Gel","5.40512490272522","6.493334531784058","6.166871643066406","6.3800874730413275","0.5862056890614123","6.166871643066406","0.3637218709294795"
"Strategy 3","3","False","False","13","3","acidic pH + benzyl amine","gpt-4o","5-(1-Benzyl-1H-1,2,3-triazol-4-yl)-2′-deoxyuridine","No Gel","5.006477355957031","6.354104518890381","5.949816370010375","6.334896951374773","0.5580855828604009","5.949816370010375","0.6900027400649079"
"Strategy 0","0","False","False","14","1","H₂O","gpt-4o","5-(1-o-Methylbenzyl-1H-1,2,3-triazol-4-yl)-2′-deoxyuridine","No Gel","5.068903923034668","6.534838438034058","6.095058083534241","6.145771027720252","0.5574556792339674","6.095058083534241","0.0909721545140569"
"Strategy 1","1","True","True","14","1","H₂O","gpt-4o","5-(1-o-Methylbenzyl-1H-1,2,3-triazol-4-yl)-2′-deoxyuridine","No Gel","5.46473757425944","6.705358902613322","6.333172504107156","6.534632974447206","0.5839329140857377","6.333172504107156","0.3450061907462019"
"Strategy 2","2","True","True","14","1","H₂O","gpt-4o","5-(1-o-Methylbenzyl-1H-1,2,3-triazol-4-yl)-2′-deoxyuridine","No Gel","5.462648868560791","6.512730677922566","6.197706135114033","6.509531235202029","0.5575723166387004","6.197706135114033","0.5592549895013079"
"Strategy 3","3","True","True","14","1","H₂O","gpt-4o","5-(1-o-Methylbenzyl-1H-1,2,3-triazol-4-yl)-2′-deoxyuridine","No Gel","4.5183751583099365","5.793192625045776","5.410747385025024","6.224370615057243","0.5382860525324134","5.410747385025024","1.5115071739356014"
"Strategy 0","0","True","True","15","1","H₂O","gpt-4o","5-(1-m-Methylbenzyl-1H-1,2,3-triazol-4-yl)-2′-deoxyuridine","No Gel","6.232653617858887","7.9910489320755005","7.463530337810516","6.095487576399662","0.5393487461863057","7.463530337810516","-2.536471570730778"
"Strategy 1","1","True","True","15","1","H₂O","gpt-4o","5-(1-m-Methylbenzyl-1H-1,2,3-triazol-4-yl)-2′-deoxyuridine","No Gel","6.446577707926433","7.968995650609334","7.512270267804463","6.290927863737101","0.5652807830977341","7.512270267804463","-2.1605942402188436"
"Strategy 2","2","True","True","15","1","H₂O","gpt-4o","5-(1-m-Methylbenzyl-1H-1,2,3-triazol-4-yl)-2′-deoxyuridine","No Gel","6.190027236938477","7.896261215209961","7.384391021728515","6.430479763583003","0.5293348519545932","7.384391021728515","-1.802094184093775"
"Strategy 3","3","False","False","15","1","H₂O","gpt-4o","5-(1-m-Methylbenzyl-1H-1,2,3-triazol-4-yl)-2′-deoxyuridine","No Gel","5.979439735412598","7.559215466181437","7.085282746950785","6.193670694772587","0.5755292547690394","7.085282746950785","-1.5492037021402207"
"Strategy 0","0","True","True","16","1","H₂O","gpt-4o","5-(1-p-Methylbenzyl-1H-1,2,3-triazol-4-yl)-2′-deoxyuridine","Gel","4.720948219299316","5.911720514297485","5.5544888257980345","6.102731885712893","0.5530747206091637","5.5544888257980345","0.9912640001174093"
"Strategy 1","1","True","True","16","1","H₂O","gpt-4o","5-(1-p-Methylbenzyl-1H-1,2,3-triazol-4-yl)-2′-deoxyuridine","Gel","5.256640752156575","6.20750077565511","5.92224276860555","6.521412248636093","0.5005388378769806","5.92224276860555","1.197048929453509"
"Strategy 2","2","True","True","16","1","H₂O","gpt-4o","5-(1-p-Methylbenzyl-1H-1,2,3-triazol-4-yl)-2′-deoxyuridine","Gel","5.125713189442952","5.978562513987224","5.722707716623941","6.492041471639037","0.531357705438328","5.722707716623941","1.447864117036669"
"Strategy 3","3","True","True","16","1","H₂O","gpt-4o","5-(1-p-Methylbenzyl-1H-1,2,3-triazol-4-yl)-2′-deoxyuridine","Gel","4.709645748138428","5.5944450696309405","5.329005273183186","6.200605431946056","0.5576922345893252","5.329005273183186","1.562869455058311"
"Strategy 0","0","False","False","17","1","H₂O","gpt-4o","5-(1-o-Ethylbenzyl-1H-1,2,3-triazol-4-yl)-2′-deoxyuridine","No Gel","5.762784004211426","6.837803681691487","6.515297778447469","6.125186446778843","0.570399613665516","6.515297778447469","-0.6839263602611563"
"Strategy 1","1","True","True","17","1","H₂O","gpt-4o","5-(1-o-Ethylbenzyl-1H-1,2,3-triazol-4-yl)-2′-deoxyuridine","No Gel","6.126214186350505","6.951836427052816","6.704149754842121","6.352004356716954","0.5814286198125659","6.704149754842121","-0.6056554254909023"
"Strategy 2","2","True","True","17","1","H₂O","gpt-4o","5-(1-o-Ethylbenzyl-1H-1,2,3-triazol-4-yl)-2′-deoxyuridine","No Gel","6.394237200419108","7.2970099449157715","7.0261781215667725","6.568467816579558","0.5713059017860562","7.0261781215667725","-0.8011650213244583"
"Strategy 3","3","True","True","17","1","H₂O","gpt-4o","5-(1-o-Ethylbenzyl-1H-1,2,3-triazol-4-yl)-2′-deoxyuridine","No Gel","5.585892995198567","6.415635744730632","6.166712919871013","6.150165668876904","0.5536150355665627","6.166712919871013","-0.029889453737783702"
"Strategy 0","0","True","True","18","1","H₂O","gpt-4o","5-(1-p-Ethylbenzyl-1H-1,2,3-triazol-4-yl)-2′-deoxyuridine","Gel","4.73658545811971","5.813185294469197","5.490205343564351","6.228704539688366","0.612473257845528","5.490205343564351","1.2057656177868126"
"Strategy 1","1","True","True","18","1","H₂O","gpt-4o","5-(1-p-Ethylbenzyl-1H-1,2,3-triazol-4-yl)-2′-deoxyuridine","Gel","4.841263771057129","6.10142970085144","5.723379921913146","6.452233478819676","0.5372036006928225","5.723379921913146","1.3567547871357146"
"Strategy 2","2","True","True","18","1","H₂O","gpt-4o","5-(1-p-Ethylbenzyl-1H-1,2,3-triazol-4-yl)-2′-deoxyuridine","Gel","4.92862335840861","6.022506952285767","5.694341874122618","6.4467066202976895","0.5453874802224035","5.694341874122618","1.379504982161058"
"Strategy 3","3","True","True","18","1","H₂O","gpt-4o","5-(1-p-Ethylbenzyl-1H-1,2,3-triazol-4-yl)-2′-deoxyuridine","Gel","4.499552567799886","5.755114555358887","5.378445959091185","6.136391931479599","0.5588840349226238","5.378445959091185","1.35617753420591"
"Strategy 0","0","True","True","19","1","H₂O","gpt-4o","5-(1-p-Butylbenzyl-1H-1,2,3-triazol-4-yl)-2′-deoxyuridine","Gel","5.452884515126546","6.544105450312297","6.216739169756571","6.034891393757606","0.5656644769676848","6.216739169756571","-0.321476393521797"
"Strategy 1","1","True","True","19","1","H₂O","gpt-4o","5-(1-p-Butylbenzyl-1H-1,2,3-triazol-4-yl)-2′-deoxyuridine","Gel","5.590854008992513","6.481276750564575","6.214149928092955","6.222175149646532","0.5682240473828458","6.214149928092955","0.014123340239715797"
"Strategy 2","2","True","True","19","1","H₂O","gpt-4o","5-(1-p-Butylbenzyl-1H-1,2,3-triazol-4-yl)-2′-deoxyuridine","Gel","5.678130626678467","6.498461008071899","6.252361893653869","6.242639007925679","0.580879314827835","6.252361893653869","-0.01673821993656497"
"Strategy 3","3","True","True","19","1","H₂O","gpt-4o","5-(1-p-Butylbenzyl-1H-1,2,3-triazol-4-yl)-2′-deoxyuridine","Gel","5.218203226725261","6.03621490796407","5.790811403592428","6.087571762513744","0.5783128142483231","5.790811403592428","0.5131485099582973"
"Strategy 0","0","True","True","20","1","EtOH/H₂O","gpt-4o","4-N-Octanoylgemcitabine","Gel","4.4894609451293945","5.752502123514812","5.373589769999185","6.29845964569762","0.5350978940219752","5.373589769999185","1.7284124756066648"
"Strategy 1","1","False","False","20","1","EtOH/H₂O","gpt-4o","4-N-Octanoylgemcitabine","Gel","4.089464028676351","5.224252780278524","4.883816154797871","6.4435707071338815","0.5710990426697332","4.883816154797871","2.7311454507865762"
"Strategy 2","2","False","False","20","1","EtOH/H₂O","gpt-4o","4-N-Octanoylgemcitabine","Gel","3.797534783681234","5.132861693700154","4.732263620694479","6.346800441581765","0.5639581504532746","4.732263620694479","2.8628663662181704"
"Strategy 3","3","True","True","20","1","EtOH/H₂O","gpt-4o","4-N-Octanoylgemcitabine","Gel","4.128876566886902","5.337171792984009","4.974683225154877","6.550127659564794","0.516942097478001","4.974683225154877","3.0476226294898754"
"Strategy 0","0","True","True","21","1","EtOH/H₂O","gpt-4o","4-N-Decanoyllamivudine","Gel","5.307683944702148","6.395958105723064","6.069475857416788","6.215437106876718","0.5289947421802106","6.069475857416788","0.27592192855899084"
"Strategy 1","1","True","True","21","1","EtOH/H₂O","gpt-4o","4-N-Decanoyllamivudine","Gel","5.682402610778809","6.94526465733846","6.566406043370564","6.593466940714714","0.5275982544426631","6.566406043370564","0.051290725691912765"
"Strategy 2","2","True","True","21","1","EtOH/H₂O","gpt-4o","4-N-Decanoyllamivudine","Gel","5.414225260416667","6.672199249267578","6.294807052612303","6.28096708222569","0.5525262814552273","6.294807052612303","-0.0250485286422256"
"Strategy 3","3","True","True","21","1","EtOH/H₂O","gpt-4o","4-N-Decanoyllamivudine","Gel","5.84669828414917","6.855258862177531","6.552690688769022","6.46110876586086","0.6348797458891137","6.552690688769022","-0.1442508183654633"
"Strategy 0","0","False","False","22","1","EtOH/H₂O","gpt-4o","5'-O-Myristoylgemcitabine","No Gel","4.549826939900716","5.621922254562378","5.30029366016388","6.298423172460353","0.5238490571075043","5.30029366016388","1.9053761742127888"
"Strategy 1","1","True","True","22","1","EtOH/H₂O","gpt-4o","5'-O-Myristoylgemcitabine","No Gel","5.036701440811157","5.98677384853363","5.701752126216888","6.654798025216243","0.5525048832959137","5.701752126216888","1.724954706850829"
"Strategy 2","2","True","True","22","1","EtOH/H₂O","gpt-4o","5'-O-Myristoylgemcitabine","No Gel","4.802410125732422","5.834840615590413","5.525111468633015","6.5204057886927","0.5528533252585195","5.525111468633015","1.800286395300735"
"Strategy 3","3","True","True","22","1","EtOH/H₂O","gpt-4o","5'-O-Myristoylgemcitabine","No Gel","5.083756287892659","6.024314324061076","5.74214691321055","6.6599916829619294","0.5294090797896656","5.74214691321055","1.7337155798613044"
"Strategy 0","0","False","False","23","1","EtOH/H₂O","gpt-4o","5'-O-Lauroylgemcitabine","No Gel","4.357190291086833","5.600044409434001","5.22718817392985","6.30264073163656","0.5191688027660925","5.22718817392985","2.071489180352862"
"Strategy 1","1","True","True","23","1","EtOH/H₂O","gpt-4o","5'-O-Lauroylgemcitabine","No Gel","4.256033579508464","5.760020653406779","5.308824531237284","6.621936273759649","0.5834282306314199","5.308824531237284","2.2506825579921625"
"Strategy 2","2","True","True","23","1","EtOH/H₂O","gpt-4o","5'-O-Lauroylgemcitabine","No Gel","4.459451516469319","5.965293645858765","5.513541007041931","6.6660770439670385","0.5384597387862647","5.513541007041931","2.140431222440186"
"Strategy 3","3","True","True","23","1","EtOH/H₂O","gpt-4o","5'-O-Lauroylgemcitabine","No Gel","3.987662156422933","5.696390708287557","5.18377214272817","6.123811464223443","0.5182258315729134","5.18377214272817","1.8139568972123132"
"Strategy 0","0","False","False","24","1","EtOH/H₂O","gpt-4o","5'-O-Hexanoylgemcitabine","No Gel","5.1763559977213545","6.238654057184855","5.919964639345804","6.383564152335627","0.5335214290988621","5.919964639345804","0.8689426285516959"
"Strategy 1","1","True","True","24","1","EtOH/H₂O","gpt-4o","5'-O-Hexanoylgemcitabine","No Gel","5.344114621480306","6.480526447296143","6.139602899551392","6.530909295168342","0.5576885764046501","6.139602899551392","0.7016575418124115"
"Strategy 2","2","True","True","24","1","EtOH/H₂O","gpt-4o","5'-O-Hexanoylgemcitabine","No Gel","5.347968578338623","6.722823222478231","6.310366829236347","6.724848398312117","0.53012748551539","6.310366829236347","0.7818526305475576"
"Strategy 3","3","True","True","24","1","EtOH/H₂O","gpt-4o","5'-O-Hexanoylgemcitabine","No Gel","4.649821758270264","5.833840052286784","5.478634564081827","6.222936744036908","0.5442723634181521","5.478634564081827","1.3675178641823686"
"Strategy 0","0","True","True","25","1","NaOH","gpt-4o","5'-O-Lauroylribothymidine","No Gel","5.607845067977905","6.965142607688904","6.557953345775604","6.167369604757589","0.5139535344256182","6.557953345775604","-0.7599592470057085"
"Strategy 1","1","True","True","25","1","NaOH","gpt-4o","5'-O-Lauroylribothymidine","No Gel","5.95390780766805","7.175294001897176","6.808878143628438","6.470268476902668","0.5180904587080222","6.808878143628438","-0.6535724814739318"
"Strategy 2","2","True","True","25","1","NaOH","gpt-4o","5'-O-Lauroylribothymidine","No Gel","6.444690386454265","7.365688721338908","7.089389220873514","6.688476058494213","0.5246637699347626","7.089389220873514","-0.7641334991153501"
"Strategy 3","3","True","True","25","1","NaOH","gpt-4o","5'-O-Lauroylribothymidine","No Gel","5.552000363667806","6.411894241968791","6.153926078478495","6.250358395798262","0.5195010026024247","6.153926078478495","0.18562489164927917"
"Strategy 0","0","True","True","25","2","Organic solvents","gpt-4o","5'-O-Lauroylribothymidine","Gel","4.786206563313802","5.588661670684815","5.34792513847351","6.293320447529933","0.5500994759593694","5.34792513847351","1.7185897285352987"
"Strategy 1","1","True","True","25","2","Organic solvents","gpt-4o","5'-O-Lauroylribothymidine","Gel","5.189026355743408","5.96982741355896","5.735587096214293","6.552889198111009","0.5265332755548383","5.735587096214293","1.5522325745423735"
"Strategy 2","2","True","True","25","2","Organic solvents","gpt-4o","5'-O-Lauroylribothymidine","Gel","5.968102931976318","6.370733261108398","6.249944162368775","6.914914046270286","0.5608636508909665","6.249944162368775","1.1856177216069639"
"Strategy 3","3","True","True","25","2","Organic solvents","gpt-4o","5'-O-Lauroylribothymidine","Gel","4.68133544921875","5.41202441851298","5.192817727724711","6.226196711377579","0.5457287037238306","5.192817727724711","1.8935763807208779"
"Strategy 0","0","True","True","26","1","NaOH","gpt-4o","5'-O-Myristoylribothymidine","Gel","5.575047651926677","6.668771664301555","6.34065446058909","6.1317426690143515","0.5264914565469547","6.34065446058909","-0.39679996508377735"
"Strategy 1","1","True","True","26","1","NaOH","gpt-4o","5'-O-Myristoylribothymidine","Gel","5.4537107944488525","6.375293016433716","6.098818349838256","6.2384464276853455","0.5559821485593556","6.098818349838256","0.25113769967055577"
"Strategy 2","2","True","True","26","1","NaOH","gpt-4o","5'-O-Myristoylribothymidine","Gel","5.179668585459392","6.42361585299174","6.050431672732035","6.32865928001798","0.4358962111599692","6.050431672732035","0.6382886571680679"
"Strategy 3","3","False","False","26","1","NaOH","gpt-4o","5'-O-Myristoylribothymidine","Gel","5.239598274230957","6.300652742385864","5.982336401939391","6.1487895848215075","0.5183465076364393","5.982336401939391","0.3211233806534376"
"Strategy 0","0","False","False","26","2","KOH","gpt-4o","5'-O-Myristoylribothymidine","No Gel","5.913172086079915","6.900187333424886","6.604082759221394","6.346571754053889","0.513407661120243","6.604082759221394","-0.5015721904219793"
"Strategy 1","1","True","True","26","2","KOH","gpt-4o","5'-O-Myristoylribothymidine","No Gel","6.342381159464519","7.124621470769246","6.889949377377827","6.809059475558672","0.5113070331393642","6.889949377377827","-0.15820220841184404"
"Strategy 2","2","True","True","26","2","KOH","gpt-4o","5'-O-Myristoylribothymidine","No Gel","6.38454532623291","7.27841313680013","7.010252793629964","6.695919540624594","0.5135989762753873","7.010252793629964","-0.6120207935088001"
"Strategy 3","3","True","True","26","2","KOH","gpt-4o","5'-O-Myristoylribothymidine","No Gel","5.2695136070251465","6.049370447794597","5.815413395563762","6.506039983788817","0.5282996124734507","5.815413395563762","1.307263098285468"
"Strategy 0","0","False","False","26","3","LiOH","gpt-4o","5'-O-Myristoylribothymidine","No Gel","5.54499880472819","6.817643960316976","6.435850413640341","6.22096199256197","0.5068395147711737","6.435850413640341","-0.42397724489849165"
"Strategy 1","1","True","True","26","3","LiOH","gpt-4o","5'-O-Myristoylribothymidine","No Gel","5.824875672658284","6.831151644388835","6.52926885286967","6.571109105203811","0.4641261425022522","6.52926885286967","0.09014844996355223"
"Strategy 2","2","True","True","26","3","LiOH","gpt-4o","5'-O-Myristoylribothymidine","No Gel","5.998823324839274","6.688051700592041","6.481283187866211","6.5287056869314615","0.5374762428604996","6.481283187866211","0.0882318050242807"
"Strategy 3","3","True","True","26","3","LiOH","gpt-4o","5'-O-Myristoylribothymidine","No Gel","5.069029013315837","5.865403652191162","5.626491260528565","6.434805400488605","0.5476565511399697","5.626491260528565","1.4759508277176654"
"Strategy 0","0","True","True","26","4","Organic solvents","gpt-4o","5'-O-Myristoylribothymidine","Gel","4.075499773025513","5.344185829162598","4.963580012321472","6.149790195778051","0.5228273670476481","4.963580012321472","2.2688372074992644"
"Strategy 1","1","True","True","26","4","Organic solvents","gpt-4o","5'-O-Myristoylribothymidine","Gel","4.6971435546875","5.789801120758057","5.462003850936889","6.483808530331889","0.5229895608087721","5.462003850936889","1.953776434494869"
"Strategy 2","2","True","True","26","4","Organic solvents","gpt-4o","5'-O-Myristoylribothymidine","Gel","4.777463595072429","5.878020127614339","5.547853167851765","6.606608836410581","0.5692779016544394","5.547853167851765","1.8598221808397146"
"Strategy 3","3","True","True","26","4","Organic solvents","gpt-4o","5'-O-Myristoylribothymidine","Gel","4.21806526184082","5.454795996348064","5.08377677599589","6.210892644101026","0.5495633955865279","5.08377677599589","2.050929660084454"
"Strategy 0","0","True","True","27","1","NaOH","gpt-4o","5'-O-Palmitoylribothymidine","Gel","6.234732786814372","7.1405735810597735","6.868821342786153","6.118611854422616","0.5657726165053746","6.868821342786153","-1.3259911605432222"
"Strategy 1","1","True","True","27","1","NaOH","gpt-4o","5'-O-Palmitoylribothymidine","Gel","6.838299751281738","7.695757309595744","7.438520042101541","6.539586181110805","0.5322844232994971","7.438520042101541","-1.688822407047855"
"Strategy 2","2","True","True","27","1","NaOH","gpt-4o","5'-O-Palmitoylribothymidine","Gel","6.357098340988159","7.021892786026001","6.822454452514648","6.462832198956215","0.49163241194450963","6.822454452514648","-0.7314860550712107"
"Strategy 3","3","True","True","27","1","NaOH","gpt-4o","5'-O-Palmitoylribothymidine","Gel","5.700911362965901","6.4379556973775225","6.216842397054035","6.130071044769089","0.5821151528529946","6.216842397054035","-0.14906217757718937"
"Strategy 0","0","True","True","27","2","KOH","gpt-4o","5'-O-Palmitoylribothymidine","No Gel","5.630563259124756","6.560470342636108","6.281498217582701","6.166778943027328","0.5372194470054232","6.281498217582701","-0.21354266900582813"
"Strategy 1","1","True","True","27","2","KOH","gpt-4o","5'-O-Palmitoylribothymidine","No Gel","6.4095845222473145","7.182373285293579","6.9505366563796995","6.6227512742197785","0.5355293312519541","6.9505366563797","-0.6120773653865573"
"Strategy 2","2","True","True","27","2","KOH","gpt-4o","5'-O-Palmitoylribothymidine","No Gel","6.129767100016276","6.995242277781169","6.7355997244517","6.653251684913339","0.5247097608896409","6.7355997244517","-0.15694017088369058"
"Strategy 3","3","True","True","27","2","KOH","gpt-4o","5'-O-Palmitoylribothymidine","No Gel","5.109163125356038","5.892107009887695","5.657223844528198","6.408827962185368","0.5517886974629641","5.657223844528198","1.3621230755775278"
"Strategy 0","0","False","False","27","3","LiOH","gpt-4o","5'-O-Palmitoylribothymidine","No Gel","5.561451435089111","6.653705835342407","6.326029515266418","6.195354120121445","0.578686468829801","6.326029515266418","-0.22581380796620307"
"Strategy 1","1","True","True","27","3","LiOH","gpt-4o","5'-O-Palmitoylribothymidine","No Gel","6.153155008951823","6.9830322265625","6.734069061279297","6.522426665722554","0.4991453613813979","6.734069061279297","-0.42400954097022425"
"Strategy 2","2","True","True","27","3","LiOH","gpt-4o","5'-O-Palmitoylribothymidine","No Gel","6.047183672587077","7.116571426391602","6.795755100250244","6.5349884074479725","0.4807014267733132","6.795755100250244","-0.5424712269997961"
"Strategy 3","3","True","True","27","3","LiOH","gpt-4o","5'-O-Palmitoylribothymidine","No Gel","5.112695535024007","6.130842447280884","5.825398373603821","6.481005384694082","0.538267257611081","5.825398373603821","1.2179953393411913"
"Strategy 0","0","True","True","27","4","Organic solvents","gpt-4o","5'-O-Palmitoylribothymidine","Gel","3.86479918162028","5.145035187403361","4.760964385668436","6.135211967929081","0.575144997267351","4.760964385668436","2.389393263942167"
"Strategy 1","1","True","True","27","4","Organic solvents","gpt-4o","5'-O-Palmitoylribothymidine","Gel","4.6571807861328125","5.677545150121053","5.371435840924581","6.505861708606552","0.5682054775594023","5.371435840924581","1.9965063915867913"
"Strategy 2","2","True","True","27","4","Organic solvents","gpt-4o","5'-O-Palmitoylribothymidine","Gel","4.576818466186523","5.498242934544881","5.221815594037374","6.726089206222415","0.5956242287498651","5.221815594037374","2.5255413389450396"
"Strategy 3","3","True","True","27","4","Organic solvents","gpt-4o","5'-O-Palmitoylribothymidine","Gel","4.039840857187907","5.067569653193156","4.759251014391581","6.273514804544375","0.5808652380310221","4.759251014391581","2.606910675677104"
"Strategy 0","0","False","False","28","1","NaOH","gpt-4o","5'-O-Lauroyluridine","No Gel","5.317960739135742","7.212013006210327","6.6437973260879515","6.388165935003788","0.5214188319725196","6.643797326087952","-0.4902611401991634"
"Strategy 1","1","False","False","28","1","NaOH","gpt-4o","5'-O-Lauroyluridine","No Gel","4.919604142506917","7.119983037312825","6.459869368871053","6.33186464987368","0.5122942978957156","6.459869368871053","-0.2498655939040542"
"Strategy 2","2","False","False","28","1","NaOH","gpt-4o","5'-O-Lauroyluridine","No Gel","5.16079584757487","7.021622896194458","6.463374781608581","6.493569457746599","0.5290788871455897","6.463374781608581","0.05707027226302561"
"Strategy 3","3","False","False","28","1","NaOH","gpt-4o","5'-O-Lauroyluridine","No Gel","4.705931663513184","6.677066405614217","6.085725982983906","6.079808779649956","0.5393398974393484","6.085725982983906","-0.010971195274155052"
"Strategy 0","0","True","True","28","2","Organic solvents","gpt-4o","5'-O-Lauroyluridine","Gel","5.252255757649739","6.762311538060506","6.3092948039372745","6.240674238611561","0.5398012452912371","6.3092948039372745","-0.12712191000724882"
"Strategy 1","1","True","True","28","2","Organic solvents","gpt-4o","5'-O-Lauroyluridine","Gel","5.760100205739339","6.701151688893636","6.4188362439473465","6.474014536108465","0.5842538461524648","6.4188362439473465","0.09444232592474712"
"Strategy 2","2","True","True","28","2","Organic solvents","gpt-4o","5'-O-Lauroyluridine","Gel","5.770949204762776","6.994277318318685","6.627278884251912","6.47999268305086","0.558641126196931","6.627278884251912","-0.26365083824697055"
"Strategy 3","3","True","True","28","2","Organic solvents","gpt-4o","5'-O-Lauroyluridine","Gel","4.686911741892497","6.227340380350749","5.765211788813272","6.0203155120829885","0.5469786599324592","5.765211788813272","0.46638697623270414"
"Strategy 0","0","True","True","29","1","NaOH","gpt-4o","5'-O-Myristoyluridine","Gel","5.25303316116333","6.355567693710327","6.024807333946228","6.404492943046628","0.517698670254235","6.024807333946228","0.7334104391536125"
"Strategy 1","1","True","True","29","1","NaOH","gpt-4o","5'-O-Myristoyluridine","Gel","5.234312693277995","6.431291103363037","6.072197580337524","6.447399578969299","0.4903360389813485","6.072197580337524","0.7651935994980927"
"Strategy 2","2","True","True","29","1","NaOH","gpt-4o","5'-O-Myristoyluridine","Gel","4.638047933578491","5.886439800262451","5.511922240257263","6.176687648407248","0.567605778605966","5.511922240257263","1.1711744897711263"
"Strategy 3","3","True","True","29","1","NaOH","gpt-4o","5'-O-Myristoyluridine","Gel","4.664518515268962","5.935381889343262","5.554122877120971","6.2007960841329215","0.48228909289073013","5.554122877120971","1.3408414507903128"
"Strategy 0","0","True","True","29","2","Organic solvents","gpt-4o","5'-O-Myristoyluridine","Gel","5.24531348546346","6.73372236887614","6.287199703852335","6.241063975794987","0.5265308916319459","6.287199703852335","-0.0876220726847645"
"Strategy 1","1","True","True","29","2","Organic solvents","gpt-4o","5'-O-Myristoyluridine","Gel","5.293722470601399","6.571475267410278","6.1881494283676135","6.284647149509854","0.5364709354472152","6.1881494283676135","0.17987502167623967"
"Strategy 2","2","True","True","29","2","Organic solvents","gpt-4o","5'-O-Myristoyluridine","Gel","5.6474199295043945","6.744299014409383","6.415235288937886","6.550699863507765","0.5826801928140877","6.415235288937886","0.23248529165826728"
"Strategy 3","3","True","True","29","2","Organic solvents","gpt-4o","5'-O-Myristoyluridine","Gel","5.103233973185222","6.347227255503337","5.974029270807901","6.189946377862639","0.571917733029978","5.974029270807901","0.37753175777716275"
"Strategy 0","0","True","True","30","1","NaOH","gpt-4o","5'-O-Palmitoyluridine","Gel","5.675639470418294","6.956747690836589","6.5724152247111","6.217654052630875","0.5877748528914768","6.5724152247111","-0.6035664342137577"
"Strategy 1","1","True","True","30","1","NaOH","gpt-4o","5'-O-Palmitoyluridine","Gel","5.910536924997966","6.865788857142131","6.579213277498881","6.333743225080407","0.5257884102322145","6.579213277498881","-0.46686090381882367"
"Strategy 2","2","True","True","30","1","NaOH","gpt-4o","5'-O-Palmitoyluridine","Gel","5.627044518788655","6.729741811752319","6.39893262386322","6.274265179646415","0.5296847266579956","6.39893262386322","-0.2353615989711176"
"Strategy 3","3","True","True","30","1","NaOH","gpt-4o","5'-O-Palmitoyluridine","Gel","5.403054873148601","6.447225093841553","6.133974027633667","6.164036941466713","0.5782022867906965","6.133974027633667","0.051993765019349"
"Strategy 0","0","True","True","30","2","Organic solvents","gpt-4o","5'-O-Palmitoyluridine","Gel","5.272012551625569","6.738802989323934","6.298765858014424","6.3570099233656885","0.547262068681099","6.298765858014424","0.1064281058097673"
"Strategy 1","1","True","True","30","2","Organic solvents","gpt-4o","5'-O-Palmitoyluridine","Gel","5.787322998046875","6.825591961542766","6.514111272493998","6.554175931661936","0.5986614636095027","6.514111272493998","0.06692373169700405"
"Strategy 2","2","True","True","30","2","Organic solvents","gpt-4o","5'-O-Palmitoyluridine","Gel","5.441013177235921","6.589360396067302","6.244856230417888","6.255907385848289","0.6297618091874735","6.244856230417888","0.017548151172678248"
"Strategy 3","3","True","True","30","2","Organic solvents","gpt-4o","5'-O-Palmitoyluridine","Gel","5.021446069081624","6.181577364603679","5.8335379759470625","6.09058305853713","0.602594016378841","5.833537975947063","0.42656427976952865"
"Strategy 0","0","True","True","31","1","H₂O","gpt-4o","A C–C linked benzyl azide ‘click’ conjugate of 8-aza-7-deaza-2′-deoxyadenosine","Gel","4.8485870361328125","6.094987869262695","5.72106761932373","6.3363751726249085","0.596797455672727","5.72106761932373","1.0310157113648994"
"Strategy 1","1","True","True","31","1","H₂O","gpt-4o","A C–C linked benzyl azide ‘click’ conjugate of 8-aza-7-deaza-2′-deoxyadenosine","Gel","5.107297658920288","6.240413069725037","5.9004784464836115","6.534357710494551","0.5669678631634316","5.900478446483612","1.1180162143126982"
"Strategy 2","2","False","False","31","1","H₂O","gpt-4o","A C–C linked benzyl azide ‘click’ conjugate of 8-aza-7-deaza-2′-deoxyadenosine","Gel","5.180983543395996","6.205407619476318","5.8980803966522215","6.557339029164277","0.5463801347195197","5.8980803966522215","1.2065933415578536"
"Strategy 3","3","False","False","31","1","H₂O","gpt-4o","A C–C linked benzyl azide ‘click’ conjugate of 8-aza-7-deaza-2′-deoxyadenosine","Gel","5.151755332946777","6.042736053466797","5.77544183731079","6.58678439079329","0.5810297372291502","5.77544183731079","1.3963873128967188"
"Strategy 0","0","False","False","32","1","H₂O","gpt-4o","The isomeric regio-conjugate of 8-aza-7-deaza-2′-deoxyadenosine, a C–N connectivity between the nucleobase and the triazole moiety","No Gel","5.01411231358846","6.242285251617432","6.186488310496013","6.431417689520566","0.5685363025592369","5.87383337020874","0.4308069298688862"
"Strategy 1","1","False","False","32","1","H₂O","gpt-4o","The isomeric regio-conjugate of 8-aza-7-deaza-2′-deoxyadenosine, a C–N connectivity between the nucleobase and the triazole moiety","No Gel","5.286249160766602","6.230438709259033","6.123934733867644","6.590178853134775","0.5848814792561334","5.947181844711304","0.7971599987404484"
"Strategy 2","2","False","False","32","1","H₂O","gpt-4o","The isomeric regio-conjugate of 8-aza-7-deaza-2′-deoxyadenosine, a C–N connectivity between the nucleobase and the triazole moiety","No Gel","5.181120157241821","6.2747591733932495","6.142102134227752","6.444509437010268","0.5879055805419986","5.946667468547821","0.5143807318578647"
"Strategy 3","3","True","True","32","1","H₂O","gpt-4o","The isomeric regio-conjugate of 8-aza-7-deaza-2′-deoxyadenosine, a C–N connectivity between the nucleobase and the triazole moiety","No Gel","4.751190344492595","5.704333066940308","5.633737047513326","6.331259315759328","0.5840091240430474","5.418390250205992","1.1943687855715557"
"Strategy 0","0","False","False","33","1","H₂O","gpt-4o","A benzyl azide conjugate with a long linker arm attached to 8-aza-7-deaza-2′-deoxyadenosine","No Gel","4.372915267944336","5.492554187774658","5.169057377179463","6.015028819680522","0.5875395744393958","5.156662511825561","1.4398544018217785"
"Strategy 1","1","True","True","33","1","H₂O","gpt-4o","A benzyl azide conjugate with a long linker arm attached to 8-aza-7-deaza-2′-deoxyadenosine","No Gel","4.868603547414144","6.110463460286458","5.7451028744379675","6.372165963076806","0.5115232970521242","5.737905486424764","1.2258739577504336"
"Strategy 2","2","True","True","33","1","H₂O","gpt-4o","A benzyl azide conjugate with a long linker arm attached to 8-aza-7-deaza-2′-deoxyadenosine","No Gel","4.886801083882649","6.162377993265788","5.787503099441527","6.391327253792636","0.5257345967175331","5.779704920450846","1.148534180784629"
"Strategy 3","3","True","True","33","1","H₂O","gpt-4o","A benzyl azide conjugate with a long linker arm attached to 8-aza-7-deaza-2′-deoxyadenosine","No Gel","4.584741274515788","5.702896118164063","5.379189546902974","6.159320416869427","0.5430112515651072","5.36744966506958","1.4366753317134817"
"Strategy 0","0","False","False","34","1","H₂O","gpt-4o","A benzyl azide conjugate with a branched side chain attached to 8-aza-7-deaza-2′-deoxyadenosine","No Gel","5.764544169108073","6.3306881586710615","6.160780628522237","6.146931247501719","0.6254231991284152","6.160844961802165","-0.02214401550792838"
"Strategy 1","1","True","True","34","1","H₂O","gpt-4o","A benzyl azide conjugate with a branched side chain attached to 8-aza-7-deaza-2′-deoxyadenosine","No Gel","5.622312227884929","6.152493953704834","5.991295703252156","6.200884557016751","0.5950032277441316","5.993439435958862","0.35224826352492383"
"Strategy 2","2","True","True","34","1","H₂O","gpt-4o","A benzyl azide conjugate with a branched side chain attached to 8-aza-7-deaza-2′-deoxyadenosine","No Gel","5.577301184336345","6.148628393809001","5.972973577181498","6.151217087541132","0.5860757152977982","5.977230230967204","0.30413051711085537"
"Strategy 3","3","True","True","34","1","H₂O","gpt-4o","A benzyl azide conjugate with a branched side chain attached to 8-aza-7-deaza-2′-deoxyadenosine","No Gel","5.526532173156738","6.008896430333455","5.85978577931722","6.162067858316485","0.6183940105054552","5.864187153180441","0.4888179281558521"
"Strategy 0","0","False","False","35","1","H₂O","gpt-4o","A 7-deazaadenine click conjugate with a pyrrolo[2,3-d]pyrimidine moiety, having one less nitrogen atom in the nucleobase structure","No Gel","4.674988905588786","6.297425985336304","5.810694861412048","6.307177530517873","0.5614613520857933","5.810694861412048","0.8842686451372364"
"Strategy 1","1","False","False","35","1","H₂O","gpt-4o","A 7-deazaadenine click conjugate with a pyrrolo[2,3-d]pyrimidine moiety, having one less nitrogen atom in the nucleobase structure","No Gel","5.149116516113281","6.392136176427205","6.019230278333029","6.632621130894012","0.5821937145399663","6.019230278333029","1.053585494384233"
"Strategy 2","2","False","False","35","1","H₂O","gpt-4o","A 7-deazaadenine click conjugate with a pyrrolo[2,3-d]pyrimidine moiety, having one less nitrogen atom in the nucleobase structure","No Gel","4.960479577382405","6.205729246139526","5.83215434551239","6.478618168522837","0.5843035078139235","5.83215434551239","1.1063836077744689"
"Strategy 3","3","False","False","35","1","H₂O","gpt-4o","A 7-deazaadenine click conjugate with a pyrrolo[2,3-d]pyrimidine moiety, having one less nitrogen atom in the nucleobase structure","No Gel","4.953873872756958","6.123510837554932","5.77261974811554","6.558688708331233","0.6148686268219884","5.77261974811554","1.2784340035018067"
"Strategy 0","0","True","True","36","1","NaCl","gpt-4o","8-Methoxy-2′,3′,5′-tri-O-acetylguanosine (8OMeTAcG)","Gel","5.696719328562419","7.193072080612183","6.7441662549972525","6.199225412721165","0.5040002824108692","6.7441662549972525","-1.0812312240568207"
"Strategy 1","1","True","True","36","1","NaCl","gpt-4o","8-Methoxy-2′,3′,5′-tri-O-acetylguanosine (8OMeTAcG)","Gel","5.842036088307698","7.298597415288289","6.861629017194112","6.639495712965342","0.49886937830188466","6.861629017194112","-0.4452734801740996"
"Strategy 2","2","False","False","36","1","NaCl","gpt-4o","8-Methoxy-2′,3′,5′-tri-O-acetylguanosine (8OMeTAcG)","Gel","5.840299844741821","7.326406717300415","6.880574655532836","6.76428066593732","0.5297091893128737","6.880574655532836","-0.21954308503949163"
"Strategy 3","3","True","True","36","1","NaCl","gpt-4o","8-Methoxy-2′,3′,5′-tri-O-acetylguanosine (8OMeTAcG)","Gel","5.424968083699544","6.837886810302734","6.4140111923217775","6.370175648844518","0.5692600744096402","6.4140111923217775","-0.0770044228426165"
"Strategy 0","0","False","False","36","2","KCl","gpt-4o","8-Methoxy-2′,3′,5′-tri-O-acetylguanosine (8OMeTAcG)","No Gel","4.981746673583984","6.057043671607971","5.734454572200775","6.493749389629954","0.5774831584883731","5.734454572200775","1.3148345649018034"
"Strategy 1","1","True","True","36","2","KCl","gpt-4o","8-Methoxy-2′,3′,5′-tri-O-acetylguanosine (8OMeTAcG)","No Gel","5.067875862121582","5.993608713150024","5.715888857841492","6.657533818899199","0.6130116663746431","5.715888857841492","1.536096313837883"
"Strategy 2","2","True","True","36","2","KCl","gpt-4o","8-Methoxy-2′,3′,5′-tri-O-acetylguanosine (8OMeTAcG)","No Gel","5.132117748260498","6.011025428771973","5.74735312461853","6.655230620849964","0.5990492605068586","5.74735312461853","1.5155306184056951"
"Strategy 3","3","True","True","36","2","KCl","gpt-4o","8-Methoxy-2′,3′,5′-tri-O-acetylguanosine (8OMeTAcG)","No Gel","4.711285432179769","5.770589510599772","5.4527982870737715","6.3939404025558355","0.650001026775355","5.452798287073772","1.4479086597002093"
"Strategy 0","0","True","True","36","3","NaCl + TAcG","gpt-4o","8-Methoxy-2′,3′,5′-tri-O-acetylguanosine (8OMeTAcG)","Gel","6.252945741017659","7.098682800928752","6.844961682955424","6.382687696683622","0.5402597029142364","6.844961682955424","-0.8556514279673869"
"Strategy 1","1","False","False","36","3","NaCl + TAcG","gpt-4o","8-Methoxy-2′,3′,5′-tri-O-acetylguanosine (8OMeTAcG)","Gel","6.22654914855957","6.851013779640198","6.663674390316009","6.98773977710295","0.5056890148011444","6.663674390316009","0.6408392852163809"
"Strategy 2","2","True","True","36","3","NaCl + TAcG","gpt-4o","8-Methoxy-2′,3′,5′-tri-O-acetylguanosine (8OMeTAcG)","Gel","6.180106163024902","7.052966117858887","6.791108131408691","6.844363487044046","0.5284051569865094","6.791108131408691","0.10078507927339296"
"Strategy 3","3","True","True","36","3","NaCl + TAcG","gpt-4o","8-Methoxy-2′,3′,5′-tri-O-acetylguanosine (8OMeTAcG)","Gel","5.579257647196452","6.397569894790649","6.152076220512389","6.466448440293009","0.6548148115740557","6.152076220512389","0.480093324439205"
"Strategy 0","0","False","False","37","1","KCl + NaCl","gpt-4o","8-Methoxyguanosine (8OMeG)","No Gel","5.606893698374431","7.015980084737142","6.593254168828328","6.522345185033418","0.5851936393413846","6.593254168828328","-0.12117182933620975"
"Strategy 1","1","True","True","37","1","KCl + NaCl","gpt-4o","8-Methoxyguanosine (8OMeG)","No Gel","5.389915227890015","6.743164658546448","6.3371898293495175","6.718409872979156","0.6346218152405754","6.3371898293495175","0.6007042847796271"
"Strategy 2","2","False","False","37","1","KCl + NaCl","gpt-4o","8-Methoxyguanosine (8OMeG)","No Gel","5.448128700256348","6.750290751457214","6.359642136096953","6.886608039039049","0.6141941217810897","6.359642136096953","0.8579793981322349"
"Strategy 3","3","False","False","37","1","KCl + NaCl","gpt-4o","8-Methoxyguanosine (8OMeG)","No Gel","5.375821352005005","6.787020683288574","6.363660883903503","6.252628579065781","0.6603369531973944","6.363660883903503","-0.168144921013577"
"Strategy 0","0","True","True","37","2","KCl","gpt-4o","8-Methoxyguanosine (8OMeG)","Gel","5.009072621663411","6.2344075838724775","5.866807095209758","6.60184047505529","0.5746700934400649","5.866807095209758","1.2790527786916974"
"Strategy 1","1","True","True","37","2","KCl","gpt-4o","8-Methoxyguanosine (8OMeG)","Gel","5.419272661209106","6.268444061279297","6.013692641258239","6.66862652828527","0.6050052495848625","6.013692641258239","1.0825259573804167"
"Strategy 2","2","True","True","37","2","KCl","gpt-4o","8-Methoxyguanosine (8OMeG)","Gel","5.409332593282064","6.394311269124349","6.098817666371663","6.755875295262003","0.6054963802629078","6.098817666371663","1.0851553375183582"
"Strategy 3","3","True","True","37","2","KCl","gpt-4o","8-Methoxyguanosine (8OMeG)","Gel","4.980748812357585","5.893146832784017","5.619427426656087","6.490635187866151","0.6756955137701347","5.619427426656087","1.2893496307960404"
"Strategy 0","0","False","False","38","1","KCl + NaCl","gpt-4o","8-Bromoguanosine (8BrG)","No Gel","6.436985333760579","7.396414915720622","7.104944475491841","6.526475252476773","0.5784590092382546","7.108586041132608","-1.0000176568722245"
"Strategy 1","1","True","True","38","1","KCl + NaCl","gpt-4o","8-Bromoguanosine (8BrG)","No Gel","7.023304303487142","7.6915663083394366","7.485531298319498","6.756025942782715","0.6031172713155826","7.491087706883749","-1.209558058162568"
"Strategy 2","2","True","True","38","1","KCl + NaCl","gpt-4o","8-Bromoguanosine (8BrG)","No Gel","6.976151625315349","7.784047603607178","7.531438422203064","6.784231055244917","0.6009472564142564","7.541678810119628","-1.2433826080122208"
"Strategy 3","3","True","True","38","1","KCl + NaCl","gpt-4o","8-Bromoguanosine (8BrG)","No Gel","6.745182991027832","7.610516627629598","7.342600750923157","6.574482195568331","0.717994220011531","7.350916536649069","-1.0698116140022542"
"Strategy 0","0","False","False","38","2","KCl","gpt-4o","8-Bromoguanosine (8BrG)","No Gel","6.444399515787761","7.367697318394978","7.407352995872497","6.597412420674503","0.6643126967091206","7.090707977612813","-1.219215859052953"
"Strategy 1","1","True","True","38","2","KCl","gpt-4o","8-Bromoguanosine (8BrG)","No Gel","7.22361405690511","7.916229406992595","7.754843846956888","6.810137303608641","0.6009461320641379","7.7084448019663485","-1.572031989129136"
"Strategy 2","2","False","False","38","2","KCl","gpt-4o","8-Bromoguanosine (8BrG)","No Gel","6.829930782318115","7.695580800374349","7.324367101987203","6.563016676225096","0.6753231173163333","7.435885794957478","-1.1273868852404136"
"Strategy 3","3","True","True","38","2","KCl","gpt-4o","8-Bromoguanosine (8BrG)","No Gel","6.644668738047282","7.388805548350017","7.15365092754364","6.579412501295716","0.7055214265512795","7.165564505259195","-0.8139206048707961"
"Strategy 0","0","False","False","39","1","NaCl","gpt-4o","2′,3′,5′-tri-O-acetylguanosine (TAcG)","No Gel","6.2001917362213135","7.402640342712402","6.525424003601074","6.4669391523960025","0.5265018339692309","7.041905760765076","-0.11108195153692406"
"Strategy 1","1","False","False","39","1","NaCl","gpt-4o","2′,3′,5′-tri-O-acetylguanosine (TAcG)","No Gel","5.930764516194661","7.009920517603557","6.827761205037434","6.710852079798084","0.5591546575044914","6.686173717180888","-0.20908191261629808"
"Strategy 2","2","False","False","39","1","NaCl","gpt-4o","2′,3′,5′-tri-O-acetylguanosine (TAcG)","No Gel","6.03991715113322","7.051241795221965","6.810890301068624","6.704702683875111","0.5620092430465926","6.74784440199534","-0.18894283058029565"
"Strategy 3","3","True","True","39","1","NaCl","gpt-4o","2′,3′,5′-tri-O-acetylguanosine (TAcG)","No Gel","5.762307802836101","6.800653378168742","6.579840548833211","6.4675735589453724","0.6280133065134221","6.489149705568949","-0.17876530437088586"
"Strategy 0","0","True","True","39","2","KCl","gpt-4o","2′,3′,5′-tri-O-acetylguanosine (TAcG)","No Gel","4.783108949661255","5.599246621131897","5.354405319690704","6.328056491345397","0.5929678893426844","5.354405319690704","1.6419964540305938"
"Strategy 1","1","True","True","39","2","KCl","gpt-4o","2′,3′,5′-tri-O-acetylguanosine (TAcG)","No Gel","4.965685526529948","5.873565196990967","5.601201295852661","6.876686384511548","0.576315715619291","5.601201295852661","2.2131707570880494"
"Strategy 2","2","True","True","39","2","KCl","gpt-4o","2′,3′,5′-tri-O-acetylguanosine (TAcG)","No Gel","4.856824398040772","5.6996917724609375","5.446831560134888","6.747917849148891","0.5699006680803157","5.446831560134888","2.283005376001141"
"Strategy 3","3","True","True","39","2","KCl","gpt-4o","2′,3′,5′-tri-O-acetylguanosine (TAcG)","No Gel","4.44719139734904","5.243992487589519","5.004952160517374","6.48978633332314","0.6435459986810496","5.004952160517374","2.3072696836728697"
"Strategy 0","0","True","True","40","1","KCl","gpt-4o","Guanosine-5′-Hydrazide","Gel","4.929341157277425","6.237261613210042","5.844885476430257","6.442045100591595","0.604736282484914","5.844885476430257","0.9874711365217865"
"Strategy 1","1","True","True","40","1","KCl","gpt-4o","Guanosine-5′-Hydrazide","Gel","5.276966253916423","6.404002984364827","6.065891965230306","6.571440933101861","0.6535858674124428","6.065891965230306","0.773500458131127"
"Strategy 2","2","True","True","40","1","KCl","gpt-4o","Guanosine-5′-Hydrazide","Gel","5.117791334788005","6.316558837890625","5.956928586959838","6.573074181936199","0.6555410459551672","5.956928586959838","0.9399039141455982"
"Strategy 3","3","True","True","40","1","KCl","gpt-4o","Guanosine-5′-Hydrazide","Gel","4.918150266011556","6.167387088139852","5.792616041501362","6.435277552567711","0.7071269245227547","5.792616041501362","0.9088347350089743"
"Strategy 0","0","True","True","40","2","NaCl","gpt-4o","Guanosine-5′-Hydrazide","Gel","5.243050257364909","6.019122997919719","5.786301175753276","6.476195591303112","0.569005589451759","5.786301175753276","1.2124563068256575"
"Strategy 1","1","False","False","40","2","NaCl","gpt-4o","Guanosine-5′-Hydrazide","Gel","4.725562572479248","5.55732536315918","5.3077965259552","6.428488984958146","0.6436189386163602","5.3077965259552","1.7412359888169067"
"Strategy 2","2","False","False","40","2","NaCl","gpt-4o","Guanosine-5′-Hydrazide","Gel","5.095146497090657","5.901975393295288","5.659926724433898","6.603342070998455","0.6397844436141475","5.659926724433898","1.4745831287100317"
"Strategy 3","3","False","False","40","2","NaCl","gpt-4o","Guanosine-5′-Hydrazide","Gel","4.581231435139974","5.317793607711792","5.096824955940247","6.505726023114621","0.671089554603721","5.096824955940247","2.0994233295827875"
"Strategy 0","0","True","True","40","3","NH₄Cl","gpt-4o","Guanosine-5′-Hydrazide","Gel","5.29253609975179","5.92472513516744","5.735068424542745","6.357448719453441","0.5895884442975824","5.735068424542745","1.0556182044106723"
"Strategy 1","1","False","False","40","3","NH₄Cl","gpt-4o","Guanosine-5′-Hydrazide","Gel","5.086364269256592","5.674434741338094","5.498013599713644","6.509326797369529","0.6186840453808169","5.498013599713644","1.6346198115281834"
"Strategy 2","2","False","False","40","3","NH₄Cl","gpt-4o","Guanosine-5′-Hydrazide","Gel","5.0590793291727705","5.568619807561238","5.415757664044698","6.491894815442482","0.6477575141644778","5.415757664044698","1.661327160034353"
"Strategy 3","3","False","False","40","3","NH₄Cl","gpt-4o","Guanosine-5′-Hydrazide","Gel","4.701936721801758","5.294678131739299","5.1168557087580355","6.206608591215246","0.6935417068148881","5.116855708758036","1.5712867326493374"
"Strategy 0","0","True","True","40","4","Me₄NCl","gpt-4o","Guanosine-5′-Hydrazide","Gel","5.1848710378011065","6.3771185874938965","6.01944432258606","6.356513318596575","0.5131660839253048","6.01944432258606","0.6568419203237489"
"Strategy 1","1","False","False","40","4","Me₄NCl","gpt-4o","Guanosine-5′-Hydrazide","Gel","5.397820154825847","6.503685871760051","6.171926156679789","6.4632975954109995","0.6475465916224334","6.171926156679789","0.4499621224183679"
"Strategy 2","2","False","False","40","4","Me₄NCl","gpt-4o","Guanosine-5′-Hydrazide","Gel","5.150707244873047","6.274347464243571","5.937255398432413","6.402650159458782","0.6158842496571704","5.937255398432413","0.7556529677214981"
"Strategy 3","3","False","False","40","4","Me₄NCl","gpt-4o","Guanosine-5′-Hydrazide","Gel","4.950880209604899","6.0704731941223145","5.73459529876709","6.179403662989614","0.6398259677018522","5.73459529876709","0.6952021122559333"
"Strategy 0","0","False","False","40","5","Borate buffer","gpt-4o","Guanosine-5′-Hydrazide","No Gel","5.512216726938884","5.922075192133586","5.799117652575174","6.552071910557512","0.5898058111333844","5.799117652575174","1.276613834196451"
"Strategy 1","1","False","False","40","5","Borate buffer","gpt-4o","Guanosine-5′-Hydrazide","No Gel","5.387020746866862","6.071180423100789","5.8659325202306105","6.660144791923444","0.6314042137449","5.8659325202306105","1.2578507624811501"
"Strategy 2","2","False","False","40","5","Borate buffer","gpt-4o","Guanosine-5′-Hydrazide","No Gel","5.897996743520101","6.565777222315471","6.365443078676859","6.837433091306562","0.6260633114098968","6.365443078676859","0.7539014090552284"
"Strategy 3","3","False","False","40","5","Borate buffer","gpt-4o","Guanosine-5′-Hydrazide","No Gel","5.184289773305257","5.834339300791423","5.639324442545572","6.50983807720263","0.6798319460117326","5.639324442545572","1.2804835662165763"
"Strategy 0","0","True","True","40","6","KCl","gpt-4o","Guanosine-5′-Hydrazide","Gel","5.603419303894043","6.257368405659993","6.061183675130208","6.409150358010323","0.5754975426847299","6.061183675130208","0.6046362617932818"
"Strategy 1","1","True","True","40","6","KCl","gpt-4o","Guanosine-5′-Hydrazide","Gel","5.723384062449138","6.3640726407368975","6.171866067250569","6.626512495245429","0.6744343718523466","6.171866067250569","0.6741151503683962"
"Strategy 2","2","True","True","40","6","KCl","gpt-4o","Guanosine-5′-Hydrazide","Gel","5.926393032073975","6.512665430704753","6.336783711115519","6.7147432436314665","0.6607324617918849","6.336783711115519","0.5720311235971872"
"Strategy 3","3","True","True","40","6","KCl","gpt-4o","Guanosine-5′-Hydrazide","Gel","5.334750175476074","6.118249734242757","5.883199866612752","6.416167367829217","0.7348423875032906","5.883199866612752","0.7252813804430659"
"Strategy 0","0","True","True","41","1","KCl","gpt-4o","5′-Hydrazino-guanosine","Gel","5.178295612335205","5.896146456400554","5.680791203180949","6.442892985257684","0.5470676370745629","5.680791203180949","1.3930668356696527"
"Strategy 1","1","False","False","41","1","KCl","gpt-4o","5′-Hydrazino-guanosine","Gel","5.331559022267659","5.997461318969727","5.7976906299591064","6.526663187739153","0.5580501245074472","5.797690629959106","1.3062850911886477"
"Strategy 2","2","True","True","41","1","KCl","gpt-4o","5′-Hydrazino-guanosine","Gel","4.975232442220052","5.36156717936198","5.245666758219401","6.3527860401828775","0.5635599902871002","5.245666758219401","1.964510080638381"
"Strategy 3","3","True","True","41","1","KCl","gpt-4o","5′-Hydrazino-guanosine","Gel","5.628699938456218","5.867600043614705","5.795930012067159","6.413727346932856","0.6579781280503523","5.795930012067159","0.9389329348929664"
"Strategy 0","0","False","False","42","1","KCl","gpt-4o","5′-Amino-guanosine (NH₂G)","No Gel","5.10548464457194","6.430374304453532","6.032907406489055","6.391714595762642","0.5601425043019375","6.032907406489055","0.6405641180912371"
"Strategy 1","1","False","False","42","1","KCl","gpt-4o","5′-Amino-guanosine (NH₂G)","No Gel","5.991844336191813","6.753146966298421","6.524756177266439","6.679686227879783","0.6128695720422614","6.524756177266439","0.25279448953073574"
"Strategy 2","2","False","False","42","1","KCl","gpt-4o","5′-Amino-guanosine (NH₂G)","No Gel","5.651340325673421","6.725266774495442","6.403088839848837","6.551196144656001","0.6256383798035358","6.403088839848837","0.23672988996242988"
"Strategy 3","3","False","False","42","1","KCl","gpt-4o","5′-Amino-guanosine (NH₂G)","No Gel","5.084714253743489","5.8717147509257","5.635614601771036","6.292961605205092","0.7116731485594866","5.635614601771036","0.9236641915809342"
"Strategy 0","0","False","False","43","1","KCl","gpt-4o","5′-Hydroxylamino-guanosine (NHOH-G)","No Gel","5.535258611043294","6.678596337636312","6.335595019658406","6.448532940497386","0.6040062069601795","6.335595019658406","0.18698139114723616"
"Strategy 1","1","False","False","43","1","KCl","gpt-4o","5′-Hydroxylamino-guanosine (NHOH-G)","No Gel","5.615337212880452","6.747752030690511","6.408027585347493","6.495181513571923","0.5911012133689506","6.408027585347493","0.14744332485413317"
"Strategy 2","2","False","False","43","1","KCl","gpt-4o","5′-Hydroxylamino-guanosine (NHOH-G)","No Gel","5.906185944875081","6.975042502085368","6.654385534922281","6.6370803441188135","0.5921612299912106","6.654385534922281","-0.02922378218466693"
"Strategy 3","3","False","False","43","1","KCl","gpt-4o","5′-Hydroxylamino-guanosine (NHOH-G)","No Gel","5.613978226979573","6.590105692545573","6.297267452875773","6.5964198747038525","0.6508012965486499","6.297267452875773","0.45966783319970944"
"Strategy 0","0","False","False","44","1","KCl","gpt-4o","Guanosine-5′-monophosphate (GMP)","No Gel","4.91210412979126","5.970911741256714","5.6532694578170775","6.721703401400445","0.589451332390546","5.6532694578170775","1.8125905988714732"
"Strategy 1","1","False","False","44","1","KCl","gpt-4o","Guanosine-5′-monophosphate (GMP)","No Gel","5.307664394378662","6.278562148412068","5.987292822202046","6.769647825287909","0.5750817221899359","5.987292822202046","1.3604240456584529"
"Strategy 2","2","False","False","44","1","KCl","gpt-4o","Guanosine-5′-monophosphate (GMP)","No Gel","5.583150863647461","6.534507870674133","6.249100768566131","7.016694115483483","0.5206956557360495","6.249100768566131","1.4741689093455006"
"Strategy 3","3","False","False","44","1","KCl","gpt-4o","Guanosine-5′-monophosphate (GMP)","No Gel","5.534696578979492","6.415365695953369","6.151164960861205","6.988343760394311","0.6096311878482161","6.151164960861205","1.3732545450767575"
"Strategy 0","0","True","True","45","1","Organic solvents","gpt-4o","A 9-octyl-9H-carbazole group attached to the 5-position of uridine","No Gel","4.500167369842529","5.36978805065155","5.108901846408844","6.303642169172449","0.599907979266882","5.108901846408844","1.991539309451491"
"Strategy 1","1","True","True","45","1","Organic solvents","gpt-4o","A 9-octyl-9H-carbazole group attached to the 5-position of uridine","No Gel","4.842219670613607","5.651425202687581","5.40866354306539","6.580016802570924","0.5686886584287792","5.40866354306539","2.059744364766914"
"Strategy 2","2","True","True","45","1","Organic solvents","gpt-4o","A 9-octyl-9H-carbazole group attached to the 5-position of uridine","No Gel","4.850444793701172","5.821577390034993","5.530237611134847","6.588813475305719","0.5476217250892396","5.530237611134847","1.9330421268410565"
"Strategy 3","3","True","True","45","1","Organic solvents","gpt-4o","A 9-octyl-9H-carbazole group attached to the 5-position of uridine","No Gel","4.328090826670329","5.139131784439087","4.89581949710846","6.34789915103321","0.5471766039104489","4.89581949710846","2.653767802839754"
"Strategy 0","0","False","False","45","2","Organic solvents","gpt-4o","A 9-octyl-9H-carbazole group attached to the 5-position of uridine","No Gel","4.761908849080403","6.2710280418396","5.81829228401184","6.381408998886127","0.5760044935388112","5.81829228401184","0.9776255588123185"
"Strategy 1","1","False","False","45","2","Organic solvents","gpt-4o","A 9-octyl-9H-carbazole group attached to the 5-position of uridine","No Gel","5.073144594828288","6.300149997075399","5.932048376401266","6.572880335217606","0.5618570745544473","5.932048376401266","1.140560451827576"
"Strategy 2","2","False","False","45","2","Organic solvents","gpt-4o","A 9-octyl-9H-carbazole group attached to the 5-position of uridine","No Gel","4.989521026611328","6.102114915847778","5.768336749076842","6.634306117484119","0.5496886186690699","5.768336749076842","1.5753816597185506"
"Strategy 3","3","False","False","45","2","Organic solvents","gpt-4o","A 9-octyl-9H-carbazole group attached to the 5-position of uridine","No Gel","4.793502569198608","6.011772632598877","5.646291613578796","6.283030951023101","0.6213764391196096","5.646291613578796","1.0247239794712237"
"Strategy 0","0","False","False","45","3","Organic solvents","gpt-4o","A 9-octyl-9H-carbazole group attached to the 5-position of uridine","No Gel","4.964195569356282","6.372076670328776","5.949712340037028","6.4653351273647575","0.6171871935499854","5.949712340037028","0.8354398677035574"
"Strategy 1","1","False","False","45","3","Organic solvents","gpt-4o","A 9-octyl-9H-carbazole group attached to the 5-position of uridine","No Gel","5.30375862121582","6.756323417027791","6.3205539782842","6.525798074096364","0.5423807221896161","6.3205539782842","0.37841333110731523"
"Strategy 2","2","False","False","45","3","Organic solvents","gpt-4o","A 9-octyl-9H-carbazole group attached to the 5-position of uridine","No Gel","5.301551818847656","6.759567181269328","6.322162572542826","6.603387167965102","0.5612826258054786","6.322162572542826","0.5010391957504465"
"Strategy 3","3","True","True","45","3","Organic solvents","gpt-4o","A 9-octyl-9H-carbazole group attached to the 5-position of uridine","No Gel","4.341978311538696","6.265446782112122","5.688406240940093","6.004687905034354","0.558603396906535","5.688406240940093","0.5662007532460108"
"Strategy 0","0","True","True","46","1","Organic solvents","gpt-4o","A 9-dodecyl-9H-carbazole group attached to the 5-position of uridine","Gel","5.124191443125407","6.414823532104492","6.027633905410767","6.381341635534006","0.5810554617038092","6.027633905410767","0.6087331647930372"
"Strategy 1","1","True","True","46","1","Organic solvents","gpt-4o","A 9-dodecyl-9H-carbazole group attached to the 5-position of uridine","Gel","5.338277498881022","6.366321802139282","6.057908511161803","6.438154797714193","0.5539867636270203","6.057908511161803","0.6863815374628639"
"Strategy 2","2","True","True","46","1","Organic solvents","gpt-4o","A 9-dodecyl-9H-carbazole group attached to the 5-position of uridine","Gel","5.463391621907552","6.457652409871419","6.159374173482259","6.4671358487402735","0.5123582153400763","6.159374173482259","0.6006767648953149"
"Strategy 3","3","True","True","46","1","Organic solvents","gpt-4o","A 9-dodecyl-9H-carbazole group attached to the 5-position of uridine","Gel","5.185564041137695","6.192201852798462","5.890210509300232","6.245062968219589","0.5824772415057453","5.890210509300232","0.6092125728415378"
"Strategy 0","0","True","True","46","2","Organic solvents","gpt-4o","A 9-dodecyl-9H-carbazole group attached to the 5-position of uridine","Gel","5.631271998087565","6.723756472269694","6.396011130015054","6.416658646931018","0.5892818903279682","6.396011130015054","0.035038437893403065"
"Strategy 1","1","True","True","46","2","Organic solvents","gpt-4o","A 9-dodecyl-9H-carbazole group attached to the 5-position of uridine","Gel","5.738093852996826","6.654935280481975","6.37988285223643","6.419548538242507","0.5476942945580642","6.37988285223643","0.07242304037160631"
"Strategy 2","2","True","True","46","2","Organic solvents","gpt-4o","A 9-dodecyl-9H-carbazole group attached to the 5-position of uridine","Gel","5.508002281188965","6.546355962753296","6.234849858283996","6.291284254478238","0.5403851404943126","6.234849858283996","0.10443365660021371"
"Strategy 3","3","True","True","46","2","Organic solvents","gpt-4o","A 9-dodecyl-9H-carbazole group attached to the 5-position of uridine","Gel","5.395139694213867","6.335429588953654","6.053342620531718","6.172864393670429","0.5825214881228565","6.053342620531718","0.20518002438650526"
"Strategy 0","0","True","True","47","1","Organic solvents","gpt-4o","A 9-hexadecyl-9H-carbazole group attached to the 5-position of uridine","Gel","5.955426057179769","6.466336647669475","6.313063470522562","6.267084645424086","0.574796412736366","6.313063470522562","-0.07999149625793524"
"Strategy 1","1","True","True","47","1","Organic solvents","gpt-4o","A 9-hexadecyl-9H-carbazole group attached to the 5-position of uridine","Gel","6.218347072601318","6.666549682617188","6.532088899612426","6.44671414034003","0.5572150142133223","6.532088899612426","-0.15321690387852924"
"Strategy 2","2","True","True","47","1","Organic solvents","gpt-4o","A 9-hexadecyl-9H-carbazole group attached to the 5-position of uridine","Gel","6.101016839345296","6.5611348152160645","6.4230994224548335","6.352461910617443","0.5580736980810488","6.4230994224548335","-0.12657380571827648"
"Strategy 3","3","True","True","47","1","Organic solvents","gpt-4o","A 9-hexadecyl-9H-carbazole group attached to the 5-position of uridine","Gel","5.701051553090413","6.255204677581787","6.088958740234375","6.162155360707325","0.580133234496108","6.088958740234375","0.1261720862045196"
"Strategy 0","0","True","True","47","2","Organic solvents","gpt-4o","A 9-hexadecyl-9H-carbazole group attached to the 5-position of uridine","Gel","6.468233744303386","7.164376735687256","6.9555338382720935","6.278116621342741","0.577953761569115","6.9555338382720935","-1.1720958699017714"
"Strategy 1","1","True","True","47","2","Organic solvents","gpt-4o","A 9-hexadecyl-9H-carbazole group attached to the 5-position of uridine","Gel","6.667972882588704","7.350575447082519","7.145794677734375","6.503290157293472","0.5504979479246604","7.145794677734375","-1.1671333614650166"
"Strategy 2","2","True","True","47","2","Organic solvents","gpt-4o","A 9-hexadecyl-9H-carbazole group attached to the 5-position of uridine","Gel","6.588176568349202","7.132869243621826","6.969461441040038","6.4004776685428855","0.5504381859700879","6.969461441040038","-1.0336924054321925"
"Strategy 3","3","True","True","47","2","Organic solvents","gpt-4o","A 9-hexadecyl-9H-carbazole group attached to the 5-position of uridine","Gel","6.181969324747722","6.735904057820638","6.569723637898762","6.124773215385063","0.5881806762871223","6.569723637898762","-0.7564859582304521"
"Strategy 0","0","True","True","48","1","B(OH)₃ + AgNO₃","gpt-4o","Cytidine (C)","Gel","6.040496985117595","6.830572764078776","6.59355003039042","6.4358543747155235","0.5190542502833728","6.59355003039042","-0.3038134368205337"
"Strategy 1","1","False","False","48","1","B(OH)₃ + AgNO₃","gpt-4o","Cytidine (C)","Gel","6.762146949768066","7.680240869522095","7.404812693595886","6.9850452315283675","0.5229250431165134","7.404812693595886","-0.8027296982485306"
"Strategy 2","2","False","False","48","1","B(OH)₃ + AgNO₃","gpt-4o","Cytidine (C)","Gel","6.763042608896892","7.410235325495402","7.216077510515849","6.929972882480276","0.5027758529712226","7.216077510515849","-0.5690500574854548"
"Strategy 3","3","True","True","48","1","B(OH)₃ + AgNO₃","gpt-4o","Cytidine (C)","Gel","5.616640726725261","6.385890245437622","6.155115389823913","6.614158194440896","0.5293711236323885","6.155115389823913","0.867147421013762"
"Strategy 0","0","False","False","48","2","B(OH)₃ + other ions","gpt-4o","Cytidine (C)","No Gel","6.369481086730957","6.948001782099406","6.7744455734888716","6.46543789304196","0.5053539240006713","6.774445573488872","-0.6114678560337073"
"Strategy 1","1","True","True","48","2","B(OH)₃ + other ions","gpt-4o","Cytidine (C)","No Gel","6.640370051066081","7.170235713322957","7.011276014645894","6.793215357918455","0.5009607206236589","7.011276014645894","-0.43528493901871124"
"Strategy 2","2","True","True","48","2","B(OH)₃ + other ions","gpt-4o","Cytidine (C)","No Gel","6.5021341641743975","6.869312286376953","6.7591588497161865","6.767475535333619","0.4741318700250549","6.7591588497161865","0.01754087025829614"
"Strategy 3","3","False","False","48","2","B(OH)₃ + other ions","gpt-4o","Cytidine (C)","No Gel","6.431358575820923","7.142532706260681","6.929180467128754","6.5879153719244075","0.5247208488811311","6.929180467128754","-0.6503745676049092"
"Strategy 0","0","False","False","49","1","B(OH)₃ + AgNO₃","gpt-4o","Arabino-cytidine (arabinoC)","No Gel","5.168348630269368","6.088955640792847","5.8127735376358025","6.513446544307146","0.48665530412526686","5.8127735376358025","1.439772670166948"
"Strategy 1","1","False","False","49","1","B(OH)₃ + AgNO₃","gpt-4o","Arabino-cytidine (arabinoC)","No Gel","5.957533836364746","6.732360601425171","6.499912571907043","7.064872277522272","0.5186386125721779","6.499912571907043","1.0893128508371617"
"Strategy 2","2","True","True","49","1","B(OH)₃ + AgNO₃","gpt-4o","Arabino-cytidine (arabinoC)","No Gel","5.667573928833008","6.469236135482788","6.228737473487854","6.785404841752015","0.5400429996881931","6.228737473487854","1.0307834164789966"
"Strategy 3","3","False","False","49","1","B(OH)₃ + AgNO₃","gpt-4o","Arabino-cytidine (arabinoC)","No Gel","5.424784421920776","6.002056241035461","5.828874695301056","6.8936484196851415","0.5001921906922575","5.828874695301056","2.128729204889139"
"Strategy 0","0","True","True","50","1","B(OH)₃ + AgNO₃","gpt-4o","2′,3′-Dideoxy-cytidine (ddC)","No Gel","5.533368349075317","6.851252555847168","6.455887293815612","6.658587021698323","0.5102044612646162","6.455887293815612","0.39729117103423534"
"Strategy 1","1","True","True","50","1","B(OH)₃ + AgNO₃","gpt-4o","2′,3′-Dideoxy-cytidine (ddC)","No Gel","5.465991497039795","6.518247286478679","6.202570549647013","6.437403042371883","0.5792512310322839","6.202570549647013","0.4054069808472821"
"Strategy 2","2","True","True","50","1","B(OH)₃ + AgNO₃","gpt-4o","2′,3′-Dideoxy-cytidine (ddC)","No Gel","5.851102987925212","7.029361168543498","6.675883714358011","6.796734996051444","0.5315617414572273","6.675883714358011","0.227351354072493"
"Strategy 3","3","True","True","50","1","B(OH)₃ + AgNO₃","gpt-4o","2′,3′-Dideoxy-cytidine (ddC)","No Gel","4.901302655537923","6.145532528559367","5.772263566652934","6.442115900128386","0.5446893474944013","5.772263566652934","1.2297878351335618"
"Strategy 0","0","False","False","51","1","KB(OH)₄","gpt-4o","Inosine","No Gel","5.358687082926433","6.824896176656087","6.3850334485371905","6.622168274381671","0.5083394524998949","6.385033448537191","0.4664891239078675"
"Strategy 1","1","False","False","51","1","KB(OH)₄","gpt-4o","Inosine","No Gel","5.198474645614624","6.739778280258179","6.277387189865112","6.948017209999321","0.5759965094649738","6.277387189865112","1.1642952849786146"
"Strategy 2","2","True","True","51","1","KB(OH)₄","gpt-4o","Inosine","No Gel","5.010132551193237","6.4626429080963135","6.026889801025391","6.711431649396586","0.5837306410931885","6.026889801025391","1.172701585596418"
"Strategy 3","3","True","True","51","1","KB(OH)₄","gpt-4o","Inosine","No Gel","5.024382750193278","6.334238767623901","5.941281962394714","6.771178459320265","0.6057015814953863","5.941281962394714","1.370140878411876"
"Strategy 0","0","True","True","52","1","KB(OH)₄","gpt-4o","5′-Deoxy-5′-Iodoguanosine","Gel","4.294334729512532","5.411277532577515","5.07619469165802","6.4100148433246655","0.5468214508967041","5.07619469165802","2.439224265030904"
"Strategy 1","1","False","False","52","1","KB(OH)₄","gpt-4o","5′-Deoxy-5′-Iodoguanosine","Gel","4.555405139923096","5.663734078407288","5.33123539686203","6.516946633194768","0.5753174330811721","5.33123539686203","2.0609687246613375"
"Strategy 2","2","True","True","52","1","KB(OH)₄","gpt-4o","5′-Deoxy-5′-Iodoguanosine","Gel","4.294445673624675","5.2831657727559405","4.98654974301656","6.8761268996453095","0.6116638879036699","4.98654974301656","3.089240993292604"
"Strategy 3","3","True","True","52","1","KB(OH)₄","gpt-4o","5′-Deoxy-5′-Iodoguanosine","Gel","4.2122805913289385","5.187916278839111","4.895225572586059","6.630680609735099","0.6033119770609625","4.895225572586059","2.8765466344681534"
"Strategy 0","0","False","False","53","1","H₂O","gpt-4o","N₄-tetradecanoyl-2'-deoxycytidine","No Gel","4.369229793548584","5.035378297170003","4.835533746083577","6.065323884357777","0.5522973878330392","4.835533746083577","2.226681069594282"
"Strategy 1","1","True","True","53","1","H₂O","gpt-4o","N₄-tetradecanoyl-2'-deoxycytidine","No Gel","5.012554327646892","5.666524569193522","5.470333496729531","6.376804311022894","0.5549318364545124","5.470333496729531","1.6334813660806526"
"Strategy 2","2","True","True","53","1","H₂O","gpt-4o","N₄-tetradecanoyl-2'-deoxycytidine","No Gel","5.48483673731486","5.866942644119263","5.752310872077942","6.5549557868208375","0.5698769387524223","5.752310872077942","1.4084530539173075"
"Strategy 3","3","True","True","53","1","H₂O","gpt-4o","N₄-tetradecanoyl-2'-deoxycytidine","No Gel","4.986454804738362","5.3242801030476885","5.22293251355489","6.327686160910654","0.6455107666638727","5.22293251355489","1.7114410857395121"
"Strategy 0","0","True","True","53","2","EtOH/H₂O","gpt-4o","N₄-tetradecanoyl-2'-deoxycytidine","Gel","4.366435209910075","5.226148724555969","4.968234670162201","6.200674925109213","0.5632065675333813","4.968234670162201","2.1882561851943687"
"Strategy 1","1","True","True","53","2","EtOH/H₂O","gpt-4o","N₄-tetradecanoyl-2'-deoxycytidine","Gel","4.659580071767171","5.399854421615601","5.177772116661072","6.5290467679346555","0.6035631914990044","5.177772116661072","2.2388287925868533"
"Strategy 2","2","True","True","53","2","EtOH/H₂O","gpt-4o","N₄-tetradecanoyl-2'-deoxycytidine","Gel","4.7402269045511884","5.2706458568573","5.111520171165466","6.522779468233272","0.6140866479776681","5.111520171165466","2.298143595395559"
"Strategy 3","3","False","False","53","2","EtOH/H₂O","gpt-4o","N₄-tetradecanoyl-2'-deoxycytidine","Gel","4.275707483291626","5.196534156799316","4.920286154747009","6.276830559091049","0.6421726340885381","4.920286154747009","2.112429481317651"
"Strategy 0","0","False","False","54","1","H₂O","gpt-4o","N₄-dodecanoyl-2'-deoxycytidine","No Gel","5.1009039878845215","5.825573364893596","5.608172551790872","6.22235067235715","0.5221888824488731","5.608172551790872","1.1761608513877375"
"Strategy 1","1","True","True","54","1","H₂O","gpt-4o","N₄-dodecanoyl-2'-deoxycytidine","No Gel","5.613697528839111","6.233745813369751","6.047731328010559","6.351598213378157","0.5281771177792769","6.047731328010559","0.5753124759459626"
"Strategy 2","2","True","True","54","1","H₂O","gpt-4o","N₄-dodecanoyl-2'-deoxycytidine","No Gel","5.990465005238851","6.428027311960856","6.296758619944254","6.520169097385357","0.5712906539963556","6.296758619944254","0.39106272066290126"
"Strategy 3","3","True","True","54","1","H₂O","gpt-4o","N₄-dodecanoyl-2'-deoxycytidine","No Gel","5.343155384063721","5.740785439809163","5.621496423085531","6.30589672564228","0.6543112720595567","5.621496423085531","1.0459858048944846"
"Strategy 0","0","True","True","54","2","EtOH/H₂O","gpt-4o","N₄-dodecanoyl-2'-deoxycytidine","Gel","4.72910737991333","6.069096326828003","5.667099642753601","6.2419005145706254","0.5440513474913439","5.667099642753601","1.056519526084199"
"Strategy 1","1","True","True","54","2","EtOH/H₂O","gpt-4o","N₄-dodecanoyl-2'-deoxycytidine","Gel","5.060194651285808","6.177156050999959","5.8420676310857145","6.511942875724122","0.5780804953985071","5.8420676310857145","1.1587923307750083"
"Strategy 2","2","True","True","54","2","EtOH/H₂O","gpt-4o","N₄-dodecanoyl-2'-deoxycytidine","Gel","5.093684673309326","6.205670277277629","5.872074596087138","6.548659116106748","0.5856550893957505","5.872074596087138","1.1552610611096636"
"Strategy 3","3","True","True","54","2","EtOH/H₂O","gpt-4o","N₄-dodecanoyl-2'-deoxycytidine","Gel","4.392319043477376","5.694239775339763","5.303663555781046","6.197360545350598","0.630068722347528","5.303663555781046","1.4184119253528253"
"Strategy 0","0","False","False","55","1","H₂O","gpt-4o","N₄-decanoyl-2'-deoxycytidine","No Gel","5.60283899307251","6.307699680328369","6.096241474151611","6.16885386665354","0.5425039032593999","6.096241474151611","0.13384676509361304"
"Strategy 1","1","False","False","55","1","H₂O","gpt-4o","N₄-decanoyl-2'-deoxycytidine","No Gel","5.94406795501709","6.949966669082642","6.648197054862976","6.315495365904283","0.5536298896021021","6.648197054862976","-0.6009460385128557"
"Strategy 2","2","True","True","55","1","H₂O","gpt-4o","N₄-decanoyl-2'-deoxycytidine","No Gel","6.450541655222575","7.0603662331899","6.877418859799701","6.611328728500878","0.5461970993370427","6.877418859799701","-0.48716870086237285"
"Strategy 3","3","False","False","55","1","H₂O","gpt-4o","N₄-decanoyl-2'-deoxycytidine","No Gel","5.901162147521973","6.670072793960571","6.439399600028992","6.465571289561515","0.6110481689892208","6.439399600028992","0.04283081246412331"
"Strategy 0","0","True","True","55","2","EtOH/H₂O","gpt-4o","N₄-decanoyl-2'-deoxycytidine","Gel","4.750118732452393","5.934759378433228","5.5793671846389765","6.225564464734197","0.5662474327999608","5.5793671846389765","1.1411924234250859"
"Strategy 1","1","True","True","55","2","EtOH/H₂O","gpt-4o","N₄-decanoyl-2'-deoxycytidine","Gel","4.658218383789063","5.769350131352742","5.436010607083638","6.578229010259149","0.5982260278366849","5.436010607083638","1.9093425394846508"
"Strategy 2","2","True","True","55","2","EtOH/H₂O","gpt-4o","N₄-decanoyl-2'-deoxycytidine","Gel","4.343485037485759","5.707530577977498","5.298316915829976","6.271695009620923","0.5590765081981859","5.298316915829976","1.741046313907892"
"Strategy 3","3","True","True","55","2","EtOH/H₂O","gpt-4o","N₄-decanoyl-2'-deoxycytidine","Gel","4.285450458526611","5.5001208782196045","5.135719752311706","6.327951630326204","0.6359177112392346","5.135719752311706","1.8748209979733934"
"Strategy 0","0","True","True","56","1","H₂O","gpt-4o","N₄-octanoyl-2'-deoxycytidine","Gel","6.083141803741455","7.063536564509074","6.769418136278787","6.236478781700133","0.5391585018515465","6.769418136278787","-0.988465085403393"
"Strategy 1","1","False","False","56","1","H₂O","gpt-4o","N₄-octanoyl-2'-deoxycytidine","Gel","6.540533860524495","7.323719501495361","7.088763809204102","6.435200598381594","0.5571209065954756","7.088763809204102","-1.1731083918863934"
"Strategy 2","2","False","False","56","1","H₂O","gpt-4o","N₄-octanoyl-2'-deoxycytidine","Gel","6.740021228790283","7.582920710245768","7.330050865809123","6.480181763584915","0.5607491642139324","7.330050865809123","-1.515595842956928"
"Strategy 3","3","False","False","56","1","H₂O","gpt-4o","N₄-octanoyl-2'-deoxycytidine","Gel","6.195456981658936","7.051670074462891","6.794806146621704","6.267083077898937","0.6268113672854859","6.794806146621704","-0.8419168768558908"
"Strategy 0","0","True","True","56","2","EtOH/H₂O","gpt-4o","N₄-octanoyl-2'-deoxycytidine","Gel","5.261477629343669","6.048924843470256","5.812690679232279","6.207037211881435","0.565335016452376","5.812690679232279","0.6975448560108347"
"Strategy 1","1","True","True","56","2","EtOH/H₂O","gpt-4o","N₄-octanoyl-2'-deoxycytidine","Gel","5.617049058278401","6.398924271265666","6.164361707369487","6.304558230555335","0.6033752616354734","6.164361707369487","0.2323537806403258"
"Strategy 2","2","True","True","56","2","EtOH/H₂O","gpt-4o","N₄-octanoyl-2'-deoxycytidine","Gel","5.934266726175944","6.734687487284343","6.494561258951823","6.533429816218925","0.5871207724499912","6.494561258951823","0.06620197937284407"
"Strategy 3","3","True","True","56","2","EtOH/H₂O","gpt-4o","N₄-octanoyl-2'-deoxycytidine","Gel","5.579376697540283","6.212133725484212","6.022306617101033","6.487000213482583","0.6312394548971546","6.022306617101033","0.7361605691413263"
"Strategy 0","0","False","False","57","1","H₂O","gpt-4o","N₄-hexanoyl-2'-deoxycytidine","No Gel","5.543027877807617","6.86141574382782","6.465899384021759","6.205462939979493","0.5442593926906563","6.465899384021759","-0.4785152953534625"
"Strategy 1","1","False","False","57","1","H₂O","gpt-4o","N₄-hexanoyl-2'-deoxycytidine","No Gel","5.693898439407349","6.574907064437866","6.310604476928711","6.612404083835986","0.5428149050912924","6.310604476928711","0.5559899038817236"
"Strategy 2","2","True","True","57","1","H₂O","gpt-4o","N₄-hexanoyl-2'-deoxycytidine","No Gel","5.755255937576294","6.848193049430847","6.520311915874481","6.463423041132994","0.5689295152467644","6.520311915874481","-0.09999283429127842"
"Strategy 3","3","True","True","57","1","H₂O","gpt-4o","N₄-hexanoyl-2'-deoxycytidine","No Gel","5.492489020029704","6.389194806416829","6.120183070500691","6.202274918617819","0.6162089596385989","6.120183070500691","0.13322079601905484"
"Strategy 0","0","False","False","57","2","EtOH/H₂O","gpt-4o","N₄-hexanoyl-2'-deoxycytidine","No Gel","5.757689952850342","7.313295125961304","6.846613574028015","6.346598568566394","0.5486151841608052","6.846613574028015","-0.911412990193616"
"Strategy 1","1","False","False","57","2","EtOH/H₂O","gpt-4o","N₄-hexanoyl-2'-deoxycytidine","No Gel","6.002008438110352","7.227800130844116","6.860062623023986","6.479194286812183","0.623424582757646","6.860062623023986","-0.6109292875925376"
"Strategy 2","2","False","False","57","2","EtOH/H₂O","gpt-4o","N₄-hexanoyl-2'-deoxycytidine","No Gel","5.800095240275065","7.266788721084595","6.826780676841736","6.4867076624887545","0.5867053888576846","6.826780676841736","-0.5796316529751047"
"Strategy 3","3","True","True","57","2","EtOH/H₂O","gpt-4o","N₄-hexanoyl-2'-deoxycytidine","No Gel","5.771767139434815","6.947696129480998","6.594917432467142","6.244346221411259","0.6788211660050273","6.594917432467142","-0.5164411904228782"
"Strategy 0","0","False","False","58","1","H₂O","gpt-4o","N₄-tetradecanoyl-2′,3′-dideoxycytidine","No Gel","5.40777063369751","6.236739317576091","5.988048712412517","6.212091441302336","0.5649091210210336","5.988048712412517","0.3965995954975518"
"Strategy 1","1","True","True","58","1","H₂O","gpt-4o","N₄-tetradecanoyl-2′,3′-dideoxycytidine","No Gel","5.480622927347819","6.172937313715617","5.965242997805277","6.289324553129901","0.572555638618371","5.965242997805277","0.5660263098738535"
"Strategy 2","2","True","True","58","1","H₂O","gpt-4o","N₄-tetradecanoyl-2′,3′-dideoxycytidine","No Gel","5.692502975463867","6.323582331339519","6.134258524576822","6.515622985332203","0.5473634748257058","6.134258524576822","0.6967298299851246"
"Strategy 3","3","True","True","58","1","H₂O","gpt-4o","N₄-tetradecanoyl-2′,3′-dideoxycytidine","No Gel","5.468087196350098","6.17365837097168","5.961987018585205","6.217608281500271","0.6226810500942559","5.961987018585205","0.4105171706708797"
"Strategy 0","0","True","True","58","2","EtOH/H₂O","gpt-4o","N₄-tetradecanoyl-2′,3′-dideoxycytidine","Gel","4.149420817693074","5.291362206141154","4.948779789606729","6.057479311575877","0.6123005707816517","4.948779789606729","1.8107112337880105"
"Strategy 1","1","True","True","58","2","EtOH/H₂O","gpt-4o","N₄-tetradecanoyl-2′,3′-dideoxycytidine","Gel","4.813764413197835","5.948262770970662","5.607913263638814","6.551723508625375","0.5918937777827746","5.607913263638814","1.5945601734859591"
"Strategy 2","2","True","True","58","2","EtOH/H₂O","gpt-4o","N₄-tetradecanoyl-2′,3′-dideoxycytidine","Gel","4.760667165120442","5.827396790186564","5.507377902666728","6.580112908114451","0.6186647012187443","5.507377902666728","1.7339521768972412"
"Strategy 3","3","True","True","58","2","EtOH/H₂O","gpt-4o","N₄-tetradecanoyl-2′,3′-dideoxycytidine","Gel","4.36558723449707","5.51906681060791","5.173022937774658","6.379768662181627","0.6519765326785069","5.173022937774658","1.8509036198731124"
"Strategy 0","0","False","False","59","1","H₂O","gpt-4o","N₄-dodecanoyl-2′,3′-dideoxycytidine","No Gel","4.9754258791605634","6.338079690933228","5.929283547401428","6.119874661529402","0.5828282067042101","5.929283547401428","0.3270107931215838"
"Strategy 1","1","True","True","59","1","H₂O","gpt-4o","N₄-dodecanoyl-2′,3′-dideoxycytidine","No Gel","5.499131520589192","6.493728955586751","6.195349725087483","6.387391777186431","0.570091470683629","6.195349725087483","0.33686182301352374"
"Strategy 2","2","True","True","59","1","H₂O","gpt-4o","N₄-dodecanoyl-2′,3′-dideoxycytidine","No Gel","5.425217151641846","6.447923898696899","6.141111874580383","6.340522236047788","0.5707167912115316","6.141111874580383","0.34940335476041"
"Strategy 3","3","True","True","59","1","H₂O","gpt-4o","N₄-dodecanoyl-2′,3′-dideoxycytidine","No Gel","5.22708797454834","6.196412165959676","5.9056149085362755","6.3325723806400935","0.6697525336796435","5.905614908536276","0.6374854153340772"
"Strategy 0","0","True","True","59","2","EtOH/H₂O","gpt-4o","N₄-dodecanoyl-2′,3′-dideoxycytidine","Gel","4.363762219746907","5.98324457804362","5.497399870554606","6.135244109156211","0.5983908132555719","5.497399870554606","1.0659325385217489"
"Strategy 1","1","True","True","59","2","EtOH/H₂O","gpt-4o","N₄-dodecanoyl-2′,3′-dideoxycytidine","Gel","4.644601980845134","6.193909645080566","5.729117345809937","6.5234234748268625","0.5960178279734214","5.729117345809937","1.3326885400688833"
"Strategy 2","2","True","True","59","2","EtOH/H₂O","gpt-4o","N₄-dodecanoyl-2′,3′-dideoxycytidine","Gel","4.679513772328694","6.2426497141520185","5.773708931605021","6.314722608226214","0.5757122307631286","5.773708931605021","0.9397293434326711"
"Strategy 3","3","True","True","59","2","EtOH/H₂O","gpt-4o","N₄-dodecanoyl-2′,3′-dideoxycytidine","Gel","4.354820251464844","5.79649003346761","5.363989098866781","6.445590615395735","0.6667120337715853","5.363989098866781","1.6222918767647594"
"Strategy 0","0","False","False","60","1","H₂O","gpt-4o","N₄-decanoyl-2′,3′-dideoxycytidine","No Gel","5.345511118570964","6.3875885009765625","6.074965286254883","6.202637996661263","0.5603855708623023","6.074965286254883","0.22783011741348363"
"Strategy 1","1","True","True","60","1","H₂O","gpt-4o","N₄-decanoyl-2′,3′-dideoxycytidine","No Gel","5.892419815063477","6.774903138478597","6.510158141454061","6.4531479573064985","0.5718649321987667","6.510158141454061","-0.0996916945551519"
"Strategy 2","2","True","True","60","1","H₂O","gpt-4o","N₄-decanoyl-2′,3′-dideoxycytidine","No Gel","5.717753251393636","6.535929282506307","6.2904764731725065","6.366152601771884","0.5606675450176771","6.2904764731725065","0.13497504764074034"
"Strategy 3","3","True","True","60","1","H₂O","gpt-4o","N₄-decanoyl-2′,3′-dideoxycytidine","No Gel","5.700623989105225","6.543872197469075","6.29089773495992","6.386041622322042","0.6173621403280923","6.29089773495992","0.15411357637117035"
"Strategy 0","0","True","True","60","2","EtOH/H₂O","gpt-4o","N₄-decanoyl-2′,3′-dideoxycytidine","Gel","4.179228782653809","5.60156234105428","5.1748622735341385","6.2375907987279176","0.5527758253523666","5.1748622735341385","1.9225307556030393"
"Strategy 1","1","True","True","60","2","EtOH/H₂O","gpt-4o","N₄-decanoyl-2′,3′-dideoxycytidine","Gel","4.252114613850911","5.787399848302205","5.326814277966816","6.595833731991376","0.5487137601652009","5.326814277966816","2.3127166587593804"
"Strategy 2","2","True","True","60","2","EtOH/H₂O","gpt-4o","N₄-decanoyl-2′,3′-dideoxycytidine","Gel","4.17698335647583","5.537771860758464","5.129535309473673","6.643006117091314","0.5995662876907925","5.129535309473673","2.524276028671856"
"Strategy 3","3","True","True","60","2","EtOH/H₂O","gpt-4o","N₄-decanoyl-2′,3′-dideoxycytidine","Gel","4.041834751764934","5.385977745056152","4.982734847068786","6.338383762411369","0.6376163472780702","4.982734847068786","2.126120073818264"
"Strategy 0","0","False","False","61","1","H₂O","gpt-4o","N₄-octanoyl-2′,3′-dideoxycytidine","No Gel","5.504645824432373","6.730754375457764","6.362921810150145","6.056233407483852","0.5895617644771889","6.362921810150145","-0.5201972399588335"
"Strategy 1","1","True","True","61","1","H₂O","gpt-4o","N₄-octanoyl-2′,3′-dideoxycytidine","No Gel","5.41982889175415","6.744480768839519","6.347085205713907","6.253071366416083","0.5205152191879395","6.347085205713907","-0.1806168884831001"
"Strategy 2","2","True","True","61","1","H₂O","gpt-4o","N₄-octanoyl-2′,3′-dideoxycytidine","No Gel","5.631079355875651","6.90436331431071","6.522378126780191","6.297525513880629","0.5647497356399592","6.522378126780191","-0.3981455832728539"
"Strategy 3","3","True","True","61","1","H₂O","gpt-4o","N₄-octanoyl-2′,3′-dideoxycytidine","No Gel","5.778886477152507","6.795856078465779","6.490765198071798","6.248090196518318","0.6266138321561678","6.490765198071798","-0.38727999463152396"
"Strategy 0","0","True","True","61","2","EtOH/H₂O","gpt-4o","N₄-octanoyl-2′,3′-dideoxycytidine","Gel","4.603563626607259","5.77766219774882","5.425432626406352","6.256550069804032","0.5910710407101609","5.425432626406352","1.4061210686267205"
"Strategy 1","1","True","True","61","2","EtOH/H₂O","gpt-4o","N₄-octanoyl-2′,3′-dideoxycytidine","Gel","4.642637491226196","5.863071203231812","5.496941089630127","6.204754914516626","0.6002423771859436","5.496941089630127","1.1792133507881801"
"Strategy 2","2","True","True","61","2","EtOH/H₂O","gpt-4o","N₄-octanoyl-2′,3′-dideoxycytidine","Gel","4.564344882965088","5.616434574127197","5.300807666778564","6.31739100387238","0.6109113819069559","5.300807666778564","1.6640438649555986"
"Strategy 3","3","True","True","61","2","EtOH/H₂O","gpt-4o","N₄-octanoyl-2′,3′-dideoxycytidine","Gel","4.070472240447998","5.355226516723633","4.9698002338409415","6.305265878953366","0.6647107663445967","4.9698002338409415","2.0090928456845516"
"Strategy 0","0","False","False","62","1","H₂O","gpt-4o","5'-O-Decanoylgemcitabine","No Gel","4.977910041809082","5.733030398686727","5.506494291623433","6.519819365915402","0.512047408857098","5.506494291623433","1.9789672924109405"
"Strategy 1","1","True","True","62","1","H₂O","gpt-4o","5'-O-Decanoylgemcitabine","No Gel","5.0657022794087725","5.460696458816528","5.342198204994202","6.732075655675981","0.5872894296577686","5.342198204994202","2.366597082279691"
"Strategy 2","2","True","True","62","1","H₂O","gpt-4o","5'-O-Decanoylgemcitabine","No Gel","5.283741474151611","5.84635059038798","5.6775678555170686","6.7352040726393065","0.5493404563826912","5.6775678555170686","1.9252836830671156"
"Strategy 3","3","True","True","62","1","H₂O","gpt-4o","5'-O-Decanoylgemcitabine","No Gel","4.610974788665772","5.115904013315837","4.9644252459208165","6.447220442461413","0.600620219372227","4.9644252459208165","2.468773359129378"
"Strategy 0","0","False","False","62","2","EtOH/H₂O","gpt-4o","5'-O-Decanoylgemcitabine","No Gel","4.459943930308024","5.143662214279175","4.938546729087829","6.184717686909422","0.5797687855320671","4.938546729087829","2.149427476813801"
"Strategy 1","1","True","True","62","2","EtOH/H₂O","gpt-4o","5'-O-Decanoylgemcitabine","No Gel","4.839456240336101","5.583323796590169","5.360163529713948","6.727838546669145","0.5727705318905716","5.360163529713948","2.387823641067645"
"Strategy 2","2","True","True","62","2","EtOH/H₂O","gpt-4o","5'-O-Decanoylgemcitabine","No Gel","4.692664782206218","5.539810021718343","5.2856664498647055","6.613180951123398","0.5628211999060598","5.2856664498647055","2.358678922329626"
"Strategy 3","3","True","True","62","2","EtOH/H₂O","gpt-4o","5'-O-Decanoylgemcitabine","No Gel","4.258849302927653","5.222959836324056","4.933726676305135","6.306583856920247","0.5771488954130916","4.933726676305135","2.378688050043821"
"Strategy 0","0","False","False","63","1","H₂O","gpt-4o","5′-O-Octanoylgemcitabine","No Gel","4.928360462188721","5.71382737159729","5.478187298774719","6.480742709858473","0.5215553304633619","5.478187298774719","1.9222417115228412"
"Strategy 1","1","True","True","63","1","H₂O","gpt-4o","5′-O-Octanoylgemcitabine","No Gel","4.862769762674968","5.46668553352356","5.285510802268981","6.662900192793026","0.6030296621564575","5.285510802268981","2.284115487119566"
"Strategy 2","2","True","True","63","1","H₂O","gpt-4o","5′-O-Octanoylgemcitabine","No Gel","5.34634002049764","5.871951500574748","5.714268056551615","6.912745793906909","0.5797058565959169","5.714268056551615","2.067389390186361"
"Strategy 3","3","True","True","63","1","H₂O","gpt-4o","5′-O-Octanoylgemcitabine","No Gel","4.678430875142415","5.127643346786499","4.992879605293273","6.510889061784868","0.6176681185851548","4.992879605293273","2.4576457984731075"
"Strategy 0","0","False","False","63","2","EtOH/H₂O","gpt-4o","5′-O-Octanoylgemcitabine","No Gel","4.64317258199056","5.26292610168457","5.077000045776367","6.22239074633103","0.5545964599092835","5.077000045776367","2.0652686833630653"
"Strategy 1","1","True","True","63","2","EtOH/H₂O","gpt-4o","5′-O-Octanoylgemcitabine","No Gel","4.873148759206136","5.776635805765788","5.5055896917978915","6.791925248804017","0.5338792854931109","5.505589691797892","2.4094127492098107"
"Strategy 2","2","True","True","63","2","EtOH/H₂O","gpt-4o","5′-O-Octanoylgemcitabine","No Gel","4.835910002390544","5.5471297899882","5.333763853708903","6.787000528170465","0.5872452470383311","5.333763853708903","2.4746674098951114"
"Strategy 3","3","True","True","63","2","EtOH/H₂O","gpt-4o","5′-O-Octanoylgemcitabine","No Gel","4.642419656117757","5.250525951385498","5.068094062805176","6.431158954906216","0.5976256105284873","5.068094062805176","2.2808006686588724"
"Strategy 0","0","True","True","64","1","KCl","gpt-4o","L-Guanosine","Gel","5.196142037709554","6.030616521835327","5.780274176597595","6.789078096209878","0.6220614393713555","5.780274176597595","1.621711065440358"
"Strategy 1","1","False","False","64","1","KCl","gpt-4o","L-Guanosine","Gel","5.153260707855225","6.173538565635681","5.867455208301544","6.8781085061472504","0.6279286518281837","5.867455208301544","1.6095033964499612"
"Strategy 2","2","True","True","64","1","KCl","gpt-4o","L-Guanosine","Gel","4.801585674285889","5.821922938028972","5.515821758906046","6.632815992554953","0.6686082429013839","5.515821758906046","1.6706258792170725"
"Strategy 3","3","True","True","64","1","KCl","gpt-4o","L-Guanosine","Gel","4.2378926277160645","5.203103065490723","4.913539934158325","6.317660665512085","0.7249132191636607","4.913539934158325","1.9369500986251942"
"Strategy 0","0","True","True","64","2","NaB(OH)₄","gpt-4o","L-Guanosine","Gel","5.355848789215088","6.510028759638469","6.163774768511455","6.813087610064859","0.5342719069329298","6.163774768511455","1.215322821820981"
"Strategy 1","1","False","False","64","2","NaB(OH)₄","gpt-4o","L-Guanosine","Gel","5.585406144460042","6.615436156590779","6.306427152951559","6.721539305285273","0.6241779942403121","6.306427152951559","0.6650541290532804"
"Strategy 2","2","True","True","64","2","NaB(OH)₄","gpt-4o","L-Guanosine","Gel","6.027360439300537","6.874804417292277","6.620571223894754","6.993462981426131","0.535299025683112","6.620571223894754","0.6966045885391206"
"Strategy 3","3","False","False","64","2","NaB(OH)₄","gpt-4o","L-Guanosine","Gel","5.719705820083618","6.661169648170471","6.378730499744415","6.815978623915088","0.5823018409486764","6.378730499744415","0.7508960017339389"
"Strategy 0","0","True","True","1","1","Tb(NO₃)₃ or Dy(NO₃)₃","gemini-3.1-flash-lite","Deoxyguanosine (dG)","Gel","5.151455084482829","6.015179077784221","5.756061879793802","6.594010752054455","0.7424291095318741","5.756061879793802","1.1286584288013803"
"Strategy 1","1","True","True","1","1","Tb(NO₃)₃ or Dy(NO₃)₃","gemini-3.1-flash-lite","Deoxyguanosine (dG)","Gel","5.265263080596924","6.110277891159058","5.856773447990417","6.829490115537816","0.7519485465053097","5.856773447990417","1.2935947174419202"
"Strategy 2","2","True","True","1","1","Tb(NO₃)₃ or Dy(NO₃)₃","gemini-3.1-flash-lite","Deoxyguanosine (dG)","Gel","5.305652300516765","5.988779783248901","5.78384153842926","6.711620329886443","0.7354395092237336","5.78384153842926","1.2615297109023507"
"Strategy 3","3","True","True","1","1","Tb(NO₃)₃ or Dy(NO₃)₃","gemini-3.1-flash-lite","Deoxyguanosine (dG)","Gel","4.860338528951009","5.561142921447754","5.3509016036987305","6.549242364220533","0.770818187889425","5.3509016036987305","1.5546347755532028"
"Strategy 0","0","False","False","1","2","LiCl","gemini-3.1-flash-lite","Deoxyguanosine (dG)","No Gel","4.603222688039144","5.435878038406372","5.186081433296203","6.654212899417532","0.7115784813929791","5.186081433296203","2.063203855247743"
"Strategy 1","1","True","True","1","2","LiCl","gemini-3.1-flash-lite","Deoxyguanosine (dG)","No Gel","4.531837781270345","5.121106147766113","4.944325637817383","6.858567798476502","0.8056560977325514","4.944325637817383","2.376004061840512"
"Strategy 2","2","True","True","1","2","LiCl","gemini-3.1-flash-lite","Deoxyguanosine (dG)","No Gel","4.612814267476399","5.13386336962382","4.977548638979594","6.6832638511362","0.8376539561729041","4.977548638979594","2.0363005505874088"
"Strategy 3","3","True","True","1","2","LiCl","gemini-3.1-flash-lite","Deoxyguanosine (dG)","No Gel","4.182143529256185","4.89939006169637","4.6842161019643145","6.586685269809199","0.7644381263128343","4.6842161019643145","2.4887157015848906"
"Strategy 0","0","False","False","1","3","NaCl","gemini-3.1-flash-lite","Deoxyguanosine (dG)","No Gel","4.671775976816813","5.665241956710815","5.367202162742615","6.564941846615892","0.7193922615227619","5.367202162742615","1.664932677115516"
"Strategy 1","1","True","True","1","3","NaCl","gemini-3.1-flash-lite","Deoxyguanosine (dG)","No Gel","4.997974395751953","5.604158997535706","5.42230361700058","6.7299624175064325","0.8416819743864182","5.42230361700058","1.5536257640056141"
"Strategy 2","2","True","True","1","3","NaCl","gemini-3.1-flash-lite","Deoxyguanosine (dG)","No Gel","5.172097206115723","5.680770516395569","5.5281685233116145","6.902083768678265","0.7951838706267613","5.528168523311615","1.7277956660309712"
"Strategy 3","3","True","True","1","3","NaCl","gemini-3.1-flash-lite","Deoxyguanosine (dG)","No Gel","4.58660888671875","5.520851453145345","5.2405786832173655","6.446116188884705","0.7568765293348642","5.2405786832173655","1.5927796132438596"
"Strategy 0","0","True","True","1","4","KCl","gemini-3.1-flash-lite","Deoxyguanosine (dG)","Gel","4.231147130330403","5.6543112595876055","5.227362020810445","6.570047680783333","0.6997931973654569","5.227362020810445","1.918689214224655"
"Strategy 1","1","True","True","1","4","KCl","gemini-3.1-flash-lite","Deoxyguanosine (dG)","Gel","4.261333624521892","5.123878717422485","4.865115189552307","6.838329279268743","0.7819046249115486","4.865115189552307","2.523599460662677"
"Strategy 2","2","True","True","1","4","KCl","gemini-3.1-flash-lite","Deoxyguanosine (dG)","Gel","3.97163732846578","5.042870203653972","4.721500341097514","6.636039206901569","0.8203083875857062","4.721500341097514","2.3339257464364564"
"Strategy 3","3","True","True","1","4","KCl","gemini-3.1-flash-lite","Deoxyguanosine (dG)","Gel","3.919710636138916","5.073974251747131","4.727695167064667","6.568423411365627","0.780116891211313","4.727695167064667","2.3595544014472"
"Strategy 0","0","False","False","1","5","KB(OH)₄","gemini-3.1-flash-lite","Deoxyguanosine (dG)","No Gel","5.127798080444336","6.263384898503621","5.922708853085836","6.424416563677233","0.7331936577790695","5.922708853085836","0.6842772100772517"
"Strategy 1","1","False","False","1","5","KB(OH)₄","gemini-3.1-flash-lite","Deoxyguanosine (dG)","No Gel","5.322854359944661","6.27244758605957","5.9875696182250975","6.696770294445738","0.7116062392427814","5.9875696182250975","0.9966195307327536"
"Strategy 2","2","True","True","1","5","KB(OH)₄","gemini-3.1-flash-lite","Deoxyguanosine (dG)","No Gel","5.375020345052083","6.109064022699992","5.888850919405619","6.7699911562355295","0.7809922595658301","5.888850919405619","1.1282317155355097"
"Strategy 3","3","True","True","1","5","KB(OH)₄","gemini-3.1-flash-lite","Deoxyguanosine (dG)","No Gel","5.072912375132243","5.766164223353068","5.558188668886821","6.717184735761441","0.785069907700614","5.558188668886821","1.4762966399631792"
"Strategy 0","0","True","True","2","1","Tb(NO₃)₃ or Eu(NO₃)₃","gemini-3.1-flash-lite","Thymidine (T)","Gel","5.555497010548909","6.372745513916016","6.1275709629058825","7.007827279980485","0.5251434568539758","6.1275709629058825","1.6762206699632765"
"Strategy 1","1","True","True","2","1","Tb(NO₃)₃ or Eu(NO₃)₃","gemini-3.1-flash-lite","Thymidine (T)","Gel","5.51227331161499","6.191049973169963","5.9874169747034705","6.886986712891925","0.5015678082028762","5.987416974703471","1.7935156991267536"
"Strategy 2","2","True","True","2","1","Tb(NO₃)₃ or Eu(NO₃)₃","gemini-3.1-flash-lite","Thymidine (T)","Gel","5.083738327026367","6.025826692581177","5.743200182914734","6.813059079924295","0.5241879388294923","5.743200182914734","2.040983429337477"
"Strategy 3","3","True","True","2","1","Tb(NO₃)₃ or Eu(NO₃)₃","gemini-3.1-flash-lite","Thymidine (T)","Gel","4.947587172190349","5.722073554992676","5.489727640151977","6.740954136786843","0.51541632221203","5.489727640151977","2.4276035560242515"
"Strategy 0","0","True","True","3","1","Tb(NO₃)₃ or Eu(NO₃)₃","gemini-3.1-flash-lite","Uridine (U)","Gel","5.394852479298909","6.285000165303548","6.017955859502156","6.94601755708995","0.5635850692704567","6.017955859502156","1.6467109371600994"
"Strategy 1","1","False","False","3","1","Tb(NO₃)₃ or Eu(NO₃)₃","gemini-3.1-flash-lite","Uridine (U)","Gel","5.48701810836792","6.56138555208842","6.239075318972269","6.587260243750974","0.4956456595111046","6.239075318972269","0.7024875898684313"
"Strategy 2","2","True","True","3","1","Tb(NO₃)₃ or Eu(NO₃)₃","gemini-3.1-flash-lite","Uridine (U)","Gel","5.876673221588135","6.738857825597127","6.480202444394429","7.0397095125775","0.5233196142222234","6.480202444394429","1.069149813951901"
"Strategy 3","3","False","False","3","1","Tb(NO₃)₃ or Eu(NO₃)₃","gemini-3.1-flash-lite","Uridine (U)","Gel","5.170894384384155","6.196956872940064","5.8891381263732905","6.564510717318039","0.5302272099983764","5.8891381263732905","1.2737418567161363"
"Strategy 0","0","False","False","3","2","B(OH)₃ + AgNO₃","gemini-3.1-flash-lite","Uridine (U)","No Gel","4.772767543792725","5.827555576960246","5.51111916700999","6.71386159686155","0.5518554788937747","5.51111916700999","2.1794518236233245"
"Strategy 1","1","True","True","3","2","B(OH)₃ + AgNO₃","gemini-3.1-flash-lite","Uridine (U)","No Gel","5.117280960083008","5.8958202203114825","5.66225844224294","6.5723026819623405","0.5645379990617615","5.66225844224294","1.6120159160797967"
"Strategy 2","2","True","True","3","2","B(OH)₃ + AgNO₃","gemini-3.1-flash-lite","Uridine (U)","No Gel","4.637951850891113","5.54320780436198","5.2716310183207185","6.678317112084814","0.6244234755282867","5.271631018320719","2.2527757986260593"
"Strategy 3","3","True","True","3","2","B(OH)₃ + AgNO₃","gemini-3.1-flash-lite","Uridine (U)","No Gel","3.9656337896982823","5.084204276402791","4.748633130391439","6.590830957181078","0.5709103509539163","4.748633130391439","3.226772511150951"
"Strategy 0","0","True","True","4","1","LiCl","gemini-3.1-flash-lite","Isoguanosine (isoG)","Gel","4.116072813669841","5.451987346013387","5.051212986310323","6.485395863197879","0.6170599241897712","5.051212986310323","2.324219772934867"
"Strategy 1","1","False","False","4","1","LiCl","gemini-3.1-flash-lite","Isoguanosine (isoG)","Gel","4.543823719024658","5.49519149462382","5.209781161944071","6.6143856002994905","0.7538579722123855","5.209781161944071","1.8632215750577725"
"Strategy 2","2","True","True","4","1","LiCl","gemini-3.1-flash-lite","Isoguanosine (isoG)","Gel","4.691327253977458","5.717689196268718","5.40978061358134","6.867519142954231","0.7343966046735407","5.40978061358134","1.9849472615970163"
"Strategy 3","3","True","True","4","1","LiCl","gemini-3.1-flash-lite","Isoguanosine (isoG)","Gel","4.440293629964192","5.071408271789551","4.882073879241943","6.646847140142159","0.7509706441890701","4.882073879241943","2.34998967610231"
"Strategy 0","0","True","True","4","2","NaCl","gemini-3.1-flash-lite","Isoguanosine (isoG)","Gel","3.7618762652079263","5.274376630783081","4.820626521110534","6.352057435284597","0.6541890414942896","4.820626521110534","2.3409608187199065"
"Strategy 1","1","False","False","4","2","NaCl","gemini-3.1-flash-lite","Isoguanosine (isoG)","Gel","4.376334349314372","5.614109039306641","5.24277663230896","6.8352638689430485","0.7469369846549865","5.24277663230896","2.1320235432841304"
"Strategy 2","2","True","True","4","2","NaCl","gemini-3.1-flash-lite","Isoguanosine (isoG)","Gel","4.395977973937988","5.81139063835144","5.386766839027405","6.940815367717152","0.7120524484193718","5.386766839027405","2.1824916579381965"
"Strategy 3","3","True","True","4","2","NaCl","gemini-3.1-flash-lite","Isoguanosine (isoG)","Gel","4.247535705566406","5.416550000508626","5.06584571202596","6.776810520071084","0.7097210324147347","5.06584571202596","2.4107568042950422"
"Strategy 0","0","True","True","4","3","KCl","gemini-3.1-flash-lite","Isoguanosine (isoG)","Gel","4.202473243077596","5.378431479136149","5.025644008318583","6.356490549191024","0.6766537722705375","5.025644008318583","1.9668057659779759"
"Strategy 1","1","True","True","4","3","KCl","gemini-3.1-flash-lite","Isoguanosine (isoG)","Gel","4.5022711753845215","5.707975308100383","5.346264068285624","6.684714279679981","0.7484261826530068","5.346264068285624","1.7883530031643795"
"Strategy 2","2","True","True","4","3","KCl","gemini-3.1-flash-lite","Isoguanosine (isoG)","Gel","4.688297986984253","5.683757185935974","5.385119426250458","6.800978065923202","0.762221276398631","5.385119426250458","1.8575427943476481"
"Strategy 3","3","False","False","4","3","KCl","gemini-3.1-flash-lite","Isoguanosine (isoG)","Gel","5.158951044082642","5.989465713500977","5.740311312675475","6.819909892063731","0.789375771128432","5.740311312675475","1.3676611556558718"
"Strategy 0","0","False","False","5","1","LiCl","gemini-3.1-flash-lite","2′-deoxyisoguanosine (isoGd)","Gel","4.817055940628052","5.877852439880371","5.559613490104676","6.635410220770873","0.703214004109192","5.559613490104676","1.5298283657319662"
"Strategy 1","1","False","False","5","1","LiCl","gemini-3.1-flash-lite","2′-deoxyisoguanosine (isoGd)","Gel","5.222756067911784","5.780606190363566","5.613251153628031","6.697311268173139","0.7780529705293915","5.613251153628031","1.3932985999751497"
"Strategy 2","2","False","False","5","1","LiCl","gemini-3.1-flash-lite","2′-deoxyisoguanosine (isoGd)","Gel","5.266534487406413","5.852705081303914","5.676853903134663","6.674583604292659","0.7843470939764572","5.676853903134663","1.272051249785013"
"Strategy 3","3","False","False","5","1","LiCl","gemini-3.1-flash-lite","2′-deoxyisoguanosine (isoGd)","Gel","4.931190490722656","5.727571487426758","5.488657188415527","6.565904192098968","0.745899499254598","5.488657188415527","1.4442254013576488"
"Strategy 0","0","False","False","5","2","KCl","gemini-3.1-flash-lite","2′-deoxyisoguanosine (isoGd)","Gel","5.469964186350505","6.018154303232829","5.853697268168131","6.695667290194706","0.7540034730770974","5.853697268168131","1.116665973155913"
"Strategy 1","1","True","True","5","2","KCl","gemini-3.1-flash-lite","2′-deoxyisoguanosine (isoGd)","Gel","5.124419212341309","5.517504215240479","5.399578714370727","6.5830568363500195","0.7971261501653216","5.399578714370727","1.4846810906076067"
"Strategy 2","2","True","True","5","2","KCl","gemini-3.1-flash-lite","2′-deoxyisoguanosine (isoGd)","Gel","5.281838893890381","5.708595037460327","5.580568194389343","6.624897120534912","0.788536121594185","5.580568194389343","1.3243894573076078"
"Strategy 3","3","True","True","5","2","KCl","gemini-3.1-flash-lite","2′-deoxyisoguanosine (isoGd)","Gel","4.555702447891235","5.147109389305115","4.969687306880951","6.478187107115752","0.7470561892137925","4.969687306880951","2.019258821511615"
"Strategy 0","0","True","True","5","3","NaCl","gemini-3.1-flash-lite","2′-deoxyisoguanosine (isoGd)","No Gel","4.647988319396973","5.416364908218384","5.1858519315719604","6.740948244305543","0.7120608991067979","5.18585193157196","2.1839372372282764"
"Strategy 1","1","True","True","5","3","NaCl","gemini-3.1-flash-lite","2′-deoxyisoguanosine (isoGd)","No Gel","3.9295793771743774","4.708796858787537","4.475031614303589","6.3959083037783","0.851603577423209","4.475031614303589","2.2555996010337576"
"Strategy 2","2","True","True","5","3","NaCl","gemini-3.1-flash-lite","2′-deoxyisoguanosine (isoGd)","No Gel","4.342856725056966","5.119319915771484","4.886380958557129","6.677823432040153","0.8011450239508432","4.886380958557129","2.2361026030574758"
"Strategy 3","3","True","True","5","3","NaCl","gemini-3.1-flash-lite","2′-deoxyisoguanosine (isoGd)","No Gel","3.553936004638672","4.481232007344564","4.203043206532796","6.36330760726633","0.7350517986580286","4.203043206532796","2.938928120001191"
"Strategy 0","0","True","True","6","1","LiCl","gemini-3.1-flash-lite","2′-deoxy-2′-fluoroisoguanosine (FisoGd)","Gel","4.971596558888753","5.5876390139261884","5.402826277414957","6.494065939240369","0.6733171421113868","5.402826277414957","1.6206919348637174"
"Strategy 1","1","True","True","6","1","LiCl","gemini-3.1-flash-lite","2′-deoxy-2′-fluoroisoguanosine (FisoGd)","Gel","5.197689374287923","5.589272101720174","5.471797283490499","6.668727654203272","0.7346990362971244","5.471797283490499","1.6291437875640742"
"Strategy 2","2","True","True","6","1","LiCl","gemini-3.1-flash-lite","2′-deoxy-2′-fluoroisoguanosine (FisoGd)","Gel","5.152479489644368","5.656097253163655","5.505011924107869","6.676144441276866","0.7294143492484053","5.505011924107869","1.6055792134823526"
"Strategy 3","3","True","True","6","1","LiCl","gemini-3.1-flash-lite","2′-deoxy-2′-fluoroisoguanosine (FisoGd)","Gel","4.993382294972737","5.467737674713135","5.325431060791015","6.54292775703647","0.698317058703705","5.325431060791015","1.7434726548217363"
"Strategy 0","0","True","True","6","2","NaCl","gemini-3.1-flash-lite","2′-deoxy-2′-fluoroisoguanosine (FisoGd)","Gel","5.514060815175374","6.705578565597534","6.348123240470886","6.427467509141571","0.6538581910532572","6.348123240470886","0.12134782397215856"
"Strategy 1","1","False","False","6","2","NaCl","gemini-3.1-flash-lite","2′-deoxy-2′-fluoroisoguanosine (FisoGd)","Gel","5.521324157714844","6.475403308868408","6.189179563522338","6.611437164166177","0.7530292549881095","6.189179563522338","0.5607452802753411"
"Strategy 2","2","False","False","6","2","NaCl","gemini-3.1-flash-lite","2′-deoxy-2′-fluoroisoguanosine (FisoGd)","Gel","5.56593116124471","6.412729740142822","6.158690166473388","6.6552336695274334","0.7318078320001218","6.158690166473388","0.6785162461256125"
"Strategy 3","3","False","False","6","2","NaCl","gemini-3.1-flash-lite","2′-deoxy-2′-fluoroisoguanosine (FisoGd)","Gel","5.494471788406372","6.486117482185364","6.188623774051666","6.516594754633053","0.7138436044169496","6.188623774051666","0.4594437472746795"
"Strategy 0","0","True","True","6","3","KCl","gemini-3.1-flash-lite","2′-deoxy-2′-fluoroisoguanosine (FisoGd)","Gel","4.190218846003215","5.307825883229573","4.972543772061665","6.334885938407838","0.6804930577479685","4.972543772061665","2.001992747515638"
"Strategy 1","1","True","True","6","3","KCl","gemini-3.1-flash-lite","2′-deoxy-2′-fluoroisoguanosine (FisoGd)","Gel","4.360130945841472","5.3170342445373535","5.029963254928589","6.538372117357968","0.7306542941596631","5.029963254928589","2.0644631455485025"
"Strategy 2","2","True","True","6","3","KCl","gemini-3.1-flash-lite","2′-deoxy-2′-fluoroisoguanosine (FisoGd)","Gel","4.35137399037679","5.258450428644816","4.986327497164408","6.566364333056664","0.7418161141334094","4.986327497164408","2.129957553885248"
"Strategy 3","3","True","True","6","3","KCl","gemini-3.1-flash-lite","2′-deoxy-2′-fluoroisoguanosine (FisoGd)","Gel","4.082748095194499","5.014253695805867","4.734802015622456","6.377403673275495","0.7261885238150126","4.734802015622456","2.2619493475656616"
"Strategy 0","0","False","False","7","1","LiCl","gemini-3.1-flash-lite","Guanosine (G)","No Gel","4.665249824523926","5.288097143173218","5.10124294757843","6.420795978963837","0.7636422383247168","5.10124294757843","1.7279728191571109"
"Strategy 1","1","False","False","7","1","LiCl","gemini-3.1-flash-lite","Guanosine (G)","No Gel","4.723493258158366","5.383766015370687","5.18568418820699","6.492557551078401","0.7771362867132512","5.18568418820699","1.6816527360967555"
"Strategy 2","2","False","False","7","1","LiCl","gemini-3.1-flash-lite","Guanosine (G)","No Gel","4.97966210047404","5.649926900863648","5.448847460746765","6.648761375929958","0.7135285286472867","5.448847460746765","1.681662143850085"
"Strategy 3","3","False","False","7","1","LiCl","gemini-3.1-flash-lite","Guanosine (G)","No Gel","4.713420073191325","5.33633287747701","5.149459036191304","6.52775792219226","0.7097546349243812","5.149459036191304","1.9419371402171997"
"Strategy 0","0","False","False","7","2","NaCl","gemini-3.1-flash-lite","Guanosine (G)","No Gel","3.803323268890381","4.928867340087891","4.591204118728638","6.238302443748296","0.7124884147801452","4.591204118728638","2.311754536426965"
"Strategy 1","1","False","False","7","2","NaCl","gemini-3.1-flash-lite","Guanosine (G)","No Gel","4.041577895482381","5.243730783462524","4.883084917068481","6.423389103061468","0.7365917405874767","4.883084917068481","2.0911233470585766"
"Strategy 2","2","False","False","7","2","NaCl","gemini-3.1-flash-lite","Guanosine (G)","No Gel","4.37099568049113","5.175431887308757","4.934101025263469","6.6159047039904335","0.7596195759942977","4.934101025263469","2.214007816380432"
"Strategy 3","3","False","False","7","2","NaCl","gemini-3.1-flash-lite","Guanosine (G)","No Gel","4.031269709269206","5.006331205368042","4.713812756538391","6.434810414363555","0.7444095257867819","4.713812756538391","2.3118963395937278"
"Strategy 0","0","False","False","7","3","KCl + NaCl","gemini-3.1-flash-lite","Guanosine (G)","No Gel","5.152681827545166","6.595430056254069","6.162605587641398","6.400217125335713","0.7778222204818585","6.162605587641398","0.3054830929709304"
"Strategy 1","1","False","False","7","3","KCl + NaCl","gemini-3.1-flash-lite","Guanosine (G)","No Gel","5.334220886230469","6.578272819519043","6.2050572395324695","6.522556571689378","0.8089581595569557","6.2050572395324695","0.3924792999563717"
"Strategy 2","2","False","False","7","3","KCl + NaCl","gemini-3.1-flash-lite","Guanosine (G)","No Gel","5.151882966359456","6.264471292495728","5.930694794654845","6.498983299454977","0.8240953350179876","5.930694794654845","0.6895907313778548"
"Strategy 3","3","False","False","7","3","KCl + NaCl","gemini-3.1-flash-lite","Guanosine (G)","No Gel","5.007687409718831","6.3179393609364825","5.924863775571187","6.301090470148919","0.7749359614654956","5.924863775571187","0.485493915995643"
"Strategy 0","0","True","True","7","4","KCl","gemini-3.1-flash-lite","Guanosine (G)","Gel","5.619132200876872","6.466369390487671","6.21219823360443","6.567574037137882","0.7332060577911619","6.21219823360443","0.4846874896315614"
"Strategy 1","1","True","True","7","4","KCl","gemini-3.1-flash-lite","Guanosine (G)","Gel","5.417216142018636","6.258009751637776","6.005771668752035","6.556325917773777","0.7905246861443262","6.005771668752035","0.6964415642818105"
"Strategy 2","2","True","True","7","4","KCl","gemini-3.1-flash-lite","Guanosine (G)","Gel","5.12584129969279","6.092046817143758","5.802185161908468","6.317944793738136","0.7538519666261961","5.802185161908468","0.684165664696624"
"Strategy 3","3","True","True","7","4","KCl","gemini-3.1-flash-lite","Guanosine (G)","Gel","5.194561004638672","6.0704578558603925","5.807688800493875","6.271614728910362","0.7556481663826664","5.807688800493875","0.6139443580434106"
"Strategy 0","0","True","True","7","5","KCl","gemini-3.1-flash-lite","Guanosine (G)","Gel","5.031955083211263","6.041928211847941","5.738936273256937","6.550119556074611","0.7412587113087463","5.738936273256937","1.094332208771578"
"Strategy 1","1","True","True","7","5","KCl","gemini-3.1-flash-lite","Guanosine (G)","Gel","4.866844495137532","5.704049030939738","5.452887670199075","6.536895002259148","0.7870522346433907","5.452887670199075","1.3773003675559483"
"Strategy 2","2","True","True","7","5","KCl","gemini-3.1-flash-lite","Guanosine (G)","Gel","4.828340371449788","5.7605710824330645","5.480901869138081","6.566890029636156","0.7636055747396177","5.480901869138081","1.4221846938039793"
"Strategy 3","3","True","True","7","5","KCl","gemini-3.1-flash-lite","Guanosine (G)","Gel","4.498422145843506","5.670333464940389","5.318760069211325","6.332609859671088","0.7494018687155223","5.318760069211325","1.3528786526747063"
"Strategy 0","0","False","False","7","6","KCl","gemini-3.1-flash-lite","Guanosine (G)","No Gel","5.125346819559733","6.492631435394287","6.08244605064392","6.596435125175988","0.7390433326076694","6.08244605064392","0.6954789412935896"
"Strategy 1","1","False","False","7","6","KCl","gemini-3.1-flash-lite","Guanosine (G)","No Gel","5.649503946304321","6.6572946310043335","6.354957425594329","6.443102353118187","0.8229481246346565","6.354957425594329","0.10710872883146672"
"Strategy 2","2","False","False","7","6","KCl","gemini-3.1-flash-lite","Guanosine (G)","No Gel","5.493389924367269","6.498204628626506","6.196760217348735","6.670869911733523","0.8072366489075141","6.196760217348735","0.5873242933487122"
"Strategy 3","3","False","False","7","6","KCl","gemini-3.1-flash-lite","Guanosine (G)","No Gel","5.6163434982299805","6.617735942204793","6.317318209012349","6.4979847372040265","0.741081639529609","6.317318209012349","0.24378761873840646"
"Strategy 0","0","False","False","7","7","KCl","gemini-3.1-flash-lite","Guanosine (G)","No Gel","4.9087982177734375","5.661147673924764","5.435442837079365","6.581066541770324","0.7109761308277388","5.435442837079365","1.6113391927197198"
"Strategy 1","1","False","False","7","7","KCl","gemini-3.1-flash-lite","Guanosine (G)","No Gel","4.128868818283081","5.042874654134114","4.768672903378804","6.404007326108848","0.7219399485537772","4.768672903378804","2.2651945303844454"
"Strategy 2","2","False","False","7","7","KCl","gemini-3.1-flash-lite","Guanosine (G)","No Gel","4.109666188557942","5.1391323407491045","4.830292495091757","6.447460631190652","0.7138931029727709","4.830292495091757","2.2652805151986133"
"Strategy 3","3","False","False","7","7","KCl","gemini-3.1-flash-lite","Guanosine (G)","No Gel","4.271726608276367","5.249697764714559","4.9563064177831","6.253141829640981","0.6993661709035688","4.9563064177831","1.8543010311499515"
"Strategy 0","0","True","True","7","8","KCl + TAcG","gemini-3.1-flash-lite","Guanosine (G)","Gel","5.10494327545166","5.7875650723775225","5.582778533299764","6.567741076028315","0.664450398693482","5.582778533299764","1.4823718138559279"
"Strategy 1","1","True","True","7","8","KCl + TAcG","gemini-3.1-flash-lite","Guanosine (G)","Gel","4.723031838734944","5.560538053512573","5.309286189079284","6.459974255364686","0.727595682978549","5.309286189079284","1.581493806525686"
"Strategy 2","2","True","True","7","8","KCl + TAcG","gemini-3.1-flash-lite","Guanosine (G)","Gel","4.979513009389241","5.834286371866862","5.577854363123575","6.535063107377183","0.7270896340609103","5.577854363123575","1.3164934547442877"
"Strategy 3","3","True","True","7","8","KCl + TAcG","gemini-3.1-flash-lite","Guanosine (G)","Gel","4.793447971343994","5.691525061925252","5.4221019347508745","6.3937191310163","0.7051679611067008","5.4221019347508745","1.3778521570103035"
"Strategy 0","0","True","True","7","9","KB(OH)₄","gemini-3.1-flash-lite","Guanosine (G)","Gel","4.1648055712382","5.14717451731364","4.852463833491007","6.511844672959596","0.6613169590132602","4.852463833491007","2.509206541360322"
"Strategy 1","1","True","True","7","9","KB(OH)₄","gemini-3.1-flash-lite","Guanosine (G)","Gel","4.2784803708394366","5.238607088724772","4.950569073359172","6.54184401423432","0.7231021615026035","4.950569073359172","2.200622575333594"
"Strategy 2","2","True","True","7","9","KB(OH)₄","gemini-3.1-flash-lite","Guanosine (G)","Gel","4.456143220265706","5.281091372172038","5.033606926600139","6.631486553985634","0.7084997251027181","5.033606926600139","2.2553002785623315"
"Strategy 3","3","True","True","7","9","KB(OH)₄","gemini-3.1-flash-lite","Guanosine (G)","Gel","4.2384843826293945","5.178759733835856","4.896677128473917","6.5743002885995905","0.7305805376272322","4.896677128473917","2.2962877789959077"
"Strategy 0","0","False","False","7","10","KB(OH)₄","gemini-3.1-flash-lite","Guanosine (G)","No Gel","5.00290060043335","6.2588291962941485","5.882050617535907","6.5967531076081345","0.6512359574854207","5.882050617535907","1.097455510337399"
"Strategy 1","1","False","False","7","10","KB(OH)₄","gemini-3.1-flash-lite","Guanosine (G)","No Gel","5.485583146413167","6.239366292953491","6.013231348991393","6.442309998849874","0.7745018147757577","6.013231348991393","0.5540059967228249"
"Strategy 2","2","False","False","7","10","KB(OH)₄","gemini-3.1-flash-lite","Guanosine (G)","No Gel","5.467378616333008","6.299761374791463","6.050046547253927","6.5844833902610365","0.7272479330990538","6.050046547253927","0.734875712509337"
"Strategy 3","3","False","False","7","10","KB(OH)₄","gemini-3.1-flash-lite","Guanosine (G)","No Gel","5.417806466420491","6.099857409795125","5.895242126782734","6.536839054043594","0.7460940848994558","5.895242126782734","0.8599410453003685"
"Strategy 0","0","False","False","7","11","LiB(OH)₄","gemini-3.1-flash-lite","Guanosine (G)","No Gel","4.650317351023356","5.725054979324341","5.402633690834045","6.418429966490398","0.6690525981719053","5.402633690834045","1.5182607143771314"
"Strategy 1","1","False","False","7","11","LiB(OH)₄","gemini-3.1-flash-lite","Guanosine (G)","No Gel","4.810292402903239","5.772295077641805","5.483694275220235","6.5186097795033024","0.7286697777522095","5.483694275220235","1.4202805384293014"
"Strategy 2","2","False","False","7","11","LiB(OH)₄","gemini-3.1-flash-lite","Guanosine (G)","No Gel","4.656422297159831","5.414752165476481","5.187253204981485","6.522925973061751","0.7468369187434571","5.187253204981485","1.7884396640802345"
"Strategy 3","3","False","False","7","11","LiB(OH)₄","gemini-3.1-flash-lite","Guanosine (G)","No Gel","4.732808748881022","5.596137285232544","5.337138724327088","6.392159173962989","0.7214537078774033","5.337138724327088","1.4623536314476624"
"Strategy 0","0","False","False","8","1","LiCl","gemini-3.1-flash-lite","8-Aza-2′-deoxyisoguanosine (z8isoGd)","No Gel","4.555934429168701","5.738072752952576","5.383431255817413","6.498006647779036","0.612467976851523","5.383431255817413","1.8198100702199203"
"Strategy 1","1","True","True","8","1","LiCl","gemini-3.1-flash-lite","8-Aza-2′-deoxyisoguanosine (z8isoGd)","No Gel","4.496703624725342","5.395153045654297","5.12561821937561","6.567171354133645","0.7299093719990349","5.12561821937561","1.9749755107404496"
"Strategy 2","2","True","True","8","1","LiCl","gemini-3.1-flash-lite","8-Aza-2′-deoxyisoguanosine (z8isoGd)","No Gel","4.8907731374104815","5.6091943581899","5.393667991956074","6.722770831258414","0.7447189367407766","5.393667991956074","1.7847039651215106"
"Strategy 3","3","True","True","8","1","LiCl","gemini-3.1-flash-lite","8-Aza-2′-deoxyisoguanosine (z8isoGd)","No Gel","4.858095169067383","5.716633717219035","5.4590721527735395","6.7745188024925005","0.6987088341830542","5.45907215277354","1.8826821493634187"
"Strategy 0","0","False","False","8","2","NaCl","gemini-3.1-flash-lite","8-Aza-2′-deoxyisoguanosine (z8isoGd)","No Gel","4.460289637247722","5.542285442352295","5.217686700820923","6.471312178875432","0.6088817937791285","5.217686700820923","2.058897951725029"
"Strategy 1","1","True","True","8","2","NaCl","gemini-3.1-flash-lite","8-Aza-2′-deoxyisoguanosine (z8isoGd)","No Gel","4.728061676025391","5.267788092295329","5.105870167414348","6.874830880460813","0.74619006985285","5.105870167414348","2.370657000829973"
"Strategy 2","2","True","True","8","2","NaCl","gemini-3.1-flash-lite","8-Aza-2′-deoxyisoguanosine (z8isoGd)","No Gel","4.51141627629598","5.086110830307007","4.9137024641036975","6.6384291908845725","0.7460290945086258","4.9137024641036975","2.3118759569516136"
"Strategy 3","3","True","True","8","2","NaCl","gemini-3.1-flash-lite","8-Aza-2′-deoxyisoguanosine (z8isoGd)","No Gel","4.630146026611328","5.295316775639852","5.0957655509312945","6.56012250015594","0.7215245777947807","5.095765550931295","2.0295316255202382"
"Strategy 0","0","True","True","8","3","KCl","gemini-3.1-flash-lite","8-Aza-2′-deoxyisoguanosine (z8isoGd)","Gel","4.682885885238648","5.80111837387085","5.465648627281189","6.318156943302746","0.645918328295665","5.465648627281189","1.3198391788494463"
"Strategy 1","1","False","False","8","3","KCl","gemini-3.1-flash-lite","8-Aza-2′-deoxyisoguanosine (z8isoGd)","Gel","5.517293135325114","6.6062711874643965","6.279577771822612","6.7227956890135765","0.779952617387022","6.279577771822612","0.5682626191778449"
"Strategy 2","2","False","False","8","3","KCl","gemini-3.1-flash-lite","8-Aza-2′-deoxyisoguanosine (z8isoGd)","Gel","5.560997486114502","6.596821705500285","6.28607443968455","6.695571583617257","0.7873583624038522","6.28607443968455","0.5200899151975568"
"Strategy 3","3","False","False","8","3","KCl","gemini-3.1-flash-lite","8-Aza-2′-deoxyisoguanosine (z8isoGd)","Gel","5.31020975112915","6.230933666229248","5.954716491699219","6.576380934025274","0.7186892918694444","5.954716491699219","0.86499750220153"
"Strategy 0","0","True","True","8","4","KCl","gemini-3.1-flash-lite","8-Aza-2′-deoxyisoguanosine (z8isoGd)","Gel","5.836727619171143","6.617871363957723","6.383528240521748","6.480972408385855","0.6591242744637659","6.383528240521748","0.14783883956236196"
"Strategy 1","1","False","False","8","4","KCl","gemini-3.1-flash-lite","8-Aza-2′-deoxyisoguanosine (z8isoGd)","Gel","6.607302665710449","7.232673247655232","7.045062073071797","6.784067281764914","0.7637765698959182","7.045062073071797","-0.34171615311850917"
"Strategy 2","2","False","False","8","4","KCl","gemini-3.1-flash-lite","8-Aza-2′-deoxyisoguanosine (z8isoGd)","Gel","6.431888898213704","7.117966254552205","6.9121430476506545","6.725642354790247","0.7659748920244537","6.912143047650655","-0.24348147021828725"
"Strategy 3","3","False","False","8","4","KCl","gemini-3.1-flash-lite","8-Aza-2′-deoxyisoguanosine (z8isoGd)","Gel","6.274844805399577","6.978398561477661","6.767332434654236","6.621755197744345","0.7444109712313608","6.767332434654236","-0.19556030544402886"
"Strategy 0","0","False","False","9","1","LiCl","gemini-3.1-flash-lite","8-Aza-2′-deoxyguanosine (z8Gd)","No Gel","4.941486597061157","5.69915509223938","5.471854543685913","6.617429567584694","0.7433308148479285","5.471854543685913","1.5411375406697552"
"Strategy 1","1","True","True","9","1","LiCl","gemini-3.1-flash-lite","8-Aza-2′-deoxyguanosine (z8Gd)","No Gel","4.866024017333984","5.530119975407918","5.3308911879857375","6.946459709335051","0.7910000340497714","5.3308911879857375","2.042437992167847"
"Strategy 2","2","True","True","9","1","LiCl","gemini-3.1-flash-lite","8-Aza-2′-deoxyguanosine (z8Gd)","No Gel","4.84307599067688","5.637080311775208","5.398879015445709","6.873141553420429","0.790305845992395","5.398879015445709","1.8654329149286173"
"Strategy 3","3","True","True","9","1","LiCl","gemini-3.1-flash-lite","8-Aza-2′-deoxyguanosine (z8Gd)","No Gel","4.601210912068685","5.599374532699585","5.299925446510315","6.713966083773038","0.7470006666694613","5.299925446510315","1.8929576643716963"
"Strategy 0","0","False","False","9","2","KCl","gemini-3.1-flash-lite","8-Aza-2′-deoxyguanosine (z8Gd)","No Gel","4.734781503677368","5.626432657241821","5.358937311172485","6.593979674069455","0.7165459297259077","5.358937311172485","1.7236053010159407"
"Strategy 1","1","False","False","9","2","KCl","gemini-3.1-flash-lite","8-Aza-2′-deoxyguanosine (z8Gd)","No Gel","4.865433533986409","5.642627239227295","5.409469127655029","6.715726473966002","0.772880508566909","5.409469127655029","1.6901155247569404"
"Strategy 2","2","False","False","9","2","KCl","gemini-3.1-flash-lite","8-Aza-2′-deoxyguanosine (z8Gd)","No Gel","4.658859252929688","5.538528124491374","5.274627463022867","6.713376741569479","0.7498240205441037","5.274627463022867","1.9187825931511175"
"Strategy 3","3","False","False","9","2","KCl","gemini-3.1-flash-lite","8-Aza-2′-deoxyguanosine (z8Gd)","No Gel","4.548187891642253","5.444968700408936","5.17593445777893","6.789711975558475","0.74130304348913","5.17593445777893","2.1769471094896544"
"Strategy 0","0","False","False","9","3","NaCl","gemini-3.1-flash-lite","8-Aza-2′-deoxyguanosine (z8Gd)","No Gel","4.69143025080363","5.484536488850911","5.246604617436726","6.688052337360627","0.7117593443780769","5.246604617436726","2.0251897376681627"
"Strategy 1","1","True","True","9","3","NaCl","gemini-3.1-flash-lite","8-Aza-2′-deoxyguanosine (z8Gd)","No Gel","4.388540267944336","5.092616319656372","4.881393504142761","6.851247926830322","0.8220110644876124","4.881393504142761","2.3963843162080036"
"Strategy 2","2","True","True","9","3","NaCl","gemini-3.1-flash-lite","8-Aza-2′-deoxyguanosine (z8Gd)","No Gel","4.398694356282552","5.302397171656291","5.031286327044169","6.6014158884684235","0.7948251265403452","5.031286327044169","1.9754402685513928"
"Strategy 3","3","True","True","9","3","NaCl","gemini-3.1-flash-lite","8-Aza-2′-deoxyguanosine (z8Gd)","No Gel","4.2179873784383135","5.142831802368164","4.865378475189209","6.569442746004699","0.7510809670222237","4.865378475189209","2.268815674522437"
"Strategy 0","0","True","True","10","1","H₂O","gemini-3.1-flash-lite","2-Amino-2′-fluoro-2′-deoxyadenosine (2-FA)","Gel","5.035508632659912","5.806263446807861","5.575037002563477","6.496125634203278","0.5232228177076175","5.575037002563477","1.7604137290406079"
"Strategy 1","1","False","False","10","1","H₂O","gemini-3.1-flash-lite","2-Amino-2′-fluoro-2′-deoxyadenosine (2-FA)","Gel","5.3128431638081866","6.132175445556641","5.886375761032103","6.446650207135104","0.5338933829485328","5.886375761032103","1.0494126055819852"
"Strategy 2","2","False","False","10","1","H₂O","gemini-3.1-flash-lite","2-Amino-2′-fluoro-2′-deoxyadenosine (2-FA)","Gel","5.371465524037679","6.2625190416971845","5.995202986399332","6.578594163591546","0.518643191486893","5.995202986399332","1.1248410984046588"
"Strategy 3","3","True","True","10","1","H₂O","gemini-3.1-flash-lite","2-Amino-2′-fluoro-2′-deoxyadenosine (2-FA)","Gel","5.195314725240071","6.01194429397583","5.766955423355102","6.507818768560424","0.5457793973245967","5.766955423355102","1.3574410262406817"
"Strategy 0","0","True","True","10","2","PBS","gemini-3.1-flash-lite","2-Amino-2′-fluoro-2′-deoxyadenosine (2-FA)","Gel","4.98565673828125","5.744035482406616","5.516521859169006","6.815349208908179","0.5080918268525221","5.516521859169006","2.556284673550099"
"Strategy 1","1","False","False","10","2","PBS","gemini-3.1-flash-lite","2-Amino-2′-fluoro-2′-deoxyadenosine (2-FA)","Gel","5.058805783589681","5.888488213221232","5.639583484331767","6.460210016901178","0.5332368583809693","5.639583484331767","1.5389531306238353"
"Strategy 2","2","False","False","10","2","PBS","gemini-3.1-flash-lite","2-Amino-2′-fluoro-2′-deoxyadenosine (2-FA)","Gel","5.053463935852051","5.753007809321086","5.543144647280375","6.475003683289816","0.5175038678781946","5.543144647280375","1.8006803308159498"
"Strategy 3","3","True","True","10","2","PBS","gemini-3.1-flash-lite","2-Amino-2′-fluoro-2′-deoxyadenosine (2-FA)","Gel","5.010077158610026","5.711172421773274","5.5008438428243","6.676341044194322","0.5119583314980256","5.5008438428243","2.29607983511165"
"Strategy 0","0","False","False","11","1","H₂O","gemini-3.1-flash-lite","2-aminoadenosine (2-RA)","No Gel","5.607948462168376","6.361335039138794","6.135319066047668","6.588077069992243","0.5192562941379988","6.135319066047668","0.8719355144191079"
"Strategy 1","1","False","False","11","1","H₂O","gemini-3.1-flash-lite","2-aminoadenosine (2-RA)","No Gel","5.554189046223958","6.444751183191936","6.1775825421015425","6.892966316959962","0.5052985449064994","6.177582542101543","1.4157645654625706"
"Strategy 2","2","False","False","11","1","H₂O","gemini-3.1-flash-lite","2-aminoadenosine (2-RA)","No Gel","5.6181990305582685","6.243795077006022","6.056116263071696","6.708654747083206","0.5414487367978877","6.056116263071696","1.205171311084044"
"Strategy 3","3","False","False","11","1","H₂O","gemini-3.1-flash-lite","2-aminoadenosine (2-RA)","No Gel","5.32429838180542","6.187088251113892","5.928251290321349","6.678646979344291","0.5211206030694143","5.928251290321349","1.4399654985872583"
"Strategy 0","0","False","False","12","1","H₂O","gemini-3.1-flash-lite","2′-deoxy-2-aminoadenosine (2-DA)","No Gel","5.8229044278462725","6.64256763458252","6.3966686725616455","6.649364659521314","0.5280780523137647","6.3966686725616455","0.47852014650577834"
"Strategy 1","1","False","False","12","1","H₂O","gemini-3.1-flash-lite","2′-deoxy-2-aminoadenosine (2-DA)","No Gel","5.914539575576782","6.5434592962265015","6.354783380031585","6.521448983055676","0.5689026888252331","6.354783380031585","0.29295977378530347"
"Strategy 2","2","True","True","12","1","H₂O","gemini-3.1-flash-lite","2′-deoxy-2-aminoadenosine (2-DA)","No Gel","5.505907694498698","6.299858093261719","6.061672973632812","6.4288213609725","0.5446225212837921","6.061672973632812","0.6741336852435705"
"Strategy 3","3","True","True","12","1","H₂O","gemini-3.1-flash-lite","2′-deoxy-2-aminoadenosine (2-DA)","No Gel","5.295419057210286","6.001903216044108","5.789957968393961","6.294579436674289","0.5603207018109053","5.789957968393961","0.9005940109823499"
"Strategy 0","0","True","True","13","1","H₂O","gemini-3.1-flash-lite","5-(1-Benzyl-1H-1,2,3-triazol-4-yl)-2′-deoxyuridine","Gel","4.104573090871175","5.017834822336833","4.743856302897135","6.300511703318711","0.605816329312208","4.743856302897135","2.5695170715996865"
"Strategy 1","1","False","False","13","1","H₂O","gemini-3.1-flash-lite","5-(1-Benzyl-1H-1,2,3-triazol-4-yl)-2′-deoxyuridine","Gel","3.836778402328491","5.117270469665527","4.733122849464416","6.16538206298838","0.5473135926074554","4.733122849464416","2.616889536217329"
"Strategy 2","2","False","False","13","1","H₂O","gemini-3.1-flash-lite","5-(1-Benzyl-1H-1,2,3-triazol-4-yl)-2′-deoxyuridine","Gel","3.823565363883972","5.334729194641113","4.88138004541397","6.255321243936701","0.5569586291476704","4.88138004541397","2.466864012189401"
"Strategy 3","3","True","True","13","1","H₂O","gemini-3.1-flash-lite","5-(1-Benzyl-1H-1,2,3-triazol-4-yl)-2′-deoxyuridine","Gel","4.0208117961883545","4.925982316335042","4.654431160291035","6.26357593062004","0.5721257354908229","4.654431160291035","2.812571905978902"
"Strategy 0","0","True","True","13","2","acidic pH","gemini-3.1-flash-lite","5-(1-Benzyl-1H-1,2,3-triazol-4-yl)-2′-deoxyuridine","Gel","6.077443440755208","6.694721698760986","6.509538221359253","6.29619720357949","0.6216503499878224","6.509538221359253","-0.3431849073742844"
"Strategy 1","1","True","True","13","2","acidic pH","gemini-3.1-flash-lite","5-(1-Benzyl-1H-1,2,3-triazol-4-yl)-2′-deoxyuridine","Gel","5.856598854064941","6.535857439041138","6.332079863548279","6.278678748157906","0.5905383526903905","6.332079863548279","-0.09042785307184115"
"Strategy 2","2","True","True","13","2","acidic pH","gemini-3.1-flash-lite","5-(1-Benzyl-1H-1,2,3-triazol-4-yl)-2′-deoxyuridine","Gel","6.018586158752441","6.698693831761678","6.494661529858907","6.33493719162559","0.5682528460715348","6.494661529858907","-0.2810796977745531"
"Strategy 3","3","True","True","13","2","acidic pH","gemini-3.1-flash-lite","5-(1-Benzyl-1H-1,2,3-triazol-4-yl)-2′-deoxyuridine","Gel","5.770293235778809","6.455510218938191","6.2499451239903765","6.291543218886205","0.5731424825292285","6.2499451239903765","0.0725789767184239"
"Strategy 0","0","False","False","13","3","acidic pH + benzyl amine","gemini-3.1-flash-lite","5-(1-Benzyl-1H-1,2,3-triazol-4-yl)-2′-deoxyuridine","No Gel","5.417058149973552","6.532697916030884","6.198005986213683","6.529247030916139","0.6015694658883761","6.198005986213683","0.5506280878356925"
"Strategy 1","1","False","False","13","3","acidic pH + benzyl amine","gemini-3.1-flash-lite","5-(1-Benzyl-1H-1,2,3-triazol-4-yl)-2′-deoxyuridine","No Gel","5.3957953453063965","6.644531846046448","6.269910895824433","6.55506339008494","0.571875643872497","6.269910895824433","0.4986267509656062"
"Strategy 2","2","False","False","13","3","acidic pH + benzyl amine","gemini-3.1-flash-lite","5-(1-Benzyl-1H-1,2,3-triazol-4-yl)-2′-deoxyuridine","No Gel","5.441516717274983","6.729394435882568","6.343031120300292","6.205214386700968","0.5763087166177128","6.343031120300292","-0.23913699311742903"
"Strategy 3","3","False","False","13","3","acidic pH + benzyl amine","gemini-3.1-flash-lite","5-(1-Benzyl-1H-1,2,3-triazol-4-yl)-2′-deoxyuridine","No Gel","5.71384859085083","6.970167557398479","6.593271867434183","6.549767080203507","0.5601440392048991","6.593271867434183","-0.07766714306632444"
"Strategy 0","0","False","False","14","1","H₂O","gemini-3.1-flash-lite","5-(1-o-Methylbenzyl-1H-1,2,3-triazol-4-yl)-2′-deoxyuridine","No Gel","5.833949327468872","6.97910749912262","6.635560047626495","6.416016217996907","0.631407469828329","6.635560047626495","-0.34770546773746425"
"Strategy 1","1","True","True","14","1","H₂O","gemini-3.1-flash-lite","5-(1-o-Methylbenzyl-1H-1,2,3-triazol-4-yl)-2′-deoxyuridine","No Gel","4.955811023712158","6.319106419881185","5.910117801030476","6.173970278165752","0.5411379045758117","5.910117801030476","0.4875882374976216"
"Strategy 2","2","True","True","14","1","H₂O","gemini-3.1-flash-lite","5-(1-o-Methylbenzyl-1H-1,2,3-triazol-4-yl)-2′-deoxyuridine","No Gel","4.951937675476074","6.342749834060669","5.92550618648529","6.2283240419333605","0.5303188569749551","5.92550618648529","0.5710109144061073"
"Strategy 3","3","True","True","14","1","H₂O","gemini-3.1-flash-lite","5-(1-o-Methylbenzyl-1H-1,2,3-triazol-4-yl)-2′-deoxyuridine","No Gel","4.855871359507243","6.360435565312703","5.9090663035710635","6.1178339801093395","0.5796884637506317","5.909066303571064","0.3601377111897865"
"Strategy 0","0","False","False","15","1","H₂O","gemini-3.1-flash-lite","5-(1-m-Methylbenzyl-1H-1,2,3-triazol-4-yl)-2′-deoxyuridine","No Gel","6.706456343332927","8.304034074147543","7.824760754903157","6.4086345205011295","0.5763215322520587","7.824760754903157","-2.4571808533134485"
"Strategy 1","1","False","False","15","1","H₂O","gemini-3.1-flash-lite","5-(1-m-Methylbenzyl-1H-1,2,3-triazol-4-yl)-2′-deoxyuridine","No Gel","5.998091538747151","7.592103719711304","7.113900065422057","6.1459933096740285","0.5478670247147708","7.113900065422057","-1.7666818992289928"
"Strategy 2","2","False","False","15","1","H₂O","gemini-3.1-flash-lite","5-(1-m-Methylbenzyl-1H-1,2,3-triazol-4-yl)-2′-deoxyuridine","No Gel","6.200346946716309","7.641757090886434","7.209334047635395","6.141558532998236","0.5775589623721396","7.209334047635395","-1.8487731715764772"
"Strategy 3","3","False","False","15","1","H₂O","gemini-3.1-flash-lite","5-(1-m-Methylbenzyl-1H-1,2,3-triazol-4-yl)-2′-deoxyuridine","No Gel","6.160897731781006","7.704036712646484","7.241095018386841","6.304666062226898","0.5671378082510037","7.241095018386841","-1.6511488786963364"
"Strategy 0","0","True","True","16","1","H₂O","gemini-3.1-flash-lite","5-(1-p-Methylbenzyl-1H-1,2,3-triazol-4-yl)-2′-deoxyuridine","Gel","4.739786307017009","5.864703257878621","5.527228172620137","6.2137559532195095","0.5742760432816267","5.527228172620137","1.1954665158523725"
"Strategy 1","1","True","True","16","1","H₂O","gemini-3.1-flash-lite","5-(1-p-Methylbenzyl-1H-1,2,3-triazol-4-yl)-2′-deoxyuridine","Gel","4.798500061035156","5.7026699384053545","5.431418975194295","6.294947848393936","0.5904157530069136","5.431418975194295","1.4625776307657723"
"Strategy 2","2","True","True","16","1","H₂O","gemini-3.1-flash-lite","5-(1-p-Methylbenzyl-1H-1,2,3-triazol-4-yl)-2′-deoxyuridine","Gel","4.741979122161865","5.744702100753784","5.4438852071762085","6.274058535363939","0.5932599782530166","5.4438852071762085","1.3993415342669113"
"Strategy 3","3","True","True","16","1","H₂O","gemini-3.1-flash-lite","5-(1-p-Methylbenzyl-1H-1,2,3-triazol-4-yl)-2′-deoxyuridine","Gel","4.997641722361247","5.935045003890991","5.653824019432068","6.3803129636656095","0.5512563194463108","5.653824019432068","1.3178786684263992"
"Strategy 0","0","False","False","17","1","H₂O","gemini-3.1-flash-lite","5-(1-o-Ethylbenzyl-1H-1,2,3-triazol-4-yl)-2′-deoxyuridine","No Gel","6.418987115224202","7.424661000569661","7.122958834966023","6.32628384277186","0.6097428114554762","7.122958834966023","-1.306575456449373"
"Strategy 1","1","True","True","17","1","H₂O","gemini-3.1-flash-lite","5-(1-o-Ethylbenzyl-1H-1,2,3-triazol-4-yl)-2′-deoxyuridine","No Gel","5.893421649932861","6.835583130518596","6.5529346863428755","6.12759641935659","0.5725499113537823","6.552934686342876","-0.742884172282172"
"Strategy 2","2","True","True","17","1","H₂O","gemini-3.1-flash-lite","5-(1-o-Ethylbenzyl-1H-1,2,3-triazol-4-yl)-2′-deoxyuridine","No Gel","5.907990137736003","6.913882255554199","6.61211462020874","6.183028987704629","0.5685205416669638","6.61211462020874","-0.7547407719798225"
"Strategy 3","3","True","True","17","1","H₂O","gemini-3.1-flash-lite","5-(1-o-Ethylbenzyl-1H-1,2,3-triazol-4-yl)-2′-deoxyuridine","No Gel","6.0329586664835615","6.839964151382446","6.59786250591278","6.186283443879711","0.5823101814019023","6.59786250591278","-0.7068038223927309"
"Strategy 0","0","True","True","18","1","H₂O","gemini-3.1-flash-lite","5-(1-p-Ethylbenzyl-1H-1,2,3-triazol-4-yl)-2′-deoxyuridine","Gel","4.637028217315674","5.445385773976644","5.202878506978352","6.338537647619419","0.5987834963289257","5.202878506978352","1.8966106240463636"
"Strategy 1","1","True","True","18","1","H₂O","gemini-3.1-flash-lite","5-(1-p-Ethylbenzyl-1H-1,2,3-triazol-4-yl)-2′-deoxyuridine","Gel","4.09378711382548","5.557564894358317","5.118431560198466","6.186052741807252","0.5585504181991937","5.118431560198466","1.9114141657092896"
"Strategy 2","2","True","True","18","1","H₂O","gemini-3.1-flash-lite","5-(1-p-Ethylbenzyl-1H-1,2,3-triazol-4-yl)-2′-deoxyuridine","Gel","4.459694226582845","5.45367972056071","5.15548407236735","6.237549247113308","0.5964198064484744","5.15548407236735","1.8142676736196546"
"Strategy 3","3","True","True","18","1","H₂O","gemini-3.1-flash-lite","5-(1-p-Ethylbenzyl-1H-1,2,3-triazol-4-yl)-2′-deoxyuridine","Gel","4.546938260396321","5.486171086629232","5.204401238759359","6.2327235858261725","0.5666216167376202","5.204401238759359","1.8148307736430547"
"Strategy 0","0","True","True","19","1","H₂O","gemini-3.1-flash-lite","5-(1-p-Butylbenzyl-1H-1,2,3-triazol-4-yl)-2′-deoxyuridine","Gel","6.049740473429362","6.766294638315837","6.551328388849893","6.299084044796551","0.6180185526782476","6.551328388849893","-0.40815011614168434"
"Strategy 1","1","True","True","19","1","H₂O","gemini-3.1-flash-lite","5-(1-p-Butylbenzyl-1H-1,2,3-triazol-4-yl)-2′-deoxyuridine","Gel","5.528779665629069","6.38090705871582","6.125268840789794","6.151778615414326","0.6098964870368897","6.125268840789794","0.04346602282188268"
"Strategy 2","2","True","True","19","1","H₂O","gemini-3.1-flash-lite","5-(1-p-Butylbenzyl-1H-1,2,3-triazol-4-yl)-2′-deoxyuridine","Gel","5.385348955790202","6.263168811798096","5.999822854995727","6.066276314646698","0.586486043858685","5.999822854995727","0.11330782777668909"
"Strategy 3","3","True","True","19","1","H₂O","gemini-3.1-flash-lite","5-(1-p-Butylbenzyl-1H-1,2,3-triazol-4-yl)-2′-deoxyuridine","Gel","5.578213532765706","6.312067190806071","6.091911093393961","6.090547381075776","0.5704087470638314","6.091911093393961","-0.00239076333454584"
"Strategy 0","0","True","True","20","1","EtOH/H₂O","gemini-3.1-flash-lite","4-N-Octanoylgemcitabine","Gel","4.056254545847575","5.211785316467285","4.865126085281371","6.728877261257911","0.5418752239707839","4.865126085281371","3.4394471153695467"
"Strategy 1","1","False","False","20","1","EtOH/H₂O","gemini-3.1-flash-lite","4-N-Octanoylgemcitabine","Gel","3.7666381200154624","4.87180479367574","4.540254791577657","6.617414392426956","0.545948350108426","4.540254791577657","3.8046815242445056"
"Strategy 2","2","False","False","20","1","EtOH/H₂O","gemini-3.1-flash-lite","4-N-Octanoylgemcitabine","Gel","3.907713413238525","5.248990297317505","4.8466072320938105","6.588508847055508","0.5417793221979539","4.8466072320938105","3.215149681045314"
"Strategy 3","3","True","True","20","1","EtOH/H₂O","gemini-3.1-flash-lite","4-N-Octanoylgemcitabine","Gel","3.954757849375407","5.183287700017293","4.814728744824727","6.78051731062798","0.5553786102166092","4.814728744824727","3.5395467697910705"
"Strategy 0","0","True","True","21","1","EtOH/H₂O","gemini-3.1-flash-lite","4-N-Decanoyllamivudine","Gel","5.425189177195231","6.53302526473999","6.200674438476561","6.260452634357975","0.58813291089241","6.200674438476561","0.10164062369968167"
"Strategy 1","1","True","True","21","1","EtOH/H₂O","gemini-3.1-flash-lite","4-N-Decanoyllamivudine","Gel","5.925295352935791","6.768034140268962","6.51521250406901","6.603235725715794","0.5677227536850532","6.51521250406901","0.15504614017217197"
"Strategy 2","2","True","True","21","1","EtOH/H₂O","gemini-3.1-flash-lite","4-N-Decanoyllamivudine","Gel","5.811482270558675","6.756253321965535","6.472822006543477","6.512394765242741","0.5893637494800981","6.472822006543477","0.06714488078741317"
"Strategy 3","3","False","False","21","1","EtOH/H₂O","gemini-3.1-flash-lite","4-N-Decanoyllamivudine","Gel","5.798505147298177","6.813114563624064","6.508731738726297","6.72772302381136","0.5643788663550372","6.508731738726297","0.388021767185203"
"Strategy 0","0","False","False","22","1","EtOH/H₂O","gemini-3.1-flash-lite","5'-O-Myristoylgemcitabine","No Gel","5.1064300537109375","5.9334330558776855","5.68533215522766","6.555612949314659","0.579921588983904","5.68533215522766","1.5006870077243393"
"Strategy 1","1","True","True","22","1","EtOH/H₂O","gemini-3.1-flash-lite","5'-O-Myristoylgemcitabine","No Gel","5.101964950561523","6.180549740791321","5.856974303722382","6.654515571187632","0.5589972087939034","5.856974303722382","1.4267356883338145"
"Strategy 2","2","True","True","22","1","EtOH/H₂O","gemini-3.1-flash-lite","5'-O-Myristoylgemcitabine","No Gel","4.857354482014974","5.82802168528239","5.536821524302165","6.528925459945541","0.5499414553052835","5.536821524302165","1.8040173659806016"
"Strategy 3","3","True","True","22","1","EtOH/H₂O","gemini-3.1-flash-lite","5'-O-Myristoylgemcitabine","No Gel","4.955123583475749","5.799342711766561","5.546076973279317","6.556608124728043","0.5743453341688997","5.546076973279317","1.7594486998157723"
"Strategy 0","0","False","False","23","1","EtOH/H₂O","gemini-3.1-flash-lite","5'-O-Lauroylgemcitabine","No Gel","4.326136430104573","5.382112900416057","5.065319959322611","6.737518809254471","0.5669392286567257","5.065319959322611","2.9495204519431026"
"Strategy 1","1","True","True","23","1","EtOH/H₂O","gemini-3.1-flash-lite","5'-O-Lauroylgemcitabine","No Gel","4.352877775828044","5.340251763661702","5.0440395673116045","6.631499063691428","0.5385149400752228","5.0440395673116045","2.947846713701347"
"Strategy 2","2","True","True","23","1","EtOH/H₂O","gemini-3.1-flash-lite","5'-O-Lauroylgemcitabine","No Gel","4.51248041788737","5.657900810241699","5.3142746925354","6.468156412590382","0.5530119544491948","5.3142746925354","2.0865402832100783"
"Strategy 3","3","True","True","23","1","EtOH/H₂O","gemini-3.1-flash-lite","5'-O-Lauroylgemcitabine","No Gel","4.4493459065755205","5.928977251052856","5.4850878477096545","6.39874451277484","0.51645489926956","5.485087847709655","1.7690928411317266"
"Strategy 0","0","False","False","24","1","EtOH/H₂O","gemini-3.1-flash-lite","5'-O-Hexanoylgemcitabine","No Gel","5.71651816368103","6.599880337715149","6.334871685504913","6.896395276590835","0.5765404945979568","6.334871685504913","0.9739534279851291"
"Strategy 1","1","True","True","24","1","EtOH/H₂O","gemini-3.1-flash-lite","5'-O-Hexanoylgemcitabine","No Gel","5.650093714396159","6.737524032592773","6.411294937133789","6.597694126641719","0.5871776885205523","6.411294937133789","0.3174493737621055"
"Strategy 2","2","True","True","24","1","EtOH/H₂O","gemini-3.1-flash-lite","5'-O-Hexanoylgemcitabine","No Gel","5.357386589050293","6.326268911361694","6.035604214668273","6.434756939047682","0.561133674528918","6.035604214668273","0.711332686840628"
"Strategy 3","3","True","True","24","1","EtOH/H₂O","gemini-3.1-flash-lite","5'-O-Hexanoylgemcitabine","No Gel","5.177809556325276","6.315104881922404","5.973916284243265","6.483691071786313","0.5799494178541953","5.973916284243265","0.8789987054891915"
"Strategy 0","0","False","False","25","1","NaOH","gemini-3.1-flash-lite","5'-O-Lauroylribothymidine","No Gel","5.968591054280599","6.993784268697103","6.686226304372151","6.264634559567276","0.5652720916455247","6.686226304372151","-0.7458209082596103"
"Strategy 1","1","True","True","25","1","NaOH","gemini-3.1-flash-lite","5'-O-Lauroylribothymidine","No Gel","6.643606901168823","7.43066942691803","7.1945506691932675","6.505420088213543","0.5434083770876795","7.194550669193268","-1.268163337254796"
"Strategy 2","2","True","True","25","1","NaOH","gemini-3.1-flash-lite","5'-O-Lauroylribothymidine","No Gel","6.432337760925293","7.200583815574646","6.97010999917984","6.508568377088206","0.524477219982034","6.97010999917984","-0.8800031812772419"
"Strategy 3","3","True","True","25","1","NaOH","gemini-3.1-flash-lite","5'-O-Lauroylribothymidine","No Gel","5.5015013217926025","6.324597120285034","6.077668380737304","6.302651709549186","0.5103082608209958","6.077668380737304","0.44087730120206803"
"Strategy 0","0","True","True","25","2","Organic solvents","gemini-3.1-flash-lite","5'-O-Lauroylribothymidine","Gel","5.170045375823975","5.814062674840291","5.620857485135396","6.556760391770099","0.5544717479612739","5.620857485135396","1.6879181131877425"
"Strategy 1","1","True","True","25","2","Organic solvents","gemini-3.1-flash-lite","5'-O-Lauroylribothymidine","Gel","4.993679046630859","5.573473374048869","5.399535075823465","6.50556180107501","0.5663609707326854","5.399535075823465","1.952865367507067"
"Strategy 2","2","True","True","25","2","Organic solvents","gemini-3.1-flash-lite","5'-O-Lauroylribothymidine","Gel","5.248182614644368","5.973889907201131","5.756177719434103","6.742041614998218","0.5647685833888034","5.756177719434103","1.7456068282845993"
"Strategy 3","3","True","True","25","2","Organic solvents","gemini-3.1-flash-lite","5'-O-Lauroylribothymidine","Gel","5.196711540222168","5.909166971842448","5.695430342356364","6.69596531600607","0.552199572644077","5.695430342356364","1.81190827232785"
"Strategy 0","0","True","True","26","1","NaOH","gemini-3.1-flash-lite","5'-O-Myristoylribothymidine","Gel","5.3689398765563965","6.50628399848938","6.1650807619094845","6.197536096554394","0.5346738703080965","6.1650807619094845","0.06070117962975797"
"Strategy 1","1","True","True","26","1","NaOH","gemini-3.1-flash-lite","5'-O-Myristoylribothymidine","Gel","5.636467456817627","6.604679663976033","6.31421600182851","6.477411010222225","0.5387555839556957","6.31421600182851","0.3029110291451481"
"Strategy 2","2","False","False","26","1","NaOH","gemini-3.1-flash-lite","5'-O-Myristoylribothymidine","Gel","5.442091464996338","6.5094687938690186","6.1892555952072135","6.461566617969393","0.5276515295426575","6.1892555952072135","0.5160811776632311"
"Strategy 3","3","True","True","26","1","NaOH","gemini-3.1-flash-lite","5'-O-Myristoylribothymidine","Gel","4.502764542897542","5.455706834793091","5.169824147224426","6.27516755552563","0.5483392610817215","5.169824147224426","2.0158020531316097"
"Strategy 0","0","False","False","26","2","KOH","gemini-3.1-flash-lite","5'-O-Myristoylribothymidine","No Gel","5.718461513519287","6.667396903038025","6.382716286182403","6.248087696234385","0.5556424067174931","6.382716286182403","-0.24229358364374848"
"Strategy 1","1","True","True","26","2","KOH","gemini-3.1-flash-lite","5'-O-Myristoylribothymidine","No Gel","6.047750314076741","7.010642846425374","6.721775086720785","6.500909119613411","0.5244895089768985","6.721775086720785","-0.4211065489912453"
"Strategy 2","2","True","True","26","2","KOH","gemini-3.1-flash-lite","5'-O-Myristoylribothymidine","No Gel","6.035326480865479","6.981970548629761","6.6979773283004755","6.350929187927442","0.5376478454852934","6.697977328300476","-0.6454934085335718"
"Strategy 3","3","True","True","26","2","KOH","gemini-3.1-flash-lite","5'-O-Myristoylribothymidine","No Gel","4.93505843480428","5.750475168228149","5.505850148200989","6.415515359674004","0.5724571628404883","5.505850148200989","1.5890537677253034"
"Strategy 0","0","False","False","26","3","LiOH","gemini-3.1-flash-lite","5'-O-Myristoylribothymidine","No Gel","5.872135162353516","6.753195762634277","6.488877582550048","6.4421277299407835","0.5868448601507226","6.488877582550048","-0.07966305199854219"
"Strategy 1","1","True","True","26","3","LiOH","gemini-3.1-flash-lite","5'-O-Myristoylribothymidine","No Gel","6.0043768882751465","7.028627157211304","6.721352076530455","6.60567823614569","0.5175488849123925","6.721352076530455","-0.2235032163277601"
"Strategy 2","2","True","True","26","3","LiOH","gemini-3.1-flash-lite","5'-O-Myristoylribothymidine","No Gel","5.774060090382894","6.866803805033366","6.5389806906382235","6.54239247793991","0.5137444672303195","6.538980690638224","0.0066410200387758715"
"Strategy 3","3","True","True","26","3","LiOH","gemini-3.1-flash-lite","5'-O-Myristoylribothymidine","No Gel","4.549379666646321","5.455911636352539","5.183952045440673","6.557995686666603","0.5842153407545567","5.183952045440673","2.351947210854224"
"Strategy 0","0","True","True","26","4","Organic solvents","gemini-3.1-flash-lite","5'-O-Myristoylribothymidine","Gel","3.966771364212036","5.02297576268514","4.706114443143208","6.342652673992384","0.5742770071469789","4.706114443143208","2.8497366436095617"
"Strategy 1","1","True","True","26","4","Organic solvents","gemini-3.1-flash-lite","5'-O-Myristoylribothymidine","Gel","4.9267276128133135","5.650135676066081","5.433113257090251","6.681726593071792","0.6044335247654692","5.433113257090251","2.0657579118663625"
"Strategy 2","2","True","True","26","4","Organic solvents","gemini-3.1-flash-lite","5'-O-Myristoylribothymidine","Gel","5.05336062113444","5.8176530202229815","5.588365300496419","6.730180466821952","0.6009903408606245","5.588365300496419","1.899889380402422"
"Strategy 3","3","True","True","26","4","Organic solvents","gemini-3.1-flash-lite","5'-O-Myristoylribothymidine","Gel","4.0340860684712725","5.116766055425008","4.791962059338888","6.337445449213033","0.5696867792456932","4.791962059338888","2.712865114968048"
"Strategy 0","0","True","True","27","1","NaOH","gemini-3.1-flash-lite","5'-O-Palmitoylribothymidine","Gel","6.297557512919108","7.314424117406209","7.0093641360600785","6.196366802481717","0.5937652582423592","7.009364136060079","-1.3692234806478316"
"Strategy 1","1","False","False","27","1","NaOH","gemini-3.1-flash-lite","5'-O-Palmitoylribothymidine","Gel","6.181611061096191","7.268145004908244","6.942184821764627","6.36464963834107","0.5351340304752181","6.942184821764627","-1.0792346412929215"
"Strategy 2","2","False","False","27","1","NaOH","gemini-3.1-flash-lite","5'-O-Palmitoylribothymidine","Gel","6.248372554779053","7.256487131118774","6.954052758216858","6.417276063938782","0.5325444062048583","6.954052758216858","-1.0079472960825544"
"Strategy 3","3","True","True","27","1","NaOH","gemini-3.1-flash-lite","5'-O-Palmitoylribothymidine","Gel","4.908820152282715","6.104429403940837","5.745746628443399","6.221607220203684","0.5555450510274536","5.745746628443399","0.8565652612334574"
"Strategy 0","0","True","True","27","2","KOH","gemini-3.1-flash-lite","5'-O-Palmitoylribothymidine","No Gel","6.163999239603679","6.977155764897664","6.733208807309469","6.420324612464707","0.583657791531208","6.733208807309469","-0.5360747331478607"
"Strategy 1","1","True","True","27","2","KOH","gemini-3.1-flash-lite","5'-O-Palmitoylribothymidine","No Gel","6.318488121032715","7.305582125981648","7.009453924496968","6.57018121545629","0.5537346249881668","7.009453924496968","-0.7932910264552533"
"Strategy 2","2","True","True","27","2","KOH","gemini-3.1-flash-lite","5'-O-Palmitoylribothymidine","No Gel","6.077188968658447","7.073775927225749","6.774799839655558","6.4406542143464405","0.5439273510062713","6.774799839655558","-0.6143203218057427"
"Strategy 3","3","True","True","27","2","KOH","gemini-3.1-flash-lite","5'-O-Palmitoylribothymidine","No Gel","4.567562739054362","5.781129916508992","5.417059763272602","6.315851214566588","0.6045346808715985","5.417059763272602","1.4867491969164417"
"Strategy 0","0","False","False","27","3","LiOH","gemini-3.1-flash-lite","5'-O-Palmitoylribothymidine","No Gel","5.689274787902832","6.60134494304657","6.327723896503448","6.1999902350958","0.5547167437797663","6.327723896503448","-0.23026826364981817"
"Strategy 1","1","True","True","27","3","LiOH","gemini-3.1-flash-lite","5'-O-Palmitoylribothymidine","No Gel","6.03427267074585","7.083021322886149","6.76839672724406","6.511919590853905","0.5373260421122616","6.76839672724406","-0.4773212468577313"
"Strategy 2","2","True","True","27","3","LiOH","gemini-3.1-flash-lite","5'-O-Palmitoylribothymidine","No Gel","5.817559083302816","6.837592124938965","6.531582212448121","6.431583737710957","0.5183519690777076","6.531582212448121","-0.19291616643241216"
"Strategy 3","3","True","True","27","3","LiOH","gemini-3.1-flash-lite","5'-O-Palmitoylribothymidine","No Gel","4.714643160502116","5.779690186182658","5.4601760784784945","6.675796644508993","0.564530879450759","5.460176078478495","2.153328737682507"
"Strategy 0","0","True","True","27","4","Organic solvents","gemini-3.1-flash-lite","5'-O-Palmitoylribothymidine","Gel","4.280470848083496","5.221346855163574","4.93908405303955","6.297841369951726","0.5990912999590673","4.93908405303955","2.268030460474076"
"Strategy 1","1","True","True","27","4","Organic solvents","gemini-3.1-flash-lite","5'-O-Palmitoylribothymidine","Gel","4.666802565256755","5.544800519943237","5.281401133537293","6.596966105098871","0.5966983436846325","5.281401133537293","2.204740444623861"
"Strategy 2","2","True","True","27","4","Organic solvents","gemini-3.1-flash-lite","5'-O-Palmitoylribothymidine","Gel","4.813077608744304","5.638588110605876","5.390934960047404","6.695336579722027","0.5960058155773235","5.390934960047404","2.188571966216654"
"Strategy 3","3","True","True","27","4","Organic solvents","gemini-3.1-flash-lite","5'-O-Palmitoylribothymidine","Gel","4.122547308603923","5.0902180671691895","4.799916839599609","6.458130359588052","0.5944659779278423","4.799916839599609","2.7894170256278676"
"Strategy 0","0","False","False","28","1","NaOH","gemini-3.1-flash-lite","5'-O-Lauroyluridine","No Gel","5.208726723988851","6.7677849133809405","6.300067456563315","6.408928065336951","0.5744810175153539","6.300067456563315","0.18949383087445065"
"Strategy 1","1","False","False","28","1","NaOH","gemini-3.1-flash-lite","5'-O-Lauroyluridine","No Gel","5.127317746480306","6.9523115158081055","6.404813385009764","6.198250024386462","0.5929942352258405","6.404813385009764","-0.3483395762601853"
"Strategy 2","2","False","False","28","1","NaOH","gemini-3.1-flash-lite","5'-O-Lauroyluridine","No Gel","5.129133383433024","6.832627455393474","6.3215792338053385","6.241811780596887","0.5906884191467793","6.3215792338053385","-0.1350415051706478"
"Strategy 3","3","False","False","28","1","NaOH","gemini-3.1-flash-lite","5'-O-Lauroyluridine","No Gel","5.066463311513265","7.244052092234294","6.590775458017984","6.3108408922372865","0.6019989443382157","6.590775458017984","-0.4650083997878651"
"Strategy 0","0","True","True","28","2","Organic solvents","gemini-3.1-flash-lite","5'-O-Lauroyluridine","Gel","5.316353480021159","6.850688457489014","6.3903879642486565","6.316001515055811","0.5758225896953365","6.3903879642486565","-0.1291829298190655"
"Strategy 1","1","True","True","28","2","Organic solvents","gemini-3.1-flash-lite","5'-O-Lauroyluridine","Gel","5.707319577534993","6.904891888300578","6.545620195070903","6.302593943499779","0.6083105559740175","6.545620195070903","-0.39951016661546246"
"Strategy 2","2","True","True","28","2","Organic solvents","gemini-3.1-flash-lite","5'-O-Lauroyluridine","Gel","5.809403419494629","6.892331838607788","6.56745331287384","6.38070100795391","0.6215062663084403","6.56745331287384","-0.30048338213737213"
"Strategy 3","3","True","True","28","2","Organic solvents","gemini-3.1-flash-lite","5'-O-Lauroyluridine","Gel","5.026375770568848","6.79818598429362","6.266642920176188","6.324997069915751","0.6026101672208147","6.266642920176188","0.09683565414883001"
"Strategy 0","0","True","True","29","1","NaOH","gemini-3.1-flash-lite","5'-O-Myristoyluridine","Gel","4.805505275726318","5.588924805323283","5.353898946444194","6.188017885567913","0.5516622851565621","5.353898946444194","1.512010085820884"
"Strategy 1","1","False","False","29","1","NaOH","gemini-3.1-flash-lite","5'-O-Myristoyluridine","Gel","4.527100801467896","5.635709047317505","5.303126573562622","6.289150060978971","0.5203246319634538","5.303126573562622","1.895015970502054"
"Strategy 2","2","True","True","29","1","NaOH","gemini-3.1-flash-lite","5'-O-Myristoyluridine","Gel","4.726985931396484","5.696018099784851","5.405308449268341","6.46584460716839","0.5324403203204897","5.405308449268341","1.991840432485812"
"Strategy 3","3","False","False","29","1","NaOH","gemini-3.1-flash-lite","5'-O-Myristoyluridine","Gel","4.854504108428955","5.835058093070984","5.540891897678375","6.242565338001695","0.5814057612819172","5.540891897678375","1.2068567032707573"
"Strategy 0","0","True","True","29","2","Organic solvents","gemini-3.1-flash-lite","5'-O-Myristoyluridine","Gel","5.465948422749837","6.932311614354451","6.492402656873067","6.390337212572419","0.599858828821266","6.492402656873067","-0.17014910741783845"
"Strategy 1","1","True","True","29","2","Organic solvents","gemini-3.1-flash-lite","5'-O-Myristoyluridine","Gel","5.4976474444071455","6.717164436976115","6.351309339205424","6.4232974257580056","0.5972647699280099","6.351309339205424","0.12052960458601669"
"Strategy 2","2","True","True","29","2","Organic solvents","gemini-3.1-flash-lite","5'-O-Myristoyluridine","Gel","5.572390079498291","6.77954363822937","6.417397570610046","6.371187222774023","0.6047643973534264","6.417397570610046","-0.07641049644828386"
"Strategy 3","3","True","True","29","2","Organic solvents","gemini-3.1-flash-lite","5'-O-Myristoyluridine","Gel","4.782426834106445","6.789003769556682","6.18703068892161","6.254357869310897","0.5543543120003033","6.18703068892161","0.12145153186659143"
"Strategy 0","0","True","True","30","1","NaOH","gemini-3.1-flash-lite","5'-O-Palmitoyluridine","Gel","5.668732166290283","6.835112810134888","6.4851986169815055","6.225349187850952","0.5793533323320603","6.4851986169815055","-0.4485163278246561"
"Strategy 1","1","True","True","30","1","NaOH","gemini-3.1-flash-lite","5'-O-Palmitoyluridine","Gel","5.660230000813802","6.861187140146892","6.500899998346964","6.361298943243593","0.5259475847888337","6.500899998346964","-0.26542769496587765"
"Strategy 2","2","True","True","30","1","NaOH","gemini-3.1-flash-lite","5'-O-Palmitoyluridine","Gel","5.81531302134196","7.037383317947388","6.670762228965759","6.313603476221246","0.5938858047931036","6.670762228965759","-0.6013929780135746"
"Strategy 3","3","True","True","30","1","NaOH","gemini-3.1-flash-lite","5'-O-Palmitoyluridine","Gel","5.366100947062175","6.36980676651001","6.068695020675659","6.2440691476644465","0.5954108843476037","6.068695020675659","0.29454303170985185"
"Strategy 0","0","True","True","30","2","Organic solvents","gemini-3.1-flash-lite","5'-O-Palmitoyluridine","Gel","5.2718807856241865","6.737155755360921","6.297573264439901","6.286226483032069","0.6098673534131415","6.297573264439901","-0.018605326788406828"
"Strategy 1","1","True","True","30","2","Organic solvents","gemini-3.1-flash-lite","5'-O-Palmitoyluridine","Gel","5.682712395985921","6.867024103800456","6.511730591456096","6.374633492117396","0.6219457349471357","6.511730591456096","-0.22043257415432355"
"Strategy 2","2","True","True","30","2","Organic solvents","gemini-3.1-flash-lite","5'-O-Palmitoyluridine","Gel","5.453655083974202","6.736766576766968","6.351833128929137","6.423787621995891","0.6315827516112024","6.351833128929137","0.11392726112800661"
"Strategy 3","3","True","True","30","2","Organic solvents","gemini-3.1-flash-lite","5'-O-Palmitoyluridine","Gel","5.17722733815511","6.796925147374471","6.311015804608663","6.298940398095498","0.6464045929280703","6.311015804608663","-0.01868087981625535"
"Strategy 0","0","True","True","31","1","H₂O","gemini-3.1-flash-lite","A C–C linked benzyl azide ‘click’ conjugate of 8-aza-7-deaza-2′-deoxyadenosine","Gel","4.722775300343831","5.742228746414185","5.436392712593078","6.369498468985546","0.6397118827135365","5.436392712593078","1.4586343971514324"
"Strategy 1","1","True","True","31","1","H₂O","gemini-3.1-flash-lite","A C–C linked benzyl azide ‘click’ conjugate of 8-aza-7-deaza-2′-deoxyadenosine","Gel","4.838158369064331","5.646976709365845","5.404331207275391","6.340741596111032","0.6408543465771133","5.404331207275391","1.4611906649882793"
"Strategy 2","2","False","False","31","1","H₂O","gemini-3.1-flash-lite","A C–C linked benzyl azide ‘click’ conjugate of 8-aza-7-deaza-2′-deoxyadenosine","Gel","4.885926087697347","5.764444907506307","5.500889261563619","6.310329680911022","0.6291328654269105","5.500889261563619","1.2865969397388606"
"Strategy 3","3","True","True","31","1","H₂O","gemini-3.1-flash-lite","A C–C linked benzyl azide ‘click’ conjugate of 8-aza-7-deaza-2′-deoxyadenosine","Gel","4.588101228078206","5.4254294236501055","5.174230964978535","6.347123252267369","0.6423225051561415","5.174230964978535","1.8260177369991364"
"Strategy 0","0","False","False","32","1","H₂O","gemini-3.1-flash-lite","The isomeric regio-conjugate of 8-aza-7-deaza-2′-deoxyadenosine, a C–N connectivity between the nucleobase and the triazole moiety","No Gel","5.481229782104492","6.321957906087239","6.34575638771057","6.494745994353478","0.638853354427153","6.069739468892415","0.23321409461253237"
"Strategy 1","1","True","True","32","1","H₂O","gemini-3.1-flash-lite","The isomeric regio-conjugate of 8-aza-7-deaza-2′-deoxyadenosine, a C–N connectivity between the nucleobase and the triazole moiety","No Gel","5.144766648610433","6.13190499941508","5.952814173698425","6.278647985877299","0.6274683153232689","5.835763494173686","0.519283291636816"
"Strategy 2","2","True","True","32","1","H₂O","gemini-3.1-flash-lite","The isomeric regio-conjugate of 8-aza-7-deaza-2′-deoxyadenosine, a C–N connectivity between the nucleobase and the triazole moiety","No Gel","5.041821320851644","6.028210639953613","5.856581743558247","6.1585916079292","0.5960401563340527","5.732293844223023","0.5066938211486712"
"Strategy 3","3","True","True","32","1","H₂O","gemini-3.1-flash-lite","The isomeric regio-conjugate of 8-aza-7-deaza-2′-deoxyadenosine, a C–N connectivity between the nucleobase and the triazole moiety","No Gel","4.803853193918864","5.794166008631389","5.584200493494669","6.3781813177335485","0.6235312350781246","5.497072164217631","1.2733617492945617"
"Strategy 0","0","False","False","33","1","H₂O","gemini-3.1-flash-lite","A benzyl azide conjugate with a long linker arm attached to 8-aza-7-deaza-2′-deoxyadenosine","No Gel","4.710309982299805","5.670309782028198","5.391856503486633","6.392287889869945","0.6485781910804811","5.38230984210968","1.5424992701599656"
"Strategy 1","1","True","True","33","1","H₂O","gemini-3.1-flash-lite","A benzyl azide conjugate with a long linker arm attached to 8-aza-7-deaza-2′-deoxyadenosine","No Gel","4.642475922902425","5.627228260040283","5.3474504073460905","6.313486518354686","0.5985338261278432","5.331802558898925","1.6140042030009787"
"Strategy 2","2","True","True","33","1","H₂O","gemini-3.1-flash-lite","A benzyl azide conjugate with a long linker arm attached to 8-aza-7-deaza-2′-deoxyadenosine","No Gel","4.712987740834554","5.697295983632405","5.411470381418865","6.286135319961134","0.5772486968279311","5.40200351079305","1.5152306854024704"
"Strategy 3","3","False","False","33","1","H₂O","gemini-3.1-flash-lite","A benzyl azide conjugate with a long linker arm attached to 8-aza-7-deaza-2′-deoxyadenosine","No Gel","4.407232443491618","5.527548789978027","5.197255285580954","6.196422881488653","0.5904863020811404","5.191453886032104","1.6921096939694982"
"Strategy 0","0","True","True","34","1","H₂O","gemini-3.1-flash-lite","A benzyl azide conjugate with a branched side chain attached to 8-aza-7-deaza-2′-deoxyadenosine","No Gel","6.056986093521118","6.523952126502991","6.361987316608428","6.2512563986371665","0.6156891767617952","6.383862316608428","-0.17984873236467938"
"Strategy 1","1","True","True","34","1","H₂O","gemini-3.1-flash-lite","A benzyl azide conjugate with a branched side chain attached to 8-aza-7-deaza-2′-deoxyadenosine","No Gel","5.679820378621419","6.295210361480713","6.090778986612956","6.128562340317463","0.608417310846226","6.110593366622925","0.06210104977446348"
"Strategy 2","2","True","True","34","1","H₂O","gemini-3.1-flash-lite","A benzyl azide conjugate with a branched side chain attached to 8-aza-7-deaza-2′-deoxyadenosine","No Gel","5.57556947072347","6.1507002512613935","5.96790672938029","6.171861327033326","0.5929802725760588","5.978161017100017","0.3439483690865544"
"Strategy 3","3","True","True","34","1","H₂O","gemini-3.1-flash-lite","A benzyl azide conjugate with a branched side chain attached to 8-aza-7-deaza-2′-deoxyadenosine","No Gel","5.39403756459554","5.950108607610066","5.77133974234263","6.107338959425302","0.5959614965363934","5.783287294705708","0.5637934984649694"
"Strategy 0","0","False","False","35","1","H₂O","gemini-3.1-flash-lite","A 7-deazaadenine click conjugate with a pyrrolo[2,3-d]pyrimidine moiety, having one less nitrogen atom in the nucleobase structure","No Gel","4.728317737579346","5.7002700964609785","5.4086843887964875","6.416278702960149","0.6611915540119427","5.408684388796488","1.5239068134640175"
"Strategy 1","1","False","False","35","1","H₂O","gemini-3.1-flash-lite","A 7-deazaadenine click conjugate with a pyrrolo[2,3-d]pyrimidine moiety, having one less nitrogen atom in the nucleobase structure","No Gel","4.84143590927124","5.916597922643025","5.594049318631488","6.458036575514524","0.6215550912362419","5.594049318631488","1.3900413158302802"
"Strategy 2","2","False","False","35","1","H₂O","gemini-3.1-flash-lite","A 7-deazaadenine click conjugate with a pyrrolo[2,3-d]pyrimidine moiety, having one less nitrogen atom in the nucleobase structure","No Gel","4.781939665476481","5.990443150202434","5.627892104784647","6.471364186654103","0.6114430631395639","5.627892104784647","1.3794777187241245"
"Strategy 3","3","True","True","35","1","H₂O","gemini-3.1-flash-lite","A 7-deazaadenine click conjugate with a pyrrolo[2,3-d]pyrimidine moiety, having one less nitrogen atom in the nucleobase structure","No Gel","4.575743913650513","5.738976359367371","5.390006625652313","6.385965273454208","0.5728953147039205","5.390006625652313","1.738465339547452"
"Strategy 0","0","True","True","36","1","NaCl","gemini-3.1-flash-lite","8-Methoxy-2′,3′,5′-tri-O-acetylguanosine (8OMeTAcG)","Gel","5.288129170735677","6.945755243301392","6.448467421531677","6.379247439862529","0.6437156365515831","6.448467421531677","-0.10753192518355312"
"Strategy 1","1","True","True","36","1","NaCl","gemini-3.1-flash-lite","8-Methoxy-2′,3′,5′-tri-O-acetylguanosine (8OMeTAcG)","Gel","5.40609884262085","6.90312933921814","6.4540201902389525","6.591936157162491","0.6271677082086364","6.4540201902389525","0.21990285073423835"
"Strategy 2","2","True","True","36","1","NaCl","gemini-3.1-flash-lite","8-Methoxy-2′,3′,5′-tri-O-acetylguanosine (8OMeTAcG)","Gel","5.623250802357991","7.207404772440593","6.7321585814158125","6.791533271594873","0.6513014455148977","6.7321585814158125","0.09116314816731431"
"Strategy 3","3","True","True","36","1","NaCl","gemini-3.1-flash-lite","8-Methoxy-2′,3′,5′-tri-O-acetylguanosine (8OMeTAcG)","Gel","5.34121052424113","6.899287382761638","6.431864325205485","6.592525699403551","0.6619225809890891","6.431864325205485","0.242719282907671"
"Strategy 0","0","False","False","36","2","KCl","gemini-3.1-flash-lite","8-Methoxy-2′,3′,5′-tri-O-acetylguanosine (8OMeTAcG)","No Gel","5.12022082010905","5.937337795893352","5.69220270315806","6.571913843130265","0.7066342280748025","5.69220270315806","1.2449314015950568"
"Strategy 1","1","False","False","36","2","KCl","gemini-3.1-flash-lite","8-Methoxy-2′,3′,5′-tri-O-acetylguanosine (8OMeTAcG)","No Gel","5.075854619344075","5.999098539352417","5.722125363349914","6.752669923188458","0.7173475428811872","5.722125363349914","1.4366042932264302"
"Strategy 2","2","False","False","36","2","KCl","gemini-3.1-flash-lite","8-Methoxy-2′,3′,5′-tri-O-acetylguanosine (8OMeTAcG)","No Gel","5.054058074951172","6.032224655151367","5.738774681091308","6.797409416045945","0.6895887142659165","5.738774681091308","1.535168301125083"
"Strategy 3","3","False","False","36","2","KCl","gemini-3.1-flash-lite","8-Methoxy-2′,3′,5′-tri-O-acetylguanosine (8OMeTAcG)","No Gel","4.979486306508382","5.949604352315267","5.658568938573201","6.550177138227517","0.6708061446962791","5.658568938573201","1.3291592611424414"
"Strategy 0","0","True","True","36","3","NaCl + TAcG","gemini-3.1-flash-lite","8-Methoxy-2′,3′,5′-tri-O-acetylguanosine (8OMeTAcG)","Gel","6.492466449737549","7.215635458628337","6.9986847559611","6.656036763413007","0.697967737893925","6.9986847559611","-0.49092239360806617"
"Strategy 1","1","True","True","36","3","NaCl + TAcG","gemini-3.1-flash-lite","8-Methoxy-2′,3′,5′-tri-O-acetylguanosine (8OMeTAcG)","Gel","6.081807454427083","6.878500620524089","6.6394926706949855","6.928408472174514","0.6323201641213055","6.6394926706949855","0.45691378809817956"
"Strategy 2","2","True","True","36","3","NaCl + TAcG","gemini-3.1-flash-lite","8-Methoxy-2′,3′,5′-tri-O-acetylguanosine (8OMeTAcG)","Gel","6.254625161488851","6.995440085728963","6.77319560845693","6.851175230910919","0.635758133133725","6.77319560845693","0.12265611462903223"
"Strategy 3","3","True","True","36","3","NaCl + TAcG","gemini-3.1-flash-lite","8-Methoxy-2′,3′,5′-tri-O-acetylguanosine (8OMeTAcG)","Gel","5.844025452931722","6.761224269866943","6.486064624786376","6.712812011740928","0.675327335304127","6.486064624786376","0.335759231265884"
"Strategy 0","0","False","False","37","1","KCl + NaCl","gemini-3.1-flash-lite","8-Methoxyguanosine (8OMeG)","No Gel","5.728768825531006","6.974406838417053","6.600715434551239","6.453492633316867","0.7378037274543214","6.600715434551239","-0.19954195913639683"
"Strategy 1","1","False","False","37","1","KCl + NaCl","gemini-3.1-flash-lite","8-Methoxyguanosine (8OMeG)","No Gel","5.96760368347168","7.185047070185344","6.8198140541712435","6.417886324138297","0.7526799166827186","6.819814054171244","-0.5339955552479203"
"Strategy 2","2","False","False","37","1","KCl + NaCl","gemini-3.1-flash-lite","8-Methoxyguanosine (8OMeG)","No Gel","5.87473996480306","7.117788553237915","6.744873976707457","6.4439803292893005","0.7404493379039889","6.744873976707457","-0.4063662860039891"
"Strategy 3","3","False","False","37","1","KCl + NaCl","gemini-3.1-flash-lite","8-Methoxyguanosine (8OMeG)","No Gel","5.707678476969401","7.072567462921143","6.66310076713562","6.400527341051619","0.6832789188461835","6.66310076713562","-0.38428439520334445"
"Strategy 0","0","True","True","37","2","KCl","gemini-3.1-flash-lite","8-Methoxyguanosine (8OMeG)","Gel","5.348046064376831","6.071852207183838","5.854710364341735","6.7880508680676295","0.6953071068020722","5.854710364341735","1.3423428217476585"
"Strategy 1","1","True","True","37","2","KCl","gemini-3.1-flash-lite","8-Methoxyguanosine (8OMeG)","Gel","5.51956860224406","6.269436200459798","6.044475920995076","6.549920949147345","0.7459249091389645","6.044475920995076","0.6776084589207697"
"Strategy 2","2","True","True","37","2","KCl","gemini-3.1-flash-lite","8-Methoxyguanosine (8OMeG)","Gel","5.444085280100505","6.195733070373535","5.970238733291626","6.462959368900426","0.770544287620935","5.970238733291626","0.6394449268193028"
"Strategy 3","3","True","True","37","2","KCl","gemini-3.1-flash-lite","8-Methoxyguanosine (8OMeG)","Gel","5.184845606486003","6.252431869506836","5.932155990600585","6.276029321389604","0.7187774139093692","5.932155990600585","0.47841421298802494"
"Strategy 0","0","False","False","38","1","KCl + NaCl","gemini-3.1-flash-lite","8-Bromoguanosine (8BrG)","No Gel","6.648385524749756","7.554744243621826","7.268636608123779","6.357329719195994","0.7383989729013346","7.282836627960204","-1.2341659758098742"
"Strategy 1","1","False","False","38","1","KCl + NaCl","gemini-3.1-flash-lite","8-Bromoguanosine (8BrG)","No Gel","6.883509635925293","7.650300025939941","7.412202302614847","6.4161424275208505","0.7070093067845782","7.420262908935547","-1.4088355917463051"
"Strategy 2","2","False","False","38","1","KCl + NaCl","gemini-3.1-flash-lite","8-Bromoguanosine (8BrG)","No Gel","7.207091331481934","8.07298723856608","7.803803189595539","6.818322454804905","0.736566499776787","7.813218466440836","-1.337938577289734"
"Strategy 3","3","True","True","38","1","KCl + NaCl","gemini-3.1-flash-lite","8-Bromoguanosine (8BrG)","No Gel","6.821973482767741","7.617651462554932","7.365751187006633","6.49669730909727","0.7421355283936101","7.378948068618773","-1.1710177516908187"
"Strategy 0","0","False","False","38","2","KCl","gemini-3.1-flash-lite","8-Bromoguanosine (8BrG)","No Gel","6.54810094833374","7.435412883758545","7.287985666592916","6.374314213476747","0.7437368650339584","7.169219303131103","-1.2284875149686858"
"Strategy 1","1","False","False","38","2","KCl","gemini-3.1-flash-lite","8-Bromoguanosine (8BrG)","No Gel","7.189899921417236","7.845885197321574","7.607681775093078","6.689422433259259","0.7327265816585153","7.649089614550273","-1.2532087204416047"
"Strategy 2","2","False","False","38","2","KCl","gemini-3.1-flash-lite","8-Bromoguanosine (8BrG)","No Gel","7.138503233591716","7.971852699915568","7.82234129110972","6.926571250639529","0.722861851615983","7.7218478600184115","-1.239199493606788"
"Strategy 3","3","False","False","38","2","KCl","gemini-3.1-flash-lite","8-Bromoguanosine (8BrG)","No Gel","7.103129227956136","7.848647514979045","7.610305539766948","6.724838716792814","0.7477150053744188","7.624992028872171","-1.1842303773624767"
"Strategy 0","0","False","False","39","1","NaCl","gemini-3.1-flash-lite","2′,3′,5′-tri-O-acetylguanosine (TAcG)","No Gel","6.409856557846069","7.503059983253479","6.623902928829192","6.636782299270925","0.6621895515438231","7.175098955631256","0.01944967330231262"
"Strategy 1","1","False","False","39","1","NaCl","gemini-3.1-flash-lite","2′,3′,5′-tri-O-acetylguanosine (TAcG)","No Gel","6.052472114562988","7.188146193822225","7.054315527280171","6.866284752138517","0.6138545385075295","6.847443970044453","-0.3063116151243508"
"Strategy 2","2","False","False","39","1","NaCl","gemini-3.1-flash-lite","2′,3′,5′-tri-O-acetylguanosine (TAcG)","No Gel","5.999935785929362","7.048603773117065","7.103110917409261","6.955576382927808","0.6406341938561827","6.734003376960754","-0.230294504877104"
"Strategy 3","3","True","True","39","1","NaCl","gemini-3.1-flash-lite","2′,3′,5′-tri-O-acetylguanosine (TAcG)","No Gel","5.623732566833496","6.708357334136963","7.0150713443756105","6.748060229151132","0.6040194476630159","6.382969903945923","-0.44205714941391294"
"Strategy 0","0","True","True","39","2","KCl","gemini-3.1-flash-lite","2′,3′,5′-tri-O-acetylguanosine (TAcG)","No Gel","5.160948117574056","5.844714482625325","5.639584573109944","6.604707709948221","0.6666252028099091","5.639584573109944","1.4477747507447398"
"Strategy 1","1","True","True","39","2","KCl","gemini-3.1-flash-lite","2′,3′,5′-tri-O-acetylguanosine (TAcG)","No Gel","4.694039503733317","5.578838586807251","5.31339886188507","6.739388567779107","0.634781647102204","5.31339886188507","2.246425542395121"
"Strategy 2","2","True","True","39","2","KCl","gemini-3.1-flash-lite","2′,3′,5′-tri-O-acetylguanosine (TAcG)","No Gel","4.619988918304443","5.4950830936431885","5.232554841041565","6.6715017812812665","0.6001058130910661","5.232554841041565","2.3978220321310926"
"Strategy 3","3","True","True","39","2","KCl","gemini-3.1-flash-lite","2′,3′,5′-tri-O-acetylguanosine (TAcG)","No Gel","4.343235015869141","5.18712854385376","4.933960485458374","6.642257718399206","0.6171954334659238","4.933960485458374","2.767838419263271"
"Strategy 0","0","True","True","40","1","KCl","gemini-3.1-flash-lite","Guanosine-5′-Hydrazide","Gel","5.009339491526286","6.000236988067627","5.702967739105223","6.461158902146096","0.7397696354284204","5.702967739105223","1.0249017082213485"
"Strategy 1","1","True","True","40","1","KCl","gemini-3.1-flash-lite","Guanosine-5′-Hydrazide","Gel","5.336019992828369","6.16692574818929","5.917654021581014","6.620116948958207","0.7773059215230471","5.917654021581014","0.903714879723021"
"Strategy 2","2","True","True","40","1","KCl","gemini-3.1-flash-lite","Guanosine-5′-Hydrazide","Gel","5.386292775472005","6.398385922114055","6.094757978121439","6.6333236630880865","0.7562464083924398","6.094757978121439","0.7121563540532792"
"Strategy 3","3","True","True","40","1","KCl","gemini-3.1-flash-lite","Guanosine-5′-Hydrazide","Gel","5.333384990692139","6.312107721964519","6.018490902582804","6.590033622305522","0.721536436382163","6.018490902582804","0.7921189989912018"
"Strategy 0","0","True","True","40","2","NaCl","gemini-3.1-flash-lite","Guanosine-5′-Hydrazide","Gel","4.613524436950684","5.331543445587158","5.116137742996216","6.39989291746795","0.7069170536289257","5.116137742996216","1.8159912367110638"
"Strategy 1","1","True","True","40","2","NaCl","gemini-3.1-flash-lite","Guanosine-5′-Hydrazide","Gel","5.01068131128947","5.563141584396362","5.397403502464294","6.6870584952430825","0.724804974003452","5.397403502464294","1.7793131104707987"
"Strategy 2","2","True","True","40","2","NaCl","gemini-3.1-flash-lite","Guanosine-5′-Hydrazide","Gel","4.9997185071309405","5.694877942403157","5.486330111821492","6.621880952763618","0.7575220629780614","5.486330111821492","1.4990333568344039"
"Strategy 3","3","False","False","40","2","NaCl","gemini-3.1-flash-lite","Guanosine-5′-Hydrazide","Gel","4.549090623855591","5.166128635406494","4.981017231941223","6.429397190726081","0.7560079148023805","4.981017231941223","1.9158264489379884"
"Strategy 0","0","True","True","40","3","NH₄Cl","gemini-3.1-flash-lite","Guanosine-5′-Hydrazide","Gel","5.253017107645671","5.868616739908855","5.683936850229898","6.30555819577949","0.7117238257137222","5.683936850229898","0.8734024674897248"
"Strategy 1","1","True","True","40","3","NH₄Cl","gemini-3.1-flash-lite","Guanosine-5′-Hydrazide","Gel","6.010258674621582","6.24840513865153","6.176961199442545","6.643752018857064","0.754023115031199","6.176961199442545","0.6190669889413201"
"Strategy 2","2","True","True","40","3","NH₄Cl","gemini-3.1-flash-lite","Guanosine-5′-Hydrazide","Gel","5.685169219970703","6.3477513790130615","6.148976731300354","6.600583658353918","0.741130898246665","6.148976731300354","0.6093484000221235"
"Strategy 3","3","True","True","40","3","NH₄Cl","gemini-3.1-flash-lite","Guanosine-5′-Hydrazide","Gel","6.020239512125651","6.39654016494751","6.283649969100952","6.716623061941575","0.7582867958722141","6.283649969100952","0.5709885694931539"
"Strategy 0","0","True","True","40","4","Me₄NCl","gemini-3.1-flash-lite","Guanosine-5′-Hydrazide","Gel","5.44388469060262","6.186910311381022","5.964002625147501","6.267110076924012","0.7780985305381888","5.964002625147501","0.3895489322757881"
"Strategy 1","1","False","False","40","4","Me₄NCl","gemini-3.1-flash-lite","Guanosine-5′-Hydrazide","Gel","5.471069574356079","6.110184192657471","5.918449807167053","6.527570795550827","0.7625867886938562","5.918449807167053","0.7987562824515546"
"Strategy 2","2","False","False","40","4","Me₄NCl","gemini-3.1-flash-lite","Guanosine-5′-Hydrazide","Gel","5.405808766682942","6.250038941701253","5.99676988919576","6.358361593142961","0.7435194566452322","5.99676988919576","0.4863244676591335"
"Strategy 3","3","False","False","40","4","Me₄NCl","gemini-3.1-flash-lite","Guanosine-5′-Hydrazide","Gel","5.394513289133708","5.885828733444214","5.7384341001510615","6.25991634373825","0.8165708793368005","5.7384341001510615","0.6386245906916542"
"Strategy 0","0","False","False","40","5","Borate buffer","gemini-3.1-flash-lite","Guanosine-5′-Hydrazide","No Gel","5.459109783172607","5.98919137318929","5.830166896184285","6.768537469858963","0.6723539433688975","5.830166896184285","1.3956496915491812"
"Strategy 1","1","False","False","40","5","Borate buffer","gemini-3.1-flash-lite","Guanosine-5′-Hydrazide","No Gel","5.831849416097005","6.106582403182983","6.024162507057189","6.888663797107469","0.7215290179068083","6.024162507057189","1.1981517979113878"
"Strategy 2","2","False","False","40","5","Borate buffer","gemini-3.1-flash-lite","Guanosine-5′-Hydrazide","No Gel","5.690235773722331","6.037243843078613","5.933141422271728","6.857229620110463","0.7247222690184386","5.933141422271728","1.2750928698386996"
"Strategy 3","3","False","False","40","5","Borate buffer","gemini-3.1-flash-lite","Guanosine-5′-Hydrazide","No Gel","5.215787887573242","5.663588205973308","5.529248110453287","6.548915185299954","0.7464703201938684","5.529248110453287","1.3659847515194516"
"Strategy 0","0","True","True","40","6","KCl","gemini-3.1-flash-lite","Guanosine-5′-Hydrazide","Gel","5.388694445292155","5.983636776606242","5.805154077212015","6.494657018819213","0.7561287086139873","5.805154077212015","0.9118856799804398"
"Strategy 1","1","True","True","40","6","KCl","gemini-3.1-flash-lite","Guanosine-5′-Hydrazide","Gel","5.916005611419678","6.483599821726481","6.313321558634439","6.766500876547446","0.7332174170502666","6.313321558634439","0.6180694939519398"
"Strategy 2","2","True","True","40","6","KCl","gemini-3.1-flash-lite","Guanosine-5′-Hydrazide","Gel","5.8494218190511065","6.468591531117757","6.282840617497762","6.771789699315408","0.7436248445928407","6.282840617497762","0.6575211753251232"
"Strategy 3","3","True","True","40","6","KCl","gemini-3.1-flash-lite","Guanosine-5′-Hydrazide","Gel","5.882569948832194","6.376334031422933","6.228204806645711","6.7022075790459485","0.7580035653557377","6.228204806645711","0.6253305314966217"
"Strategy 0","0","True","True","41","1","KCl","gemini-3.1-flash-lite","5′-Hydrazino-guanosine","Gel","5.661928812662761","5.916452725728353","5.840095551808674","6.5782545687924365","0.7074538000142243","5.840095551808674","1.0434024341503583"
"Strategy 1","1","False","False","41","1","KCl","gemini-3.1-flash-lite","5′-Hydrazino-guanosine","Gel","5.614844004313151","6.045060793558757","5.915995756785075","6.581754199540584","0.6813075949336324","5.915995756785075","0.9771774859200887"
"Strategy 2","2","True","True","41","1","KCl","gemini-3.1-flash-lite","5′-Hydrazino-guanosine","Gel","5.193182706832886","5.446199178695679","5.370294237136841","6.342237939113794","0.7243509763645928","5.370294237136841","1.3418132006323646"
"Strategy 3","3","True","True","41","1","KCl","gemini-3.1-flash-lite","5′-Hydrazino-guanosine","Gel","5.314435640970866","5.789410591125488","5.646918106079101","6.546847835314058","0.6723346835522226","5.646918106079101","1.3385145095895614"
"Strategy 0","0","False","False","42","1","KCl","gemini-3.1-flash-lite","5′-Amino-guanosine (NH₂G)","No Gel","5.460433801015218","6.278430541356404","6.033031519254048","6.395524218408944","0.7654637110385273","6.033031519254048","0.4735596135094264"
"Strategy 1","1","False","False","42","1","KCl","gemini-3.1-flash-lite","5′-Amino-guanosine (NH₂G)","No Gel","5.69223149617513","6.582728147506714","6.3155791521072375","6.632914990171289","0.7259194809286897","6.3155791521072375","0.4371501886932074"
"Strategy 2","2","False","False","42","1","KCl","gemini-3.1-flash-lite","5′-Amino-guanosine (NH₂G)","No Gel","5.909037113189697","6.731493870417277","6.484756843249002","6.627536194946722","0.7354600030243115","6.484756843249002","0.19413612040164213"
"Strategy 3","3","False","False","42","1","KCl","gemini-3.1-flash-lite","5′-Amino-guanosine (NH₂G)","No Gel","5.721130053202312","6.434956630071004","6.220808657010395","6.445142218493676","0.7390270249346742","6.220808657010395","0.3035525818600621"
"Strategy 0","0","False","False","43","1","KCl","gemini-3.1-flash-lite","5′-Hydroxylamino-guanosine (NHOH-G)","No Gel","5.918103694915772","6.73680853843689","6.491197085380553","6.49352403783675","0.7679182413617055","6.491197085380553","0.0030302085962567804"
"Strategy 1","1","False","False","43","1","KCl","gemini-3.1-flash-lite","5′-Hydroxylamino-guanosine (NHOH-G)","No Gel","5.800285657246907","6.829134066899617","6.520479544003805","6.498487143676718","0.6994041985901875","6.520479544003805","-0.03144447855963258"
"Strategy 2","2","False","False","43","1","KCl","gemini-3.1-flash-lite","5′-Hydroxylamino-guanosine (NHOH-G)","No Gel","5.85962700843811","6.805166721343994","6.521504807472229","6.521326195454413","0.7405805919944045","6.521504807472229","-0.00024117836700930295"
"Strategy 3","3","False","False","43","1","KCl","gemini-3.1-flash-lite","5′-Hydroxylamino-guanosine (NHOH-G)","No Gel","5.205224514007568","6.131219625473023","5.853421092033386","6.282922885029814","0.6605065873737255","5.853421092033386","0.6502611801408251"
"Strategy 0","0","False","False","44","1","KCl","gemini-3.1-flash-lite","Guanosine-5′-monophosphate (GMP)","No Gel","4.576468626658122","5.7618967692057295","5.406268326441446","6.357284872230017","0.6894073057467774","5.406268326441446","1.3794697820302526"
"Strategy 1","1","False","False","44","1","KCl","gemini-3.1-flash-lite","Guanosine-5′-monophosphate (GMP)","No Gel","5.045246442159017","5.933745781580607","5.66719597975413","6.728503346751211","0.7215805316515049","5.66719597975413","1.4708093143367271"
"Strategy 2","2","False","False","44","1","KCl","gemini-3.1-flash-lite","Guanosine-5′-monophosphate (GMP)","No Gel","4.959266662597656","5.7538267771403","5.515458742777505","6.606398412854788","0.7423207715385435","5.515458742777505","1.4696337646812545"
"Strategy 3","3","False","False","44","1","KCl","gemini-3.1-flash-lite","Guanosine-5′-monophosphate (GMP)","No Gel","5.073549111684163","5.787990649541219","5.573658188184102","6.669532467474925","0.7526911132182301","5.573658188184102","1.455941567591077"
"Strategy 0","0","True","True","45","1","Organic solvents","gemini-3.1-flash-lite","A 9-octyl-9H-carbazole group attached to the 5-position of uridine","No Gel","4.980568726857503","5.499827782313029","5.344050065676371","6.631526445664792","0.644384138154014","5.344050065676371","1.9979951456854481"
"Strategy 1","1","True","True","45","1","Organic solvents","gemini-3.1-flash-lite","A 9-octyl-9H-carbazole group attached to the 5-position of uridine","No Gel","4.760079542795817","5.498551766077678","5.277010099093118","6.594886028735829","0.5702157184624091","5.277010099093118","2.311188357270074"
"Strategy 2","2","True","True","45","1","Organic solvents","gemini-3.1-flash-lite","A 9-octyl-9H-carbazole group attached to the 5-position of uridine","No Gel","4.576358477274577","5.278359889984131","5.067759466171264","6.4406350058794635","0.6040531395889392","5.067759466171264","2.2727727905568824"
"Strategy 3","3","True","True","45","1","Organic solvents","gemini-3.1-flash-lite","A 9-octyl-9H-carbazole group attached to the 5-position of uridine","No Gel","4.541369279225667","5.19493039449056","4.998862059911091","6.461732119737668","0.5818924027981988","4.998862059911091","2.5139872127423235"
"Strategy 0","0","False","False","45","2","Organic solvents","gemini-3.1-flash-lite","A 9-octyl-9H-carbazole group attached to the 5-position of uridine","No Gel","5.511073271433513","6.707309007644653","6.3484382867813105","6.5906381120361415","0.6484640325420477","6.348438286781311","0.3734977008753778"
"Strategy 1","1","False","False","45","2","Organic solvents","gemini-3.1-flash-lite","A 9-octyl-9H-carbazole group attached to the 5-position of uridine","No Gel","5.265776475270589","6.439160505930583","6.087145296732584","6.514939936125309","0.6147845844461662","6.087145296732584","0.6958447726500939"
"Strategy 2","2","False","False","45","2","Organic solvents","gemini-3.1-flash-lite","A 9-octyl-9H-carbazole group attached to the 5-position of uridine","No Gel","5.1373640696207685","6.457987785339356","6.061800670623779","6.476970362232021","0.6144709651151924","6.061800670623779","0.6756538798060412"
"Strategy 3","3","False","False","45","2","Organic solvents","gemini-3.1-flash-lite","A 9-octyl-9H-carbazole group attached to the 5-position of uridine","No Gel","4.8623331387837725","6.009242455164592","5.665169660250346","6.2416326600451795","0.6016584927566159","5.665169660250346","0.9581232654984326"
"Strategy 0","0","False","False","45","3","Organic solvents","gemini-3.1-flash-lite","A 9-octyl-9H-carbazole group attached to the 5-position of uridine","No Gel","5.831781069437663","7.156310637791951","6.758951767285665","6.775078753106661","0.6548067222103512","6.758951767285665","0.02462861982625706"
"Strategy 1","1","False","False","45","3","Organic solvents","gemini-3.1-flash-lite","A 9-octyl-9H-carbazole group attached to the 5-position of uridine","No Gel","5.511842250823975","6.564521551132202","6.248717761039733","6.483825774217451","0.6034022538437375","6.248717761039733","0.38963728040466433"
"Strategy 2","2","True","True","45","3","Organic solvents","gemini-3.1-flash-lite","A 9-octyl-9H-carbazole group attached to the 5-position of uridine","No Gel","5.076011419296265","6.478690981864929","6.0578871130943295","6.288873015910156","0.6212220228192531","6.0578871130943295","0.37182503892498403"
"Strategy 3","3","False","False","45","3","Organic solvents","gemini-3.1-flash-lite","A 9-octyl-9H-carbazole group attached to the 5-position of uridine","No Gel","4.860629081726074","6.188787221908569","5.79033977985382","6.161551116141237","0.5952588109520994","5.79033977985382","0.6236133417221918"
"Strategy 0","0","True","True","46","1","Organic solvents","gemini-3.1-flash-lite","A 9-dodecyl-9H-carbazole group attached to the 5-position of uridine","Gel","5.359007040659587","6.184080282847087","5.936558310190836","6.2427182806862715","0.6284032777170607","5.936558310190836","0.4872030133383296"
"Strategy 1","1","True","True","46","1","Organic solvents","gemini-3.1-flash-lite","A 9-dodecyl-9H-carbazole group attached to the 5-position of uridine","Gel","5.243164539337158","6.127834796905518","5.86243371963501","6.366032082473892","0.6016467657891432","5.86243371963501","0.837033275128378"
"Strategy 2","2","True","True","46","1","Organic solvents","gemini-3.1-flash-lite","A 9-dodecyl-9H-carbazole group attached to the 5-position of uridine","Gel","5.084366798400879","5.881954272588094","5.642678030331929","6.307747613552005","0.6001060303775547","5.642678030331929","1.1082534578125292"
"Strategy 3","3","True","True","46","1","Organic solvents","gemini-3.1-flash-lite","A 9-dodecyl-9H-carbazole group attached to the 5-position of uridine","Gel","5.118287801742554","6.060606002807617","5.777910542488097","6.167318077327669","0.5801965208934577","5.777910542488097","0.6711648912336008"
"Strategy 0","0","True","True","46","2","Organic solvents","gemini-3.1-flash-lite","A 9-dodecyl-9H-carbazole group attached to the 5-position of uridine","Gel","5.942118644714356","6.767055193583171","6.519574228922526","6.4644109836228445","0.6379354229392511","6.519574228922526","-0.0864715193984993"
"Strategy 1","1","False","False","46","2","Organic solvents","gemini-3.1-flash-lite","A 9-dodecyl-9H-carbazole group attached to the 5-position of uridine","Gel","5.852776765823364","6.779183268547058","6.50126131772995","6.347158937953239","0.5961909644035458","6.50126131772995","-0.25847822086817734"
"Strategy 2","2","True","True","46","2","Organic solvents","gemini-3.1-flash-lite","A 9-dodecyl-9H-carbazole group attached to the 5-position of uridine","Gel","5.547023296356201","6.38381044069926","6.132774297396342","6.210935035170819","0.5910639820619287","6.132774297396342","0.13223735525520186"
"Strategy 3","3","True","True","46","2","Organic solvents","gemini-3.1-flash-lite","A 9-dodecyl-9H-carbazole group attached to the 5-position of uridine","Gel","5.824690818786621","6.519042571385701","6.310737045605976","6.332801583016565","0.6190425104157623","6.310737045605976","0.03564300841919454"
"Strategy 0","0","True","True","47","1","Organic solvents","gemini-3.1-flash-lite","A 9-hexadecyl-9H-carbazole group attached to the 5-position of uridine","Gel","6.53068192799886","6.856179078420003","6.7585299332936595","6.479929398196611","0.640215540539779","6.75852993329366","-0.43516677971008716"
"Strategy 1","1","True","True","47","1","Organic solvents","gemini-3.1-flash-lite","A 9-hexadecyl-9H-carbazole group attached to the 5-position of uridine","Gel","6.079616705576579","6.343874057133992","6.264596851666767","6.3407981686505845","0.5934866487756928","6.264596851666767","0.12839600880830818"
"Strategy 2","2","True","True","47","1","Organic solvents","gemini-3.1-flash-lite","A 9-hexadecyl-9H-carbazole group attached to the 5-position of uridine","Gel","6.205219109853108","6.549248615900676","6.446039764086405","6.455833888238715","0.5935845232704146","6.446039764086405","0.016499965494970018"
"Strategy 3","3","True","True","47","1","Organic solvents","gemini-3.1-flash-lite","A 9-hexadecyl-9H-carbazole group attached to the 5-position of uridine","Gel","5.547727743784587","5.874481995900472","5.776455720265706","6.18600045997043","0.5922147968751882","5.776455720265706","0.6915476308016615"
"Strategy 0","0","True","True","47","2","Organic solvents","gemini-3.1-flash-lite","A 9-hexadecyl-9H-carbazole group attached to the 5-position of uridine","Gel","7.087384859720866","7.776285250981648","7.569615133603413","6.59580950589143","0.6264298387182293","7.569615133603413","-1.5545326348191486"
"Strategy 1","1","True","True","47","2","Organic solvents","gemini-3.1-flash-lite","A 9-hexadecyl-9H-carbazole group attached to the 5-position of uridine","Gel","6.67982276280721","7.2003410657246905","7.044185574849446","6.318546885544631","0.5881312745204146","7.044185574849446","-1.233803949460993"
"Strategy 2","2","True","True","47","2","Organic solvents","gemini-3.1-flash-lite","A 9-hexadecyl-9H-carbazole group attached to the 5-position of uridine","Gel","6.893423239390056","7.552786429723103","7.354977472623189","6.521729138347221","0.5971628751852054","7.354977472623189","-1.3953451711437062"
"Strategy 3","3","True","True","47","2","Organic solvents","gemini-3.1-flash-lite","A 9-hexadecyl-9H-carbazole group attached to the 5-position of uridine","Gel","6.369362990061442","7.038876533508301","6.838022470474243","6.265751340161307","0.621250278413113","6.838022470474243","-0.9211603603216302"
"Strategy 0","0","True","True","48","1","B(OH)₃ + AgNO₃","gemini-3.1-flash-lite","Cytidine (C)","Gel","5.630757649739583","6.571120818456014","6.289011867841084","6.5809158356614805","0.5441618245082287","6.289011867841084","0.5364286039069296"
"Strategy 1","1","False","False","48","1","B(OH)₃ + AgNO₃","gemini-3.1-flash-lite","Cytidine (C)","Gel","5.916829586029053","6.651247501373291","6.430922126770018","6.535211454682264","0.5710544148532068","6.430922126770018","0.18262590254039743"
"Strategy 2","2","True","True","48","1","B(OH)₃ + AgNO₃","gemini-3.1-flash-lite","Cytidine (C)","Gel","5.779131730397542","6.574657917022705","6.336000061035157","6.731923358138525","0.5511109274972253","6.336000061035157","0.718409447806425"
"Strategy 3","3","True","True","48","1","B(OH)₃ + AgNO₃","gemini-3.1-flash-lite","Cytidine (C)","Gel","5.36754576365153","6.058746337890625","5.851386165618897","6.5307579961550015","0.5498482055460212","5.851386165618897","1.2355625128601833"
"Strategy 0","0","False","False","48","2","B(OH)₃ + other ions","gemini-3.1-flash-lite","Cytidine (C)","No Gel","6.964865366617839","7.705911636352539","7.483597755432129","6.760769019878496","0.5358308815957736","7.483597755432129","-1.3489867052846143"
"Strategy 1","1","True","True","48","2","B(OH)₃ + other ions","gemini-3.1-flash-lite","Cytidine (C)","No Gel","6.93427586555481","7.585892558097839","7.39040755033493","6.6465808069059085","0.5696651159001482","7.39040755033493","-1.3057263340650138"
"Strategy 2","2","False","False","48","2","B(OH)₃ + other ions","gemini-3.1-flash-lite","Cytidine (C)","No Gel","6.54556957880656","7.273558934529622","7.055162127812703","6.578025533925038","0.5393934795770778","7.055162127812703","-0.8845798326330779"
"Strategy 3","3","False","False","48","2","B(OH)₃ + other ions","gemini-3.1-flash-lite","Cytidine (C)","No Gel","6.247714837392171","7.071948210398356","6.8246781984965","6.487323988377277","0.5307689989351685","6.8246781984965","-0.6355951662512781"
"Strategy 0","0","True","True","49","1","B(OH)₃ + AgNO₃","gemini-3.1-flash-lite","Arabino-cytidine (arabinoC)","No Gel","5.767983118693034","6.421310981114705","6.225312622388205","6.756538333018004","0.544629168434301","6.225312622388205","0.9753897540173367"
"Strategy 1","1","True","True","49","1","B(OH)₃ + AgNO₃","gemini-3.1-flash-lite","Arabino-cytidine (arabinoC)","No Gel","5.73491096496582","6.415894587834676","6.2115995009740175","6.803019213430025","0.5686150891062879","6.2115995009740175","1.0401055543312474"
"Strategy 2","2","True","True","49","1","B(OH)₃ + AgNO₃","gemini-3.1-flash-lite","Arabino-cytidine (arabinoC)","No Gel","5.490871906280518","6.155173937479655","5.9558833281199135","6.748799226142331","0.5501098294012753","5.9558833281199135","1.4413774407292548"
"Strategy 3","3","False","False","49","1","B(OH)₃ + AgNO₃","gemini-3.1-flash-lite","Arabino-cytidine (arabinoC)","No Gel","5.660666704177856","6.327922940254211","6.127746069431304","6.918651064421779","0.5651231063654559","6.127746069431304","1.3995269102994505"
"Strategy 0","0","True","True","50","1","B(OH)₃ + AgNO₃","gemini-3.1-flash-lite","2′,3′-Dideoxy-cytidine (ddC)","No Gel","5.916583855946858","6.886312484741211","6.595393896102905","6.656748481006277","0.5617973007530288","6.595393896102905","0.10921124900588242"
"Strategy 1","1","False","False","50","1","B(OH)₃ + AgNO₃","gemini-3.1-flash-lite","2′,3′-Dideoxy-cytidine (ddC)","No Gel","5.609432856241862","6.70876677831014","6.378966601689657","6.528245144913054","0.5687968472881129","6.378966601689657","0.26244615091507817"
"Strategy 2","2","True","True","50","1","B(OH)₃ + AgNO₃","gemini-3.1-flash-lite","2′,3′-Dideoxy-cytidine (ddC)","No Gel","5.785760084788005","6.620554924011231","6.370116472244262","6.694028010047991","0.5852814242235841","6.370116472244262","0.5534287001051165"
"Strategy 3","3","True","True","50","1","B(OH)₃ + AgNO₃","gemini-3.1-flash-lite","2′,3′-Dideoxy-cytidine (ddC)","No Gel","5.006707827250163","6.2095606327056885","5.8487047910690295","6.331394935023876","0.5583524801410213","5.8487047910690295","0.8644900150402028"
"Strategy 0","0","False","False","51","1","KB(OH)₄","gemini-3.1-flash-lite","Inosine","No Gel","5.652304490407308","6.947540839513143","6.558969934781392","6.602014217758671","0.5770001877608023","6.558969934781392","0.07460011953258358"
"Strategy 1","1","True","True","51","1","KB(OH)₄","gemini-3.1-flash-lite","Inosine","No Gel","4.951593240102132","6.144391059875488","5.7865517139434814","6.657451022502988","0.7127250132162164","5.7865517139434814","1.2219289240734217"
"Strategy 2","2","True","True","51","1","KB(OH)₄","gemini-3.1-flash-lite","Inosine","No Gel","5.1704630851745605","6.262970209121704","5.93521807193756","6.772329245365251","0.6661699396466615","5.93521807193756","1.2566030431689807"
"Strategy 3","3","True","True","51","1","KB(OH)₄","gemini-3.1-flash-lite","Inosine","No Gel","4.846561113993327","5.948105732599895","5.617642347017924","6.474458055841214","0.6839808841533374","5.617642347017924","1.252689554158952"
"Strategy 0","0","True","True","52","1","KB(OH)₄","gemini-3.1-flash-lite","5′-Deoxy-5′-Iodoguanosine","Gel","3.5901299317677817","4.369044701258342","4.135370270411173","6.436678356409689","0.6720266577070049","4.135370270411173","3.424429759751966"
"Strategy 1","1","True","True","52","1","KB(OH)₄","gemini-3.1-flash-lite","5′-Deoxy-5′-Iodoguanosine","Gel","3.7065075238545737","4.387925306955974","4.183499972025554","6.351459322419277","0.6932583295716758","4.183499972025554","3.127202743792751"
"Strategy 2","2","True","True","52","1","KB(OH)₄","gemini-3.1-flash-lite","5′-Deoxy-5′-Iodoguanosine","Gel","3.626997788747152","4.388799587885539","4.160259048144023","6.516427927485424","0.7186429570118635","4.160259048144023","3.278636291293264"
"Strategy 3","3","True","True","52","1","KB(OH)₄","gemini-3.1-flash-lite","5′-Deoxy-5′-Iodoguanosine","Gel","3.635741472244263","4.379655758539836","4.156481472651163","6.51231821341108","0.7337338472977368","4.156481472651163","3.210751077432521"
"Strategy 0","0","False","False","53","1","H₂O","gemini-3.1-flash-lite","N₄-tetradecanoyl-2'-deoxycytidine","No Gel","5.05741548538208","5.661978960037232","5.480609917640687","6.21061382885127","0.6132723910798508","5.480609917640687","1.190342043484447"
"Strategy 1","1","True","True","53","1","H₂O","gemini-3.1-flash-lite","N₄-tetradecanoyl-2'-deoxycytidine","No Gel","5.337510267893474","5.883843898773193","5.719943809509277","6.546965656908907","0.5551326698748991","5.719943809509277","1.4897733321766162"
"Strategy 2","2","True","True","53","1","H₂O","gemini-3.1-flash-lite","N₄-tetradecanoyl-2'-deoxycytidine","No Gel","5.203273932139079","5.625806570053101","5.499046778678893","6.388460539169706","0.5737171574407971","5.499046778678893","1.5502652290516394"
"Strategy 3","3","True","True","53","1","H₂O","gemini-3.1-flash-lite","N₄-tetradecanoyl-2'-deoxycytidine","No Gel","4.676073392232259","5.523674249649048","5.269393992424011","6.204218565216361","0.5726443359049672","5.269393992424011","1.6324697795447811"
"Strategy 0","0","True","True","53","2","EtOH/H₂O","gemini-3.1-flash-lite","N₄-tetradecanoyl-2'-deoxycytidine","Gel","5.315862814585368","5.92068870862325","5.739240940411885","6.313518397259773","0.6110698046986075","5.739240940411885","0.9397902701658342"
"Strategy 1","1","True","True","53","2","EtOH/H₂O","gemini-3.1-flash-lite","N₄-tetradecanoyl-2'-deoxycytidine","Gel","5.088529268900554","5.73951808611552","5.54422144095103","6.4585466651029355","0.5793063975714549","5.54422144095103","1.5783102482294402"
"Strategy 2","2","True","True","53","2","EtOH/H₂O","gemini-3.1-flash-lite","N₄-tetradecanoyl-2'-deoxycytidine","Gel","4.897478898366292","5.50902271270752","5.3255595684051515","6.292428279908744","0.6134687183191746","5.325559568405152","1.5760684817845134"
"Strategy 3","3","True","True","53","2","EtOH/H₂O","gemini-3.1-flash-lite","N₄-tetradecanoyl-2'-deoxycytidine","Gel","4.894400119781494","5.387282371520996","5.239417695999145","6.574965341701064","0.6664903400612568","5.239417695999145","2.0038514670432717"
"Strategy 0","0","False","False","54","1","H₂O","gemini-3.1-flash-lite","N₄-dodecanoyl-2'-deoxycytidine","No Gel","5.718994776407878","6.454707543055217","6.233993713061015","6.241372231241961","0.6107660629782624","6.233993713061015","0.012080759931170021"
"Strategy 1","1","True","True","54","1","H₂O","gemini-3.1-flash-lite","N₄-dodecanoyl-2'-deoxycytidine","No Gel","5.685275554656982","6.294523557027181","6.11174915631612","6.467675588913358","0.568870554745465","6.11174915631612","0.6256720964517027"
"Strategy 2","2","True","True","54","1","H₂O","gemini-3.1-flash-lite","N₄-dodecanoyl-2'-deoxycytidine","No Gel","5.848765055338542","6.462662061055501","6.278492959340414","6.478722681740457","0.5561384435704161","6.278492959340414","0.36003575137616034"
"Strategy 3","3","True","True","54","1","H₂O","gemini-3.1-flash-lite","N₄-dodecanoyl-2'-deoxycytidine","No Gel","5.303569634755452","6.140340805053711","5.889309453964233","6.257978036976599","0.578610193835418","5.889309453964233","0.6371622673437229"
"Strategy 0","0","True","True","54","2","EtOH/H₂O","gemini-3.1-flash-lite","N₄-dodecanoyl-2'-deoxycytidine","Gel","5.193899472554524","6.228100061416626","5.917839884757996","6.37855019883592","0.6058580832508985","5.917839884757996","0.7604261242267432"
"Strategy 1","1","True","True","54","2","EtOH/H₂O","gemini-3.1-flash-lite","N₄-dodecanoyl-2'-deoxycytidine","Gel","4.92165486017863","6.0469384988149","5.709353407224019","6.448552403277513","0.5870950589930964","5.709353407224019","1.2590788914511817"
"Strategy 2","2","True","True","54","2","EtOH/H₂O","gemini-3.1-flash-lite","N₄-dodecanoyl-2'-deoxycytidine","Gel","4.9528398513793945","6.130461057027181","5.777174695332845","6.427513885990901","0.5871555257216551","5.777174695332845","1.1076097595415526"
"Strategy 3","3","True","True","54","2","EtOH/H₂O","gemini-3.1-flash-lite","N₄-dodecanoyl-2'-deoxycytidine","Gel","4.488863627115886","5.838715076446533","5.433759641647339","6.339840228613032","0.6134106788875952","5.433759641647339","1.477119029960234"
"Strategy 0","0","False","False","55","1","H₂O","gemini-3.1-flash-lite","N₄-decanoyl-2'-deoxycytidine","No Gel","6.243742783864339","6.992518504460652","6.767885788281759","6.41547169149384","0.5940095928305862","6.767885788281759","-0.5932801440269474"
"Strategy 1","1","False","False","55","1","H₂O","gemini-3.1-flash-lite","N₄-decanoyl-2'-deoxycytidine","No Gel","5.538739363352458","6.578888575236003","6.266843811670938","6.263402271085931","0.532034414676352","6.266843811670938","-0.006468642798419375"
"Strategy 2","2","False","False","55","1","H₂O","gemini-3.1-flash-lite","N₄-decanoyl-2'-deoxycytidine","No Gel","5.769406477610271","6.513540029525757","6.29029996395111","6.396239006488514","0.5428841604657914","6.29029996395111","0.1951411557974154"
"Strategy 3","3","False","False","55","1","H₂O","gemini-3.1-flash-lite","N₄-decanoyl-2'-deoxycytidine","No Gel","5.363157749176025","6.368033250172933","6.0665705998738595","6.251156373110236","0.5782702771288566","6.06657059987386","0.31920328700422734"
"Strategy 0","0","True","True","55","2","EtOH/H₂O","gemini-3.1-flash-lite","N₄-decanoyl-2'-deoxycytidine","Gel","5.246683756510417","5.9938719272613525","5.769715476036072","6.289479746066938","0.5990437397812695","5.769715476036072","0.8676566259095696"
"Strategy 1","1","True","True","55","2","EtOH/H₂O","gemini-3.1-flash-lite","N₄-decanoyl-2'-deoxycytidine","Gel","4.763752460479736","5.911559343338013","5.56721727848053","6.252955560166706","0.5431866116233437","5.56721727848053","1.2624359051059983"
"Strategy 2","2","True","True","55","2","EtOH/H₂O","gemini-3.1-flash-lite","N₄-decanoyl-2'-deoxycytidine","Gel","4.941462993621826","5.9244968096415205","5.629586664835611","6.434725856904218","0.569992697201758","5.629586664835611","1.4125429957633562"
"Strategy 3","3","True","True","55","2","EtOH/H₂O","gemini-3.1-flash-lite","N₄-decanoyl-2'-deoxycytidine","Gel","4.937869548797607","5.922442674636841","5.627070736885071","6.331148629779964","0.6040186210200398","5.627070736885071","1.1656559390600865"
"Strategy 0","0","True","True","56","1","H₂O","gemini-3.1-flash-lite","N₄-octanoyl-2'-deoxycytidine","Gel","6.076364517211914","7.025317668914795","6.740631723403929","6.336106817050806","0.5936844441606758","6.740631723403929","-0.6813803365271303"
"Strategy 1","1","False","False","56","1","H₂O","gemini-3.1-flash-lite","N₄-octanoyl-2'-deoxycytidine","Gel","6.352340221405029","7.034837961196899","6.830088639259338","6.33693414442915","0.5257029866985758","6.830088639259338","-0.9380857771556655"
"Strategy 2","2","False","False","56","1","H₂O","gemini-3.1-flash-lite","N₄-octanoyl-2'-deoxycytidine","Gel","6.459027926127116","7.144546190897624","6.93889071146647","6.335311263168196","0.5454243130130141","6.93889071146647","-1.1066236577610598"
"Strategy 3","3","False","False","56","1","H₂O","gemini-3.1-flash-lite","N₄-octanoyl-2'-deoxycytidine","Gel","6.3688985506693525","7.103024403254191","6.8827866474787385","6.27313247232166","0.5603608362545237","6.8827866474787385","-1.0879671378036218"
"Strategy 0","0","True","True","56","2","EtOH/H₂O","gemini-3.1-flash-lite","N₄-octanoyl-2'-deoxycytidine","Gel","5.817869186401367","6.524097919464111","6.312229299545287","6.395807900046808","0.6139749122481998","6.312229299545287","0.13612706127597415"
"Strategy 1","1","False","False","56","2","EtOH/H₂O","gemini-3.1-flash-lite","N₄-octanoyl-2'-deoxycytidine","Gel","5.983015060424805","6.854521036148071","6.59306924343109","6.238070990226065","0.5385948617219718","6.59306924343109","-0.6591192720815053"
"Strategy 2","2","True","True","56","2","EtOH/H₂O","gemini-3.1-flash-lite","N₄-octanoyl-2'-deoxycytidine","Gel","6.142617225646973","6.981155514717102","6.729594027996063","6.508557445873585","0.5494624966097952","6.729594027996063","-0.40227783240217896"
"Strategy 3","3","False","False","56","2","EtOH/H₂O","gemini-3.1-flash-lite","N₄-octanoyl-2'-deoxycytidine","Gel","5.430642922719319","6.270715872446696","6.018693987528483","6.222593551458314","0.5784030772269247","6.018693987528483","0.3525215752782651"
"Strategy 0","0","False","False","57","1","H₂O","gemini-3.1-flash-lite","N₄-hexanoyl-2'-deoxycytidine","No Gel","6.548720677693685","7.526845455169678","7.23340802192688","6.530771399961269","0.6015016881952765","7.23340802192688","-1.1681374063533814"
"Strategy 1","1","True","True","57","1","H₂O","gemini-3.1-flash-lite","N₄-hexanoyl-2'-deoxycytidine","No Gel","5.6103596687316895","6.677942752838135","6.357667827606201","6.1709516354001455","0.5585271859159199","6.357667827606201","-0.33430099181271233"
"Strategy 2","2","True","True","57","1","H₂O","gemini-3.1-flash-lite","N₄-hexanoyl-2'-deoxycytidine","No Gel","5.94973357518514","6.975279966990153","6.667616049448649","6.327622502903606","0.5748078861128113","6.667616049448649","-0.5914907480554586"
"Strategy 3","3","True","True","57","1","H₂O","gemini-3.1-flash-lite","N₄-hexanoyl-2'-deoxycytidine","No Gel","5.571505069732666","6.443748315175374","6.1820753415425616","6.348693528471067","0.5510430487996343","6.1820753415425616","0.302368730159029"
"Strategy 0","0","False","False","57","2","EtOH/H₂O","gemini-3.1-flash-lite","N₄-hexanoyl-2'-deoxycytidine","No Gel","6.612390836079915","7.622282902399699","7.319315282503763","6.278239013551125","0.6038996807293824","7.319315282503763","-1.723922535768258"
"Strategy 1","1","False","False","57","2","EtOH/H₂O","gemini-3.1-flash-lite","N₄-hexanoyl-2'-deoxycytidine","No Gel","6.660206158955892","7.599018255869548","7.317374626795451","6.4024516527658895","0.5811617555684084","7.317374626795451","-1.5743000382651062"
"Strategy 2","2","False","False","57","2","EtOH/H₂O","gemini-3.1-flash-lite","N₄-hexanoyl-2'-deoxycytidine","No Gel","6.544643878936768","7.573385556538899","7.264763053258259","6.378955815805638","0.5727672223571918","7.264763053258259","-1.5465396811764667"
"Strategy 3","3","False","False","57","2","EtOH/H₂O","gemini-3.1-flash-lite","N₄-hexanoyl-2'-deoxycytidine","No Gel","6.506569623947144","7.709217667579651","7.348423254489898","6.507802131748938","0.5569500333313021","7.348423254489898","-1.5093295133010902"
"Strategy 0","0","False","False","58","1","H₂O","gemini-3.1-flash-lite","N₄-tetradecanoyl-2′,3′-dideoxycytidine","No Gel","6.27567704518636","6.549760659535726","6.467535575230916","6.288252721954069","0.604726443787233","6.467535575230916","-0.29646934596418284"
"Strategy 1","1","True","True","58","1","H₂O","gemini-3.1-flash-lite","N₄-tetradecanoyl-2′,3′-dideoxycytidine","No Gel","5.977739493052165","6.388689915339152","6.265404788653055","6.361915041309919","0.5951273955761747","6.265404788653055","0.1621673836127591"
"Strategy 2","2","True","True","58","1","H₂O","gemini-3.1-flash-lite","N₄-tetradecanoyl-2′,3′-dideoxycytidine","No Gel","5.915692329406738","6.548049529393514","6.358342369397481","6.44257514754007","0.5821605692292855","6.358342369397481","0.14468994053325065"
"Strategy 3","3","True","True","58","1","H₂O","gemini-3.1-flash-lite","N₄-tetradecanoyl-2′,3′-dideoxycytidine","No Gel","5.717890580495198","6.314275185267131","6.1353598038355495","6.368925525790962","0.6065305338003263","6.1353598038355495","0.3850848538357406"
"Strategy 0","0","True","True","58","2","EtOH/H₂O","gemini-3.1-flash-lite","N₄-tetradecanoyl-2′,3′-dideoxycytidine","Gel","4.919981956481934","5.588795105616252","5.388151160875956","6.251066241892732","0.6096146104905996","5.388151160875956","1.4155091859139142"
"Strategy 1","1","True","True","58","2","EtOH/H₂O","gemini-3.1-flash-lite","N₄-tetradecanoyl-2′,3′-dideoxycytidine","Gel","4.961727142333984","6.061004718144734","5.731221445401509","6.286802526284249","0.5830449993346563","5.731221445401509","0.9528957139101492"
"Strategy 2","2","True","True","58","2","EtOH/H₂O","gemini-3.1-flash-lite","N₄-tetradecanoyl-2′,3′-dideoxycytidine","Gel","5.111061731974284","5.97216780980428","5.713835986455281","6.384794479562331","0.6048475255805338","5.713835986455281","1.1093018731672297"
"Strategy 3","3","False","False","58","2","EtOH/H₂O","gemini-3.1-flash-lite","N₄-tetradecanoyl-2′,3′-dideoxycytidine","Gel","4.437495708465576","5.634077668190002","5.2751030802726735","6.497184826237286","0.683998184454252","5.2751030802726735","1.7866739616270864"
"Strategy 0","0","False","False","59","1","H₂O","gemini-3.1-flash-lite","N₄-dodecanoyl-2′,3′-dideoxycytidine","No Gel","5.949626604715983","6.8825671672821045","6.6026849985122675","6.373574317641344","0.6100671459228899","6.602684998512268","-0.3755499413500334"
"Strategy 1","1","True","True","59","1","H₂O","gemini-3.1-flash-lite","N₄-dodecanoyl-2′,3′-dideoxycytidine","No Gel","5.916012763977051","6.761845429738362","6.508095630009969","6.436493881913119","0.5967419383553602","6.508095630009969","-0.11998779287104624"
"Strategy 2","2","True","True","59","1","H₂O","gemini-3.1-flash-lite","N₄-dodecanoyl-2′,3′-dideoxycytidine","No Gel","5.748076279958089","6.611941417058309","6.352781875928243","6.416907075270816","0.6092439210611134","6.352781875928243","0.10525373684629824"
"Strategy 3","3","True","True","59","1","H₂O","gemini-3.1-flash-lite","N₄-dodecanoyl-2′,3′-dideoxycytidine","No Gel","5.400211334228516","6.463683128356934","6.144641590118408","6.411655251123492","0.6108720392516968","6.144641590118408","0.4371024434710895"
"Strategy 0","0","True","True","59","2","EtOH/H₂O","gemini-3.1-flash-lite","N₄-dodecanoyl-2′,3′-dideoxycytidine","Gel","5.087583700815837","6.283999601999919","5.925074831644693","6.418779544744072","0.5962950831722496","5.925074831644693","0.8279536877495335"
"Strategy 1","1","True","True","59","2","EtOH/H₂O","gemini-3.1-flash-lite","N₄-dodecanoyl-2′,3′-dideoxycytidine","Gel","4.778252442677816","6.224812825520833","5.790844710667927","6.512204962368158","0.6054213214132468","5.790844710667927","1.191501234241876"
"Strategy 2","2","True","True","59","2","EtOH/H₂O","gemini-3.1-flash-lite","N₄-dodecanoyl-2′,3′-dideoxycytidine","Gel","4.894482453664144","6.123064359029134","5.754489787419637","6.519920338709533","0.6308675704074684","5.754489787419637","1.213298300934245"
"Strategy 3","3","True","True","59","2","EtOH/H₂O","gemini-3.1-flash-lite","N₄-dodecanoyl-2′,3′-dideoxycytidine","Gel","4.714584032694499","6.046653270721436","5.6470324993133545","6.3360732970619695","0.5916287399931346","5.6470324993133545","1.1646506519554998"
"Strategy 0","0","False","False","60","1","H₂O","gemini-3.1-flash-lite","N₄-decanoyl-2′,3′-dideoxycytidine","No Gel","6.184794267018636","7.029242912928264","6.775908319155374","6.311747089590521","0.6074414620175389","6.775908319155374","-0.7641250368771357"
"Strategy 1","1","True","True","60","1","H₂O","gemini-3.1-flash-lite","N₄-decanoyl-2′,3′-dideoxycytidine","No Gel","6.416289488474528","7.261507829030354","7.007942326863606","6.656400143268496","0.587077768332411","7.007942326863606","-0.5988000271133795"
"Strategy 2","2","True","True","60","1","H₂O","gemini-3.1-flash-lite","N₄-decanoyl-2′,3′-dideoxycytidine","No Gel","6.165984948476155","6.916810353597005","6.69156273206075","6.560247021682502","0.5999577327722567","6.69156273206075","-0.2188749360250265"
"Strategy 3","3","True","True","60","1","H₂O","gemini-3.1-flash-lite","N₄-decanoyl-2′,3′-dideoxycytidine","No Gel","5.688498655954997","6.63226318359375","6.349133825302125","6.354981323545293","0.6105489479010067","6.349133825302125","0.009577443812280161"
"Strategy 0","0","True","True","60","2","EtOH/H₂O","gemini-3.1-flash-lite","N₄-decanoyl-2′,3′-dideoxycytidine","Gel","4.617604414621989","5.753127018610637","5.412470237414041","6.4919210815922535","0.5917587234822413","5.412470237414041","1.824140145879246"
"Strategy 1","1","True","True","60","2","EtOH/H₂O","gemini-3.1-flash-lite","N₄-decanoyl-2′,3′-dideoxycytidine","Gel","4.330501079559326","5.585021654764812","5.208665482203166","6.425316343196602","0.5635234678790645","5.208665482203166","2.1590065549045363"
"Strategy 2","2","True","True","60","2","EtOH/H₂O","gemini-3.1-flash-lite","N₄-decanoyl-2′,3′-dideoxycytidine","Gel","4.460929711659749","5.571139732996623","5.23807672659556","6.6256698612094835","0.5693735175187471","5.23807672659556","2.4370524654200056"
"Strategy 3","3","True","True","60","2","EtOH/H₂O","gemini-3.1-flash-lite","N₄-decanoyl-2′,3′-dideoxycytidine","Gel","4.154155413309733","5.340422948201497","4.984542687733968","6.394289104205384","0.602013973876024","4.984542687733968","2.3417170990149367"
"Strategy 0","0","False","False","61","1","H₂O","gemini-3.1-flash-lite","N₄-octanoyl-2′,3′-dideoxycytidine","No Gel","6.537766297658284","7.55677596728007","7.251073066393534","6.424025715044301","0.6134934288418568","7.251073066393534","-1.348094881652636"
"Strategy 1","1","True","True","61","1","H₂O","gemini-3.1-flash-lite","N₄-octanoyl-2′,3′-dideoxycytidine","No Gel","5.959131240844727","6.942091941833496","6.647203731536865","6.44003684606971","0.5871175937750392","6.647203731536865","-0.35285416016085697"
"Strategy 2","2","True","True","61","1","H₂O","gemini-3.1-flash-lite","N₄-octanoyl-2′,3′-dideoxycytidine","No Gel","5.941775480906169","6.882266441980998","6.600119153658549","6.406876340023307","0.5839431011562596","6.600119153658549","-0.3309274709344187"
"Strategy 3","3","True","True","61","1","H₂O","gemini-3.1-flash-lite","N₄-octanoyl-2′,3′-dideoxycytidine","No Gel","5.77534023920695","6.982761780420939","6.620535318056742","6.245227775462838","0.5882062738247664","6.620535318056742","-0.6380543004981835"
"Strategy 0","0","True","True","61","2","EtOH/H₂O","gemini-3.1-flash-lite","N₄-octanoyl-2′,3′-dideoxycytidine","Gel","5.013520240783691","5.967242161432902","5.681125585238139","6.363628169486073","0.6101493260223083","5.681125585238139","1.1185828700284106"
"Strategy 1","1","True","True","61","2","EtOH/H₂O","gemini-3.1-flash-lite","N₄-octanoyl-2′,3′-dideoxycytidine","Gel","4.836272954940796","5.835372447967529","5.535642600059509","6.265568229579186","0.5804569877688828","5.535642600059509","1.2575016666184184"
"Strategy 2","2","True","True","61","2","EtOH/H₂O","gemini-3.1-flash-lite","N₄-octanoyl-2′,3′-dideoxycytidine","Gel","4.988788843154907","6.014829516410828","5.707017314434051","6.407837596697401","0.5820637224470353","5.707017314434051","1.2040267332192667"
"Strategy 3","3","True","True","61","2","EtOH/H₂O","gemini-3.1-flash-lite","N₄-octanoyl-2′,3′-dideoxycytidine","Gel","4.295055627822876","5.335063219070435","5.0230609416961665","6.576178129236827","0.668189479681305","5.023060941696167","2.324366418162442"
"Strategy 0","0","False","False","62","1","H₂O","gemini-3.1-flash-lite","5'-O-Decanoylgemcitabine","No Gel","5.652363141377767","6.146032969156901","5.997932020823161","6.84767293332467","0.5805123704950839","5.997932020823161","1.4637774416018337"
"Strategy 1","1","True","True","62","1","H₂O","gemini-3.1-flash-lite","5'-O-Decanoylgemcitabine","No Gel","5.4064567883809405","6.128580967585246","5.911943713823955","6.704849765528696","0.5242051053921417","5.911943713823955","1.512587427227731"
"Strategy 2","2","True","True","62","1","H₂O","gemini-3.1-flash-lite","5'-O-Decanoylgemcitabine","No Gel","5.209440549214681","5.7498157024383545","5.587703156471252","6.611933638390335","0.5756262479992722","5.587703156471252","1.7793324843664489"
"Strategy 3","3","True","True","62","1","H₂O","gemini-3.1-flash-lite","5'-O-Decanoylgemcitabine","No Gel","5.153482913970947","5.6873459815979","5.527187061309814","6.751696341968014","0.6136502994828589","5.527187061309814","1.9954512882828055"
"Strategy 0","0","False","False","62","2","EtOH/H₂O","gemini-3.1-flash-lite","5'-O-Decanoylgemcitabine","No Gel","5.04283348719279","5.65953270594279","5.474522940317789","6.493673717821599","0.6004491677143217","5.474522940317789","1.6973139980913345"
"Strategy 1","1","True","True","62","2","EtOH/H₂O","gemini-3.1-flash-lite","5'-O-Decanoylgemcitabine","No Gel","4.547911485036214","5.344094117482503","5.105239327748616","6.43278938060583","0.5684894799240525","5.105239327748616","2.3352236052539945"
"Strategy 2","2","True","True","62","2","EtOH/H₂O","gemini-3.1-flash-lite","5'-O-Decanoylgemcitabine","No Gel","5.055217742919922","5.938767910003662","5.673702859878539","6.745387520408136","0.5417450395457654","5.673702859878539","1.978208534088597"
"Strategy 3","3","True","True","62","2","EtOH/H₂O","gemini-3.1-flash-lite","5'-O-Decanoylgemcitabine","No Gel","4.3463335037231445","5.337962865829468","5.04047405719757","6.3183130271675045","0.5597956666649603","5.04047405719757","2.282688212973835"
"Strategy 0","0","False","False","63","1","H₂O","gemini-3.1-flash-lite","5′-O-Octanoylgemcitabine","No Gel","5.259229977925618","5.747444788614909","5.6009803454081215","6.679381304501871","0.6005790238035572","5.6009803454081215","1.795602104555824"
"Strategy 1","1","True","True","63","1","H₂O","gemini-3.1-flash-lite","5′-O-Octanoylgemcitabine","No Gel","5.258137543996175","5.976180235544841","5.76076742808024","6.65692611147267","0.5386657615137606","5.76076742808024","1.6636637176902445"
"Strategy 2","2","True","True","63","1","H₂O","gemini-3.1-flash-lite","5′-O-Octanoylgemcitabine","No Gel","5.341807047526042","5.8717888196309405","5.712794287999471","6.724510359579278","0.5918855206072053","5.712794287999471","1.7093103925602107"
"Strategy 3","3","True","True","63","1","H₂O","gemini-3.1-flash-lite","5′-O-Octanoylgemcitabine","No Gel","5.175280570983887","5.722078879674275","5.558039387067159","6.650829437413573","0.5873073185638437","5.558039387067159","1.8606784145285966"
"Strategy 0","0","False","False","63","2","EtOH/H₂O","gemini-3.1-flash-lite","5′-O-Octanoylgemcitabine","No Gel","5.319022496541341","5.607139905293782","5.5207046826680495","6.6172554854582755","0.5858563266881257","5.5207046826680495","1.8717060016900064"
"Strategy 1","1","True","True","63","2","EtOH/H₂O","gemini-3.1-flash-lite","5′-O-Octanoylgemcitabine","No Gel","4.798272927602132","5.712613582611084","5.438311386108398","6.540525573291828","0.5384271174885352","5.438311386108398","2.0471000649533577"
"Strategy 2","2","True","True","63","2","EtOH/H₂O","gemini-3.1-flash-lite","5′-O-Octanoylgemcitabine","No Gel","4.775175094604492","5.528357823689778","5.302403004964192","6.638812026188972","0.5820613727021291","5.302403004964192","2.2959933159981216"
"Strategy 3","3","True","True","63","2","EtOH/H₂O","gemini-3.1-flash-lite","5′-O-Octanoylgemcitabine","No Gel","4.520919799804688","5.324085632960002","5.083135883013407","6.320914343654031","0.553217222106267","5.083135883013407","2.2374185241884246"
"Strategy 0","0","True","True","64","1","KCl","gemini-3.1-flash-lite","L-Guanosine","Gel","4.553223609924316","5.172368288040161","4.9866248846054075","6.214085753019465","0.6907437675121518","4.986624884605408","1.7770133096314384"
"Strategy 1","1","True","True","64","1","KCl","gemini-3.1-flash-lite","L-Guanosine","Gel","4.922798156738281","5.6713197231292725","5.446763253211974","6.598076510121348","0.6753037168989771","5.446763253211974","1.704882156130063"
"Strategy 2","2","True","True","64","1","KCl","gemini-3.1-flash-lite","L-Guanosine","Gel","4.955852667490642","5.778533379236857","5.531729165712991","6.68325859471501","0.6926698660012927","5.531729165712991","1.662450592299723"
"Strategy 3","3","True","True","64","1","KCl","gemini-3.1-flash-lite","L-Guanosine","Gel","4.897732575734456","5.553308089574178","5.356635435422262","6.617164593457559","0.7145960502134631","5.356635435422262","1.7639744267530646"
"Strategy 0","0","True","True","64","2","NaB(OH)₄","gemini-3.1-flash-lite","L-Guanosine","Gel","4.666296323140462","5.97387417157491","5.581600817044575","6.502740707446746","0.6688077722937265","5.581600817044575","1.3772864619127443"
"Strategy 1","1","True","True","64","2","NaB(OH)₄","gemini-3.1-flash-lite","L-Guanosine","Gel","5.315721352895101","6.215781768163045","5.945763643582661","6.741487502250869","0.7256583183620391","5.945763643582661","1.0965544506735907"
"Strategy 2","2","True","True","64","2","NaB(OH)₄","gemini-3.1-flash-lite","L-Guanosine","Gel","5.4159620602925616","6.277612527211507","6.019117387135823","6.616623654538039","0.6829857002459016","6.019117387135823","0.8748444765199189"
"Strategy 3","3","True","True","64","2","NaB(OH)₄","gemini-3.1-flash-lite","L-Guanosine","Gel","5.235071182250977","6.136919260025024","5.86636483669281","6.697431879943039","0.6424808000985504","5.86636483669281","1.2935282161315194"
"Strategy 0","0","True","True","1","1","Tb(NO₃)₃ or Dy(NO₃)₃","deepseek-v3.2-think","Deoxyguanosine (dG)","Gel","5.266081968943278","5.869943539301555","5.688785068194072","6.491778533772904","0.7022324945546758","5.688785068194072","1.1434866255912217"
"Strategy 1","1","True","True","1","1","Tb(NO₃)₃ or Dy(NO₃)₃","deepseek-v3.2-think","Deoxyguanosine (dG)","Gel","5.35783322652181","6.05688460667928","5.84716919263204","6.724733561261988","0.7192209297180084","5.84716919263204","1.2201596649502708"
"Strategy 2","2","True","True","1","1","Tb(NO₃)₃ or Dy(NO₃)₃","deepseek-v3.2-think","Deoxyguanosine (dG)","Gel","5.179068565368652","6.009029229482015","5.760041030248007","6.625585532311629","0.6715911683297828","5.760041030248007","1.288796730630321"
"Strategy 3","3","True","True","1","1","Tb(NO₃)₃ or Dy(NO₃)₃","deepseek-v3.2-think","Deoxyguanosine (dG)","Gel","5.010034720102946","5.6122861703236895","5.431610735257467","6.5590380676032956","0.7360837666596748","5.431610735257467","1.5316562915958034"
"Strategy 0","0","False","False","1","2","LiCl","deepseek-v3.2-think","Deoxyguanosine (dG)","No Gel","4.979574839274089","5.491587320963542","5.337983576456705","6.63908185866452","0.7233524444161563","5.337983576456705","1.798705862199689"
"Strategy 1","1","True","True","1","2","LiCl","deepseek-v3.2-think","Deoxyguanosine (dG)","No Gel","5.39548921585083","5.655800898869832","5.577707393964132","7.304027244718191","0.740436721693964","5.577707393964132","2.331488701430963"
"Strategy 2","2","True","True","1","2","LiCl","deepseek-v3.2-think","Deoxyguanosine (dG)","No Gel","4.926438490549724","5.568327824274699","5.375761024157207","7.239393388762953","0.7160367130538411","5.375761024157207","2.602705043792376"
"Strategy 3","3","True","True","1","2","LiCl","deepseek-v3.2-think","Deoxyguanosine (dG)","No Gel","4.5615889231363935","5.0253214836120605","4.88620171546936","6.807969082048697","0.7848726292760575","4.88620171546936","2.4485085794773047"
"Strategy 0","0","False","False","1","3","NaCl","deepseek-v3.2-think","Deoxyguanosine (dG)","No Gel","4.995856920878093","5.532929976781209","5.371808060010274","6.579360134410611","0.7306144669620778","5.371808060010274","1.6527897119549027"
"Strategy 1","1","True","True","1","3","NaCl","deepseek-v3.2-think","Deoxyguanosine (dG)","No Gel","4.877122402191162","5.518620491027832","5.3261710643768305","6.709874701253511","0.6852180617077522","5.326171064376831","2.0193624689753653"
"Strategy 2","2","True","True","1","3","NaCl","deepseek-v3.2-think","Deoxyguanosine (dG)","No Gel","5.0965932210286455","5.735379854838054","5.543743864695231","6.967601702318019","0.7090514017518958","5.543743864695231","2.008116525973684"
"Strategy 3","3","True","True","1","3","NaCl","deepseek-v3.2-think","Deoxyguanosine (dG)","No Gel","5.049456437428792","5.559918880462647","5.40678014755249","6.811230768467412","0.7644068050905163","5.40678014755249","1.83730784650539"
"Strategy 0","0","True","True","1","4","KCl","deepseek-v3.2-think","Deoxyguanosine (dG)","Gel","4.60762357711792","5.566133260726929","5.278580355644226","6.748335997017162","0.7317461030838119","5.278580355644226","2.0085595743918776"
"Strategy 1","1","True","True","1","4","KCl","deepseek-v3.2-think","Deoxyguanosine (dG)","Gel","4.446523030598958","5.4065860112508135","5.118567117055257","7.108277554105419","0.7502473661361372","5.118567117055257","2.652072538817972"
"Strategy 2","2","True","True","1","4","KCl","deepseek-v3.2-think","Deoxyguanosine (dG)","Gel","4.080795884132385","5.006862878799439","4.729042780399322","6.8219051934027855","0.8086742200465987","4.729042780399322","2.588016732971734"
"Strategy 3","3","True","True","1","4","KCl","deepseek-v3.2-think","Deoxyguanosine (dG)","Gel","4.171260833740234","5.266283512115479","4.937776708602906","6.6464042180268335","0.8114834761110477","4.937776708602906","2.105560445435503"
"Strategy 0","0","True","True","1","5","KB(OH)₄","deepseek-v3.2-think","Deoxyguanosine (dG)","No Gel","4.88772439956665","5.658577561378479","5.42732161283493","6.537611751593361","0.7310250729629779","5.42732161283493","1.5188126643293125"
"Strategy 1","1","False","False","1","5","KB(OH)₄","deepseek-v3.2-think","Deoxyguanosine (dG)","No Gel","5.390169620513916","6.284048795700073","6.015885043144226","6.688861845630083","0.6890501994822924","6.015885043144226","0.9766731117580225"
"Strategy 2","2","True","True","1","5","KB(OH)₄","deepseek-v3.2-think","Deoxyguanosine (dG)","No Gel","5.37261438369751","5.925625006357829","5.759721819559733","6.905786783504238","0.7151208447187405","5.759721819559733","1.6026171973706862"
"Strategy 3","3","True","True","1","5","KB(OH)₄","deepseek-v3.2-think","Deoxyguanosine (dG)","No Gel","5.328786532084147","5.91209864616394","5.737105011940002","6.74882497128282","0.7639793435357107","5.737105011940002","1.32427658928651"
"Strategy 0","0","True","True","2","1","Tb(NO₃)₃ or Eu(NO₃)₃","deepseek-v3.2-think","Thymidine (T)","Gel","5.084596157073975","5.865440130233765","5.631186938285826","6.631211636479202","0.5408498046648554","5.631186938285826","1.8489878143028156"
"Strategy 1","1","True","True","2","1","Tb(NO₃)₃ or Eu(NO₃)₃","deepseek-v3.2-think","Thymidine (T)","Gel","5.583919048309326","6.074203888575236","5.927118436495463","6.790703192360949","0.5318673925702281","5.927118436495463","1.6236843392339715"
"Strategy 2","2","True","True","2","1","Tb(NO₃)₃ or Eu(NO₃)₃","deepseek-v3.2-think","Thymidine (T)","Gel","5.1408305168151855","6.104248682657878","5.815223232905069","6.581309407441191","0.49967835465109245","5.815223232905069","1.53315861574803"
"Strategy 3","3","True","True","2","1","Tb(NO₃)₃ or Eu(NO₃)₃","deepseek-v3.2-think","Thymidine (T)","Gel","5.003471851348877","5.724701404571533","5.508332538604736","6.763258995874291","0.5474674671944456","5.508332538604736","2.2922393246498407"
"Strategy 0","0","True","True","3","1","Tb(NO₃)₃ or Eu(NO₃)₃","deepseek-v3.2-think","Uridine (U)","Gel","5.151536782582601","6.145303964614868","5.847173810005188","6.489587595234853","0.5164907523714648","5.847173810005188","1.2438050096347804"
"Strategy 1","1","False","False","3","1","Tb(NO₃)₃ or Eu(NO₃)₃","deepseek-v3.2-think","Uridine (U)","Gel","5.788674195607503","6.471351544062297","6.266548339525858","6.581273462790851","0.5351757938757318","6.266548339525858","0.5880780238316841"
"Strategy 2","2","True","True","3","1","Tb(NO₃)₃ or Eu(NO₃)₃","deepseek-v3.2-think","Uridine (U)","Gel","5.061468760172526","6.353666067123413","5.966006875038147","6.615285629757922","0.517295123881709","5.966006875038147","1.2551418421416387"
"Strategy 3","3","True","True","3","1","Tb(NO₃)₃ or Eu(NO₃)₃","deepseek-v3.2-think","Uridine (U)","Gel","4.516735712687175","5.515139261881511","5.215618197123209","6.583891403274634","0.5565228900996874","5.215618197123209","2.4586108325325697"
"Strategy 0","0","False","False","3","2","B(OH)₃ + AgNO₃","deepseek-v3.2-think","Uridine (U)","No Gel","4.568442344665527","5.488521416982015","5.212497695287069","6.556050662476887","0.5227532185010171","5.212497695287069","2.570147671290146"
"Strategy 1","1","True","True","3","2","B(OH)₃ + AgNO₃","deepseek-v3.2-think","Uridine (U)","No Gel","4.741257508595784","5.834420045216878","5.50647128423055","6.6370420743020615","0.525096920010964","5.50647128423055","2.1530706941642426"
"Strategy 2","2","True","True","3","2","B(OH)₃ + AgNO₃","deepseek-v3.2-think","Uridine (U)","No Gel","4.527750015258789","5.238326629002889","5.0251536448796585","6.899421446083128","0.5825769547542669","5.0251536448796585","3.2172020982087126"
"Strategy 3","3","True","True","3","2","B(OH)₃ + AgNO₃","deepseek-v3.2-think","Uridine (U)","No Gel","3.7770296335220337","4.898632526397705","4.5621516585350035","6.990905430612637","0.5742785822258848","4.562151658535004","4.229225757756565"
"Strategy 0","0","True","True","4","1","LiCl","deepseek-v3.2-think","Isoguanosine (isoG)","Gel","4.731426397959392","5.496512492497762","5.266986664136251","6.433001224076716","0.6767993923775654","5.266986664136251","1.7228362984256078"
"Strategy 1","1","False","False","4","1","LiCl","deepseek-v3.2-think","Isoguanosine (isoG)","Gel","4.957372029622396","5.925676107406616","5.63518488407135","6.702853678856093","0.7054560259241958","5.63518488407135","1.5134448577230932"
"Strategy 2","2","False","False","4","1","LiCl","deepseek-v3.2-think","Isoguanosine (isoG)","Gel","4.913730462392171","5.82960565884908","5.554843099912007","6.720464233218545","0.6893767525102513","5.554843099912007","1.6908332476575714"
"Strategy 3","3","False","False","4","1","LiCl","deepseek-v3.2-think","Isoguanosine (isoG)","Gel","4.581011295318604","5.40931232770284","5.160822017987569","6.665470265048419","0.7066004471928145","5.160822017987569","2.1294187585622444"
"Strategy 0","0","True","True","4","2","NaCl","deepseek-v3.2-think","Isoguanosine (isoG)","Gel","4.316531658172607","5.542962948481242","5.175033561388651","6.525470821986827","0.6257749221225841","5.175033561388651","2.15802393617435"
"Strategy 1","1","False","False","4","2","NaCl","deepseek-v3.2-think","Isoguanosine (isoG)","Gel","4.551672617594401","5.548246622085571","5.24927442073822","6.694345655367356","0.7016860254843554","5.24927442073822","2.0594271257314003"
"Strategy 2","2","False","False","4","2","NaCl","deepseek-v3.2-think","Isoguanosine (isoG)","Gel","4.149817705154419","5.443454265594482","5.0553632974624625","6.628889037903581","0.7567318301969526","5.055363297462463","2.0793703629878775"
"Strategy 3","3","False","False","4","2","NaCl","deepseek-v3.2-think","Isoguanosine (isoG)","Gel","4.338578542073567","5.298096338907878","5.010240999857584","6.57101060333794","0.7470294397097709","5.010240999857584","2.0893013320689637"
"Strategy 0","0","True","True","4","3","KCl","deepseek-v3.2-think","Isoguanosine (isoG)","Gel","4.654286702473958","5.572927236557007","5.297335076332092","6.473897481765549","0.7493817344024486","5.297335076332092","1.5700441462876584"
"Strategy 1","1","True","True","4","3","KCl","deepseek-v3.2-think","Isoguanosine (isoG)","Gel","4.703080415725708","5.754715323448181","5.4392248511314385","6.537744739813397","0.7122113323826238","5.439224851131439","1.5424072023776743"
"Strategy 2","2","True","True","4","3","KCl","deepseek-v3.2-think","Isoguanosine (isoG)","Gel","4.638884544372559","5.728394508361816","5.401541519165039","6.5285490872632","0.7162883897559833","5.401541519165039","1.5733991842058155"
"Strategy 3","3","True","True","4","3","KCl","deepseek-v3.2-think","Isoguanosine (isoG)","Gel","4.605706214904785","5.521877408027649","5.24702605009079","6.363929075788158","0.7563395740762794","5.24702605009079","1.4767216525215487"
"Strategy 0","0","True","True","5","1","LiCl","deepseek-v3.2-think","2′-deoxyisoguanosine (isoGd)","Gel","5.34459114074707","5.980184555053711","5.789506530761718","6.68712765052337","0.6493759334142437","5.789506530761718","1.3822827018583845"
"Strategy 1","1","False","False","5","1","LiCl","deepseek-v3.2-think","2′-deoxyisoguanosine (isoGd)","Gel","5.7782003084818525","6.399667580922444","6.2132273991902665","6.950427853845501","0.6619699022136976","6.2132273991902665","1.1136464848174492"
"Strategy 2","2","False","False","5","1","LiCl","deepseek-v3.2-think","2′-deoxyisoguanosine (isoGd)","Gel","5.91038179397583","6.422912041346232","6.269152967135111","7.113787841550447","0.6788259024776152","6.269152967135111","1.244258463521417"
"Strategy 3","3","False","False","5","1","LiCl","deepseek-v3.2-think","2′-deoxyisoguanosine (isoGd)","Gel","5.406911849975586","5.782806793848674","5.6700383106867465","6.727766953204645","0.7349243938577932","5.6700383106867465","1.4392346360496062"
"Strategy 0","0","True","True","5","2","KCl","deepseek-v3.2-think","2′-deoxyisoguanosine (isoGd)","Gel","5.295272668202718","5.688072601954143","5.570232621828715","6.46409777288905","0.7442506747691313","5.570232621828715","1.2010269944835659"
"Strategy 1","1","True","True","5","2","KCl","deepseek-v3.2-think","2′-deoxyisoguanosine (isoGd)","Gel","5.827760537465413","6.102054754892985","6.019766489664714","6.775823013480628","0.7463404054514513","6.019766489664714","1.0130183469814766"
"Strategy 2","2","True","True","5","2","KCl","deepseek-v3.2-think","2′-deoxyisoguanosine (isoGd)","Gel","5.574698289235433","6.093901554743449","5.938140575091044","6.696936373069921","0.7095546644442088","5.938140575091044","1.0693972374534926"
"Strategy 3","3","True","True","5","2","KCl","deepseek-v3.2-think","2′-deoxyisoguanosine (isoGd)","Gel","4.998331546783447","5.342920064926148","5.239543509483337","6.503397737609015","0.7951405356602536","5.239543509483337","1.5894727679506662"
"Strategy 0","0","False","False","5","3","NaCl","deepseek-v3.2-think","2′-deoxyisoguanosine (isoGd)","No Gel","4.811841011047363","5.665785551071167","5.409602189064025","6.373086272530469","0.6896692639828139","5.409602189064025","1.3970233759619206"
"Strategy 1","1","True","True","5","3","NaCl","deepseek-v3.2-think","2′-deoxyisoguanosine (isoGd)","No Gel","5.010347843170166","5.807710568110148","5.568501750628154","6.743245204228146","0.7101568455939156","5.568501750628154","1.6542028157421136"
"Strategy 2","2","True","True","5","3","NaCl","deepseek-v3.2-think","2′-deoxyisoguanosine (isoGd)","No Gel","5.177295525868733","6.009113152821858","5.759567864735921","6.911388982050795","0.7164488864515777","5.759567864735921","1.607680797746235"
"Strategy 3","3","True","True","5","3","NaCl","deepseek-v3.2-think","2′-deoxyisoguanosine (isoGd)","No Gel","4.490598360697429","5.354422569274902","5.09527530670166","6.58282451660442","0.7359026167468761","5.09527530670166","2.0213941030385327"
"Strategy 0","0","False","False","6","1","LiCl","deepseek-v3.2-think","2′-deoxy-2′-fluoroisoguanosine (FisoGd)","Gel","5.330033302307129","5.853339195251465","5.696347427368163","6.370602321532345","0.6635234609622347","5.696347427368163","1.0161734043079411"
"Strategy 1","1","True","True","6","1","LiCl","deepseek-v3.2-think","2′-deoxy-2′-fluoroisoguanosine (FisoGd)","Gel","5.501983960469564","5.977368116378784","5.834752869606018","6.93447319364671","0.6305638432136336","5.834752869606018","1.7440269306213756"
"Strategy 2","2","True","True","6","1","LiCl","deepseek-v3.2-think","2′-deoxy-2′-fluoroisoguanosine (FisoGd)","Gel","5.193027973175049","5.839826583862305","5.645787000656128","6.692693926012793","0.6409348680460096","5.645787000656128","1.633406103413167"
"Strategy 3","3","True","True","6","1","LiCl","deepseek-v3.2-think","2′-deoxy-2′-fluoroisoguanosine (FisoGd)","Gel","4.550013383229573","5.340862671534221","5.103607885042826","6.402640757819478","0.6102739104643657","5.103607885042826","2.1286062708926887"
"Strategy 0","0","True","True","6","2","NaCl","deepseek-v3.2-think","2′-deoxy-2′-fluoroisoguanosine (FisoGd)","Gel","5.580330530802409","6.490843931833903","6.217689911524455","6.461110753606456","0.6136929209993881","6.217689911524455","0.39664925853404737"
"Strategy 1","1","False","False","6","2","NaCl","deepseek-v3.2-think","2′-deoxy-2′-fluoroisoguanosine (FisoGd)","Gel","5.90541394551595","6.807786703109741","6.537074875831603","6.735783586267969","0.6525753300822792","6.537074875831603","0.3044992681707898"
"Strategy 2","2","False","False","6","2","NaCl","deepseek-v3.2-think","2′-deoxy-2′-fluoroisoguanosine (FisoGd)","Gel","5.744950453440349","6.869491497675578","6.532129184405008","6.684892985987109","0.653430886265218","6.532129184405008","0.23378723717093589"
"Strategy 3","3","False","False","6","2","NaCl","deepseek-v3.2-think","2′-deoxy-2′-fluoroisoguanosine (FisoGd)","Gel","5.740832805633545","6.652771552403768","6.379189928372701","6.595879484270278","0.6996831048443279","6.379189928372701","0.3096967104069042"
"Strategy 0","0","True","True","6","3","KCl","deepseek-v3.2-think","2′-deoxy-2′-fluoroisoguanosine (FisoGd)","Gel","4.623573303222656","5.439797759056091","5.19493042230606","6.553615968264351","0.6745811352108321","5.19493042230606","2.0141173167163218"
"Strategy 1","1","True","True","6","3","KCl","deepseek-v3.2-think","2′-deoxy-2′-fluoroisoguanosine (FisoGd)","Gel","4.7530239423116045","5.402410666147868","5.207594648996989","6.5480964144378975","0.6859507411857864","5.207594648996989","1.9542245309387898"
"Strategy 2","2","True","True","6","3","KCl","deepseek-v3.2-think","2′-deoxy-2′-fluoroisoguanosine (FisoGd)","Gel","4.371337254842122","5.367795626322429","5.068858114878336","6.572916909828974","0.6507297880264296","5.068858114878336","2.311341547022511"
"Strategy 3","3","True","True","6","3","KCl","deepseek-v3.2-think","2′-deoxy-2′-fluoroisoguanosine (FisoGd)","Gel","3.978675762812296","5.274952252705892","4.886069305737813","6.335913751846135","0.6686184286975195","4.886069305737813","2.1684183143630142"
"Strategy 0","0","True","True","7","1","LiCl","deepseek-v3.2-think","Guanosine (G)","No Gel","5.446773290634155","5.632359266281128","5.576683473587035","6.826938989550568","0.7853199949820611","5.576683473587035","1.5920332144250215"
"Strategy 1","1","False","False","7","1","LiCl","deepseek-v3.2-think","Guanosine (G)","No Gel","5.301514466603597","5.853448152542114","5.687868046760559","6.7976376481758525","0.6756582497108903","5.687868046760559","1.6425013709077876"
"Strategy 2","2","False","False","7","1","LiCl","deepseek-v3.2-think","Guanosine (G)","No Gel","5.408229033152263","6.0053683916727705","5.826226584116617","6.912147933629748","0.7122000823004836","5.826226584116617","1.5247419601602494"
"Strategy 3","3","False","False","7","1","LiCl","deepseek-v3.2-think","Guanosine (G)","No Gel","4.872211615244548","5.519430955251058","5.325265153249105","6.574638261905935","0.7303643399138732","5.325265153249105","1.710616250519789"
"Strategy 0","0","False","False","7","2","NaCl","deepseek-v3.2-think","Guanosine (G)","No Gel","4.416892846425374","5.181594133377075","4.952183747291564","6.462737085036838","0.6968806459670877","4.952183747291564","2.167592609275325"
"Strategy 1","1","False","False","7","2","NaCl","deepseek-v3.2-think","Guanosine (G)","No Gel","4.942574342091878","5.776212612787883","5.526121131579082","6.673533964465138","0.6308257308072436","5.526121131579082","1.8189062000019496"
"Strategy 2","2","False","False","7","2","NaCl","deepseek-v3.2-think","Guanosine (G)","No Gel","5.0088222821553545","5.846697886784871","5.595335205396015","6.855450936435728","0.7111012862982843","5.595335205396015","1.7720622298398356"
"Strategy 3","3","False","False","7","2","NaCl","deepseek-v3.2-think","Guanosine (G)","No Gel","4.207241932551066","5.138930956522624","4.859424249331156","6.29286122174226","0.7300432796422532","4.859424249331156","1.9634958808381036"
"Strategy 0","0","False","False","7","3","KCl + NaCl","deepseek-v3.2-think","Guanosine (G)","No Gel","5.188030401865642","6.341020266215007","5.995123306910197","6.583802222897532","0.7656074318446409","5.995123306910197","0.7689043908168214"
"Strategy 1","1","False","False","7","3","KCl + NaCl","deepseek-v3.2-think","Guanosine (G)","No Gel","5.134783585866292","6.383875052134196","6.009147612253824","6.761603362677325","0.6939571594359362","6.009147612253824","1.0842971215040325"
"Strategy 2","2","False","False","7","3","KCl + NaCl","deepseek-v3.2-think","Guanosine (G)","No Gel","5.391500155131022","6.732728719711304","6.330360150337218","6.856134969504304","0.7231049514216339","6.330360150337218","0.7271072036409184"
"Strategy 3","3","False","False","7","3","KCl + NaCl","deepseek-v3.2-think","Guanosine (G)","No Gel","5.083377997080485","6.21365483601888","5.874571784337362","6.417036499964791","0.7816104484945221","5.874571784337362","0.6940346264207227"
"Strategy 0","0","True","True","7","4","KCl","deepseek-v3.2-think","Guanosine (G)","Gel","6.0555040041605634","6.707593361536662","6.511966554323831","6.8405158966394675","0.6826739000527214","6.511966554323831","0.481268351243929"
"Strategy 1","1","True","True","7","4","KCl","deepseek-v3.2-think","Guanosine (G)","Gel","6.069553216298421","6.858778556187947","6.622010954221089","6.71801444529255","0.6872985009982534","6.622010954221089","0.13968238099169725"
"Strategy 2","2","True","True","7","4","KCl","deepseek-v3.2-think","Guanosine (G)","Gel","6.154785792032878","6.859152555465698","6.647842526435852","6.756071647624328","0.6840231241352535","6.647842526435852","0.15822436021486816"
"Strategy 3","3","True","True","7","4","KCl","deepseek-v3.2-think","Guanosine (G)","Gel","5.30764118830363","6.142782688140869","5.8922402381896966","6.3374340942663725","0.7179733897790764","5.8922402381896966","0.6200701340946132"
"Strategy 0","0","True","True","7","5","KCl","deepseek-v3.2-think","Guanosine (G)","Gel","4.903315703074138","5.764358838399251","5.506045897801717","6.580051374004176","0.753986088646829","5.506045897801717","1.4244367268499154"
"Strategy 1","1","True","True","7","5","KCl","deepseek-v3.2-think","Guanosine (G)","Gel","5.1344936688741045","5.7164695262908936","5.5418767690658575","6.782076897978474","0.6767820470118611","5.5418767690658575","1.8324956082809345"
"Strategy 2","2","True","True","7","5","KCl","deepseek-v3.2-think","Guanosine (G)","Gel","4.857464631398519","5.889275312423706","5.57973210811615","6.680792249758421","0.6829833996996683","5.57973210811615","1.612133094488748"
"Strategy 3","3","True","True","7","5","KCl","deepseek-v3.2-think","Guanosine (G)","Gel","4.463553428649902","5.488223473230998","5.180822459856668","6.454383060174394","0.7258141274443851","5.180822459856668","1.7546649371540533"
"Strategy 0","0","False","False","7","6","KCl","deepseek-v3.2-think","Guanosine (G)","No Gel","5.91162633895874","6.857186555862427","6.57351849079132","6.824028863155256","0.6888728901475872","6.57351849079132","0.36365253437432543"
"Strategy 1","1","False","False","7","6","KCl","deepseek-v3.2-think","Guanosine (G)","No Gel","5.594061056772868","6.743441184361775","6.398627146085103","6.742377870643478","0.7211987915491722","6.398627146085103","0.47663796526888225"
"Strategy 2","2","False","False","7","6","KCl","deepseek-v3.2-think","Guanosine (G)","No Gel","5.698807239532471","6.725787878036499","6.41769368648529","6.954236276574837","0.6877577870893702","6.41769368648529","0.7801330645200332"
"Strategy 3","3","False","False","7","6","KCl","deepseek-v3.2-think","Guanosine (G)","No Gel","5.575123469034831","6.580241998036702","6.2787064393361405","6.3618103662510554","0.7724104542474732","6.2787064393361405","0.10759037045385358"
"Strategy 0","0","False","False","7","7","KCl","deepseek-v3.2-think","Guanosine (G)","No Gel","4.396565039952596","5.2605414390563965","5.001348519325256","6.391351065832822","0.67363157784145","5.001348519325256","2.063446240097025"
"Strategy 1","1","False","False","7","7","KCl","deepseek-v3.2-think","Guanosine (G)","No Gel","4.626250743865967","5.348311185836792","5.131693053245544","6.68534827934679","0.665077176665615","5.131693053245544","2.3360525373770074"
"Strategy 2","2","False","False","7","7","KCl","deepseek-v3.2-think","Guanosine (G)","No Gel","4.778924147288005","5.636926968892415","5.379526122411092","6.8162401418661265","0.5986497784063467","5.379526122411092","2.399924081287863"
"Strategy 3","3","False","False","7","7","KCl","deepseek-v3.2-think","Guanosine (G)","No Gel","4.380281448364258","5.085935990015666","4.874239627520244","6.361666113892883","0.6995355953757598","4.874239627520244","2.1263056464963146"
"Strategy 0","0","True","True","7","8","KCl + TAcG","deepseek-v3.2-think","Guanosine (G)","Gel","4.9667649269104","5.991366227467855","5.683985837300618","6.3332519730240175","0.6535286095115281","5.683985837300618","0.9934777548739381"
"Strategy 1","1","True","True","7","8","KCl + TAcG","deepseek-v3.2-think","Guanosine (G)","Gel","5.539878527323405","6.519962231318156","6.225937120119731","6.7801910519291875","0.6431609863529141","6.225937120119731","0.8617654732952462"
"Strategy 2","2","True","True","7","8","KCl + TAcG","deepseek-v3.2-think","Guanosine (G)","Gel","5.731620788574219","6.525357007980347","6.287236142158508","6.773226764282206","0.6528824766891933","6.287236142158508","0.7443768817141265"
"Strategy 3","3","True","True","7","8","KCl + TAcG","deepseek-v3.2-think","Guanosine (G)","Gel","5.095995744069417","6.086435874303182","5.789303835233053","6.3464130273469035","0.6857980932196129","5.789303835233053","0.8123516201370478"
"Strategy 0","0","True","True","7","9","KB(OH)₄","deepseek-v3.2-think","Guanosine (G)","Gel","4.386264721552531","5.238017320632935","4.982491540908813","6.532006387501107","0.7285750458975381","4.982491540908813","2.126774524213127"
"Strategy 1","1","True","True","7","9","KB(OH)₄","deepseek-v3.2-think","Guanosine (G)","Gel","4.563226858774821","5.362780570983887","5.1229144573211665","6.5877552613423465","0.6804396131357255","5.122914457321167","2.1527858986202086"
"Strategy 2","2","True","True","7","9","KB(OH)₄","deepseek-v3.2-think","Guanosine (G)","Gel","4.753271102905273","5.451464970906575","5.242006810506186","6.810948951238193","0.6594896926532521","5.242006810506186","2.3790245066907043"
"Strategy 3","3","True","True","7","9","KB(OH)₄","deepseek-v3.2-think","Guanosine (G)","Gel","4.52545150121053","5.4779486656188965","5.1921995162963865","6.807671242043645","0.6558205322245559","5.1921995162963865","2.463283240412658"
"Strategy 0","0","False","False","7","10","KB(OH)₄","deepseek-v3.2-think","Guanosine (G)","No Gel","5.484243392944336","6.114747603734334","5.925596340497336","6.501350050132712","0.7336193748856685","5.925596340497336","0.7848125735843668"
"Strategy 1","1","False","False","7","10","KB(OH)₄","deepseek-v3.2-think","Guanosine (G)","No Gel","5.048807621002197","5.842273235321045","5.6042335510253904","6.673045850169752","0.7051099303990344","5.6042335510253904","1.5158094547604812"
"Strategy 2","2","False","False","7","10","KB(OH)₄","deepseek-v3.2-think","Guanosine (G)","No Gel","5.167474587758382","5.790486812591553","5.603583145141601","7.014571106403064","0.7127791065131294","5.603583145141601","1.9795585313435005"
"Strategy 3","3","False","False","7","10","KB(OH)₄","deepseek-v3.2-think","Guanosine (G)","No Gel","4.757535934448242","5.873669624328613","5.538829517364501","6.698986791517075","0.6457135610030589","5.538829517364501","1.7967057596720932"
"Strategy 0","0","False","False","7","11","LiB(OH)₄","deepseek-v3.2-think","Guanosine (G)","No Gel","4.679103851318359","5.432012399037679","5.206139834721883","6.42995141846265","0.6981645390676753","5.206139834721883","1.7528985149761944"
"Strategy 1","1","False","False","7","11","LiB(OH)₄","deepseek-v3.2-think","Guanosine (G)","No Gel","5.128122806549072","5.749768336613973","5.563274677594503","6.701402840873068","0.6389742545583592","5.563274677594503","1.7811800008518444"
"Strategy 2","2","False","False","7","11","LiB(OH)₄","deepseek-v3.2-think","Guanosine (G)","No Gel","5.241898536682129","5.911490281422933","5.710612758000693","6.806060973002313","0.6456846420299013","5.710612758000693","1.6965684851319272"
"Strategy 3","3","False","False","7","11","LiB(OH)₄","deepseek-v3.2-think","Guanosine (G)","No Gel","4.674128373463948","5.575601021448772","5.305159227053324","6.641843257701981","0.6855010421171629","5.305159227053324","1.9499372700008188"
"Strategy 0","0","False","False","8","1","LiCl","deepseek-v3.2-think","8-Aza-2′-deoxyisoguanosine (z8isoGd)","No Gel","4.95192289352417","5.881955504417419","5.602945721149444","6.518983101105505","0.6094344373509207","5.602945721149444","1.5030942195158454"
"Strategy 1","1","True","True","8","1","LiCl","deepseek-v3.2-think","8-Aza-2′-deoxyisoguanosine (z8isoGd)","No Gel","4.784267902374268","5.445791880289714","5.24733468691508","6.896884381309036","0.7061927737053348","5.24733468691508","2.335834853901019"
"Strategy 2","2","True","True","8","1","LiCl","deepseek-v3.2-think","8-Aza-2′-deoxyisoguanosine (z8isoGd)","No Gel","4.771873633066813","5.545175075531006","5.3131846427917475","6.973323709342522","0.700444071127331","5.313184642791748","2.370123661520699"
"Strategy 3","3","True","True","8","1","LiCl","deepseek-v3.2-think","8-Aza-2′-deoxyisoguanosine (z8isoGd)","No Gel","4.30504322052002","5.134337663650513","4.885549330711365","6.536857404172881","0.7190354216047017","4.885549330711365","2.2965601190776144"
"Strategy 0","0","False","False","8","2","NaCl","deepseek-v3.2-think","8-Aza-2′-deoxyisoguanosine (z8isoGd)","No Gel","4.989303270975749","5.748720566431682","5.520895377794901","6.478288697518735","0.6083968644423149","5.520895377794901","1.5736328960232666"
"Strategy 1","1","True","True","8","2","NaCl","deepseek-v3.2-think","8-Aza-2′-deoxyisoguanosine (z8isoGd)","No Gel","4.491027196248372","5.095352013905843","4.914054568608602","6.766030883665848","0.6865137329419303","4.914054568608602","2.697653704785972"
"Strategy 2","2","True","True","8","2","NaCl","deepseek-v3.2-think","8-Aza-2′-deoxyisoguanosine (z8isoGd)","No Gel","4.165564219156901","4.914021015167236","4.689483976364135","6.646575252215068","0.7415860890112088","4.689483976364135","2.6390614722296277"
"Strategy 3","3","True","True","8","2","NaCl","deepseek-v3.2-think","8-Aza-2′-deoxyisoguanosine (z8isoGd)","No Gel","4.316138982772827","5.192068258921306","4.929289476076762","6.43006766150472","0.7055024462628698","4.929289476076762","2.127247316260571"
"Strategy 0","0","True","True","8","3","KCl","deepseek-v3.2-think","8-Aza-2′-deoxyisoguanosine (z8isoGd)","Gel","5.297479629516602","6.214993000030518","5.939738988876343","6.538631585525296","0.6556535851058802","5.939738988876343","0.9134283869617513"
"Strategy 1","1","False","False","8","3","KCl","deepseek-v3.2-think","8-Aza-2′-deoxyisoguanosine (z8isoGd)","Gel","5.713157335917155","6.753491640090942","6.441391348838806","6.789560996284781","0.7184713686876247","6.441391348838806","0.4845978039207724"
"Strategy 2","2","False","False","8","3","KCl","deepseek-v3.2-think","8-Aza-2′-deoxyisoguanosine (z8isoGd)","Gel","5.754950364430745","6.707279523213704","6.421580775578817","6.74800798966903","0.6965741621370178","6.421580775578817","0.4686180335612332"
"Strategy 3","3","False","False","8","3","KCl","deepseek-v3.2-think","8-Aza-2′-deoxyisoguanosine (z8isoGd)","Gel","5.21385129292806","6.2893392244974775","5.966692845026652","6.463661407808308","0.7227771559556034","5.966692845026652","0.6875820004640297"
"Strategy 0","0","True","True","8","4","KCl","deepseek-v3.2-think","8-Aza-2′-deoxyisoguanosine (z8isoGd)","Gel","5.618943214416504","6.461264292399089","6.208567969004314","6.22420591784386","0.6083057351529332","6.208567969004314","0.02570738353406265"
"Strategy 1","1","False","False","8","4","KCl","deepseek-v3.2-think","8-Aza-2′-deoxyisoguanosine (z8isoGd)","Gel","6.111209551493327","6.739571809768677","6.551063132286071","6.798727671674979","0.6556295816443458","6.551063132286071","0.37775070912412967"
"Strategy 2","2","False","False","8","4","KCl","deepseek-v3.2-think","8-Aza-2′-deoxyisoguanosine (z8isoGd)","Gel","6.036962350209554","6.727535168329875","6.520363322893779","6.738636816872491","0.6694896472426201","6.520363322893779","0.32602967779666164"
"Strategy 3","3","False","False","8","4","KCl","deepseek-v3.2-think","8-Aza-2′-deoxyisoguanosine (z8isoGd)","Gel","5.790991306304932","6.573416233062744","6.3386887550354","6.357124597773687","0.751232843184388","6.3386887550354","0.024540783733762197"
"Strategy 0","0","False","False","9","1","LiCl","deepseek-v3.2-think","8-Aza-2′-deoxyguanosine (z8Gd)","No Gel","4.562436580657959","5.867008090019226","5.475636637210846","6.381284076853316","0.61105349713995","5.475636637210846","1.4821082669215933"
"Strategy 1","1","True","True","9","1","LiCl","deepseek-v3.2-think","8-Aza-2′-deoxyguanosine (z8Gd)","No Gel","5.437353452046712","6.408001899719238","6.116807365417479","7.3277662725103605","0.6300763231815212","6.116807365417479","1.9219241582959967"
"Strategy 2","2","True","True","9","1","LiCl","deepseek-v3.2-think","8-Aza-2′-deoxyguanosine (z8Gd)","No Gel","5.343056042989095","6.184560060501099","5.932108855247498","7.254607812563577","0.6825579394426816","5.932108855247498","1.9375629245422281"
"Strategy 3","3","True","True","9","1","LiCl","deepseek-v3.2-think","8-Aza-2′-deoxyguanosine (z8Gd)","No Gel","5.301410516103108","6.021191755930583","5.805257383982339","7.065832746614165","0.7468200706853171","5.805257383982339","1.687923787954791"
"Strategy 0","0","False","False","9","2","KCl","deepseek-v3.2-think","8-Aza-2′-deoxyguanosine (z8Gd)","No Gel","4.954410711924235","5.814530849456787","5.556494808197022","6.479685790779055","0.6608650294206833","5.556494808197022","1.3969433113918968"
"Strategy 1","1","False","False","9","2","KCl","deepseek-v3.2-think","8-Aza-2′-deoxyguanosine (z8Gd)","No Gel","5.009008089701335","5.911267439524333","5.640589634577434","6.686922164049568","0.6802795843912172","5.640589634577434","1.5380919161472384"
"Strategy 2","2","False","False","9","2","KCl","deepseek-v3.2-think","8-Aza-2′-deoxyguanosine (z8Gd)","No Gel","4.495939572652181","5.675496657689412","5.3216295321782425","6.554514800485715","0.7041154354244691","5.3216295321782425","1.7509703754246488"
"Strategy 3","3","False","False","9","2","KCl","deepseek-v3.2-think","8-Aza-2′-deoxyguanosine (z8Gd)","No Gel","4.478592038154602","5.246137499809265","5.015873861312866","6.409943957291831","0.7609761279603482","5.015873861312866","1.8319498401553072"
"Strategy 0","0","False","False","9","3","NaCl","deepseek-v3.2-think","8-Aza-2′-deoxyguanosine (z8Gd)","No Gel","4.804745197296143","5.643346071243286","5.391765809059144","6.21070834518403","0.6537825870313705","5.391765809059144","1.252622129083397"
"Strategy 1","1","True","True","9","3","NaCl","deepseek-v3.2-think","8-Aza-2′-deoxyguanosine (z8Gd)","No Gel","4.867912133534749","5.851365407307942","5.556329425175985","6.947129173981127","0.6499021647526635","5.556329425175985","2.1400140270873624"
"Strategy 2","2","True","True","9","3","NaCl","deepseek-v3.2-think","8-Aza-2′-deoxyguanosine (z8Gd)","No Gel","4.537786324818929","5.614814122517903","5.2917057832082115","6.613175979202723","0.6057059266943016","5.291705783208212","2.181702601469599"
"Strategy 3","3","True","True","9","3","NaCl","deepseek-v3.2-think","8-Aza-2′-deoxyguanosine (z8Gd)","No Gel","4.386047999064128","5.161615371704102","4.928945159912109","6.660304368189138","0.7573880260936083","4.928945159912109","2.285960628671259"
"Strategy 0","0","False","False","10","1","H₂O","deepseek-v3.2-think","2-Amino-2′-fluoro-2′-deoxyadenosine (2-FA)","Gel","5.476905345916748","6.236939072608948","6.008928954601287","6.3862990234249315","0.5596169398155748","6.008928954601287","0.6743363932979033"
"Strategy 1","1","False","False","10","1","H₂O","deepseek-v3.2-think","2-Amino-2′-fluoro-2′-deoxyadenosine (2-FA)","Gel","5.505329608917236","6.221752564112346","6.006825677553812","6.591572103204653","0.4982041258307208","6.006825677553812","1.173708516917271"
"Strategy 2","2","False","False","10","1","H₂O","deepseek-v3.2-think","2-Amino-2′-fluoro-2′-deoxyadenosine (2-FA)","Gel","5.365786711374919","6.369659264882405","6.068497498830159","6.506036516123039","0.4641028940064413","6.068497498830159","0.9427629582650427"
"Strategy 3","3","False","False","10","1","H₂O","deepseek-v3.2-think","2-Amino-2′-fluoro-2′-deoxyadenosine (2-FA)","Gel","5.370449701944987","6.095355272293091","5.8778836011886595","6.423286534341423","0.5404349325171092","5.87788360118866","1.0091925971781937"
"Strategy 0","0","True","True","10","2","PBS","deepseek-v3.2-think","2-Amino-2′-fluoro-2′-deoxyadenosine (2-FA)","Gel","4.737823486328125","5.3566378355026245","5.170993530750275","6.228060936927794","0.5548039708111858","5.170993530750275","1.9052989196021213"
"Strategy 1","1","False","False","10","2","PBS","deepseek-v3.2-think","2-Amino-2′-fluoro-2′-deoxyadenosine (2-FA)","Gel","5.33284346262614","5.8908921877543134","5.72347757021586","6.610810056706115","0.5082946911653278","5.72347757021586","1.7457048084762339"
"Strategy 2","2","False","False","10","2","PBS","deepseek-v3.2-think","2-Amino-2′-fluoro-2′-deoxyadenosine (2-FA)","Gel","5.444170633951823","6.062890926996867","5.877274839083353","6.856491028800489","0.5064276454841786","5.877274839083353","1.933575701186179"
"Strategy 3","3","False","False","10","2","PBS","deepseek-v3.2-think","2-Amino-2′-fluoro-2′-deoxyadenosine (2-FA)","Gel","4.958426475524902","5.707405010859172","5.48271145025889","6.468128835076817","0.5149235611756628","5.48271145025889","1.9137158582684433"
"Strategy 0","0","False","False","11","1","H₂O","deepseek-v3.2-think","2-aminoadenosine (2-RA)","No Gel","5.815852324167888","6.201810916264852","6.086023338635762","6.272599869365839","0.547237390870182","6.086023338635762","0.3409425851427937"
"Strategy 1","1","False","False","11","1","H₂O","deepseek-v3.2-think","2-aminoadenosine (2-RA)","No Gel","5.751476287841797","6.467059254646301","6.25238436460495","6.613626623153686","0.508390673537214","6.25238436460495","0.7105603571271911"
"Strategy 2","2","False","False","11","1","H₂O","deepseek-v3.2-think","2-aminoadenosine (2-RA)","No Gel","5.810348749160767","6.291362166404724","6.147058141231536","6.451615026108054","0.5301153078337667","6.147058141231536","0.5745106401870222"
"Strategy 3","3","False","False","11","1","H₂O","deepseek-v3.2-think","2-aminoadenosine (2-RA)","No Gel","5.360754251480103","5.804089069366455","5.671088624000548","6.243817196335902","0.544118332456491","5.671088624000548","1.0525809151654537"
"Strategy 0","0","False","False","12","1","H₂O","deepseek-v3.2-think","2′-deoxy-2-aminoadenosine (2-DA)","No Gel","5.398917198181152","6.253934502601624","5.997429311275481","6.172107537587483","0.5528018516701761","5.997429311275481","0.315987049942485"
"Strategy 1","1","False","False","12","1","H₂O","deepseek-v3.2-think","2′-deoxy-2-aminoadenosine (2-DA)","No Gel","5.878646691640218","6.641449769337972","6.412608846028646","6.515662071871203","0.5513917253928412","6.412608846028646","0.18689657660193665"
"Strategy 2","2","True","True","12","1","H₂O","deepseek-v3.2-think","2′-deoxy-2-aminoadenosine (2-DA)","No Gel","5.6422953605651855","6.268620491027832","6.0807229518890376","6.338063697051016","0.5681885924220688","6.0807229518890376","0.45291431154044975"
"Strategy 3","3","True","True","12","1","H₂O","deepseek-v3.2-think","2′-deoxy-2-aminoadenosine (2-DA)","No Gel","5.143028895060222","5.835410515467326","5.627696029345195","6.185550577326338","0.5728389454963615","5.627696029345195","0.9738418666659708"
"Strategy 0","0","True","True","13","1","H₂O","deepseek-v3.2-think","5-(1-Benzyl-1H-1,2,3-triazol-4-yl)-2′-deoxyuridine","Gel","4.039844751358032","4.878907362620036","4.627188579241435","6.166516653881516","0.6046566945184412","4.627188579241435","2.545788525282149"
"Strategy 1","1","False","False","13","1","H₂O","deepseek-v3.2-think","5-(1-Benzyl-1H-1,2,3-triazol-4-yl)-2′-deoxyuridine","Gel","4.213205575942993","5.239745736122131","4.931783688068389","6.222310722243878","0.5420330573183945","4.931783688068389","2.380900974121627"
"Strategy 2","2","False","False","13","1","H₂O","deepseek-v3.2-think","5-(1-Benzyl-1H-1,2,3-triazol-4-yl)-2′-deoxyuridine","Gel","4.157588243484497","5.2160691022872925","4.898524844646454","6.219300759300705","0.5838792240516619","4.898524844646454","2.2620704081387"
"Strategy 3","3","True","True","13","1","H₂O","deepseek-v3.2-think","5-(1-Benzyl-1H-1,2,3-triazol-4-yl)-2′-deoxyuridine","Gel","3.471708138783773","4.747345368067424","4.364654199282328","5.974045016784076","0.5710398984913465","4.364654199282328","2.81835090989905"
"Strategy 0","0","False","False","13","2","acidic pH","deepseek-v3.2-think","5-(1-Benzyl-1H-1,2,3-triazol-4-yl)-2′-deoxyuridine","Gel","6.216198921203613","6.467302083969116","6.391971135139466","6.157319290508595","0.5988410556566384","6.391971135139466","-0.3918432819766694"
"Strategy 1","1","True","True","13","2","acidic pH","deepseek-v3.2-think","5-(1-Benzyl-1H-1,2,3-triazol-4-yl)-2′-deoxyuridine","Gel","5.606454849243164","6.307313561439514","6.097055947780609","6.06469231742297","0.558906762005025","6.097055947780609","-0.057905240297214625"
"Strategy 2","2","False","False","13","2","acidic pH","deepseek-v3.2-think","5-(1-Benzyl-1H-1,2,3-triazol-4-yl)-2′-deoxyuridine","Gel","6.047876675923665","6.6537760098775225","6.472006209691365","6.239948890806784","0.5700156554426973","6.472006209691365","-0.4071069218342012"
"Strategy 3","3","False","False","13","2","acidic pH","deepseek-v3.2-think","5-(1-Benzyl-1H-1,2,3-triazol-4-yl)-2′-deoxyuridine","Gel","5.550767262776692","6.146351099014282","5.967675948143005","5.969653491579592","0.5603352974743955","5.967675948143005","0.00352921446409106"
"Strategy 0","0","False","False","13","3","acidic pH + benzyl amine","deepseek-v3.2-think","5-(1-Benzyl-1H-1,2,3-triazol-4-yl)-2′-deoxyuridine","No Gel","5.0062243938446045","6.209329962730408","5.848398292064666","6.081637257661006","0.5854860445725917","5.848398292064666","0.3983681041733551"
"Strategy 1","1","False","False","13","3","acidic pH + benzyl amine","deepseek-v3.2-think","5-(1-Benzyl-1H-1,2,3-triazol-4-yl)-2′-deoxyuridine","No Gel","5.265109539031982","6.281989693641663","5.976925647258758","6.271561132567797","0.5909603347716409","5.976925647258758","0.49857066197664834"
"Strategy 2","2","False","False","13","3","acidic pH + benzyl amine","deepseek-v3.2-think","5-(1-Benzyl-1H-1,2,3-triazol-4-yl)-2′-deoxyuridine","No Gel","5.408528963724772","6.367034355799357","6.0794827381769805","6.38589270028649","0.5709872197745515","6.0794827381769805","0.5366319096082267"
"Strategy 3","3","True","True","13","3","acidic pH + benzyl amine","deepseek-v3.2-think","5-(1-Benzyl-1H-1,2,3-triazol-4-yl)-2′-deoxyuridine","No Gel","5.696989377339681","6.485960165659587","6.249268929163613","6.17193502529647","0.5708396759541436","6.249268929163613","-0.13547394675726004"
"Strategy 0","0","False","False","14","1","H₂O","deepseek-v3.2-think","5-(1-o-Methylbenzyl-1H-1,2,3-triazol-4-yl)-2′-deoxyuridine","No Gel","5.351511001586914","6.6911609172821045","6.289265942573547","6.110469995543014","0.6136616721628894","6.289265942573547","-0.29135915626008485"
"Strategy 1","1","True","True","14","1","H₂O","deepseek-v3.2-think","5-(1-o-Methylbenzyl-1H-1,2,3-triazol-4-yl)-2′-deoxyuridine","No Gel","5.306540966033936","6.519233783086141","6.155425937970478","6.238927244154365","0.5742343318582943","6.155425937970478","0.14541329480190707"
"Strategy 2","2","True","True","14","1","H₂O","deepseek-v3.2-think","5-(1-o-Methylbenzyl-1H-1,2,3-triazol-4-yl)-2′-deoxyuridine","No Gel","4.924444834391276","6.413623809814453","5.9668701171875","6.034435532444206","0.578093923313302","5.9668701171875","0.1168761900652066"
"Strategy 3","3","True","True","14","1","H₂O","deepseek-v3.2-think","5-(1-o-Methylbenzyl-1H-1,2,3-triazol-4-yl)-2′-deoxyuridine","No Gel","4.5950625737508135","5.97870937983195","5.563615338007608","5.977900683171373","0.5643743327499562","5.563615338007608","0.7340612801172731"
"Strategy 0","0","True","True","15","1","H₂O","deepseek-v3.2-think","5-(1-m-Methylbenzyl-1H-1,2,3-triazol-4-yl)-2′-deoxyuridine","No Gel","7.0167646408081055","8.285923480987549","7.905175828933715","6.2001502285632055","0.5523919141561393","7.905175828933715","-3.086623023755135"
"Strategy 1","1","False","False","15","1","H₂O","deepseek-v3.2-think","5-(1-m-Methylbenzyl-1H-1,2,3-triazol-4-yl)-2′-deoxyuridine","No Gel","6.571370760599772","8.059511661529541","7.613069391250611","6.081988344020005","0.5936404415115606","7.613069391250611","-2.5791387179284504"
"Strategy 2","2","False","False","15","1","H₂O","deepseek-v3.2-think","5-(1-m-Methylbenzyl-1H-1,2,3-triazol-4-yl)-2′-deoxyuridine","No Gel","6.507044474283855","7.929699341456096","7.502902881304423","6.181114354860566","0.5563961797303364","7.502902881304423","-2.3756247339521215"
"Strategy 3","3","False","False","15","1","H₂O","deepseek-v3.2-think","5-(1-m-Methylbenzyl-1H-1,2,3-triazol-4-yl)-2′-deoxyuridine","No Gel","6.028401692708333","7.565512657165527","7.104379367828368","5.922795756288277","0.5711809131032115","7.104379367828368","-2.068667885137438"
"Strategy 0","0","True","True","16","1","H₂O","deepseek-v3.2-think","5-(1-p-Methylbenzyl-1H-1,2,3-triazol-4-yl)-2′-deoxyuridine","Gel","4.78306229909261","5.637317498524983","5.381040938695271","6.15497979859049","0.5785162719041582","5.381040938695271","1.3377996393218745"
"Strategy 1","1","True","True","16","1","H₂O","deepseek-v3.2-think","5-(1-p-Methylbenzyl-1H-1,2,3-triazol-4-yl)-2′-deoxyuridine","Gel","4.375089168548584","5.608865737915039","5.238732767105103","6.073359840723279","0.5493693675356438","5.238732767105103","1.5192457441923626"
"Strategy 2","2","True","True","16","1","H₂O","deepseek-v3.2-think","5-(1-p-Methylbenzyl-1H-1,2,3-triazol-4-yl)-2′-deoxyuridine","Gel","4.744316736857097","5.749428431193034","5.447894922892252","6.232044997695804","0.5465584271231801","5.447894922892252","1.4347049389228885"
"Strategy 3","3","True","True","16","1","H₂O","deepseek-v3.2-think","5-(1-p-Methylbenzyl-1H-1,2,3-triazol-4-yl)-2′-deoxyuridine","Gel","4.487430095672607","5.262766440709432","5.030165537198385","6.073090135650734","0.5669499090753476","5.030165537198385","1.8395357010521094"
"Strategy 0","0","False","False","17","1","H₂O","deepseek-v3.2-think","5-(1-o-Ethylbenzyl-1H-1,2,3-triazol-4-yl)-2′-deoxyuridine","No Gel","5.722448190053304","6.733071962992351","6.429884831110637","5.995178653103436","0.6020627273789132","6.429884831110637","-0.72202805162794"
"Strategy 1","1","True","True","17","1","H₂O","deepseek-v3.2-think","5-(1-o-Ethylbenzyl-1H-1,2,3-triazol-4-yl)-2′-deoxyuridine","No Gel","5.979711373647054","6.798648357391357","6.552967262268066","6.182482637237824","0.5685174266035012","6.552967262268066","-0.651668018768803"
"Strategy 2","2","True","True","17","1","H₂O","deepseek-v3.2-think","5-(1-o-Ethylbenzyl-1H-1,2,3-triazol-4-yl)-2′-deoxyuridine","No Gel","5.356352170308431","6.577365795771281","6.2110617081324255","5.974363906870209","0.5710117992914773","6.2110617081324255","-0.4145234854269496"
"Strategy 3","3","True","True","17","1","H₂O","deepseek-v3.2-think","5-(1-o-Ethylbenzyl-1H-1,2,3-triazol-4-yl)-2′-deoxyuridine","No Gel","5.446953296661377","6.183568874994914","5.9625842014948525","5.942590240668265","0.5730748961918436","5.9625842014948525","-0.0348889141008444"
"Strategy 0","0","True","True","18","1","H₂O","deepseek-v3.2-think","5-(1-p-Ethylbenzyl-1H-1,2,3-triazol-4-yl)-2′-deoxyuridine","Gel","4.716668128967285","5.6841774781545","5.3939246733983355","6.091732499272941","0.5762908811209448","5.393924673398336","1.2108604330460642"
"Strategy 1","1","True","True","18","1","H₂O","deepseek-v3.2-think","5-(1-p-Ethylbenzyl-1H-1,2,3-triazol-4-yl)-2′-deoxyuridine","Gel","4.401108900705974","5.74774956703186","5.343757367134093","6.187292913503425","0.576210596901458","5.343757367134093","1.4639361908743085"
"Strategy 2","2","True","True","18","1","H₂O","deepseek-v3.2-think","5-(1-p-Ethylbenzyl-1H-1,2,3-triazol-4-yl)-2′-deoxyuridine","Gel","4.348825216293335","5.51754903793335","5.166931891441345","6.079700236911921","0.5720400365992511","5.166931891441345","1.5956371706024945"
"Strategy 3","3","True","True","18","1","H₂O","deepseek-v3.2-think","5-(1-p-Ethylbenzyl-1H-1,2,3-triazol-4-yl)-2′-deoxyuridine","Gel","4.230390628178914","5.549429734547933","5.153718002637227","6.018270070916307","0.556132553320492","5.153718002637227","1.5545791432584053"
"Strategy 0","0","False","False","19","1","H₂O","deepseek-v3.2-think","5-(1-p-Butylbenzyl-1H-1,2,3-triazol-4-yl)-2′-deoxyuridine","Gel","5.8733861446380615","6.551211953163147","6.347864210605621","6.114928646882374","0.5876093696896935","6.347864210605621","-0.39641226933848317"
"Strategy 1","1","True","True","19","1","H₂O","deepseek-v3.2-think","5-(1-p-Butylbenzyl-1H-1,2,3-triazol-4-yl)-2′-deoxyuridine","Gel","5.544956207275391","6.385282039642334","6.13318428993225","6.1104577685511385","0.592051457976435","6.13318428993225","-0.03838605762206528"
"Strategy 2","2","True","True","19","1","H₂O","deepseek-v3.2-think","5-(1-p-Butylbenzyl-1H-1,2,3-triazol-4-yl)-2′-deoxyuridine","Gel","5.443912982940674","6.2332751750946045","5.996466517448425","6.051505101497167","0.6070132604642461","5.996466517448425","0.09067113955080287"
"Strategy 3","3","True","True","19","1","H₂O","deepseek-v3.2-think","5-(1-p-Butylbenzyl-1H-1,2,3-triazol-4-yl)-2′-deoxyuridine","Gel","4.8637949625651045","5.893774509429932","5.584780645370483","5.823191124709077","0.554347474444479","5.584780645370483","0.4300740786769342"
"Strategy 0","0","True","True","20","1","EtOH/H₂O","deepseek-v3.2-think","4-N-Octanoylgemcitabine","Gel","3.827487150828044","4.855887492497762","4.547367389996846","6.123194987398093","0.5638165530953319","4.547367389996846","2.7949296428953927"
"Strategy 1","1","False","False","20","1","EtOH/H₂O","deepseek-v3.2-think","4-N-Octanoylgemcitabine","Gel","3.869532346725464","4.851717313130696","4.557061823209127","6.676733886918356","0.5296776617830344","4.557061823209127","4.0018150974573015"
"Strategy 2","2","False","False","20","1","EtOH/H₂O","deepseek-v3.2-think","4-N-Octanoylgemcitabine","Gel","3.901495297749837","4.917187054951985","4.612479527791341","6.527392425093539","0.554525018093128","4.612479527791341","3.453248879351019"
"Strategy 3","3","True","True","20","1","EtOH/H₂O","deepseek-v3.2-think","4-N-Octanoylgemcitabine","Gel","3.6726675033569336","4.882694840431213","4.519686639308929","6.232503978965818","0.595099883735715","4.519686639308929","2.8782014355384318"
"Strategy 0","0","True","True","21","1","EtOH/H₂O","deepseek-v3.2-think","4-N-Decanoyllamivudine","Gel","5.26576582590739","6.225164731343587","5.937345059712729","6.032905256347755","0.5975089225539244","5.937345059712729","0.15993099521689932"
"Strategy 1","1","True","True","21","1","EtOH/H₂O","deepseek-v3.2-think","4-N-Decanoyllamivudine","Gel","5.686951319376628","6.570404847462972","6.305368789037068","6.543212139883707","0.6108864099794675","6.305368789037068","0.3893413684790153"
"Strategy 2","2","True","True","21","1","EtOH/H₂O","deepseek-v3.2-think","4-N-Decanoyllamivudine","Gel","5.426626841227214","6.442654371261597","6.137846112251282","6.251945980143486","0.5911345415688689","6.137846112251282","0.19301844143531724"
"Strategy 3","3","False","False","21","1","EtOH/H₂O","deepseek-v3.2-think","4-N-Decanoyllamivudine","Gel","5.921416918436687","6.642350514729817","6.426070435841878","6.438126927876041","0.6253927808410996","6.426070435841878","0.01927827183733731"
"Strategy 0","0","False","False","22","1","EtOH/H₂O","deepseek-v3.2-think","5'-O-Myristoylgemcitabine","No Gel","5.319690545399983","5.934816281000773","5.7502785603205355","6.706210118485974","0.5776673152466278","5.750278560320536","1.654813303323758"
"Strategy 1","1","True","True","22","1","EtOH/H₂O","deepseek-v3.2-think","5'-O-Myristoylgemcitabine","No Gel","5.716007947921753","6.349433422088623","6.159405779838561","6.989793249710585","0.6018100885240583","6.159405779838561","1.3798164665344057"
"Strategy 2","2","True","True","22","1","EtOH/H₂O","deepseek-v3.2-think","5'-O-Myristoylgemcitabine","No Gel","5.266185442606608","6.162405411402385","5.893539420763651","6.772123299273409","0.548844749784281","5.893539420763651","1.600787615906098"
"Strategy 3","3","True","True","22","1","EtOH/H₂O","deepseek-v3.2-think","5'-O-Myristoylgemcitabine","No Gel","4.804872194925944","5.840797106424968","5.53001963297526","6.543618960097162","0.5436795793982158","5.53001963297526","1.8643321646250313"
"Strategy 0","0","False","False","23","1","EtOH/H₂O","deepseek-v3.2-think","5'-O-Lauroylgemcitabine","No Gel","4.236252943674724","5.41823681195577","5.063641651471456","6.3704819757500974","0.5373051261611415","5.063641651471456","2.4322126491060336"
"Strategy 1","1","True","True","23","1","EtOH/H₂O","deepseek-v3.2-think","5'-O-Lauroylgemcitabine","No Gel","4.233921448389689","5.5574049949646","5.160359930992126","6.713517332015418","0.5676918173265976","5.160359930992126","2.7359164842951205"
"Strategy 2","2","True","True","23","1","EtOH/H₂O","deepseek-v3.2-think","5'-O-Lauroylgemcitabine","No Gel","4.26654577255249","5.640950600306193","5.2286291519800825","6.702992965885527","0.5498694086716749","5.2286291519800825","2.681298123980165"
"Strategy 3","3","True","True","23","1","EtOH/H₂O","deepseek-v3.2-think","5'-O-Lauroylgemcitabine","No Gel","4.355169614156087","5.570658047993978","5.206011517842611","6.541582339247375","0.5572759289700618","5.206011517842611","2.3966059755588587"
"Strategy 0","0","False","False","24","1","EtOH/H₂O","deepseek-v3.2-think","5'-O-Hexanoylgemcitabine","No Gel","5.4832444190979","6.250334024429321","6.020207142829894","6.48923044026052","0.5845044386429266","6.020207142829894","0.8024289747389788"
"Strategy 1","1","True","True","24","1","EtOH/H₂O","deepseek-v3.2-think","5'-O-Hexanoylgemcitabine","No Gel","5.436199188232422","6.365761200586955","6.0868925968805945","6.553077790841884","0.5802237288970522","6.0868925968805945","0.8034576504609023"
"Strategy 2","2","True","True","24","1","EtOH/H₂O","deepseek-v3.2-think","5'-O-Hexanoylgemcitabine","No Gel","5.658382256825765","6.462445259094238","6.221226358413696","6.725791061078547","0.5810135098482568","6.221226358413696","0.868421635835332"
"Strategy 3","3","True","True","24","1","EtOH/H₂O","deepseek-v3.2-think","5'-O-Hexanoylgemcitabine","No Gel","5.204122066497803","6.226140817006429","5.91953519185384","6.573171488567223","0.6261254967491777","5.91953519185384","1.0439381563393293"
"Strategy 0","0","True","True","25","1","NaOH","deepseek-v3.2-think","5'-O-Lauroylribothymidine","No Gel","5.960382699966431","6.696085095405579","6.475374376773834","6.182211574288301","0.5568565265621339","6.475374376773834","-0.5264602074351764"
"Strategy 1","1","False","False","25","1","NaOH","deepseek-v3.2-think","5'-O-Lauroylribothymidine","No Gel","6.514501253763835","7.316259940465291","7.075732334454853","6.332156785637216","0.571264132383788","7.075732334454853","-1.3016317788320129"
"Strategy 2","2","False","False","25","1","NaOH","deepseek-v3.2-think","5'-O-Lauroylribothymidine","No Gel","6.138676166534424","7.106377204259236","6.816066892941792","6.062636651117981","0.5492700167882528","6.816066892941792","-1.3716937367696567"
"Strategy 3","3","False","False","25","1","NaOH","deepseek-v3.2-think","5'-O-Lauroylribothymidine","No Gel","5.961029291152954","6.613543272018433","6.417789077758789","6.258889465184174","0.5693824185117438","6.417789077758789","-0.27907361978254963"
"Strategy 0","0","True","True","25","2","Organic solvents","deepseek-v3.2-think","5'-O-Lauroylribothymidine","Gel","4.4629190762837725","5.28761609395345","5.040206988652547","6.2142550662506455","0.5223525473909545","5.040206988652547","2.2476162573768073"
"Strategy 1","1","True","True","25","2","Organic solvents","deepseek-v3.2-think","5'-O-Lauroylribothymidine","Gel","5.009198506673177","5.681214014689128","5.479609362284343","6.417733836728473","0.5435600984263594","5.479609362284343","1.7258891466832453"
"Strategy 2","2","True","True","25","2","Organic solvents","deepseek-v3.2-think","5'-O-Lauroylribothymidine","Gel","5.149486382802327","5.728330294291179","5.554677120844524","6.520474783579508","0.5900210133695453","5.554677120844524","1.6368868919081712"
"Strategy 3","3","True","True","25","2","Organic solvents","deepseek-v3.2-think","5'-O-Lauroylribothymidine","Gel","4.802914937337239","5.598380009333293","5.359740487734477","6.460799765894887","0.562220793482957","5.359740487734477","1.958410807503844"
"Strategy 0","0","True","True","26","1","NaOH","deepseek-v3.2-think","5'-O-Myristoylribothymidine","Gel","5.472845077514648","6.582663655281067","6.249718081951141","6.271905395596526","0.5079451869161411","6.249718081951141","0.043680527381486846"
"Strategy 1","1","True","True","26","1","NaOH","deepseek-v3.2-think","5'-O-Myristoylribothymidine","Gel","5.506472587585449","6.268207550048828","6.039687061309814","6.3045657780743385","0.5472817058580864","6.039687061309814","0.4839897148566652"
"Strategy 2","2","True","True","26","1","NaOH","deepseek-v3.2-think","5'-O-Myristoylribothymidine","Gel","5.586637814839681","6.498255173365275","6.224769965807596","6.380881481638866","0.5246469821074268","6.224769965807596","0.29755534893995605"
"Strategy 3","3","True","True","26","1","NaOH","deepseek-v3.2-think","5'-O-Myristoylribothymidine","Gel","4.65432596206665","5.835905313491821","5.4814315080642695","6.153521122735293","0.5143096675488035","5.4814315080642695","1.306780053103411"
"Strategy 0","0","True","True","26","2","KOH","deepseek-v3.2-think","5'-O-Myristoylribothymidine","No Gel","6.005043347676595","7.025587479273479","6.719424239794413","6.33925990047997","0.5063006224262834","6.719424239794413","-0.7508668219537776"
"Strategy 1","1","True","True","26","2","KOH","deepseek-v3.2-think","5'-O-Myristoylribothymidine","No Gel","6.47255818049113","7.311514457066853","7.059827574094136","6.649829626514623","0.5233156627967273","7.059827574094136","-0.783462022497824"
"Strategy 2","2","True","True","26","2","KOH","deepseek-v3.2-think","5'-O-Myristoylribothymidine","No Gel","6.120797475179036","6.956361293792725","6.705692148208617","6.511416282764701","0.5106803471766221","6.705692148208617","-0.38042557642564667"
"Strategy 3","3","True","True","26","2","KOH","deepseek-v3.2-think","5'-O-Myristoylribothymidine","No Gel","5.2611236572265625","6.029340505599976","5.798875451087952","6.369694903777859","0.5379295713679327","5.798875451087952","1.0611416123459"
"Strategy 0","0","True","True","26","3","LiOH","deepseek-v3.2-think","5'-O-Myristoylribothymidine","No Gel","5.484135309855144","6.445162375768025","6.156854255994161","6.109234501163472","0.5479495025837287","6.156854255994161","-0.08690537103537607"
"Strategy 1","1","True","True","26","3","LiOH","deepseek-v3.2-think","5'-O-Myristoylribothymidine","No Gel","5.959813276926677","6.977095444997151","6.67191079457601","6.3313506885400415","0.5175479328930727","6.67191079457601","-0.6580262124365"
"Strategy 2","2","True","True","26","3","LiOH","deepseek-v3.2-think","5'-O-Myristoylribothymidine","No Gel","5.959558327992757","6.876862287521362","6.601671099662781","6.3580936362269","0.5226974034806089","6.601671099662781","-0.46600090571316033"
"Strategy 3","3","True","True","26","3","LiOH","deepseek-v3.2-think","5'-O-Myristoylribothymidine","No Gel","4.997690677642822","5.890877405802409","5.622921387354533","6.2665352966126235","0.5133602383892217","5.622921387354533","1.2537276187917623"
"Strategy 0","0","True","True","26","4","Organic solvents","deepseek-v3.2-think","5'-O-Myristoylribothymidine","Gel","4.349318981170654","4.883156180381775","4.723005020618439","6.20979803264603","0.579766827325356","4.723005020618439","2.564467199488849"
"Strategy 1","1","True","True","26","4","Organic solvents","deepseek-v3.2-think","5'-O-Myristoylribothymidine","Gel","4.775601704915364","5.650584936141968","5.388089966773986","6.487278669749119","0.5684345496666845","5.388089966773986","1.9337119878087445"
"Strategy 2","2","True","True","26","4","Organic solvents","deepseek-v3.2-think","5'-O-Myristoylribothymidine","Gel","4.613350550333659","5.616896867752075","5.31583297252655","6.476504048759007","0.5283627660024391","5.31583297252655","2.1967313953896186"
"Strategy 3","3","True","True","26","4","Organic solvents","deepseek-v3.2-think","5'-O-Myristoylribothymidine","Gel","4.120095411936442","5.208852608998616","4.882225449879964","6.2141162365597955","0.5615948453293619","4.882225449879964","2.371622171672016"
"Strategy 0","0","False","False","27","1","NaOH","deepseek-v3.2-think","5'-O-Palmitoylribothymidine","Gel","5.890762170155843","6.807834068934123","6.532712499300639","6.110868083968643","0.553256891103248","6.532712499300639","-0.7624747601259836"
"Strategy 1","1","True","True","27","1","NaOH","deepseek-v3.2-think","5'-O-Palmitoylribothymidine","Gel","6.045119444529216","6.972311735153198","6.694154047966003","6.191746202858226","0.5637997320079978","6.694154047966003","-0.8911104716535224"
"Strategy 2","2","True","True","27","1","NaOH","deepseek-v3.2-think","5'-O-Palmitoylribothymidine","Gel","6.110390345255534","7.083431800206502","6.791519363721211","6.293932536714144","0.4708042120347277","6.791519363721211","-1.0568869485185557"
"Strategy 3","3","True","True","27","1","NaOH","deepseek-v3.2-think","5'-O-Palmitoylribothymidine","Gel","5.109331130981445","6.003296852111816","5.735107135772704","6.027781251912277","0.5374354390038016","5.735107135772704","0.5445753943619305"
"Strategy 0","0","True","True","27","2","KOH","deepseek-v3.2-think","5'-O-Palmitoylribothymidine","No Gel","6.256211280822754","6.981379985809326","6.763829374313354","6.4279430954339265","0.5103512359347226","6.763829374313354","-0.6581472821639048"
"Strategy 1","1","True","True","27","2","KOH","deepseek-v3.2-think","5'-O-Palmitoylribothymidine","No Gel","6.059887091318767","6.841403961181641","6.606948900222778","6.315085834742207","0.5396742574768656","6.606948900222778","-0.5408133914801055"
"Strategy 2","2","True","True","27","2","KOH","deepseek-v3.2-think","5'-O-Palmitoylribothymidine","No Gel","5.885303497314453","6.990609566370647","6.659017745653788","6.435026992260639","0.5224792321994292","6.659017745653788","-0.42870747694647615"
"Strategy 3","3","True","True","27","2","KOH","deepseek-v3.2-think","5'-O-Palmitoylribothymidine","No Gel","5.008813222249349","5.826137145360311","5.580939968427022","6.4322738229766365","0.5691049717106598","5.580939968427022","1.4959170923961695"
"Strategy 0","0","True","True","27","3","LiOH","deepseek-v3.2-think","5'-O-Palmitoylribothymidine","No Gel","6.022080421447754","6.721082210540772","6.511381673812865","6.290299733757048","0.5265638748135385","6.511381673812865","-0.41985778104148214"
"Strategy 1","1","True","True","27","3","LiOH","deepseek-v3.2-think","5'-O-Palmitoylribothymidine","No Gel","5.85081958770752","6.811545213063558","6.523327525456746","6.328627128502503","0.5330931481294805","6.523327525456746","-0.36522772359278766"
"Strategy 2","2","True","True","27","3","LiOH","deepseek-v3.2-think","5'-O-Palmitoylribothymidine","No Gel","5.502167542775472","6.685646931330363","6.330603114763895","6.284446944746859","0.5041335205851496","6.330603114763895","-0.09155544738120615"
"Strategy 3","3","True","True","27","3","LiOH","deepseek-v3.2-think","5'-O-Palmitoylribothymidine","No Gel","4.853376706441243","5.801064173380534","5.516757933298746","6.251848164393303","0.5370546526239429","5.516757933298746","1.3687438094112985"
"Strategy 0","0","True","True","27","4","Organic solvents","deepseek-v3.2-think","5'-O-Palmitoylribothymidine","Gel","4.598453680674235","5.290623982747396","5.082972892125447","6.39266507403795","0.578088656069479","5.082972892125447","2.2655559284233635"
"Strategy 1","1","True","True","27","4","Organic solvents","deepseek-v3.2-think","5'-O-Palmitoylribothymidine","Gel","4.557553609212239","5.507505178451538","5.222519707679748","6.583125271661645","0.533455263443631","5.222519707679748","2.5505523278535787"
"Strategy 2","2","True","True","27","4","Organic solvents","deepseek-v3.2-think","5'-O-Palmitoylribothymidine","Gel","4.536774158477783","5.528270085652669","5.230821307500204","6.549083746557704","0.5373686397169681","5.230821307500204","2.4531808178308077"
"Strategy 3","3","True","True","27","4","Organic solvents","deepseek-v3.2-think","5'-O-Palmitoylribothymidine","Gel","4.113095760345459","5.094340801239014","4.799967288970946","6.428221169984309","0.5291828942879714","4.799967288970946","3.076920850217992"
"Strategy 0","0","True","True","28","1","NaOH","deepseek-v3.2-think","5'-O-Lauroyluridine","No Gel","5.098226070404053","6.882038672765096","6.346894892056782","6.147129718832267","0.5841182060077748","6.346894892056782","-0.34199443052774153"
"Strategy 1","1","False","False","28","1","NaOH","deepseek-v3.2-think","5'-O-Lauroyluridine","No Gel","5.203946908315023","7.056063810984294","6.500428740183511","6.157061244967064","0.6026503791673369","6.500428740183511","-0.5697623482637931"
"Strategy 2","2","False","False","28","1","NaOH","deepseek-v3.2-think","5'-O-Lauroyluridine","No Gel","5.343572616577148","6.973973989486694","6.48485357761383","6.352577167333558","0.5694772983603879","6.48485357761383","-0.23227688032712812"
"Strategy 3","3","False","False","28","1","NaOH","deepseek-v3.2-think","5'-O-Lauroyluridine","No Gel","4.966060161590576","6.888667662938436","6.311885412534078","6.141399202790371","0.5126022801807386","6.311885412534078","-0.3325896437362616"
"Strategy 0","0","True","True","28","2","Organic solvents","deepseek-v3.2-think","5'-O-Lauroyluridine","Gel","5.26397164662679","6.771226406097412","6.319049978256225","5.970789374923213","0.5784596285022628","6.319049978256225","-0.6020482435995089"
"Strategy 1","1","True","True","28","2","Organic solvents","deepseek-v3.2-think","5'-O-Lauroyluridine","Gel","6.555416425069173","7.232176303863525","7.02914834022522","6.979136950593894","0.5816150584560498","7.02914834022522","-0.08598709559564309"
"Strategy 2","2","True","True","28","2","Organic solvents","deepseek-v3.2-think","5'-O-Lauroyluridine","Gel","5.962714036305745","6.980453729629517","6.675131821632384","6.469648667823437","0.5661185463045459","6.675131821632384","-0.36296841915934414"
"Strategy 3","3","True","True","28","2","Organic solvents","deepseek-v3.2-think","5'-O-Lauroyluridine","Gel","5.736251672108968","6.871699968973796","6.531065479914346","6.41912045947033","0.5589376159755617","6.531065479914346","-0.2002817796555514"
"Strategy 0","0","False","False","29","1","NaOH","deepseek-v3.2-think","5'-O-Myristoyluridine","Gel","5.124601046244304","5.880105018615723","5.653453826904297","6.288695321773066","0.5539216066003142","5.653453826904297","1.1468075758365055"
"Strategy 1","1","True","True","29","1","NaOH","deepseek-v3.2-think","5'-O-Myristoyluridine","Gel","4.732068300247192","5.821463942527771","5.494645249843597","6.227758074823275","0.5037035041584769","5.494645249843597","1.4554451555870538"
"Strategy 2","2","True","True","29","1","NaOH","deepseek-v3.2-think","5'-O-Myristoyluridine","Gel","4.173429489135742","5.742392659187317","5.271703708171844","6.0904736439387","0.5399169895870689","5.271703708171844","1.5164737386631504"
"Strategy 3","3","True","True","29","1","NaOH","deepseek-v3.2-think","5'-O-Myristoyluridine","Gel","5.118077437082927","5.974961201349895","5.717896072069803","6.155710165753228","0.5705402344448054","5.717896072069803","0.7673676057385563"
"Strategy 0","0","True","True","29","2","Organic solvents","deepseek-v3.2-think","5'-O-Myristoyluridine","Gel","5.195883750915527","6.77068813641866","6.29824682076772","6.1990284869221135","0.5864074350139666","6.29824682076772","-0.16919692336991538"
"Strategy 1","1","True","True","29","2","Organic solvents","deepseek-v3.2-think","5'-O-Myristoyluridine","Gel","5.5037336349487305","6.584008057912191","6.259925731023152","6.37469844251332","0.598593646450489","6.259925731023152","0.1917372698002077"
"Strategy 2","2","True","True","29","2","Organic solvents","deepseek-v3.2-think","5'-O-Myristoyluridine","Gel","5.5667158762613935","6.8969651858011884","6.49789039293925","6.349621013954319","0.5953154178268806","6.49789039293925","-0.24906020328881806"
"Strategy 3","3","True","True","29","2","Organic solvents","deepseek-v3.2-think","5'-O-Myristoyluridine","Gel","5.061155001322429","6.514524141947429","6.078513399759927","6.180359529894451","0.5470882934528196","6.078513399759927","0.18616031699699825"
"Strategy 0","0","False","False","30","1","NaOH","deepseek-v3.2-think","5'-O-Palmitoyluridine","Gel","6.219286759694417","7.119351228078206","6.849331887563069","6.3837349727172255","0.5705608083724896","6.849331887563069","-0.8160338179797991"
"Strategy 1","1","True","True","30","1","NaOH","deepseek-v3.2-think","5'-O-Palmitoyluridine","Gel","5.626082261403401","6.780427773793538","6.434124120076497","6.2386621612603035","0.5732748099582082","6.434124120076497","-0.3409568245819882"
"Strategy 2","2","True","True","30","1","NaOH","deepseek-v3.2-think","5'-O-Palmitoyluridine","Gel","5.599102179209392","6.83178989092509","6.46198357741038","6.157962277631735","0.5506832842828107","6.46198357741038","-0.552080131094938"
"Strategy 3","3","True","True","30","1","NaOH","deepseek-v3.2-think","5'-O-Palmitoyluridine","Gel","4.963771025339763","5.999007940292358","5.68843686580658","5.955803802555537","0.5796168093053377","5.68843686580658","0.4612822341529275"
"Strategy 0","0","True","True","30","2","Organic solvents","deepseek-v3.2-think","5'-O-Palmitoyluridine","Gel","5.098572731018066","6.455222845077515","6.0482278108596805","6.008513628050338","0.6406423681254094","6.0482278108596805","-0.06199119006997758"
"Strategy 1","1","True","True","30","2","Organic solvents","deepseek-v3.2-think","5'-O-Palmitoyluridine","Gel","5.789988358815511","6.952856461207072","6.603996030489604","6.469591555238078","0.5773436046901793","6.603996030489604","-0.23279806714694928"
"Strategy 2","2","True","True","30","2","Organic solvents","deepseek-v3.2-think","5'-O-Palmitoyluridine","Gel","5.834391117095947","6.822338223457336","6.52595409154892","6.4099572893260985","0.6020463397411652","6.52595409154892","-0.1926708868833775"
"Strategy 3","3","True","True","30","2","Organic solvents","deepseek-v3.2-think","5'-O-Palmitoyluridine","Gel","5.3900078137715655","6.673705259958903","6.288596026102701","6.354315322006087","0.5627815577495687","6.288596026102701","0.11677585201295847"
"Strategy 0","0","True","True","31","1","H₂O","deepseek-v3.2-think","A C–C linked benzyl azide ‘click’ conjugate of 8-aza-7-deaza-2′-deoxyadenosine","Gel","4.52197790145874","5.56749161084493","5.253837498029072","6.1355877651416675","0.6632851306502665","5.253837498029072","1.329368361157368"
"Strategy 1","1","True","True","31","1","H₂O","deepseek-v3.2-think","A C–C linked benzyl azide ‘click’ conjugate of 8-aza-7-deaza-2′-deoxyadenosine","Gel","5.166237672170003","5.835503816604614","5.634723973274231","6.495236351138862","0.6222686261095531","5.634723973274231","1.3828631908450646"
"Strategy 2","2","True","True","31","1","H₂O","deepseek-v3.2-think","A C–C linked benzyl azide ‘click’ conjugate of 8-aza-7-deaza-2′-deoxyadenosine","Gel","5.185383637746175","6.109993616739909","5.832610623041788","6.503839949612776","0.6052952295474987","5.832610623041788","1.108928823167465"
"Strategy 3","3","True","True","31","1","H₂O","deepseek-v3.2-think","A C–C linked benzyl azide ‘click’ conjugate of 8-aza-7-deaza-2′-deoxyadenosine","Gel","4.726944446563721","5.439434130986531","5.225687225659688","6.366354222075883","0.5917034193158328","5.225687225659688","1.9277681337976904"
"Strategy 0","0","False","False","32","1","H₂O","deepseek-v3.2-think","The isomeric regio-conjugate of 8-aza-7-deaza-2′-deoxyadenosine, a C–N connectivity between the nucleobase and the triazole moiety","No Gel","5.30216121673584","6.303414940834045","6.169777500629425","6.301856257933978","0.5982197405138847","6.003038823604584","0.22078635718556275"
"Strategy 1","1","True","True","32","1","H₂O","deepseek-v3.2-think","The isomeric regio-conjugate of 8-aza-7-deaza-2′-deoxyadenosine, a C–N connectivity between the nucleobase and the triazole moiety","No Gel","5.016117572784424","6.086646715799968","5.910772879918416","6.211736585681136","0.5611578170395133","5.765487972895304","0.5363263178806038"
"Strategy 2","2","False","False","32","1","H₂O","deepseek-v3.2-think","The isomeric regio-conjugate of 8-aza-7-deaza-2′-deoxyadenosine, a C–N connectivity between the nucleobase and the triazole moiety","No Gel","5.694557507832845","6.3563376267751055","6.232118423779805","6.410617819990606","0.612932433773466","6.157803591092427","0.29122197876181105"
"Strategy 3","3","True","True","32","1","H₂O","deepseek-v3.2-think","The isomeric regio-conjugate of 8-aza-7-deaza-2′-deoxyadenosine, a C–N connectivity between the nucleobase and the triazole moiety","No Gel","5.379620313644409","5.862261295318604","5.770944142341613","6.536187403793482","0.6025427333404548","5.717469000816345","1.2700232184519324"
"Strategy 0","0","True","True","33","1","H₂O","deepseek-v3.2-think","A benzyl azide conjugate with a long linker arm attached to 8-aza-7-deaza-2′-deoxyadenosine","No Gel","4.915990591049194","5.686917543411255","5.47099733352661","6.22087498736936","0.5849673692624966","5.455639457702636","1.28191364723158"
"Strategy 1","1","True","True","33","1","H₂O","deepseek-v3.2-think","A benzyl azide conjugate with a long linker arm attached to 8-aza-7-deaza-2′-deoxyadenosine","No Gel","5.222685972849528","6.19150956471761","5.917541869481404","6.361240293135629","0.5638592046228863","5.900862487157187","0.7868957711721212"
"Strategy 2","2","True","True","33","1","H₂O","deepseek-v3.2-think","A benzyl azide conjugate with a long linker arm attached to 8-aza-7-deaza-2′-deoxyadenosine","No Gel","4.778889815012614","5.769352515538533","5.4852567593256625","6.099798711818626","0.5345068891964451","5.472213705380757","1.1497362614293707"
"Strategy 3","3","True","True","33","1","H₂O","deepseek-v3.2-think","A benzyl azide conjugate with a long linker arm attached to 8-aza-7-deaza-2′-deoxyadenosine","No Gel","4.508776664733887","5.457971890767415","5.194382135073344","5.941998464562172","0.5847018191001937","5.1732133229573565","1.2786283624691743"
"Strategy 0","0","False","False","34","1","H₂O","deepseek-v3.2-think","A benzyl azide conjugate with a branched side chain attached to 8-aza-7-deaza-2′-deoxyadenosine","No Gel","5.807822227478027","6.258394797643025","6.1119134823481245","6.110667979563237","0.6221787258612943","6.123223026593525","-0.0020018408426988052"
"Strategy 1","1","False","False","34","1","H₂O","deepseek-v3.2-think","A benzyl azide conjugate with a branched side chain attached to 8-aza-7-deaza-2′-deoxyadenosine","No Gel","5.345430215199788","5.895172675450643","5.728296677271525","6.055000947797021","0.5872095403729348","5.730249937375387","0.5563674430732288"
"Strategy 2","2","True","True","34","1","H₂O","deepseek-v3.2-think","A benzyl azide conjugate with a branched side chain attached to 8-aza-7-deaza-2′-deoxyadenosine","No Gel","5.561269998550415","5.819497466087341","5.735143566131591","6.082214348815207","0.6251760250458535","5.742029225826263","0.555156897864342"
"Strategy 3","3","True","True","34","1","H₂O","deepseek-v3.2-think","A benzyl azide conjugate with a branched side chain attached to 8-aza-7-deaza-2′-deoxyadenosine","No Gel","5.477364699045817","5.829753081003825","5.731195418039957","5.97979614038492","0.6434352886414336","5.724036566416422","0.3863647622900281"
"Strategy 0","0","False","False","35","1","H₂O","deepseek-v3.2-think","A 7-deazaadenine click conjugate with a pyrrolo[2,3-d]pyrimidine moiety, having one less nitrogen atom in the nucleobase structure","No Gel","5.002673387527466","5.934317231178284","5.654824078083038","6.3849694991296575","0.6664579456371624","5.654824078083038","1.0955611315408187"
"Strategy 1","1","False","False","35","1","H₂O","deepseek-v3.2-think","A 7-deazaadenine click conjugate with a pyrrolo[2,3-d]pyrimidine moiety, having one less nitrogen atom in the nucleobase structure","No Gel","5.161227226257324","6.1051498254140215","5.821973045667012","6.353909076584709","0.6248710606068315","5.821973045667012","0.8512732697224246"
"Strategy 2","2","False","False","35","1","H₂O","deepseek-v3.2-think","A 7-deazaadenine click conjugate with a pyrrolo[2,3-d]pyrimidine moiety, having one less nitrogen atom in the nucleobase structure","No Gel","5.181977113087972","6.21743369102478","5.906796717643736","6.505481787122188","0.5888709792168804","5.906796717643736","1.0166659431487404"
"Strategy 3","3","False","False","35","1","H₂O","deepseek-v3.2-think","A 7-deazaadenine click conjugate with a pyrrolo[2,3-d]pyrimidine moiety, having one less nitrogen atom in the nucleobase structure","No Gel","4.663335641225179","5.736828883488973","5.414780910809834","6.24980114177832","0.6246622007554267","5.414780910809834","1.3367548571990844"
"Strategy 0","0","True","True","36","1","NaCl","deepseek-v3.2-think","8-Methoxy-2′,3′,5′-tri-O-acetylguanosine (8OMeTAcG)","Gel","5.4486738840738935","7.052487134933472","6.571343159675599","6.344136032454419","0.5937354216447295","6.571343159675599","-0.38267403112279214"
"Strategy 1","1","False","False","36","1","NaCl","deepseek-v3.2-think","8-Methoxy-2′,3′,5′-tri-O-acetylguanosine (8OMeTAcG)","Gel","5.74671729405721","7.146744012832642","6.726735997200012","6.729336185479966","0.6002784812312021","6.726735997200012","0.004331636667402176"
"Strategy 2","2","False","False","36","1","NaCl","deepseek-v3.2-think","8-Methoxy-2′,3′,5′-tri-O-acetylguanosine (8OMeTAcG)","Gel","6.077205816904704","7.41023580233256","7.010326806704203","6.890942315106551","0.5311075442416328","7.010326806704203","-0.2247840251791574"
"Strategy 3","3","False","False","36","1","NaCl","deepseek-v3.2-think","8-Methoxy-2′,3′,5′-tri-O-acetylguanosine (8OMeTAcG)","Gel","4.978554248809815","6.765167792638143","6.229183729489645","6.210346701779723","0.5502380633277545","6.229183729489645","-0.03423432322365792"
"Strategy 0","0","False","False","36","2","KCl","deepseek-v3.2-think","8-Methoxy-2′,3′,5′-tri-O-acetylguanosine (8OMeTAcG)","No Gel","5.009768486022949","5.7594215869903564","5.534525656700134","6.195257938370224","0.6541608704921045","5.534525656700134","1.0100455583242731"
"Strategy 1","1","True","True","36","2","KCl","deepseek-v3.2-think","8-Methoxy-2′,3′,5′-tri-O-acetylguanosine (8OMeTAcG)","No Gel","5.34564208984375","6.176405310630798","5.927176344394683","6.619322166978852","0.607371574532682","5.927176344394683","1.1395755936005287"
"Strategy 2","2","True","True","36","2","KCl","deepseek-v3.2-think","8-Methoxy-2′,3′,5′-tri-O-acetylguanosine (8OMeTAcG)","No Gel","5.233780225118001","6.144168297449748","5.871051875750223","6.63205331289799","0.6423260467751872","5.871051875750223","1.1847588011857724"
"Strategy 3","3","True","True","36","2","KCl","deepseek-v3.2-think","8-Methoxy-2′,3′,5′-tri-O-acetylguanosine (8OMeTAcG)","No Gel","4.998556137084961","5.934477249781291","5.653700915972391","6.394913462212535","0.6328262202882383","5.653700915972391","1.171273443604372"
"Strategy 0","0","True","True","36","3","NaCl + TAcG","deepseek-v3.2-think","8-Methoxy-2′,3′,5′-tri-O-acetylguanosine (8OMeTAcG)","Gel","6.424037297566732","6.984670956929524","6.816480859120687","6.6534065847249","0.6637217777382189","6.816480859120687","-0.2456967359900396"
"Strategy 1","1","True","True","36","3","NaCl + TAcG","deepseek-v3.2-think","8-Methoxy-2′,3′,5′-tri-O-acetylguanosine (8OMeTAcG)","Gel","5.731031735738118","6.54201865196228","6.298722577095032","6.987212949390559","0.5674826468829959","6.298722577095032","1.2132359924610705"
"Strategy 2","2","True","True","36","3","NaCl + TAcG","deepseek-v3.2-think","8-Methoxy-2′,3′,5′-tri-O-acetylguanosine (8OMeTAcG)","Gel","5.9796074231465655","6.64781133333842","6.4473501602808625","6.9688178941568975","0.5567955994317688","6.447350160280863","0.9365514641426992"
"Strategy 3","3","True","True","36","3","NaCl + TAcG","deepseek-v3.2-think","8-Methoxy-2′,3′,5′-tri-O-acetylguanosine (8OMeTAcG)","Gel","5.636992454528809","6.337763388951619","6.127532108624776","6.811799059973823","0.6171932591223449","6.127532108624776","1.1086753480134914"
"Strategy 0","0","False","False","37","1","KCl + NaCl","deepseek-v3.2-think","8-Methoxyguanosine (8OMeG)","No Gel","6.175584316253662","7.383192618687947","7.020910127957662","6.669409345656402","0.7114456615607483","7.020910127957662","-0.4940655362633711"
"Strategy 1","1","True","True","37","1","KCl + NaCl","deepseek-v3.2-think","8-Methoxyguanosine (8OMeG)","No Gel","5.449882348378499","6.578083912531535","6.239623443285624","7.074456761542525","0.730882474324915","6.239623443285624","1.1422264831674893"
"Strategy 2","2","True","True","37","1","KCl + NaCl","deepseek-v3.2-think","8-Methoxyguanosine (8OMeG)","No Gel","5.215558211008708","6.526727517445882","6.133376725514729","6.713582841986525","0.6652175158954096","6.133376725514729","0.8722051097689671"
"Strategy 3","3","True","True","37","1","KCl + NaCl","deepseek-v3.2-think","8-Methoxyguanosine (8OMeG)","No Gel","5.389066855112712","6.619815349578857","6.250590801239014","6.711618438185956","0.7034115864537898","6.250590801239014","0.6554166093157308"
"Strategy 0","0","True","True","37","2","KCl","deepseek-v3.2-think","8-Methoxyguanosine (8OMeG)","Gel","5.258917808532715","6.197867155075073","5.916182351112365","6.571097819934519","0.688961613763454","5.916182351112365","0.9505833935285269"
"Strategy 1","1","False","False","37","2","KCl","deepseek-v3.2-think","8-Methoxyguanosine (8OMeG)","Gel","4.993405818939209","5.842083215713501","5.587479996681213","6.932345168904741","0.7096113079453437","5.587479996681213","1.895213840542565"
"Strategy 2","2","False","False","37","2","KCl","deepseek-v3.2-think","8-Methoxyguanosine (8OMeG)","Gel","4.979532400767009","5.97695008913676","5.677724782625834","6.722776734058863","0.6273439856771572","5.677724782625834","1.6658356105940773"
"Strategy 3","3","False","False","37","2","KCl","deepseek-v3.2-think","8-Methoxyguanosine (8OMeG)","Gel","4.785297632217407","5.679040551185608","5.410917675495147","6.569162625397822","0.6768602087674496","5.410917675495147","1.7112026012163104"
"Strategy 0","0","False","False","38","1","KCl + NaCl","deepseek-v3.2-think","8-Bromoguanosine (8BrG)","No Gel","6.59674088160197","7.524760166803996","7.239150031407674","6.331875032848782","0.7098183998332157","7.246354381243386","-1.2781790367396404"
"Strategy 1","1","True","True","38","1","KCl + NaCl","deepseek-v3.2-think","8-Bromoguanosine (8BrG)","No Gel","6.856655120849609","7.553895235061645","7.340106427669524","6.484230415211167","0.608879942058207","7.344723200798034","-1.4056564411782484"
"Strategy 2","2","True","True","38","1","KCl + NaCl","deepseek-v3.2-think","8-Bromoguanosine (8BrG)","No Gel","7.169393380482991","7.95591417948405","7.714481576283773","6.901813795215399","0.6497239846932225","7.719957939783732","-1.2507892585373586"
"Strategy 3","3","True","True","38","1","KCl + NaCl","deepseek-v3.2-think","8-Bromoguanosine (8BrG)","No Gel","6.969489415486653","7.500127871831258","7.332089344660441","6.584904008626322","0.7050845248368601","7.340936334927876","-1.059710303820667"
"Strategy 0","0","False","False","38","2","KCl","deepseek-v3.2-think","8-Bromoguanosine (8BrG)","No Gel","6.886640866597493","7.732404549916585","7.506471467018127","6.623614788979523","0.742753902572266","7.4786754449208575","-1.1886261047988316"
"Strategy 1","1","True","True","38","2","KCl","deepseek-v3.2-think","8-Bromoguanosine (8BrG)","No Gel","6.787521362304688","7.503640294075012","7.5155607700347895","6.610712086877157","0.6732175266701945","7.288804614543914","-1.3440658439674171"
"Strategy 2","2","False","False","38","2","KCl","deepseek-v3.2-think","8-Bromoguanosine (8BrG)","No Gel","7.0420481363932295","7.790464560190837","7.582579803466797","6.969514719953217","0.7060301511165725","7.565939633051554","-0.868327057341715"
"Strategy 3","3","False","False","38","2","KCl","deepseek-v3.2-think","8-Bromoguanosine (8BrG)","No Gel","7.02472734451294","7.721978902816772","7.507326054573059","6.670922333602756","0.73156510599679","7.512803435325622","-1.1433072929724628"
"Strategy 0","0","True","True","39","1","NaCl","deepseek-v3.2-think","2′,3′,5′-tri-O-acetylguanosine (TAcG)","No Gel","6.362487554550171","7.503764271736145","6.613235223293304","6.508496694786604","0.5889415458548356","7.161381256580352","-0.1778419764132522"
"Strategy 1","1","False","False","39","1","NaCl","deepseek-v3.2-think","2′,3′,5′-tri-O-acetylguanosine (TAcG)","No Gel","6.023385365804036","7.262739658355713","6.856863745053609","6.592149004702112","0.5890721954583586","6.890933370590209","-0.4493757172591075"
"Strategy 2","2","False","False","39","1","NaCl","deepseek-v3.2-think","2′,3′,5′-tri-O-acetylguanosine (TAcG)","No Gel","6.132601420084636","7.183617353439331","6.9137183348337805","6.608519421806631","0.5903803758833035","6.868312573432923","-0.5169530111337515"
"Strategy 3","3","True","True","39","1","NaCl","deepseek-v3.2-think","2′,3′,5′-tri-O-acetylguanosine (TAcG)","No Gel","6.001246611277263","6.879789431889852","6.626780541737875","6.542390364577911","0.6492443692615648","6.616226585706074","-0.12998214717818407"
"Strategy 0","0","True","True","39","2","KCl","deepseek-v3.2-think","2′,3′,5′-tri-O-acetylguanosine (TAcG)","No Gel","5.227853933970134","5.937061866124471","5.724299486478169","6.517737537945888","0.6195020424525056","5.724299486478169","1.2807674504617124"
"Strategy 1","1","True","True","39","2","KCl","deepseek-v3.2-think","2′,3′,5′-tri-O-acetylguanosine (TAcG)","No Gel","4.538632074991862","5.475438515345256","5.194396583239237","6.495648028191362","0.6334333601741771","5.194396583239237","2.054283097111141"
"Strategy 2","2","True","True","39","2","KCl","deepseek-v3.2-think","2′,3′,5′-tri-O-acetylguanosine (TAcG)","No Gel","4.665918509165446","5.665122985839844","5.365361642837525","6.415984763470731","0.6082683118315445","5.365361642837525","1.7272363202181225"
"Strategy 3","3","True","True","39","2","KCl","deepseek-v3.2-think","2′,3′,5′-tri-O-acetylguanosine (TAcG)","No Gel","4.314826806386312","5.222892204920451","4.950472585360209","6.363332579487054","0.5963674467886383","4.950472585360209","2.3691098528850185"
"Strategy 0","0","True","True","40","1","KCl","deepseek-v3.2-think","Guanosine-5′-Hydrazide","Gel","5.024925072987874","6.093646764755249","5.773030257225035","6.4325173682328645","0.6980190864815989","5.773030257225035","0.9447981062122638"
"Strategy 1","1","True","True","40","1","KCl","deepseek-v3.2-think","Guanosine-5′-Hydrazide","Gel","4.978175322214763","5.990075508753459","5.686505452791849","6.41975579668385","0.673169494639774","5.686505452791849","1.0892507009462415"
"Strategy 2","2","True","True","40","1","KCl","deepseek-v3.2-think","Guanosine-5′-Hydrazide","Gel","4.875299692153931","6.107119679450989","5.737573683261871","6.531481778806494","0.6666289336627029","5.737573683261871","1.1909295493410432"
"Strategy 3","3","True","True","40","1","KCl","deepseek-v3.2-think","Guanosine-5′-Hydrazide","Gel","5.017921209335327","6.070341229438782","5.754615223407745","6.4452348444812975","0.7284171322883907","5.754615223407745","0.9481100738307818"
"Strategy 0","0","True","True","40","2","NaCl","deepseek-v3.2-think","Guanosine-5′-Hydrazide","Gel","4.815722624460856","5.492150624593099","5.289222224553426","6.429630111415872","0.7064271408181012","5.289222224553426","1.6143319260663718"
"Strategy 1","1","False","False","40","2","NaCl","deepseek-v3.2-think","Guanosine-5′-Hydrazide","Gel","4.823350270589192","5.348865270614624","5.191210770606994","6.627042706314599","0.700100103425424","5.191210770606994","2.0508951915339244"
"Strategy 2","2","False","False","40","2","NaCl","deepseek-v3.2-think","Guanosine-5′-Hydrazide","Gel","4.444411039352417","5.180231809616089","4.959485578536986","6.346637030904607","0.6758058648371615","4.959485578536986","2.0525886568058436"
"Strategy 3","3","True","True","40","2","NaCl","deepseek-v3.2-think","Guanosine-5′-Hydrazide","Gel","4.622056245803833","5.291309475898743","5.090533506870269","6.324427587764207","0.659201080735501","5.090533506870269","1.8718022724071168"
"Strategy 0","0","True","True","40","3","NH₄Cl","deepseek-v3.2-think","Guanosine-5′-Hydrazide","Gel","5.097777684529622","5.598189830780029","5.4480661869049065","6.381775607126319","0.6920255433184149","5.4480661869049065","1.349241266072449"
"Strategy 1","1","False","False","40","3","NH₄Cl","deepseek-v3.2-think","Guanosine-5′-Hydrazide","Gel","4.790242910385132","5.349900960922241","5.182003545761108","6.385156128295632","0.695237308670965","5.182003545761108","1.7305638916796682"
"Strategy 2","2","True","True","40","3","NH₄Cl","deepseek-v3.2-think","Guanosine-5′-Hydrazide","Gel","4.883622487386067","5.4934186935424805","5.310479831695557","6.38340915333701","0.6700068343421606","5.310479831695557","1.601370712426983"
"Strategy 3","3","True","True","40","3","NH₄Cl","deepseek-v3.2-think","Guanosine-5′-Hydrazide","Gel","5.7396589914957685","5.943267901738484","5.882185228665669","6.811141394829566","0.7403242413452485","5.882185228665669","1.2547963639227635"
"Strategy 0","0","True","True","40","4","Me₄NCl","deepseek-v3.2-think","Guanosine-5′-Hydrazide","Gel","5.845256090164185","6.451324343681336","6.26950386762619","6.481330257700395","0.6930973602363295","6.26950386762619","0.30562284929490646"
"Strategy 1","1","False","False","40","4","Me₄NCl","deepseek-v3.2-think","Guanosine-5′-Hydrazide","Gel","5.000650246938069","6.011769851048787","5.708433969815572","6.376647813622033","0.6537015568028613","5.708433969815572","1.0222001720090381"
"Strategy 2","2","False","False","40","4","Me₄NCl","deepseek-v3.2-think","Guanosine-5′-Hydrazide","Gel","4.981989701588948","5.973105192184448","5.675770545005797","6.434348853983621","0.697362725597427","5.675770545005797","1.087781553463377"
"Strategy 3","3","False","False","40","4","Me₄NCl","deepseek-v3.2-think","Guanosine-5′-Hydrazide","Gel","5.352454821268718","6.00769058863322","5.811119858423869","6.545399457539699","0.7200214202795948","5.811119858423869","1.019802437031247"
"Strategy 0","0","False","False","40","5","Borate buffer","deepseek-v3.2-think","Guanosine-5′-Hydrazide","No Gel","5.106992085774739","5.595458428064982","5.448918525377909","6.401079528153096","0.6573582067893342","5.448918525377909","1.4484659854263122"
"Strategy 1","1","False","False","40","5","Borate buffer","deepseek-v3.2-think","Guanosine-5′-Hydrazide","No Gel","5.634869416554769","6.060211102167766","5.932608596483866","6.7529309387354886","0.6090389194346479","5.932608596483866","1.3469128426359067"
"Strategy 2","2","False","False","40","5","Borate buffer","deepseek-v3.2-think","Guanosine-5′-Hydrazide","No Gel","5.956284840901692","6.503479480743408","6.339321088790894","6.884600454214623","0.6724182474330438","6.339321088790894","0.8109229151727113"
"Strategy 3","3","False","False","40","5","Borate buffer","deepseek-v3.2-think","Guanosine-5′-Hydrazide","No Gel","5.611796696980794","6.004503965377808","5.886691784858702","6.755702120265911","0.6668907109487733","5.886691784858702","1.3030775824885665"
"Strategy 0","0","True","True","40","6","KCl","deepseek-v3.2-think","Guanosine-5′-Hydrazide","Gel","5.625228563944499","6.25052014986674","6.062932674090067","6.420401997960506","0.6996056222924004","6.062932674090067","0.5109583349246363"
"Strategy 1","1","False","False","40","6","KCl","deepseek-v3.2-think","Guanosine-5′-Hydrazide","Gel","6.54682207107544","6.848268389701843","6.757834494113922","6.977611626857934","0.6795003429299769","6.757834494113922","0.32343932572034056"
"Strategy 2","2","True","True","40","6","KCl","deepseek-v3.2-think","Guanosine-5′-Hydrazide","Gel","5.552226225535075","6.237960338592529","6.032240104675292","6.5188691876655405","0.65766400751026","6.032240104675292","0.739935707949863"
"Strategy 3","3","True","True","40","6","KCl","deepseek-v3.2-think","Guanosine-5′-Hydrazide","Gel","5.700352668762207","6.164538025856018","6.025282418727874","6.419733685393666","0.6972398067846847","6.025282418727874","0.5657325683752917"
"Strategy 0","0","True","True","41","1","KCl","deepseek-v3.2-think","5′-Hydrazino-guanosine","Gel","5.118162949879964","5.522084395090739","5.400907961527506","6.246201990186706","0.6382468693198075","5.400907961527506","1.3243998040445497"
"Strategy 1","1","False","False","41","1","KCl","deepseek-v3.2-think","5′-Hydrazino-guanosine","Gel","5.810082117716472","6.098887920379639","6.012246179580688","6.7698240835229235","0.643977965809905","6.012246179580688","1.176403455030422"
"Strategy 2","2","True","True","41","1","KCl","deepseek-v3.2-think","5′-Hydrazino-guanosine","Gel","5.073119004567464","5.570601304372151","5.421356614430745","6.501822730121071","0.6570875141542278","5.421356614430745","1.6443260485341156"
"Strategy 3","3","True","True","41","1","KCl","deepseek-v3.2-think","5′-Hydrazino-guanosine","Gel","4.991797129313151","5.302517255147298","5.209301217397054","6.424591977528515","0.6498771806223442","5.209301217397054","1.870031440352557"
"Strategy 0","0","False","False","42","1","KCl","deepseek-v3.2-think","5′-Amino-guanosine (NH₂G)","No Gel","5.107155481974284","6.000200351079305","5.732286890347798","6.287562530354935","0.7089529222277611","5.732286890347798","0.7832334455471035"
"Strategy 1","1","False","False","42","1","KCl","deepseek-v3.2-think","5′-Amino-guanosine (NH₂G)","No Gel","5.587271054585774","6.509711503982544","6.2329793691635125","6.493629815535336","0.5828714973842731","6.2329793691635125","0.4471833801129969"
"Strategy 2","2","False","False","42","1","KCl","deepseek-v3.2-think","5′-Amino-guanosine (NH₂G)","No Gel","5.574091752370198","6.191535790761312","6.006302579243976","6.460089242057899","0.6919269797810368","6.006302579243976","0.6558302770005089"
"Strategy 3","3","False","False","42","1","KCl","deepseek-v3.2-think","5′-Amino-guanosine (NH₂G)","No Gel","5.27359692255656","5.995037317276001","5.778605198860167","6.299277974283972","0.7277259159652518","5.778605198860167","0.7154792264518804"
"Strategy 0","0","False","False","43","1","KCl","deepseek-v3.2-think","5′-Hydroxylamino-guanosine (NHOH-G)","No Gel","5.52269188563029","6.503468592961629","6.209235580762226","6.311199261236561","0.7301864369545966","6.209235580762226","0.1396406113753581"
"Strategy 1","1","False","False","43","1","KCl","deepseek-v3.2-think","5′-Hydroxylamino-guanosine (NHOH-G)","No Gel","5.858617782592773","6.703730344772339","6.4501965761184685","6.512819001563759","0.6873574876640124","6.4501965761184685","0.09110604971819443"
"Strategy 2","2","False","False","43","1","KCl","deepseek-v3.2-think","5′-Hydroxylamino-guanosine (NHOH-G)","No Gel","5.922324339548747","6.680337905883789","6.452933835983276","6.647028100274945","0.6695779458908659","6.452933835983276","0.28987553351003664"
"Strategy 3","3","False","False","43","1","KCl","deepseek-v3.2-think","5′-Hydroxylamino-guanosine (NHOH-G)","No Gel","5.060742537180583","6.033701101938884","5.741813532511393","6.188296359577228","0.651741442626218","5.741813532511393","0.6850612802321036"
"Strategy 0","0","False","False","44","1","KCl","deepseek-v3.2-think","Guanosine-5′-monophosphate (GMP)","No Gel","4.735196908315023","5.56550391515096","5.316411813100179","6.501944811769234","0.6560465495015784","5.316411813100179","1.8070867068346694"
"Strategy 1","1","False","False","44","1","KCl","deepseek-v3.2-think","Guanosine-5′-monophosphate (GMP)","No Gel","5.761529445648193","6.335222005844116","6.163114237785338","6.969660362716792","0.7181591209106267","6.163114237785338","1.1230744015459304"
"Strategy 2","2","True","True","44","1","KCl","deepseek-v3.2-think","Guanosine-5′-monophosphate (GMP)","No Gel","5.782751719156901","6.394896745681763","6.2112532377243035","7.089453202378226","0.6331401783442708","6.211253237724304","1.3870545492003195"
"Strategy 3","3","True","True","44","1","KCl","deepseek-v3.2-think","Guanosine-5′-monophosphate (GMP)","No Gel","5.612212657928467","6.237665176391602","6.050029420852661","6.821880864172941","0.6983703866516686","6.050029420852661","1.1052178873461638"
"Strategy 0","0","True","True","45","1","Organic solvents","deepseek-v3.2-think","A 9-octyl-9H-carbazole group attached to the 5-position of uridine","No Gel","4.945500373840332","5.533252398173015","5.35692679087321","6.593623563300731","0.5942461725110192","5.35692679087321","2.0811186165521143"
"Strategy 1","1","True","True","45","1","Organic solvents","deepseek-v3.2-think","A 9-octyl-9H-carbazole group attached to the 5-position of uridine","No Gel","4.545285860697429","5.365003903706868","5.119088490804036","6.401735017157956","0.5717025590955361","5.119088490804036","2.243555684590839"
"Strategy 2","2","True","True","45","1","Organic solvents","deepseek-v3.2-think","A 9-octyl-9H-carbazole group attached to the 5-position of uridine","No Gel","4.495006084442139","5.303985277811687","5.061291519800822","6.376294330971493","0.5604379715290778","5.061291519800822","2.346384217298601"
"Strategy 3","3","True","True","45","1","Organic solvents","deepseek-v3.2-think","A 9-octyl-9H-carbazole group attached to the 5-position of uridine","No Gel","4.276288112004598","5.074253082275391","4.834863591194153","6.2379193859198905","0.5438396699795529","4.834863591194153","2.5799070427842996"
"Strategy 0","0","False","False","45","2","Organic solvents","deepseek-v3.2-think","A 9-octyl-9H-carbazole group attached to the 5-position of uridine","No Gel","5.243606249491374","6.483426570892334","6.111480474472046","6.408543238066888","0.6284473757110461","6.111480474472046","0.4726931403902122"
"Strategy 1","1","False","False","45","2","Organic solvents","deepseek-v3.2-think","A 9-octyl-9H-carbazole group attached to the 5-position of uridine","No Gel","4.73634147644043","5.889441251754761","5.543511319160461","6.215633321486085","0.5788048004846184","5.543511319160461","1.161223959723336"
"Strategy 2","2","False","False","45","2","Organic solvents","deepseek-v3.2-think","A 9-octyl-9H-carbazole group attached to the 5-position of uridine","No Gel","4.8227622509002686","6.180113196372986","5.77290791273117","6.326024339550225","0.5880667193693145","5.77290791273117","0.9405674706643102"
"Strategy 3","3","False","False","45","2","Organic solvents","deepseek-v3.2-think","A 9-octyl-9H-carbazole group attached to the 5-position of uridine","No Gel","5.1669230461120605","6.20450758934021","5.893232226371765","6.416977054666178","0.6790447226253138","5.893232226371765","0.7712965153009627"
"Strategy 0","0","False","False","45","3","Organic solvents","deepseek-v3.2-think","A 9-octyl-9H-carbazole group attached to the 5-position of uridine","No Gel","5.710488796234131","6.8402572472890215","6.5013267119725535","6.683934257073612","0.6265091227628558","6.5013267119725535","0.29146829386262346"
"Strategy 1","1","False","False","45","3","Organic solvents","deepseek-v3.2-think","A 9-octyl-9H-carbazole group attached to the 5-position of uridine","No Gel","5.338202794392903","6.764806350072225","6.3368252833684275","6.287777823255968","0.5655060817236647","6.336825283368428","-0.08673197636170972"
"Strategy 2","2","False","False","45","3","Organic solvents","deepseek-v3.2-think","A 9-octyl-9H-carbazole group attached to the 5-position of uridine","No Gel","5.554203987121582","6.706406195958455","6.3607455333073935","6.398228818501613","0.6191165834067224","6.3607455333073935","0.060543177486807875"
"Strategy 3","3","False","False","45","3","Organic solvents","deepseek-v3.2-think","A 9-octyl-9H-carbazole group attached to the 5-position of uridine","No Gel","4.873236179351807","6.310590744018555","5.87938437461853","6.089321544928144","0.6076442403388083","5.87938437461853","0.3454935575338596"
"Strategy 0","0","True","True","46","1","Organic solvents","deepseek-v3.2-think","A 9-dodecyl-9H-carbazole group attached to the 5-position of uridine","Gel","5.443865935007731","6.214039325714111","5.982987308502197","6.334755649123081","0.6473369648102237","5.982987308502197","0.5434083943035916"
"Strategy 1","1","True","True","46","1","Organic solvents","deepseek-v3.2-think","A 9-dodecyl-9H-carbazole group attached to the 5-position of uridine","Gel","4.984926223754883","6.0665779908498125","5.742082460721334","6.222456186316734","0.5653698462613556","5.742082460721334","0.849662798205435"
"Strategy 2","2","True","True","46","1","Organic solvents","deepseek-v3.2-think","A 9-dodecyl-9H-carbazole group attached to the 5-position of uridine","Gel","5.08004093170166","6.097208261489868","5.792058062553404","6.268928576501456","0.6112435135840767","5.792058062553404","0.7801645389280002"
"Strategy 3","3","True","True","46","1","Organic solvents","deepseek-v3.2-think","A 9-dodecyl-9H-carbazole group attached to the 5-position of uridine","Gel","4.634945392608643","5.784316221872966","5.439504973093669","5.9032776446921575","0.6111679293588089","5.439504973093669","0.7588301828681416"
"Strategy 0","0","True","True","46","2","Organic solvents","deepseek-v3.2-think","A 9-dodecyl-9H-carbazole group attached to the 5-position of uridine","Gel","5.71821943918864","6.6131077607472735","6.344641264279683","6.378569503902464","0.5880333307027812","6.344641264279683","0.05769781720065534"
"Strategy 1","1","True","True","46","2","Organic solvents","deepseek-v3.2-think","A 9-dodecyl-9H-carbazole group attached to the 5-position of uridine","Gel","5.57495101292928","6.496387004852295","6.2199562072753904","6.254422575743623","0.5725826517704798","6.2199562072753904","0.06019457341513866"
"Strategy 2","2","True","True","46","2","Organic solvents","deepseek-v3.2-think","A 9-dodecyl-9H-carbazole group attached to the 5-position of uridine","Gel","5.611241340637207","6.308562437693278","6.099366108576457","6.275015363027882","0.556016936362464","6.099366108576457","0.3159063024240696"
"Strategy 3","3","True","True","46","2","Organic solvents","deepseek-v3.2-think","A 9-dodecyl-9H-carbazole group attached to the 5-position of uridine","Gel","5.012494087219238","5.977160533269246","5.6877605994542435","6.087420289152968","0.6164003287038311","5.687760599454244","0.6483768276683604"
"Strategy 0","0","True","True","47","1","Organic solvents","deepseek-v3.2-think","A 9-hexadecyl-9H-carbazole group attached to the 5-position of uridine","Gel","6.720638434092204","6.923188765843709","6.862423666318257","6.632421812222602","0.6660421463197673","6.862423666318257","-0.3453262760720718"
"Strategy 1","1","True","True","47","1","Organic solvents","deepseek-v3.2-think","A 9-hexadecyl-9H-carbazole group attached to the 5-position of uridine","Gel","6.062116463979085","6.410428285598755","6.305934739112853","6.445884982621639","0.5885815742889138","6.305934739112853","0.2377754412000821"
"Strategy 2","2","True","True","47","1","Organic solvents","deepseek-v3.2-think","A 9-hexadecyl-9H-carbazole group attached to the 5-position of uridine","Gel","6.540653864542644","6.808014074961345","6.727806011835733","6.642766135607579","0.576559533003968","6.727806011835733","-0.1474953952891591"
"Strategy 3","3","True","True","47","1","Organic solvents","deepseek-v3.2-think","A 9-hexadecyl-9H-carbazole group attached to the 5-position of uridine","Gel","5.527954896291097","6.081374247868856","5.915348442395529","6.1797598303442465","0.6339337292336188","5.915348442395529","0.4170962606270726"
"Strategy 0","0","True","True","47","2","Organic solvents","deepseek-v3.2-think","A 9-hexadecyl-9H-carbazole group attached to the 5-position of uridine","Gel","6.865270773569743","7.203977743784587","7.102365652720134","6.27687746375722","0.6309259506521202","7.102365652720134","-1.3083757105088094"
"Strategy 1","1","True","True","47","2","Organic solvents","deepseek-v3.2-think","A 9-hexadecyl-9H-carbazole group attached to the 5-position of uridine","Gel","6.652768452962239","7.327701091766357","7.125221300125122","6.352458469750653","0.6104127566616746","7.125221300125122","-1.265967694713133"
"Strategy 2","2","True","True","47","2","Organic solvents","deepseek-v3.2-think","A 9-hexadecyl-9H-carbazole group attached to the 5-position of uridine","Gel","6.403488636016846","7.08905831972758","6.883387414614359","6.259958114981343","0.6113608823578162","6.883387414614359","-1.0197402510096099"
"Strategy 3","3","True","True","47","2","Organic solvents","deepseek-v3.2-think","A 9-hexadecyl-9H-carbazole group attached to the 5-position of uridine","Gel","6.188451608022054","6.843221426010132","6.646790480613707","6.197650868455261","0.6191189484301622","6.646790480613707","-0.7254496301514992"
"Strategy 0","0","True","True","48","1","B(OH)₃ + AgNO₃","deepseek-v3.2-think","Cytidine (C)","Gel","5.706204414367676","6.32239572207133","6.137538329760233","6.405938953761906","0.5517056731042713","6.137538329760233","0.48649241268712856"
"Strategy 1","1","False","False","48","1","B(OH)₃ + AgNO₃","deepseek-v3.2-think","Cytidine (C)","Gel","6.212893486022949","6.715866247812907","6.564974419275919","6.675571086486796","0.5373915910386506","6.564974419275919","0.2058027499036964"
"Strategy 2","2","False","False","48","1","B(OH)₃ + AgNO₃","deepseek-v3.2-think","Cytidine (C)","Gel","6.420034885406494","7.063047011693318","6.870143373807271","6.771982405783286","0.517511683772237","6.870143373807271","-0.18967874755690972"
"Strategy 3","3","True","True","48","1","B(OH)₃ + AgNO₃","deepseek-v3.2-think","Cytidine (C)","Gel","5.570504824320476","6.160053650538127","5.983189002672831","6.53349405456267","0.5494069281026742","5.983189002672831","1.001634715074064"
"Strategy 0","0","False","False","48","2","B(OH)₃ + other ions","deepseek-v3.2-think","Cytidine (C)","No Gel","6.47523307800293","6.940335273742676","6.800804615020752","6.299827302333921","0.5869859112215536","6.800804615020752","-0.8534741688165333"
"Strategy 1","1","True","True","48","2","B(OH)₃ + other ions","deepseek-v3.2-think","Cytidine (C)","No Gel","6.484796206156413","7.06364091237386","6.889987500508625","6.644615460674276","0.572520608278169","6.889987500508625","-0.4285820218285149"
"Strategy 2","2","True","True","48","2","B(OH)₃ + other ions","deepseek-v3.2-think","Cytidine (C)","No Gel","6.324475765228272","6.938771486282349","6.754482769966125","6.6373818194835374","0.5243436177071061","6.754482769966125","-0.22332864657465726"
"Strategy 3","3","True","True","48","2","B(OH)₃ + other ions","deepseek-v3.2-think","Cytidine (C)","No Gel","6.901491641998291","7.326713681221008","7.1991470694541935","6.631462092824684","0.6333103831034157","7.1991470694541935","-0.8963771821451569"
"Strategy 0","0","False","False","49","1","B(OH)₃ + AgNO₃","deepseek-v3.2-think","Arabino-cytidine (arabinoC)","No Gel","5.7056965827941895","6.188481688499451","6.043646156787872","6.71994357210721","0.5737734011756356","6.043646156787872","1.1786838043269963"
"Strategy 1","1","True","True","49","1","B(OH)₃ + AgNO₃","deepseek-v3.2-think","Arabino-cytidine (arabinoC)","No Gel","5.584542910257976","6.263784170150757","6.060011792182922","6.9559815676637395","0.5459298512891188","6.060011792182922","1.6411811396008846"
"Strategy 2","2","True","True","49","1","B(OH)₃ + AgNO₃","deepseek-v3.2-think","Arabino-cytidine (arabinoC)","No Gel","5.948743025461833","6.407649358113607","6.269977458318074","7.043928839809211","0.5751865465750325","6.269977458318074","1.345565862240096"
"Strategy 3","3","True","True","49","1","B(OH)₃ + AgNO₃","deepseek-v3.2-think","Arabino-cytidine (arabinoC)","No Gel","5.688137690226237","6.144801775614421","6.007802549997965","6.99113080507717","0.6105622257020011","6.007802549997965","1.6105291380393076"
"Strategy 0","0","False","False","50","1","B(OH)₃ + AgNO₃","deepseek-v3.2-think","2′,3′-Dideoxy-cytidine (ddC)","No Gel","4.684443712234497","5.757575631141663","5.435636055469512","6.423156980396241","0.5593816813420683","5.435636055469512","1.7653794499624462"
"Strategy 1","1","True","True","50","1","B(OH)₃ + AgNO₃","deepseek-v3.2-think","2′,3′-Dideoxy-cytidine (ddC)","No Gel","5.103678226470947","6.371912837028503","5.991442453861236","6.179229280468105","0.5450152689231914","5.991442453861236","0.3445533314651664"
"Strategy 2","2","True","True","50","1","B(OH)₃ + AgNO₃","deepseek-v3.2-think","2′,3′-Dideoxy-cytidine (ddC)","No Gel","5.667544841766357","6.398539463678996","6.179241077105203","6.58415900601281","0.5878986021744768","6.179241077105203","0.6887547060155033"
"Strategy 3","3","True","True","50","1","B(OH)₃ + AgNO₃","deepseek-v3.2-think","2′,3′-Dideoxy-cytidine (ddC)","No Gel","4.874625205993652","5.873494545618693","5.573833743731181","6.376379412828489","0.5725685808855433","5.573833743731181","1.4016585888385253"
"Strategy 0","0","False","False","51","1","KB(OH)₄","deepseek-v3.2-think","Inosine","No Gel","5.786095937093099","6.987950563430786","6.627394175529479","6.829528274708632","0.5569458131444504","6.627394175529479","0.3629331514998338"
"Strategy 1","1","False","False","51","1","KB(OH)₄","deepseek-v3.2-think","Inosine","No Gel","5.318618059158325","6.6337878704071045","6.23923692703247","6.820834119375362","0.6115626579059363","6.23923692703247","0.9510018063142535"
"Strategy 2","2","True","True","51","1","KB(OH)₄","deepseek-v3.2-think","Inosine","No Gel","5.372581799825032","6.29791522026062","6.020315194129943","6.754219746343233","0.6572812707424032","6.020315194129943","1.1165760913654827"
"Strategy 3","3","True","True","51","1","KB(OH)₄","deepseek-v3.2-think","Inosine","No Gel","4.876890500386556","6.008561293284099","5.669060055414835","6.583269084762849","0.6517199194697598","5.669060055414835","1.4027636750643053"
"Strategy 0","0","True","True","52","1","KB(OH)₄","deepseek-v3.2-think","5′-Deoxy-5′-Iodoguanosine","Gel","3.789539178212484","4.805866638819377","4.5009684006373085","6.402278076893907","0.6200381261460283","4.5009684006373085","3.066439943096034"
"Strategy 1","1","True","True","52","1","KB(OH)₄","deepseek-v3.2-think","5′-Deoxy-5′-Iodoguanosine","Gel","3.777485728263855","4.746552228927612","4.455832278728485","6.2976261387499735","0.6325102332428416","4.455832278728485","2.9118799399951576"
"Strategy 2","2","True","True","52","1","KB(OH)₄","deepseek-v3.2-think","5′-Deoxy-5′-Iodoguanosine","Gel","3.912831664085388","5.055261731147766","4.712532711029052","6.683458946841632","0.6256183258378537","4.712532711029052","3.1503652537240407"
"Strategy 3","3","False","False","52","1","KB(OH)₄","deepseek-v3.2-think","5′-Deoxy-5′-Iodoguanosine","Gel","4.157663106918335","5.013170083363851","4.756517990430196","6.5241708475181905","0.6479462062566153","4.756517990430196","2.728085819500772"
"Strategy 0","0","False","False","53","1","H₂O","deepseek-v3.2-think","N₄-tetradecanoyl-2'-deoxycytidine","No Gel","5.140887260437012","5.528978745142619","5.412551299730936","6.219121506047802","0.5601097981467394","5.412551299730936","1.4400215975253454"
"Strategy 1","1","True","True","53","1","H₂O","deepseek-v3.2-think","N₄-tetradecanoyl-2'-deoxycytidine","No Gel","5.11117426554362","5.600546916325887","5.453735121091206","6.460542152463927","0.516483915492548","5.453735121091206","1.949348278179337"
"Strategy 2","2","True","True","53","1","H₂O","deepseek-v3.2-think","N₄-tetradecanoyl-2'-deoxycytidine","No Gel","4.915251096089681","5.468956232070923","5.30284469127655","6.316820048916247","0.5420833531386954","5.30284469127655","1.8705155798803232"
"Strategy 3","3","True","True","53","1","H₂O","deepseek-v3.2-think","N₄-tetradecanoyl-2'-deoxycytidine","No Gel","4.874100208282471","5.325332005818685","5.18996246655782","6.314093660199364","0.5809373840855805","5.18996246655782","1.9350298748822525"
"Strategy 0","0","True","True","53","2","EtOH/H₂O","deepseek-v3.2-think","N₄-tetradecanoyl-2'-deoxycytidine","Gel","5.426820755004883","5.770757595698039","5.667576543490092","6.323790085038474","0.5439455486532201","5.667576543490092","1.2063956459853946"
"Strategy 1","1","True","True","53","2","EtOH/H₂O","deepseek-v3.2-think","N₄-tetradecanoyl-2'-deoxycytidine","Gel","4.937348365783691","5.390621264775594","5.254639395078023","6.495881061775738","0.5805823052161719","5.254639395078023","2.1379254165101638"
"Strategy 2","2","True","True","53","2","EtOH/H₂O","deepseek-v3.2-think","N₄-tetradecanoyl-2'-deoxycytidine","Gel","4.53307310740153","5.255759000778198","5.038953232765198","6.329804835085413","0.5791989901823165","5.038953232765198","2.2286841382680747"
"Strategy 3","3","True","True","53","2","EtOH/H₂O","deepseek-v3.2-think","N₄-tetradecanoyl-2'-deoxycytidine","Gel","4.312434514363607","5.04431414604187","4.824750256538391","6.342154168589786","0.6331222313543556","4.824750256538391","2.3966997791333458"
"Strategy 0","0","False","False","54","1","H₂O","deepseek-v3.2-think","N₄-dodecanoyl-2'-deoxycytidine","No Gel","5.564013640085856","6.1858164469401045","5.99927560488383","6.161752233209535","0.6047217300368395","5.99927560488383","0.2686799899117352"
"Strategy 1","1","True","True","54","1","H₂O","deepseek-v3.2-think","N₄-dodecanoyl-2'-deoxycytidine","No Gel","5.831149419148763","6.4429536660512285","6.259412391980489","6.609239520151793","0.5278034230523961","6.259412391980489","0.6627981420586128"
"Strategy 2","2","True","True","54","1","H₂O","deepseek-v3.2-think","N₄-dodecanoyl-2'-deoxycytidine","No Gel","5.754581610361735","6.402617534001668","6.208206756909688","6.5078270764313935","0.5619695326149622","6.208206756909688","0.5331611451024914"
"Strategy 3","3","True","True","54","1","H₂O","deepseek-v3.2-think","N₄-dodecanoyl-2'-deoxycytidine","No Gel","5.526951789855957","6.111091136932373","5.935849332809447","6.429865670204163","0.577358875079804","5.935849332809447","0.8556486419758106"
"Strategy 0","0","True","True","54","2","EtOH/H₂O","deepseek-v3.2-think","N₄-dodecanoyl-2'-deoxycytidine","Gel","5.01605749130249","6.255199193954468","5.883456683158873","6.247310464018691","0.5530801074917913","5.883456683158873","0.6578681386858914"
"Strategy 1","1","True","True","54","2","EtOH/H₂O","deepseek-v3.2-think","N₄-dodecanoyl-2'-deoxycytidine","Gel","5.411482175191243","6.124288717905681","5.910446755091349","6.7778187230575915","0.5818316990382416","5.910446755091349","1.4907609355076294"
"Strategy 2","2","True","True","54","2","EtOH/H₂O","deepseek-v3.2-think","N₄-dodecanoyl-2'-deoxycytidine","Gel","5.0622429847717285","5.936728000640869","5.674382495880127","6.5260801544485165","0.6173137742339012","5.674382495880127","1.379683548492602"
"Strategy 3","3","True","True","54","2","EtOH/H₂O","deepseek-v3.2-think","N₄-dodecanoyl-2'-deoxycytidine","Gel","4.6454668045043945","5.851411104202271","5.4896278142929065","6.350118066790183","0.641426237177749","5.4896278142929065","1.341526433785124"
"Strategy 0","0","False","False","55","1","H₂O","deepseek-v3.2-think","N₄-decanoyl-2'-deoxycytidine","No Gel","6.367319822311401","7.019577503204346","6.823900198936462","6.372797267011893","0.5485768796810039","6.823900198936462","-0.8223148817115378"
"Strategy 1","1","True","True","55","1","H₂O","deepseek-v3.2-think","N₄-decanoyl-2'-deoxycytidine","No Gel","6.440550009409587","7.1544374624888105","6.940271226565042","6.757828766739029","0.5339598226230454","6.940271226565042","-0.34167825386145373"
"Strategy 2","2","True","True","55","1","H₂O","deepseek-v3.2-think","N₄-decanoyl-2'-deoxycytidine","No Gel","6.468693733215332","7.235141674677531","7.005207292238871","6.705678217540416","0.5382121978141495","7.005207292238871","-0.5565259871755744"
"Strategy 3","3","True","True","55","1","H₂O","deepseek-v3.2-think","N₄-decanoyl-2'-deoxycytidine","No Gel","5.572840690612793","6.417101144790649","6.1638230085372925","6.36542926527733","0.5836222119851417","6.1638230085372925","0.3454396570245168"
"Strategy 0","0","True","True","55","2","EtOH/H₂O","deepseek-v3.2-think","N₄-decanoyl-2'-deoxycytidine","Gel","5.192558447519938","5.82249387105306","5.633513243993124","6.131531679784296","0.6142662290993108","5.633513243993124","0.8107534033271029"
"Strategy 1","1","True","True","55","2","EtOH/H₂O","deepseek-v3.2-think","N₄-decanoyl-2'-deoxycytidine","Gel","5.026891708374023","5.666284799575806","5.474466872215271","6.5246986759417425","0.6012008958490719","5.474466872215271","1.746889951391766"
"Strategy 2","2","True","True","55","2","EtOH/H₂O","deepseek-v3.2-think","N₄-decanoyl-2'-deoxycytidine","Gel","4.713172435760498","5.638753016789754","5.361078842480977","6.413520272449621","0.5822211799909947","5.361078842480977","1.80763164607808"
"Strategy 3","3","True","True","55","2","EtOH/H₂O","deepseek-v3.2-think","N₄-decanoyl-2'-deoxycytidine","Gel","4.848938465118408","5.705138047536214","5.4482781728108725","6.399704736147739","0.599983219744277","5.4482781728108725","1.5857552878601848"
"Strategy 0","0","True","True","56","1","H₂O","deepseek-v3.2-think","N₄-octanoyl-2'-deoxycytidine","Gel","6.037836074829102","6.820223569869995","6.585507321357727","6.277654575192651","0.5737694638929824","6.585507321357727","-0.5365443188215671"
"Strategy 1","1","False","False","56","1","H₂O","deepseek-v3.2-think","N₄-octanoyl-2'-deoxycytidine","Gel","6.540765126546224","7.14395546913147","6.962998366355895","6.40081918603074","0.5562828595453447","6.962998366355895","-1.01059950109667"
"Strategy 2","2","False","False","56","1","H₂O","deepseek-v3.2-think","N₄-octanoyl-2'-deoxycytidine","Gel","6.693271319071452","7.286210060119629","7.1083284378051745","6.471745282550191","0.5599638748277042","7.108328437805175","-1.1368289703525156"
"Strategy 3","3","False","False","56","1","H₂O","deepseek-v3.2-think","N₄-octanoyl-2'-deoxycytidine","Gel","6.0978929201761884","6.957681099573772","6.699744645754495","6.071549722760222","0.6338325729277904","6.699744645754495","-0.9911054588004584"
"Strategy 0","0","True","True","56","2","EtOH/H₂O","deepseek-v3.2-think","N₄-octanoyl-2'-deoxycytidine","Gel","6.032836119333903","6.571589310963948","6.409963353474935","6.494751269010303","0.5712057934185456","6.409963353474935","0.1484367219525737"
"Strategy 1","1","True","True","56","2","EtOH/H₂O","deepseek-v3.2-think","N₄-octanoyl-2'-deoxycytidine","Gel","6.022044817606608","6.466497421264648","6.333161640167236","6.464887025251562","0.614461144359887","6.333161640167236","0.21437545122816537"
"Strategy 2","2","False","False","56","2","EtOH/H₂O","deepseek-v3.2-think","N₄-octanoyl-2'-deoxycytidine","Gel","5.717422008514404","6.486387252807617","6.255697679519653","6.164221686355827","0.600654175092467","6.255697679519653","-0.15229394376513516"
"Strategy 3","3","True","True","56","2","EtOH/H₂O","deepseek-v3.2-think","N₄-octanoyl-2'-deoxycytidine","Gel","5.2252724170684814","5.827470421791077","5.646811020374297","6.340421006753463","0.6841995271765972","5.646811020374297","1.0137539691694923"
"Strategy 0","0","False","False","57","1","H₂O","deepseek-v3.2-think","N₄-hexanoyl-2'-deoxycytidine","No Gel","5.925040245056152","6.9827360312143965","6.665427295366922","6.092708972689409","0.6249962583398908","6.665427295366922","-0.9163548021851559"
"Strategy 1","1","True","True","57","1","H₂O","deepseek-v3.2-think","N₄-hexanoyl-2'-deoxycytidine","No Gel","5.702770709991455","6.772830883661906","6.45181283156077","6.296378033968212","0.5515707565814606","6.45181283156077","-0.28180391316594744"
"Strategy 2","2","True","True","57","1","H₂O","deepseek-v3.2-think","N₄-hexanoyl-2'-deoxycytidine","No Gel","5.982439994812012","6.837714513142903","6.581132157643636","6.447088352839152","0.5423228425347134","6.581132157643636","-0.24716606842151323"
"Strategy 3","3","True","True","57","1","H₂O","deepseek-v3.2-think","N₄-hexanoyl-2'-deoxycytidine","No Gel","5.653176784515381","6.39031966527303","6.169176801045736","6.201439638532102","0.6234275567407253","6.169176801045736","0.05175074014218381"
"Strategy 0","0","False","False","57","2","EtOH/H₂O","deepseek-v3.2-think","N₄-hexanoyl-2'-deoxycytidine","No Gel","6.686571439107259","7.618700424830119","7.3390617291132605","6.395785600516839","0.5853876734978029","7.3390617291132605","-1.6113699883022254"
"Strategy 1","1","False","False","57","2","EtOH/H₂O","deepseek-v3.2-think","N₄-hexanoyl-2'-deoxycytidine","No Gel","6.66394583384196","7.594650586446126","7.315439160664876","6.402312623684412","0.6156970937391739","7.315439160664876","-1.4830775494407142"
"Strategy 2","2","False","False","57","2","EtOH/H₂O","deepseek-v3.2-think","N₄-hexanoyl-2'-deoxycytidine","No Gel","6.514086087544759","7.415890296300252","7.145349033673604","6.40878971966046","0.5611086973702374","7.145349033673604","-1.3126856123692177"
"Strategy 3","3","False","False","57","2","EtOH/H₂O","deepseek-v3.2-think","N₄-hexanoyl-2'-deoxycytidine","No Gel","6.2317328453063965","7.333482583363851","7.002957661946614","6.435464377982364","0.6193902757558882","7.002957661946614","-0.9162127759782727"
"Strategy 0","0","True","True","58","1","H₂O","deepseek-v3.2-think","N₄-tetradecanoyl-2′,3′-dideoxycytidine","No Gel","6.101856231689453","6.549322605133057","6.415082693099976","6.478882556368214","0.5436444183581909","6.415082693099976","0.11735586922958677"
"Strategy 1","1","True","True","58","1","H₂O","deepseek-v3.2-think","N₄-tetradecanoyl-2′,3′-dideoxycytidine","No Gel","5.449715932210286","6.056253830591838","5.8742924610773715","6.326669683875347","0.5738777024890376","5.874292461077372","0.7882815813123831"
"Strategy 2","2","True","True","58","1","H₂O","deepseek-v3.2-think","N₄-tetradecanoyl-2′,3′-dideoxycytidine","No Gel","5.684295654296875","6.2560191949208575","6.084502132733662","6.419587982101341","0.5371858263543334","6.084502132733662","0.6237801388800094"
"Strategy 3","3","True","True","58","1","H₂O","deepseek-v3.2-think","N₄-tetradecanoyl-2′,3′-dideoxycytidine","No Gel","5.24057133992513","5.851967970530192","5.668548981348674","6.1718229895722345","0.6192697726339237","5.668548981348674","0.8126894456401428"
"Strategy 0","0","True","True","58","2","EtOH/H₂O","deepseek-v3.2-think","N₄-tetradecanoyl-2′,3′-dideoxycytidine","Gel","4.832481702168782","5.6506437460581465","5.405195132891337","6.205966233221442","0.5729601827395113","5.405195132891337","1.397603401516236"
"Strategy 1","1","True","True","58","2","EtOH/H₂O","deepseek-v3.2-think","N₄-tetradecanoyl-2′,3′-dideoxycytidine","Gel","5.000734647115071","5.854550361633301","5.598405647277832","6.420263118398897","0.6138703249056552","5.598405647277832","1.3388128368110568"
"Strategy 2","2","True","True","58","2","EtOH/H₂O","deepseek-v3.2-think","N₄-tetradecanoyl-2′,3′-dideoxycytidine","Gel","5.092672665913899","5.978798866271973","5.712961006164551","6.414760814834319","0.5826547145681124","5.712961006164551","1.2044866215318821"
"Strategy 3","3","True","True","58","2","EtOH/H₂O","deepseek-v3.2-think","N₄-tetradecanoyl-2′,3′-dideoxycytidine","Gel","4.34498405456543","5.718316316604614","5.306316637992858","6.264360631959999","0.5963736946748911","5.306316637992858","1.6064491149117694"
"Strategy 0","0","True","True","59","1","H₂O","deepseek-v3.2-think","N₄-dodecanoyl-2′,3′-dideoxycytidine","No Gel","5.41610312461853","6.489227890968323","6.167290461063384","6.141032683294872","0.6251862905132275","6.167290461063384","-0.04199992572926783"
"Strategy 1","1","True","True","59","1","H₂O","deepseek-v3.2-think","N₄-dodecanoyl-2′,3′-dideoxycytidine","No Gel","5.452042579650879","6.471103588740031","6.165385286013286","6.2779605376936045","0.6031017255439222","6.165385286013286","0.18666047021966342"
"Strategy 2","2","True","True","59","1","H₂O","deepseek-v3.2-think","N₄-dodecanoyl-2′,3′-dideoxycytidine","No Gel","5.616538206736247","6.494426250457764","6.231059837341308","6.375889378678274","0.6180286073421576","6.231059837341308","0.23434116093720628"
"Strategy 3","3","True","True","59","1","H₂O","deepseek-v3.2-think","N₄-dodecanoyl-2′,3′-dideoxycytidine","No Gel","5.582103729248047","6.526280879974365","6.2430277347564695","6.426756105866543","0.6589291672681459","6.2430277347564695","0.2788287121539832"
"Strategy 0","0","True","True","59","2","EtOH/H₂O","deepseek-v3.2-think","N₄-dodecanoyl-2′,3′-dideoxycytidine","Gel","4.986900011698405","6.247830470403035","5.869551332791645","6.276574749539989","0.5405455669537678","5.869551332791645","0.7529863190667073"
"Strategy 1","1","True","True","59","2","EtOH/H₂O","deepseek-v3.2-think","N₄-dodecanoyl-2′,3′-dideoxycytidine","Gel","4.449535210927327","5.846149365107219","5.42716511885325","6.409724098028138","0.6416516562984148","5.42716511885325","1.53129656805238"
"Strategy 2","2","True","True","59","2","EtOH/H₂O","deepseek-v3.2-think","N₄-dodecanoyl-2′,3′-dideoxycytidine","Gel","4.764783382415772","6.114227135976155","5.709394009908039","6.5593990438052225","0.5713743542132013","5.709394009908039","1.48764995773684"
"Strategy 3","3","True","True","59","2","EtOH/H₂O","deepseek-v3.2-think","N₄-dodecanoyl-2′,3′-dideoxycytidine","Gel","4.30397351582845","5.887766440709432","5.4126285632451365","6.383627961833962","0.6256426596065466","5.4126285632451365","1.5520031821350972"
"Strategy 0","0","True","True","60","1","H₂O","deepseek-v3.2-think","N₄-decanoyl-2′,3′-dideoxycytidine","No Gel","5.879246473312378","6.724153757095337","6.470681571960449","6.267699153940805","0.5537337144784816","6.470681571960449","-0.36657045202822186"
"Strategy 1","1","True","True","60","1","H₂O","deepseek-v3.2-think","N₄-decanoyl-2′,3′-dideoxycytidine","No Gel","5.929493427276611","6.54181178410848","6.358116277058919","6.435115215821475","0.5722536319337206","6.358116277058919","0.13455386644269374"
"Strategy 2","2","True","True","60","1","H₂O","deepseek-v3.2-think","N₄-decanoyl-2′,3′-dideoxycytidine","No Gel","5.798446496327718","6.588779926300049","6.351679897308348","6.355479648254947","0.5766529233108327","6.351679897308348","0.006589320530593817"
"Strategy 3","3","True","True","60","1","H₂O","deepseek-v3.2-think","N₄-decanoyl-2′,3′-dideoxycytidine","No Gel","5.360918839772542","6.198147694269816","5.9469790379206335","6.261894146601359","0.6298757565150851","5.9469790379206335","0.4999638506855023"
"Strategy 0","0","True","True","60","2","EtOH/H₂O","deepseek-v3.2-think","N₄-decanoyl-2′,3′-dideoxycytidine","Gel","4.46425739924113","5.654629151026408","5.297517625490825","6.098264338557417","0.5551639056630485","5.297517625490825","1.4423609044075667"
"Strategy 1","1","True","True","60","2","EtOH/H₂O","deepseek-v3.2-think","N₄-decanoyl-2′,3′-dideoxycytidine","Gel","4.427043040593465","5.498231808344523","5.1768751780192055","6.524880832911152","0.5541584733185485","5.1768751780192055","2.4325273722144614"
"Strategy 2","2","True","True","60","2","EtOH/H₂O","deepseek-v3.2-think","N₄-decanoyl-2′,3′-dideoxycytidine","Gel","4.050550063451131","5.47653849919637","5.048741968472799","6.37275330355001","0.5581021585565565","5.048741968472799","2.3723458416673355"
"Strategy 3","3","True","True","60","2","EtOH/H₂O","deepseek-v3.2-think","N₄-decanoyl-2′,3′-dideoxycytidine","Gel","4.018892129262288","5.530490716298421","5.077011140187581","6.350351095815653","0.5896929309722881","5.077011140187581","2.1593271493497195"
"Strategy 0","0","False","False","61","1","H₂O","deepseek-v3.2-think","N₄-octanoyl-2′,3′-dideoxycytidine","No Gel","5.879032850265503","6.893944263458252","6.589470839500427","6.013897232584251","0.5897771460465425","6.589470839500427","-0.975917108308491"
"Strategy 1","1","True","True","61","1","H₂O","deepseek-v3.2-think","N₄-octanoyl-2′,3′-dideoxycytidine","No Gel","5.849373817443848","6.972624858220418","6.635649545987447","6.3847259674885475","0.5960318889188868","6.635649545987447","-0.42099019056520237"
"Strategy 2","2","True","True","61","1","H₂O","deepseek-v3.2-think","N₄-octanoyl-2′,3′-dideoxycytidine","No Gel","6.107931454976399","7.07596484820048","6.785554830233256","6.4244220665875025","0.5759604704219863","6.785554830233256","-0.627009633805535"
"Strategy 3","3","True","True","61","1","H₂O","deepseek-v3.2-think","N₄-octanoyl-2′,3′-dideoxycytidine","No Gel","6.217855294545491","7.224022626876831","6.922172427177429","6.446981653625034","0.6315479663226106","6.922172427177429","-0.7524223002717353"
"Strategy 0","0","True","True","61","2","EtOH/H₂O","deepseek-v3.2-think","N₄-octanoyl-2′,3′-dideoxycytidine","Gel","4.900213718414307","5.707603693008423","5.465386700630188","6.083989064268363","0.5755329883742628","5.465386700630188","1.0748338950744982"
"Strategy 1","1","True","True","61","2","EtOH/H₂O","deepseek-v3.2-think","N₄-octanoyl-2′,3′-dideoxycytidine","Gel","4.863895734151204","5.7094798882802325","5.4558046420415245","6.3016467430794885","0.5935079166593458","5.4558046420415245","1.4251572342942307"
"Strategy 2","2","True","True","61","2","EtOH/H₂O","deepseek-v3.2-think","N₄-octanoyl-2′,3′-dideoxycytidine","Gel","4.771417140960693","5.961429357528687","5.604425692558288","6.384111858399955","0.5556463624122151","5.604425692558288","1.403205741250304"
"Strategy 3","3","True","True","61","2","EtOH/H₂O","deepseek-v3.2-think","N₄-octanoyl-2′,3′-dideoxycytidine","Gel","4.334379514058431","5.274180014928182","4.992239864667256","6.184539163697905","0.6394480651524131","4.992239864667256","1.8645756614283655"
"Strategy 0","0","False","False","62","1","H₂O","deepseek-v3.2-think","5'-O-Decanoylgemcitabine","No Gel","5.379051367441813","5.691052357355754","5.5974520603815705","6.463895043907855","0.5917979044976095","5.5974520603815705","1.4640859268703013"
"Strategy 1","1","True","True","62","1","H₂O","deepseek-v3.2-think","5'-O-Decanoylgemcitabine","No Gel","5.141873677571614","5.628326733907064","5.482390817006429","6.633369921960264","0.5625086587412435","5.482390817006429","2.046153578381253"
"Strategy 2","2","True","True","62","1","H₂O","deepseek-v3.2-think","5'-O-Decanoylgemcitabine","No Gel","5.835901896158855","6.190966685612996","6.084447248776754","7.032991813812453","0.5580801074699931","6.084447248776754","1.6996566484618887"
"Strategy 3","3","True","True","62","1","H₂O","deepseek-v3.2-think","5'-O-Decanoylgemcitabine","No Gel","4.9662526448567705","5.301852862040202","5.201172796885172","6.4752335139331265","0.5823684787890798","5.201172796885172","2.1877226591952783"
"Strategy 0","0","False","False","62","2","EtOH/H₂O","deepseek-v3.2-think","5'-O-Decanoylgemcitabine","No Gel","4.526665051778157","5.4491316477457685","5.172391668955485","6.19894856328496","0.5603598291547007","5.172391668955485","1.831960181510565"
"Strategy 1","1","True","True","62","2","EtOH/H₂O","deepseek-v3.2-think","5'-O-Decanoylgemcitabine","No Gel","5.020153363545735","5.674857378005981","5.4784461736679075","6.604806688528035","0.5293012972388513","5.478446173667908","2.1280138944224976"
"Strategy 2","2","True","True","62","2","EtOH/H₂O","deepseek-v3.2-think","5'-O-Decanoylgemcitabine","No Gel","4.923894882202148","5.461779038111369","5.3004137913386025","6.7302133249065985","0.6217699558065105","5.3004137913386025","2.2995635607921483"
"Strategy 3","3","True","True","62","2","EtOH/H₂O","deepseek-v3.2-think","5'-O-Decanoylgemcitabine","No Gel","4.733731746673584","5.450369437535604","5.235378130276998","6.409339023622123","0.5647377558860481","5.235378130276998","2.078771750444121"
"Strategy 0","0","False","False","63","1","H₂O","deepseek-v3.2-think","5′-O-Octanoylgemcitabine","No Gel","4.962970018386841","5.47968065738678","5.324667465686797","6.290016623892526","0.5906645581138296","5.324667465686797","1.634344138216757"
"Strategy 1","1","True","True","63","1","H₂O","deepseek-v3.2-think","5′-O-Octanoylgemcitabine","No Gel","5.238921006520589","5.543176333109538","5.451899735132852","6.691208066743166","0.5909079571197904","5.451899735132852","2.0972950468478424"
"Strategy 2","2","True","True","63","1","H₂O","deepseek-v3.2-think","5′-O-Octanoylgemcitabine","No Gel","5.158777077992757","5.793896675109863","5.603360795974731","6.636929777734347","0.5213119877800134","5.603360795974731","1.982630374875952"
"Strategy 3","3","True","True","63","1","H₂O","deepseek-v3.2-think","5′-O-Octanoylgemcitabine","No Gel","4.786348819732666","5.491950352986653","5.280269893010457","6.424563844197788","0.56374641200155","5.280269893010457","2.0298026325783245"
"Strategy 0","0","False","False","63","2","EtOH/H₂O","deepseek-v3.2-think","5′-O-Octanoylgemcitabine","No Gel","4.764911651611328","5.366789102554321","5.186225867271423","6.286174154343223","0.5699814618020574","5.186225867271423","1.9297966000406317"
"Strategy 1","1","True","True","63","2","EtOH/H₂O","deepseek-v3.2-think","5′-O-Octanoylgemcitabine","No Gel","5.15975554784139","5.831536372502645","5.6300021251042685","6.794622107500869","0.5569549530999024","5.6300021251042685","2.091048792931194"
"Strategy 2","2","True","True","63","2","EtOH/H₂O","deepseek-v3.2-think","5′-O-Octanoylgemcitabine","No Gel","5.1149360338846845","5.703376293182373","5.526844215393067","6.754151907078056","0.5903022175530216","5.526844215393067","2.0791175353745825"
"Strategy 3","3","True","True","63","2","EtOH/H₂O","deepseek-v3.2-think","5′-O-Octanoylgemcitabine","No Gel","4.768430868784587","5.3224555651346845","5.156248156229655","6.3331028038833175","0.5918816025711116","5.156248156229655","1.988327804989123"
"Strategy 0","0","True","True","64","1","KCl","deepseek-v3.2-think","L-Guanosine","Gel","4.78759225209554","5.551331837972005","5.322209962209065","6.457954973952715","0.718894478441485","5.322209962209065","1.5798494018285807"
"Strategy 1","1","True","True","64","1","KCl","deepseek-v3.2-think","L-Guanosine","Gel","4.444470882415772","5.419506152470906","5.1269955714543665","6.382495507775043","0.6554593601761193","5.126995571454367","1.9154504651262112"
"Strategy 2","2","True","True","64","1","KCl","deepseek-v3.2-think","L-Guanosine","Gel","4.513530890146892","5.605382521947225","5.277827032407125","6.444578918560531","0.626100140641993","5.277827032407125","1.8635227983770084"
"Strategy 3","3","True","True","64","1","KCl","deepseek-v3.2-think","L-Guanosine","Gel","4.515459855397542","5.281938711802165","5.051995054880778","6.166241042435322","0.6757135353537238","5.051995054880778","1.6489916647462992"
"Strategy 0","0","True","True","64","2","NaB(OH)₄","deepseek-v3.2-think","L-Guanosine","Gel","4.793703079223633","5.982155481974284","5.625619761149088","6.42168328318485","0.666444688175966","5.625619761149088","1.1944930106871394"
"Strategy 1","1","False","False","64","2","NaB(OH)₄","deepseek-v3.2-think","L-Guanosine","Gel","5.4827189445495605","6.375264247258504","6.107500656445821","6.531798433579831","0.6649900634536786","6.107500656445821","0.6380513040005223"
"Strategy 2","2","True","True","64","2","NaB(OH)₄","deepseek-v3.2-think","L-Guanosine","Gel","5.657071749369304","6.39873472849528","6.176235834757487","6.7647557625782895","0.6160137377736536","6.176235834757487","0.9553681869949567"
"Strategy 3","3","True","True","64","2","NaB(OH)₄","deepseek-v3.2-think","L-Guanosine","Gel","5.954580148061116","6.633787234624227","6.430025108655293","6.899855293106354","0.6151164536598882","6.430025108655293","0.7638068883633543"
"Strategy 0","0","True","True","1","1","Tb(NO₃)₃ or Dy(NO₃)₃","grok-4.3","Deoxyguanosine (dG)","Gel","4.871764500935872","5.874147653579712","5.573432707786561","6.292077680890873","0.6270999309806722","5.573432707786561","1.145981585391789"
"Strategy 1","1","False","False","1","1","Tb(NO₃)₃ or Dy(NO₃)₃","grok-4.3","Deoxyguanosine (dG)","Gel","5.714585463205974","6.4668199221293134","6.2411495844523115","6.741061443814318","0.6658216738868881","6.241149584452312","0.7508194445573622"
"Strategy 2","2","True","True","1","1","Tb(NO₃)₃ or Dy(NO₃)₃","grok-4.3","Deoxyguanosine (dG)","Gel","4.747876803080241","5.72010604540507","5.421622029940287","6.255789379001587","0.6475749533558922","5.4284372727076216","1.288140229541677"
"Strategy 3","3","True","True","1","1","Tb(NO₃)₃ or Dy(NO₃)₃","grok-4.3","Deoxyguanosine (dG)","Gel","5.487939675649007","6.309930324554443","6.063333129882811","6.47941683804958","0.6559025784391875","6.063333129882811","0.6343681544245459"
"Strategy 0","0","True","True","1","2","LiCl","grok-4.3","Deoxyguanosine (dG)","No Gel","4.62817120552063","5.570377826690674","5.28771584033966","6.557838519414266","0.7092871415790947","5.28771584033966","1.790703094161437"
"Strategy 1","1","True","True","1","2","LiCl","grok-4.3","Deoxyguanosine (dG)","No Gel","4.709149996439616","5.615776856740316","5.343788798650105","6.87885993253969","0.7448864664164463","5.343788798650105","2.060812221860623"
"Strategy 2","2","True","True","1","2","LiCl","grok-4.3","Deoxyguanosine (dG)","No Gel","4.548873583475749","5.329402367273967","5.095243732134501","6.793474022485797","0.7674717372768796","5.095243732134501","2.2127593862634027"
"Strategy 3","3","True","True","1","2","LiCl","grok-4.3","Deoxyguanosine (dG)","No Gel","4.225104967753093","5.160630067189534","4.879972537358602","6.483925628538894","0.7708637099571649","4.879972537358602","2.080722014102104"
"Strategy 0","0","False","False","1","3","NaCl","grok-4.3","Deoxyguanosine (dG)","No Gel","4.302993933359782","5.394226868947347","5.066856988271077","6.194525833893807","0.6255715040457063","5.066856988271077","1.8026218239319591"
"Strategy 1","1","True","True","1","3","NaCl","grok-4.3","Deoxyguanosine (dG)","No Gel","4.9012220700581866","5.811628262201945","5.538506404558817","6.659070596091199","0.6633811982487974","5.538506404558817","1.6891708635856175"
"Strategy 2","2","True","True","1","3","NaCl","grok-4.3","Deoxyguanosine (dG)","No Gel","4.887387911478679","5.733480056126912","5.479652412732442","6.820781719715404","0.7024678173844455","5.479652412732442","1.9091683259974754"
"Strategy 3","3","True","True","1","3","NaCl","grok-4.3","Deoxyguanosine (dG)","No Gel","4.569164355595906","5.650108098983765","5.325824975967406","6.628971260955475","0.640788229710037","5.325824975967406","2.033661394775861"
"Strategy 0","0","True","True","1","4","KCl","grok-4.3","Deoxyguanosine (dG)","Gel","4.096104145050049","5.520954688390096","5.093499525388082","6.411143458290001","0.6616043451942749","5.093499525388082","1.9915889949528716"
"Strategy 1","1","False","False","1","4","KCl","grok-4.3","Deoxyguanosine (dG)","Gel","3.9093693097432456","5.493272542953491","5.018101572990417","6.6692990589511485","0.6799915497561342","5.018101572990417","2.428261772595412"
"Strategy 2","2","True","True","1","4","KCl","grok-4.3","Deoxyguanosine (dG)","Gel","3.5598949193954468","5.159565091133118","4.679664039611817","6.36592666289603","0.7479906952945068","4.679664039611817","2.2543898391948307"
"Strategy 3","3","True","True","1","4","KCl","grok-4.3","Deoxyguanosine (dG)","Gel","3.934928099314372","5.252076546351115","4.856932012240091","6.437569602453738","0.7517142926944135","4.856932012240091","2.1027105717892836"
"Strategy 0","0","False","False","1","5","KB(OH)₄","grok-4.3","Deoxyguanosine (dG)","No Gel","4.796469529469808","5.884383678436279","5.558009433746338","6.173017547974598","0.6770342019518653","5.558009433746338","0.9083855918286164"
"Strategy 1","1","False","False","1","5","KB(OH)₄","grok-4.3","Deoxyguanosine (dG)","No Gel","4.952955007553101","5.685555458068848","5.465775322914123","6.244546830561734","0.7256331909037654","5.465775322914123","1.0732302731048762"
"Strategy 2","2","True","True","1","5","KB(OH)₄","grok-4.3","Deoxyguanosine (dG)","No Gel","5.0054612159729","5.96369202931722","5.676222785313924","6.608363567088617","0.6439943195569034","5.676222785313924","1.4474363413889217"
"Strategy 3","3","True","True","1","5","KB(OH)₄","grok-4.3","Deoxyguanosine (dG)","No Gel","4.9759674072265625","5.972608248392741","5.673615996042887","6.6773983174208205","0.7362129912762341","5.673615996042887","1.3634401094143485"
"Strategy 0","0","False","False","2","1","Tb(NO₃)₃ or Eu(NO₃)₃","grok-4.3","Thymidine (T)","Gel","5.554277261098226","6.26853593190511","6.054258330663045","6.690861588855122","0.5046830471581244","6.054258330663045","1.2613921980870892"
"Strategy 1","1","True","True","2","1","Tb(NO₃)₃ or Eu(NO₃)₃","grok-4.3","Thymidine (T)","Gel","4.919571717580159","6.083276510238648","5.734165072441101","6.630888533777044","0.45016981156705244","5.734165072441101","1.9919671161742845"
"Strategy 2","2","True","True","2","1","Tb(NO₃)₃ or Eu(NO₃)₃","grok-4.3","Thymidine (T)","Gel","4.633626143137614","5.724967002868652","5.39756474494934","6.521441649589735","0.5125489747866416","5.39756474494934","2.1927210079938817"
"Strategy 3","3","True","True","2","1","Tb(NO₃)₃ or Eu(NO₃)₃","grok-4.3","Thymidine (T)","Gel","4.189141511917114","5.459596872329712","5.078460264205932","6.454188834234725","0.5723479839029363","5.078460264205932","2.403657580214523"
"Strategy 0","0","False","False","3","1","Tb(NO₃)₃ or Eu(NO₃)₃","grok-4.3","Uridine (U)","Gel","5.348202228546143","6.571889400482178","6.204783248901366","6.665597446667132","0.5159049575639147","6.204783248901366","0.8932152928743198"
"Strategy 1","1","False","False","3","1","Tb(NO₃)₃ or Eu(NO₃)₃","grok-4.3","Uridine (U)","Gel","5.617482344309489","6.613511403401692","6.314702685674031","6.558747824957204","0.5112802392428071","6.314702685674031","0.4773216732267961"
"Strategy 2","2","True","True","3","1","Tb(NO₃)₃ or Eu(NO₃)₃","grok-4.3","Uridine (U)","Gel","4.71608289082845","5.965101003646851","5.590395569801331","6.595917688783749","0.5358276388628636","5.590395569801331","1.8765775522821917"
"Strategy 3","3","True","True","3","1","Tb(NO₃)₃ or Eu(NO₃)₃","grok-4.3","Uridine (U)","Gel","4.634177207946777","5.731939633687337","5.402610905965169","6.6129371367683705","0.4488902840663386","5.402610905965169","2.696262926074683"
"Strategy 0","0","True","True","3","2","B(OH)₃ + AgNO₃","grok-4.3","Uridine (U)","No Gel","4.104182720184326","5.479241450627645","5.066723831494649","6.440957830365005","0.4872619534078285","5.066723831494649","2.8203186997449605"
"Strategy 1","1","True","True","3","2","B(OH)₃ + AgNO₃","grok-4.3","Uridine (U)","No Gel","4.946175575256348","5.983000040054321","5.67195270061493","6.441704302117498","0.5117252074360699","5.67195270061493","1.5042284224365352"
"Strategy 2","2","True","True","3","2","B(OH)₃ + AgNO₃","grok-4.3","Uridine (U)","No Gel","3.806292613347372","4.915054321289063","4.582425808906556","6.71496164238114","0.5967787409094558","4.582425808906556","3.5734111946158214"
"Strategy 3","3","True","True","3","2","B(OH)₃ + AgNO₃","grok-4.3","Uridine (U)","No Gel","3.5774121284484863","4.694566011428833","4.3594198465347285","6.504897058102511","0.5411071553418476","4.3594198465347285","3.964976604702935"
"Strategy 0","0","True","True","4","1","LiCl","grok-4.3","Isoguanosine (isoG)","Gel","3.9518672227859497","5.104153156280518","4.758467376232147","6.267100662131642","0.6510851746671285","4.758467376232147","2.3171058789209775"
"Strategy 1","1","False","False","4","1","LiCl","grok-4.3","Isoguanosine (isoG)","Gel","4.602476278940837","5.7616868019104","5.4139236450195325","6.625436315610427","0.636481468860009","5.4139236450195325","1.903453171638782"
"Strategy 2","2","False","False","4","1","LiCl","grok-4.3","Isoguanosine (isoG)","Gel","4.783693790435791","6.027817845344544","5.654580628871917","6.644482861470807","0.6358810145320376","5.654580628871917","1.5567412927517355"
"Strategy 3","3","True","True","4","1","LiCl","grok-4.3","Isoguanosine (isoG)","Gel","4.338942766189575","5.319689671198527","5.025465599695841","6.40912896693523","0.6848127045604773","5.025465599695841","2.0204989744275315"
"Strategy 0","0","True","True","4","2","NaCl","grok-4.3","Isoguanosine (isoG)","Gel","3.78162948290507","5.3809207280476885","4.9011333545049025","6.184016973719732","0.5998179165850992","4.901133354504903","2.1387884285260768"
"Strategy 1","1","False","False","4","2","NaCl","grok-4.3","Isoguanosine (isoG)","Gel","4.305681069691976","5.538513978322347","5.168664105733235","6.590803434004771","0.6651770782722085","5.168664105733235","2.137986071266211"
"Strategy 2","2","True","True","4","2","NaCl","grok-4.3","Isoguanosine (isoG)","Gel","3.723971366882324","5.231205701828003","4.779035401344299","6.366574767393659","0.7195619087452707","4.779035401344299","2.2062582062155247"
"Strategy 3","3","False","False","4","2","NaCl","grok-4.3","Isoguanosine (isoG)","Gel","3.900720596313477","5.395390272140503","4.946989369392394","6.328683146949886","0.6762757720489596","4.946989369392394","2.043092233470494"
"Strategy 0","0","True","True","4","3","KCl","grok-4.3","Isoguanosine (isoG)","Gel","4.084981362024943","5.306786855061849","4.9402452071507765","6.292126981786979","0.6284269481393314","4.9402452071507765","2.15121547323663"
"Strategy 1","1","True","True","4","3","KCl","grok-4.3","Isoguanosine (isoG)","Gel","4.275318702061971","5.254187981287639","4.960527197519938","6.3050548292869735","0.7221432039262048","4.960527197519938","1.861857349701558"
"Strategy 2","2","True","True","4","3","KCl","grok-4.3","Isoguanosine (isoG)","Gel","4.371087710062663","5.672031799952189","5.2817485729853315","6.3391945893758335","0.6743775494443699","5.281748572985332","1.5680326506446547"
"Strategy 3","3","True","True","4","3","KCl","grok-4.3","Isoguanosine (isoG)","Gel","4.041090567906697","5.271136045455933","4.902122402191162","6.1347883397294565","0.7156829059453167","4.902122402191162","1.7223632523542198"
"Strategy 0","0","True","True","5","1","LiCl","grok-4.3","2′-deoxyisoguanosine (isoGd)","Gel","4.100826263427734","4.8865509033203125","4.650833511352539","6.008606064689252","0.6634144941123656","4.650833511352539","2.046642883727439"
"Strategy 1","1","False","False","5","1","LiCl","grok-4.3","2′-deoxyisoguanosine (isoGd)","Gel","5.71561352411906","6.09590220451355","5.981815600395202","6.835393441678325","0.7058379876023141","5.981815600395202","1.2093112814495453"
"Strategy 2","2","False","False","5","1","LiCl","grok-4.3","2′-deoxyisoguanosine (isoGd)","Gel","5.5021904309590655","6.087509711583455","5.911913927396138","6.6175169472854565","0.640471614651292","5.911913927396138","1.1016928834129327"
"Strategy 3","3","False","False","5","1","LiCl","grok-4.3","2′-deoxyisoguanosine (isoGd)","Gel","5.132315317789714","5.816019137700399","5.610907991727193","6.513326735644378","0.6931419756893574","5.610907991727193","1.3019248228614249"
"Strategy 0","0","True","True","5","2","KCl","grok-4.3","2′-deoxyisoguanosine (isoGd)","Gel","3.88999875386556","5.181966145833333","4.794375928243","6.130682185761995","0.5967697912984503","4.794375928243","2.239232409220083"
"Strategy 1","1","True","True","5","2","KCl","grok-4.3","2′-deoxyisoguanosine (isoGd)","Gel","4.916186650594075","5.459578673044841","5.296561066309611","6.552925187303114","0.791399711865438","5.296561066309611","1.5875215800016906"
"Strategy 2","2","True","True","5","2","KCl","grok-4.3","2′-deoxyisoguanosine (isoGd)","Gel","4.709897994995117","5.4172998269399","5.205079277356465","6.492387849415919","0.7556247478968933","5.205079277356465","1.7036347415067852"
"Strategy 3","3","True","True","5","2","KCl","grok-4.3","2′-deoxyisoguanosine (isoGd)","Gel","4.440056482950847","5.148488521575928","4.935958909988403","6.283687091181752","0.7215486790006642","4.935958909988403","1.8678271063567544"
"Strategy 0","0","False","False","5","3","NaCl","grok-4.3","2′-deoxyisoguanosine (isoGd)","No Gel","3.908844470977783","5.0832226276397705","4.730909180641174","5.9613573191393865","0.6140134547962345","4.730909180641174","2.0039432831427897"
"Strategy 1","1","True","True","5","3","NaCl","grok-4.3","2′-deoxyisoguanosine (isoGd)","No Gel","4.91704527537028","5.796502113342285","5.532665061950683","6.720951640513516","0.7119090609341959","5.532665061950683","1.6691550139894484"
"Strategy 2","2","True","True","5","3","NaCl","grok-4.3","2′-deoxyisoguanosine (isoGd)","No Gel","4.52672020594279","5.746875445048015","5.380828873316446","6.559462148336169","0.6695355717588599","5.380828873316446","1.7603743919437636"
"Strategy 3","3","True","True","5","3","NaCl","grok-4.3","2′-deoxyisoguanosine (isoGd)","No Gel","4.483968098958333","5.364753246307373","5.100517702102661","6.55552794385018","0.7270208614997904","5.100517702102661","2.001332174631055"
"Strategy 0","0","True","True","6","1","LiCl","grok-4.3","2′-deoxy-2′-fluoroisoguanosine (FisoGd)","Gel","4.613232612609863","5.209847450256348","5.030862998962402","6.364681929858155","0.7162295072146823","5.030862998962402","1.8622786655115497"
"Strategy 1","1","True","True","6","1","LiCl","grok-4.3","2′-deoxy-2′-fluoroisoguanosine (FisoGd)","Gel","5.0495219230651855","5.702645460764567","5.506708399454752","6.5873170909339445","0.6592433549691488","5.506708399454752","1.6391650872685142"
"Strategy 2","2","True","True","6","1","LiCl","grok-4.3","2′-deoxy-2′-fluoroisoguanosine (FisoGd)","Gel","4.958463350931804","5.347239176432292","5.230606428782145","6.5500871145756046","0.6876426450424019","5.230606428782145","1.9188465045126704"
"Strategy 3","3","True","True","6","1","LiCl","grok-4.3","2′-deoxy-2′-fluoroisoguanosine (FisoGd)","Gel","4.51593033472697","5.130370060602824","4.9460381428400675","6.515658095887157","0.62776681674513","4.946038142840068","2.5003232269990256"
"Strategy 0","0","True","True","6","2","NaCl","grok-4.3","2′-deoxy-2′-fluoroisoguanosine (FisoGd)","Gel","4.971153418223064","6.238810857137044","5.858513625462851","6.144120669056895","0.5796767044365951","5.858513625462851","0.4927005715567515"
"Strategy 1","1","False","False","6","2","NaCl","grok-4.3","2′-deoxy-2′-fluoroisoguanosine (FisoGd)","Gel","5.614988009134929","6.6504537264506025","6.3398140112559","6.7358560631133475","0.6500358087826543","6.3398140112559","0.609261899893069"
"Strategy 2","2","False","False","6","2","NaCl","grok-4.3","2′-deoxy-2′-fluoroisoguanosine (FisoGd)","Gel","5.54022741317749","7.007216453552246","6.56711974143982","6.5525908320449116","0.6386049747687593","6.56711974143982","-0.022751011922776048"
"Strategy 3","3","False","False","6","2","NaCl","grok-4.3","2′-deoxy-2′-fluoroisoguanosine (FisoGd)","Gel","5.545106252034505","6.544382095336914","6.244599342346191","6.682669518529907","0.7022614959727317","6.244599342346191","0.6237992239300064"
"Strategy 0","0","True","True","6","3","KCl","grok-4.3","2′-deoxy-2′-fluoroisoguanosine (FisoGd)","Gel","3.6110103130340576","5.014972448348999","4.593783807754516","6.029468225015841","0.6109319623488966","4.593783807754516","2.3499906793899603"
"Strategy 1","1","True","True","6","3","KCl","grok-4.3","2′-deoxy-2′-fluoroisoguanosine (FisoGd)","Gel","4.034916400909424","5.328561703364055","4.9404681126276655","6.478432064278181","0.6625555858942721","4.9404681126276655","2.321260260110368"
"Strategy 2","2","True","True","6","3","KCl","grok-4.3","2′-deoxy-2′-fluoroisoguanosine (FisoGd)","Gel","4.161886215209961","5.498160441716512","5.097278173764546","6.451211944168543","0.6738075642584103","5.097278173764546","2.009377516997944"
"Strategy 3","3","True","True","6","3","KCl","grok-4.3","2′-deoxy-2′-fluoroisoguanosine (FisoGd)","Gel","3.908444086710612","5.168906211853027","4.790767574310302","6.314240235814136","0.6844688556095322","4.790767574310302","2.225773530845539"
"Strategy 0","0","True","True","7","1","LiCl","grok-4.3","Guanosine (G)","No Gel","4.501414616902669","5.136833111445109","4.946207563082377","6.26153537820476","0.696094585610666","4.946207563082377","1.8895820227770905"
"Strategy 1","1","True","True","7","1","LiCl","grok-4.3","Guanosine (G)","No Gel","4.865036487579346","5.536482214927673","5.335048496723175","6.495221827288931","0.719641124976412","5.335048496723175","1.6121554067713726"
"Strategy 2","2","True","True","7","1","LiCl","grok-4.3","Guanosine (G)","No Gel","5.171677271525065","5.7176352341969805","5.553847845395405","6.596113623081867","0.7057591264694798","5.553847845395405","1.4768009914378821"
"Strategy 3","3","True","True","7","1","LiCl","grok-4.3","Guanosine (G)","No Gel","4.68639087677002","5.435879309972127","5.211032780011495","6.3396459590557","0.7037830356312524","5.211032780011495","1.6036379422415383"
"Strategy 0","0","False","False","7","2","NaCl","grok-4.3","Guanosine (G)","No Gel","3.918606599171957","4.963557322820027","4.650072105725607","6.155720704716921","0.6387064846211878","4.650072105725607","2.357340398515452"
"Strategy 1","1","True","True","7","2","NaCl","grok-4.3","Guanosine (G)","No Gel","4.081822872161865","5.189199686050415","4.85698664188385","6.423978932051695","0.7422264370090663","4.85698664188385","2.111205168711478"
"Strategy 2","2","True","True","7","2","NaCl","grok-4.3","Guanosine (G)","No Gel","4.225051403045654","5.309142708778381","4.983915317058562","6.4437840047732795","0.7313316239518435","4.983915317058562","1.996178805760007"
"Strategy 3","3","False","False","7","2","NaCl","grok-4.3","Guanosine (G)","No Gel","3.9206830263137817","5.103432297706604","4.748607516288757","6.155640906880992","0.6815379476707992","4.748607516288757","2.06449750215797"
"Strategy 0","0","False","False","7","3","KCl + NaCl","grok-4.3","Guanosine (G)","No Gel","4.844987233479817","6.428851683934529","5.953692348798117","6.1282395085007035","0.6894241641957815","5.953692348798117","0.2531781866192597"
"Strategy 1","1","False","False","7","3","KCl + NaCl","grok-4.3","Guanosine (G)","No Gel","4.825201670328776","6.230618635813396","5.808993546168009","6.242606042953117","0.72332267864234","5.808993546168009","0.599473111501203"
"Strategy 2","2","False","False","7","3","KCl + NaCl","grok-4.3","Guanosine (G)","No Gel","5.016783078511556","6.262621402740479","5.888869905471801","6.287731220925501","0.7271014442777798","5.888869905471801","0.5485635031984889"
"Strategy 3","3","False","False","7","3","KCl + NaCl","grok-4.3","Guanosine (G)","No Gel","4.838664690653483","6.447326262791951","5.964727791150412","6.144245334004246","0.6959527376238913","5.964727791150412","0.25794502004078596"
"Strategy 0","0","True","True","7","4","KCl","grok-4.3","Guanosine (G)","Gel","5.102626323699951","5.903321663538615","5.6631130615870156","6.380113074021746","0.741184113056422","5.663113061587016","0.9673709943377446"
"Strategy 1","1","True","True","7","4","KCl","grok-4.3","Guanosine (G)","Gel","5.304282188415527","6.430129686991374","6.09237543741862","6.305623889523883","0.642568072502052","6.09237543741862","0.33186904427870045"
"Strategy 2","2","True","True","7","4","KCl","grok-4.3","Guanosine (G)","Gel","5.373058001200358","6.413469870885213","6.101346309979756","6.328091049748798","0.6031961251214673","6.101346309979756","0.37590549793963185"
"Strategy 3","3","True","True","7","4","KCl","grok-4.3","Guanosine (G)","Gel","5.188908418019612","6.07575257619222","5.809699328740437","6.2734883689141085","0.7123629727782675","5.809699328740437","0.6510571968176008"
"Strategy 0","0","True","True","7","5","KCl","grok-4.3","Guanosine (G)","Gel","4.538959662119548","5.474196195602417","5.193625235557556","6.272164517779684","0.7174677614759722","5.193625235557556","1.5032581812503478"
"Strategy 1","1","True","True","7","5","KCl","grok-4.3","Guanosine (G)","Gel","4.4417351086934405","5.577203432718913","5.23656293551127","6.327271931547219","0.6710474953600049","5.23656293551127","1.6253827092384907"
"Strategy 2","2","True","True","7","5","KCl","grok-4.3","Guanosine (G)","Gel","4.2891130447387695","5.565277338027954","5.1824280500411986","6.348523376832021","0.6684658765979853","5.182428050041199","1.7444350827979673"
"Strategy 3","3","True","True","7","5","KCl","grok-4.3","Guanosine (G)","Gel","4.128312190373738","5.447802464167277","5.051955382029215","6.208820125976582","0.6661291188241711","5.051955382029215","1.7366974528743413"
"Strategy 0","0","False","False","7","6","KCl","grok-4.3","Guanosine (G)","No Gel","5.322929700215657","6.684144894282023","6.2757803360621125","6.410746688312954","0.7321587876309673","6.2757803360621125","0.1843402749935563"
"Strategy 1","1","False","False","7","6","KCl","grok-4.3","Guanosine (G)","No Gel","5.70059076944987","6.683404366175334","6.388560287157695","6.276549982778169","0.7283907237060369","6.388560287157695","-0.15377777439232015"
"Strategy 2","2","False","False","7","6","KCl","grok-4.3","Guanosine (G)","No Gel","5.460463523864746","6.5467928647995","6.220894062519073","6.4788514722225266","0.6657124924770865","6.220894062519073","0.38749071501363236"
"Strategy 3","3","False","False","7","6","KCl","grok-4.3","Guanosine (G)","No Gel","5.25236717859904","6.447284936904907","6.088809609413147","6.211234438326931","0.7505252900401113","6.088809609413147","0.1631188589357748"
"Strategy 0","0","False","False","7","7","KCl","grok-4.3","Guanosine (G)","No Gel","4.143571376800537","5.031563520431519","4.765165877342223","6.272818229919256","0.6662637090136025","4.765165877342223","2.262846275702302"
"Strategy 1","1","False","False","7","7","KCl","grok-4.3","Guanosine (G)","No Gel","4.083381096522014","5.050163348515828","4.760128672917683","6.445635188827219","0.6950869350835372","4.760128672917683","2.424885911151484"
"Strategy 2","2","False","False","7","7","KCl","grok-4.3","Guanosine (G)","No Gel","4.206870237986247","4.92280371983846","4.708023675282796","6.38520902158062","0.6969125688088245","4.708023675282796","2.4065936264637893"
"Strategy 3","3","False","False","7","7","KCl","grok-4.3","Guanosine (G)","No Gel","3.869562228520712","4.687054554621379","4.441806856791178","6.151635330961655","0.7107310503594252","4.441806856791178","2.4057320603986505"
"Strategy 0","0","True","True","7","8","KCl + TAcG","grok-4.3","Guanosine (G)","Gel","4.6628774007161455","5.870524724324544","5.508230527242024","6.168129775752085","0.6304533368120631","5.508230527242024","1.0467059336173765"
"Strategy 1","1","True","True","7","8","KCl + TAcG","grok-4.3","Guanosine (G)","Gel","4.943954785664876","5.942473570505778","5.642917935053507","6.439300579186865","0.6812571101187803","5.642917935053507","1.1689898458373589"
"Strategy 2","2","True","True","7","8","KCl + TAcG","grok-4.3","Guanosine (G)","Gel","4.945406595865886","6.080161094665527","5.739734745025635","6.316018176017188","0.6729648636731909","5.739734745025635","0.8563350957820748"
"Strategy 3","3","True","True","7","8","KCl + TAcG","grok-4.3","Guanosine (G)","Gel","4.468857606252034","5.415782769521077","5.131705220540364","6.1406391217111","0.7146562156506119","5.131705220540364","1.41177517116005"
"Strategy 0","0","True","True","7","9","KB(OH)₄","grok-4.3","Guanosine (G)","Gel","4.221827030181885","5.211646318435669","4.914700531959533","6.356324703194375","0.6907531198922585","4.914700531959533","2.0870324428787255"
"Strategy 1","1","True","True","7","9","KB(OH)₄","grok-4.3","Guanosine (G)","Gel","4.12779172261556","5.147019704182942","4.841251309712727","6.373852782471236","0.6966353769596815","4.841251309712727","2.20000523006343"
"Strategy 2","2","True","True","7","9","KB(OH)₄","grok-4.3","Guanosine (G)","Gel","4.654371897379558","5.590737740198772","5.309827987353008","6.909304645018367","0.6410304862207264","5.309827987353008","2.4951647262445653"
"Strategy 3","3","True","True","7","9","KB(OH)₄","grok-4.3","Guanosine (G)","Gel","4.186458428700765","5.153390169143677","4.8633106470108025","6.5676169575338825","0.6578238966911293","4.8633106470108025","2.590824564288077"
"Strategy 0","0","False","False","7","10","KB(OH)₄","grok-4.3","Guanosine (G)","No Gel","5.302728652954102","6.331758499145508","6.023049545288085","6.261201330857682","0.6637496709974425","6.023049545288085","0.35879759490007307"
"Strategy 1","1","False","False","7","10","KB(OH)₄","grok-4.3","Guanosine (G)","No Gel","4.7233320871988935","5.856519063313802","5.51656297047933","6.244818336711065","0.6789960979028516","5.51656297047933","1.072547203851429"
"Strategy 2","2","False","False","7","10","KB(OH)₄","grok-4.3","Guanosine (G)","No Gel","4.595948219299316","5.681507428487142","5.3558396657307945","6.371096508201087","0.6562855993058397","5.3558396657307945","1.5469741276422042"
"Strategy 3","3","False","False","7","10","KB(OH)₄","grok-4.3","Guanosine (G)","No Gel","4.654157479604085","5.815249522527059","5.466921909650167","6.487197587409993","0.6404648120175447","5.466921909650167","1.593023783064411"
"Strategy 0","0","True","True","7","11","LiB(OH)₄","grok-4.3","Guanosine (G)","No Gel","4.0192859172821045","5.3551342487335205","4.954379749298095","6.231237665350123","0.6309361925491467","4.954379749298095","2.0237512622206517"
"Strategy 1","1","False","False","7","11","LiB(OH)₄","grok-4.3","Guanosine (G)","No Gel","4.689239025115967","5.5024763743082685","5.258505169550577","6.421971589711902","0.6343982840864052","5.258505169550577","1.8339684222772277"
"Strategy 2","2","False","False","7","11","LiB(OH)₄","grok-4.3","Guanosine (G)","No Gel","4.135865926742554","5.191467761993408","4.874787211418152","6.219009752144184","0.6489797720719441","4.874787211418152","2.071285729652935"
"Strategy 3","3","True","True","7","11","LiB(OH)₄","grok-4.3","Guanosine (G)","No Gel","3.764567613601685","4.884997487068176","4.548868525028229","6.027141349491223","0.7154027229806081","4.548868525028229","2.066350570073333"
"Strategy 0","0","True","True","8","1","LiCl","grok-4.3","8-Aza-2′-deoxyisoguanosine (z8isoGd)","No Gel","4.313004493713379","5.707607746124268","5.289226770401001","6.345895539050877","0.5959058705693253","5.289226770401001","1.773214228684038"
"Strategy 1","1","True","True","8","1","LiCl","grok-4.3","8-Aza-2′-deoxyisoguanosine (z8isoGd)","No Gel","4.600836594899495","5.663554271062215","5.344738968213399","6.741148451502008","0.6914712463253437","5.344738968213399","2.019475850528115"
"Strategy 2","2","True","True","8","1","LiCl","grok-4.3","8-Aza-2′-deoxyisoguanosine (z8isoGd)","No Gel","4.110060056050618","5.164195378621419","4.847954781850178","6.458842296563377","0.6662801161798191","4.847954781850178","2.417733135950953"
"Strategy 3","3","True","True","8","1","LiCl","grok-4.3","8-Aza-2′-deoxyisoguanosine (z8isoGd)","No Gel","4.073323249816895","4.999406099319458","4.721581244468688","6.423304151687819","0.6850234222826128","4.721581244468688","2.4841820759189583"
"Strategy 0","0","False","False","8","2","NaCl","grok-4.3","8-Aza-2′-deoxyisoguanosine (z8isoGd)","No Gel","4.631345907847087","5.9780928293863935","5.5740687529246005","6.237519351333302","0.4843943118260227","5.5740687529246005","1.3696498538715074"
"Strategy 1","1","True","True","8","2","NaCl","grok-4.3","8-Aza-2′-deoxyisoguanosine (z8isoGd)","No Gel","4.182153383890788","5.167918920516968","4.872189259529113","6.558006405891989","0.6327333034347965","4.872189259529113","2.6643407849901486"
"Strategy 2","2","True","True","8","2","NaCl","grok-4.3","8-Aza-2′-deoxyisoguanosine (z8isoGd)","No Gel","4.424871603647868","5.2835058371226","5.02591556708018","6.662496249127449","0.643054047197713","5.02591556708018","2.545012645794122"
"Strategy 3","3","True","True","8","2","NaCl","grok-4.3","8-Aza-2′-deoxyisoguanosine (z8isoGd)","No Gel","4.040923913319905","4.962340831756592","4.685915756225586","6.275094248466097","0.7303395972201019","4.685915756225586","2.1759445856275836"
"Strategy 0","0","True","True","8","3","KCl","grok-4.3","8-Aza-2′-deoxyisoguanosine (z8isoGd)","Gel","4.672112464904785","5.857916593551636","5.50217535495758","6.320794578300889","0.5579614930541257","5.50217535495758","1.4671607871403736"
"Strategy 1","1","False","False","8","3","KCl","grok-4.3","8-Aza-2′-deoxyisoguanosine (z8isoGd)","Gel","5.446624120076497","6.538954734802246","6.2112555503845215","6.592711977133147","0.7085575550674819","6.2112555503845215","0.5383563043263246"
"Strategy 2","2","False","False","8","3","KCl","grok-4.3","8-Aza-2′-deoxyisoguanosine (z8isoGd)","Gel","5.158680597941081","6.252729654312134","5.924514937400818","6.47037968617077","0.7248512121906932","5.924514937400818","0.7530714436142062"
"Strategy 3","3","False","False","8","3","KCl","grok-4.3","8-Aza-2′-deoxyisoguanosine (z8isoGd)","Gel","4.742448965708415","5.750095685323079","5.447801669438679","6.195962125817627","0.735487717133434","5.447801669438679","1.0172303886935141"
"Strategy 0","0","True","True","8","4","KCl","grok-4.3","8-Aza-2′-deoxyisoguanosine (z8isoGd)","Gel","4.949535210927327","6.256946325302124","5.8647229909896845","6.282662953455626","0.5278888233151969","5.8647229909896845","0.7917196652151766"
"Strategy 1","1","False","False","8","4","KCl","grok-4.3","8-Aza-2′-deoxyisoguanosine (z8isoGd)","Gel","5.548082192738851","6.463817199071248","6.189096697171529","6.455811904259122","0.7435708104826526","6.189096697171529","0.3586951011625492"
"Strategy 2","2","False","False","8","4","KCl","grok-4.3","8-Aza-2′-deoxyisoguanosine (z8isoGd)","Gel","5.618828137715657","6.491045792897542","6.229380496342976","6.394401237884541","0.7080101265435271","6.229380496342976","0.2330768097162508"
"Strategy 3","3","False","False","8","4","KCl","grok-4.3","8-Aza-2′-deoxyisoguanosine (z8isoGd)","Gel","5.741658051808675","6.640214363733928","6.370647470156352","6.349535976269449","0.7531760615470127","6.370647470156352","-0.028029958683950407"
"Strategy 0","0","True","True","9","1","LiCl","grok-4.3","8-Aza-2′-deoxyguanosine (z8Gd)","No Gel","4.952012221018474","6.037654002507527","5.711961468060811","6.597371652206402","0.6033624326489576","5.711961468060811","1.4674599150271115"
"Strategy 1","1","True","True","9","1","LiCl","grok-4.3","8-Aza-2′-deoxyguanosine (z8Gd)","No Gel","5.169462203979492","6.0590542157491045","5.7921766122182206","7.156316694055108","0.7149153910983826","5.7921766122182206","1.9081140213543983"
"Strategy 2","2","True","True","9","1","LiCl","grok-4.3","8-Aza-2′-deoxyguanosine (z8Gd)","No Gel","5.169486999511719","5.959908803304036","5.722782262166341","7.043406420345454","0.7009243005461999","5.722782262166341","1.8841180954205865"
"Strategy 3","3","True","True","9","1","LiCl","grok-4.3","8-Aza-2′-deoxyguanosine (z8Gd)","No Gel","4.736733913421631","5.817246119181315","5.49309245745341","6.764332246041113","0.661785195712165","5.49309245745341","1.9209250929520834"
"Strategy 0","0","False","False","9","2","KCl","grok-4.3","8-Aza-2′-deoxyguanosine (z8Gd)","No Gel","4.3070729573567705","5.622179746627808","5.227647709846496","6.340072151363974","0.6301183050148734","5.227647709846496","1.7654215607832877"
"Strategy 1","1","False","False","9","2","KCl","grok-4.3","8-Aza-2′-deoxyguanosine (z8Gd)","No Gel","4.6774923006693525","5.742631753285726","5.423089917500813","6.77674329896922","0.7107511212885884","5.423089917500813","1.9045392134088224"
"Strategy 2","2","False","False","9","2","KCl","grok-4.3","8-Aza-2′-deoxyguanosine (z8Gd)","No Gel","4.432229677836101","5.62738053003947","5.268835274378458","6.463714845852026","0.7602974620127101","5.268835274378458","1.5715948443526346"
"Strategy 3","3","False","False","9","2","KCl","grok-4.3","8-Aza-2′-deoxyguanosine (z8Gd)","No Gel","4.104002396265666","5.187609354654948","4.862527267138163","6.270572031684008","0.7485186129887057","4.862527267138163","1.881108552429665"
"Strategy 0","0","False","False","9","3","NaCl","grok-4.3","8-Aza-2′-deoxyguanosine (z8Gd)","No Gel","4.295806090037028","5.387370268503825","5.059901014963786","6.180049796313894","0.5818024879814966","5.059901014963786","1.9253076507739741"
"Strategy 1","1","True","True","9","3","NaCl","grok-4.3","8-Aza-2′-deoxyguanosine (z8Gd)","No Gel","4.669478893280029","5.775120655695598","5.443428126970926","6.623237877606728","0.6145213696375263","5.443428126970926","1.9198840088046236"
"Strategy 2","2","True","True","9","3","NaCl","grok-4.3","8-Aza-2′-deoxyguanosine (z8Gd)","No Gel","4.282014767328898","5.3778919378916425","5.049128786722819","6.576622579941762","0.7056854621585827","5.049128786722819","2.164553296232822"
"Strategy 3","3","True","True","9","3","NaCl","grok-4.3","8-Aza-2′-deoxyguanosine (z8Gd)","No Gel","4.314298947652181","5.223388195037842","4.9506614208221436","6.529304968355853","0.7080670223297844","4.950661420822144","2.229511469605559"
"Strategy 0","0","True","True","10","1","H₂O","grok-4.3","2-Amino-2′-fluoro-2′-deoxyadenosine (2-FA)","Gel","4.575312455495198","5.85330057144165","5.469904136657715","6.269813309405817","0.45358916380210085","5.469904136657715","1.7635103229606666"
"Strategy 1","1","False","False","10","1","H₂O","grok-4.3","2-Amino-2′-fluoro-2′-deoxyadenosine (2-FA)","Gel","5.428003152211507","6.26267425219218","6.012272922197977","6.425141863120618","0.530994667666084","6.012272922197977","0.7775387702805959"
"Strategy 2","2","False","False","10","1","H₂O","grok-4.3","2-Amino-2′-fluoro-2′-deoxyadenosine (2-FA)","Gel","4.9681806564331055","6.171297311782837","5.810362315177916","6.286531269026664","0.5211701499385578","5.810362315177916","0.9136535427151474"
"Strategy 3","3","False","False","10","1","H₂O","grok-4.3","2-Amino-2′-fluoro-2′-deoxyadenosine (2-FA)","Gel","4.985967477162679","5.970552603403728","5.675177065531412","6.2567643872219145","0.5244581857644347","5.675177065531412","1.1089298202921518"
"Strategy 0","0","True","True","10","2","PBS","grok-4.3","2-Amino-2′-fluoro-2′-deoxyadenosine (2-FA)","Gel","4.23378324508667","5.539555152257283","5.147823580106099","6.19984021217632","0.4836499121955136","5.147823580106099","2.1751614247061983"
"Strategy 1","1","False","False","10","2","PBS","grok-4.3","2-Amino-2′-fluoro-2′-deoxyadenosine (2-FA)","Gel","4.907248497009277","5.778512954711914","5.5171336174011225","6.290937367335769","0.5165045905517057","5.5171336174011225","1.4981546419715386"
"Strategy 2","2","False","False","10","2","PBS","grok-4.3","2-Amino-2′-fluoro-2′-deoxyadenosine (2-FA)","Gel","4.694507280985515","5.7409431139628095","5.427012364069621","6.304106135885845","0.5020987622117054","5.427012364069621","1.7468550767834898"
"Strategy 3","3","False","False","10","2","PBS","grok-4.3","2-Amino-2′-fluoro-2′-deoxyadenosine (2-FA)","Gel","4.684800465901692","5.553200801213582","5.292680700620015","6.179400773997146","0.5283619427169073","5.292680700620015","1.6782436464244532"
"Strategy 0","0","True","True","11","1","H₂O","grok-4.3","2-aminoadenosine (2-RA)","No Gel","5.373835802078247","6.152117967605591","5.918633317947387","6.320299821214158","0.5060535233187763","5.918633317947387","0.7937233607871766"
"Strategy 1","1","False","False","11","1","H₂O","grok-4.3","2-aminoadenosine (2-RA)","No Gel","5.456155776977539","6.511332432428996","6.194779435793557","6.563281339822813","0.44599002959071843","6.194779435793557","0.8262559240784539"
"Strategy 2","2","False","False","11","1","H₂O","grok-4.3","2-aminoadenosine (2-RA)","No Gel","5.378704229990642","6.258042414983113","5.994240959485372","6.358564657943192","0.555611793481801","5.994240959485372","0.6557162802012293"
"Strategy 3","3","False","False","11","1","H₂O","grok-4.3","2-aminoadenosine (2-RA)","No Gel","4.9341721534729","6.084520697593689","5.739416134357452","6.508989101140074","0.5018619823025897","5.739416134357452","1.533435474135238"
"Strategy 0","0","False","False","12","1","H₂O","grok-4.3","2′-deoxy-2-aminoadenosine (2-DA)","No Gel","4.977798144022624","6.052984158198039","5.730428353945413","6.04473955612774","0.532907855440376","5.730428353945413","0.5898040326738876"
"Strategy 1","1","False","False","12","1","H₂O","grok-4.3","2′-deoxy-2-aminoadenosine (2-DA)","No Gel","5.459096749623616","6.4899366696675616","6.180684693654378","6.34789998284914","0.5119281136752013","6.180684693654378","0.32663822268775355"
"Strategy 2","2","True","True","12","1","H₂O","grok-4.3","2′-deoxy-2-aminoadenosine (2-DA)","No Gel","5.26890500386556","6.3092397054036455","5.99713929494222","6.318910259424253","0.5442252920150383","5.99713929494222","0.5912458851198381"
"Strategy 3","3","True","True","12","1","H₂O","grok-4.3","2′-deoxy-2-aminoadenosine (2-DA)","No Gel","4.82098388671875","5.85167396068573","5.542466938495636","6.018409417581188","0.548012371065674","5.542466938495636","0.8684885674387728"
"Strategy 0","0","True","True","13","1","H₂O","grok-4.3","5-(1-Benzyl-1H-1,2,3-triazol-4-yl)-2′-deoxyuridine","Gel","4.142338275909424","5.391864935557048","5.017006937662761","6.287503069931838","0.5007705212236843","5.017006937662761","2.5370825126936167"
"Strategy 1","1","False","False","13","1","H₂O","grok-4.3","5-(1-Benzyl-1H-1,2,3-triazol-4-yl)-2′-deoxyuridine","Gel","4.031251430511475","5.315619866053264","4.930309335390727","6.137872240463277","0.4805718851291411","4.930309335390727","2.5127622785258206"
"Strategy 2","2","True","True","13","1","H₂O","grok-4.3","5-(1-Benzyl-1H-1,2,3-triazol-4-yl)-2′-deoxyuridine","Gel","3.85339617729187","5.25271471341451","4.832919152577718","6.070628829581485","0.534195333340447","4.832919152577718","2.3169608563670567"
"Strategy 3","3","True","True","13","1","H₂O","grok-4.3","5-(1-Benzyl-1H-1,2,3-triazol-4-yl)-2′-deoxyuridine","Gel","3.83692995707194","4.997085809707642","4.649039053916931","6.060433106397781","0.5823884116556878","4.649039053916931","2.423458338513914"
"Strategy 0","0","True","True","13","2","acidic pH","grok-4.3","5-(1-Benzyl-1H-1,2,3-triazol-4-yl)-2′-deoxyuridine","Gel","6.055791060129802","6.772993246714274","6.557832590738932","6.329475341040342","0.4910909191561575","6.557832590738932","-0.4649999435765916"
"Strategy 1","1","False","False","13","2","acidic pH","grok-4.3","5-(1-Benzyl-1H-1,2,3-triazol-4-yl)-2′-deoxyuridine","Gel","5.670466184616089","6.3052520751953125","6.114816308021545","6.102770008042801","0.5203372696375446","6.114816308021545","-0.023150945899254767"
"Strategy 2","2","True","True","13","2","acidic pH","grok-4.3","5-(1-Benzyl-1H-1,2,3-triazol-4-yl)-2′-deoxyuridine","Gel","5.277018864949544","6.1313590208689375","5.875056974093119","5.855835290842278","0.5679545030009785","5.875056974093119","-0.033843702531235344"
"Strategy 3","3","True","True","13","2","acidic pH","grok-4.3","5-(1-Benzyl-1H-1,2,3-triazol-4-yl)-2′-deoxyuridine","Gel","5.091680685679118","5.935094515482585","5.682070366541544","5.88782817417953","0.5459096012106534","5.682070366541544","0.3769082045483004"
"Strategy 0","0","False","False","13","3","acidic pH + benzyl amine","grok-4.3","5-(1-Benzyl-1H-1,2,3-triazol-4-yl)-2′-deoxyuridine","No Gel","4.833133935928345","5.623956561088562","5.386709773540497","6.099890869809675","0.5596757114729225","5.386709773540497","1.2742755878976217"
"Strategy 1","1","False","False","13","3","acidic pH + benzyl amine","grok-4.3","5-(1-Benzyl-1H-1,2,3-triazol-4-yl)-2′-deoxyuridine","No Gel","5.02167010307312","6.066965937614441","5.753377187252044","6.020928055279015","0.6427602572555069","5.753377187252044","0.41625297302819336"
"Strategy 2","2","True","True","13","3","acidic pH + benzyl amine","grok-4.3","5-(1-Benzyl-1H-1,2,3-triazol-4-yl)-2′-deoxyuridine","No Gel","5.152714888254802","6.372995694478353","6.006911452611288","6.028341481728764","0.5416801830558922","6.006911452611288","0.03956214347103932"
"Strategy 3","3","False","False","13","3","acidic pH + benzyl amine","grok-4.3","5-(1-Benzyl-1H-1,2,3-triazol-4-yl)-2′-deoxyuridine","No Gel","5.3005530834198","6.867834329605103","6.397649955749511","6.310057368112164","0.5282264547156198","6.397649955749511","-0.16582393186744826"
"Strategy 0","0","False","False","14","1","H₂O","grok-4.3","5-(1-o-Methylbenzyl-1H-1,2,3-triazol-4-yl)-2′-deoxyuridine","No Gel","5.296353816986084","6.68122665087382","6.265764800707498","6.272596764626121","0.525698261772734","6.265764800707498","0.01299597966252327"
"Strategy 1","1","True","True","14","1","H₂O","grok-4.3","5-(1-o-Methylbenzyl-1H-1,2,3-triazol-4-yl)-2′-deoxyuridine","No Gel","4.463669141133626","6.043147007624309","5.569303647677103","5.954561712945154","0.5417748770737654","5.569303647677103","0.7111035996148563"
"Strategy 2","2","True","True","14","1","H₂O","grok-4.3","5-(1-o-Methylbenzyl-1H-1,2,3-triazol-4-yl)-2′-deoxyuridine","No Gel","4.394396146138509","5.826580762863159","5.396925377845764","5.927708112485033","0.5708219487030154","5.396925377845764","0.9298569122040226"
"Strategy 3","3","True","True","14","1","H₂O","grok-4.3","5-(1-o-Methylbenzyl-1H-1,2,3-triazol-4-yl)-2′-deoxyuridine","No Gel","3.807731787363688","5.470451990763347","4.9716359297434485","5.811115203347317","0.5708831988714036","4.9716359297434485","1.470492169437567"
"Strategy 0","0","False","False","15","1","H₂O","grok-4.3","5-(1-m-Methylbenzyl-1H-1,2,3-triazol-4-yl)-2′-deoxyuridine","No Gel","6.534252166748047","8.091695388158163","7.624462421735127","6.348149667044943","0.49660381104780127","7.624462421735127","-2.5700824808356755"
"Strategy 1","1","True","True","15","1","H₂O","grok-4.3","5-(1-m-Methylbenzyl-1H-1,2,3-triazol-4-yl)-2′-deoxyuridine","No Gel","6.023083448410034","7.634003639221191","7.1507275819778435","6.022627755837846","0.548902409839695","7.150727581977844","-2.0551919720473726"
"Strategy 2","2","False","False","15","1","H₂O","grok-4.3","5-(1-m-Methylbenzyl-1H-1,2,3-triazol-4-yl)-2′-deoxyuridine","No Gel","6.242731889088948","7.863478660583496","7.37725462913513","6.033151899998194","0.5777885963272114","7.37725462913513","-2.326288088205445"
"Strategy 3","3","False","False","15","1","H₂O","grok-4.3","5-(1-m-Methylbenzyl-1H-1,2,3-triazol-4-yl)-2′-deoxyuridine","No Gel","5.244372049967448","7.175815423329671","6.596382411321003","6.175922556748994","0.5890939374185449","6.596382411321003","-0.7137399111837688"
"Strategy 0","0","True","True","16","1","H₂O","grok-4.3","5-(1-p-Methylbenzyl-1H-1,2,3-triazol-4-yl)-2′-deoxyuridine","Gel","4.598492463429769","5.370234886805217","5.138712159792582","6.120142899557601","0.5377315891162825","5.138712159792582","1.8251312729793687"
"Strategy 1","1","True","True","16","1","H₂O","grok-4.3","5-(1-p-Methylbenzyl-1H-1,2,3-triazol-4-yl)-2′-deoxyuridine","Gel","4.220259030659993","5.552836815516154","5.153063480059306","6.163969917999682","0.519712248901372","5.153063480059306","1.9451272123705914"
"Strategy 2","2","True","True","16","1","H₂O","grok-4.3","5-(1-p-Methylbenzyl-1H-1,2,3-triazol-4-yl)-2′-deoxyuridine","Gel","4.03523866335551","5.47841739654541","5.0454637765884405","6.072463349408881","0.5217029652148473","5.0454637765884405","1.9685523013991357"
"Strategy 3","3","True","True","16","1","H₂O","grok-4.3","5-(1-p-Methylbenzyl-1H-1,2,3-triazol-4-yl)-2′-deoxyuridine","Gel","4.050625880559285","5.189834674199422","4.848072036107381","5.9944754832166725","0.5695019236015867","4.848072036107381","2.0129931078359173"
"Strategy 0","0","False","False","17","1","H₂O","grok-4.3","5-(1-o-Ethylbenzyl-1H-1,2,3-triazol-4-yl)-2′-deoxyuridine","No Gel","5.882388591766357","6.804680267969768","6.527992765108745","6.20243288398713","0.4904036784163133","6.527992765108745","-0.6638610097154303"
"Strategy 1","1","True","True","17","1","H₂O","grok-4.3","5-(1-o-Ethylbenzyl-1H-1,2,3-triazol-4-yl)-2′-deoxyuridine","No Gel","5.429776668548584","6.705039103825887","6.322460373242696","6.048363203410953","0.5204270422708167","6.322460373242696","-0.5266774159846783"
"Strategy 2","2","True","True","17","1","H₂O","grok-4.3","5-(1-o-Ethylbenzyl-1H-1,2,3-triazol-4-yl)-2′-deoxyuridine","No Gel","5.057809034983317","6.317145506540935","5.939344565073649","5.856352358763839","0.535747219977094","5.939344565073649","-0.1549092617099505"
"Strategy 3","3","True","True","17","1","H₂O","grok-4.3","5-(1-o-Ethylbenzyl-1H-1,2,3-triazol-4-yl)-2′-deoxyuridine","No Gel","4.962844212849935","6.085634469985962","5.748797392845154","5.996276974123577","0.5521308359684961","5.748797392845154","0.4482263354197878"
"Strategy 0","0","True","True","18","1","H₂O","grok-4.3","5-(1-p-Ethylbenzyl-1H-1,2,3-triazol-4-yl)-2′-deoxyuridine","Gel","4.552749792734782","5.666231473286946","5.332186969121296","6.110929779612124","0.5425299928043578","5.332186969121296","1.4353912609798345"
"Strategy 1","1","True","True","18","1","H₂O","grok-4.3","5-(1-p-Ethylbenzyl-1H-1,2,3-triazol-4-yl)-2′-deoxyuridine","Gel","3.861222664515177","5.496870756149292","5.006176328659056","5.971322487429438","0.5606805929811886","5.006176328659056","1.7213832097141326"
"Strategy 2","2","True","True","18","1","H₂O","grok-4.3","5-(1-p-Ethylbenzyl-1H-1,2,3-triazol-4-yl)-2′-deoxyuridine","Gel","3.76690936088562","5.186232805252075","4.760435771942138","5.958902658664595","0.575512840938734","4.760435771942138","2.0824329215098074"
"Strategy 3","3","True","True","18","1","H₂O","grok-4.3","5-(1-p-Ethylbenzyl-1H-1,2,3-triazol-4-yl)-2′-deoxyuridine","Gel","3.5106428464253745","4.844751119613648","4.444518637657166","5.875519716585638","0.5593719798267447","4.444518637657166","2.5582280316788455"
"Strategy 0","0","True","True","19","1","H₂O","grok-4.3","5-(1-p-Butylbenzyl-1H-1,2,3-triazol-4-yl)-2′-deoxyuridine","Gel","5.677275816599528","6.501765489578247","6.25441858768463","6.1964032633976105","0.4642899460853298","6.25441858768463","-0.12495494415973683"
"Strategy 1","1","True","True","19","1","H₂O","grok-4.3","5-(1-p-Butylbenzyl-1H-1,2,3-triazol-4-yl)-2′-deoxyuridine","Gel","4.9938333829243975","5.929516633351644","5.64881165822347","5.929957888539139","0.5909056075520739","5.64881165822347","0.4757887329591692"
"Strategy 2","2","True","True","19","1","H₂O","grok-4.3","5-(1-p-Butylbenzyl-1H-1,2,3-triazol-4-yl)-2′-deoxyuridine","Gel","5.056432565053304","6.0157225131988525","5.727935528755187","5.901728488739763","0.6222651930145437","5.727935528755187","0.2792908263800544"
"Strategy 3","3","True","True","19","1","H₂O","grok-4.3","5-(1-p-Butylbenzyl-1H-1,2,3-triazol-4-yl)-2′-deoxyuridine","Gel","4.646851857503255","5.688496192296346","5.376002891858419","5.918769120492368","0.5943758630907756","5.376002891858419","0.913170036568352"
"Strategy 0","0","True","True","20","1","EtOH/H₂O","grok-4.3","4-N-Octanoylgemcitabine","Gel","4.3667098681132","5.568508783976237","5.207969109217326","6.137169270737226","0.5210190027112845","5.207969109217326","1.7834285442268272"
"Strategy 1","1","False","False","20","1","EtOH/H₂O","grok-4.3","4-N-Octanoylgemcitabine","Gel","3.690285841623942","4.992863575617473","4.602090255419412","6.5978865325912945","0.575818955911475","4.602090255419412","3.4660135042145277"
"Strategy 2","2","False","False","20","1","EtOH/H₂O","grok-4.3","4-N-Octanoylgemcitabine","Gel","3.732674757639567","5.110436916351318","4.697108268737793","6.484751327401291","0.5970398747661465","4.697108268737793","2.9941769959061726"
"Strategy 3","3","True","True","20","1","EtOH/H₂O","grok-4.3","4-N-Octanoylgemcitabine","Gel","3.913945317268372","4.963691830635071","4.648767876625061","6.152917623797127","0.617782693433139","4.648767876625061","2.434755397263094"
"Strategy 0","0","True","True","21","1","EtOH/H₂O","grok-4.3","4-N-Decanoyllamivudine","Gel","5.010901133219401","6.218316396077474","5.856091817220052","6.116965821177461","0.5379645898894477","5.856091817220052","0.48492783514063403"
"Strategy 1","1","True","True","21","1","EtOH/H₂O","grok-4.3","4-N-Decanoyllamivudine","Gel","5.397747755050659","6.476564168930054","6.152919244766235","6.2266506959301555","0.6060865351413737","6.152919244766235","0.12165168979826047"
"Strategy 2","2","True","True","21","1","EtOH/H₂O","grok-4.3","4-N-Decanoyllamivudine","Gel","5.449577649434407","6.440283377965291","6.143071659406026","6.316766178761958","0.6004413214129976","6.143071659406026","0.28927809123326587"
"Strategy 3","3","True","True","21","1","EtOH/H₂O","grok-4.3","4-N-Decanoyllamivudine","Gel","5.615418593088786","6.573176701863607","6.28584926923116","6.287379648519116","0.6818473784396946","6.28584926923116","0.002244460177376425"
"Strategy 0","0","False","False","22","1","EtOH/H₂O","grok-4.3","5'-O-Myristoylgemcitabine","No Gel","3.9007161458333335","5.416484912236531","4.961754282315572","6.024234001642665","0.5237994551117192","4.961754282315572","2.028409363466179"
"Strategy 1","1","True","True","22","1","EtOH/H₂O","grok-4.3","5'-O-Myristoylgemcitabine","No Gel","4.456141948699951","5.584592978159587","5.246057669321696","6.328481431401669","0.6177629890226637","5.246057669321696","1.7521667392092055"
"Strategy 2","2","True","True","22","1","EtOH/H₂O","grok-4.3","5'-O-Myristoylgemcitabine","No Gel","4.178625742594401","5.407978057861328","5.03917236328125","6.243088801701863","0.6196655610371811","5.03917236328125","1.9428487140797808"
"Strategy 3","3","True","True","22","1","EtOH/H₂O","grok-4.3","5'-O-Myristoylgemcitabine","No Gel","4.413854916890462","5.3007543087005615","5.034684491157532","6.340317107725513","0.5933799834362148","5.034684491157532","2.2003314115976234"
"Strategy 0","0","False","False","23","1","EtOH/H₂O","grok-4.3","5'-O-Lauroylgemcitabine","No Gel","4.264615535736084","5.575810114542644","5.182451740900675","6.164538557153647","0.5019904437283339","5.182451740900675","1.9563854820799245"
"Strategy 1","1","True","True","23","1","EtOH/H₂O","grok-4.3","5'-O-Lauroylgemcitabine","No Gel","4.7285332679748535","5.832944869995117","5.5016213893890376","6.6137029941691905","0.6454122214751178","5.5016213893890376","1.723056316222897"
"Strategy 2","2","True","True","23","1","EtOH/H₂O","grok-4.3","5'-O-Lauroylgemcitabine","No Gel","4.327219804128011","5.786172707875569","5.348486836751302","6.304904320012075","0.5947425098728013","5.348486836751302","1.6081202661389105"
"Strategy 3","3","True","True","23","1","EtOH/H₂O","grok-4.3","5'-O-Lauroylgemcitabine","No Gel","4.322866757710774","5.5699121952056885","5.195798563957214","6.557527311704571","0.5871473170885532","5.195798563957214","2.3192284254991864"
"Strategy 0","0","False","False","24","1","EtOH/H₂O","grok-4.3","5'-O-Hexanoylgemcitabine","No Gel","4.713601271311442","5.512220462163289","5.272634704907735","6.250989928602864","0.5317072794996147","5.272634704907735","1.8400260094536427"
"Strategy 1","1","True","True","24","1","EtOH/H₂O","grok-4.3","5'-O-Hexanoylgemcitabine","No Gel","4.81990925470988","6.212959448496501","5.7950443903605136","6.267599587908703","0.5858761032483164","5.7950443903605136","0.8065787201904401"
"Strategy 2","2","True","True","24","1","EtOH/H₂O","grok-4.3","5'-O-Hexanoylgemcitabine","No Gel","4.683292071024577","5.910680929819743","5.542464272181192","6.328923070030311","0.614112828149958","5.542464272181192","1.2806421911399581"
"Strategy 3","3","True","True","24","1","EtOH/H₂O","grok-4.3","5'-O-Hexanoylgemcitabine","No Gel","5.017520745595296","5.952033440272014","5.671679631868998","6.507018796171636","0.5849100379087896","5.671679631868998","1.4281498181997343"
"Strategy 0","0","True","True","25","1","NaOH","grok-4.3","5'-O-Lauroylribothymidine","No Gel","5.847207864125569","6.78023115793864","6.500324169794719","6.048889211659591","0.5784577036607477","6.500324169794719","-0.7804113512158946"
"Strategy 1","1","True","True","25","1","NaOH","grok-4.3","5'-O-Lauroylribothymidine","No Gel","6.066411018371582","7.225237607955933","6.877589631080626","6.422790000789848","0.5489780189306057","6.877589631080626","-0.8284477968293076"
"Strategy 2","2","True","True","25","1","NaOH","grok-4.3","5'-O-Lauroylribothymidine","No Gel","5.737135887145996","6.662654320398967","6.384998790423076","5.9989512184793625","0.5703398484060728","6.384998790423076","-0.6768728732923001"
"Strategy 3","3","True","True","25","1","NaOH","grok-4.3","5'-O-Lauroylribothymidine","No Gel","5.169851620992024","6.279185136159261","5.94638508160909","6.093722213331118","0.518805617582601","5.94638508160909","0.28399293825797717"
"Strategy 0","0","True","True","25","2","Organic solvents","grok-4.3","5'-O-Lauroylribothymidine","Gel","5.306158701578776","5.482162555058797","5.42936139901479","6.885648821921927","0.4905968139092903","5.42936139901479","2.9683996748833335"
"Strategy 1","1","True","True","25","2","Organic solvents","grok-4.3","5'-O-Lauroylribothymidine","Gel","5.617423852284749","6.1847178141276045","6.014529625574748","6.95087837871039","0.5894322916615952","6.014529625574748","1.5885603255568124"
"Strategy 2","2","True","True","25","2","Organic solvents","grok-4.3","5'-O-Lauroylribothymidine","Gel","5.294342994689941","5.908362468083699","5.724156626065572","6.744247178267447","0.5608541528805072","5.724156626065572","1.8188160807275158"
"Strategy 3","3","True","True","25","2","Organic solvents","grok-4.3","5'-O-Lauroylribothymidine","Gel","4.729848543802897","5.516181945800781","5.2802819252014155","6.604431852813839","0.5370750248573543","5.280281925201416","2.46548408756135"
"Strategy 0","0","True","True","26","1","NaOH","grok-4.3","5'-O-Myristoylribothymidine","Gel","4.798843224843343","5.947043577829997","5.602583471934","6.28044414415532","0.5013319365768164","5.602583471934","1.3521194696868357"
"Strategy 1","1","True","True","26","1","NaOH","grok-4.3","5'-O-Myristoylribothymidine","Gel","4.154791235923767","5.713107705116272","5.245612764358521","5.998990847158802","0.5158777674102966","5.245612764358521","1.4603809863375865"
"Strategy 2","2","True","True","26","1","NaOH","grok-4.3","5'-O-Myristoylribothymidine","Gel","4.125533819198608","5.537444035212199","5.113870970408121","5.797914014552607","0.5572103208559249","5.113870970408121","1.2276209153730928"
"Strategy 3","3","True","True","26","1","NaOH","grok-4.3","5'-O-Myristoylribothymidine","Gel","3.996727148691813","5.119464000066121","4.782642944653829","5.970573512713114","0.5652009500151882","4.782642944653829","2.1017844503399408"
"Strategy 0","0","False","False","26","2","KOH","grok-4.3","5'-O-Myristoylribothymidine","No Gel","5.602891445159912","6.69161335627238","6.364996782938639","6.30273305217733","0.5366240890919224","6.364996782938639","-0.11602857945991939"
"Strategy 1","1","True","True","26","2","KOH","grok-4.3","5'-O-Myristoylribothymidine","No Gel","5.9950935045878095","7.0040669441223145","6.701374912261962","6.271933638833905","0.49478713414910563","6.701374912261962","-0.8679313664179559"
"Strategy 2","2","True","True","26","2","KOH","grok-4.3","5'-O-Myristoylribothymidine","No Gel","5.721465746561687","6.809395472208659","6.483016554514567","6.198299146561044","0.5670115073493712","6.483016554514567","-0.5021369130310981"
"Strategy 3","3","True","True","26","2","KOH","grok-4.3","5'-O-Myristoylribothymidine","No Gel","4.865349928538005","5.633034070332845","5.402728827794394","6.28990476901525","0.5698095493176213","5.402728827794394","1.5569692404827167"
"Strategy 0","0","False","False","26","3","LiOH","grok-4.3","5'-O-Myristoylribothymidine","No Gel","5.280772686004639","6.459843397140503","6.1061221837997435","6.2174398603365395","0.4972039236118735","6.106122183799744","0.22388736542572552"
"Strategy 1","1","True","True","26","3","LiOH","grok-4.3","5'-O-Myristoylribothymidine","No Gel","5.48996098836263","6.729576746622722","6.357692019144693","6.127078455116705","0.5062004164335968","6.357692019144693","-0.45557758654716485"
"Strategy 2","2","True","True","26","3","LiOH","grok-4.3","5'-O-Myristoylribothymidine","No Gel","5.900579452514648","7.115340709686279","6.750912332534789","6.447804968609674","0.4932285643974188","6.750912332534789","-0.6145373277304476"
"Strategy 3","3","True","True","26","3","LiOH","grok-4.3","5'-O-Myristoylribothymidine","No Gel","4.325598239898682","5.454156319300334","5.115588895479838","6.15525120561437","0.5655703498192166","5.115588895479838","1.8382546229074033"
"Strategy 0","0","True","True","26","4","Organic solvents","grok-4.3","5'-O-Myristoylribothymidine","Gel","4.381131013234456","5.041459401448567","4.843360884984334","6.312820778583063","0.5130287921137231","4.843360884984334","2.8642834791872533"
"Strategy 1","1","True","True","26","4","Organic solvents","grok-4.3","5'-O-Myristoylribothymidine","Gel","4.959702650705974","5.870790163675944","5.597463909784953","6.5777458081257745","0.594998754432791","5.597463909784953","1.6475360511894166"
"Strategy 2","2","True","True","26","4","Organic solvents","grok-4.3","5'-O-Myristoylribothymidine","Gel","4.805244445800781","5.7378677527109785","5.45808076063792","6.446702071431379","0.5982929535214381","5.45808076063792","1.6524034003319332"
"Strategy 3","3","True","True","26","4","Organic solvents","grok-4.3","5'-O-Myristoylribothymidine","Gel","4.363969961802165","5.498537302017212","5.158167099952697","6.263503082531675","0.5981990091132602","5.158167099952697","1.8477730082125534"
"Strategy 0","0","True","True","27","1","NaOH","grok-4.3","5'-O-Palmitoylribothymidine","Gel","5.609641551971436","6.539887587229411","6.260813776652018","6.242440501047967","0.518820901819667","6.260813776652018","-0.0354135223534948"
"Strategy 1","1","True","True","27","1","NaOH","grok-4.3","5'-O-Palmitoylribothymidine","Gel","5.382278760274251","6.391938130060832","6.089040319124858","5.985351885936057","0.5427405367881151","6.089040319124858","-0.1910460453210648"
"Strategy 2","2","True","True","27","1","NaOH","grok-4.3","5'-O-Palmitoylribothymidine","Gel","5.2996284166971845","6.332261800765991","6.022471785545348","5.988229811468789","0.49310026547368124","6.022471785545348","-0.06944221383386627"
"Strategy 3","3","True","True","27","1","NaOH","grok-4.3","5'-O-Palmitoylribothymidine","Gel","4.471417586008708","5.786928017934163","5.392274888356526","6.024952350599205","0.5450674701376492","5.392274888356526","1.160732380677396"
"Strategy 0","0","True","True","27","2","KOH","grok-4.3","5'-O-Palmitoylribothymidine","No Gel","5.646305322647095","6.845897793769836","6.4860200524330125","6.166849070463993","0.4900371488540152","6.4860200524330125","-0.6513199717927964"
"Strategy 1","1","True","True","27","2","KOH","grok-4.3","5'-O-Palmitoylribothymidine","No Gel","5.200737794240316","6.399073839187622","6.03957302570343","5.927030322286818","0.5306741646024756","6.03957302570343","-0.2120749622339678"
"Strategy 2","2","True","True","27","2","KOH","grok-4.3","5'-O-Palmitoylribothymidine","No Gel","5.373385429382324","6.690107822418213","6.295091104507446","6.01719446200733","0.5220160466701893","6.295091104507446","-0.5323526820157142"
"Strategy 3","3","True","True","27","2","KOH","grok-4.3","5'-O-Palmitoylribothymidine","No Gel","5.128002007802327","6.00382645924886","5.7410791238149","6.278698889044827","0.533777082342654","5.7410791238149","1.007199040600261"
"Strategy 0","0","False","False","27","3","LiOH","grok-4.3","5'-O-Palmitoylribothymidine","No Gel","5.17435884475708","6.308762311935425","5.968441271781921","6.241123299820478","0.5002547509417878","5.968441271781921","0.5450863335634518"
"Strategy 1","1","True","True","27","3","LiOH","grok-4.3","5'-O-Palmitoylribothymidine","No Gel","5.212238311767578","6.455859581629436","6.082773200670878","6.051331538501019","0.535600066642368","6.082773200670878","-0.05870361885308137"
"Strategy 2","2","True","True","27","3","LiOH","grok-4.3","5'-O-Palmitoylribothymidine","No Gel","5.646444797515869","6.837935447692871","6.48048825263977","6.202434696153152","0.5320298351572444","6.48048825263977","-0.522627751514043"
"Strategy 3","3","True","True","27","3","LiOH","grok-4.3","5'-O-Palmitoylribothymidine","No Gel","4.695119857788086","5.562427361806233","5.3022351106007894","6.062638246982289","0.5490468088420188","5.302235110600789","1.38495138144095"
"Strategy 0","0","True","True","27","4","Organic solvents","grok-4.3","5'-O-Palmitoylribothymidine","Gel","4.27907395362854","5.273062388102214","4.974865857760111","6.40380976274032","0.5554628250445091","4.974865857760111","2.5725284223398885"
"Strategy 1","1","True","True","27","4","Organic solvents","grok-4.3","5'-O-Palmitoylribothymidine","Gel","4.206033865610759","5.348109563191732","5.005486853917439","6.536132153676153","0.5745671771395945","5.005486853917439","2.663997110623036"
"Strategy 2","2","True","True","27","4","Organic solvents","grok-4.3","5'-O-Palmitoylribothymidine","Gel","3.829440434773763","5.0596433480580645","4.690582474072774","6.207260908328902","0.6078325227663475","4.690582474072774","2.495224222872232"
"Strategy 3","3","True","True","27","4","Organic solvents","grok-4.3","5'-O-Palmitoylribothymidine","Gel","3.2101447582244877","4.554010470708211","4.150850756963094","6.197013005914615","0.5899822713050183","4.150850756963094","3.468175822343759"
"Strategy 0","0","True","True","28","1","NaOH","grok-4.3","5'-O-Lauroyluridine","No Gel","4.8216845989227295","6.790117502212524","6.199587631225586","6.189459519423256","0.5715282614643038","6.199587631225586","-0.01772110407345543"
"Strategy 1","1","False","False","28","1","NaOH","grok-4.3","5'-O-Lauroyluridine","No Gel","4.634260654449463","6.582816203435262","5.998249538739522","6.230184664898757","0.5725864787521264","5.998249538739522","0.4050656708916805"
"Strategy 2","2","False","False","28","1","NaOH","grok-4.3","5'-O-Lauroyluridine","No Gel","4.909587701161702","6.764242172241211","6.207845830917357","6.077066337292201","0.5980542340720907","6.207845830917357","-0.21867497322891932"
"Strategy 3","3","False","False","28","1","NaOH","grok-4.3","5'-O-Lauroyluridine","No Gel","4.784188906351726","6.730651775995891","6.146712915102641","5.985116362879751","0.5842373048981107","6.146712915102641","-0.2765940327125669"
"Strategy 0","0","True","True","28","2","Organic solvents","grok-4.3","5'-O-Lauroyluridine","Gel","5.132365703582764","6.587920824686687","6.15125428835551","6.068970765808755","0.56074845075259","6.15125428835551","-0.14673874254368519"
"Strategy 1","1","True","True","28","2","Organic solvents","grok-4.3","5'-O-Lauroyluridine","Gel","5.401106993357341","6.745230913162232","6.341993737220764","6.411981393200483","0.5731987797541382","6.341993737220764","0.12210014824131088"
"Strategy 2","2","True","True","28","2","Organic solvents","grok-4.3","5'-O-Lauroyluridine","Gel","6.116744836171468","7.160333315531413","6.847256771723429","6.699826156261355","0.6231138763823649","6.847256771723429","-0.23660300476378004"
"Strategy 3","3","True","True","28","2","Organic solvents","grok-4.3","5'-O-Lauroyluridine","Gel","5.094976743062337","6.970817486445109","6.408065263430278","6.299638117684258","0.5838303710450509","6.408065263430278","-0.18571686421851752"
"Strategy 0","0","True","True","29","1","NaOH","grok-4.3","5'-O-Myristoyluridine","Gel","4.68422794342041","5.934564590454102","5.559463596343994","6.283982905768608","0.540535844632978","5.559463596343994","1.3403723668252936"
"Strategy 1","1","True","True","29","1","NaOH","grok-4.3","5'-O-Myristoyluridine","Gel","4.234803994496663","5.63815188407898","5.2171475172042845","6.270998455942138","0.5795704575049824","5.2171475172042845","1.8183310158261368"
"Strategy 2","2","True","True","29","1","NaOH","grok-4.3","5'-O-Myristoyluridine","Gel","4.147174040476481","5.409871737162272","5.031062428156535","6.067001919167295","0.5904597992742264","5.031062428156535","1.7544623567668831"
"Strategy 3","3","True","True","29","1","NaOH","grok-4.3","5'-O-Myristoyluridine","Gel","3.688943028450012","5.286208510398865","4.807028865814209","5.907088565549185","0.5609694864059604","4.807028865814209","1.96099739182407"
"Strategy 0","0","True","True","29","2","Organic solvents","grok-4.3","5'-O-Myristoyluridine","Gel","4.779155890146892","6.694171746571858","6.119666989644369","5.964611818316063","0.5886099016870213","6.119666989644369","-0.2634260329020984"
"Strategy 1","1","True","True","29","2","Organic solvents","grok-4.3","5'-O-Myristoyluridine","Gel","5.743491172790527","6.726964950561523","6.431922817230224","6.663233746915516","0.5806688581747836","6.431922817230224","0.39835256606040764"
"Strategy 2","2","True","True","29","2","Organic solvents","grok-4.3","5'-O-Myristoyluridine","Gel","5.530725479125977","6.823491096496582","6.435661411285401","6.411958525778402","0.6077530379804008","6.435661411285401","-0.0390008507168711"
"Strategy 3","3","True","True","29","2","Organic solvents","grok-4.3","5'-O-Myristoyluridine","Gel","5.0976104736328125","6.912013610204061","6.367692669232686","6.345441986300841","0.5413343541285406","6.367692669232686","-0.04110340081346749"
"Strategy 0","0","True","True","30","1","NaOH","grok-4.3","5'-O-Palmitoyluridine","Gel","5.31024185816447","6.498339811960856","6.14191042582194","6.2105875657202345","0.5461671214438738","6.14191042582194","0.12574381943156265"
"Strategy 1","1","True","True","30","1","NaOH","grok-4.3","5'-O-Palmitoyluridine","Gel","5.358877976735433","6.722019990285237","6.3130773862202965","6.285632248503908","0.54603154482512","6.3130773862202965","-0.050262916083316504"
"Strategy 2","2","True","True","30","1","NaOH","grok-4.3","5'-O-Palmitoyluridine","Gel","5.113414605458577","6.410178820292155","6.021149555842082","6.105781605200558","0.5608826068620142","6.021149555842082","0.15089084297330754"
"Strategy 3","3","True","True","30","1","NaOH","grok-4.3","5'-O-Palmitoyluridine","Gel","4.369359493255615","5.837077935536702","5.396762402852375","5.8706947587873275","0.566899166526548","5.396762402852375","0.8360082073127512"
"Strategy 0","0","True","True","30","2","Organic solvents","grok-4.3","5'-O-Palmitoyluridine","Gel","5.134259223937988","6.875704288482666","6.353270769119263","6.144470155208301","0.5998640724193159","6.353270769119263","-0.34807987927806056"
"Strategy 1","1","True","True","30","2","Organic solvents","grok-4.3","5'-O-Palmitoyluridine","Gel","5.829264163970947","6.625873486200969","6.386890689531962","6.731957783933141","0.6064680446769585","6.386890689531962","0.5689781966747848"
"Strategy 2","2","True","True","30","2","Organic solvents","grok-4.3","5'-O-Palmitoyluridine","Gel","5.885094165802002","6.899883349736531","6.595446594556172","6.673135897170666","0.5546457825528519","6.595446594556172","0.14007012233450244"
"Strategy 3","3","True","True","30","2","Organic solvents","grok-4.3","5'-O-Palmitoyluridine","Gel","5.191083113352458","6.509176810582479","6.113748701413473","6.398826039792339","0.5843881583024183","6.113748701413473","0.48782189428167594"
"Strategy 0","0","True","True","31","1","H₂O","grok-4.3","A C–C linked benzyl azide ‘click’ conjugate of 8-aza-7-deaza-2′-deoxyadenosine","Gel","4.913060188293457","6.035447438557942","5.698731263478597","6.379524521125378","0.5683731707254926","5.698731263478597","1.197792740248087"
"Strategy 1","1","True","True","31","1","H₂O","grok-4.3","A C–C linked benzyl azide ‘click’ conjugate of 8-aza-7-deaza-2′-deoxyadenosine","Gel","4.735364119211833","5.607356389363607","5.3457587083180735","6.379605120220232","0.6076363906992646","5.3457587083180735","1.7014228043722226"
"Strategy 2","2","True","True","31","1","H₂O","grok-4.3","A C–C linked benzyl azide ‘click’ conjugate of 8-aza-7-deaza-2′-deoxyadenosine","Gel","4.899377504984538","5.810424089431763","5.537110114097595","6.3129100258036175","0.619956604484299","5.537110114097595","1.2513777675638436"
"Strategy 3","3","True","True","31","1","H₂O","grok-4.3","A C–C linked benzyl azide ‘click’ conjugate of 8-aza-7-deaza-2′-deoxyadenosine","Gel","4.164850473403931","5.216788609822591","4.901207168896993","6.107958651944339","0.6159177427680941","4.901207168896993","1.959273778384582"
"Strategy 0","0","False","False","32","1","H₂O","grok-4.3","The isomeric regio-conjugate of 8-aza-7-deaza-2′-deoxyadenosine, a C–N connectivity between the nucleobase and the triazole moiety","No Gel","5.329213301340739","6.52750563621521","6.292789030075073","6.3921210988239405","0.5249807142002749","6.168017935752868","0.18921089110898895"
"Strategy 1","1","True","True","32","1","H₂O","grok-4.3","The isomeric regio-conjugate of 8-aza-7-deaza-2′-deoxyadenosine, a C–N connectivity between the nucleobase and the triazole moiety","No Gel","5.089358011881511","6.233148097991943","5.896927380561827","6.282752981851267","0.5545278768867666","5.8900110721588135","0.6957731385039545"
"Strategy 2","2","True","True","32","1","H₂O","grok-4.3","The isomeric regio-conjugate of 8-aza-7-deaza-2′-deoxyadenosine, a C–N connectivity between the nucleobase and the triazole moiety","No Gel","4.965844949086507","6.126497109731038","5.824017111460368","6.403649799829921","0.5759023005622549","5.778301461537679","1.006477466409939"
"Strategy 3","3","True","True","32","1","H₂O","grok-4.3","The isomeric regio-conjugate of 8-aza-7-deaza-2′-deoxyadenosine, a C–N connectivity between the nucleobase and the triazole moiety","No Gel","4.509439627329509","5.620381673177083","5.27862532933553","6.349172906050078","0.6113805943812367","5.28709905942281","1.751032967930594"
"Strategy 0","0","False","False","33","1","H₂O","grok-4.3","A benzyl azide conjugate with a long linker arm attached to 8-aza-7-deaza-2′-deoxyadenosine","No Gel","4.351669788360596","5.826418876647949","5.403683662414551","6.283468775878581","0.5343406707085152","5.383994150161743","1.646487272431404"
"Strategy 1","1","True","True","33","1","H₂O","grok-4.3","A benzyl azide conjugate with a long linker arm attached to 8-aza-7-deaza-2′-deoxyadenosine","No Gel","4.710458278656006","6.131625413894653","5.742350435256957","6.140853247593231","0.5293084025414045","5.70527527332306","0.7528745253672824"
"Strategy 2","2","True","True","33","1","H₂O","grok-4.3","A benzyl azide conjugate with a long linker arm attached to 8-aza-7-deaza-2′-deoxyadenosine","No Gel","4.188652515411377","5.644142468770345","5.223222287495931","5.970880449957933","0.5391859307599993","5.207495482762654","1.3866425657808894"
"Strategy 3","3","True","True","33","1","H₂O","grok-4.3","A benzyl azide conjugate with a long linker arm attached to 8-aza-7-deaza-2′-deoxyadenosine","No Gel","4.454230308532715","5.79854957262675","5.414447585741679","6.065222793155245","0.5559606539575883","5.395253793398538","1.170541841011667"
"Strategy 0","0","True","True","34","1","H₂O","grok-4.3","A benzyl azide conjugate with a branched side chain attached to 8-aza-7-deaza-2′-deoxyadenosine","No Gel","5.934410572052002","6.624488115310669","6.418085861206054","6.304237205668013","0.593387659772483","6.417464852333069","-0.19186218935138052"
"Strategy 1","1","True","True","34","1","H₂O","grok-4.3","A benzyl azide conjugate with a branched side chain attached to 8-aza-7-deaza-2′-deoxyadenosine","No Gel","5.79866091410319","6.522926410039266","6.271633950869242","6.267918901049198","0.5997699261917416","6.305646761258443","-0.006194124876571603"
"Strategy 2","2","True","True","34","1","H₂O","grok-4.3","A benzyl azide conjugate with a branched side chain attached to 8-aza-7-deaza-2′-deoxyadenosine","No Gel","6.0496290524800616","6.646683692932129","6.4451905488967896","6.309910621753959","0.6039263185526497","6.467567300796508","-0.22400071496641868"
"Strategy 3","3","True","True","34","1","H₂O","grok-4.3","A benzyl azide conjugate with a branched side chain attached to 8-aza-7-deaza-2′-deoxyadenosine","No Gel","5.432518164316813","6.1202302773793535","5.881479819615682","6.105135624260865","0.6292209782416731","5.913916643460591","0.3554487411881568"
"Strategy 0","0","False","False","35","1","H₂O","grok-4.3","A 7-deazaadenine click conjugate with a pyrrolo[2,3-d]pyrimidine moiety, having one less nitrogen atom in the nucleobase structure","No Gel","4.615801334381104","6.026682138442993","5.603417897224426","6.555439558971759","0.5926978042599286","5.603417897224426","1.6062513727987813"
"Strategy 1","1","False","False","35","1","H₂O","grok-4.3","A 7-deazaadenine click conjugate with a pyrrolo[2,3-d]pyrimidine moiety, having one less nitrogen atom in the nucleobase structure","No Gel","5.012244542439778","6.035004138946533","5.728176259994506","6.475494799010205","0.6160602084409207","5.728176259994506","1.2130608807002108"
"Strategy 2","2","False","False","35","1","H₂O","grok-4.3","A 7-deazaadenine click conjugate with a pyrrolo[2,3-d]pyrimidine moiety, having one less nitrogen atom in the nucleobase structure","No Gel","4.565807978312175","6.058431784311931","5.610644642512003","6.367721654771218","0.5622639961963399","5.610644642512003","1.3464796205710583"
"Strategy 3","3","False","False","35","1","H₂O","grok-4.3","A 7-deazaadenine click conjugate with a pyrrolo[2,3-d]pyrimidine moiety, having one less nitrogen atom in the nucleobase structure","No Gel","4.391123612721761","5.656646331151326","5.276989515622456","6.133675734818135","0.6116024346568157","5.276989515622456","1.4007240171899997"
"Strategy 0","0","True","True","36","1","NaCl","grok-4.3","8-Methoxy-2′,3′,5′-tri-O-acetylguanosine (8OMeTAcG)","Gel","5.270918210347493","6.734179894129436","6.295201388994852","6.311451837443566","0.6000671095837208","6.295201388994852","0.02708105175100718"
"Strategy 1","1","True","True","36","1","NaCl","grok-4.3","8-Methoxy-2′,3′,5′-tri-O-acetylguanosine (8OMeTAcG)","Gel","5.2005612055460615","6.566628615061442","6.156808392206827","6.433780096113219","0.5634977168663271","6.156808392206827","0.49152231786609984"
"Strategy 2","2","True","True","36","1","NaCl","grok-4.3","8-Methoxy-2′,3′,5′-tri-O-acetylguanosine (8OMeTAcG)","Gel","5.311723868052165","6.604490598042806","6.216660579045613","6.449300945328804","0.6000572478332742","6.216660579045613","0.3876969524544923"
"Strategy 3","3","True","True","36","1","NaCl","grok-4.3","8-Methoxy-2′,3′,5′-tri-O-acetylguanosine (8OMeTAcG)","Gel","5.102650960286458","6.641197204589844","6.179633331298827","6.348139993719352","0.6189644228269261","6.179633331298827","0.2722396574118478"
"Strategy 0","0","False","False","36","2","KCl","grok-4.3","8-Methoxy-2′,3′,5′-tri-O-acetylguanosine (8OMeTAcG)","No Gel","5.268713712692261","5.853447198867798","5.678027153015137","6.419388943402341","0.6957455212294236","5.678027153015137","1.0655645890140606"
"Strategy 1","1","False","False","36","2","KCl","grok-4.3","8-Methoxy-2′,3′,5′-tri-O-acetylguanosine (8OMeTAcG)","No Gel","4.914071083068848","5.920098423957825","5.618290221691131","6.411863859402116","0.6067211200050308","5.618290221691131","1.3079710126201058"
"Strategy 2","2","False","False","36","2","KCl","grok-4.3","8-Methoxy-2′,3′,5′-tri-O-acetylguanosine (8OMeTAcG)","No Gel","4.771687825520833","5.890416065851848","5.554797593752543","6.41497580598491","0.6397880937697237","5.554797593752543","1.3444736165127318"
"Strategy 3","3","False","False","36","2","KCl","grok-4.3","8-Methoxy-2′,3′,5′-tri-O-acetylguanosine (8OMeTAcG)","No Gel","4.361473560333252","5.387365818023682","5.079598140716552","6.30188544628232","0.6384977747721327","5.079598140716552","1.9143172519308753"
"Strategy 0","0","True","True","36","3","NaCl + TAcG","grok-4.3","8-Methoxy-2′,3′,5′-tri-O-acetylguanosine (8OMeTAcG)","Gel","5.794139703114827","6.7391943136851","6.455677930514017","6.598664543302176","0.6358888186484614","6.455677930514017","0.22486102695132737"
"Strategy 1","1","True","True","36","3","NaCl + TAcG","grok-4.3","8-Methoxy-2′,3′,5′-tri-O-acetylguanosine (8OMeTAcG)","Gel","5.664179960886638","6.478465398152669","6.2341797669728605","6.687235743377251","0.5561139482727393","6.2341797669728605","0.8146819151210976"
"Strategy 2","2","True","True","36","3","NaCl + TAcG","grok-4.3","8-Methoxy-2′,3′,5′-tri-O-acetylguanosine (8OMeTAcG)","Gel","5.468387603759766","6.400975704193115","6.12119927406311","6.425333385196458","0.5989947954844494","6.12119927406311","0.5077408241708903"
"Strategy 3","3","True","True","36","3","NaCl + TAcG","grok-4.3","8-Methoxy-2′,3′,5′-tri-O-acetylguanosine (8OMeTAcG)","Gel","5.263942718505859","6.202092885971069","5.920647835731505","6.442808570048607","0.6099525024996526","5.920647835731505","0.8560678613125275"
"Strategy 0","0","False","False","37","1","KCl + NaCl","grok-4.3","8-Methoxyguanosine (8OMeG)","No Gel","5.670726617177327","6.898521025975545","6.53018270333608","6.3155568510987035","0.6599428260910659","6.53018270333608","-0.32521885798597977"
"Strategy 1","1","True","True","37","1","KCl + NaCl","grok-4.3","8-Methoxyguanosine (8OMeG)","No Gel","5.008841037750244","6.772493124008179","6.243397498130797","6.8490457974663075","0.605123460863201","6.243397498130797","1.0008673246143207"
"Strategy 2","2","True","True","37","1","KCl + NaCl","grok-4.3","8-Methoxyguanosine (8OMeG)","No Gel","4.618823051452637","6.54814871152242","5.969351013501484","6.520200467848962","0.6322093167433315","5.969351013501484","0.8713086627464488"
"Strategy 3","3","True","True","37","1","KCl + NaCl","grok-4.3","8-Methoxyguanosine (8OMeG)","No Gel","4.603695074717204","6.203680674235026","5.723684994379679","6.720858748199404","0.6654561464568041","5.723684994379679","1.498481544019301"
"Strategy 0","0","True","True","37","2","KCl","grok-4.3","8-Methoxyguanosine (8OMeG)","Gel","4.872174739837647","5.785852114359538","5.51174890200297","6.554830779893761","0.684721973816812","5.51174890200297","1.5233655670145814"
"Strategy 1","1","False","False","37","2","KCl","grok-4.3","8-Methoxyguanosine (8OMeG)","Gel","4.86969264348348","6.0195222695668535","5.674573381741841","6.644375107269878","0.5942688732074605","5.674573381741841","1.6319241495750973"
"Strategy 2","2","False","False","37","2","KCl","grok-4.3","8-Methoxyguanosine (8OMeG)","Gel","4.448159058888753","5.681175788243611","5.3112707694371535","6.6260822663319505","0.6797144883987668","5.3112707694371535","1.9343584980690292"
"Strategy 3","3","False","False","37","2","KCl","grok-4.3","8-Methoxyguanosine (8OMeG)","Gel","4.2609639167785645","5.389323552449544","5.05081566174825","6.8994068255412175","0.696108676498152","5.05081566174825","2.6556071288932928"
"Strategy 0","0","False","False","38","1","KCl + NaCl","grok-4.3","8-Bromoguanosine (8BrG)","No Gel","5.898006757100423","6.897406578063965","6.585548663139343","6.054723189721119","0.6227300464828632","6.597586631774902","-0.8524166714233397"
"Strategy 1","1","True","True","38","1","KCl + NaCl","grok-4.3","8-Bromoguanosine (8BrG)","No Gel","7.223690350850423","7.88178825378418","7.674726843833923","7.018230637099393","0.5977974863707092","7.684358882904053","-1.0981916480114151"
"Strategy 2","2","True","True","38","1","KCl + NaCl","grok-4.3","8-Bromoguanosine (8BrG)","No Gel","7.125787734985352","8.114693403244019","7.808395306269328","6.6185224017431565","0.7084302066125969","7.818021702766418","-1.6795908664251102"
"Strategy 3","3","True","True","38","1","KCl + NaCl","grok-4.3","8-Bromoguanosine (8BrG)","No Gel","6.696318467458089","7.700946728388469","7.397742223739623","6.383847666834059","0.72727941201837","7.399558250109354","-1.3940922019114637"
"Strategy 0","0","False","False","38","2","KCl","grok-4.3","8-Bromoguanosine (8BrG)","No Gel","6.13961124420166","7.144295533498128","6.989477189381918","6.205541838724791","0.718234094568589","6.842890246709188","-1.0914761031053555"
"Strategy 1","1","False","False","38","2","KCl","grok-4.3","8-Bromoguanosine (8BrG)","No Gel","6.565662384033203","7.397764444351196","7.5114312052726735","6.4471095082371725","0.7824456462551583","7.148133826255798","-1.360250008584522"
"Strategy 2","2","False","False","38","2","KCl","grok-4.3","8-Bromoguanosine (8BrG)","No Gel","6.78813362121582","7.7122015953063965","7.870148690541584","6.8280098610146105","0.7758321377233108","7.434981203079222","-1.3432529781315108"
"Strategy 3","3","False","False","38","2","KCl","grok-4.3","8-Bromoguanosine (8BrG)","No Gel","6.789205710093181","7.84284234046936","7.773490134874979","6.840861277062763","0.7796097656249983","7.526751351356506","-1.1962765205545436"
"Strategy 0","0","True","True","39","1","NaCl","grok-4.3","2′,3′,5′-tri-O-acetylguanosine (TAcG)","No Gel","6.246190071105957","7.396933436393738","6.445345485210418","6.275611891672592","0.551722533217791","7.051710426807404","-0.3076430330802241"
"Strategy 1","1","False","False","39","1","NaCl","grok-4.3","2′,3′,5′-tri-O-acetylguanosine (TAcG)","No Gel","5.456689834594727","6.763653635978699","6.791015815734863","6.319901682702145","0.6400977292557718","6.371564495563506","-0.7360034436936245"
"Strategy 2","2","True","True","39","1","NaCl","grok-4.3","2′,3′,5′-tri-O-acetylguanosine (TAcG)","No Gel","6.057476043701172","7.325387120246887","6.5920681118965145","6.456540180916009","0.6793343768783455","6.945013797283172","-0.19950106397276574"
"Strategy 3","3","True","True","39","1","NaCl","grok-4.3","2′,3′,5′-tri-O-acetylguanosine (TAcG)","No Gel","5.385720729827881","6.720755418141683","6.529801623026529","6.341956357746469","0.5915376027559031","6.320245011647541","-0.3175542254708944"
"Strategy 0","0","False","False","39","2","KCl","grok-4.3","2′,3′,5′-tri-O-acetylguanosine (TAcG)","No Gel","5.266090710957845","5.829694747924805","5.660613536834717","6.403460786385745","0.6308800413481909","5.660613536834717","1.1774778101452745"
"Strategy 1","1","True","True","39","2","KCl","grok-4.3","2′,3′,5′-tri-O-acetylguanosine (TAcG)","No Gel","4.666815439860026","5.8049369653066","5.463500507672627","6.631479098137651","0.604675985679757","5.463500507672627","1.9315776020971296"
"Strategy 2","2","True","True","39","2","KCl","grok-4.3","2′,3′,5′-tri-O-acetylguanosine (TAcG)","No Gel","4.2709425290425616","5.242117722829183","4.950765164693197","6.287122063920171","0.6291773444775167","4.950765164693197","2.123974918926419"
"Strategy 3","3","True","True","39","2","KCl","grok-4.3","2′,3′,5′-tri-O-acetylguanosine (TAcG)","No Gel","4.342834949493408","5.069406191507976","4.851434818903605","6.274211399438153","0.6236654289989884","4.851434818903605","2.2813138493473497"
"Strategy 0","0","True","True","40","1","KCl","grok-4.3","Guanosine-5′-Hydrazide","Gel","4.234468539555867","5.588414827982585","5.182230941454569","6.285328335540239","0.682895581666024","5.182230941454569","1.6153236654343286"
"Strategy 1","1","True","True","40","1","KCl","grok-4.3","Guanosine-5′-Hydrazide","Gel","4.922496636708577","5.850895245869954","5.572375663121541","6.504541785341209","0.7433091353723957","5.572375663121541","1.254075966324099"
"Strategy 2","2","True","True","40","1","KCl","grok-4.3","Guanosine-5′-Hydrazide","Gel","4.475175380706787","5.738254944483439","5.359331075350442","6.353779736230539","0.6856617530357156","5.359331075350442","1.4503487418938716"
"Strategy 3","3","True","True","40","1","KCl","grok-4.3","Guanosine-5′-Hydrazide","Gel","4.494661013285319","5.626608530680339","5.287024275461832","6.300502370802314","0.7014966007687662","5.287024275461832","1.4447370011911922"
"Strategy 0","0","True","True","40","2","NaCl","grok-4.3","Guanosine-5′-Hydrazide","Gel","4.364140192667644","5.426033178965251","5.107465283075968","5.963459365066015","0.6204257207102384","5.107465283075968","1.3796882582658552"
"Strategy 1","1","False","False","40","2","NaCl","grok-4.3","Guanosine-5′-Hydrazide","Gel","4.5838619867960615","5.332394758860271","5.107834927241008","6.321697528048079","0.6410545740557708","5.107834927241008","1.8935401913245955"
"Strategy 2","2","False","False","40","2","NaCl","grok-4.3","Guanosine-5′-Hydrazide","Gel","4.621990998586019","5.534592390060425","5.260811972618103","6.536907825297471","0.62891807402268","5.260811972618103","2.029033518654052"
"Strategy 3","3","False","False","40","2","NaCl","grok-4.3","Guanosine-5′-Hydrazide","Gel","4.0841490427653","5.288417180379232","4.927136739095052","6.1985523180752145","0.6313461017613735","4.927136739095052","2.013817105123606"
"Strategy 0","0","True","True","40","3","NH₄Cl","grok-4.3","Guanosine-5′-Hydrazide","Gel","4.697786966959636","5.579378525416057","5.31490105787913","5.951828681960586","0.5923126959180418","5.31490105787913","1.075323268386581"
"Strategy 1","1","True","True","40","3","NH₄Cl","grok-4.3","Guanosine-5′-Hydrazide","Gel","4.174276351928711","5.25382673740387","4.929961621761322","6.189422646234202","0.6385376220827138","4.929961621761322","1.972414750386836"
"Strategy 2","2","True","True","40","3","NH₄Cl","grok-4.3","Guanosine-5′-Hydrazide","Gel","4.699633916219075","5.539067347844441","5.287237318356831","6.215283714646825","0.6813623127213171","5.287237318356831","1.362045389014013"
"Strategy 3","3","True","True","40","3","NH₄Cl","grok-4.3","Guanosine-5′-Hydrazide","Gel","5.116899172465007","5.888937950134277","5.657326316833495","6.378973027470808","0.6765357298761144","5.657326316833495","1.066679376667156"
"Strategy 0","0","False","False","40","4","Me₄NCl","grok-4.3","Guanosine-5′-Hydrazide","Gel","4.480077266693115","5.539604822794597","5.221746555964152","6.2281809586887205","0.6492797462049391","5.221746555964152","1.5500782345471427"
"Strategy 1","1","False","False","40","4","Me₄NCl","grok-4.3","Guanosine-5′-Hydrazide","Gel","4.430056730906169","5.824382623036702","5.406084855397542","6.0860492750655775","0.6274426207055017","5.406084855397542","1.0837077323556341"
"Strategy 2","2","False","False","40","4","Me₄NCl","grok-4.3","Guanosine-5′-Hydrazide","Gel","4.292288462320964","5.538150072097778","5.164391589164733","5.929948423075121","0.6675787466769184","5.164391589164733","1.1467663368871255"
"Strategy 3","3","False","False","40","4","Me₄NCl","grok-4.3","Guanosine-5′-Hydrazide","Gel","4.2216572761535645","5.367126146952312","5.023485485712687","6.013964401720722","0.6601487250969381","5.023485485712687","1.5003875314045185"
"Strategy 0","0","False","False","40","5","Borate buffer","grok-4.3","Guanosine-5′-Hydrazide","No Gel","4.70219882329305","5.299552917480469","5.120346689224243","6.449201402861325","0.7167350954137596","5.120346689224243","1.854038852206555"
"Strategy 1","1","False","False","40","5","Borate buffer","grok-4.3","Guanosine-5′-Hydrazide","No Gel","5.26816987991333","6.012605667114258","5.7892749309539795","6.610217267290257","0.6371328434862458","5.78927493095398","1.2884947695432998"
"Strategy 2","2","False","False","40","5","Borate buffer","grok-4.3","Guanosine-5′-Hydrazide","No Gel","5.438803195953369","6.076941967010498","5.885500335693358","6.396607888823023","0.6228846561234643","5.885500335693358","0.8205492752230457"
"Strategy 3","3","False","False","40","5","Borate buffer","grok-4.3","Guanosine-5′-Hydrazide","No Gel","5.333162307739258","5.992569367090861","5.79474724928538","6.315610167715285","0.6460686684333952","5.79474724928538","0.8062036496722667"
"Strategy 0","0","True","True","40","6","KCl","grok-4.3","Guanosine-5′-Hydrazide","Gel","5.228147188822429","6.167759974797566","5.885876139005025","6.2410333727065295","0.6580516776112959","5.885876139005025","0.5397102473634178"
"Strategy 1","1","True","True","40","6","KCl","grok-4.3","Guanosine-5′-Hydrazide","Gel","5.747164885203044","6.287765582402547","6.1255853732426955","6.538398727089244","0.7078040081848779","6.125585373242696","0.5832311615544311"
"Strategy 2","2","True","True","40","6","KCl","grok-4.3","Guanosine-5′-Hydrazide","Gel","5.042124271392822","5.52902626991272","5.3829556703567505","6.138069868395803","0.6760426603957943","5.382955670356751","1.1169623490875047"
"Strategy 3","3","True","True","40","6","KCl","grok-4.3","Guanosine-5′-Hydrazide","Gel","5.4237823486328125","5.930523077646892","5.778500858942667","6.354999507921303","0.6587985814710188","5.778500858942667","0.8750757290511804"
"Strategy 0","0","True","True","41","1","KCl","grok-4.3","5′-Hydrazino-guanosine","Gel","4.791842937469482","5.419027646382649","5.230872233708699","6.332315143873524","0.6873714885921066","5.230872233708699","1.6023983078216277"
"Strategy 1","1","False","False","41","1","KCl","grok-4.3","5′-Hydrazino-guanosine","Gel","5.223830540974935","5.656777302424113","5.526893273989359","6.457016371571741","0.5386275734168302","5.526893273989359","1.7268389950445102"
"Strategy 2","2","False","False","41","1","KCl","grok-4.3","5′-Hydrazino-guanosine","Gel","5.720609347025554","6.4360019365946455","6.221384159723917","6.754118866513866","0.6156034644012349","6.221384159723917","0.8653861415612919"
"Strategy 3","3","False","False","41","1","KCl","grok-4.3","5′-Hydrazino-guanosine","Gel","5.226401964823405","5.757587194442749","5.598231625556945","6.349070041863493","0.6267684822724909","5.598231625556945","1.1979517757246083"
"Strategy 0","0","False","False","42","1","KCl","grok-4.3","5′-Amino-guanosine (NH₂G)","No Gel","5.114634990692139","5.946015357971191","5.696601247787474","6.278570435952769","0.7216494333706935","5.696601247787474","0.8064430750635005"
"Strategy 1","1","False","False","42","1","KCl","grok-4.3","5′-Amino-guanosine (NH₂G)","No Gel","5.020860195159912","6.198764403661092","5.845393141110737","6.271013546298024","0.5975781748996822","5.845393141110737","0.7122422187837386"
"Strategy 2","2","False","False","42","1","KCl","grok-4.3","5′-Amino-guanosine (NH₂G)","No Gel","5.379790782928467","6.673535982767741","6.285412422815958","6.403906073619536","0.6477301140773899","6.285412422815958","0.18293676367410738"
"Strategy 3","3","False","False","42","1","KCl","grok-4.3","5′-Amino-guanosine (NH₂G)","No Gel","5.080604076385498","6.330480257670085","5.955517403284708","6.300567586354198","0.631171494240869","5.955517403284708","0.5466821398271372"
"Strategy 0","0","False","False","43","1","KCl","grok-4.3","5′-Hydroxylamino-guanosine (NHOH-G)","No Gel","5.601181348164876","6.448499282201131","6.194303901990254","6.316509859876115","0.7244838350241231","6.194303901990254","0.1686800339469166"
"Strategy 1","1","False","False","43","1","KCl","grok-4.3","5′-Hydroxylamino-guanosine (NHOH-G)","No Gel","5.721574942270915","6.888531605402629","6.538444606463114","6.492207901668794","0.6593818455651649","6.538444606463114","-0.0701212887574865"
"Strategy 2","2","False","False","43","1","KCl","grok-4.3","5′-Hydroxylamino-guanosine (NHOH-G)","No Gel","5.062505563100179","6.401082674662272","5.999509541193643","6.137260511371208","0.611990806809063","5.999509541193643","0.22508666575532713"
"Strategy 3","3","False","False","43","1","KCl","grok-4.3","5′-Hydroxylamino-guanosine (NHOH-G)","No Gel","5.471100648244222","6.652507225672404","6.298085252443948","6.418019222966769","0.6423425068686748","6.298085252443948","0.18671342662263052"
"Strategy 0","0","False","False","44","1","KCl","grok-4.3","Guanosine-5′-monophosphate (GMP)","No Gel","4.956007162729899","5.803606748580933","5.549326872825621","6.747520149832239","0.6136805632782523","5.549326872825621","1.952470631635987"
"Strategy 1","1","False","False","44","1","KCl","grok-4.3","Guanosine-5′-monophosphate (GMP)","No Gel","5.176420529683431","5.9709726969401045","5.7326070467631025","6.64929599189019","0.7132065452407147","5.732607046763103","1.2853064112271926"
"Strategy 2","2","False","False","44","1","KCl","grok-4.3","Guanosine-5′-monophosphate (GMP)","No Gel","4.996092796325684","5.809143702189128","5.565228430430094","6.395867648482014","0.6664464517073829","5.565228430430094","1.2463705312315618"
"Strategy 3","3","False","False","44","1","KCl","grok-4.3","Guanosine-5′-monophosphate (GMP)","No Gel","4.748799800872803","5.765077908833821","5.4601944764455155","6.477645471299342","0.6675489348874778","5.460194476445516","1.5241594161562522"
"Strategy 0","0","False","False","45","1","Organic solvents","grok-4.3","A 9-octyl-9H-carbazole group attached to the 5-position of uridine","No Gel","4.710611820220947","5.146192669868469","5.0155184149742125","6.370764202942218","0.6026714500731695","5.0155184149742125","2.248730693653179"
"Strategy 1","1","True","True","45","1","Organic solvents","grok-4.3","A 9-octyl-9H-carbazole group attached to the 5-position of uridine","No Gel","4.426573673884074","5.37508765856425","5.090533463160197","6.410076586836684","0.5811252409834575","5.090533463160197","2.2706690926785087"
"Strategy 2","2","True","True","45","1","Organic solvents","grok-4.3","A 9-octyl-9H-carbazole group attached to the 5-position of uridine","No Gel","4.424511750539144","5.468762477238973","5.155487259229024","6.410088801075937","0.5767947059294453","5.155487259229024","2.1751266593635807"
"Strategy 3","3","True","True","45","1","Organic solvents","grok-4.3","A 9-octyl-9H-carbazole group attached to the 5-position of uridine","No Gel","3.841726620992025","4.734628995259603","4.466758282979329","6.165442605351293","0.5821080534134309","4.466758282979329","2.9181598028253126"
"Strategy 0","0","False","False","45","2","Organic solvents","grok-4.3","A 9-octyl-9H-carbazole group attached to the 5-position of uridine","No Gel","5.311060905456543","6.6913251876831055","6.277245903015136","6.4875258483936","0.5688306143930427","6.277245903015136","0.3696705839274098"
"Strategy 1","1","False","False","45","2","Organic solvents","grok-4.3","A 9-octyl-9H-carbazole group attached to the 5-position of uridine","No Gel","5.273608048756917","6.589495499928792","6.194729264577229","6.475520982360346","0.6061619477657963","6.194729264577229","0.46322887607522184"
"Strategy 2","2","False","False","45","2","Organic solvents","grok-4.3","A 9-octyl-9H-carbazole group attached to the 5-position of uridine","No Gel","5.307115395863851","6.59594186147054","6.209293921788532","6.563443666342308","0.6525636230120544","6.209293921788532","0.5427053118883913"
"Strategy 3","3","False","False","45","2","Organic solvents","grok-4.3","A 9-octyl-9H-carbazole group attached to the 5-position of uridine","No Gel","4.988138198852539","6.2693376541137695","5.8849778175353995","6.316140249902887","0.6336074479087428","5.8849778175354","0.6804882641303589"
"Strategy 0","0","False","False","45","3","Organic solvents","grok-4.3","A 9-octyl-9H-carbazole group attached to the 5-position of uridine","No Gel","4.830564022064209","6.191681385040283","5.783346176147461","6.249483408730775","0.6156454150196728","5.783346176147461","0.7571521223274583"
"Strategy 1","1","False","False","45","3","Organic solvents","grok-4.3","A 9-octyl-9H-carbazole group attached to the 5-position of uridine","No Gel","5.470503966013591","6.83358359336853","6.424659705162047","6.468847789074407","0.6321955138419603","6.424659705162047","0.06989623137915248"
"Strategy 2","2","False","False","45","3","Organic solvents","grok-4.3","A 9-octyl-9H-carbazole group attached to the 5-position of uridine","No Gel","5.393892288208008","6.9299750328063965","6.4691502094268785","6.463415883677874","0.6376311327831776","6.469150209426879","-0.0089931709011361"
"Strategy 3","3","True","True","45","3","Organic solvents","grok-4.3","A 9-octyl-9H-carbazole group attached to the 5-position of uridine","No Gel","4.528459548950195","6.137057304382324","5.654477977752685","6.0052475877510485","0.5830049662853252","5.654477977752685","0.6016580137101187"
"Strategy 0","0","True","True","46","1","Organic solvents","grok-4.3","A 9-dodecyl-9H-carbazole group attached to the 5-position of uridine","Gel","5.212894121805827","6.177040894826253","5.887796862920125","6.3090109258967155","0.6114879644083172","5.887796862920125","0.6888345928184567"
"Strategy 1","1","True","True","46","1","Organic solvents","grok-4.3","A 9-dodecyl-9H-carbazole group attached to the 5-position of uridine","Gel","5.0841654141743975","6.153604904810588","5.83277305761973","6.362806771583952","0.5899895510757857","5.83277305761973","0.8983781373716875"
"Strategy 2","2","True","True","46","1","Organic solvents","grok-4.3","A 9-dodecyl-9H-carbazole group attached to the 5-position of uridine","Gel","4.82365624109904","6.003396511077881","5.649474430084228","6.243225903905331","0.6105146112424366","5.649474430084228","0.9725426105900725"
"Strategy 3","3","True","True","46","1","Organic solvents","grok-4.3","A 9-dodecyl-9H-carbazole group attached to the 5-position of uridine","Gel","4.4880477587382","5.90893538792928","5.482669099171956","6.2170755888448515","0.5671122042249297","5.482669099171956","1.2949932732916687"
"Strategy 0","0","True","True","46","2","Organic solvents","grok-4.3","A 9-dodecyl-9H-carbazole group attached to the 5-position of uridine","Gel","5.286465962727864","6.3205656210581465","6.010335723559062","6.177463074124752","0.5654883966835961","6.010335723559062","0.29554514565787227"
"Strategy 1","1","True","True","46","2","Organic solvents","grok-4.3","A 9-dodecyl-9H-carbazole group attached to the 5-position of uridine","Gel","5.485917886098226","6.482118844985962","6.183258557319641","6.408729193315333","0.6147316573313499","6.183258557319641","0.36677895681263084"
"Strategy 2","2","True","True","46","2","Organic solvents","grok-4.3","A 9-dodecyl-9H-carbazole group attached to the 5-position of uridine","Gel","5.222306410471599","6.026454369227092","5.785209981600443","6.148497260879791","0.5995265417490979","5.785209981600443","0.6059569576677466"
"Strategy 3","3","True","True","46","2","Organic solvents","grok-4.3","A 9-dodecyl-9H-carbazole group attached to the 5-position of uridine","Gel","5.162713845570882","6.188809156417847","5.880980563163757","6.141571816116648","0.5817737106809263","5.880980563163757","0.44792545309049303"
"Strategy 0","0","True","True","47","1","Organic solvents","grok-4.3","A 9-hexadecyl-9H-carbazole group attached to the 5-position of uridine","Gel","6.103649775187175","6.504019816716512","6.383908804257711","6.349125915781163","0.5907508827529789","6.383908804257711","-0.05887911383975466"
"Strategy 1","1","True","True","47","1","Organic solvents","grok-4.3","A 9-hexadecyl-9H-carbazole group attached to the 5-position of uridine","Gel","5.647119522094727","6.083190123240153","5.952368942896524","6.2139852382723975","0.6274005248113353","5.952368942896524","0.4169845019727126"
"Strategy 2","2","True","True","47","1","Organic solvents","grok-4.3","A 9-hexadecyl-9H-carbazole group attached to the 5-position of uridine","Gel","5.907913049062093","6.168161392211914","6.090086889266967","6.304767776829328","0.603172994320609","6.090086889266967","0.3559192629374418"
"Strategy 3","3","True","True","47","1","Organic solvents","grok-4.3","A 9-hexadecyl-9H-carbazole group attached to the 5-position of uridine","Gel","5.56934388478597","6.130250374476115","5.961978427569072","6.2087088816541725","0.5852245453838878","5.961978427569072","0.42159963390334826"
"Strategy 0","0","True","True","47","2","Organic solvents","grok-4.3","A 9-hexadecyl-9H-carbazole group attached to the 5-position of uridine","Gel","6.422026952107747","7.13002347946167","6.917624521255493","6.344029584657929","0.5549042764707497","6.917624521255493","-1.0336826745068335"
"Strategy 1","1","True","True","47","2","Organic solvents","grok-4.3","A 9-hexadecyl-9H-carbazole group attached to the 5-position of uridine","Gel","6.47969388961792","7.064633369445801","6.889151525497437","6.2443821781365445","0.6452406307985294","6.889151525497437","-0.999269600494541"
"Strategy 2","2","True","True","47","2","Organic solvents","grok-4.3","A 9-hexadecyl-9H-carbazole group attached to the 5-position of uridine","Gel","6.3495378494262695","7.275232950846354","6.997524420420329","6.344491753036045","0.5906074118741491","6.997524420420329","-1.105696701827774"
"Strategy 3","3","True","True","47","2","Organic solvents","grok-4.3","A 9-hexadecyl-9H-carbazole group attached to the 5-position of uridine","Gel","5.475530465443929","6.448104540506999","6.156332317988078","6.0078745182786495","0.6002998772077157","6.156332317988078","-0.2473060637626263"
"Strategy 0","0","True","True","48","1","B(OH)₃ + AgNO₃","grok-4.3","Cytidine (C)","Gel","5.0790220896403","5.756386041641235","5.553176856040955","6.190734311838175","0.54873082069415","5.553176856040955","1.161876518965534"
"Strategy 1","1","False","False","48","1","B(OH)₃ + AgNO₃","grok-4.3","Cytidine (C)","Gel","6.119902769724528","7.009012858072917","6.7422798315684","6.569397525701103","0.4868572699559036","6.7422798315684","-0.3550985402414876"
"Strategy 2","2","False","False","48","1","B(OH)₃ + AgNO₃","grok-4.3","Cytidine (C)","Gel","5.580036481221517","6.50070842107137","6.2245068391164144","6.421319407209253","0.47843397481033034","6.2245068391164144","0.41136829417447424"
"Strategy 3","3","True","True","48","1","B(OH)₃ + AgNO₃","grok-4.3","Cytidine (C)","Gel","5.307549317677816","6.263182560602824","5.976492587725321","6.381589381454526","0.5068700593201069","5.976492587725321","0.7992123154257393"
"Strategy 0","0","True","True","48","2","B(OH)₃ + other ions","grok-4.3","Cytidine (C)","No Gel","6.296918710072835","6.997147798538208","6.787079071998597","6.3202456482313085","0.5882179504638563","6.787079071998597","-0.7936402202604548"
"Strategy 1","1","True","True","48","2","B(OH)₃ + other ions","grok-4.3","Cytidine (C)","No Gel","6.515504360198975","7.102861404418945","6.926654291152953","6.525360184245639","0.483477501940972","6.926654291152953","-0.8300160923647453"
"Strategy 2","2","True","True","48","2","B(OH)₃ + other ions","grok-4.3","Cytidine (C)","No Gel","6.03913418451945","6.944754282633464","6.673068253199259","6.4327325641030795","0.4737781315812441","6.673068253199259","-0.5072747623324317"
"Strategy 3","3","True","True","48","2","B(OH)₃ + other ions","grok-4.3","Cytidine (C)","No Gel","6.138720989227295","6.808456182479858","6.607535624504089","6.485618701892921","0.48226159148519465","6.607535624504089","-0.2528024722759006"
"Strategy 0","0","True","True","49","1","B(OH)₃ + AgNO₃","grok-4.3","Arabino-cytidine (arabinoC)","No Gel","5.004173278808594","5.592426538467407","5.415950560569763","6.412003115412492","0.5344116595821864","5.415950560569763","1.8638301335368754"
"Strategy 1","1","True","True","49","1","B(OH)₃ + AgNO₃","grok-4.3","Arabino-cytidine (arabinoC)","No Gel","5.233763853708903","5.938187678654988","5.7268605311711624","6.577545030665336","0.5130413348995775","5.726860531171162","1.6581207821406554"
"Strategy 2","2","True","True","49","1","B(OH)₃ + AgNO₃","grok-4.3","Arabino-cytidine (arabinoC)","No Gel","5.244575023651123","6.076153675715129","5.826680080095927","6.653081154145626","0.5358406457692716","5.826680080095927","1.5422515641068795"
"Strategy 3","3","True","True","49","1","B(OH)₃ + AgNO₃","grok-4.3","Arabino-cytidine (arabinoC)","No Gel","4.878529071807861","5.564181963602702","5.35848609606425","6.769137281102419","0.5462291399101655","5.35848609606425","2.5825264197185986"
"Strategy 0","0","True","True","50","1","B(OH)₃ + AgNO₃","grok-4.3","2′,3′-Dideoxy-cytidine (ddC)","No Gel","4.8563971519470215","5.907734155654907","5.592333054542542","6.348113914299996","0.5667516864703162","5.592333054542542","1.3335308527521048"
"Strategy 1","1","True","True","50","1","B(OH)₃ + AgNO₃","grok-4.3","2′,3′-Dideoxy-cytidine (ddC)","No Gel","5.4791412353515625","6.556895176569621","6.2335689942042025","6.15319889540512","0.601940231200831","6.2335689942042025","-0.13351840371052962"
"Strategy 2","2","True","True","50","1","B(OH)₃ + AgNO₃","grok-4.3","2′,3′-Dideoxy-cytidine (ddC)","No Gel","5.173177719116211","6.425996621449788","6.050150950749714","6.549982583307173","0.5257399390970282","6.050150950749714","0.9507202998804558"
"Strategy 3","3","True","True","50","1","B(OH)₃ + AgNO₃","grok-4.3","2′,3′-Dideoxy-cytidine (ddC)","No Gel","4.57962687810262","5.974466482798259","5.556014601389568","6.386885468103473","0.5564040502318274","5.556014601389568","1.4932868773469932"
"Strategy 0","0","True","True","51","1","KB(OH)₄","grok-4.3","Inosine","No Gel","5.051797231038411","6.293154954910278","5.920747637748718","6.456843482431514","0.5935226961237813","5.920747637748718","0.9032440514641944"
"Strategy 1","1","True","True","51","1","KB(OH)₄","grok-4.3","Inosine","No Gel","4.707381089528401","6.211941321690877","5.760573252042135","6.6370391330669705","0.5883800538435576","5.760573252042135","1.489625413539046"
"Strategy 2","2","True","True","51","1","KB(OH)₄","grok-4.3","Inosine","No Gel","4.682365258534749","6.054050763448079","5.64254511197408","6.5982474755871205","0.6243179194677124","5.64254511197408","1.5307943818557435"
"Strategy 3","3","True","True","51","1","KB(OH)₄","grok-4.3","Inosine","No Gel","4.769293626149495","6.139124552408855","5.728175274531047","6.628212799212728","0.5800271712488909","5.728175274531047","1.5517161424416674"
"Strategy 0","0","True","True","52","1","KB(OH)₄","grok-4.3","5′-Deoxy-5′-Iodoguanosine","Gel","3.938418388366699","4.902889410654704","4.613548103968302","6.152858708009546","0.5890458885718141","4.613548103968302","2.61322697247479"
"Strategy 1","1","False","False","52","1","KB(OH)₄","grok-4.3","5′-Deoxy-5′-Iodoguanosine","Gel","4.5650368531545","5.358830610911052","5.120692483584086","6.525493909715066","0.5953900356847237","5.120692483584086","2.359464119206159"
"Strategy 2","2","True","True","52","1","KB(OH)₄","grok-4.3","5′-Deoxy-5′-Iodoguanosine","Gel","4.122244437535604","5.230186700820923","4.897804021835327","6.629505350546626","0.685521166647451","4.897804021835327","2.526109204155145"
"Strategy 3","3","True","True","52","1","KB(OH)₄","grok-4.3","5′-Deoxy-5′-Iodoguanosine","Gel","3.727123737335205","4.854426463445027","4.51623564561208","6.421945450472276","0.6667321390416701","4.51623564561208","2.858283999327489"
"Strategy 0","0","False","False","53","1","H₂O","grok-4.3","N₄-tetradecanoyl-2'-deoxycytidine","No Gel","4.929983933766683","5.643234411875407","5.429259268442789","6.178635074556335","0.5311918348239294","5.429259268442789","1.4107442113863382"
"Strategy 1","1","True","True","53","1","H₂O","grok-4.3","N₄-tetradecanoyl-2'-deoxycytidine","No Gel","4.878969828287761","5.542977492014567","5.343775192896525","6.408647691556649","0.5743003966123233","5.343775192896525","1.8542081895495477"
"Strategy 2","2","True","True","53","1","H₂O","grok-4.3","N₄-tetradecanoyl-2'-deoxycytidine","No Gel","4.7754082679748535","5.571145216623942","5.332424132029215","6.301600662066337","0.603402011046824","5.332424132029215","1.606187106263911"
"Strategy 3","3","True","True","53","1","H₂O","grok-4.3","N₄-tetradecanoyl-2'-deoxycytidine","No Gel","4.611070950826009","5.079143444697063","4.9387216965357466","5.921675640298414","0.5732968064391235","4.9387216965357466","1.7145637874175808"
"Strategy 0","0","True","True","53","2","EtOH/H₂O","grok-4.3","N₄-tetradecanoyl-2'-deoxycytidine","Gel","5.3064494132995605","5.768341779708862","5.6297740697860705","6.181331036318795","0.5425406127398287","5.629774069786071","1.0166187628744758"
"Strategy 1","1","True","True","53","2","EtOH/H₂O","grok-4.3","N₄-tetradecanoyl-2'-deoxycytidine","Gel","4.363218784332275","5.036909262339274","4.834802118937175","6.456220658496985","0.591729250903977","4.834802118937175","2.7401358595722463"
"Strategy 2","2","True","True","53","2","EtOH/H₂O","grok-4.3","N₄-tetradecanoyl-2'-deoxycytidine","Gel","4.180937846501668","4.916863441467285","4.696085762977599","6.0864711252601875","0.6181640232673647","4.696085762977599","2.2492175376586525"
"Strategy 3","3","True","True","53","2","EtOH/H₂O","grok-4.3","N₄-tetradecanoyl-2'-deoxycytidine","Gel","3.9126908779144287","4.721074342727661","4.478559303283691","6.236843870961389","0.6028018413082279","4.478559303283691","2.9168533458056274"
"Strategy 0","0","False","False","54","1","H₂O","grok-4.3","N₄-dodecanoyl-2'-deoxycytidine","No Gel","5.102841377258301","5.78048841158549","5.577194301287332","6.1018714758776875","0.5871248477462899","5.577194301287332","0.8936381701513"
"Strategy 1","1","True","True","54","1","H₂O","grok-4.3","N₄-dodecanoyl-2'-deoxycytidine","No Gel","5.69578202565511","6.368597825368245","6.166753085454304","6.497363433665392","0.5430610173299878","6.166753085454304","0.6087904262334377"
"Strategy 2","2","True","True","54","1","H₂O","grok-4.3","N₄-dodecanoyl-2'-deoxycytidine","No Gel","5.370029767354329","5.926935990651448","5.759864123662314","6.2416873577029195","0.6108134545747007","5.759864123662314","0.7888222344023045"
"Strategy 3","3","True","True","54","1","H₂O","grok-4.3","N₄-dodecanoyl-2'-deoxycytidine","No Gel","5.168197790781657","5.8649758497873945","5.6559424320856735","6.149899606187213","0.6098260309539281","5.6559424320856735","0.8099968663667253"
"Strategy 0","0","True","True","54","2","EtOH/H₂O","grok-4.3","N₄-dodecanoyl-2'-deoxycytidine","Gel","5.010059992472331","6.371169567108154","5.962836694717407","6.171146327827019","0.49788791834798","5.962836694717407","0.4183865995399019"
"Strategy 1","1","True","True","54","2","EtOH/H₂O","grok-4.3","N₄-dodecanoyl-2'-deoxycytidine","Gel","4.67050838470459","5.849901596705119","5.496083633104959","6.369235132030122","0.6302224832155859","5.496083633104959","1.3854654858869508"
"Strategy 2","2","True","True","54","2","EtOH/H₂O","grok-4.3","N₄-dodecanoyl-2'-deoxycytidine","Gel","4.825446605682373","6.238474527994792","5.814566151301066","6.558199172734598","0.5673555405382843","5.814566151301066","1.3107002017253642"
"Strategy 3","3","True","True","54","2","EtOH/H₂O","grok-4.3","N₄-dodecanoyl-2'-deoxycytidine","Gel","4.5500593185424805","5.718242009480794","5.3677872021993","6.063813848828159","0.5969305705746922","5.3677872021993","1.1660093835682817"
"Strategy 0","0","False","False","55","1","H₂O","grok-4.3","N₄-decanoyl-2'-deoxycytidine","No Gel","5.5975494384765625","6.397536039352417","6.157540059089659","6.1926491202618115","0.5457993238667173","6.157540059089659","0.06432595211628662"
"Strategy 1","1","True","True","55","1","H₂O","grok-4.3","N₄-decanoyl-2'-deoxycytidine","No Gel","5.519229571024577","6.164462327957153","5.97089250087738","6.291410480420411","0.5946907537249262","5.97089250087738","0.5389658028738861"
"Strategy 2","2","True","True","55","1","H₂O","grok-4.3","N₄-decanoyl-2'-deoxycytidine","No Gel","4.9786107540130615","6.149224519729614","5.7980403900146475","6.104613424363987","0.5672346832003402","5.798040390014648","0.5404694801447143"
"Strategy 3","3","True","True","55","1","H₂O","grok-4.3","N₄-decanoyl-2'-deoxycytidine","No Gel","5.037576675415039","5.944735606511434","5.672587927182516","6.159750626931202","0.5807398644157328","5.672587927182516","0.8388656085092555"
"Strategy 0","0","True","True","55","2","EtOH/H₂O","grok-4.3","N₄-decanoyl-2'-deoxycytidine","Gel","5.094394683837891","6.123766581217448","5.81495501200358","5.9419984549515","0.5686814874261606","5.81495501200358","0.22339999763824964"
"Strategy 1","1","True","True","55","2","EtOH/H₂O","grok-4.3","N₄-decanoyl-2'-deoxycytidine","Gel","4.5286149978637695","5.706669171651204","5.353252919514975","6.402444737025317","0.5609133677949278","5.353252919514975","1.8705059956672867"
"Strategy 2","2","True","True","55","2","EtOH/H₂O","grok-4.3","N₄-decanoyl-2'-deoxycytidine","Gel","4.182828267415364","5.593229452768962","5.170109097162882","6.468340597719492","0.6164232295244003","5.170109097162882","2.106071670203371"
"Strategy 3","3","True","True","55","2","EtOH/H₂O","grok-4.3","N₄-decanoyl-2'-deoxycytidine","Gel","4.514987627665202","5.465004920959473","5.179999732971191","6.0865061686636555","0.6236264282390526","5.179999732971191","1.4536049061490008"
"Strategy 0","0","True","True","56","1","H₂O","grok-4.3","N₄-octanoyl-2'-deoxycytidine","Gel","5.411285241444905","6.175542275110881","5.946265165011088","6.3352379835237205","0.5060209355653275","5.946265165011088","0.7686891809685138"
"Strategy 1","1","False","False","56","1","H₂O","grok-4.3","N₄-octanoyl-2'-deoxycytidine","Gel","6.9111660321553545","7.505977312723796","7.327533928553263","6.50345398695894","0.5561662969468537","7.327533928553263","-1.4817149944507881"
"Strategy 2","2","False","False","56","1","H₂O","grok-4.3","N₄-octanoyl-2'-deoxycytidine","Gel","6.247946103413899","6.794694344202678","6.630669871966044","6.241793874499102","0.5516772510331803","6.630669871966044","-0.7048976493749852"
"Strategy 3","3","False","False","56","1","H₂O","grok-4.3","N₄-octanoyl-2'-deoxycytidine","Gel","6.631637255350749","7.22326119740804","7.045774014790852","6.374037127531776","0.6286913478848972","7.045774014790852","-1.0684684774476327"
"Strategy 0","0","True","True","56","2","EtOH/H₂O","grok-4.3","N₄-octanoyl-2'-deoxycytidine","Gel","5.849208196004232","6.638656457265218","6.401821978886922","6.145720714500092","0.5501649568282371","6.401821978886922","-0.46549904934564085"
"Strategy 1","1","True","True","56","2","EtOH/H₂O","grok-4.3","N₄-octanoyl-2'-deoxycytidine","Gel","5.453415711720784","6.137798547744751","5.9324836969375605","6.449020866645399","0.6870473730931019","5.9324836969375605","0.751821766499706"
"Strategy 2","2","True","True","56","2","EtOH/H₂O","grok-4.3","N₄-octanoyl-2'-deoxycytidine","Gel","5.259144306182861","6.218923091888428","5.930989456176757","6.112020979155557","0.6001693325170608","5.930989456176757","0.30163407753536564"
"Strategy 3","3","True","True","56","2","EtOH/H₂O","grok-4.3","N₄-octanoyl-2'-deoxycytidine","Gel","4.849932670593262","5.868976751963298","5.563263527552287","6.189017937041684","0.6821246765594324","5.563263527552287","0.9173607567543787"
"Strategy 0","0","True","True","57","1","H₂O","grok-4.3","N₄-hexanoyl-2'-deoxycytidine","No Gel","5.63241982460022","6.846818208694458","6.4824986934661855","6.17647405178972","0.551090702683516","6.4824986934661855","-0.5553072120184387"
"Strategy 1","1","True","True","57","1","H₂O","grok-4.3","N₄-hexanoyl-2'-deoxycytidine","No Gel","5.31505274772644","6.632137537002564","6.237012100219726","6.230348390941471","0.6688403093496504","6.237012100219726","-0.009963079654594864"
"Strategy 2","2","True","True","57","1","H₂O","grok-4.3","N₄-hexanoyl-2'-deoxycytidine","No Gel","5.093886693318685","6.361977656682332","5.981550367673237","5.9760294023410285","0.5743341473569114","5.981550367673237","-0.009612810517389735"
"Strategy 3","3","True","True","57","1","H₂O","grok-4.3","N₄-hexanoyl-2'-deoxycytidine","No Gel","5.327438990275065","6.655288378397624","6.256933561960856","6.003441247213101","0.5759262125944606","6.256933561960856","-0.44014720845194727"
"Strategy 0","0","False","False","57","2","EtOH/H₂O","grok-4.3","N₄-hexanoyl-2'-deoxycytidine","No Gel","6.627567768096924","7.68330995241801","7.366587297121683","6.110890625059143","0.5478755039583378","7.366587297121683","-2.291937973116658"
"Strategy 1","1","False","False","57","2","EtOH/H₂O","grok-4.3","N₄-hexanoyl-2'-deoxycytidine","No Gel","5.895459175109863","7.205826997756958","6.8127166509628285","6.1566339569498405","0.6261980057230501","6.8127166509628285","-1.0477240234188083"
"Strategy 2","2","False","False","57","2","EtOH/H₂O","grok-4.3","N₄-hexanoyl-2'-deoxycytidine","No Gel","5.654860655466716","6.89138929049174","6.520430699984232","6.404082826434488","0.5944897073876294","6.520430699984232","-0.1957104927199029"
"Strategy 3","3","True","True","57","2","EtOH/H₂O","grok-4.3","N₄-hexanoyl-2'-deoxycytidine","No Gel","5.872616449991862","7.15749986966451","6.772034843762715","5.958573429282629","0.5794236636188828","6.772034843762715","-1.4039147269193033"
"Strategy 0","0","False","False","58","1","H₂O","grok-4.3","N₄-tetradecanoyl-2′,3′-dideoxycytidine","No Gel","5.971375624338786","6.609291950861613","6.417917052904765","6.159678801455239","0.5317166537565902","6.417917052904765","-0.48566891712920296"
"Strategy 1","1","True","True","58","1","H₂O","grok-4.3","N₄-tetradecanoyl-2′,3′-dideoxycytidine","No Gel","5.990938345591228","6.364764372507731","6.25261656443278","6.556329008898377","0.5784847893378978","6.25261656443278","0.5250137083348544"
"Strategy 2","2","True","True","58","1","H₂O","grok-4.3","N₄-tetradecanoyl-2′,3′-dideoxycytidine","No Gel","5.572255611419678","5.915416320164998","5.8124681075414015","6.337130624810546","0.610565458242675","5.8124681075414015","0.8593059272943869"
"Strategy 3","3","True","True","58","1","H₂O","grok-4.3","N₄-tetradecanoyl-2′,3′-dideoxycytidine","No Gel","5.524845918019612","6.088129838307698","5.919144662221274","6.35072565183467","0.608231070253909","5.919144662221274","0.7095674830179776"
"Strategy 0","0","True","True","58","2","EtOH/H₂O","grok-4.3","N₄-tetradecanoyl-2′,3′-dideoxycytidine","Gel","4.496702512105306","5.522358735402425","5.214661868413288","6.343498639050072","0.5689208582167603","5.214661868413288","1.984171883194857"
"Strategy 1","1","True","True","58","2","EtOH/H₂O","grok-4.3","N₄-tetradecanoyl-2′,3′-dideoxycytidine","Gel","4.841294606526692","6.047736088434855","5.685803643862406","6.391856809549553","0.5751853130293958","5.685803643862406","1.2275229385960753"
"Strategy 2","2","True","True","58","2","EtOH/H₂O","grok-4.3","N₄-tetradecanoyl-2′,3′-dideoxycytidine","Gel","4.338540236155192","5.723177353541057","5.307786218325297","6.187818108294977","0.6203936354114291","5.307786218325297","1.418505670816667"
"Strategy 3","3","True","True","58","2","EtOH/H₂O","grok-4.3","N₄-tetradecanoyl-2′,3′-dideoxycytidine","Gel","4.6804758707682295","5.956208864847819","5.573488966623941","6.435025116331508","0.6222749506596131","5.573488966623941","1.384494344171072"
"Strategy 0","0","True","True","59","1","H₂O","grok-4.3","N₄-dodecanoyl-2′,3′-dideoxycytidine","No Gel","5.344493389129639","6.247819781303406","5.976821863651276","6.156101415508476","0.6104194835066056","5.976821863651276","0.2936989344234457"
"Strategy 1","1","True","True","59","1","H₂O","grok-4.3","N₄-dodecanoyl-2′,3′-dideoxycytidine","No Gel","5.969461599985759","7.005967140197754","6.695015478134155","6.723466510982168","0.5536613523688192","6.695015478134155","0.051387066708351754"
"Strategy 2","2","True","True","59","1","H₂O","grok-4.3","N₄-dodecanoyl-2′,3′-dideoxycytidine","No Gel","5.203802426656087","6.470642646153768","6.090590580304464","6.386524302213999","0.5892540387958175","6.090590580304464","0.5022175537639031"
"Strategy 3","3","True","True","59","1","H₂O","grok-4.3","N₄-dodecanoyl-2′,3′-dideoxycytidine","No Gel","5.135530153910319","6.253886063893636","5.918379290898639","6.409961648936111","0.5944835106462525","5.918379290898639","0.8269066327896654"
"Strategy 0","0","True","True","59","2","EtOH/H₂O","grok-4.3","N₄-dodecanoyl-2′,3′-dideoxycytidine","Gel","4.810642242431641","6.217564503351848","5.795487825075784","6.141162325183858","0.4914548416705342","5.795487825075784","0.7033698130494972"
"Strategy 1","1","True","True","59","2","EtOH/H₂O","grok-4.3","N₄-dodecanoyl-2′,3′-dideoxycytidine","Gel","4.597273667653401","6.027591864267985","5.598496405283609","6.456191738076912","0.6009021506236846","5.598496405283609","1.4273460860525946"
"Strategy 2","2","True","True","59","2","EtOH/H₂O","grok-4.3","N₄-dodecanoyl-2′,3′-dideoxycytidine","Gel","4.809354146321614","6.045210838317871","5.674453830718993","6.6116569270151215","0.6174892680424473","5.674453830718993","1.5177641860355435"
"Strategy 3","3","True","True","59","2","EtOH/H₂O","grok-4.3","N₄-dodecanoyl-2′,3′-dideoxycytidine","Gel","4.30262017250061","5.642914851506551","5.240826447804769","6.327069994214277","0.6126173573150614","5.240826447804769","1.7731191149565602"
"Strategy 0","0","False","False","60","1","H₂O","grok-4.3","N₄-decanoyl-2′,3′-dideoxycytidine","No Gel","5.365041494369507","6.258557558059692","5.990502738952636","6.034218608870986","0.5869730773861296","5.990502738952636","0.0744767888043898"
"Strategy 1","1","True","True","60","1","H₂O","grok-4.3","N₄-decanoyl-2′,3′-dideoxycytidine","No Gel","6.086359024047852","6.800456762313843","6.586227440834044","6.585904449147463","0.5545300008960229","6.586227440834044","-0.0005824602565391722"
"Strategy 2","2","True","True","60","1","H₂O","grok-4.3","N₄-decanoyl-2′,3′-dideoxycytidine","No Gel","5.908568223317464","6.7606611251831055","6.505033254623413","6.4111014602104195","0.5839015518832613","6.505033254623413","-0.16086923233897016"
"Strategy 3","3","True","True","60","1","H₂O","grok-4.3","N₄-decanoyl-2′,3′-dideoxycytidine","No Gel","5.929664770762126","6.563660780588786","6.373461977640788","6.557297426354361","0.6032165449133888","6.373461977640788","0.3047586314794609"
"Strategy 0","0","True","True","60","2","EtOH/H₂O","grok-4.3","N₄-decanoyl-2′,3′-dideoxycytidine","Gel","4.442257245381673","6.044117132822673","5.563559166590372","6.105850607233762","0.5548865198133209","5.563559166590372","0.9773015225272216"
"Strategy 1","1","True","True","60","2","EtOH/H₂O","grok-4.3","N₄-decanoyl-2′,3′-dideoxycytidine","Gel","4.166115919748942","5.216121276219686","4.901119669278462","6.680439530108941","0.615742920518294","4.901119669278462","2.889712250906203"
"Strategy 2","2","True","True","60","2","EtOH/H₂O","grok-4.3","N₄-decanoyl-2′,3′-dideoxycytidine","Gel","3.930591424306234","5.281458139419556","4.876198124885558","6.425754661954342","0.5856464193723268","4.876198124885558","2.6458909092785694"
"Strategy 3","3","True","True","60","2","EtOH/H₂O","grok-4.3","N₄-decanoyl-2′,3′-dideoxycytidine","Gel","4.088230053583781","5.390608628590901","4.999895056088765","6.417928468226155","0.6320271287139257","4.999895056088765","2.2436274452694156"
"Strategy 0","0","True","True","61","1","H₂O","grok-4.3","N₄-octanoyl-2′,3′-dideoxycytidine","No Gel","5.596230745315552","6.85229218006134","6.475473749637603","5.953814677582231","0.6035664393227943","6.475473749637603","-0.864294364412768"
"Strategy 1","1","True","True","61","1","H₂O","grok-4.3","N₄-octanoyl-2′,3′-dideoxycytidine","No Gel","5.931045055389404","7.185932477315267","6.809466250737508","6.4067599859656585","0.5896202624762948","6.809466250737508","-0.6829925808189802"
"Strategy 2","2","True","True","61","1","H₂O","grok-4.3","N₄-octanoyl-2′,3′-dideoxycytidine","No Gel","5.690799077351888","6.939361810684204","6.564792990684509","6.175513347729232","0.6124226236027132","6.564792990684509","-0.6356389002503745"
"Strategy 3","3","True","True","61","1","H₂O","grok-4.3","N₄-octanoyl-2′,3′-dideoxycytidine","No Gel","5.894538243611653","7.044327974319458","6.6993910551071165","6.339774894652749","0.6042908243620115","6.6993910551071165","-0.5951044529495176"
"Strategy 0","0","True","True","61","2","EtOH/H₂O","grok-4.3","N₄-octanoyl-2′,3′-dideoxycytidine","Gel","4.515035629272461","5.7159583568573","5.355681538581848","6.141914138005378","0.5502033492220466","5.355681538581848","1.4289854842490757"
"Strategy 1","1","True","True","61","2","EtOH/H₂O","grok-4.3","N₄-octanoyl-2′,3′-dideoxycytidine","Gel","4.431935548782349","5.666715025901794","5.296281182765961","6.30906422110491","0.5744065565892316","5.296281182765961","1.76318154227339"
"Strategy 2","2","True","True","61","2","EtOH/H₂O","grok-4.3","N₄-octanoyl-2′,3′-dideoxycytidine","Gel","4.003901878992717","5.181458950042725","4.828191828727722","6.143182627976094","0.6489391314759638","4.828191828727722","2.026370017566243"
"Strategy 3","3","True","True","61","2","EtOH/H₂O","grok-4.3","N₄-octanoyl-2′,3′-dideoxycytidine","Gel","4.3033647537231445","5.604819615681966","5.2143831570943195","6.128909489412331","0.5641502765763872","5.21438315709432","1.6210686589890964"
"Strategy 0","0","False","False","62","1","H₂O","grok-4.3","5'-O-Decanoylgemcitabine","No Gel","4.854440450668335","5.507658958435059","5.311693406105041","6.1420299798943265","0.5392120065887066","5.311693406105041","1.5399074272146895"
"Strategy 1","1","True","True","62","1","H₂O","grok-4.3","5'-O-Decanoylgemcitabine","No Gel","5.107038656870524","5.316773891448975","5.253853321075439","6.638122007520315","0.6103638173792295","5.253853321075439","2.267940279272496"
"Strategy 2","2","True","True","62","1","H₂O","grok-4.3","5'-O-Decanoylgemcitabine","No Gel","4.555871486663818","5.338308413823445","5.103577335675557","6.392748596871545","0.5899740554072107","5.103577335675557","2.1851321246765316"
"Strategy 3","3","True","True","62","1","H₂O","grok-4.3","5'-O-Decanoylgemcitabine","No Gel","4.561139106750488","5.252487341562907","5.045082871119181","6.336712342824122","0.5868785343725975","5.045082871119181","2.200846335410372"
"Strategy 0","0","False","False","62","2","EtOH/H₂O","grok-4.3","5'-O-Decanoylgemcitabine","No Gel","4.883680661519368","5.663015445073445","5.429215010007223","6.1788138105579735","0.5309200406759527","5.429215010007223","1.4118864294449733"
"Strategy 1","1","True","True","62","2","EtOH/H₂O","grok-4.3","5'-O-Decanoylgemcitabine","No Gel","4.705277601877849","5.383189042409261","5.179815610249837","6.651653639044255","0.6238024453782295","5.179815610249837","2.359461781048326"
"Strategy 2","2","True","True","62","2","EtOH/H₂O","grok-4.3","5'-O-Decanoylgemcitabine","No Gel","4.712577819824219","5.446198066075643","5.226111992200216","6.746843238948852","0.6258189405030669","5.226111992200216","2.429985972502192"
"Strategy 3","3","True","True","62","2","EtOH/H₂O","grok-4.3","5'-O-Decanoylgemcitabine","No Gel","4.627013683319092","5.379412889480591","5.153693127632141","6.412109906359237","0.5920318882024671","5.153693127632141","2.1255895228007273"
"Strategy 0","0","False","False","63","1","H₂O","grok-4.3","5′-O-Octanoylgemcitabine","No Gel","5.019724369049072","5.365601539611816","5.2618383884429925","6.164024979754012","0.6080838362533808","5.2618383884429925","1.4836549461168205"
"Strategy 1","1","True","True","63","1","H₂O","grok-4.3","5′-O-Octanoylgemcitabine","No Gel","4.90966812769572","5.563521226247151","5.367365296681721","6.551894553687221","0.5744532485938877","5.367365296681721","2.0620115908560352"
"Strategy 2","2","True","True","63","1","H₂O","grok-4.3","5′-O-Octanoylgemcitabine","No Gel","4.673194567362468","5.445277214050293","5.213652420043945","6.399313036107894","0.604315474990213","5.213652420043945","1.9619894990826616"
"Strategy 3","3","True","True","63","1","H₂O","grok-4.3","5′-O-Octanoylgemcitabine","No Gel","4.791084448496501","5.503786404927571","5.28997581799825","6.52459030114403","0.5685591114780045","5.28997581799825","2.1714795493054773"
"Strategy 0","0","False","False","63","2","EtOH/H₂O","grok-4.3","5′-O-Octanoylgemcitabine","No Gel","4.755726496378581","5.390153725941976","5.199825557072956","6.179763731845589","0.5729102420677196","5.199825557072956","1.7104567222186284"
"Strategy 1","1","True","True","63","2","EtOH/H₂O","grok-4.3","5′-O-Octanoylgemcitabine","No Gel","4.563161532084147","5.336249669392903","5.104323228200276","6.630620550493245","0.6151609270614233","5.104323228200276","2.4811350252428648"
"Strategy 2","2","True","True","63","2","EtOH/H₂O","grok-4.3","5′-O-Octanoylgemcitabine","No Gel","4.4907660484313965","5.2864603996276855","5.047752094268799","6.608431594316349","0.615840693776353","5.047752094268799","2.5342260032824697"
"Strategy 3","3","True","True","63","2","EtOH/H₂O","grok-4.3","5′-O-Octanoylgemcitabine","No Gel","4.763689359029134","5.607799688975017","5.354566589991251","6.582599468625484","0.6179936685173074","5.354566589991251","1.9871285762207473"
"Strategy 0","0","True","True","64","1","KCl","grok-4.3","L-Guanosine","Gel","4.688235918680827","5.541985114415486","5.285860355695088","6.219896705883726","0.6511277917764375","5.285860355695088","1.4344900678257888"
"Strategy 1","1","True","True","64","1","KCl","grok-4.3","L-Guanosine","Gel","4.467164198557536","5.488823572794597","5.182325760523478","6.341343296713915","0.5999909828065202","5.182325760523478","1.9317249248797246"
"Strategy 2","2","True","True","64","1","KCl","grok-4.3","L-Guanosine","Gel","4.007882356643677","4.991465409596761","4.696390493710836","6.119176736604952","0.604166162563666","4.696390493710836","2.354958504886783"
"Strategy 3","3","True","True","64","1","KCl","grok-4.3","L-Guanosine","Gel","4.1898495356241865","5.055124918619792","4.79554230372111","6.039207861836258","0.6509063870941828","4.79554230372111","1.9106673137241714"
"Strategy 0","0","True","True","64","2","NaB(OH)₄","grok-4.3","L-Guanosine","Gel","4.5396731694539385","5.868430376052856","5.469803214073181","6.21253217449484","0.5891431804269762","5.469803214073181","1.260693469936074"
"Strategy 1","1","False","False","64","2","NaB(OH)₄","grok-4.3","L-Guanosine","Gel","5.046108563741048","6.347586154937744","5.957142877578735","6.215323001962607","0.6099382601303268","5.957142877578735","0.4232889478497473"
"Strategy 2","2","True","True","64","2","NaB(OH)₄","grok-4.3","L-Guanosine","Gel","5.570501963297526","6.360210180282593","6.123297715187071","6.63569216481783","0.6290183169124043","6.123297715187071","0.814593845447769"
"Strategy 3","3","True","True","64","2","NaB(OH)₄","grok-4.3","L-Guanosine","Gel","5.712936560312907","6.605128685633342","6.337471048037211","6.895172886947021","0.562011068880745","6.337471048037211","0.992332482028304"
