panel,source_model,strategy_pair,start_strategy,end_strategy,transition,start_similarity,end_similarity,start_outcome,end_outcome,molecule_id,experiment_id,solvent_additive,start_strategy_label,end_strategy_label,encoder,score_column
S0-S3,deepseek-v3.2-think,S0→S1,0,1,C->C,1.1434866255912215,1.2201596649502708,Correct,Correct,1,1,Tb(NO₃)₃ or Dy(NO₃)₃,S0,S1,semcse,alignment_zscore
S0-S3,deepseek-v3.2-think,S0→S1,0,1,C->C,2.0085595743918776,2.652072538817972,Correct,Correct,1,4,KCl,S0,S1,semcse,alignment_zscore
S0-S3,deepseek-v3.2-think,S0→S1,0,1,C->C,1.848987814302816,1.6236843392339717,Correct,Correct,2,1,Tb(NO₃)₃ or Eu(NO₃)₃,S0,S1,semcse,alignment_zscore
S0-S3,deepseek-v3.2-think,S0→S1,0,1,C->C,1.5700441462876584,1.5424072023776745,Correct,Correct,4,3,KCl,S0,S1,semcse,alignment_zscore
S0-S3,deepseek-v3.2-think,S0→S1,0,1,C->C,1.201026994483566,1.0130183469814766,Correct,Correct,5,2,KCl,S0,S1,semcse,alignment_zscore
S0-S3,deepseek-v3.2-think,S0→S1,0,1,C->C,2.0141173167163218,1.9542245309387896,Correct,Correct,6,3,KCl,S0,S1,semcse,alignment_zscore
S0-S3,deepseek-v3.2-think,S0→S1,0,1,C->C,0.481268351243929,0.1396823809916972,Correct,Correct,7,4,KCl,S0,S1,semcse,alignment_zscore
S0-S3,deepseek-v3.2-think,S0→S1,0,1,C->C,1.4244367268499154,1.8324956082809345,Correct,Correct,7,5,KCl,S0,S1,semcse,alignment_zscore
S0-S3,deepseek-v3.2-think,S0→S1,0,1,C->C,0.993477754873938,0.8617654732952462,Correct,Correct,7,8,KCl + TAcG,S0,S1,semcse,alignment_zscore
S0-S3,deepseek-v3.2-think,S0→S1,0,1,C->C,2.126774524213127,2.1527858986202086,Correct,Correct,7,9,KB(OH)₄,S0,S1,semcse,alignment_zscore
S0-S3,deepseek-v3.2-think,S0→S1,0,1,C->C,1.3377996393218743,1.5192457441923626,Correct,Correct,16,1,H₂O,S0,S1,semcse,alignment_zscore
S0-S3,deepseek-v3.2-think,S0→S1,0,1,C->C,1.2108604330460642,1.4639361908743085,Correct,Correct,18,1,H₂O,S0,S1,semcse,alignment_zscore
S0-S3,deepseek-v3.2-think,S0→S1,0,1,C->C,0.1599309952168993,0.3893413684790153,Correct,Correct,21,1,EtOH/H₂O,S0,S1,semcse,alignment_zscore
S0-S3,deepseek-v3.2-think,S0→S1,0,1,C->C,2.2476162573768077,1.7258891466832451,Correct,Correct,25,2,Organic solvents,S0,S1,semcse,alignment_zscore
S0-S3,deepseek-v3.2-think,S0→S1,0,1,C->C,0.0436805273814868,0.4839897148566652,Correct,Correct,26,1,NaOH,S0,S1,semcse,alignment_zscore
S0-S3,deepseek-v3.2-think,S0→S1,0,1,C->C,-0.7508668219537776,-0.783462022497824,Correct,Correct,26,2,KOH,S0,S1,semcse,alignment_zscore
S0-S3,deepseek-v3.2-think,S0→S1,0,1,C->C,-0.086905371035376,-0.6580262124365,Correct,Correct,26,3,LiOH,S0,S1,semcse,alignment_zscore
S0-S3,deepseek-v3.2-think,S0→S1,0,1,C->C,2.564467199488849,1.9337119878087443,Correct,Correct,26,4,Organic solvents,S0,S1,semcse,alignment_zscore
S0-S3,deepseek-v3.2-think,S0→S1,0,1,C->C,-0.6581472821639048,-0.5408133914801055,Correct,Correct,27,2,KOH,S0,S1,semcse,alignment_zscore
S0-S3,deepseek-v3.2-think,S0→S1,0,1,C->C,-0.4198577810414821,-0.3652277235927876,Correct,Correct,27,3,LiOH,S0,S1,semcse,alignment_zscore
S0-S3,deepseek-v3.2-think,S0→S1,0,1,C->C,2.2655559284233635,2.5505523278535787,Correct,Correct,27,4,Organic solvents,S0,S1,semcse,alignment_zscore
S0-S3,deepseek-v3.2-think,S0→S1,0,1,C->C,-0.6020482435995089,-0.085987095595643,Correct,Correct,28,2,Organic solvents,S0,S1,semcse,alignment_zscore
S0-S3,deepseek-v3.2-think,S0→S1,0,1,C->C,-0.1691969233699153,0.1917372698002077,Correct,Correct,29,2,Organic solvents,S0,S1,semcse,alignment_zscore
S0-S3,deepseek-v3.2-think,S0→S1,0,1,C->C,-0.0619911900699775,-0.2327980671469492,Correct,Correct,30,2,Organic solvents,S0,S1,semcse,alignment_zscore
S0-S3,deepseek-v3.2-think,S0→S1,0,1,C->C,1.329368361157368,1.3828631908450646,Correct,Correct,31,1,H₂O,S0,S1,semcse,alignment_zscore
S0-S3,deepseek-v3.2-think,S0→S1,0,1,C->C,1.28191364723158,0.7868957711721212,Correct,Correct,33,1,H₂O,S0,S1,semcse,alignment_zscore
S0-S3,deepseek-v3.2-think,S0→S1,0,1,C->C,-0.2456967359900396,1.2132359924610705,Correct,Correct,36,3,NaCl + TAcG,S0,S1,semcse,alignment_zscore
S0-S3,deepseek-v3.2-think,S0→S1,0,1,C->C,1.2807674504617124,2.054283097111141,Correct,Correct,39,2,KCl,S0,S1,semcse,alignment_zscore
S0-S3,deepseek-v3.2-think,S0→S1,0,1,C->C,0.9447981062122638,1.0892507009462415,Correct,Correct,40,1,KCl,S0,S1,semcse,alignment_zscore
S0-S3,deepseek-v3.2-think,S0→S1,0,1,C->C,2.0811186165521143,2.243555684590839,Correct,Correct,45,1,Organic solvents,S0,S1,semcse,alignment_zscore
S0-S3,deepseek-v3.2-think,S0→S1,0,1,C->C,0.5434083943035916,0.849662798205435,Correct,Correct,46,1,Organic solvents,S0,S1,semcse,alignment_zscore
S0-S3,deepseek-v3.2-think,S0→S1,0,1,C->C,0.0576978172006553,0.0601945734151386,Correct,Correct,46,2,Organic solvents,S0,S1,semcse,alignment_zscore
S0-S3,deepseek-v3.2-think,S0→S1,0,1,C->C,-0.3453262760720718,0.2377754412000821,Correct,Correct,47,1,Organic solvents,S0,S1,semcse,alignment_zscore
S0-S3,deepseek-v3.2-think,S0→S1,0,1,C->C,-1.3083757105088094,-1.265967694713133,Correct,Correct,47,2,Organic solvents,S0,S1,semcse,alignment_zscore
S0-S3,deepseek-v3.2-think,S0→S1,0,1,C->C,3.066439943096034,2.9118799399951576,Correct,Correct,52,1,KB(OH)₄,S0,S1,semcse,alignment_zscore
S0-S3,deepseek-v3.2-think,S0→S1,0,1,C->C,1.2063956459853946,2.137925416510164,Correct,Correct,53,2,EtOH/H₂O,S0,S1,semcse,alignment_zscore
S0-S3,deepseek-v3.2-think,S0→S1,0,1,C->C,0.6578681386858914,1.4907609355076294,Correct,Correct,54,2,EtOH/H₂O,S0,S1,semcse,alignment_zscore
S0-S3,deepseek-v3.2-think,S0→S1,0,1,C->C,0.8107534033271029,1.746889951391766,Correct,Correct,55,2,EtOH/H₂O,S0,S1,semcse,alignment_zscore
S0-S3,deepseek-v3.2-think,S0→S1,0,1,C->C,0.1484367219525737,0.2143754512281653,Correct,Correct,56,2,EtOH/H₂O,S0,S1,semcse,alignment_zscore
S0-S3,deepseek-v3.2-think,S0→S1,0,1,C->C,0.1173558692295867,0.7882815813123831,Correct,Correct,58,1,H₂O,S0,S1,semcse,alignment_zscore
S0-S3,deepseek-v3.2-think,S0→S1,0,1,C->C,1.397603401516236,1.3388128368110568,Correct,Correct,58,2,EtOH/H₂O,S0,S1,semcse,alignment_zscore
S0-S3,deepseek-v3.2-think,S0→S1,0,1,C->C,-0.0419999257292678,0.1866604702196634,Correct,Correct,59,1,H₂O,S0,S1,semcse,alignment_zscore
S0-S3,deepseek-v3.2-think,S0→S1,0,1,C->C,0.7529863190667073,1.53129656805238,Correct,Correct,59,2,EtOH/H₂O,S0,S1,semcse,alignment_zscore
S0-S3,deepseek-v3.2-think,S0→S1,0,1,C->C,-0.3665704520282218,0.1345538664426937,Correct,Correct,60,1,H₂O,S0,S1,semcse,alignment_zscore
S0-S3,deepseek-v3.2-think,S0→S1,0,1,C->C,1.4423609044075667,2.4325273722144614,Correct,Correct,60,2,EtOH/H₂O,S0,S1,semcse,alignment_zscore
S0-S3,deepseek-v3.2-think,S0→S1,0,1,C->C,1.0748338950744982,1.4251572342942307,Correct,Correct,61,2,EtOH/H₂O,S0,S1,semcse,alignment_zscore
S0-S3,deepseek-v3.2-think,S0→S1,0,1,C->C,1.5798494018285807,1.9154504651262112,Correct,Correct,64,1,KCl,S0,S1,semcse,alignment_zscore
S0-S3,deepseek-v3.2-think,S0→S1,0,1,C->W,1.5188126643293125,0.9766731117580224,Correct,Wrong,1,5,KB(OH)₄,S0,S1,semcse,alignment_zscore
S0-S3,deepseek-v3.2-think,S0→S1,0,1,C->W,1.2438050096347804,0.5880780238316841,Correct,Wrong,3,1,Tb(NO₃)₃ or Eu(NO₃)₃,S0,S1,semcse,alignment_zscore
S0-S3,deepseek-v3.2-think,S0→S1,0,1,C->W,1.7228362984256078,1.5134448577230932,Correct,Wrong,4,1,LiCl,S0,S1,semcse,alignment_zscore
S0-S3,deepseek-v3.2-think,S0→S1,0,1,C->W,2.15802393617435,2.0594271257314003,Correct,Wrong,4,2,NaCl,S0,S1,semcse,alignment_zscore
S0-S3,deepseek-v3.2-think,S0→S1,0,1,C->W,1.3822827018583843,1.1136464848174492,Correct,Wrong,5,1,LiCl,S0,S1,semcse,alignment_zscore
S0-S3,deepseek-v3.2-think,S0→S1,0,1,C->W,0.3966492585340473,0.3044992681707898,Correct,Wrong,6,2,NaCl,S0,S1,semcse,alignment_zscore
S0-S3,deepseek-v3.2-think,S0→S1,0,1,C->W,1.5920332144250215,1.6425013709077876,Correct,Wrong,7,1,LiCl,S0,S1,semcse,alignment_zscore
S0-S3,deepseek-v3.2-think,S0→S1,0,1,C->W,0.9134283869617512,0.4845978039207724,Correct,Wrong,8,3,KCl,S0,S1,semcse,alignment_zscore
S0-S3,deepseek-v3.2-think,S0→S1,0,1,C->W,0.0257073835340626,0.3777507091241296,Correct,Wrong,8,4,KCl,S0,S1,semcse,alignment_zscore
S0-S3,deepseek-v3.2-think,S0→S1,0,1,C->W,1.9052989196021213,1.745704808476234,Correct,Wrong,10,2,PBS,S0,S1,semcse,alignment_zscore
S0-S3,deepseek-v3.2-think,S0→S1,0,1,C->W,2.545788525282149,2.380900974121627,Correct,Wrong,13,1,H₂O,S0,S1,semcse,alignment_zscore
S0-S3,deepseek-v3.2-think,S0→S1,0,1,C->W,-3.086623023755135,-2.5791387179284504,Correct,Wrong,15,1,H₂O,S0,S1,semcse,alignment_zscore
S0-S3,deepseek-v3.2-think,S0→S1,0,1,C->W,2.7949296428953927,4.0018150974573015,Correct,Wrong,20,1,EtOH/H₂O,S0,S1,semcse,alignment_zscore
S0-S3,deepseek-v3.2-think,S0→S1,0,1,C->W,-0.5264602074351764,-1.3016317788320129,Correct,Wrong,25,1,NaOH,S0,S1,semcse,alignment_zscore
S0-S3,deepseek-v3.2-think,S0→S1,0,1,C->W,-0.3419944305277415,-0.5697623482637931,Correct,Wrong,28,1,NaOH,S0,S1,semcse,alignment_zscore
S0-S3,deepseek-v3.2-think,S0→S1,0,1,C->W,-0.3826740311227921,0.0043316366674021,Correct,Wrong,36,1,NaCl,S0,S1,semcse,alignment_zscore
S0-S3,deepseek-v3.2-think,S0→S1,0,1,C->W,0.9505833935285268,1.895213840542565,Correct,Wrong,37,2,KCl,S0,S1,semcse,alignment_zscore
S0-S3,deepseek-v3.2-think,S0→S1,0,1,C->W,-0.1778419764132522,-0.4493757172591075,Correct,Wrong,39,1,NaCl,S0,S1,semcse,alignment_zscore
S0-S3,deepseek-v3.2-think,S0→S1,0,1,C->W,1.6143319260663718,2.0508951915339244,Correct,Wrong,40,2,NaCl,S0,S1,semcse,alignment_zscore
S0-S3,deepseek-v3.2-think,S0→S1,0,1,C->W,1.349241266072449,1.7305638916796682,Correct,Wrong,40,3,NH₄Cl,S0,S1,semcse,alignment_zscore
S0-S3,deepseek-v3.2-think,S0→S1,0,1,C->W,0.3056228492949064,1.022200172009038,Correct,Wrong,40,4,Me₄NCl,S0,S1,semcse,alignment_zscore
S0-S3,deepseek-v3.2-think,S0→S1,0,1,C->W,0.5109583349246363,0.3234393257203405,Correct,Wrong,40,6,KCl,S0,S1,semcse,alignment_zscore
S0-S3,deepseek-v3.2-think,S0→S1,0,1,C->W,1.3243998040445495,1.176403455030422,Correct,Wrong,41,1,KCl,S0,S1,semcse,alignment_zscore
S0-S3,deepseek-v3.2-think,S0→S1,0,1,C->W,0.4864924126871285,0.2058027499036964,Correct,Wrong,48,1,B(OH)₃ + AgNO₃,S0,S1,semcse,alignment_zscore
S0-S3,deepseek-v3.2-think,S0→S1,0,1,C->W,-0.5365443188215671,-1.01059950109667,Correct,Wrong,56,1,H₂O,S0,S1,semcse,alignment_zscore
S0-S3,deepseek-v3.2-think,S0→S1,0,1,C->W,1.1944930106871394,0.6380513040005223,Correct,Wrong,64,2,NaB(OH)₄,S0,S1,semcse,alignment_zscore
S0-S3,deepseek-v3.2-think,S0→S1,0,1,W->C,1.798705862199689,2.331488701430963,Wrong,Correct,1,2,LiCl,S0,S1,semcse,alignment_zscore
S0-S3,deepseek-v3.2-think,S0→S1,0,1,W->C,1.6527897119549029,2.0193624689753653,Wrong,Correct,1,3,NaCl,S0,S1,semcse,alignment_zscore
S0-S3,deepseek-v3.2-think,S0→S1,0,1,W->C,2.570147671290146,2.1530706941642426,Wrong,Correct,3,2,B(OH)₃ + AgNO₃,S0,S1,semcse,alignment_zscore
S0-S3,deepseek-v3.2-think,S0→S1,0,1,W->C,1.3970233759619206,1.6542028157421136,Wrong,Correct,5,3,NaCl,S0,S1,semcse,alignment_zscore
S0-S3,deepseek-v3.2-think,S0→S1,0,1,W->C,1.0161734043079411,1.7440269306213756,Wrong,Correct,6,1,LiCl,S0,S1,semcse,alignment_zscore
S0-S3,deepseek-v3.2-think,S0→S1,0,1,W->C,1.5030942195158454,2.335834853901019,Wrong,Correct,8,1,LiCl,S0,S1,semcse,alignment_zscore
S0-S3,deepseek-v3.2-think,S0→S1,0,1,W->C,1.5736328960232666,2.697653704785972,Wrong,Correct,8,2,NaCl,S0,S1,semcse,alignment_zscore
S0-S3,deepseek-v3.2-think,S0→S1,0,1,W->C,1.4821082669215933,1.9219241582959967,Wrong,Correct,9,1,LiCl,S0,S1,semcse,alignment_zscore
S0-S3,deepseek-v3.2-think,S0→S1,0,1,W->C,1.252622129083397,2.1400140270873624,Wrong,Correct,9,3,NaCl,S0,S1,semcse,alignment_zscore
S0-S3,deepseek-v3.2-think,S0→S1,0,1,W->C,-0.3918432819766694,-0.0579052402972146,Wrong,Correct,13,2,acidic pH,S0,S1,semcse,alignment_zscore
S0-S3,deepseek-v3.2-think,S0→S1,0,1,W->C,-0.2913591562600848,0.145413294801907,Wrong,Correct,14,1,H₂O,S0,S1,semcse,alignment_zscore
S0-S3,deepseek-v3.2-think,S0→S1,0,1,W->C,-0.72202805162794,-0.651668018768803,Wrong,Correct,17,1,H₂O,S0,S1,semcse,alignment_zscore
S0-S3,deepseek-v3.2-think,S0→S1,0,1,W->C,-0.3964122693384831,-0.0383860576220652,Wrong,Correct,19,1,H₂O,S0,S1,semcse,alignment_zscore
S0-S3,deepseek-v3.2-think,S0→S1,0,1,W->C,1.654813303323758,1.3798164665344057,Wrong,Correct,22,1,EtOH/H₂O,S0,S1,semcse,alignment_zscore
S0-S3,deepseek-v3.2-think,S0→S1,0,1,W->C,2.4322126491060336,2.7359164842951205,Wrong,Correct,23,1,EtOH/H₂O,S0,S1,semcse,alignment_zscore
S0-S3,deepseek-v3.2-think,S0→S1,0,1,W->C,0.8024289747389788,0.8034576504609023,Wrong,Correct,24,1,EtOH/H₂O,S0,S1,semcse,alignment_zscore
S0-S3,deepseek-v3.2-think,S0→S1,0,1,W->C,-0.7624747601259836,-0.8911104716535224,Wrong,Correct,27,1,NaOH,S0,S1,semcse,alignment_zscore
S0-S3,deepseek-v3.2-think,S0→S1,0,1,W->C,1.1468075758365055,1.4554451555870538,Wrong,Correct,29,1,NaOH,S0,S1,semcse,alignment_zscore
S0-S3,deepseek-v3.2-think,S0→S1,0,1,W->C,-0.8160338179797991,-0.3409568245819882,Wrong,Correct,30,1,NaOH,S0,S1,semcse,alignment_zscore
S0-S3,deepseek-v3.2-think,S0→S1,0,1,W->C,0.2207863571855627,0.5363263178806038,Wrong,Correct,32,1,H₂O,S0,S1,semcse,alignment_zscore
S0-S3,deepseek-v3.2-think,S0→S1,0,1,W->C,1.0100455583242731,1.1395755936005287,Wrong,Correct,36,2,KCl,S0,S1,semcse,alignment_zscore
S0-S3,deepseek-v3.2-think,S0→S1,0,1,W->C,-0.4940655362633711,1.142226483167489,Wrong,Correct,37,1,KCl + NaCl,S0,S1,semcse,alignment_zscore
S0-S3,deepseek-v3.2-think,S0→S1,0,1,W->C,-1.2781790367396404,-1.4056564411782484,Wrong,Correct,38,1,KCl + NaCl,S0,S1,semcse,alignment_zscore
S0-S3,deepseek-v3.2-think,S0→S1,0,1,W->C,-1.1886261047988316,-1.3440658439674171,Wrong,Correct,38,2,KCl,S0,S1,semcse,alignment_zscore
S0-S3,deepseek-v3.2-think,S0→S1,0,1,W->C,-0.8534741688165333,-0.4285820218285149,Wrong,Correct,48,2,B(OH)₃ + other ions,S0,S1,semcse,alignment_zscore
S0-S3,deepseek-v3.2-think,S0→S1,0,1,W->C,1.1786838043269965,1.6411811396008846,Wrong,Correct,49,1,B(OH)₃ + AgNO₃,S0,S1,semcse,alignment_zscore
S0-S3,deepseek-v3.2-think,S0→S1,0,1,W->C,1.7653794499624462,0.3445533314651664,Wrong,Correct,50,1,B(OH)₃ + AgNO₃,S0,S1,semcse,alignment_zscore
S0-S3,deepseek-v3.2-think,S0→S1,0,1,W->C,1.4400215975253454,1.949348278179337,Wrong,Correct,53,1,H₂O,S0,S1,semcse,alignment_zscore
S0-S3,deepseek-v3.2-think,S0→S1,0,1,W->C,0.2686799899117352,0.6627981420586128,Wrong,Correct,54,1,H₂O,S0,S1,semcse,alignment_zscore
S0-S3,deepseek-v3.2-think,S0→S1,0,1,W->C,-0.8223148817115378,-0.3416782538614537,Wrong,Correct,55,1,H₂O,S0,S1,semcse,alignment_zscore
S0-S3,deepseek-v3.2-think,S0→S1,0,1,W->C,-0.916354802185156,-0.2818039131659474,Wrong,Correct,57,1,H₂O,S0,S1,semcse,alignment_zscore
S0-S3,deepseek-v3.2-think,S0→S1,0,1,W->C,-0.975917108308491,-0.4209901905652023,Wrong,Correct,61,1,H₂O,S0,S1,semcse,alignment_zscore
S0-S3,deepseek-v3.2-think,S0→S1,0,1,W->C,1.4640859268703013,2.046153578381253,Wrong,Correct,62,1,H₂O,S0,S1,semcse,alignment_zscore
S0-S3,deepseek-v3.2-think,S0→S1,0,1,W->C,1.831960181510565,2.1280138944224976,Wrong,Correct,62,2,EtOH/H₂O,S0,S1,semcse,alignment_zscore
S0-S3,deepseek-v3.2-think,S0→S1,0,1,W->C,1.634344138216757,2.0972950468478424,Wrong,Correct,63,1,H₂O,S0,S1,semcse,alignment_zscore
S0-S3,deepseek-v3.2-think,S0→S1,0,1,W->C,1.929796600040632,2.091048792931194,Wrong,Correct,63,2,EtOH/H₂O,S0,S1,semcse,alignment_zscore
S0-S3,deepseek-v3.2-think,S0→S1,0,1,W->W,2.167592609275325,1.8189062000019496,Wrong,Wrong,7,2,NaCl,S0,S1,semcse,alignment_zscore
S0-S3,deepseek-v3.2-think,S0→S1,0,1,W->W,0.7689043908168214,1.0842971215040325,Wrong,Wrong,7,3,KCl + NaCl,S0,S1,semcse,alignment_zscore
S0-S3,deepseek-v3.2-think,S0→S1,0,1,W->W,0.3636525343743254,0.4766379652688822,Wrong,Wrong,7,6,KCl,S0,S1,semcse,alignment_zscore
S0-S3,deepseek-v3.2-think,S0→S1,0,1,W->W,2.063446240097025,2.336052537377008,Wrong,Wrong,7,7,KCl,S0,S1,semcse,alignment_zscore
S0-S3,deepseek-v3.2-think,S0→S1,0,1,W->W,0.7848125735843668,1.5158094547604812,Wrong,Wrong,7,10,KB(OH)₄,S0,S1,semcse,alignment_zscore
S0-S3,deepseek-v3.2-think,S0→S1,0,1,W->W,1.7528985149761944,1.7811800008518444,Wrong,Wrong,7,11,LiB(OH)₄,S0,S1,semcse,alignment_zscore
S0-S3,deepseek-v3.2-think,S0→S1,0,1,W->W,1.3969433113918968,1.5380919161472384,Wrong,Wrong,9,2,KCl,S0,S1,semcse,alignment_zscore
S0-S3,deepseek-v3.2-think,S0→S1,0,1,W->W,0.6743363932979033,1.173708516917271,Wrong,Wrong,10,1,H₂O,S0,S1,semcse,alignment_zscore
S0-S3,deepseek-v3.2-think,S0→S1,0,1,W->W,0.3409425851427937,0.7105603571271911,Wrong,Wrong,11,1,H₂O,S0,S1,semcse,alignment_zscore
S0-S3,deepseek-v3.2-think,S0→S1,0,1,W->W,0.315987049942485,0.1868965766019366,Wrong,Wrong,12,1,H₂O,S0,S1,semcse,alignment_zscore
S0-S3,deepseek-v3.2-think,S0→S1,0,1,W->W,0.3983681041733551,0.4985706619766483,Wrong,Wrong,13,3,acidic pH + benzyl amine,S0,S1,semcse,alignment_zscore
S0-S3,deepseek-v3.2-think,S0→S1,0,1,W->W,-0.0020018408426988,0.5563674430732288,Wrong,Wrong,34,1,H₂O,S0,S1,semcse,alignment_zscore
S0-S3,deepseek-v3.2-think,S0→S1,0,1,W->W,1.0955611315408187,0.8512732697224246,Wrong,Wrong,35,1,H₂O,S0,S1,semcse,alignment_zscore
S0-S3,deepseek-v3.2-think,S0→S1,0,1,W->W,1.4484659854263122,1.3469128426359067,Wrong,Wrong,40,5,Borate buffer,S0,S1,semcse,alignment_zscore
S0-S3,deepseek-v3.2-think,S0→S1,0,1,W->W,0.7832334455471035,0.4471833801129969,Wrong,Wrong,42,1,KCl,S0,S1,semcse,alignment_zscore
S0-S3,deepseek-v3.2-think,S0→S1,0,1,W->W,0.1396406113753581,0.0911060497181944,Wrong,Wrong,43,1,KCl,S0,S1,semcse,alignment_zscore
S0-S3,deepseek-v3.2-think,S0→S1,0,1,W->W,1.8070867068346692,1.1230744015459304,Wrong,Wrong,44,1,KCl,S0,S1,semcse,alignment_zscore
S0-S3,deepseek-v3.2-think,S0→S1,0,1,W->W,0.4726931403902122,1.161223959723336,Wrong,Wrong,45,2,Organic solvents,S0,S1,semcse,alignment_zscore
S0-S3,deepseek-v3.2-think,S0→S1,0,1,W->W,0.2914682938626234,-0.0867319763617097,Wrong,Wrong,45,3,Organic solvents,S0,S1,semcse,alignment_zscore
S0-S3,deepseek-v3.2-think,S0→S1,0,1,W->W,0.3629331514998338,0.9510018063142536,Wrong,Wrong,51,1,KB(OH)₄,S0,S1,semcse,alignment_zscore
S0-S3,deepseek-v3.2-think,S0→S1,0,1,W->W,-1.6113699883022254,-1.4830775494407142,Wrong,Wrong,57,2,EtOH/H₂O,S0,S1,semcse,alignment_zscore
S0-S3,deepseek-v3.2-think,S1→S2,1,2,C->C,1.2201596649502708,1.288796730630321,Correct,Correct,1,1,Tb(NO₃)₃ or Dy(NO₃)₃,S1,S2,semcse,alignment_zscore
S0-S3,deepseek-v3.2-think,S1→S2,1,2,C->C,2.331488701430963,2.602705043792376,Correct,Correct,1,2,LiCl,S1,S2,semcse,alignment_zscore
S0-S3,deepseek-v3.2-think,S1→S2,1,2,C->C,2.0193624689753653,2.008116525973684,Correct,Correct,1,3,NaCl,S1,S2,semcse,alignment_zscore
S0-S3,deepseek-v3.2-think,S1→S2,1,2,C->C,2.652072538817972,2.588016732971734,Correct,Correct,1,4,KCl,S1,S2,semcse,alignment_zscore
S0-S3,deepseek-v3.2-think,S1→S2,1,2,C->C,1.6236843392339717,1.53315861574803,Correct,Correct,2,1,Tb(NO₃)₃ or Eu(NO₃)₃,S1,S2,semcse,alignment_zscore
S0-S3,deepseek-v3.2-think,S1→S2,1,2,C->C,2.1530706941642426,3.2172020982087126,Correct,Correct,3,2,B(OH)₃ + AgNO₃,S1,S2,semcse,alignment_zscore
S0-S3,deepseek-v3.2-think,S1→S2,1,2,C->C,1.5424072023776745,1.5733991842058157,Correct,Correct,4,3,KCl,S1,S2,semcse,alignment_zscore
S0-S3,deepseek-v3.2-think,S1→S2,1,2,C->C,1.0130183469814766,1.0693972374534926,Correct,Correct,5,2,KCl,S1,S2,semcse,alignment_zscore
S0-S3,deepseek-v3.2-think,S1→S2,1,2,C->C,1.6542028157421136,1.607680797746235,Correct,Correct,5,3,NaCl,S1,S2,semcse,alignment_zscore
S0-S3,deepseek-v3.2-think,S1→S2,1,2,C->C,1.7440269306213756,1.633406103413167,Correct,Correct,6,1,LiCl,S1,S2,semcse,alignment_zscore
S0-S3,deepseek-v3.2-think,S1→S2,1,2,C->C,1.9542245309387896,2.311341547022511,Correct,Correct,6,3,KCl,S1,S2,semcse,alignment_zscore
S0-S3,deepseek-v3.2-think,S1→S2,1,2,C->C,0.1396823809916972,0.1582243602148681,Correct,Correct,7,4,KCl,S1,S2,semcse,alignment_zscore
S0-S3,deepseek-v3.2-think,S1→S2,1,2,C->C,1.8324956082809345,1.612133094488748,Correct,Correct,7,5,KCl,S1,S2,semcse,alignment_zscore
S0-S3,deepseek-v3.2-think,S1→S2,1,2,C->C,0.8617654732952462,0.7443768817141265,Correct,Correct,7,8,KCl + TAcG,S1,S2,semcse,alignment_zscore
S0-S3,deepseek-v3.2-think,S1→S2,1,2,C->C,2.1527858986202086,2.3790245066907043,Correct,Correct,7,9,KB(OH)₄,S1,S2,semcse,alignment_zscore
S0-S3,deepseek-v3.2-think,S1→S2,1,2,C->C,2.335834853901019,2.370123661520699,Correct,Correct,8,1,LiCl,S1,S2,semcse,alignment_zscore
S0-S3,deepseek-v3.2-think,S1→S2,1,2,C->C,2.697653704785972,2.639061472229628,Correct,Correct,8,2,NaCl,S1,S2,semcse,alignment_zscore
S0-S3,deepseek-v3.2-think,S1→S2,1,2,C->C,1.9219241582959967,1.937562924542228,Correct,Correct,9,1,LiCl,S1,S2,semcse,alignment_zscore
S0-S3,deepseek-v3.2-think,S1→S2,1,2,C->C,2.1400140270873624,2.181702601469599,Correct,Correct,9,3,NaCl,S1,S2,semcse,alignment_zscore
S0-S3,deepseek-v3.2-think,S1→S2,1,2,C->C,0.145413294801907,0.1168761900652066,Correct,Correct,14,1,H₂O,S1,S2,semcse,alignment_zscore
S0-S3,deepseek-v3.2-think,S1→S2,1,2,C->C,1.5192457441923626,1.4347049389228883,Correct,Correct,16,1,H₂O,S1,S2,semcse,alignment_zscore
S0-S3,deepseek-v3.2-think,S1→S2,1,2,C->C,-0.651668018768803,-0.4145234854269496,Correct,Correct,17,1,H₂O,S1,S2,semcse,alignment_zscore
S0-S3,deepseek-v3.2-think,S1→S2,1,2,C->C,1.4639361908743085,1.5956371706024943,Correct,Correct,18,1,H₂O,S1,S2,semcse,alignment_zscore
S0-S3,deepseek-v3.2-think,S1→S2,1,2,C->C,-0.0383860576220652,0.0906711395508028,Correct,Correct,19,1,H₂O,S1,S2,semcse,alignment_zscore
S0-S3,deepseek-v3.2-think,S1→S2,1,2,C->C,0.3893413684790153,0.1930184414353172,Correct,Correct,21,1,EtOH/H₂O,S1,S2,semcse,alignment_zscore
S0-S3,deepseek-v3.2-think,S1→S2,1,2,C->C,1.3798164665344057,1.600787615906098,Correct,Correct,22,1,EtOH/H₂O,S1,S2,semcse,alignment_zscore
S0-S3,deepseek-v3.2-think,S1→S2,1,2,C->C,2.7359164842951205,2.681298123980165,Correct,Correct,23,1,EtOH/H₂O,S1,S2,semcse,alignment_zscore
S0-S3,deepseek-v3.2-think,S1→S2,1,2,C->C,0.8034576504609023,0.868421635835332,Correct,Correct,24,1,EtOH/H₂O,S1,S2,semcse,alignment_zscore
S0-S3,deepseek-v3.2-think,S1→S2,1,2,C->C,1.7258891466832451,1.6368868919081712,Correct,Correct,25,2,Organic solvents,S1,S2,semcse,alignment_zscore
S0-S3,deepseek-v3.2-think,S1→S2,1,2,C->C,0.4839897148566652,0.297555348939956,Correct,Correct,26,1,NaOH,S1,S2,semcse,alignment_zscore
S0-S3,deepseek-v3.2-think,S1→S2,1,2,C->C,-0.783462022497824,-0.3804255764256466,Correct,Correct,26,2,KOH,S1,S2,semcse,alignment_zscore
S0-S3,deepseek-v3.2-think,S1→S2,1,2,C->C,-0.6580262124365,-0.4660009057131603,Correct,Correct,26,3,LiOH,S1,S2,semcse,alignment_zscore
S0-S3,deepseek-v3.2-think,S1→S2,1,2,C->C,1.9337119878087443,2.1967313953896186,Correct,Correct,26,4,Organic solvents,S1,S2,semcse,alignment_zscore
S0-S3,deepseek-v3.2-think,S1→S2,1,2,C->C,-0.8911104716535224,-1.0568869485185557,Correct,Correct,27,1,NaOH,S1,S2,semcse,alignment_zscore
S0-S3,deepseek-v3.2-think,S1→S2,1,2,C->C,-0.5408133914801055,-0.4287074769464761,Correct,Correct,27,2,KOH,S1,S2,semcse,alignment_zscore
S0-S3,deepseek-v3.2-think,S1→S2,1,2,C->C,-0.3652277235927876,-0.0915554473812061,Correct,Correct,27,3,LiOH,S1,S2,semcse,alignment_zscore
S0-S3,deepseek-v3.2-think,S1→S2,1,2,C->C,2.5505523278535787,2.453180817830808,Correct,Correct,27,4,Organic solvents,S1,S2,semcse,alignment_zscore
S0-S3,deepseek-v3.2-think,S1→S2,1,2,C->C,-0.085987095595643,-0.3629684191593441,Correct,Correct,28,2,Organic solvents,S1,S2,semcse,alignment_zscore
S0-S3,deepseek-v3.2-think,S1→S2,1,2,C->C,1.4554451555870538,1.5164737386631504,Correct,Correct,29,1,NaOH,S1,S2,semcse,alignment_zscore
S0-S3,deepseek-v3.2-think,S1→S2,1,2,C->C,0.1917372698002077,-0.249060203288818,Correct,Correct,29,2,Organic solvents,S1,S2,semcse,alignment_zscore
S0-S3,deepseek-v3.2-think,S1→S2,1,2,C->C,-0.3409568245819882,-0.552080131094938,Correct,Correct,30,1,NaOH,S1,S2,semcse,alignment_zscore
S0-S3,deepseek-v3.2-think,S1→S2,1,2,C->C,-0.2327980671469492,-0.1926708868833775,Correct,Correct,30,2,Organic solvents,S1,S2,semcse,alignment_zscore
S0-S3,deepseek-v3.2-think,S1→S2,1,2,C->C,1.3828631908450646,1.108928823167465,Correct,Correct,31,1,H₂O,S1,S2,semcse,alignment_zscore
S0-S3,deepseek-v3.2-think,S1→S2,1,2,C->C,0.7868957711721212,1.149736261429371,Correct,Correct,33,1,H₂O,S1,S2,semcse,alignment_zscore
S0-S3,deepseek-v3.2-think,S1→S2,1,2,C->C,1.1395755936005287,1.1847588011857724,Correct,Correct,36,2,KCl,S1,S2,semcse,alignment_zscore
S0-S3,deepseek-v3.2-think,S1→S2,1,2,C->C,1.2132359924610705,0.9365514641426992,Correct,Correct,36,3,NaCl + TAcG,S1,S2,semcse,alignment_zscore
S0-S3,deepseek-v3.2-think,S1→S2,1,2,C->C,1.142226483167489,0.8722051097689671,Correct,Correct,37,1,KCl + NaCl,S1,S2,semcse,alignment_zscore
S0-S3,deepseek-v3.2-think,S1→S2,1,2,C->C,-1.4056564411782484,-1.2507892585373586,Correct,Correct,38,1,KCl + NaCl,S1,S2,semcse,alignment_zscore
S0-S3,deepseek-v3.2-think,S1→S2,1,2,C->C,2.054283097111141,1.7272363202181225,Correct,Correct,39,2,KCl,S1,S2,semcse,alignment_zscore
S0-S3,deepseek-v3.2-think,S1→S2,1,2,C->C,1.0892507009462415,1.1909295493410432,Correct,Correct,40,1,KCl,S1,S2,semcse,alignment_zscore
S0-S3,deepseek-v3.2-think,S1→S2,1,2,C->C,2.243555684590839,2.346384217298601,Correct,Correct,45,1,Organic solvents,S1,S2,semcse,alignment_zscore
S0-S3,deepseek-v3.2-think,S1→S2,1,2,C->C,0.849662798205435,0.7801645389280002,Correct,Correct,46,1,Organic solvents,S1,S2,semcse,alignment_zscore
S0-S3,deepseek-v3.2-think,S1→S2,1,2,C->C,0.0601945734151386,0.3159063024240696,Correct,Correct,46,2,Organic solvents,S1,S2,semcse,alignment_zscore
S0-S3,deepseek-v3.2-think,S1→S2,1,2,C->C,0.2377754412000821,-0.1474953952891591,Correct,Correct,47,1,Organic solvents,S1,S2,semcse,alignment_zscore
S0-S3,deepseek-v3.2-think,S1→S2,1,2,C->C,-1.265967694713133,-1.01974025100961,Correct,Correct,47,2,Organic solvents,S1,S2,semcse,alignment_zscore
S0-S3,deepseek-v3.2-think,S1→S2,1,2,C->C,-0.4285820218285149,-0.2233286465746572,Correct,Correct,48,2,B(OH)₃ + other ions,S1,S2,semcse,alignment_zscore
S0-S3,deepseek-v3.2-think,S1→S2,1,2,C->C,1.6411811396008846,1.345565862240096,Correct,Correct,49,1,B(OH)₃ + AgNO₃,S1,S2,semcse,alignment_zscore
S0-S3,deepseek-v3.2-think,S1→S2,1,2,C->C,0.3445533314651664,0.6887547060155033,Correct,Correct,50,1,B(OH)₃ + AgNO₃,S1,S2,semcse,alignment_zscore
S0-S3,deepseek-v3.2-think,S1→S2,1,2,C->C,2.9118799399951576,3.1503652537240407,Correct,Correct,52,1,KB(OH)₄,S1,S2,semcse,alignment_zscore
S0-S3,deepseek-v3.2-think,S1→S2,1,2,C->C,1.949348278179337,1.8705155798803232,Correct,Correct,53,1,H₂O,S1,S2,semcse,alignment_zscore
S0-S3,deepseek-v3.2-think,S1→S2,1,2,C->C,2.137925416510164,2.2286841382680747,Correct,Correct,53,2,EtOH/H₂O,S1,S2,semcse,alignment_zscore
S0-S3,deepseek-v3.2-think,S1→S2,1,2,C->C,0.6627981420586128,0.5331611451024914,Correct,Correct,54,1,H₂O,S1,S2,semcse,alignment_zscore
S0-S3,deepseek-v3.2-think,S1→S2,1,2,C->C,1.4907609355076294,1.379683548492602,Correct,Correct,54,2,EtOH/H₂O,S1,S2,semcse,alignment_zscore
S0-S3,deepseek-v3.2-think,S1→S2,1,2,C->C,-0.3416782538614537,-0.5565259871755744,Correct,Correct,55,1,H₂O,S1,S2,semcse,alignment_zscore
S0-S3,deepseek-v3.2-think,S1→S2,1,2,C->C,1.746889951391766,1.80763164607808,Correct,Correct,55,2,EtOH/H₂O,S1,S2,semcse,alignment_zscore
S0-S3,deepseek-v3.2-think,S1→S2,1,2,C->C,-0.2818039131659474,-0.2471660684215132,Correct,Correct,57,1,H₂O,S1,S2,semcse,alignment_zscore
S0-S3,deepseek-v3.2-think,S1→S2,1,2,C->C,0.7882815813123831,0.6237801388800094,Correct,Correct,58,1,H₂O,S1,S2,semcse,alignment_zscore
S0-S3,deepseek-v3.2-think,S1→S2,1,2,C->C,1.3388128368110568,1.204486621531882,Correct,Correct,58,2,EtOH/H₂O,S1,S2,semcse,alignment_zscore
S0-S3,deepseek-v3.2-think,S1→S2,1,2,C->C,0.1866604702196634,0.2343411609372062,Correct,Correct,59,1,H₂O,S1,S2,semcse,alignment_zscore
S0-S3,deepseek-v3.2-think,S1→S2,1,2,C->C,1.53129656805238,1.48764995773684,Correct,Correct,59,2,EtOH/H₂O,S1,S2,semcse,alignment_zscore
S0-S3,deepseek-v3.2-think,S1→S2,1,2,C->C,0.1345538664426937,0.0065893205305938,Correct,Correct,60,1,H₂O,S1,S2,semcse,alignment_zscore
S0-S3,deepseek-v3.2-think,S1→S2,1,2,C->C,2.4325273722144614,2.3723458416673355,Correct,Correct,60,2,EtOH/H₂O,S1,S2,semcse,alignment_zscore
S0-S3,deepseek-v3.2-think,S1→S2,1,2,C->C,-0.4209901905652023,-0.627009633805535,Correct,Correct,61,1,H₂O,S1,S2,semcse,alignment_zscore
S0-S3,deepseek-v3.2-think,S1→S2,1,2,C->C,1.4251572342942307,1.403205741250304,Correct,Correct,61,2,EtOH/H₂O,S1,S2,semcse,alignment_zscore
S0-S3,deepseek-v3.2-think,S1→S2,1,2,C->C,2.046153578381253,1.699656648461889,Correct,Correct,62,1,H₂O,S1,S2,semcse,alignment_zscore
S0-S3,deepseek-v3.2-think,S1→S2,1,2,C->C,2.1280138944224976,2.2995635607921483,Correct,Correct,62,2,EtOH/H₂O,S1,S2,semcse,alignment_zscore
S0-S3,deepseek-v3.2-think,S1→S2,1,2,C->C,2.0972950468478424,1.982630374875952,Correct,Correct,63,1,H₂O,S1,S2,semcse,alignment_zscore
S0-S3,deepseek-v3.2-think,S1→S2,1,2,C->C,2.091048792931194,2.0791175353745825,Correct,Correct,63,2,EtOH/H₂O,S1,S2,semcse,alignment_zscore
S0-S3,deepseek-v3.2-think,S1→S2,1,2,C->C,1.9154504651262112,1.8635227983770084,Correct,Correct,64,1,KCl,S1,S2,semcse,alignment_zscore
S0-S3,deepseek-v3.2-think,S1→S2,1,2,C->W,-0.0579052402972146,-0.4071069218342012,Correct,Wrong,13,2,acidic pH,S1,S2,semcse,alignment_zscore
S0-S3,deepseek-v3.2-think,S1→S2,1,2,C->W,0.5363263178806038,0.291221978761811,Correct,Wrong,32,1,H₂O,S1,S2,semcse,alignment_zscore
S0-S3,deepseek-v3.2-think,S1→S2,1,2,C->W,-1.3440658439674171,-0.868327057341715,Correct,Wrong,38,2,KCl,S1,S2,semcse,alignment_zscore
S0-S3,deepseek-v3.2-think,S1→S2,1,2,C->W,0.2143754512281653,-0.1522939437651351,Correct,Wrong,56,2,EtOH/H₂O,S1,S2,semcse,alignment_zscore
S0-S3,deepseek-v3.2-think,S1→S2,1,2,W->C,0.9766731117580224,1.6026171973706862,Wrong,Correct,1,5,KB(OH)₄,S1,S2,semcse,alignment_zscore
S0-S3,deepseek-v3.2-think,S1→S2,1,2,W->C,0.5880780238316841,1.2551418421416387,Wrong,Correct,3,1,Tb(NO₃)₃ or Eu(NO₃)₃,S1,S2,semcse,alignment_zscore
S0-S3,deepseek-v3.2-think,S1→S2,1,2,W->C,0.1868965766019366,0.4529143115404497,Wrong,Correct,12,1,H₂O,S1,S2,semcse,alignment_zscore
S0-S3,deepseek-v3.2-think,S1→S2,1,2,W->C,0.5563674430732288,0.555156897864342,Wrong,Correct,34,1,H₂O,S1,S2,semcse,alignment_zscore
S0-S3,deepseek-v3.2-think,S1→S2,1,2,W->C,1.7305638916796682,1.601370712426983,Wrong,Correct,40,3,NH₄Cl,S1,S2,semcse,alignment_zscore
S0-S3,deepseek-v3.2-think,S1→S2,1,2,W->C,0.3234393257203405,0.739935707949863,Wrong,Correct,40,6,KCl,S1,S2,semcse,alignment_zscore
S0-S3,deepseek-v3.2-think,S1→S2,1,2,W->C,1.176403455030422,1.6443260485341156,Wrong,Correct,41,1,KCl,S1,S2,semcse,alignment_zscore
S0-S3,deepseek-v3.2-think,S1→S2,1,2,W->C,1.1230744015459304,1.3870545492003197,Wrong,Correct,44,1,KCl,S1,S2,semcse,alignment_zscore
S0-S3,deepseek-v3.2-think,S1→S2,1,2,W->C,0.9510018063142536,1.1165760913654827,Wrong,Correct,51,1,KB(OH)₄,S1,S2,semcse,alignment_zscore
S0-S3,deepseek-v3.2-think,S1→S2,1,2,W->C,0.6380513040005223,0.9553681869949568,Wrong,Correct,64,2,NaB(OH)₄,S1,S2,semcse,alignment_zscore
S0-S3,deepseek-v3.2-think,S1→S2,1,2,W->W,1.5134448577230932,1.6908332476575714,Wrong,Wrong,4,1,LiCl,S1,S2,semcse,alignment_zscore
S0-S3,deepseek-v3.2-think,S1→S2,1,2,W->W,2.0594271257314003,2.079370362987877,Wrong,Wrong,4,2,NaCl,S1,S2,semcse,alignment_zscore
S0-S3,deepseek-v3.2-think,S1→S2,1,2,W->W,1.1136464848174492,1.244258463521417,Wrong,Wrong,5,1,LiCl,S1,S2,semcse,alignment_zscore
S0-S3,deepseek-v3.2-think,S1→S2,1,2,W->W,0.3044992681707898,0.2337872371709358,Wrong,Wrong,6,2,NaCl,S1,S2,semcse,alignment_zscore
S0-S3,deepseek-v3.2-think,S1→S2,1,2,W->W,1.6425013709077876,1.5247419601602494,Wrong,Wrong,7,1,LiCl,S1,S2,semcse,alignment_zscore
S0-S3,deepseek-v3.2-think,S1→S2,1,2,W->W,1.8189062000019496,1.7720622298398356,Wrong,Wrong,7,2,NaCl,S1,S2,semcse,alignment_zscore
S0-S3,deepseek-v3.2-think,S1→S2,1,2,W->W,1.0842971215040325,0.7271072036409184,Wrong,Wrong,7,3,KCl + NaCl,S1,S2,semcse,alignment_zscore
S0-S3,deepseek-v3.2-think,S1→S2,1,2,W->W,0.4766379652688822,0.7801330645200332,Wrong,Wrong,7,6,KCl,S1,S2,semcse,alignment_zscore
S0-S3,deepseek-v3.2-think,S1→S2,1,2,W->W,2.336052537377008,2.399924081287863,Wrong,Wrong,7,7,KCl,S1,S2,semcse,alignment_zscore
S0-S3,deepseek-v3.2-think,S1→S2,1,2,W->W,1.5158094547604812,1.9795585313435005,Wrong,Wrong,7,10,KB(OH)₄,S1,S2,semcse,alignment_zscore
S0-S3,deepseek-v3.2-think,S1→S2,1,2,W->W,1.7811800008518444,1.6965684851319272,Wrong,Wrong,7,11,LiB(OH)₄,S1,S2,semcse,alignment_zscore
S0-S3,deepseek-v3.2-think,S1→S2,1,2,W->W,0.4845978039207724,0.4686180335612332,Wrong,Wrong,8,3,KCl,S1,S2,semcse,alignment_zscore
S0-S3,deepseek-v3.2-think,S1→S2,1,2,W->W,0.3777507091241296,0.3260296777966616,Wrong,Wrong,8,4,KCl,S1,S2,semcse,alignment_zscore
S0-S3,deepseek-v3.2-think,S1→S2,1,2,W->W,1.5380919161472384,1.7509703754246488,Wrong,Wrong,9,2,KCl,S1,S2,semcse,alignment_zscore
S0-S3,deepseek-v3.2-think,S1→S2,1,2,W->W,1.173708516917271,0.9427629582650427,Wrong,Wrong,10,1,H₂O,S1,S2,semcse,alignment_zscore
S0-S3,deepseek-v3.2-think,S1→S2,1,2,W->W,1.745704808476234,1.933575701186179,Wrong,Wrong,10,2,PBS,S1,S2,semcse,alignment_zscore
S0-S3,deepseek-v3.2-think,S1→S2,1,2,W->W,0.7105603571271911,0.5745106401870222,Wrong,Wrong,11,1,H₂O,S1,S2,semcse,alignment_zscore
S0-S3,deepseek-v3.2-think,S1→S2,1,2,W->W,2.380900974121627,2.2620704081387,Wrong,Wrong,13,1,H₂O,S1,S2,semcse,alignment_zscore
S0-S3,deepseek-v3.2-think,S1→S2,1,2,W->W,0.4985706619766483,0.5366319096082267,Wrong,Wrong,13,3,acidic pH + benzyl amine,S1,S2,semcse,alignment_zscore
S0-S3,deepseek-v3.2-think,S1→S2,1,2,W->W,-2.5791387179284504,-2.375624733952121,Wrong,Wrong,15,1,H₂O,S1,S2,semcse,alignment_zscore
S0-S3,deepseek-v3.2-think,S1→S2,1,2,W->W,4.0018150974573015,3.453248879351019,Wrong,Wrong,20,1,EtOH/H₂O,S1,S2,semcse,alignment_zscore
S0-S3,deepseek-v3.2-think,S1→S2,1,2,W->W,-1.3016317788320129,-1.371693736769657,Wrong,Wrong,25,1,NaOH,S1,S2,semcse,alignment_zscore
S0-S3,deepseek-v3.2-think,S1→S2,1,2,W->W,-0.5697623482637931,-0.2322768803271281,Wrong,Wrong,28,1,NaOH,S1,S2,semcse,alignment_zscore
S0-S3,deepseek-v3.2-think,S1→S2,1,2,W->W,0.8512732697224246,1.0166659431487404,Wrong,Wrong,35,1,H₂O,S1,S2,semcse,alignment_zscore
S0-S3,deepseek-v3.2-think,S1→S2,1,2,W->W,0.0043316366674021,-0.2247840251791574,Wrong,Wrong,36,1,NaCl,S1,S2,semcse,alignment_zscore
S0-S3,deepseek-v3.2-think,S1→S2,1,2,W->W,1.895213840542565,1.6658356105940773,Wrong,Wrong,37,2,KCl,S1,S2,semcse,alignment_zscore
S0-S3,deepseek-v3.2-think,S1→S2,1,2,W->W,-0.4493757172591075,-0.5169530111337515,Wrong,Wrong,39,1,NaCl,S1,S2,semcse,alignment_zscore
S0-S3,deepseek-v3.2-think,S1→S2,1,2,W->W,2.0508951915339244,2.052588656805844,Wrong,Wrong,40,2,NaCl,S1,S2,semcse,alignment_zscore
S0-S3,deepseek-v3.2-think,S1→S2,1,2,W->W,1.022200172009038,1.087781553463377,Wrong,Wrong,40,4,Me₄NCl,S1,S2,semcse,alignment_zscore
S0-S3,deepseek-v3.2-think,S1→S2,1,2,W->W,1.3469128426359067,0.8109229151727113,Wrong,Wrong,40,5,Borate buffer,S1,S2,semcse,alignment_zscore
S0-S3,deepseek-v3.2-think,S1→S2,1,2,W->W,0.4471833801129969,0.6558302770005089,Wrong,Wrong,42,1,KCl,S1,S2,semcse,alignment_zscore
S0-S3,deepseek-v3.2-think,S1→S2,1,2,W->W,0.0911060497181944,0.2898755335100366,Wrong,Wrong,43,1,KCl,S1,S2,semcse,alignment_zscore
S0-S3,deepseek-v3.2-think,S1→S2,1,2,W->W,1.161223959723336,0.9405674706643102,Wrong,Wrong,45,2,Organic solvents,S1,S2,semcse,alignment_zscore
S0-S3,deepseek-v3.2-think,S1→S2,1,2,W->W,-0.0867319763617097,0.0605431774868078,Wrong,Wrong,45,3,Organic solvents,S1,S2,semcse,alignment_zscore
S0-S3,deepseek-v3.2-think,S1→S2,1,2,W->W,0.2058027499036964,-0.1896787475569097,Wrong,Wrong,48,1,B(OH)₃ + AgNO₃,S1,S2,semcse,alignment_zscore
S0-S3,deepseek-v3.2-think,S1→S2,1,2,W->W,-1.01059950109667,-1.1368289703525156,Wrong,Wrong,56,1,H₂O,S1,S2,semcse,alignment_zscore
S0-S3,deepseek-v3.2-think,S1→S2,1,2,W->W,-1.4830775494407142,-1.3126856123692177,Wrong,Wrong,57,2,EtOH/H₂O,S1,S2,semcse,alignment_zscore
S0-S3,deepseek-v3.2-think,S2→S3,2,3,C->C,1.288796730630321,1.5316562915958034,Correct,Correct,1,1,Tb(NO₃)₃ or Dy(NO₃)₃,S2,S3,semcse,alignment_zscore
S0-S3,deepseek-v3.2-think,S2→S3,2,3,C->C,2.602705043792376,2.4485085794773047,Correct,Correct,1,2,LiCl,S2,S3,semcse,alignment_zscore
S0-S3,deepseek-v3.2-think,S2→S3,2,3,C->C,2.008116525973684,1.83730784650539,Correct,Correct,1,3,NaCl,S2,S3,semcse,alignment_zscore
S0-S3,deepseek-v3.2-think,S2→S3,2,3,C->C,2.588016732971734,2.105560445435503,Correct,Correct,1,4,KCl,S2,S3,semcse,alignment_zscore
S0-S3,deepseek-v3.2-think,S2→S3,2,3,C->C,1.6026171973706862,1.32427658928651,Correct,Correct,1,5,KB(OH)₄,S2,S3,semcse,alignment_zscore
S0-S3,deepseek-v3.2-think,S2→S3,2,3,C->C,1.53315861574803,2.2922393246498407,Correct,Correct,2,1,Tb(NO₃)₃ or Eu(NO₃)₃,S2,S3,semcse,alignment_zscore
S0-S3,deepseek-v3.2-think,S2→S3,2,3,C->C,1.2551418421416387,2.4586108325325697,Correct,Correct,3,1,Tb(NO₃)₃ or Eu(NO₃)₃,S2,S3,semcse,alignment_zscore
S0-S3,deepseek-v3.2-think,S2→S3,2,3,C->C,3.2172020982087126,4.229225757756565,Correct,Correct,3,2,B(OH)₃ + AgNO₃,S2,S3,semcse,alignment_zscore
S0-S3,deepseek-v3.2-think,S2→S3,2,3,C->C,1.5733991842058157,1.4767216525215487,Correct,Correct,4,3,KCl,S2,S3,semcse,alignment_zscore
S0-S3,deepseek-v3.2-think,S2→S3,2,3,C->C,1.0693972374534926,1.5894727679506662,Correct,Correct,5,2,KCl,S2,S3,semcse,alignment_zscore
S0-S3,deepseek-v3.2-think,S2→S3,2,3,C->C,1.607680797746235,2.0213941030385327,Correct,Correct,5,3,NaCl,S2,S3,semcse,alignment_zscore
S0-S3,deepseek-v3.2-think,S2→S3,2,3,C->C,1.633406103413167,2.1286062708926887,Correct,Correct,6,1,LiCl,S2,S3,semcse,alignment_zscore
S0-S3,deepseek-v3.2-think,S2→S3,2,3,C->C,2.311341547022511,2.1684183143630142,Correct,Correct,6,3,KCl,S2,S3,semcse,alignment_zscore
S0-S3,deepseek-v3.2-think,S2→S3,2,3,C->C,0.1582243602148681,0.6200701340946132,Correct,Correct,7,4,KCl,S2,S3,semcse,alignment_zscore
S0-S3,deepseek-v3.2-think,S2→S3,2,3,C->C,1.612133094488748,1.7546649371540533,Correct,Correct,7,5,KCl,S2,S3,semcse,alignment_zscore
S0-S3,deepseek-v3.2-think,S2→S3,2,3,C->C,0.7443768817141265,0.8123516201370478,Correct,Correct,7,8,KCl + TAcG,S2,S3,semcse,alignment_zscore
S0-S3,deepseek-v3.2-think,S2→S3,2,3,C->C,2.3790245066907043,2.463283240412658,Correct,Correct,7,9,KB(OH)₄,S2,S3,semcse,alignment_zscore
S0-S3,deepseek-v3.2-think,S2→S3,2,3,C->C,2.370123661520699,2.2965601190776144,Correct,Correct,8,1,LiCl,S2,S3,semcse,alignment_zscore
S0-S3,deepseek-v3.2-think,S2→S3,2,3,C->C,2.639061472229628,2.127247316260571,Correct,Correct,8,2,NaCl,S2,S3,semcse,alignment_zscore
S0-S3,deepseek-v3.2-think,S2→S3,2,3,C->C,1.937562924542228,1.687923787954791,Correct,Correct,9,1,LiCl,S2,S3,semcse,alignment_zscore
S0-S3,deepseek-v3.2-think,S2→S3,2,3,C->C,2.181702601469599,2.285960628671259,Correct,Correct,9,3,NaCl,S2,S3,semcse,alignment_zscore
S0-S3,deepseek-v3.2-think,S2→S3,2,3,C->C,0.4529143115404497,0.9738418666659708,Correct,Correct,12,1,H₂O,S2,S3,semcse,alignment_zscore
S0-S3,deepseek-v3.2-think,S2→S3,2,3,C->C,0.1168761900652066,0.7340612801172731,Correct,Correct,14,1,H₂O,S2,S3,semcse,alignment_zscore
S0-S3,deepseek-v3.2-think,S2→S3,2,3,C->C,1.4347049389228883,1.8395357010521092,Correct,Correct,16,1,H₂O,S2,S3,semcse,alignment_zscore
S0-S3,deepseek-v3.2-think,S2→S3,2,3,C->C,-0.4145234854269496,-0.0348889141008444,Correct,Correct,17,1,H₂O,S2,S3,semcse,alignment_zscore
S0-S3,deepseek-v3.2-think,S2→S3,2,3,C->C,1.5956371706024943,1.5545791432584053,Correct,Correct,18,1,H₂O,S2,S3,semcse,alignment_zscore
S0-S3,deepseek-v3.2-think,S2→S3,2,3,C->C,0.0906711395508028,0.4300740786769342,Correct,Correct,19,1,H₂O,S2,S3,semcse,alignment_zscore
S0-S3,deepseek-v3.2-think,S2→S3,2,3,C->C,1.600787615906098,1.8643321646250317,Correct,Correct,22,1,EtOH/H₂O,S2,S3,semcse,alignment_zscore
S0-S3,deepseek-v3.2-think,S2→S3,2,3,C->C,2.681298123980165,2.3966059755588587,Correct,Correct,23,1,EtOH/H₂O,S2,S3,semcse,alignment_zscore
S0-S3,deepseek-v3.2-think,S2→S3,2,3,C->C,0.868421635835332,1.0439381563393293,Correct,Correct,24,1,EtOH/H₂O,S2,S3,semcse,alignment_zscore
S0-S3,deepseek-v3.2-think,S2→S3,2,3,C->C,1.6368868919081712,1.958410807503844,Correct,Correct,25,2,Organic solvents,S2,S3,semcse,alignment_zscore
S0-S3,deepseek-v3.2-think,S2→S3,2,3,C->C,0.297555348939956,1.306780053103411,Correct,Correct,26,1,NaOH,S2,S3,semcse,alignment_zscore
S0-S3,deepseek-v3.2-think,S2→S3,2,3,C->C,-0.3804255764256466,1.0611416123459,Correct,Correct,26,2,KOH,S2,S3,semcse,alignment_zscore
S0-S3,deepseek-v3.2-think,S2→S3,2,3,C->C,-0.4660009057131603,1.2537276187917623,Correct,Correct,26,3,LiOH,S2,S3,semcse,alignment_zscore
S0-S3,deepseek-v3.2-think,S2→S3,2,3,C->C,2.1967313953896186,2.371622171672016,Correct,Correct,26,4,Organic solvents,S2,S3,semcse,alignment_zscore
S0-S3,deepseek-v3.2-think,S2→S3,2,3,C->C,-1.0568869485185557,0.5445753943619305,Correct,Correct,27,1,NaOH,S2,S3,semcse,alignment_zscore
S0-S3,deepseek-v3.2-think,S2→S3,2,3,C->C,-0.4287074769464761,1.4959170923961695,Correct,Correct,27,2,KOH,S2,S3,semcse,alignment_zscore
S0-S3,deepseek-v3.2-think,S2→S3,2,3,C->C,-0.0915554473812061,1.3687438094112985,Correct,Correct,27,3,LiOH,S2,S3,semcse,alignment_zscore
S0-S3,deepseek-v3.2-think,S2→S3,2,3,C->C,2.453180817830808,3.076920850217992,Correct,Correct,27,4,Organic solvents,S2,S3,semcse,alignment_zscore
S0-S3,deepseek-v3.2-think,S2→S3,2,3,C->C,-0.3629684191593441,-0.2002817796555514,Correct,Correct,28,2,Organic solvents,S2,S3,semcse,alignment_zscore
S0-S3,deepseek-v3.2-think,S2→S3,2,3,C->C,1.5164737386631504,0.7673676057385563,Correct,Correct,29,1,NaOH,S2,S3,semcse,alignment_zscore
S0-S3,deepseek-v3.2-think,S2→S3,2,3,C->C,-0.249060203288818,0.1861603169969982,Correct,Correct,29,2,Organic solvents,S2,S3,semcse,alignment_zscore
S0-S3,deepseek-v3.2-think,S2→S3,2,3,C->C,-0.552080131094938,0.4612822341529275,Correct,Correct,30,1,NaOH,S2,S3,semcse,alignment_zscore
S0-S3,deepseek-v3.2-think,S2→S3,2,3,C->C,-0.1926708868833775,0.1167758520129584,Correct,Correct,30,2,Organic solvents,S2,S3,semcse,alignment_zscore
S0-S3,deepseek-v3.2-think,S2→S3,2,3,C->C,1.108928823167465,1.9277681337976904,Correct,Correct,31,1,H₂O,S2,S3,semcse,alignment_zscore
S0-S3,deepseek-v3.2-think,S2→S3,2,3,C->C,1.149736261429371,1.2786283624691743,Correct,Correct,33,1,H₂O,S2,S3,semcse,alignment_zscore
S0-S3,deepseek-v3.2-think,S2→S3,2,3,C->C,0.555156897864342,0.3863647622900281,Correct,Correct,34,1,H₂O,S2,S3,semcse,alignment_zscore
S0-S3,deepseek-v3.2-think,S2→S3,2,3,C->C,1.1847588011857724,1.171273443604372,Correct,Correct,36,2,KCl,S2,S3,semcse,alignment_zscore
S0-S3,deepseek-v3.2-think,S2→S3,2,3,C->C,0.9365514641426992,1.1086753480134914,Correct,Correct,36,3,NaCl + TAcG,S2,S3,semcse,alignment_zscore
S0-S3,deepseek-v3.2-think,S2→S3,2,3,C->C,0.8722051097689671,0.6554166093157308,Correct,Correct,37,1,KCl + NaCl,S2,S3,semcse,alignment_zscore
S0-S3,deepseek-v3.2-think,S2→S3,2,3,C->C,-1.2507892585373586,-1.059710303820667,Correct,Correct,38,1,KCl + NaCl,S2,S3,semcse,alignment_zscore
S0-S3,deepseek-v3.2-think,S2→S3,2,3,C->C,1.7272363202181225,2.3691098528850185,Correct,Correct,39,2,KCl,S2,S3,semcse,alignment_zscore
S0-S3,deepseek-v3.2-think,S2→S3,2,3,C->C,1.1909295493410432,0.9481100738307818,Correct,Correct,40,1,KCl,S2,S3,semcse,alignment_zscore
S0-S3,deepseek-v3.2-think,S2→S3,2,3,C->C,1.601370712426983,1.2547963639227635,Correct,Correct,40,3,NH₄Cl,S2,S3,semcse,alignment_zscore
S0-S3,deepseek-v3.2-think,S2→S3,2,3,C->C,0.739935707949863,0.5657325683752917,Correct,Correct,40,6,KCl,S2,S3,semcse,alignment_zscore
S0-S3,deepseek-v3.2-think,S2→S3,2,3,C->C,1.6443260485341156,1.870031440352557,Correct,Correct,41,1,KCl,S2,S3,semcse,alignment_zscore
S0-S3,deepseek-v3.2-think,S2→S3,2,3,C->C,1.3870545492003197,1.1052178873461638,Correct,Correct,44,1,KCl,S2,S3,semcse,alignment_zscore
S0-S3,deepseek-v3.2-think,S2→S3,2,3,C->C,2.346384217298601,2.5799070427843,Correct,Correct,45,1,Organic solvents,S2,S3,semcse,alignment_zscore
S0-S3,deepseek-v3.2-think,S2→S3,2,3,C->C,0.7801645389280002,0.7588301828681416,Correct,Correct,46,1,Organic solvents,S2,S3,semcse,alignment_zscore
S0-S3,deepseek-v3.2-think,S2→S3,2,3,C->C,0.3159063024240696,0.6483768276683604,Correct,Correct,46,2,Organic solvents,S2,S3,semcse,alignment_zscore
S0-S3,deepseek-v3.2-think,S2→S3,2,3,C->C,-0.1474953952891591,0.4170962606270726,Correct,Correct,47,1,Organic solvents,S2,S3,semcse,alignment_zscore
S0-S3,deepseek-v3.2-think,S2→S3,2,3,C->C,-1.01974025100961,-0.7254496301514992,Correct,Correct,47,2,Organic solvents,S2,S3,semcse,alignment_zscore
S0-S3,deepseek-v3.2-think,S2→S3,2,3,C->C,-0.2233286465746572,-0.8963771821451569,Correct,Correct,48,2,B(OH)₃ + other ions,S2,S3,semcse,alignment_zscore
S0-S3,deepseek-v3.2-think,S2→S3,2,3,C->C,1.345565862240096,1.6105291380393076,Correct,Correct,49,1,B(OH)₃ + AgNO₃,S2,S3,semcse,alignment_zscore
S0-S3,deepseek-v3.2-think,S2→S3,2,3,C->C,0.6887547060155033,1.4016585888385251,Correct,Correct,50,1,B(OH)₃ + AgNO₃,S2,S3,semcse,alignment_zscore
S0-S3,deepseek-v3.2-think,S2→S3,2,3,C->C,1.1165760913654827,1.402763675064305,Correct,Correct,51,1,KB(OH)₄,S2,S3,semcse,alignment_zscore
S0-S3,deepseek-v3.2-think,S2→S3,2,3,C->C,1.8705155798803232,1.9350298748822523,Correct,Correct,53,1,H₂O,S2,S3,semcse,alignment_zscore
S0-S3,deepseek-v3.2-think,S2→S3,2,3,C->C,2.2286841382680747,2.3966997791333458,Correct,Correct,53,2,EtOH/H₂O,S2,S3,semcse,alignment_zscore
S0-S3,deepseek-v3.2-think,S2→S3,2,3,C->C,0.5331611451024914,0.8556486419758106,Correct,Correct,54,1,H₂O,S2,S3,semcse,alignment_zscore
S0-S3,deepseek-v3.2-think,S2→S3,2,3,C->C,1.379683548492602,1.341526433785124,Correct,Correct,54,2,EtOH/H₂O,S2,S3,semcse,alignment_zscore
S0-S3,deepseek-v3.2-think,S2→S3,2,3,C->C,-0.5565259871755744,0.3454396570245168,Correct,Correct,55,1,H₂O,S2,S3,semcse,alignment_zscore
S0-S3,deepseek-v3.2-think,S2→S3,2,3,C->C,1.80763164607808,1.5857552878601848,Correct,Correct,55,2,EtOH/H₂O,S2,S3,semcse,alignment_zscore
S0-S3,deepseek-v3.2-think,S2→S3,2,3,C->C,-0.2471660684215132,0.0517507401421838,Correct,Correct,57,1,H₂O,S2,S3,semcse,alignment_zscore
S0-S3,deepseek-v3.2-think,S2→S3,2,3,C->C,0.6237801388800094,0.8126894456401428,Correct,Correct,58,1,H₂O,S2,S3,semcse,alignment_zscore
S0-S3,deepseek-v3.2-think,S2→S3,2,3,C->C,1.204486621531882,1.6064491149117694,Correct,Correct,58,2,EtOH/H₂O,S2,S3,semcse,alignment_zscore
S0-S3,deepseek-v3.2-think,S2→S3,2,3,C->C,0.2343411609372062,0.2788287121539832,Correct,Correct,59,1,H₂O,S2,S3,semcse,alignment_zscore
S0-S3,deepseek-v3.2-think,S2→S3,2,3,C->C,1.48764995773684,1.5520031821350972,Correct,Correct,59,2,EtOH/H₂O,S2,S3,semcse,alignment_zscore
S0-S3,deepseek-v3.2-think,S2→S3,2,3,C->C,0.0065893205305938,0.4999638506855023,Correct,Correct,60,1,H₂O,S2,S3,semcse,alignment_zscore
S0-S3,deepseek-v3.2-think,S2→S3,2,3,C->C,2.3723458416673355,2.1593271493497195,Correct,Correct,60,2,EtOH/H₂O,S2,S3,semcse,alignment_zscore
S0-S3,deepseek-v3.2-think,S2→S3,2,3,C->C,-0.627009633805535,-0.7524223002717353,Correct,Correct,61,1,H₂O,S2,S3,semcse,alignment_zscore
S0-S3,deepseek-v3.2-think,S2→S3,2,3,C->C,1.403205741250304,1.8645756614283653,Correct,Correct,61,2,EtOH/H₂O,S2,S3,semcse,alignment_zscore
S0-S3,deepseek-v3.2-think,S2→S3,2,3,C->C,1.699656648461889,2.1877226591952783,Correct,Correct,62,1,H₂O,S2,S3,semcse,alignment_zscore
S0-S3,deepseek-v3.2-think,S2→S3,2,3,C->C,2.2995635607921483,2.078771750444121,Correct,Correct,62,2,EtOH/H₂O,S2,S3,semcse,alignment_zscore
S0-S3,deepseek-v3.2-think,S2→S3,2,3,C->C,1.982630374875952,2.0298026325783245,Correct,Correct,63,1,H₂O,S2,S3,semcse,alignment_zscore
S0-S3,deepseek-v3.2-think,S2→S3,2,3,C->C,2.0791175353745825,1.988327804989123,Correct,Correct,63,2,EtOH/H₂O,S2,S3,semcse,alignment_zscore
S0-S3,deepseek-v3.2-think,S2→S3,2,3,C->C,1.8635227983770084,1.6489916647462992,Correct,Correct,64,1,KCl,S2,S3,semcse,alignment_zscore
S0-S3,deepseek-v3.2-think,S2→S3,2,3,C->C,0.9553681869949568,0.7638068883633543,Correct,Correct,64,2,NaB(OH)₄,S2,S3,semcse,alignment_zscore
S0-S3,deepseek-v3.2-think,S2→S3,2,3,C->W,0.1930184414353172,0.0192782718373373,Correct,Wrong,21,1,EtOH/H₂O,S2,S3,semcse,alignment_zscore
S0-S3,deepseek-v3.2-think,S2→S3,2,3,C->W,3.1503652537240407,2.728085819500772,Correct,Wrong,52,1,KB(OH)₄,S2,S3,semcse,alignment_zscore
S0-S3,deepseek-v3.2-think,S2→S3,2,3,W->C,2.2620704081387,2.81835090989905,Wrong,Correct,13,1,H₂O,S2,S3,semcse,alignment_zscore
S0-S3,deepseek-v3.2-think,S2→S3,2,3,W->C,0.5366319096082267,-0.13547394675726,Wrong,Correct,13,3,acidic pH + benzyl amine,S2,S3,semcse,alignment_zscore
S0-S3,deepseek-v3.2-think,S2→S3,2,3,W->C,3.453248879351019,2.878201435538432,Wrong,Correct,20,1,EtOH/H₂O,S2,S3,semcse,alignment_zscore
S0-S3,deepseek-v3.2-think,S2→S3,2,3,W->C,0.291221978761811,1.2700232184519324,Wrong,Correct,32,1,H₂O,S2,S3,semcse,alignment_zscore
S0-S3,deepseek-v3.2-think,S2→S3,2,3,W->C,-0.5169530111337515,-0.129982147178184,Wrong,Correct,39,1,NaCl,S2,S3,semcse,alignment_zscore
S0-S3,deepseek-v3.2-think,S2→S3,2,3,W->C,2.052588656805844,1.8718022724071168,Wrong,Correct,40,2,NaCl,S2,S3,semcse,alignment_zscore
S0-S3,deepseek-v3.2-think,S2→S3,2,3,W->C,-0.1896787475569097,1.001634715074064,Wrong,Correct,48,1,B(OH)₃ + AgNO₃,S2,S3,semcse,alignment_zscore
S0-S3,deepseek-v3.2-think,S2→S3,2,3,W->C,-0.1522939437651351,1.0137539691694923,Wrong,Correct,56,2,EtOH/H₂O,S2,S3,semcse,alignment_zscore
S0-S3,deepseek-v3.2-think,S2→S3,2,3,W->W,1.6908332476575714,2.1294187585622444,Wrong,Wrong,4,1,LiCl,S2,S3,semcse,alignment_zscore
S0-S3,deepseek-v3.2-think,S2→S3,2,3,W->W,2.079370362987877,2.089301332068964,Wrong,Wrong,4,2,NaCl,S2,S3,semcse,alignment_zscore
S0-S3,deepseek-v3.2-think,S2→S3,2,3,W->W,1.244258463521417,1.4392346360496062,Wrong,Wrong,5,1,LiCl,S2,S3,semcse,alignment_zscore
S0-S3,deepseek-v3.2-think,S2→S3,2,3,W->W,0.2337872371709358,0.3096967104069042,Wrong,Wrong,6,2,NaCl,S2,S3,semcse,alignment_zscore
S0-S3,deepseek-v3.2-think,S2→S3,2,3,W->W,1.5247419601602494,1.710616250519789,Wrong,Wrong,7,1,LiCl,S2,S3,semcse,alignment_zscore
S0-S3,deepseek-v3.2-think,S2→S3,2,3,W->W,1.7720622298398356,1.963495880838104,Wrong,Wrong,7,2,NaCl,S2,S3,semcse,alignment_zscore
S0-S3,deepseek-v3.2-think,S2→S3,2,3,W->W,0.7271072036409184,0.6940346264207227,Wrong,Wrong,7,3,KCl + NaCl,S2,S3,semcse,alignment_zscore
S0-S3,deepseek-v3.2-think,S2→S3,2,3,W->W,0.7801330645200332,0.1075903704538535,Wrong,Wrong,7,6,KCl,S2,S3,semcse,alignment_zscore
S0-S3,deepseek-v3.2-think,S2→S3,2,3,W->W,2.399924081287863,2.1263056464963146,Wrong,Wrong,7,7,KCl,S2,S3,semcse,alignment_zscore
S0-S3,deepseek-v3.2-think,S2→S3,2,3,W->W,1.9795585313435005,1.7967057596720932,Wrong,Wrong,7,10,KB(OH)₄,S2,S3,semcse,alignment_zscore
S0-S3,deepseek-v3.2-think,S2→S3,2,3,W->W,1.6965684851319272,1.9499372700008188,Wrong,Wrong,7,11,LiB(OH)₄,S2,S3,semcse,alignment_zscore
S0-S3,deepseek-v3.2-think,S2→S3,2,3,W->W,0.4686180335612332,0.6875820004640297,Wrong,Wrong,8,3,KCl,S2,S3,semcse,alignment_zscore
S0-S3,deepseek-v3.2-think,S2→S3,2,3,W->W,0.3260296777966616,0.0245407837337621,Wrong,Wrong,8,4,KCl,S2,S3,semcse,alignment_zscore
S0-S3,deepseek-v3.2-think,S2→S3,2,3,W->W,1.7509703754246488,1.8319498401553072,Wrong,Wrong,9,2,KCl,S2,S3,semcse,alignment_zscore
S0-S3,deepseek-v3.2-think,S2→S3,2,3,W->W,0.9427629582650427,1.0091925971781937,Wrong,Wrong,10,1,H₂O,S2,S3,semcse,alignment_zscore
S0-S3,deepseek-v3.2-think,S2→S3,2,3,W->W,1.933575701186179,1.9137158582684437,Wrong,Wrong,10,2,PBS,S2,S3,semcse,alignment_zscore
S0-S3,deepseek-v3.2-think,S2→S3,2,3,W->W,0.5745106401870222,1.0525809151654535,Wrong,Wrong,11,1,H₂O,S2,S3,semcse,alignment_zscore
S0-S3,deepseek-v3.2-think,S2→S3,2,3,W->W,-0.4071069218342012,0.003529214464091,Wrong,Wrong,13,2,acidic pH,S2,S3,semcse,alignment_zscore
S0-S3,deepseek-v3.2-think,S2→S3,2,3,W->W,-2.375624733952121,-2.068667885137438,Wrong,Wrong,15,1,H₂O,S2,S3,semcse,alignment_zscore
S0-S3,deepseek-v3.2-think,S2→S3,2,3,W->W,-1.371693736769657,-0.2790736197825496,Wrong,Wrong,25,1,NaOH,S2,S3,semcse,alignment_zscore
S0-S3,deepseek-v3.2-think,S2→S3,2,3,W->W,-0.2322768803271281,-0.3325896437362616,Wrong,Wrong,28,1,NaOH,S2,S3,semcse,alignment_zscore
S0-S3,deepseek-v3.2-think,S2→S3,2,3,W->W,1.0166659431487404,1.3367548571990844,Wrong,Wrong,35,1,H₂O,S2,S3,semcse,alignment_zscore
S0-S3,deepseek-v3.2-think,S2→S3,2,3,W->W,-0.2247840251791574,-0.0342343232236579,Wrong,Wrong,36,1,NaCl,S2,S3,semcse,alignment_zscore
S0-S3,deepseek-v3.2-think,S2→S3,2,3,W->W,1.6658356105940773,1.7112026012163104,Wrong,Wrong,37,2,KCl,S2,S3,semcse,alignment_zscore
S0-S3,deepseek-v3.2-think,S2→S3,2,3,W->W,-0.868327057341715,-1.1433072929724628,Wrong,Wrong,38,2,KCl,S2,S3,semcse,alignment_zscore
S0-S3,deepseek-v3.2-think,S2→S3,2,3,W->W,1.087781553463377,1.019802437031247,Wrong,Wrong,40,4,Me₄NCl,S2,S3,semcse,alignment_zscore
S0-S3,deepseek-v3.2-think,S2→S3,2,3,W->W,0.8109229151727113,1.3030775824885663,Wrong,Wrong,40,5,Borate buffer,S2,S3,semcse,alignment_zscore
S0-S3,deepseek-v3.2-think,S2→S3,2,3,W->W,0.6558302770005089,0.7154792264518804,Wrong,Wrong,42,1,KCl,S2,S3,semcse,alignment_zscore
S0-S3,deepseek-v3.2-think,S2→S3,2,3,W->W,0.2898755335100366,0.6850612802321036,Wrong,Wrong,43,1,KCl,S2,S3,semcse,alignment_zscore
S0-S3,deepseek-v3.2-think,S2→S3,2,3,W->W,0.9405674706643102,0.7712965153009627,Wrong,Wrong,45,2,Organic solvents,S2,S3,semcse,alignment_zscore
S0-S3,deepseek-v3.2-think,S2→S3,2,3,W->W,0.0605431774868078,0.3454935575338596,Wrong,Wrong,45,3,Organic solvents,S2,S3,semcse,alignment_zscore
S0-S3,deepseek-v3.2-think,S2→S3,2,3,W->W,-1.1368289703525156,-0.9911054588004584,Wrong,Wrong,56,1,H₂O,S2,S3,semcse,alignment_zscore
S0-S3,deepseek-v3.2-think,S2→S3,2,3,W->W,-1.3126856123692177,-0.9162127759782728,Wrong,Wrong,57,2,EtOH/H₂O,S2,S3,semcse,alignment_zscore
S0-S3,gemini-3.1-flash-lite,S0→S1,0,1,C->C,1.1286584288013803,1.2935947174419202,Correct,Correct,1,1,Tb(NO₃)₃ or Dy(NO₃)₃,S0,S1,semcse,alignment_zscore
S0-S3,gemini-3.1-flash-lite,S0→S1,0,1,C->C,1.918689214224655,2.523599460662677,Correct,Correct,1,4,KCl,S0,S1,semcse,alignment_zscore
S0-S3,gemini-3.1-flash-lite,S0→S1,0,1,C->C,1.6762206699632765,1.7935156991267536,Correct,Correct,2,1,Tb(NO₃)₃ or Eu(NO₃)₃,S0,S1,semcse,alignment_zscore
S0-S3,gemini-3.1-flash-lite,S0→S1,0,1,C->C,1.966805765977976,1.7883530031643795,Correct,Correct,4,3,KCl,S0,S1,semcse,alignment_zscore
S0-S3,gemini-3.1-flash-lite,S0→S1,0,1,C->C,2.1839372372282764,2.2555996010337576,Correct,Correct,5,3,NaCl,S0,S1,semcse,alignment_zscore
S0-S3,gemini-3.1-flash-lite,S0→S1,0,1,C->C,1.6206919348637174,1.6291437875640742,Correct,Correct,6,1,LiCl,S0,S1,semcse,alignment_zscore
S0-S3,gemini-3.1-flash-lite,S0→S1,0,1,C->C,2.001992747515638,2.0644631455485025,Correct,Correct,6,3,KCl,S0,S1,semcse,alignment_zscore
S0-S3,gemini-3.1-flash-lite,S0→S1,0,1,C->C,0.4846874896315614,0.6964415642818105,Correct,Correct,7,4,KCl,S0,S1,semcse,alignment_zscore
S0-S3,gemini-3.1-flash-lite,S0→S1,0,1,C->C,1.094332208771578,1.3773003675559483,Correct,Correct,7,5,KCl,S0,S1,semcse,alignment_zscore
S0-S3,gemini-3.1-flash-lite,S0→S1,0,1,C->C,1.482371813855928,1.581493806525686,Correct,Correct,7,8,KCl + TAcG,S0,S1,semcse,alignment_zscore
S0-S3,gemini-3.1-flash-lite,S0→S1,0,1,C->C,2.509206541360322,2.200622575333594,Correct,Correct,7,9,KB(OH)₄,S0,S1,semcse,alignment_zscore
S0-S3,gemini-3.1-flash-lite,S0→S1,0,1,C->C,-0.3431849073742844,-0.0904278530718411,Correct,Correct,13,2,acidic pH,S0,S1,semcse,alignment_zscore
S0-S3,gemini-3.1-flash-lite,S0→S1,0,1,C->C,1.1954665158523723,1.4625776307657723,Correct,Correct,16,1,H₂O,S0,S1,semcse,alignment_zscore
S0-S3,gemini-3.1-flash-lite,S0→S1,0,1,C->C,1.896610624046364,1.9114141657092896,Correct,Correct,18,1,H₂O,S0,S1,semcse,alignment_zscore
S0-S3,gemini-3.1-flash-lite,S0→S1,0,1,C->C,-0.4081501161416843,0.0434660228218826,Correct,Correct,19,1,H₂O,S0,S1,semcse,alignment_zscore
S0-S3,gemini-3.1-flash-lite,S0→S1,0,1,C->C,0.1016406236996816,0.1550461401721719,Correct,Correct,21,1,EtOH/H₂O,S0,S1,semcse,alignment_zscore
S0-S3,gemini-3.1-flash-lite,S0→S1,0,1,C->C,1.6879181131877423,1.952865367507067,Correct,Correct,25,2,Organic solvents,S0,S1,semcse,alignment_zscore
S0-S3,gemini-3.1-flash-lite,S0→S1,0,1,C->C,0.0607011796297579,0.3029110291451481,Correct,Correct,26,1,NaOH,S0,S1,semcse,alignment_zscore
S0-S3,gemini-3.1-flash-lite,S0→S1,0,1,C->C,2.8497366436095617,2.0657579118663625,Correct,Correct,26,4,Organic solvents,S0,S1,semcse,alignment_zscore
S0-S3,gemini-3.1-flash-lite,S0→S1,0,1,C->C,-0.5360747331478607,-0.7932910264552533,Correct,Correct,27,2,KOH,S0,S1,semcse,alignment_zscore
S0-S3,gemini-3.1-flash-lite,S0→S1,0,1,C->C,2.268030460474076,2.204740444623861,Correct,Correct,27,4,Organic solvents,S0,S1,semcse,alignment_zscore
S0-S3,gemini-3.1-flash-lite,S0→S1,0,1,C->C,-0.1291829298190655,-0.3995101666154624,Correct,Correct,28,2,Organic solvents,S0,S1,semcse,alignment_zscore
S0-S3,gemini-3.1-flash-lite,S0→S1,0,1,C->C,-0.1701491074178384,0.1205296045860166,Correct,Correct,29,2,Organic solvents,S0,S1,semcse,alignment_zscore
S0-S3,gemini-3.1-flash-lite,S0→S1,0,1,C->C,-0.4485163278246561,-0.2654276949658776,Correct,Correct,30,1,NaOH,S0,S1,semcse,alignment_zscore
S0-S3,gemini-3.1-flash-lite,S0→S1,0,1,C->C,-0.0186053267884068,-0.2204325741543235,Correct,Correct,30,2,Organic solvents,S0,S1,semcse,alignment_zscore
S0-S3,gemini-3.1-flash-lite,S0→S1,0,1,C->C,1.4586343971514324,1.461190664988279,Correct,Correct,31,1,H₂O,S0,S1,semcse,alignment_zscore
S0-S3,gemini-3.1-flash-lite,S0→S1,0,1,C->C,-0.1798487323646793,0.0621010497744634,Correct,Correct,34,1,H₂O,S0,S1,semcse,alignment_zscore
S0-S3,gemini-3.1-flash-lite,S0→S1,0,1,C->C,-0.1075319251835531,0.2199028507342383,Correct,Correct,36,1,NaCl,S0,S1,semcse,alignment_zscore
S0-S3,gemini-3.1-flash-lite,S0→S1,0,1,C->C,-0.4909223936080661,0.4569137880981795,Correct,Correct,36,3,NaCl + TAcG,S0,S1,semcse,alignment_zscore
S0-S3,gemini-3.1-flash-lite,S0→S1,0,1,C->C,1.3423428217476585,0.6776084589207697,Correct,Correct,37,2,KCl,S0,S1,semcse,alignment_zscore
S0-S3,gemini-3.1-flash-lite,S0→S1,0,1,C->C,1.4477747507447398,2.246425542395121,Correct,Correct,39,2,KCl,S0,S1,semcse,alignment_zscore
S0-S3,gemini-3.1-flash-lite,S0→S1,0,1,C->C,1.0249017082213483,0.903714879723021,Correct,Correct,40,1,KCl,S0,S1,semcse,alignment_zscore
S0-S3,gemini-3.1-flash-lite,S0→S1,0,1,C->C,1.815991236711064,1.7793131104707989,Correct,Correct,40,2,NaCl,S0,S1,semcse,alignment_zscore
S0-S3,gemini-3.1-flash-lite,S0→S1,0,1,C->C,0.8734024674897248,0.6190669889413201,Correct,Correct,40,3,NH₄Cl,S0,S1,semcse,alignment_zscore
S0-S3,gemini-3.1-flash-lite,S0→S1,0,1,C->C,0.9118856799804398,0.6180694939519398,Correct,Correct,40,6,KCl,S0,S1,semcse,alignment_zscore
S0-S3,gemini-3.1-flash-lite,S0→S1,0,1,C->C,1.997995145685448,2.311188357270074,Correct,Correct,45,1,Organic solvents,S0,S1,semcse,alignment_zscore
S0-S3,gemini-3.1-flash-lite,S0→S1,0,1,C->C,0.4872030133383296,0.837033275128378,Correct,Correct,46,1,Organic solvents,S0,S1,semcse,alignment_zscore
S0-S3,gemini-3.1-flash-lite,S0→S1,0,1,C->C,-0.4351667797100871,0.1283960088083081,Correct,Correct,47,1,Organic solvents,S0,S1,semcse,alignment_zscore
S0-S3,gemini-3.1-flash-lite,S0→S1,0,1,C->C,-1.5545326348191486,-1.233803949460993,Correct,Correct,47,2,Organic solvents,S0,S1,semcse,alignment_zscore
S0-S3,gemini-3.1-flash-lite,S0→S1,0,1,C->C,0.9753897540173369,1.0401055543312474,Correct,Correct,49,1,B(OH)₃ + AgNO₃,S0,S1,semcse,alignment_zscore
S0-S3,gemini-3.1-flash-lite,S0→S1,0,1,C->C,3.424429759751966,3.127202743792751,Correct,Correct,52,1,KB(OH)₄,S0,S1,semcse,alignment_zscore
S0-S3,gemini-3.1-flash-lite,S0→S1,0,1,C->C,0.9397902701658342,1.5783102482294402,Correct,Correct,53,2,EtOH/H₂O,S0,S1,semcse,alignment_zscore
S0-S3,gemini-3.1-flash-lite,S0→S1,0,1,C->C,0.7604261242267432,1.2590788914511817,Correct,Correct,54,2,EtOH/H₂O,S0,S1,semcse,alignment_zscore
S0-S3,gemini-3.1-flash-lite,S0→S1,0,1,C->C,0.8676566259095696,1.2624359051059983,Correct,Correct,55,2,EtOH/H₂O,S0,S1,semcse,alignment_zscore
S0-S3,gemini-3.1-flash-lite,S0→S1,0,1,C->C,1.4155091859139142,0.9528957139101492,Correct,Correct,58,2,EtOH/H₂O,S0,S1,semcse,alignment_zscore
S0-S3,gemini-3.1-flash-lite,S0→S1,0,1,C->C,0.8279536877495335,1.191501234241876,Correct,Correct,59,2,EtOH/H₂O,S0,S1,semcse,alignment_zscore
S0-S3,gemini-3.1-flash-lite,S0→S1,0,1,C->C,1.824140145879246,2.1590065549045363,Correct,Correct,60,2,EtOH/H₂O,S0,S1,semcse,alignment_zscore
S0-S3,gemini-3.1-flash-lite,S0→S1,0,1,C->C,1.1185828700284106,1.2575016666184184,Correct,Correct,61,2,EtOH/H₂O,S0,S1,semcse,alignment_zscore
S0-S3,gemini-3.1-flash-lite,S0→S1,0,1,C->C,1.7770133096314384,1.704882156130063,Correct,Correct,64,1,KCl,S0,S1,semcse,alignment_zscore
S0-S3,gemini-3.1-flash-lite,S0→S1,0,1,C->C,1.3772864619127445,1.0965544506735907,Correct,Correct,64,2,NaB(OH)₄,S0,S1,semcse,alignment_zscore
S0-S3,gemini-3.1-flash-lite,S0→S1,0,1,C->W,1.6467109371600994,0.7024875898684313,Correct,Wrong,3,1,Tb(NO₃)₃ or Eu(NO₃)₃,S0,S1,semcse,alignment_zscore
S0-S3,gemini-3.1-flash-lite,S0→S1,0,1,C->W,2.324219772934867,1.8632215750577723,Correct,Wrong,4,1,LiCl,S0,S1,semcse,alignment_zscore
S0-S3,gemini-3.1-flash-lite,S0→S1,0,1,C->W,2.3409608187199065,2.1320235432841304,Correct,Wrong,4,2,NaCl,S0,S1,semcse,alignment_zscore
S0-S3,gemini-3.1-flash-lite,S0→S1,0,1,C->W,0.1213478239721585,0.5607452802753411,Correct,Wrong,6,2,NaCl,S0,S1,semcse,alignment_zscore
S0-S3,gemini-3.1-flash-lite,S0→S1,0,1,C->W,1.3198391788494463,0.5682626191778449,Correct,Wrong,8,3,KCl,S0,S1,semcse,alignment_zscore
S0-S3,gemini-3.1-flash-lite,S0→S1,0,1,C->W,0.1478388395623619,-0.3417161531185091,Correct,Wrong,8,4,KCl,S0,S1,semcse,alignment_zscore
S0-S3,gemini-3.1-flash-lite,S0→S1,0,1,C->W,1.760413729040608,1.0494126055819852,Correct,Wrong,10,1,H₂O,S0,S1,semcse,alignment_zscore
S0-S3,gemini-3.1-flash-lite,S0→S1,0,1,C->W,2.556284673550099,1.538953130623835,Correct,Wrong,10,2,PBS,S0,S1,semcse,alignment_zscore
S0-S3,gemini-3.1-flash-lite,S0→S1,0,1,C->W,2.5695170715996865,2.616889536217329,Correct,Wrong,13,1,H₂O,S0,S1,semcse,alignment_zscore
S0-S3,gemini-3.1-flash-lite,S0→S1,0,1,C->W,3.4394471153695467,3.8046815242445056,Correct,Wrong,20,1,EtOH/H₂O,S0,S1,semcse,alignment_zscore
S0-S3,gemini-3.1-flash-lite,S0→S1,0,1,C->W,-1.3692234806478316,-1.0792346412929217,Correct,Wrong,27,1,NaOH,S0,S1,semcse,alignment_zscore
S0-S3,gemini-3.1-flash-lite,S0→S1,0,1,C->W,1.512010085820884,1.895015970502054,Correct,Wrong,29,1,NaOH,S0,S1,semcse,alignment_zscore
S0-S3,gemini-3.1-flash-lite,S0→S1,0,1,C->W,0.3895489322757881,0.7987562824515546,Correct,Wrong,40,4,Me₄NCl,S0,S1,semcse,alignment_zscore
S0-S3,gemini-3.1-flash-lite,S0→S1,0,1,C->W,1.0434024341503585,0.9771774859200888,Correct,Wrong,41,1,KCl,S0,S1,semcse,alignment_zscore
S0-S3,gemini-3.1-flash-lite,S0→S1,0,1,C->W,-0.0864715193984993,-0.2584782208681773,Correct,Wrong,46,2,Organic solvents,S0,S1,semcse,alignment_zscore
S0-S3,gemini-3.1-flash-lite,S0→S1,0,1,C->W,0.5364286039069296,0.1826259025403974,Correct,Wrong,48,1,B(OH)₃ + AgNO₃,S0,S1,semcse,alignment_zscore
S0-S3,gemini-3.1-flash-lite,S0→S1,0,1,C->W,0.1092112490058824,0.2624461509150781,Correct,Wrong,50,1,B(OH)₃ + AgNO₃,S0,S1,semcse,alignment_zscore
S0-S3,gemini-3.1-flash-lite,S0→S1,0,1,C->W,-0.6813803365271303,-0.9380857771556655,Correct,Wrong,56,1,H₂O,S0,S1,semcse,alignment_zscore
S0-S3,gemini-3.1-flash-lite,S0→S1,0,1,C->W,0.1361270612759741,-0.6591192720815053,Correct,Wrong,56,2,EtOH/H₂O,S0,S1,semcse,alignment_zscore
S0-S3,gemini-3.1-flash-lite,S0→S1,0,1,W->C,2.063203855247743,2.376004061840512,Wrong,Correct,1,2,LiCl,S0,S1,semcse,alignment_zscore
S0-S3,gemini-3.1-flash-lite,S0→S1,0,1,W->C,1.664932677115516,1.553625764005614,Wrong,Correct,1,3,NaCl,S0,S1,semcse,alignment_zscore
S0-S3,gemini-3.1-flash-lite,S0→S1,0,1,W->C,2.1794518236233245,1.6120159160797969,Wrong,Correct,3,2,B(OH)₃ + AgNO₃,S0,S1,semcse,alignment_zscore
S0-S3,gemini-3.1-flash-lite,S0→S1,0,1,W->C,1.116665973155913,1.484681090607607,Wrong,Correct,5,2,KCl,S0,S1,semcse,alignment_zscore
S0-S3,gemini-3.1-flash-lite,S0→S1,0,1,W->C,1.8198100702199205,1.9749755107404496,Wrong,Correct,8,1,LiCl,S0,S1,semcse,alignment_zscore
S0-S3,gemini-3.1-flash-lite,S0→S1,0,1,W->C,2.058897951725029,2.370657000829973,Wrong,Correct,8,2,NaCl,S0,S1,semcse,alignment_zscore
S0-S3,gemini-3.1-flash-lite,S0→S1,0,1,W->C,1.5411375406697552,2.042437992167847,Wrong,Correct,9,1,LiCl,S0,S1,semcse,alignment_zscore
S0-S3,gemini-3.1-flash-lite,S0→S1,0,1,W->C,2.0251897376681627,2.396384316208004,Wrong,Correct,9,3,NaCl,S0,S1,semcse,alignment_zscore
S0-S3,gemini-3.1-flash-lite,S0→S1,0,1,W->C,-0.3477054677374642,0.4875882374976216,Wrong,Correct,14,1,H₂O,S0,S1,semcse,alignment_zscore
S0-S3,gemini-3.1-flash-lite,S0→S1,0,1,W->C,-1.306575456449373,-0.742884172282172,Wrong,Correct,17,1,H₂O,S0,S1,semcse,alignment_zscore
S0-S3,gemini-3.1-flash-lite,S0→S1,0,1,W->C,1.5006870077243393,1.4267356883338145,Wrong,Correct,22,1,EtOH/H₂O,S0,S1,semcse,alignment_zscore
S0-S3,gemini-3.1-flash-lite,S0→S1,0,1,W->C,2.949520451943102,2.947846713701347,Wrong,Correct,23,1,EtOH/H₂O,S0,S1,semcse,alignment_zscore
S0-S3,gemini-3.1-flash-lite,S0→S1,0,1,W->C,0.9739534279851292,0.3174493737621055,Wrong,Correct,24,1,EtOH/H₂O,S0,S1,semcse,alignment_zscore
S0-S3,gemini-3.1-flash-lite,S0→S1,0,1,W->C,-0.7458209082596103,-1.268163337254796,Wrong,Correct,25,1,NaOH,S0,S1,semcse,alignment_zscore
S0-S3,gemini-3.1-flash-lite,S0→S1,0,1,W->C,-0.2422935836437484,-0.4211065489912453,Wrong,Correct,26,2,KOH,S0,S1,semcse,alignment_zscore
S0-S3,gemini-3.1-flash-lite,S0→S1,0,1,W->C,-0.0796630519985421,-0.2235032163277601,Wrong,Correct,26,3,LiOH,S0,S1,semcse,alignment_zscore
S0-S3,gemini-3.1-flash-lite,S0→S1,0,1,W->C,-0.2302682636498181,-0.4773212468577313,Wrong,Correct,27,3,LiOH,S0,S1,semcse,alignment_zscore
S0-S3,gemini-3.1-flash-lite,S0→S1,0,1,W->C,0.2332140946125323,0.519283291636816,Wrong,Correct,32,1,H₂O,S0,S1,semcse,alignment_zscore
S0-S3,gemini-3.1-flash-lite,S0→S1,0,1,W->C,1.5424992701599656,1.614004203000979,Wrong,Correct,33,1,H₂O,S0,S1,semcse,alignment_zscore
S0-S3,gemini-3.1-flash-lite,S0→S1,0,1,W->C,-1.3489867052846145,-1.3057263340650138,Wrong,Correct,48,2,B(OH)₃ + other ions,S0,S1,semcse,alignment_zscore
S0-S3,gemini-3.1-flash-lite,S0→S1,0,1,W->C,0.0746001195325835,1.2219289240734217,Wrong,Correct,51,1,KB(OH)₄,S0,S1,semcse,alignment_zscore
S0-S3,gemini-3.1-flash-lite,S0→S1,0,1,W->C,1.190342043484447,1.4897733321766162,Wrong,Correct,53,1,H₂O,S0,S1,semcse,alignment_zscore
S0-S3,gemini-3.1-flash-lite,S0→S1,0,1,W->C,0.01208075993117,0.6256720964517027,Wrong,Correct,54,1,H₂O,S0,S1,semcse,alignment_zscore
S0-S3,gemini-3.1-flash-lite,S0→S1,0,1,W->C,-1.1681374063533814,-0.3343009918127123,Wrong,Correct,57,1,H₂O,S0,S1,semcse,alignment_zscore
S0-S3,gemini-3.1-flash-lite,S0→S1,0,1,W->C,-0.2964693459641828,0.1621673836127591,Wrong,Correct,58,1,H₂O,S0,S1,semcse,alignment_zscore
S0-S3,gemini-3.1-flash-lite,S0→S1,0,1,W->C,-0.3755499413500334,-0.1199877928710462,Wrong,Correct,59,1,H₂O,S0,S1,semcse,alignment_zscore
S0-S3,gemini-3.1-flash-lite,S0→S1,0,1,W->C,-0.7641250368771357,-0.5988000271133795,Wrong,Correct,60,1,H₂O,S0,S1,semcse,alignment_zscore
S0-S3,gemini-3.1-flash-lite,S0→S1,0,1,W->C,-1.348094881652636,-0.3528541601608569,Wrong,Correct,61,1,H₂O,S0,S1,semcse,alignment_zscore
S0-S3,gemini-3.1-flash-lite,S0→S1,0,1,W->C,1.4637774416018337,1.512587427227731,Wrong,Correct,62,1,H₂O,S0,S1,semcse,alignment_zscore
S0-S3,gemini-3.1-flash-lite,S0→S1,0,1,W->C,1.6973139980913343,2.3352236052539945,Wrong,Correct,62,2,EtOH/H₂O,S0,S1,semcse,alignment_zscore
S0-S3,gemini-3.1-flash-lite,S0→S1,0,1,W->C,1.795602104555824,1.6636637176902445,Wrong,Correct,63,1,H₂O,S0,S1,semcse,alignment_zscore
S0-S3,gemini-3.1-flash-lite,S0→S1,0,1,W->C,1.8717060016900064,2.0471000649533577,Wrong,Correct,63,2,EtOH/H₂O,S0,S1,semcse,alignment_zscore
S0-S3,gemini-3.1-flash-lite,S0→S1,0,1,W->W,0.6842772100772517,0.9966195307327536,Wrong,Wrong,1,5,KB(OH)₄,S0,S1,semcse,alignment_zscore
S0-S3,gemini-3.1-flash-lite,S0→S1,0,1,W->W,1.5298283657319662,1.3932985999751497,Wrong,Wrong,5,1,LiCl,S0,S1,semcse,alignment_zscore
S0-S3,gemini-3.1-flash-lite,S0→S1,0,1,W->W,1.7279728191571109,1.6816527360967557,Wrong,Wrong,7,1,LiCl,S0,S1,semcse,alignment_zscore
S0-S3,gemini-3.1-flash-lite,S0→S1,0,1,W->W,2.311754536426965,2.0911233470585766,Wrong,Wrong,7,2,NaCl,S0,S1,semcse,alignment_zscore
S0-S3,gemini-3.1-flash-lite,S0→S1,0,1,W->W,0.3054830929709304,0.3924792999563717,Wrong,Wrong,7,3,KCl + NaCl,S0,S1,semcse,alignment_zscore
S0-S3,gemini-3.1-flash-lite,S0→S1,0,1,W->W,0.6954789412935896,0.1071087288314667,Wrong,Wrong,7,6,KCl,S0,S1,semcse,alignment_zscore
S0-S3,gemini-3.1-flash-lite,S0→S1,0,1,W->W,1.6113391927197198,2.2651945303844454,Wrong,Wrong,7,7,KCl,S0,S1,semcse,alignment_zscore
S0-S3,gemini-3.1-flash-lite,S0→S1,0,1,W->W,1.097455510337399,0.5540059967228249,Wrong,Wrong,7,10,KB(OH)₄,S0,S1,semcse,alignment_zscore
S0-S3,gemini-3.1-flash-lite,S0→S1,0,1,W->W,1.5182607143771314,1.4202805384293014,Wrong,Wrong,7,11,LiB(OH)₄,S0,S1,semcse,alignment_zscore
S0-S3,gemini-3.1-flash-lite,S0→S1,0,1,W->W,1.723605301015941,1.6901155247569404,Wrong,Wrong,9,2,KCl,S0,S1,semcse,alignment_zscore
S0-S3,gemini-3.1-flash-lite,S0→S1,0,1,W->W,0.8719355144191079,1.4157645654625706,Wrong,Wrong,11,1,H₂O,S0,S1,semcse,alignment_zscore
S0-S3,gemini-3.1-flash-lite,S0→S1,0,1,W->W,0.4785201465057783,0.2929597737853034,Wrong,Wrong,12,1,H₂O,S0,S1,semcse,alignment_zscore
S0-S3,gemini-3.1-flash-lite,S0→S1,0,1,W->W,0.5506280878356925,0.4986267509656062,Wrong,Wrong,13,3,acidic pH + benzyl amine,S0,S1,semcse,alignment_zscore
S0-S3,gemini-3.1-flash-lite,S0→S1,0,1,W->W,-2.4571808533134485,-1.7666818992289928,Wrong,Wrong,15,1,H₂O,S0,S1,semcse,alignment_zscore
S0-S3,gemini-3.1-flash-lite,S0→S1,0,1,W->W,0.1894938308744506,-0.3483395762601853,Wrong,Wrong,28,1,NaOH,S0,S1,semcse,alignment_zscore
S0-S3,gemini-3.1-flash-lite,S0→S1,0,1,W->W,1.5239068134640177,1.3900413158302802,Wrong,Wrong,35,1,H₂O,S0,S1,semcse,alignment_zscore
S0-S3,gemini-3.1-flash-lite,S0→S1,0,1,W->W,1.2449314015950568,1.4366042932264302,Wrong,Wrong,36,2,KCl,S0,S1,semcse,alignment_zscore
S0-S3,gemini-3.1-flash-lite,S0→S1,0,1,W->W,-0.1995419591363968,-0.5339955552479203,Wrong,Wrong,37,1,KCl + NaCl,S0,S1,semcse,alignment_zscore
S0-S3,gemini-3.1-flash-lite,S0→S1,0,1,W->W,-1.2341659758098742,-1.4088355917463051,Wrong,Wrong,38,1,KCl + NaCl,S0,S1,semcse,alignment_zscore
S0-S3,gemini-3.1-flash-lite,S0→S1,0,1,W->W,-1.2284875149686858,-1.2532087204416047,Wrong,Wrong,38,2,KCl,S0,S1,semcse,alignment_zscore
S0-S3,gemini-3.1-flash-lite,S0→S1,0,1,W->W,0.0194496733023126,-0.3063116151243508,Wrong,Wrong,39,1,NaCl,S0,S1,semcse,alignment_zscore
S0-S3,gemini-3.1-flash-lite,S0→S1,0,1,W->W,1.3956496915491812,1.1981517979113878,Wrong,Wrong,40,5,Borate buffer,S0,S1,semcse,alignment_zscore
S0-S3,gemini-3.1-flash-lite,S0→S1,0,1,W->W,0.4735596135094264,0.4371501886932074,Wrong,Wrong,42,1,KCl,S0,S1,semcse,alignment_zscore
S0-S3,gemini-3.1-flash-lite,S0→S1,0,1,W->W,0.0030302085962567,-0.0314444785596325,Wrong,Wrong,43,1,KCl,S0,S1,semcse,alignment_zscore
S0-S3,gemini-3.1-flash-lite,S0→S1,0,1,W->W,1.3794697820302526,1.4708093143367271,Wrong,Wrong,44,1,KCl,S0,S1,semcse,alignment_zscore
S0-S3,gemini-3.1-flash-lite,S0→S1,0,1,W->W,0.3734977008753778,0.6958447726500939,Wrong,Wrong,45,2,Organic solvents,S0,S1,semcse,alignment_zscore
S0-S3,gemini-3.1-flash-lite,S0→S1,0,1,W->W,0.024628619826257,0.3896372804046643,Wrong,Wrong,45,3,Organic solvents,S0,S1,semcse,alignment_zscore
S0-S3,gemini-3.1-flash-lite,S0→S1,0,1,W->W,-0.5932801440269474,-0.0064686427984193,Wrong,Wrong,55,1,H₂O,S0,S1,semcse,alignment_zscore
S0-S3,gemini-3.1-flash-lite,S0→S1,0,1,W->W,-1.723922535768258,-1.5743000382651062,Wrong,Wrong,57,2,EtOH/H₂O,S0,S1,semcse,alignment_zscore
S0-S3,gemini-3.1-flash-lite,S1→S2,1,2,C->C,1.2935947174419202,1.2615297109023509,Correct,Correct,1,1,Tb(NO₃)₃ or Dy(NO₃)₃,S1,S2,semcse,alignment_zscore
S0-S3,gemini-3.1-flash-lite,S1→S2,1,2,C->C,2.376004061840512,2.0363005505874088,Correct,Correct,1,2,LiCl,S1,S2,semcse,alignment_zscore
S0-S3,gemini-3.1-flash-lite,S1→S2,1,2,C->C,1.553625764005614,1.7277956660309712,Correct,Correct,1,3,NaCl,S1,S2,semcse,alignment_zscore
S0-S3,gemini-3.1-flash-lite,S1→S2,1,2,C->C,2.523599460662677,2.3339257464364564,Correct,Correct,1,4,KCl,S1,S2,semcse,alignment_zscore
S0-S3,gemini-3.1-flash-lite,S1→S2,1,2,C->C,1.7935156991267536,2.040983429337477,Correct,Correct,2,1,Tb(NO₃)₃ or Eu(NO₃)₃,S1,S2,semcse,alignment_zscore
S0-S3,gemini-3.1-flash-lite,S1→S2,1,2,C->C,1.6120159160797969,2.2527757986260597,Correct,Correct,3,2,B(OH)₃ + AgNO₃,S1,S2,semcse,alignment_zscore
S0-S3,gemini-3.1-flash-lite,S1→S2,1,2,C->C,1.7883530031643795,1.857542794347648,Correct,Correct,4,3,KCl,S1,S2,semcse,alignment_zscore
S0-S3,gemini-3.1-flash-lite,S1→S2,1,2,C->C,1.484681090607607,1.3243894573076078,Correct,Correct,5,2,KCl,S1,S2,semcse,alignment_zscore
S0-S3,gemini-3.1-flash-lite,S1→S2,1,2,C->C,2.2555996010337576,2.236102603057476,Correct,Correct,5,3,NaCl,S1,S2,semcse,alignment_zscore
S0-S3,gemini-3.1-flash-lite,S1→S2,1,2,C->C,1.6291437875640742,1.6055792134823526,Correct,Correct,6,1,LiCl,S1,S2,semcse,alignment_zscore
S0-S3,gemini-3.1-flash-lite,S1→S2,1,2,C->C,2.0644631455485025,2.129957553885248,Correct,Correct,6,3,KCl,S1,S2,semcse,alignment_zscore
S0-S3,gemini-3.1-flash-lite,S1→S2,1,2,C->C,0.6964415642818105,0.684165664696624,Correct,Correct,7,4,KCl,S1,S2,semcse,alignment_zscore
S0-S3,gemini-3.1-flash-lite,S1→S2,1,2,C->C,1.3773003675559483,1.4221846938039793,Correct,Correct,7,5,KCl,S1,S2,semcse,alignment_zscore
S0-S3,gemini-3.1-flash-lite,S1→S2,1,2,C->C,1.581493806525686,1.3164934547442877,Correct,Correct,7,8,KCl + TAcG,S1,S2,semcse,alignment_zscore
S0-S3,gemini-3.1-flash-lite,S1→S2,1,2,C->C,2.200622575333594,2.2553002785623315,Correct,Correct,7,9,KB(OH)₄,S1,S2,semcse,alignment_zscore
S0-S3,gemini-3.1-flash-lite,S1→S2,1,2,C->C,1.9749755107404496,1.7847039651215106,Correct,Correct,8,1,LiCl,S1,S2,semcse,alignment_zscore
S0-S3,gemini-3.1-flash-lite,S1→S2,1,2,C->C,2.370657000829973,2.3118759569516136,Correct,Correct,8,2,NaCl,S1,S2,semcse,alignment_zscore
S0-S3,gemini-3.1-flash-lite,S1→S2,1,2,C->C,2.042437992167847,1.8654329149286173,Correct,Correct,9,1,LiCl,S1,S2,semcse,alignment_zscore
S0-S3,gemini-3.1-flash-lite,S1→S2,1,2,C->C,2.396384316208004,1.9754402685513928,Correct,Correct,9,3,NaCl,S1,S2,semcse,alignment_zscore
S0-S3,gemini-3.1-flash-lite,S1→S2,1,2,C->C,-0.0904278530718411,-0.2810796977745531,Correct,Correct,13,2,acidic pH,S1,S2,semcse,alignment_zscore
S0-S3,gemini-3.1-flash-lite,S1→S2,1,2,C->C,0.4875882374976216,0.5710109144061073,Correct,Correct,14,1,H₂O,S1,S2,semcse,alignment_zscore
S0-S3,gemini-3.1-flash-lite,S1→S2,1,2,C->C,1.4625776307657723,1.399341534266911,Correct,Correct,16,1,H₂O,S1,S2,semcse,alignment_zscore
S0-S3,gemini-3.1-flash-lite,S1→S2,1,2,C->C,-0.742884172282172,-0.7547407719798225,Correct,Correct,17,1,H₂O,S1,S2,semcse,alignment_zscore
S0-S3,gemini-3.1-flash-lite,S1→S2,1,2,C->C,1.9114141657092896,1.8142676736196544,Correct,Correct,18,1,H₂O,S1,S2,semcse,alignment_zscore
S0-S3,gemini-3.1-flash-lite,S1→S2,1,2,C->C,0.0434660228218826,0.113307827776689,Correct,Correct,19,1,H₂O,S1,S2,semcse,alignment_zscore
S0-S3,gemini-3.1-flash-lite,S1→S2,1,2,C->C,0.1550461401721719,0.0671448807874131,Correct,Correct,21,1,EtOH/H₂O,S1,S2,semcse,alignment_zscore
S0-S3,gemini-3.1-flash-lite,S1→S2,1,2,C->C,1.4267356883338145,1.8040173659806016,Correct,Correct,22,1,EtOH/H₂O,S1,S2,semcse,alignment_zscore
S0-S3,gemini-3.1-flash-lite,S1→S2,1,2,C->C,2.947846713701347,2.0865402832100783,Correct,Correct,23,1,EtOH/H₂O,S1,S2,semcse,alignment_zscore
S0-S3,gemini-3.1-flash-lite,S1→S2,1,2,C->C,0.3174493737621055,0.711332686840628,Correct,Correct,24,1,EtOH/H₂O,S1,S2,semcse,alignment_zscore
S0-S3,gemini-3.1-flash-lite,S1→S2,1,2,C->C,-1.268163337254796,-0.8800031812772419,Correct,Correct,25,1,NaOH,S1,S2,semcse,alignment_zscore
S0-S3,gemini-3.1-flash-lite,S1→S2,1,2,C->C,1.952865367507067,1.7456068282845991,Correct,Correct,25,2,Organic solvents,S1,S2,semcse,alignment_zscore
S0-S3,gemini-3.1-flash-lite,S1→S2,1,2,C->C,-0.4211065489912453,-0.6454934085335718,Correct,Correct,26,2,KOH,S1,S2,semcse,alignment_zscore
S0-S3,gemini-3.1-flash-lite,S1→S2,1,2,C->C,-0.2235032163277601,0.0066410200387758,Correct,Correct,26,3,LiOH,S1,S2,semcse,alignment_zscore
S0-S3,gemini-3.1-flash-lite,S1→S2,1,2,C->C,2.0657579118663625,1.899889380402422,Correct,Correct,26,4,Organic solvents,S1,S2,semcse,alignment_zscore
S0-S3,gemini-3.1-flash-lite,S1→S2,1,2,C->C,-0.7932910264552533,-0.6143203218057427,Correct,Correct,27,2,KOH,S1,S2,semcse,alignment_zscore
S0-S3,gemini-3.1-flash-lite,S1→S2,1,2,C->C,-0.4773212468577313,-0.1929161664324121,Correct,Correct,27,3,LiOH,S1,S2,semcse,alignment_zscore
S0-S3,gemini-3.1-flash-lite,S1→S2,1,2,C->C,2.204740444623861,2.188571966216654,Correct,Correct,27,4,Organic solvents,S1,S2,semcse,alignment_zscore
S0-S3,gemini-3.1-flash-lite,S1→S2,1,2,C->C,-0.3995101666154624,-0.3004833821373721,Correct,Correct,28,2,Organic solvents,S1,S2,semcse,alignment_zscore
S0-S3,gemini-3.1-flash-lite,S1→S2,1,2,C->C,0.1205296045860166,-0.0764104964482838,Correct,Correct,29,2,Organic solvents,S1,S2,semcse,alignment_zscore
S0-S3,gemini-3.1-flash-lite,S1→S2,1,2,C->C,-0.2654276949658776,-0.6013929780135746,Correct,Correct,30,1,NaOH,S1,S2,semcse,alignment_zscore
S0-S3,gemini-3.1-flash-lite,S1→S2,1,2,C->C,-0.2204325741543235,0.1139272611280066,Correct,Correct,30,2,Organic solvents,S1,S2,semcse,alignment_zscore
S0-S3,gemini-3.1-flash-lite,S1→S2,1,2,C->C,0.519283291636816,0.5066938211486712,Correct,Correct,32,1,H₂O,S1,S2,semcse,alignment_zscore
S0-S3,gemini-3.1-flash-lite,S1→S2,1,2,C->C,1.614004203000979,1.5152306854024704,Correct,Correct,33,1,H₂O,S1,S2,semcse,alignment_zscore
S0-S3,gemini-3.1-flash-lite,S1→S2,1,2,C->C,0.0621010497744634,0.3439483690865544,Correct,Correct,34,1,H₂O,S1,S2,semcse,alignment_zscore
S0-S3,gemini-3.1-flash-lite,S1→S2,1,2,C->C,0.2199028507342383,0.0911631481673143,Correct,Correct,36,1,NaCl,S1,S2,semcse,alignment_zscore
S0-S3,gemini-3.1-flash-lite,S1→S2,1,2,C->C,0.4569137880981795,0.1226561146290322,Correct,Correct,36,3,NaCl + TAcG,S1,S2,semcse,alignment_zscore
S0-S3,gemini-3.1-flash-lite,S1→S2,1,2,C->C,0.6776084589207697,0.6394449268193028,Correct,Correct,37,2,KCl,S1,S2,semcse,alignment_zscore
S0-S3,gemini-3.1-flash-lite,S1→S2,1,2,C->C,2.246425542395121,2.397822032131093,Correct,Correct,39,2,KCl,S1,S2,semcse,alignment_zscore
S0-S3,gemini-3.1-flash-lite,S1→S2,1,2,C->C,0.903714879723021,0.7121563540532792,Correct,Correct,40,1,KCl,S1,S2,semcse,alignment_zscore
S0-S3,gemini-3.1-flash-lite,S1→S2,1,2,C->C,1.7793131104707989,1.499033356834404,Correct,Correct,40,2,NaCl,S1,S2,semcse,alignment_zscore
S0-S3,gemini-3.1-flash-lite,S1→S2,1,2,C->C,0.6190669889413201,0.6093484000221235,Correct,Correct,40,3,NH₄Cl,S1,S2,semcse,alignment_zscore
S0-S3,gemini-3.1-flash-lite,S1→S2,1,2,C->C,0.6180694939519398,0.6575211753251232,Correct,Correct,40,6,KCl,S1,S2,semcse,alignment_zscore
S0-S3,gemini-3.1-flash-lite,S1→S2,1,2,C->C,2.311188357270074,2.2727727905568824,Correct,Correct,45,1,Organic solvents,S1,S2,semcse,alignment_zscore
S0-S3,gemini-3.1-flash-lite,S1→S2,1,2,C->C,0.837033275128378,1.1082534578125292,Correct,Correct,46,1,Organic solvents,S1,S2,semcse,alignment_zscore
S0-S3,gemini-3.1-flash-lite,S1→S2,1,2,C->C,0.1283960088083081,0.01649996549497,Correct,Correct,47,1,Organic solvents,S1,S2,semcse,alignment_zscore
S0-S3,gemini-3.1-flash-lite,S1→S2,1,2,C->C,-1.233803949460993,-1.3953451711437062,Correct,Correct,47,2,Organic solvents,S1,S2,semcse,alignment_zscore
S0-S3,gemini-3.1-flash-lite,S1→S2,1,2,C->C,1.0401055543312474,1.4413774407292548,Correct,Correct,49,1,B(OH)₃ + AgNO₃,S1,S2,semcse,alignment_zscore
S0-S3,gemini-3.1-flash-lite,S1→S2,1,2,C->C,1.2219289240734217,1.2566030431689807,Correct,Correct,51,1,KB(OH)₄,S1,S2,semcse,alignment_zscore
S0-S3,gemini-3.1-flash-lite,S1→S2,1,2,C->C,3.127202743792751,3.278636291293264,Correct,Correct,52,1,KB(OH)₄,S1,S2,semcse,alignment_zscore
S0-S3,gemini-3.1-flash-lite,S1→S2,1,2,C->C,1.4897733321766162,1.5502652290516394,Correct,Correct,53,1,H₂O,S1,S2,semcse,alignment_zscore
S0-S3,gemini-3.1-flash-lite,S1→S2,1,2,C->C,1.5783102482294402,1.5760684817845134,Correct,Correct,53,2,EtOH/H₂O,S1,S2,semcse,alignment_zscore
S0-S3,gemini-3.1-flash-lite,S1→S2,1,2,C->C,0.6256720964517027,0.3600357513761603,Correct,Correct,54,1,H₂O,S1,S2,semcse,alignment_zscore
S0-S3,gemini-3.1-flash-lite,S1→S2,1,2,C->C,1.2590788914511817,1.1076097595415526,Correct,Correct,54,2,EtOH/H₂O,S1,S2,semcse,alignment_zscore
S0-S3,gemini-3.1-flash-lite,S1→S2,1,2,C->C,1.2624359051059983,1.4125429957633562,Correct,Correct,55,2,EtOH/H₂O,S1,S2,semcse,alignment_zscore
S0-S3,gemini-3.1-flash-lite,S1→S2,1,2,C->C,-0.3343009918127123,-0.5914907480554586,Correct,Correct,57,1,H₂O,S1,S2,semcse,alignment_zscore
S0-S3,gemini-3.1-flash-lite,S1→S2,1,2,C->C,0.1621673836127591,0.1446899405332506,Correct,Correct,58,1,H₂O,S1,S2,semcse,alignment_zscore
S0-S3,gemini-3.1-flash-lite,S1→S2,1,2,C->C,0.9528957139101492,1.1093018731672295,Correct,Correct,58,2,EtOH/H₂O,S1,S2,semcse,alignment_zscore
S0-S3,gemini-3.1-flash-lite,S1→S2,1,2,C->C,-0.1199877928710462,0.1052537368462982,Correct,Correct,59,1,H₂O,S1,S2,semcse,alignment_zscore
S0-S3,gemini-3.1-flash-lite,S1→S2,1,2,C->C,1.191501234241876,1.213298300934245,Correct,Correct,59,2,EtOH/H₂O,S1,S2,semcse,alignment_zscore
S0-S3,gemini-3.1-flash-lite,S1→S2,1,2,C->C,-0.5988000271133795,-0.2188749360250265,Correct,Correct,60,1,H₂O,S1,S2,semcse,alignment_zscore
S0-S3,gemini-3.1-flash-lite,S1→S2,1,2,C->C,2.1590065549045363,2.4370524654200056,Correct,Correct,60,2,EtOH/H₂O,S1,S2,semcse,alignment_zscore
S0-S3,gemini-3.1-flash-lite,S1→S2,1,2,C->C,-0.3528541601608569,-0.3309274709344187,Correct,Correct,61,1,H₂O,S1,S2,semcse,alignment_zscore
S0-S3,gemini-3.1-flash-lite,S1→S2,1,2,C->C,1.2575016666184184,1.204026733219267,Correct,Correct,61,2,EtOH/H₂O,S1,S2,semcse,alignment_zscore
S0-S3,gemini-3.1-flash-lite,S1→S2,1,2,C->C,1.512587427227731,1.7793324843664489,Correct,Correct,62,1,H₂O,S1,S2,semcse,alignment_zscore
S0-S3,gemini-3.1-flash-lite,S1→S2,1,2,C->C,2.3352236052539945,1.978208534088597,Correct,Correct,62,2,EtOH/H₂O,S1,S2,semcse,alignment_zscore
S0-S3,gemini-3.1-flash-lite,S1→S2,1,2,C->C,1.6636637176902445,1.709310392560211,Correct,Correct,63,1,H₂O,S1,S2,semcse,alignment_zscore
S0-S3,gemini-3.1-flash-lite,S1→S2,1,2,C->C,2.0471000649533577,2.2959933159981216,Correct,Correct,63,2,EtOH/H₂O,S1,S2,semcse,alignment_zscore
S0-S3,gemini-3.1-flash-lite,S1→S2,1,2,C->C,1.704882156130063,1.662450592299723,Correct,Correct,64,1,KCl,S1,S2,semcse,alignment_zscore
S0-S3,gemini-3.1-flash-lite,S1→S2,1,2,C->C,1.0965544506735907,0.8748444765199189,Correct,Correct,64,2,NaB(OH)₄,S1,S2,semcse,alignment_zscore
S0-S3,gemini-3.1-flash-lite,S1→S2,1,2,C->W,0.3029110291451481,0.5160811776632311,Correct,Wrong,26,1,NaOH,S1,S2,semcse,alignment_zscore
S0-S3,gemini-3.1-flash-lite,S1→S2,1,2,C->W,1.461190664988279,1.2865969397388606,Correct,Wrong,31,1,H₂O,S1,S2,semcse,alignment_zscore
S0-S3,gemini-3.1-flash-lite,S1→S2,1,2,C->W,-1.3057263340650138,-0.8845798326330779,Correct,Wrong,48,2,B(OH)₃ + other ions,S1,S2,semcse,alignment_zscore
S0-S3,gemini-3.1-flash-lite,S1→S2,1,2,W->C,0.9966195307327536,1.1282317155355095,Wrong,Correct,1,5,KB(OH)₄,S1,S2,semcse,alignment_zscore
S0-S3,gemini-3.1-flash-lite,S1→S2,1,2,W->C,0.7024875898684313,1.069149813951901,Wrong,Correct,3,1,Tb(NO₃)₃ or Eu(NO₃)₃,S1,S2,semcse,alignment_zscore
S0-S3,gemini-3.1-flash-lite,S1→S2,1,2,W->C,1.8632215750577723,1.9849472615970165,Wrong,Correct,4,1,LiCl,S1,S2,semcse,alignment_zscore
S0-S3,gemini-3.1-flash-lite,S1→S2,1,2,W->C,2.1320235432841304,2.1824916579381965,Wrong,Correct,4,2,NaCl,S1,S2,semcse,alignment_zscore
S0-S3,gemini-3.1-flash-lite,S1→S2,1,2,W->C,0.2929597737853034,0.6741336852435705,Wrong,Correct,12,1,H₂O,S1,S2,semcse,alignment_zscore
S0-S3,gemini-3.1-flash-lite,S1→S2,1,2,W->C,1.895015970502054,1.991840432485812,Wrong,Correct,29,1,NaOH,S1,S2,semcse,alignment_zscore
S0-S3,gemini-3.1-flash-lite,S1→S2,1,2,W->C,0.9771774859200888,1.3418132006323646,Wrong,Correct,41,1,KCl,S1,S2,semcse,alignment_zscore
S0-S3,gemini-3.1-flash-lite,S1→S2,1,2,W->C,0.3896372804046643,0.371825038924984,Wrong,Correct,45,3,Organic solvents,S1,S2,semcse,alignment_zscore
S0-S3,gemini-3.1-flash-lite,S1→S2,1,2,W->C,-0.2584782208681773,0.1322373552552018,Wrong,Correct,46,2,Organic solvents,S1,S2,semcse,alignment_zscore
S0-S3,gemini-3.1-flash-lite,S1→S2,1,2,W->C,0.1826259025403974,0.718409447806425,Wrong,Correct,48,1,B(OH)₃ + AgNO₃,S1,S2,semcse,alignment_zscore
S0-S3,gemini-3.1-flash-lite,S1→S2,1,2,W->C,0.2624461509150781,0.5534287001051165,Wrong,Correct,50,1,B(OH)₃ + AgNO₃,S1,S2,semcse,alignment_zscore
S0-S3,gemini-3.1-flash-lite,S1→S2,1,2,W->C,-0.6591192720815053,-0.4022778324021789,Wrong,Correct,56,2,EtOH/H₂O,S1,S2,semcse,alignment_zscore
S0-S3,gemini-3.1-flash-lite,S1→S2,1,2,W->W,1.3932985999751497,1.272051249785013,Wrong,Wrong,5,1,LiCl,S1,S2,semcse,alignment_zscore
S0-S3,gemini-3.1-flash-lite,S1→S2,1,2,W->W,0.5607452802753411,0.6785162461256125,Wrong,Wrong,6,2,NaCl,S1,S2,semcse,alignment_zscore
S0-S3,gemini-3.1-flash-lite,S1→S2,1,2,W->W,1.6816527360967557,1.681662143850085,Wrong,Wrong,7,1,LiCl,S1,S2,semcse,alignment_zscore
S0-S3,gemini-3.1-flash-lite,S1→S2,1,2,W->W,2.0911233470585766,2.214007816380432,Wrong,Wrong,7,2,NaCl,S1,S2,semcse,alignment_zscore
S0-S3,gemini-3.1-flash-lite,S1→S2,1,2,W->W,0.3924792999563717,0.6895907313778548,Wrong,Wrong,7,3,KCl + NaCl,S1,S2,semcse,alignment_zscore
S0-S3,gemini-3.1-flash-lite,S1→S2,1,2,W->W,0.1071087288314667,0.5873242933487122,Wrong,Wrong,7,6,KCl,S1,S2,semcse,alignment_zscore
S0-S3,gemini-3.1-flash-lite,S1→S2,1,2,W->W,2.2651945303844454,2.2652805151986133,Wrong,Wrong,7,7,KCl,S1,S2,semcse,alignment_zscore
S0-S3,gemini-3.1-flash-lite,S1→S2,1,2,W->W,0.5540059967228249,0.734875712509337,Wrong,Wrong,7,10,KB(OH)₄,S1,S2,semcse,alignment_zscore
S0-S3,gemini-3.1-flash-lite,S1→S2,1,2,W->W,1.4202805384293014,1.7884396640802345,Wrong,Wrong,7,11,LiB(OH)₄,S1,S2,semcse,alignment_zscore
S0-S3,gemini-3.1-flash-lite,S1→S2,1,2,W->W,0.5682626191778449,0.5200899151975568,Wrong,Wrong,8,3,KCl,S1,S2,semcse,alignment_zscore
S0-S3,gemini-3.1-flash-lite,S1→S2,1,2,W->W,-0.3417161531185091,-0.2434814702182872,Wrong,Wrong,8,4,KCl,S1,S2,semcse,alignment_zscore
S0-S3,gemini-3.1-flash-lite,S1→S2,1,2,W->W,1.6901155247569404,1.918782593151117,Wrong,Wrong,9,2,KCl,S1,S2,semcse,alignment_zscore
S0-S3,gemini-3.1-flash-lite,S1→S2,1,2,W->W,1.0494126055819852,1.1248410984046588,Wrong,Wrong,10,1,H₂O,S1,S2,semcse,alignment_zscore
S0-S3,gemini-3.1-flash-lite,S1→S2,1,2,W->W,1.538953130623835,1.8006803308159498,Wrong,Wrong,10,2,PBS,S1,S2,semcse,alignment_zscore
S0-S3,gemini-3.1-flash-lite,S1→S2,1,2,W->W,1.4157645654625706,1.205171311084044,Wrong,Wrong,11,1,H₂O,S1,S2,semcse,alignment_zscore
S0-S3,gemini-3.1-flash-lite,S1→S2,1,2,W->W,2.616889536217329,2.466864012189401,Wrong,Wrong,13,1,H₂O,S1,S2,semcse,alignment_zscore
S0-S3,gemini-3.1-flash-lite,S1→S2,1,2,W->W,0.4986267509656062,-0.239136993117429,Wrong,Wrong,13,3,acidic pH + benzyl amine,S1,S2,semcse,alignment_zscore
S0-S3,gemini-3.1-flash-lite,S1→S2,1,2,W->W,-1.7666818992289928,-1.8487731715764768,Wrong,Wrong,15,1,H₂O,S1,S2,semcse,alignment_zscore
S0-S3,gemini-3.1-flash-lite,S1→S2,1,2,W->W,3.8046815242445056,3.215149681045314,Wrong,Wrong,20,1,EtOH/H₂O,S1,S2,semcse,alignment_zscore
S0-S3,gemini-3.1-flash-lite,S1→S2,1,2,W->W,-1.0792346412929217,-1.0079472960825544,Wrong,Wrong,27,1,NaOH,S1,S2,semcse,alignment_zscore
S0-S3,gemini-3.1-flash-lite,S1→S2,1,2,W->W,-0.3483395762601853,-0.1350415051706478,Wrong,Wrong,28,1,NaOH,S1,S2,semcse,alignment_zscore
S0-S3,gemini-3.1-flash-lite,S1→S2,1,2,W->W,1.3900413158302802,1.3794777187241245,Wrong,Wrong,35,1,H₂O,S1,S2,semcse,alignment_zscore
S0-S3,gemini-3.1-flash-lite,S1→S2,1,2,W->W,1.4366042932264302,1.535168301125083,Wrong,Wrong,36,2,KCl,S1,S2,semcse,alignment_zscore
S0-S3,gemini-3.1-flash-lite,S1→S2,1,2,W->W,-0.5339955552479203,-0.4063662860039891,Wrong,Wrong,37,1,KCl + NaCl,S1,S2,semcse,alignment_zscore
S0-S3,gemini-3.1-flash-lite,S1→S2,1,2,W->W,-1.4088355917463051,-1.337938577289734,Wrong,Wrong,38,1,KCl + NaCl,S1,S2,semcse,alignment_zscore
S0-S3,gemini-3.1-flash-lite,S1→S2,1,2,W->W,-1.2532087204416047,-1.239199493606788,Wrong,Wrong,38,2,KCl,S1,S2,semcse,alignment_zscore
S0-S3,gemini-3.1-flash-lite,S1→S2,1,2,W->W,-0.3063116151243508,-0.230294504877104,Wrong,Wrong,39,1,NaCl,S1,S2,semcse,alignment_zscore
S0-S3,gemini-3.1-flash-lite,S1→S2,1,2,W->W,0.7987562824515546,0.4863244676591335,Wrong,Wrong,40,4,Me₄NCl,S1,S2,semcse,alignment_zscore
S0-S3,gemini-3.1-flash-lite,S1→S2,1,2,W->W,1.1981517979113878,1.2750928698386996,Wrong,Wrong,40,5,Borate buffer,S1,S2,semcse,alignment_zscore
S0-S3,gemini-3.1-flash-lite,S1→S2,1,2,W->W,0.4371501886932074,0.1941361204016421,Wrong,Wrong,42,1,KCl,S1,S2,semcse,alignment_zscore
S0-S3,gemini-3.1-flash-lite,S1→S2,1,2,W->W,-0.0314444785596325,-0.0002411783670093,Wrong,Wrong,43,1,KCl,S1,S2,semcse,alignment_zscore
S0-S3,gemini-3.1-flash-lite,S1→S2,1,2,W->W,1.4708093143367271,1.4696337646812545,Wrong,Wrong,44,1,KCl,S1,S2,semcse,alignment_zscore
S0-S3,gemini-3.1-flash-lite,S1→S2,1,2,W->W,0.6958447726500939,0.6756538798060412,Wrong,Wrong,45,2,Organic solvents,S1,S2,semcse,alignment_zscore
S0-S3,gemini-3.1-flash-lite,S1→S2,1,2,W->W,-0.0064686427984193,0.1951411557974154,Wrong,Wrong,55,1,H₂O,S1,S2,semcse,alignment_zscore
S0-S3,gemini-3.1-flash-lite,S1→S2,1,2,W->W,-0.9380857771556655,-1.1066236577610598,Wrong,Wrong,56,1,H₂O,S1,S2,semcse,alignment_zscore
S0-S3,gemini-3.1-flash-lite,S1→S2,1,2,W->W,-1.5743000382651062,-1.546539681176467,Wrong,Wrong,57,2,EtOH/H₂O,S1,S2,semcse,alignment_zscore
S0-S3,gemini-3.1-flash-lite,S2→S3,2,3,C->C,1.2615297109023509,1.5546347755532028,Correct,Correct,1,1,Tb(NO₃)₃ or Dy(NO₃)₃,S2,S3,semcse,alignment_zscore
S0-S3,gemini-3.1-flash-lite,S2→S3,2,3,C->C,2.0363005505874088,2.48871570158489,Correct,Correct,1,2,LiCl,S2,S3,semcse,alignment_zscore
S0-S3,gemini-3.1-flash-lite,S2→S3,2,3,C->C,1.7277956660309712,1.5927796132438596,Correct,Correct,1,3,NaCl,S2,S3,semcse,alignment_zscore
S0-S3,gemini-3.1-flash-lite,S2→S3,2,3,C->C,2.3339257464364564,2.3595544014472,Correct,Correct,1,4,KCl,S2,S3,semcse,alignment_zscore
S0-S3,gemini-3.1-flash-lite,S2→S3,2,3,C->C,1.1282317155355095,1.4762966399631792,Correct,Correct,1,5,KB(OH)₄,S2,S3,semcse,alignment_zscore
S0-S3,gemini-3.1-flash-lite,S2→S3,2,3,C->C,2.040983429337477,2.4276035560242515,Correct,Correct,2,1,Tb(NO₃)₃ or Eu(NO₃)₃,S2,S3,semcse,alignment_zscore
S0-S3,gemini-3.1-flash-lite,S2→S3,2,3,C->C,2.2527757986260597,3.226772511150951,Correct,Correct,3,2,B(OH)₃ + AgNO₃,S2,S3,semcse,alignment_zscore
S0-S3,gemini-3.1-flash-lite,S2→S3,2,3,C->C,1.9849472615970165,2.34998967610231,Correct,Correct,4,1,LiCl,S2,S3,semcse,alignment_zscore
S0-S3,gemini-3.1-flash-lite,S2→S3,2,3,C->C,2.1824916579381965,2.4107568042950422,Correct,Correct,4,2,NaCl,S2,S3,semcse,alignment_zscore
S0-S3,gemini-3.1-flash-lite,S2→S3,2,3,C->C,1.3243894573076078,2.019258821511615,Correct,Correct,5,2,KCl,S2,S3,semcse,alignment_zscore
S0-S3,gemini-3.1-flash-lite,S2→S3,2,3,C->C,2.236102603057476,2.938928120001191,Correct,Correct,5,3,NaCl,S2,S3,semcse,alignment_zscore
S0-S3,gemini-3.1-flash-lite,S2→S3,2,3,C->C,1.6055792134823526,1.7434726548217363,Correct,Correct,6,1,LiCl,S2,S3,semcse,alignment_zscore
S0-S3,gemini-3.1-flash-lite,S2→S3,2,3,C->C,2.129957553885248,2.2619493475656616,Correct,Correct,6,3,KCl,S2,S3,semcse,alignment_zscore
S0-S3,gemini-3.1-flash-lite,S2→S3,2,3,C->C,0.684165664696624,0.6139443580434106,Correct,Correct,7,4,KCl,S2,S3,semcse,alignment_zscore
S0-S3,gemini-3.1-flash-lite,S2→S3,2,3,C->C,1.4221846938039793,1.3528786526747063,Correct,Correct,7,5,KCl,S2,S3,semcse,alignment_zscore
S0-S3,gemini-3.1-flash-lite,S2→S3,2,3,C->C,1.3164934547442877,1.3778521570103035,Correct,Correct,7,8,KCl + TAcG,S2,S3,semcse,alignment_zscore
S0-S3,gemini-3.1-flash-lite,S2→S3,2,3,C->C,2.2553002785623315,2.296287778995908,Correct,Correct,7,9,KB(OH)₄,S2,S3,semcse,alignment_zscore
S0-S3,gemini-3.1-flash-lite,S2→S3,2,3,C->C,1.7847039651215106,1.8826821493634187,Correct,Correct,8,1,LiCl,S2,S3,semcse,alignment_zscore
S0-S3,gemini-3.1-flash-lite,S2→S3,2,3,C->C,2.3118759569516136,2.0295316255202382,Correct,Correct,8,2,NaCl,S2,S3,semcse,alignment_zscore
S0-S3,gemini-3.1-flash-lite,S2→S3,2,3,C->C,1.8654329149286173,1.8929576643716963,Correct,Correct,9,1,LiCl,S2,S3,semcse,alignment_zscore
S0-S3,gemini-3.1-flash-lite,S2→S3,2,3,C->C,1.9754402685513928,2.268815674522437,Correct,Correct,9,3,NaCl,S2,S3,semcse,alignment_zscore
S0-S3,gemini-3.1-flash-lite,S2→S3,2,3,C->C,0.6741336852435705,0.9005940109823499,Correct,Correct,12,1,H₂O,S2,S3,semcse,alignment_zscore
S0-S3,gemini-3.1-flash-lite,S2→S3,2,3,C->C,-0.2810796977745531,0.0725789767184239,Correct,Correct,13,2,acidic pH,S2,S3,semcse,alignment_zscore
S0-S3,gemini-3.1-flash-lite,S2→S3,2,3,C->C,0.5710109144061073,0.3601377111897865,Correct,Correct,14,1,H₂O,S2,S3,semcse,alignment_zscore
S0-S3,gemini-3.1-flash-lite,S2→S3,2,3,C->C,1.399341534266911,1.3178786684263992,Correct,Correct,16,1,H₂O,S2,S3,semcse,alignment_zscore
S0-S3,gemini-3.1-flash-lite,S2→S3,2,3,C->C,-0.7547407719798225,-0.7068038223927309,Correct,Correct,17,1,H₂O,S2,S3,semcse,alignment_zscore
S0-S3,gemini-3.1-flash-lite,S2→S3,2,3,C->C,1.8142676736196544,1.814830773643055,Correct,Correct,18,1,H₂O,S2,S3,semcse,alignment_zscore
S0-S3,gemini-3.1-flash-lite,S2→S3,2,3,C->C,0.113307827776689,-0.0023907633345458,Correct,Correct,19,1,H₂O,S2,S3,semcse,alignment_zscore
S0-S3,gemini-3.1-flash-lite,S2→S3,2,3,C->C,1.8040173659806016,1.7594486998157723,Correct,Correct,22,1,EtOH/H₂O,S2,S3,semcse,alignment_zscore
S0-S3,gemini-3.1-flash-lite,S2→S3,2,3,C->C,2.0865402832100783,1.7690928411317266,Correct,Correct,23,1,EtOH/H₂O,S2,S3,semcse,alignment_zscore
S0-S3,gemini-3.1-flash-lite,S2→S3,2,3,C->C,0.711332686840628,0.8789987054891915,Correct,Correct,24,1,EtOH/H₂O,S2,S3,semcse,alignment_zscore
S0-S3,gemini-3.1-flash-lite,S2→S3,2,3,C->C,-0.8800031812772419,0.440877301202068,Correct,Correct,25,1,NaOH,S2,S3,semcse,alignment_zscore
S0-S3,gemini-3.1-flash-lite,S2→S3,2,3,C->C,1.7456068282845991,1.81190827232785,Correct,Correct,25,2,Organic solvents,S2,S3,semcse,alignment_zscore
S0-S3,gemini-3.1-flash-lite,S2→S3,2,3,C->C,-0.6454934085335718,1.5890537677253034,Correct,Correct,26,2,KOH,S2,S3,semcse,alignment_zscore
S0-S3,gemini-3.1-flash-lite,S2→S3,2,3,C->C,0.0066410200387758,2.351947210854224,Correct,Correct,26,3,LiOH,S2,S3,semcse,alignment_zscore
S0-S3,gemini-3.1-flash-lite,S2→S3,2,3,C->C,1.899889380402422,2.712865114968048,Correct,Correct,26,4,Organic solvents,S2,S3,semcse,alignment_zscore
S0-S3,gemini-3.1-flash-lite,S2→S3,2,3,C->C,-0.6143203218057427,1.4867491969164417,Correct,Correct,27,2,KOH,S2,S3,semcse,alignment_zscore
S0-S3,gemini-3.1-flash-lite,S2→S3,2,3,C->C,-0.1929161664324121,2.153328737682507,Correct,Correct,27,3,LiOH,S2,S3,semcse,alignment_zscore
S0-S3,gemini-3.1-flash-lite,S2→S3,2,3,C->C,2.188571966216654,2.789417025627868,Correct,Correct,27,4,Organic solvents,S2,S3,semcse,alignment_zscore
S0-S3,gemini-3.1-flash-lite,S2→S3,2,3,C->C,-0.3004833821373721,0.09683565414883,Correct,Correct,28,2,Organic solvents,S2,S3,semcse,alignment_zscore
S0-S3,gemini-3.1-flash-lite,S2→S3,2,3,C->C,-0.0764104964482838,0.1214515318665914,Correct,Correct,29,2,Organic solvents,S2,S3,semcse,alignment_zscore
S0-S3,gemini-3.1-flash-lite,S2→S3,2,3,C->C,-0.6013929780135746,0.2945430317098518,Correct,Correct,30,1,NaOH,S2,S3,semcse,alignment_zscore
S0-S3,gemini-3.1-flash-lite,S2→S3,2,3,C->C,0.1139272611280066,-0.0186808798162553,Correct,Correct,30,2,Organic solvents,S2,S3,semcse,alignment_zscore
S0-S3,gemini-3.1-flash-lite,S2→S3,2,3,C->C,0.5066938211486712,1.2733617492945617,Correct,Correct,32,1,H₂O,S2,S3,semcse,alignment_zscore
S0-S3,gemini-3.1-flash-lite,S2→S3,2,3,C->C,0.3439483690865544,0.5637934984649694,Correct,Correct,34,1,H₂O,S2,S3,semcse,alignment_zscore
S0-S3,gemini-3.1-flash-lite,S2→S3,2,3,C->C,0.0911631481673143,0.242719282907671,Correct,Correct,36,1,NaCl,S2,S3,semcse,alignment_zscore
S0-S3,gemini-3.1-flash-lite,S2→S3,2,3,C->C,0.1226561146290322,0.335759231265884,Correct,Correct,36,3,NaCl + TAcG,S2,S3,semcse,alignment_zscore
S0-S3,gemini-3.1-flash-lite,S2→S3,2,3,C->C,0.6394449268193028,0.4784142129880249,Correct,Correct,37,2,KCl,S2,S3,semcse,alignment_zscore
S0-S3,gemini-3.1-flash-lite,S2→S3,2,3,C->C,2.397822032131093,2.767838419263271,Correct,Correct,39,2,KCl,S2,S3,semcse,alignment_zscore
S0-S3,gemini-3.1-flash-lite,S2→S3,2,3,C->C,0.7121563540532792,0.7921189989912018,Correct,Correct,40,1,KCl,S2,S3,semcse,alignment_zscore
S0-S3,gemini-3.1-flash-lite,S2→S3,2,3,C->C,0.6093484000221235,0.5709885694931539,Correct,Correct,40,3,NH₄Cl,S2,S3,semcse,alignment_zscore
S0-S3,gemini-3.1-flash-lite,S2→S3,2,3,C->C,0.6575211753251232,0.6253305314966217,Correct,Correct,40,6,KCl,S2,S3,semcse,alignment_zscore
S0-S3,gemini-3.1-flash-lite,S2→S3,2,3,C->C,1.3418132006323646,1.3385145095895614,Correct,Correct,41,1,KCl,S2,S3,semcse,alignment_zscore
S0-S3,gemini-3.1-flash-lite,S2→S3,2,3,C->C,2.2727727905568824,2.5139872127423235,Correct,Correct,45,1,Organic solvents,S2,S3,semcse,alignment_zscore
S0-S3,gemini-3.1-flash-lite,S2→S3,2,3,C->C,1.1082534578125292,0.6711648912336008,Correct,Correct,46,1,Organic solvents,S2,S3,semcse,alignment_zscore
S0-S3,gemini-3.1-flash-lite,S2→S3,2,3,C->C,0.1322373552552018,0.0356430084191945,Correct,Correct,46,2,Organic solvents,S2,S3,semcse,alignment_zscore
S0-S3,gemini-3.1-flash-lite,S2→S3,2,3,C->C,0.01649996549497,0.6915476308016615,Correct,Correct,47,1,Organic solvents,S2,S3,semcse,alignment_zscore
S0-S3,gemini-3.1-flash-lite,S2→S3,2,3,C->C,-1.3953451711437062,-0.9211603603216302,Correct,Correct,47,2,Organic solvents,S2,S3,semcse,alignment_zscore
S0-S3,gemini-3.1-flash-lite,S2→S3,2,3,C->C,0.718409447806425,1.2355625128601833,Correct,Correct,48,1,B(OH)₃ + AgNO₃,S2,S3,semcse,alignment_zscore
S0-S3,gemini-3.1-flash-lite,S2→S3,2,3,C->C,0.5534287001051165,0.8644900150402028,Correct,Correct,50,1,B(OH)₃ + AgNO₃,S2,S3,semcse,alignment_zscore
S0-S3,gemini-3.1-flash-lite,S2→S3,2,3,C->C,1.2566030431689807,1.252689554158952,Correct,Correct,51,1,KB(OH)₄,S2,S3,semcse,alignment_zscore
S0-S3,gemini-3.1-flash-lite,S2→S3,2,3,C->C,3.278636291293264,3.210751077432521,Correct,Correct,52,1,KB(OH)₄,S2,S3,semcse,alignment_zscore
S0-S3,gemini-3.1-flash-lite,S2→S3,2,3,C->C,1.5502652290516394,1.6324697795447811,Correct,Correct,53,1,H₂O,S2,S3,semcse,alignment_zscore
S0-S3,gemini-3.1-flash-lite,S2→S3,2,3,C->C,1.5760684817845134,2.003851467043272,Correct,Correct,53,2,EtOH/H₂O,S2,S3,semcse,alignment_zscore
S0-S3,gemini-3.1-flash-lite,S2→S3,2,3,C->C,0.3600357513761603,0.6371622673437229,Correct,Correct,54,1,H₂O,S2,S3,semcse,alignment_zscore
S0-S3,gemini-3.1-flash-lite,S2→S3,2,3,C->C,1.1076097595415526,1.477119029960234,Correct,Correct,54,2,EtOH/H₂O,S2,S3,semcse,alignment_zscore
S0-S3,gemini-3.1-flash-lite,S2→S3,2,3,C->C,1.4125429957633562,1.1656559390600865,Correct,Correct,55,2,EtOH/H₂O,S2,S3,semcse,alignment_zscore
S0-S3,gemini-3.1-flash-lite,S2→S3,2,3,C->C,-0.5914907480554586,0.302368730159029,Correct,Correct,57,1,H₂O,S2,S3,semcse,alignment_zscore
S0-S3,gemini-3.1-flash-lite,S2→S3,2,3,C->C,0.1446899405332506,0.3850848538357406,Correct,Correct,58,1,H₂O,S2,S3,semcse,alignment_zscore
S0-S3,gemini-3.1-flash-lite,S2→S3,2,3,C->C,0.1052537368462982,0.4371024434710895,Correct,Correct,59,1,H₂O,S2,S3,semcse,alignment_zscore
S0-S3,gemini-3.1-flash-lite,S2→S3,2,3,C->C,1.213298300934245,1.1646506519554998,Correct,Correct,59,2,EtOH/H₂O,S2,S3,semcse,alignment_zscore
S0-S3,gemini-3.1-flash-lite,S2→S3,2,3,C->C,-0.2188749360250265,0.0095774438122801,Correct,Correct,60,1,H₂O,S2,S3,semcse,alignment_zscore
S0-S3,gemini-3.1-flash-lite,S2→S3,2,3,C->C,2.4370524654200056,2.3417170990149367,Correct,Correct,60,2,EtOH/H₂O,S2,S3,semcse,alignment_zscore
S0-S3,gemini-3.1-flash-lite,S2→S3,2,3,C->C,-0.3309274709344187,-0.6380543004981835,Correct,Correct,61,1,H₂O,S2,S3,semcse,alignment_zscore
S0-S3,gemini-3.1-flash-lite,S2→S3,2,3,C->C,1.204026733219267,2.324366418162442,Correct,Correct,61,2,EtOH/H₂O,S2,S3,semcse,alignment_zscore
S0-S3,gemini-3.1-flash-lite,S2→S3,2,3,C->C,1.7793324843664489,1.9954512882828053,Correct,Correct,62,1,H₂O,S2,S3,semcse,alignment_zscore
S0-S3,gemini-3.1-flash-lite,S2→S3,2,3,C->C,1.978208534088597,2.282688212973835,Correct,Correct,62,2,EtOH/H₂O,S2,S3,semcse,alignment_zscore
S0-S3,gemini-3.1-flash-lite,S2→S3,2,3,C->C,1.709310392560211,1.8606784145285968,Correct,Correct,63,1,H₂O,S2,S3,semcse,alignment_zscore
S0-S3,gemini-3.1-flash-lite,S2→S3,2,3,C->C,2.2959933159981216,2.237418524188425,Correct,Correct,63,2,EtOH/H₂O,S2,S3,semcse,alignment_zscore
S0-S3,gemini-3.1-flash-lite,S2→S3,2,3,C->C,1.662450592299723,1.7639744267530646,Correct,Correct,64,1,KCl,S2,S3,semcse,alignment_zscore
S0-S3,gemini-3.1-flash-lite,S2→S3,2,3,C->C,0.8748444765199189,1.2935282161315194,Correct,Correct,64,2,NaB(OH)₄,S2,S3,semcse,alignment_zscore
S0-S3,gemini-3.1-flash-lite,S2→S3,2,3,C->W,1.069149813951901,1.2737418567161365,Correct,Wrong,3,1,Tb(NO₃)₃ or Eu(NO₃)₃,S2,S3,semcse,alignment_zscore
S0-S3,gemini-3.1-flash-lite,S2→S3,2,3,C->W,1.857542794347648,1.3676611556558718,Correct,Wrong,4,3,KCl,S2,S3,semcse,alignment_zscore
S0-S3,gemini-3.1-flash-lite,S2→S3,2,3,C->W,0.0671448807874131,0.388021767185203,Correct,Wrong,21,1,EtOH/H₂O,S2,S3,semcse,alignment_zscore
S0-S3,gemini-3.1-flash-lite,S2→S3,2,3,C->W,1.991840432485812,1.2068567032707571,Correct,Wrong,29,1,NaOH,S2,S3,semcse,alignment_zscore
S0-S3,gemini-3.1-flash-lite,S2→S3,2,3,C->W,1.5152306854024704,1.6921096939694982,Correct,Wrong,33,1,H₂O,S2,S3,semcse,alignment_zscore
S0-S3,gemini-3.1-flash-lite,S2→S3,2,3,C->W,1.499033356834404,1.9158264489379884,Correct,Wrong,40,2,NaCl,S2,S3,semcse,alignment_zscore
S0-S3,gemini-3.1-flash-lite,S2→S3,2,3,C->W,0.371825038924984,0.6236133417221918,Correct,Wrong,45,3,Organic solvents,S2,S3,semcse,alignment_zscore
S0-S3,gemini-3.1-flash-lite,S2→S3,2,3,C->W,1.4413774407292548,1.3995269102994503,Correct,Wrong,49,1,B(OH)₃ + AgNO₃,S2,S3,semcse,alignment_zscore
S0-S3,gemini-3.1-flash-lite,S2→S3,2,3,C->W,-0.4022778324021789,0.3525215752782651,Correct,Wrong,56,2,EtOH/H₂O,S2,S3,semcse,alignment_zscore
S0-S3,gemini-3.1-flash-lite,S2→S3,2,3,C->W,1.1093018731672295,1.7866739616270864,Correct,Wrong,58,2,EtOH/H₂O,S2,S3,semcse,alignment_zscore
S0-S3,gemini-3.1-flash-lite,S2→S3,2,3,W->C,1.1248410984046588,1.3574410262406815,Wrong,Correct,10,1,H₂O,S2,S3,semcse,alignment_zscore
S0-S3,gemini-3.1-flash-lite,S2→S3,2,3,W->C,1.8006803308159498,2.29607983511165,Wrong,Correct,10,2,PBS,S2,S3,semcse,alignment_zscore
S0-S3,gemini-3.1-flash-lite,S2→S3,2,3,W->C,2.466864012189401,2.812571905978902,Wrong,Correct,13,1,H₂O,S2,S3,semcse,alignment_zscore
S0-S3,gemini-3.1-flash-lite,S2→S3,2,3,W->C,3.215149681045314,3.5395467697910705,Wrong,Correct,20,1,EtOH/H₂O,S2,S3,semcse,alignment_zscore
S0-S3,gemini-3.1-flash-lite,S2→S3,2,3,W->C,0.5160811776632311,2.0158020531316097,Wrong,Correct,26,1,NaOH,S2,S3,semcse,alignment_zscore
S0-S3,gemini-3.1-flash-lite,S2→S3,2,3,W->C,-1.0079472960825544,0.8565652612334574,Wrong,Correct,27,1,NaOH,S2,S3,semcse,alignment_zscore
S0-S3,gemini-3.1-flash-lite,S2→S3,2,3,W->C,1.2865969397388606,1.8260177369991364,Wrong,Correct,31,1,H₂O,S2,S3,semcse,alignment_zscore
S0-S3,gemini-3.1-flash-lite,S2→S3,2,3,W->C,1.3794777187241245,1.738465339547452,Wrong,Correct,35,1,H₂O,S2,S3,semcse,alignment_zscore
S0-S3,gemini-3.1-flash-lite,S2→S3,2,3,W->C,-1.337938577289734,-1.171017751690819,Wrong,Correct,38,1,KCl + NaCl,S2,S3,semcse,alignment_zscore
S0-S3,gemini-3.1-flash-lite,S2→S3,2,3,W->C,-0.230294504877104,-0.4420571494139129,Wrong,Correct,39,1,NaCl,S2,S3,semcse,alignment_zscore
S0-S3,gemini-3.1-flash-lite,S2→S3,2,3,W->W,1.272051249785013,1.4442254013576488,Wrong,Wrong,5,1,LiCl,S2,S3,semcse,alignment_zscore
S0-S3,gemini-3.1-flash-lite,S2→S3,2,3,W->W,0.6785162461256125,0.4594437472746795,Wrong,Wrong,6,2,NaCl,S2,S3,semcse,alignment_zscore
S0-S3,gemini-3.1-flash-lite,S2→S3,2,3,W->W,1.681662143850085,1.9419371402172,Wrong,Wrong,7,1,LiCl,S2,S3,semcse,alignment_zscore
S0-S3,gemini-3.1-flash-lite,S2→S3,2,3,W->W,2.214007816380432,2.311896339593728,Wrong,Wrong,7,2,NaCl,S2,S3,semcse,alignment_zscore
S0-S3,gemini-3.1-flash-lite,S2→S3,2,3,W->W,0.6895907313778548,0.485493915995643,Wrong,Wrong,7,3,KCl + NaCl,S2,S3,semcse,alignment_zscore
S0-S3,gemini-3.1-flash-lite,S2→S3,2,3,W->W,0.5873242933487122,0.2437876187384064,Wrong,Wrong,7,6,KCl,S2,S3,semcse,alignment_zscore
S0-S3,gemini-3.1-flash-lite,S2→S3,2,3,W->W,2.2652805151986133,1.8543010311499517,Wrong,Wrong,7,7,KCl,S2,S3,semcse,alignment_zscore
S0-S3,gemini-3.1-flash-lite,S2→S3,2,3,W->W,0.734875712509337,0.8599410453003685,Wrong,Wrong,7,10,KB(OH)₄,S2,S3,semcse,alignment_zscore
S0-S3,gemini-3.1-flash-lite,S2→S3,2,3,W->W,1.7884396640802345,1.4623536314476624,Wrong,Wrong,7,11,LiB(OH)₄,S2,S3,semcse,alignment_zscore
S0-S3,gemini-3.1-flash-lite,S2→S3,2,3,W->W,0.5200899151975568,0.86499750220153,Wrong,Wrong,8,3,KCl,S2,S3,semcse,alignment_zscore
S0-S3,gemini-3.1-flash-lite,S2→S3,2,3,W->W,-0.2434814702182872,-0.1955603054440288,Wrong,Wrong,8,4,KCl,S2,S3,semcse,alignment_zscore
S0-S3,gemini-3.1-flash-lite,S2→S3,2,3,W->W,1.918782593151117,2.1769471094896544,Wrong,Wrong,9,2,KCl,S2,S3,semcse,alignment_zscore
S0-S3,gemini-3.1-flash-lite,S2→S3,2,3,W->W,1.205171311084044,1.4399654985872583,Wrong,Wrong,11,1,H₂O,S2,S3,semcse,alignment_zscore
S0-S3,gemini-3.1-flash-lite,S2→S3,2,3,W->W,-0.239136993117429,-0.0776671430663244,Wrong,Wrong,13,3,acidic pH + benzyl amine,S2,S3,semcse,alignment_zscore
S0-S3,gemini-3.1-flash-lite,S2→S3,2,3,W->W,-1.8487731715764768,-1.6511488786963364,Wrong,Wrong,15,1,H₂O,S2,S3,semcse,alignment_zscore
S0-S3,gemini-3.1-flash-lite,S2→S3,2,3,W->W,-0.1350415051706478,-0.4650083997878651,Wrong,Wrong,28,1,NaOH,S2,S3,semcse,alignment_zscore
S0-S3,gemini-3.1-flash-lite,S2→S3,2,3,W->W,1.535168301125083,1.3291592611424414,Wrong,Wrong,36,2,KCl,S2,S3,semcse,alignment_zscore
S0-S3,gemini-3.1-flash-lite,S2→S3,2,3,W->W,-0.4063662860039891,-0.3842843952033444,Wrong,Wrong,37,1,KCl + NaCl,S2,S3,semcse,alignment_zscore
S0-S3,gemini-3.1-flash-lite,S2→S3,2,3,W->W,-1.239199493606788,-1.1842303773624767,Wrong,Wrong,38,2,KCl,S2,S3,semcse,alignment_zscore
S0-S3,gemini-3.1-flash-lite,S2→S3,2,3,W->W,0.4863244676591335,0.6386245906916542,Wrong,Wrong,40,4,Me₄NCl,S2,S3,semcse,alignment_zscore
S0-S3,gemini-3.1-flash-lite,S2→S3,2,3,W->W,1.2750928698386996,1.3659847515194516,Wrong,Wrong,40,5,Borate buffer,S2,S3,semcse,alignment_zscore
S0-S3,gemini-3.1-flash-lite,S2→S3,2,3,W->W,0.1941361204016421,0.3035525818600621,Wrong,Wrong,42,1,KCl,S2,S3,semcse,alignment_zscore
S0-S3,gemini-3.1-flash-lite,S2→S3,2,3,W->W,-0.0002411783670093,0.6502611801408251,Wrong,Wrong,43,1,KCl,S2,S3,semcse,alignment_zscore
S0-S3,gemini-3.1-flash-lite,S2→S3,2,3,W->W,1.4696337646812545,1.455941567591077,Wrong,Wrong,44,1,KCl,S2,S3,semcse,alignment_zscore
S0-S3,gemini-3.1-flash-lite,S2→S3,2,3,W->W,0.6756538798060412,0.9581232654984326,Wrong,Wrong,45,2,Organic solvents,S2,S3,semcse,alignment_zscore
S0-S3,gemini-3.1-flash-lite,S2→S3,2,3,W->W,-0.8845798326330779,-0.6355951662512781,Wrong,Wrong,48,2,B(OH)₃ + other ions,S2,S3,semcse,alignment_zscore
S0-S3,gemini-3.1-flash-lite,S2→S3,2,3,W->W,0.1951411557974154,0.3192032870042273,Wrong,Wrong,55,1,H₂O,S2,S3,semcse,alignment_zscore
S0-S3,gemini-3.1-flash-lite,S2→S3,2,3,W->W,-1.1066236577610598,-1.0879671378036218,Wrong,Wrong,56,1,H₂O,S2,S3,semcse,alignment_zscore
S0-S3,gemini-3.1-flash-lite,S2→S3,2,3,W->W,-1.546539681176467,-1.5093295133010902,Wrong,Wrong,57,2,EtOH/H₂O,S2,S3,semcse,alignment_zscore
S0-S3,gpt-4o,S0→S1,0,1,C->C,1.018203745246963,0.5408602955564219,Correct,Correct,1,1,Tb(NO₃)₃ or Dy(NO₃)₃,S0,S1,semcse,alignment_zscore
S0-S3,gpt-4o,S0→S1,0,1,C->C,2.09645117514668,2.487484413237332,Correct,Correct,1,4,KCl,S0,S1,semcse,alignment_zscore
S0-S3,gpt-4o,S0→S1,0,1,C->C,1.6600864699293103,1.385226000081199,Correct,Correct,2,1,Tb(NO₃)₃ or Eu(NO₃)₃,S0,S1,semcse,alignment_zscore
S0-S3,gpt-4o,S0→S1,0,1,C->C,0.977558290606317,0.7092329037701134,Correct,Correct,5,2,KCl,S0,S1,semcse,alignment_zscore
S0-S3,gpt-4o,S0→S1,0,1,C->C,1.3567823244186576,1.1164530105972923,Correct,Correct,6,1,LiCl,S0,S1,semcse,alignment_zscore
S0-S3,gpt-4o,S0→S1,0,1,C->C,2.0962922537432003,2.032157352370929,Correct,Correct,6,3,KCl,S0,S1,semcse,alignment_zscore
S0-S3,gpt-4o,S0→S1,0,1,C->C,0.2123286400016722,-0.238662092935131,Correct,Correct,7,4,KCl,S0,S1,semcse,alignment_zscore
S0-S3,gpt-4o,S0→S1,0,1,C->C,1.836800888369523,1.4092994655545148,Correct,Correct,7,5,KCl,S0,S1,semcse,alignment_zscore
S0-S3,gpt-4o,S0→S1,0,1,C->C,0.6427604346229988,0.7432991316795051,Correct,Correct,7,8,KCl + TAcG,S0,S1,semcse,alignment_zscore
S0-S3,gpt-4o,S0→S1,0,1,C->C,2.0794335023877992,2.169688450976281,Correct,Correct,7,9,KB(OH)₄,S0,S1,semcse,alignment_zscore
S0-S3,gpt-4o,S0→S1,0,1,C->C,-0.8507607573380207,-0.6573306612598864,Correct,Correct,13,2,acidic pH,S0,S1,semcse,alignment_zscore
S0-S3,gpt-4o,S0→S1,0,1,C->C,-2.536471570730778,-2.160594240218844,Correct,Correct,15,1,H₂O,S0,S1,semcse,alignment_zscore
S0-S3,gpt-4o,S0→S1,0,1,C->C,0.9912640001174092,1.197048929453509,Correct,Correct,16,1,H₂O,S0,S1,semcse,alignment_zscore
S0-S3,gpt-4o,S0→S1,0,1,C->C,1.2057656177868126,1.3567547871357146,Correct,Correct,18,1,H₂O,S0,S1,semcse,alignment_zscore
S0-S3,gpt-4o,S0→S1,0,1,C->C,-0.321476393521797,0.0141233402397157,Correct,Correct,19,1,H₂O,S0,S1,semcse,alignment_zscore
S0-S3,gpt-4o,S0→S1,0,1,C->C,0.2759219285589908,0.0512907256919127,Correct,Correct,21,1,EtOH/H₂O,S0,S1,semcse,alignment_zscore
S0-S3,gpt-4o,S0→S1,0,1,C->C,-0.7599592470057085,-0.6535724814739318,Correct,Correct,25,1,NaOH,S0,S1,semcse,alignment_zscore
S0-S3,gpt-4o,S0→S1,0,1,C->C,1.718589728535299,1.5522325745423735,Correct,Correct,25,2,Organic solvents,S0,S1,semcse,alignment_zscore
S0-S3,gpt-4o,S0→S1,0,1,C->C,-0.3967999650837773,0.2511376996705557,Correct,Correct,26,1,NaOH,S0,S1,semcse,alignment_zscore
S0-S3,gpt-4o,S0→S1,0,1,C->C,2.2688372074992644,1.953776434494869,Correct,Correct,26,4,Organic solvents,S0,S1,semcse,alignment_zscore
S0-S3,gpt-4o,S0→S1,0,1,C->C,-1.3259911605432222,-1.688822407047855,Correct,Correct,27,1,NaOH,S0,S1,semcse,alignment_zscore
S0-S3,gpt-4o,S0→S1,0,1,C->C,-0.2135426690058281,-0.6120773653865573,Correct,Correct,27,2,KOH,S0,S1,semcse,alignment_zscore
S0-S3,gpt-4o,S0→S1,0,1,C->C,2.389393263942167,1.9965063915867916,Correct,Correct,27,4,Organic solvents,S0,S1,semcse,alignment_zscore
S0-S3,gpt-4o,S0→S1,0,1,C->C,-0.1271219100072488,0.0944423259247471,Correct,Correct,28,2,Organic solvents,S0,S1,semcse,alignment_zscore
S0-S3,gpt-4o,S0→S1,0,1,C->C,0.7334104391536125,0.7651935994980927,Correct,Correct,29,1,NaOH,S0,S1,semcse,alignment_zscore
S0-S3,gpt-4o,S0→S1,0,1,C->C,-0.0876220726847645,0.1798750216762396,Correct,Correct,29,2,Organic solvents,S0,S1,semcse,alignment_zscore
S0-S3,gpt-4o,S0→S1,0,1,C->C,-0.6035664342137577,-0.4668609038188236,Correct,Correct,30,1,NaOH,S0,S1,semcse,alignment_zscore
S0-S3,gpt-4o,S0→S1,0,1,C->C,0.1064281058097673,0.066923731697004,Correct,Correct,30,2,Organic solvents,S0,S1,semcse,alignment_zscore
S0-S3,gpt-4o,S0→S1,0,1,C->C,1.0310157113648994,1.1180162143126982,Correct,Correct,31,1,H₂O,S0,S1,semcse,alignment_zscore
S0-S3,gpt-4o,S0→S1,0,1,C->C,-1.0812312240568207,-0.4452734801740996,Correct,Correct,36,1,NaCl,S0,S1,semcse,alignment_zscore
S0-S3,gpt-4o,S0→S1,0,1,C->C,1.2790527786916974,1.082525957380417,Correct,Correct,37,2,KCl,S0,S1,semcse,alignment_zscore
S0-S3,gpt-4o,S0→S1,0,1,C->C,1.6419964540305938,2.213170757088049,Correct,Correct,39,2,KCl,S0,S1,semcse,alignment_zscore
S0-S3,gpt-4o,S0→S1,0,1,C->C,0.9874711365217864,0.773500458131127,Correct,Correct,40,1,KCl,S0,S1,semcse,alignment_zscore
S0-S3,gpt-4o,S0→S1,0,1,C->C,0.6046362617932818,0.6741151503683962,Correct,Correct,40,6,KCl,S0,S1,semcse,alignment_zscore
S0-S3,gpt-4o,S0→S1,0,1,C->C,1.991539309451491,2.059744364766914,Correct,Correct,45,1,Organic solvents,S0,S1,semcse,alignment_zscore
S0-S3,gpt-4o,S0→S1,0,1,C->C,0.6087331647930372,0.6863815374628639,Correct,Correct,46,1,Organic solvents,S0,S1,semcse,alignment_zscore
S0-S3,gpt-4o,S0→S1,0,1,C->C,0.035038437893403,0.0724230403716063,Correct,Correct,46,2,Organic solvents,S0,S1,semcse,alignment_zscore
S0-S3,gpt-4o,S0→S1,0,1,C->C,-0.0799914962579352,-0.1532169038785292,Correct,Correct,47,1,Organic solvents,S0,S1,semcse,alignment_zscore
S0-S3,gpt-4o,S0→S1,0,1,C->C,-1.1720958699017714,-1.1671333614650166,Correct,Correct,47,2,Organic solvents,S0,S1,semcse,alignment_zscore
S0-S3,gpt-4o,S0→S1,0,1,C->C,0.3972911710342353,0.4054069808472821,Correct,Correct,50,1,B(OH)₃ + AgNO₃,S0,S1,semcse,alignment_zscore
S0-S3,gpt-4o,S0→S1,0,1,C->C,2.1882561851943687,2.2388287925868533,Correct,Correct,53,2,EtOH/H₂O,S0,S1,semcse,alignment_zscore
S0-S3,gpt-4o,S0→S1,0,1,C->C,1.056519526084199,1.1587923307750083,Correct,Correct,54,2,EtOH/H₂O,S0,S1,semcse,alignment_zscore
S0-S3,gpt-4o,S0→S1,0,1,C->C,1.141192423425086,1.9093425394846508,Correct,Correct,55,2,EtOH/H₂O,S0,S1,semcse,alignment_zscore
S0-S3,gpt-4o,S0→S1,0,1,C->C,0.6975448560108347,0.2323537806403258,Correct,Correct,56,2,EtOH/H₂O,S0,S1,semcse,alignment_zscore
S0-S3,gpt-4o,S0→S1,0,1,C->C,1.8107112337880105,1.5945601734859591,Correct,Correct,58,2,EtOH/H₂O,S0,S1,semcse,alignment_zscore
S0-S3,gpt-4o,S0→S1,0,1,C->C,1.0659325385217489,1.3326885400688833,Correct,Correct,59,2,EtOH/H₂O,S0,S1,semcse,alignment_zscore
S0-S3,gpt-4o,S0→S1,0,1,C->C,1.9225307556030395,2.3127166587593804,Correct,Correct,60,2,EtOH/H₂O,S0,S1,semcse,alignment_zscore
S0-S3,gpt-4o,S0→S1,0,1,C->C,1.4061210686267205,1.17921335078818,Correct,Correct,61,2,EtOH/H₂O,S0,S1,semcse,alignment_zscore
S0-S3,gpt-4o,S0→S1,0,1,C->W,1.075961745399873,0.3202132957384514,Correct,Wrong,3,1,Tb(NO₃)₃ or Eu(NO₃)₃,S0,S1,semcse,alignment_zscore
S0-S3,gpt-4o,S0→S1,0,1,C->W,1.3526566319584556,1.3786605951592528,Correct,Wrong,4,1,LiCl,S0,S1,semcse,alignment_zscore
S0-S3,gpt-4o,S0→S1,0,1,C->W,2.272763132683792,2.0902642368303583,Correct,Wrong,4,2,NaCl,S0,S1,semcse,alignment_zscore
S0-S3,gpt-4o,S0→S1,0,1,C->W,1.0944588972757734,1.231942560859851,Correct,Wrong,4,3,KCl,S0,S1,semcse,alignment_zscore
S0-S3,gpt-4o,S0→S1,0,1,C->W,1.4367451281902346,0.8746172690092557,Correct,Wrong,5,1,LiCl,S0,S1,semcse,alignment_zscore
S0-S3,gpt-4o,S0→S1,0,1,C->W,-0.2785477463970729,0.361962825355286,Correct,Wrong,6,2,NaCl,S0,S1,semcse,alignment_zscore
S0-S3,gpt-4o,S0→S1,0,1,C->W,0.7369587310667692,0.2530496637112582,Correct,Wrong,8,3,KCl,S0,S1,semcse,alignment_zscore
S0-S3,gpt-4o,S0→S1,0,1,C->W,0.0052564432490617,0.1643108292614417,Correct,Wrong,8,4,KCl,S0,S1,semcse,alignment_zscore
S0-S3,gpt-4o,S0→S1,0,1,C->W,0.9086277239079618,1.1419809910352308,Correct,Wrong,10,1,H₂O,S0,S1,semcse,alignment_zscore
S0-S3,gpt-4o,S0→S1,0,1,C->W,1.8062789690455023,1.936797937936382,Correct,Wrong,10,2,PBS,S0,S1,semcse,alignment_zscore
S0-S3,gpt-4o,S0→S1,0,1,C->W,2.1626819073066077,2.2319706197493865,Correct,Wrong,13,1,H₂O,S0,S1,semcse,alignment_zscore
S0-S3,gpt-4o,S0→S1,0,1,C->W,1.7284124756066648,2.731145450786576,Correct,Wrong,20,1,EtOH/H₂O,S0,S1,semcse,alignment_zscore
S0-S3,gpt-4o,S0→S1,0,1,C->W,-0.8556514279673869,0.6408392852163809,Correct,Wrong,36,3,NaCl + TAcG,S0,S1,semcse,alignment_zscore
S0-S3,gpt-4o,S0→S1,0,1,C->W,1.2124563068256575,1.7412359888169069,Correct,Wrong,40,2,NaCl,S0,S1,semcse,alignment_zscore
S0-S3,gpt-4o,S0→S1,0,1,C->W,1.0556182044106723,1.6346198115281834,Correct,Wrong,40,3,NH₄Cl,S0,S1,semcse,alignment_zscore
S0-S3,gpt-4o,S0→S1,0,1,C->W,0.6568419203237489,0.4499621224183679,Correct,Wrong,40,4,Me₄NCl,S0,S1,semcse,alignment_zscore
S0-S3,gpt-4o,S0→S1,0,1,C->W,1.3930668356696527,1.3062850911886477,Correct,Wrong,41,1,KCl,S0,S1,semcse,alignment_zscore
S0-S3,gpt-4o,S0→S1,0,1,C->W,-0.3038134368205337,-0.8027296982485306,Correct,Wrong,48,1,B(OH)₃ + AgNO₃,S0,S1,semcse,alignment_zscore
S0-S3,gpt-4o,S0→S1,0,1,C->W,2.439224265030904,2.060968724661337,Correct,Wrong,52,1,KB(OH)₄,S0,S1,semcse,alignment_zscore
S0-S3,gpt-4o,S0→S1,0,1,C->W,-0.988465085403393,-1.1731083918863934,Correct,Wrong,56,1,H₂O,S0,S1,semcse,alignment_zscore
S0-S3,gpt-4o,S0→S1,0,1,C->W,1.621711065440358,1.6095033964499612,Correct,Wrong,64,1,KCl,S0,S1,semcse,alignment_zscore
S0-S3,gpt-4o,S0→S1,0,1,C->W,1.215322821820981,0.6650541290532804,Correct,Wrong,64,2,NaB(OH)₄,S0,S1,semcse,alignment_zscore
S0-S3,gpt-4o,S0→S1,0,1,W->C,2.5694866105810568,2.2043754051911537,Wrong,Correct,1,3,NaCl,S0,S1,semcse,alignment_zscore
S0-S3,gpt-4o,S0→S1,0,1,W->C,2.130765040488383,1.0888817564669075,Wrong,Correct,3,2,B(OH)₃ + AgNO₃,S0,S1,semcse,alignment_zscore
S0-S3,gpt-4o,S0→S1,0,1,W->C,1.6868722609411035,1.3413651506583208,Wrong,Correct,5,3,NaCl,S0,S1,semcse,alignment_zscore
S0-S3,gpt-4o,S0→S1,0,1,W->C,1.9044196216578892,2.6188994395856957,Wrong,Correct,8,1,LiCl,S0,S1,semcse,alignment_zscore
S0-S3,gpt-4o,S0→S1,0,1,W->C,1.8849965321299944,2.2687268598697217,Wrong,Correct,8,2,NaCl,S0,S1,semcse,alignment_zscore
S0-S3,gpt-4o,S0→S1,0,1,W->C,1.1714546436161506,1.8606342978330244,Wrong,Correct,9,1,LiCl,S0,S1,semcse,alignment_zscore
S0-S3,gpt-4o,S0→S1,0,1,W->C,1.5840589450637386,2.311050981144866,Wrong,Correct,9,3,NaCl,S0,S1,semcse,alignment_zscore
S0-S3,gpt-4o,S0→S1,0,1,W->C,0.0909721545140569,0.3450061907462019,Wrong,Correct,14,1,H₂O,S0,S1,semcse,alignment_zscore
S0-S3,gpt-4o,S0→S1,0,1,W->C,-0.6839263602611563,-0.6056554254909023,Wrong,Correct,17,1,H₂O,S0,S1,semcse,alignment_zscore
S0-S3,gpt-4o,S0→S1,0,1,W->C,1.9053761742127888,1.724954706850829,Wrong,Correct,22,1,EtOH/H₂O,S0,S1,semcse,alignment_zscore
S0-S3,gpt-4o,S0→S1,0,1,W->C,2.071489180352862,2.2506825579921625,Wrong,Correct,23,1,EtOH/H₂O,S0,S1,semcse,alignment_zscore
S0-S3,gpt-4o,S0→S1,0,1,W->C,0.8689426285516959,0.7016575418124115,Wrong,Correct,24,1,EtOH/H₂O,S0,S1,semcse,alignment_zscore
S0-S3,gpt-4o,S0→S1,0,1,W->C,-0.5015721904219793,-0.158202208411844,Wrong,Correct,26,2,KOH,S0,S1,semcse,alignment_zscore
S0-S3,gpt-4o,S0→S1,0,1,W->C,-0.4239772448984916,0.0901484499635522,Wrong,Correct,26,3,LiOH,S0,S1,semcse,alignment_zscore
S0-S3,gpt-4o,S0→S1,0,1,W->C,-0.225813807966203,-0.4240095409702242,Wrong,Correct,27,3,LiOH,S0,S1,semcse,alignment_zscore
S0-S3,gpt-4o,S0→S1,0,1,W->C,1.4398544018217785,1.2258739577504336,Wrong,Correct,33,1,H₂O,S0,S1,semcse,alignment_zscore
S0-S3,gpt-4o,S0→S1,0,1,W->C,-0.0221440155079283,0.3522482635249238,Wrong,Correct,34,1,H₂O,S0,S1,semcse,alignment_zscore
S0-S3,gpt-4o,S0→S1,0,1,W->C,1.3148345649018034,1.536096313837883,Wrong,Correct,36,2,KCl,S0,S1,semcse,alignment_zscore
S0-S3,gpt-4o,S0→S1,0,1,W->C,-0.1211718293362097,0.6007042847796271,Wrong,Correct,37,1,KCl + NaCl,S0,S1,semcse,alignment_zscore
S0-S3,gpt-4o,S0→S1,0,1,W->C,-1.0000176568722243,-1.209558058162568,Wrong,Correct,38,1,KCl + NaCl,S0,S1,semcse,alignment_zscore
S0-S3,gpt-4o,S0→S1,0,1,W->C,-1.219215859052953,-1.572031989129136,Wrong,Correct,38,2,KCl,S0,S1,semcse,alignment_zscore
S0-S3,gpt-4o,S0→S1,0,1,W->C,-0.6114678560337073,-0.4352849390187112,Wrong,Correct,48,2,B(OH)₃ + other ions,S0,S1,semcse,alignment_zscore
S0-S3,gpt-4o,S0→S1,0,1,W->C,2.226681069594282,1.6334813660806526,Wrong,Correct,53,1,H₂O,S0,S1,semcse,alignment_zscore
S0-S3,gpt-4o,S0→S1,0,1,W->C,1.1761608513877375,0.5753124759459626,Wrong,Correct,54,1,H₂O,S0,S1,semcse,alignment_zscore
S0-S3,gpt-4o,S0→S1,0,1,W->C,0.3965995954975518,0.5660263098738535,Wrong,Correct,58,1,H₂O,S0,S1,semcse,alignment_zscore
S0-S3,gpt-4o,S0→S1,0,1,W->C,0.3270107931215838,0.3368618230135237,Wrong,Correct,59,1,H₂O,S0,S1,semcse,alignment_zscore
S0-S3,gpt-4o,S0→S1,0,1,W->C,0.2278301174134836,-0.0996916945551519,Wrong,Correct,60,1,H₂O,S0,S1,semcse,alignment_zscore
S0-S3,gpt-4o,S0→S1,0,1,W->C,-0.5201972399588335,-0.1806168884831001,Wrong,Correct,61,1,H₂O,S0,S1,semcse,alignment_zscore
S0-S3,gpt-4o,S0→S1,0,1,W->C,1.9789672924109405,2.366597082279691,Wrong,Correct,62,1,H₂O,S0,S1,semcse,alignment_zscore
S0-S3,gpt-4o,S0→S1,0,1,W->C,2.149427476813801,2.387823641067645,Wrong,Correct,62,2,EtOH/H₂O,S0,S1,semcse,alignment_zscore
S0-S3,gpt-4o,S0→S1,0,1,W->C,1.9222417115228407,2.284115487119566,Wrong,Correct,63,1,H₂O,S0,S1,semcse,alignment_zscore
S0-S3,gpt-4o,S0→S1,0,1,W->C,2.0652686833630653,2.4094127492098107,Wrong,Correct,63,2,EtOH/H₂O,S0,S1,semcse,alignment_zscore
S0-S3,gpt-4o,S0→S1,0,1,W->W,2.4535604338110164,2.291395101331996,Wrong,Wrong,1,2,LiCl,S0,S1,semcse,alignment_zscore
S0-S3,gpt-4o,S0→S1,0,1,W->W,0.9306348088735854,0.8913964423581894,Wrong,Wrong,1,5,KB(OH)₄,S0,S1,semcse,alignment_zscore
S0-S3,gpt-4o,S0→S1,0,1,W->W,1.5146503401387648,1.4263045626204591,Wrong,Wrong,7,1,LiCl,S0,S1,semcse,alignment_zscore
S0-S3,gpt-4o,S0→S1,0,1,W->W,2.306236333589716,1.7018588418387794,Wrong,Wrong,7,2,NaCl,S0,S1,semcse,alignment_zscore
S0-S3,gpt-4o,S0→S1,0,1,W->W,1.5643076103313278,1.0491125965984454,Wrong,Wrong,7,3,KCl + NaCl,S0,S1,semcse,alignment_zscore
S0-S3,gpt-4o,S0→S1,0,1,W->W,1.5509491290981976,0.9574469977782452,Wrong,Wrong,7,6,KCl,S0,S1,semcse,alignment_zscore
S0-S3,gpt-4o,S0→S1,0,1,W->W,1.7126327095323015,2.4378995796966003,Wrong,Wrong,7,7,KCl,S0,S1,semcse,alignment_zscore
S0-S3,gpt-4o,S0→S1,0,1,W->W,1.7746284774069128,2.036021604910247,Wrong,Wrong,7,10,KB(OH)₄,S0,S1,semcse,alignment_zscore
S0-S3,gpt-4o,S0→S1,0,1,W->W,1.8611527106197696,1.8489564986257263,Wrong,Wrong,7,11,LiB(OH)₄,S0,S1,semcse,alignment_zscore
S0-S3,gpt-4o,S0→S1,0,1,W->W,1.6516207281400015,1.808089099790258,Wrong,Wrong,9,2,KCl,S0,S1,semcse,alignment_zscore
S0-S3,gpt-4o,S0→S1,0,1,W->W,0.9952876011155968,0.9664887112231196,Wrong,Wrong,11,1,H₂O,S0,S1,semcse,alignment_zscore
S0-S3,gpt-4o,S0→S1,0,1,W->W,0.6401652967061697,0.4526398234301229,Wrong,Wrong,12,1,H₂O,S0,S1,semcse,alignment_zscore
S0-S3,gpt-4o,S0→S1,0,1,W->W,0.4135249845299052,0.4090164367401249,Wrong,Wrong,13,3,acidic pH + benzyl amine,S0,S1,semcse,alignment_zscore
S0-S3,gpt-4o,S0→S1,0,1,W->W,-0.4902611401991634,-0.2498655939040542,Wrong,Wrong,28,1,NaOH,S0,S1,semcse,alignment_zscore
S0-S3,gpt-4o,S0→S1,0,1,W->W,0.4308069298688862,0.7971599987404484,Wrong,Wrong,32,1,H₂O,S0,S1,semcse,alignment_zscore
S0-S3,gpt-4o,S0→S1,0,1,W->W,0.8842686451372364,1.053585494384233,Wrong,Wrong,35,1,H₂O,S0,S1,semcse,alignment_zscore
S0-S3,gpt-4o,S0→S1,0,1,W->W,-0.111081951536924,-0.209081912616298,Wrong,Wrong,39,1,NaCl,S0,S1,semcse,alignment_zscore
S0-S3,gpt-4o,S0→S1,0,1,W->W,1.276613834196451,1.25785076248115,Wrong,Wrong,40,5,Borate buffer,S0,S1,semcse,alignment_zscore
S0-S3,gpt-4o,S0→S1,0,1,W->W,0.6405641180912371,0.2527944895307357,Wrong,Wrong,42,1,KCl,S0,S1,semcse,alignment_zscore
S0-S3,gpt-4o,S0→S1,0,1,W->W,0.1869813911472361,0.1474433248541331,Wrong,Wrong,43,1,KCl,S0,S1,semcse,alignment_zscore
S0-S3,gpt-4o,S0→S1,0,1,W->W,1.8125905988714728,1.3604240456584529,Wrong,Wrong,44,1,KCl,S0,S1,semcse,alignment_zscore
S0-S3,gpt-4o,S0→S1,0,1,W->W,0.9776255588123184,1.140560451827576,Wrong,Wrong,45,2,Organic solvents,S0,S1,semcse,alignment_zscore
S0-S3,gpt-4o,S0→S1,0,1,W->W,0.8354398677035574,0.3784133311073152,Wrong,Wrong,45,3,Organic solvents,S0,S1,semcse,alignment_zscore
S0-S3,gpt-4o,S0→S1,0,1,W->W,1.439772670166948,1.0893128508371617,Wrong,Wrong,49,1,B(OH)₃ + AgNO₃,S0,S1,semcse,alignment_zscore
S0-S3,gpt-4o,S0→S1,0,1,W->W,0.4664891239078675,1.1642952849786146,Wrong,Wrong,51,1,KB(OH)₄,S0,S1,semcse,alignment_zscore
S0-S3,gpt-4o,S0→S1,0,1,W->W,0.133846765093613,-0.6009460385128557,Wrong,Wrong,55,1,H₂O,S0,S1,semcse,alignment_zscore
S0-S3,gpt-4o,S0→S1,0,1,W->W,-0.4785152953534625,0.5559899038817236,Wrong,Wrong,57,1,H₂O,S0,S1,semcse,alignment_zscore
S0-S3,gpt-4o,S0→S1,0,1,W->W,-0.911412990193616,-0.6109292875925376,Wrong,Wrong,57,2,EtOH/H₂O,S0,S1,semcse,alignment_zscore
S0-S3,gpt-4o,S1→S2,1,2,C->C,0.5408602955564219,0.9190600316571256,Correct,Correct,1,1,Tb(NO₃)₃ or Dy(NO₃)₃,S1,S2,semcse,alignment_zscore
S0-S3,gpt-4o,S1→S2,1,2,C->C,2.2043754051911537,2.149161832799193,Correct,Correct,1,3,NaCl,S1,S2,semcse,alignment_zscore
S0-S3,gpt-4o,S1→S2,1,2,C->C,2.487484413237332,2.3533208542163946,Correct,Correct,1,4,KCl,S1,S2,semcse,alignment_zscore
S0-S3,gpt-4o,S1→S2,1,2,C->C,1.385226000081199,1.4632609996457198,Correct,Correct,2,1,Tb(NO₃)₃ or Eu(NO₃)₃,S1,S2,semcse,alignment_zscore
S0-S3,gpt-4o,S1→S2,1,2,C->C,1.0888817564669075,2.089434770583271,Correct,Correct,3,2,B(OH)₃ + AgNO₃,S1,S2,semcse,alignment_zscore
S0-S3,gpt-4o,S1→S2,1,2,C->C,0.7092329037701134,0.9284214450536226,Correct,Correct,5,2,KCl,S1,S2,semcse,alignment_zscore
S0-S3,gpt-4o,S1→S2,1,2,C->C,1.3413651506583208,1.5730954040836445,Correct,Correct,5,3,NaCl,S1,S2,semcse,alignment_zscore
S0-S3,gpt-4o,S1→S2,1,2,C->C,1.1164530105972923,1.2992839290872835,Correct,Correct,6,1,LiCl,S1,S2,semcse,alignment_zscore
S0-S3,gpt-4o,S1→S2,1,2,C->C,2.032157352370929,1.6468831189141382,Correct,Correct,6,3,KCl,S1,S2,semcse,alignment_zscore
S0-S3,gpt-4o,S1→S2,1,2,C->C,-0.238662092935131,-0.0836429487408656,Correct,Correct,7,4,KCl,S1,S2,semcse,alignment_zscore
S0-S3,gpt-4o,S1→S2,1,2,C->C,1.4092994655545148,1.6917868619320549,Correct,Correct,7,5,KCl,S1,S2,semcse,alignment_zscore
S0-S3,gpt-4o,S1→S2,1,2,C->C,0.7432991316795051,0.5629169633319207,Correct,Correct,7,8,KCl + TAcG,S1,S2,semcse,alignment_zscore
S0-S3,gpt-4o,S1→S2,1,2,C->C,2.169688450976281,2.164252019474103,Correct,Correct,7,9,KB(OH)₄,S1,S2,semcse,alignment_zscore
S0-S3,gpt-4o,S1→S2,1,2,C->C,2.6188994395856957,2.3725630670065216,Correct,Correct,8,1,LiCl,S1,S2,semcse,alignment_zscore
S0-S3,gpt-4o,S1→S2,1,2,C->C,2.2687268598697217,2.6441767146185566,Correct,Correct,8,2,NaCl,S1,S2,semcse,alignment_zscore
S0-S3,gpt-4o,S1→S2,1,2,C->C,1.8606342978330244,1.7465039376001972,Correct,Correct,9,1,LiCl,S1,S2,semcse,alignment_zscore
S0-S3,gpt-4o,S1→S2,1,2,C->C,2.311050981144866,2.176502314373124,Correct,Correct,9,3,NaCl,S1,S2,semcse,alignment_zscore
S0-S3,gpt-4o,S1→S2,1,2,C->C,-0.6573306612598864,-0.7170249165861722,Correct,Correct,13,2,acidic pH,S1,S2,semcse,alignment_zscore
S0-S3,gpt-4o,S1→S2,1,2,C->C,0.3450061907462019,0.5592549895013079,Correct,Correct,14,1,H₂O,S1,S2,semcse,alignment_zscore
S0-S3,gpt-4o,S1→S2,1,2,C->C,-2.160594240218844,-1.802094184093775,Correct,Correct,15,1,H₂O,S1,S2,semcse,alignment_zscore
S0-S3,gpt-4o,S1→S2,1,2,C->C,1.197048929453509,1.447864117036669,Correct,Correct,16,1,H₂O,S1,S2,semcse,alignment_zscore
S0-S3,gpt-4o,S1→S2,1,2,C->C,-0.6056554254909023,-0.8011650213244583,Correct,Correct,17,1,H₂O,S1,S2,semcse,alignment_zscore
S0-S3,gpt-4o,S1→S2,1,2,C->C,1.3567547871357146,1.379504982161058,Correct,Correct,18,1,H₂O,S1,S2,semcse,alignment_zscore
S0-S3,gpt-4o,S1→S2,1,2,C->C,0.0141233402397157,-0.0167382199365649,Correct,Correct,19,1,H₂O,S1,S2,semcse,alignment_zscore
S0-S3,gpt-4o,S1→S2,1,2,C->C,0.0512907256919127,-0.0250485286422256,Correct,Correct,21,1,EtOH/H₂O,S1,S2,semcse,alignment_zscore
S0-S3,gpt-4o,S1→S2,1,2,C->C,1.724954706850829,1.800286395300735,Correct,Correct,22,1,EtOH/H₂O,S1,S2,semcse,alignment_zscore
S0-S3,gpt-4o,S1→S2,1,2,C->C,2.2506825579921625,2.140431222440186,Correct,Correct,23,1,EtOH/H₂O,S1,S2,semcse,alignment_zscore
S0-S3,gpt-4o,S1→S2,1,2,C->C,0.7016575418124115,0.7818526305475576,Correct,Correct,24,1,EtOH/H₂O,S1,S2,semcse,alignment_zscore
S0-S3,gpt-4o,S1→S2,1,2,C->C,-0.6535724814739318,-0.7641334991153501,Correct,Correct,25,1,NaOH,S1,S2,semcse,alignment_zscore
S0-S3,gpt-4o,S1→S2,1,2,C->C,1.5522325745423735,1.185617721606964,Correct,Correct,25,2,Organic solvents,S1,S2,semcse,alignment_zscore
S0-S3,gpt-4o,S1→S2,1,2,C->C,0.2511376996705557,0.6382886571680679,Correct,Correct,26,1,NaOH,S1,S2,semcse,alignment_zscore
S0-S3,gpt-4o,S1→S2,1,2,C->C,-0.158202208411844,-0.6120207935088001,Correct,Correct,26,2,KOH,S1,S2,semcse,alignment_zscore
S0-S3,gpt-4o,S1→S2,1,2,C->C,0.0901484499635522,0.0882318050242807,Correct,Correct,26,3,LiOH,S1,S2,semcse,alignment_zscore
S0-S3,gpt-4o,S1→S2,1,2,C->C,1.953776434494869,1.8598221808397144,Correct,Correct,26,4,Organic solvents,S1,S2,semcse,alignment_zscore
S0-S3,gpt-4o,S1→S2,1,2,C->C,-1.688822407047855,-0.7314860550712107,Correct,Correct,27,1,NaOH,S1,S2,semcse,alignment_zscore
S0-S3,gpt-4o,S1→S2,1,2,C->C,-0.6120773653865573,-0.1569401708836905,Correct,Correct,27,2,KOH,S1,S2,semcse,alignment_zscore
S0-S3,gpt-4o,S1→S2,1,2,C->C,-0.4240095409702242,-0.5424712269997961,Correct,Correct,27,3,LiOH,S1,S2,semcse,alignment_zscore
S0-S3,gpt-4o,S1→S2,1,2,C->C,1.9965063915867916,2.52554133894504,Correct,Correct,27,4,Organic solvents,S1,S2,semcse,alignment_zscore
S0-S3,gpt-4o,S1→S2,1,2,C->C,0.0944423259247471,-0.2636508382469705,Correct,Correct,28,2,Organic solvents,S1,S2,semcse,alignment_zscore
S0-S3,gpt-4o,S1→S2,1,2,C->C,0.7651935994980927,1.1711744897711265,Correct,Correct,29,1,NaOH,S1,S2,semcse,alignment_zscore
S0-S3,gpt-4o,S1→S2,1,2,C->C,0.1798750216762396,0.2324852916582672,Correct,Correct,29,2,Organic solvents,S1,S2,semcse,alignment_zscore
S0-S3,gpt-4o,S1→S2,1,2,C->C,-0.4668609038188236,-0.2353615989711176,Correct,Correct,30,1,NaOH,S1,S2,semcse,alignment_zscore
S0-S3,gpt-4o,S1→S2,1,2,C->C,0.066923731697004,0.0175481511726782,Correct,Correct,30,2,Organic solvents,S1,S2,semcse,alignment_zscore
S0-S3,gpt-4o,S1→S2,1,2,C->C,1.2258739577504336,1.148534180784629,Correct,Correct,33,1,H₂O,S1,S2,semcse,alignment_zscore
S0-S3,gpt-4o,S1→S2,1,2,C->C,0.3522482635249238,0.3041305171108553,Correct,Correct,34,1,H₂O,S1,S2,semcse,alignment_zscore
S0-S3,gpt-4o,S1→S2,1,2,C->C,1.536096313837883,1.5155306184056951,Correct,Correct,36,2,KCl,S1,S2,semcse,alignment_zscore
S0-S3,gpt-4o,S1→S2,1,2,C->C,1.082525957380417,1.0851553375183582,Correct,Correct,37,2,KCl,S1,S2,semcse,alignment_zscore
S0-S3,gpt-4o,S1→S2,1,2,C->C,-1.209558058162568,-1.2433826080122208,Correct,Correct,38,1,KCl + NaCl,S1,S2,semcse,alignment_zscore
S0-S3,gpt-4o,S1→S2,1,2,C->C,2.213170757088049,2.283005376001141,Correct,Correct,39,2,KCl,S1,S2,semcse,alignment_zscore
S0-S3,gpt-4o,S1→S2,1,2,C->C,0.773500458131127,0.9399039141455982,Correct,Correct,40,1,KCl,S1,S2,semcse,alignment_zscore
S0-S3,gpt-4o,S1→S2,1,2,C->C,0.6741151503683962,0.5720311235971872,Correct,Correct,40,6,KCl,S1,S2,semcse,alignment_zscore
S0-S3,gpt-4o,S1→S2,1,2,C->C,2.059744364766914,1.9330421268410565,Correct,Correct,45,1,Organic solvents,S1,S2,semcse,alignment_zscore
S0-S3,gpt-4o,S1→S2,1,2,C->C,0.6863815374628639,0.6006767648953149,Correct,Correct,46,1,Organic solvents,S1,S2,semcse,alignment_zscore
S0-S3,gpt-4o,S1→S2,1,2,C->C,0.0724230403716063,0.1044336566002137,Correct,Correct,46,2,Organic solvents,S1,S2,semcse,alignment_zscore
S0-S3,gpt-4o,S1→S2,1,2,C->C,-0.1532169038785292,-0.1265738057182764,Correct,Correct,47,1,Organic solvents,S1,S2,semcse,alignment_zscore
S0-S3,gpt-4o,S1→S2,1,2,C->C,-1.1671333614650166,-1.0336924054321923,Correct,Correct,47,2,Organic solvents,S1,S2,semcse,alignment_zscore
S0-S3,gpt-4o,S1→S2,1,2,C->C,-0.4352849390187112,0.0175408702582961,Correct,Correct,48,2,B(OH)₃ + other ions,S1,S2,semcse,alignment_zscore
S0-S3,gpt-4o,S1→S2,1,2,C->C,0.4054069808472821,0.227351354072493,Correct,Correct,50,1,B(OH)₃ + AgNO₃,S1,S2,semcse,alignment_zscore
S0-S3,gpt-4o,S1→S2,1,2,C->C,1.6334813660806526,1.4084530539173077,Correct,Correct,53,1,H₂O,S1,S2,semcse,alignment_zscore
S0-S3,gpt-4o,S1→S2,1,2,C->C,2.2388287925868533,2.298143595395559,Correct,Correct,53,2,EtOH/H₂O,S1,S2,semcse,alignment_zscore
S0-S3,gpt-4o,S1→S2,1,2,C->C,0.5753124759459626,0.3910627206629012,Correct,Correct,54,1,H₂O,S1,S2,semcse,alignment_zscore
S0-S3,gpt-4o,S1→S2,1,2,C->C,1.1587923307750083,1.1552610611096636,Correct,Correct,54,2,EtOH/H₂O,S1,S2,semcse,alignment_zscore
S0-S3,gpt-4o,S1→S2,1,2,C->C,1.9093425394846508,1.741046313907892,Correct,Correct,55,2,EtOH/H₂O,S1,S2,semcse,alignment_zscore
S0-S3,gpt-4o,S1→S2,1,2,C->C,0.2323537806403258,0.066201979372844,Correct,Correct,56,2,EtOH/H₂O,S1,S2,semcse,alignment_zscore
S0-S3,gpt-4o,S1→S2,1,2,C->C,0.5660263098738535,0.6967298299851246,Correct,Correct,58,1,H₂O,S1,S2,semcse,alignment_zscore
S0-S3,gpt-4o,S1→S2,1,2,C->C,1.5945601734859591,1.7339521768972412,Correct,Correct,58,2,EtOH/H₂O,S1,S2,semcse,alignment_zscore
S0-S3,gpt-4o,S1→S2,1,2,C->C,0.3368618230135237,0.34940335476041,Correct,Correct,59,1,H₂O,S1,S2,semcse,alignment_zscore
S0-S3,gpt-4o,S1→S2,1,2,C->C,1.3326885400688833,0.9397293434326712,Correct,Correct,59,2,EtOH/H₂O,S1,S2,semcse,alignment_zscore
S0-S3,gpt-4o,S1→S2,1,2,C->C,-0.0996916945551519,0.1349750476407403,Correct,Correct,60,1,H₂O,S1,S2,semcse,alignment_zscore
S0-S3,gpt-4o,S1→S2,1,2,C->C,2.3127166587593804,2.524276028671856,Correct,Correct,60,2,EtOH/H₂O,S1,S2,semcse,alignment_zscore
S0-S3,gpt-4o,S1→S2,1,2,C->C,-0.1806168884831001,-0.3981455832728539,Correct,Correct,61,1,H₂O,S1,S2,semcse,alignment_zscore
S0-S3,gpt-4o,S1→S2,1,2,C->C,1.17921335078818,1.6640438649555986,Correct,Correct,61,2,EtOH/H₂O,S1,S2,semcse,alignment_zscore
S0-S3,gpt-4o,S1→S2,1,2,C->C,2.366597082279691,1.925283683067116,Correct,Correct,62,1,H₂O,S1,S2,semcse,alignment_zscore
S0-S3,gpt-4o,S1→S2,1,2,C->C,2.387823641067645,2.358678922329626,Correct,Correct,62,2,EtOH/H₂O,S1,S2,semcse,alignment_zscore
S0-S3,gpt-4o,S1→S2,1,2,C->C,2.284115487119566,2.067389390186361,Correct,Correct,63,1,H₂O,S1,S2,semcse,alignment_zscore
S0-S3,gpt-4o,S1→S2,1,2,C->C,2.4094127492098107,2.474667409895112,Correct,Correct,63,2,EtOH/H₂O,S1,S2,semcse,alignment_zscore
S0-S3,gpt-4o,S1→S2,1,2,C->W,1.1180162143126982,1.2065933415578536,Correct,Wrong,31,1,H₂O,S1,S2,semcse,alignment_zscore
S0-S3,gpt-4o,S1→S2,1,2,C->W,-0.4452734801740996,-0.2195430850394916,Correct,Wrong,36,1,NaCl,S1,S2,semcse,alignment_zscore
S0-S3,gpt-4o,S1→S2,1,2,C->W,0.6007042847796271,0.8579793981322349,Correct,Wrong,37,1,KCl + NaCl,S1,S2,semcse,alignment_zscore
S0-S3,gpt-4o,S1→S2,1,2,C->W,-1.572031989129136,-1.1273868852404136,Correct,Wrong,38,2,KCl,S1,S2,semcse,alignment_zscore
S0-S3,gpt-4o,S1→S2,1,2,W->C,0.3202132957384514,1.115813422693427,Wrong,Correct,3,1,Tb(NO₃)₃ or Eu(NO₃)₃,S1,S2,semcse,alignment_zscore
S0-S3,gpt-4o,S1→S2,1,2,W->C,0.4526398234301229,0.7909929177997508,Wrong,Correct,12,1,H₂O,S1,S2,semcse,alignment_zscore
S0-S3,gpt-4o,S1→S2,1,2,W->C,0.6408392852163809,0.1007850792733929,Wrong,Correct,36,3,NaCl + TAcG,S1,S2,semcse,alignment_zscore
S0-S3,gpt-4o,S1→S2,1,2,W->C,1.3062850911886477,1.964510080638381,Wrong,Correct,41,1,KCl,S1,S2,semcse,alignment_zscore
S0-S3,gpt-4o,S1→S2,1,2,W->C,1.0893128508371617,1.0307834164789966,Wrong,Correct,49,1,B(OH)₃ + AgNO₃,S1,S2,semcse,alignment_zscore
S0-S3,gpt-4o,S1→S2,1,2,W->C,1.1642952849786146,1.172701585596418,Wrong,Correct,51,1,KB(OH)₄,S1,S2,semcse,alignment_zscore
S0-S3,gpt-4o,S1→S2,1,2,W->C,2.060968724661337,3.089240993292604,Wrong,Correct,52,1,KB(OH)₄,S1,S2,semcse,alignment_zscore
S0-S3,gpt-4o,S1→S2,1,2,W->C,-0.6009460385128557,-0.4871687008623728,Wrong,Correct,55,1,H₂O,S1,S2,semcse,alignment_zscore
S0-S3,gpt-4o,S1→S2,1,2,W->C,0.5559899038817236,-0.0999928342912784,Wrong,Correct,57,1,H₂O,S1,S2,semcse,alignment_zscore
S0-S3,gpt-4o,S1→S2,1,2,W->C,1.6095033964499612,1.6706258792170725,Wrong,Correct,64,1,KCl,S1,S2,semcse,alignment_zscore
S0-S3,gpt-4o,S1→S2,1,2,W->C,0.6650541290532804,0.6966045885391206,Wrong,Correct,64,2,NaB(OH)₄,S1,S2,semcse,alignment_zscore
S0-S3,gpt-4o,S1→S2,1,2,W->W,2.291395101331996,2.536698578579468,Wrong,Wrong,1,2,LiCl,S1,S2,semcse,alignment_zscore
S0-S3,gpt-4o,S1→S2,1,2,W->W,0.8913964423581894,1.6047701642380336,Wrong,Wrong,1,5,KB(OH)₄,S1,S2,semcse,alignment_zscore
S0-S3,gpt-4o,S1→S2,1,2,W->W,1.3786605951592528,1.2484401805287224,Wrong,Wrong,4,1,LiCl,S1,S2,semcse,alignment_zscore
S0-S3,gpt-4o,S1→S2,1,2,W->W,2.0902642368303583,2.0356258754868115,Wrong,Wrong,4,2,NaCl,S1,S2,semcse,alignment_zscore
S0-S3,gpt-4o,S1→S2,1,2,W->W,1.231942560859851,1.3356048733398205,Wrong,Wrong,4,3,KCl,S1,S2,semcse,alignment_zscore
S0-S3,gpt-4o,S1→S2,1,2,W->W,0.8746172690092557,0.8512529505051207,Wrong,Wrong,5,1,LiCl,S1,S2,semcse,alignment_zscore
S0-S3,gpt-4o,S1→S2,1,2,W->W,0.361962825355286,0.0155323661385805,Wrong,Wrong,6,2,NaCl,S1,S2,semcse,alignment_zscore
S0-S3,gpt-4o,S1→S2,1,2,W->W,1.4263045626204591,1.2480392990984168,Wrong,Wrong,7,1,LiCl,S1,S2,semcse,alignment_zscore
S0-S3,gpt-4o,S1→S2,1,2,W->W,1.7018588418387794,1.8130629402406964,Wrong,Wrong,7,2,NaCl,S1,S2,semcse,alignment_zscore
S0-S3,gpt-4o,S1→S2,1,2,W->W,1.0491125965984454,1.206474545820978,Wrong,Wrong,7,3,KCl + NaCl,S1,S2,semcse,alignment_zscore
S0-S3,gpt-4o,S1→S2,1,2,W->W,0.9574469977782452,1.0040920679230223,Wrong,Wrong,7,6,KCl,S1,S2,semcse,alignment_zscore
S0-S3,gpt-4o,S1→S2,1,2,W->W,2.4378995796966003,2.119230278460473,Wrong,Wrong,7,7,KCl,S1,S2,semcse,alignment_zscore
S0-S3,gpt-4o,S1→S2,1,2,W->W,2.036021604910247,2.3789750061009967,Wrong,Wrong,7,10,KB(OH)₄,S1,S2,semcse,alignment_zscore
S0-S3,gpt-4o,S1→S2,1,2,W->W,1.8489564986257263,1.7402370250917971,Wrong,Wrong,7,11,LiB(OH)₄,S1,S2,semcse,alignment_zscore
S0-S3,gpt-4o,S1→S2,1,2,W->W,0.2530496637112582,0.2204103999656326,Wrong,Wrong,8,3,KCl,S1,S2,semcse,alignment_zscore
S0-S3,gpt-4o,S1→S2,1,2,W->W,0.1643108292614417,0.1336101559351565,Wrong,Wrong,8,4,KCl,S1,S2,semcse,alignment_zscore
S0-S3,gpt-4o,S1→S2,1,2,W->W,1.808089099790258,1.8486810726896337,Wrong,Wrong,9,2,KCl,S1,S2,semcse,alignment_zscore
S0-S3,gpt-4o,S1→S2,1,2,W->W,1.1419809910352308,1.196862240343671,Wrong,Wrong,10,1,H₂O,S1,S2,semcse,alignment_zscore
S0-S3,gpt-4o,S1→S2,1,2,W->W,1.936797937936382,2.068872906266693,Wrong,Wrong,10,2,PBS,S1,S2,semcse,alignment_zscore
S0-S3,gpt-4o,S1→S2,1,2,W->W,0.9664887112231196,1.133825124757467,Wrong,Wrong,11,1,H₂O,S1,S2,semcse,alignment_zscore
S0-S3,gpt-4o,S1→S2,1,2,W->W,2.2319706197493865,2.2097971787336563,Wrong,Wrong,13,1,H₂O,S1,S2,semcse,alignment_zscore
S0-S3,gpt-4o,S1→S2,1,2,W->W,0.4090164367401249,0.3637218709294795,Wrong,Wrong,13,3,acidic pH + benzyl amine,S1,S2,semcse,alignment_zscore
S0-S3,gpt-4o,S1→S2,1,2,W->W,2.731145450786576,2.8628663662181704,Wrong,Wrong,20,1,EtOH/H₂O,S1,S2,semcse,alignment_zscore
S0-S3,gpt-4o,S1→S2,1,2,W->W,-0.2498655939040542,0.0570702722630256,Wrong,Wrong,28,1,NaOH,S1,S2,semcse,alignment_zscore
S0-S3,gpt-4o,S1→S2,1,2,W->W,0.7971599987404484,0.5143807318578647,Wrong,Wrong,32,1,H₂O,S1,S2,semcse,alignment_zscore
S0-S3,gpt-4o,S1→S2,1,2,W->W,1.053585494384233,1.1063836077744689,Wrong,Wrong,35,1,H₂O,S1,S2,semcse,alignment_zscore
S0-S3,gpt-4o,S1→S2,1,2,W->W,-0.209081912616298,-0.1889428305802956,Wrong,Wrong,39,1,NaCl,S1,S2,semcse,alignment_zscore
S0-S3,gpt-4o,S1→S2,1,2,W->W,1.7412359888169069,1.4745831287100315,Wrong,Wrong,40,2,NaCl,S1,S2,semcse,alignment_zscore
S0-S3,gpt-4o,S1→S2,1,2,W->W,1.6346198115281834,1.661327160034353,Wrong,Wrong,40,3,NH₄Cl,S1,S2,semcse,alignment_zscore
S0-S3,gpt-4o,S1→S2,1,2,W->W,0.4499621224183679,0.7556529677214981,Wrong,Wrong,40,4,Me₄NCl,S1,S2,semcse,alignment_zscore
S0-S3,gpt-4o,S1→S2,1,2,W->W,1.25785076248115,0.7539014090552284,Wrong,Wrong,40,5,Borate buffer,S1,S2,semcse,alignment_zscore
S0-S3,gpt-4o,S1→S2,1,2,W->W,0.2527944895307357,0.2367298899624298,Wrong,Wrong,42,1,KCl,S1,S2,semcse,alignment_zscore
S0-S3,gpt-4o,S1→S2,1,2,W->W,0.1474433248541331,-0.0292237821846669,Wrong,Wrong,43,1,KCl,S1,S2,semcse,alignment_zscore
S0-S3,gpt-4o,S1→S2,1,2,W->W,1.3604240456584529,1.4741689093455006,Wrong,Wrong,44,1,KCl,S1,S2,semcse,alignment_zscore
S0-S3,gpt-4o,S1→S2,1,2,W->W,1.140560451827576,1.5753816597185506,Wrong,Wrong,45,2,Organic solvents,S1,S2,semcse,alignment_zscore
S0-S3,gpt-4o,S1→S2,1,2,W->W,0.3784133311073152,0.5010391957504465,Wrong,Wrong,45,3,Organic solvents,S1,S2,semcse,alignment_zscore
S0-S3,gpt-4o,S1→S2,1,2,W->W,-0.8027296982485306,-0.5690500574854548,Wrong,Wrong,48,1,B(OH)₃ + AgNO₃,S1,S2,semcse,alignment_zscore
S0-S3,gpt-4o,S1→S2,1,2,W->W,-1.1731083918863934,-1.515595842956928,Wrong,Wrong,56,1,H₂O,S1,S2,semcse,alignment_zscore
S0-S3,gpt-4o,S1→S2,1,2,W->W,-0.6109292875925376,-0.5796316529751047,Wrong,Wrong,57,2,EtOH/H₂O,S1,S2,semcse,alignment_zscore
S0-S3,gpt-4o,S2→S3,2,3,C->C,0.9190600316571256,1.5645852810129193,Correct,Correct,1,1,Tb(NO₃)₃ or Dy(NO₃)₃,S2,S3,semcse,alignment_zscore
S0-S3,gpt-4o,S2→S3,2,3,C->C,2.149161832799193,2.386334013734026,Correct,Correct,1,3,NaCl,S2,S3,semcse,alignment_zscore
S0-S3,gpt-4o,S2→S3,2,3,C->C,2.3533208542163946,2.280270660182728,Correct,Correct,1,4,KCl,S2,S3,semcse,alignment_zscore
S0-S3,gpt-4o,S2→S3,2,3,C->C,1.4632609996457198,2.1407253450614125,Correct,Correct,2,1,Tb(NO₃)₃ or Eu(NO₃)₃,S2,S3,semcse,alignment_zscore
S0-S3,gpt-4o,S2→S3,2,3,C->C,1.115813422693427,1.5486042933647517,Correct,Correct,3,1,Tb(NO₃)₃ or Eu(NO₃)₃,S2,S3,semcse,alignment_zscore
S0-S3,gpt-4o,S2→S3,2,3,C->C,2.089434770583271,3.832669292125924,Correct,Correct,3,2,B(OH)₃ + AgNO₃,S2,S3,semcse,alignment_zscore
S0-S3,gpt-4o,S2→S3,2,3,C->C,0.9284214450536226,1.089236548886203,Correct,Correct,5,2,KCl,S2,S3,semcse,alignment_zscore
S0-S3,gpt-4o,S2→S3,2,3,C->C,1.5730954040836445,1.8771729862103512,Correct,Correct,5,3,NaCl,S2,S3,semcse,alignment_zscore
S0-S3,gpt-4o,S2→S3,2,3,C->C,1.2992839290872835,1.7693823417522614,Correct,Correct,6,1,LiCl,S2,S3,semcse,alignment_zscore
S0-S3,gpt-4o,S2→S3,2,3,C->C,1.6468831189141382,2.131237193992535,Correct,Correct,6,3,KCl,S2,S3,semcse,alignment_zscore
S0-S3,gpt-4o,S2→S3,2,3,C->C,-0.0836429487408656,0.2377689572564568,Correct,Correct,7,4,KCl,S2,S3,semcse,alignment_zscore
S0-S3,gpt-4o,S2→S3,2,3,C->C,1.6917868619320549,1.4313897355081484,Correct,Correct,7,5,KCl,S2,S3,semcse,alignment_zscore
S0-S3,gpt-4o,S2→S3,2,3,C->C,0.5629169633319207,0.9490101098304228,Correct,Correct,7,8,KCl + TAcG,S2,S3,semcse,alignment_zscore
S0-S3,gpt-4o,S2→S3,2,3,C->C,2.164252019474103,2.3710436735276748,Correct,Correct,7,9,KB(OH)₄,S2,S3,semcse,alignment_zscore
S0-S3,gpt-4o,S2→S3,2,3,C->C,2.3725630670065216,2.324839117099079,Correct,Correct,8,1,LiCl,S2,S3,semcse,alignment_zscore
S0-S3,gpt-4o,S2→S3,2,3,C->C,2.6441767146185566,2.4059322501293186,Correct,Correct,8,2,NaCl,S2,S3,semcse,alignment_zscore
S0-S3,gpt-4o,S2→S3,2,3,C->C,1.7465039376001972,2.0388688574811957,Correct,Correct,9,1,LiCl,S2,S3,semcse,alignment_zscore
S0-S3,gpt-4o,S2→S3,2,3,C->C,2.176502314373124,2.478273250442605,Correct,Correct,9,3,NaCl,S2,S3,semcse,alignment_zscore
S0-S3,gpt-4o,S2→S3,2,3,C->C,-0.7170249165861722,-0.3220553769223763,Correct,Correct,13,2,acidic pH,S2,S3,semcse,alignment_zscore
S0-S3,gpt-4o,S2→S3,2,3,C->C,0.5592549895013079,1.5115071739356014,Correct,Correct,14,1,H₂O,S2,S3,semcse,alignment_zscore
S0-S3,gpt-4o,S2→S3,2,3,C->C,1.447864117036669,1.562869455058311,Correct,Correct,16,1,H₂O,S2,S3,semcse,alignment_zscore
S0-S3,gpt-4o,S2→S3,2,3,C->C,-0.8011650213244583,-0.0298894537377837,Correct,Correct,17,1,H₂O,S2,S3,semcse,alignment_zscore
S0-S3,gpt-4o,S2→S3,2,3,C->C,1.379504982161058,1.35617753420591,Correct,Correct,18,1,H₂O,S2,S3,semcse,alignment_zscore
S0-S3,gpt-4o,S2→S3,2,3,C->C,-0.0167382199365649,0.5131485099582973,Correct,Correct,19,1,H₂O,S2,S3,semcse,alignment_zscore
S0-S3,gpt-4o,S2→S3,2,3,C->C,-0.0250485286422256,-0.1442508183654633,Correct,Correct,21,1,EtOH/H₂O,S2,S3,semcse,alignment_zscore
S0-S3,gpt-4o,S2→S3,2,3,C->C,1.800286395300735,1.7337155798613044,Correct,Correct,22,1,EtOH/H₂O,S2,S3,semcse,alignment_zscore
S0-S3,gpt-4o,S2→S3,2,3,C->C,2.140431222440186,1.8139568972123128,Correct,Correct,23,1,EtOH/H₂O,S2,S3,semcse,alignment_zscore
S0-S3,gpt-4o,S2→S3,2,3,C->C,0.7818526305475576,1.3675178641823686,Correct,Correct,24,1,EtOH/H₂O,S2,S3,semcse,alignment_zscore
S0-S3,gpt-4o,S2→S3,2,3,C->C,-0.7641334991153501,0.1856248916492791,Correct,Correct,25,1,NaOH,S2,S3,semcse,alignment_zscore
S0-S3,gpt-4o,S2→S3,2,3,C->C,1.185617721606964,1.8935763807208776,Correct,Correct,25,2,Organic solvents,S2,S3,semcse,alignment_zscore
S0-S3,gpt-4o,S2→S3,2,3,C->C,-0.6120207935088001,1.307263098285468,Correct,Correct,26,2,KOH,S2,S3,semcse,alignment_zscore
S0-S3,gpt-4o,S2→S3,2,3,C->C,0.0882318050242807,1.4759508277176654,Correct,Correct,26,3,LiOH,S2,S3,semcse,alignment_zscore
S0-S3,gpt-4o,S2→S3,2,3,C->C,1.8598221808397144,2.050929660084454,Correct,Correct,26,4,Organic solvents,S2,S3,semcse,alignment_zscore
S0-S3,gpt-4o,S2→S3,2,3,C->C,-0.7314860550712107,-0.1490621775771893,Correct,Correct,27,1,NaOH,S2,S3,semcse,alignment_zscore
S0-S3,gpt-4o,S2→S3,2,3,C->C,-0.1569401708836905,1.3621230755775278,Correct,Correct,27,2,KOH,S2,S3,semcse,alignment_zscore
S0-S3,gpt-4o,S2→S3,2,3,C->C,-0.5424712269997961,1.2179953393411913,Correct,Correct,27,3,LiOH,S2,S3,semcse,alignment_zscore
S0-S3,gpt-4o,S2→S3,2,3,C->C,2.52554133894504,2.606910675677104,Correct,Correct,27,4,Organic solvents,S2,S3,semcse,alignment_zscore
S0-S3,gpt-4o,S2→S3,2,3,C->C,-0.2636508382469705,0.4663869762327041,Correct,Correct,28,2,Organic solvents,S2,S3,semcse,alignment_zscore
S0-S3,gpt-4o,S2→S3,2,3,C->C,1.1711744897711265,1.3408414507903128,Correct,Correct,29,1,NaOH,S2,S3,semcse,alignment_zscore
S0-S3,gpt-4o,S2→S3,2,3,C->C,0.2324852916582672,0.3775317577771627,Correct,Correct,29,2,Organic solvents,S2,S3,semcse,alignment_zscore
S0-S3,gpt-4o,S2→S3,2,3,C->C,-0.2353615989711176,0.051993765019349,Correct,Correct,30,1,NaOH,S2,S3,semcse,alignment_zscore
S0-S3,gpt-4o,S2→S3,2,3,C->C,0.0175481511726782,0.4265642797695286,Correct,Correct,30,2,Organic solvents,S2,S3,semcse,alignment_zscore
S0-S3,gpt-4o,S2→S3,2,3,C->C,1.148534180784629,1.4366753317134815,Correct,Correct,33,1,H₂O,S2,S3,semcse,alignment_zscore
S0-S3,gpt-4o,S2→S3,2,3,C->C,0.3041305171108553,0.4888179281558521,Correct,Correct,34,1,H₂O,S2,S3,semcse,alignment_zscore
S0-S3,gpt-4o,S2→S3,2,3,C->C,1.5155306184056951,1.447908659700209,Correct,Correct,36,2,KCl,S2,S3,semcse,alignment_zscore
S0-S3,gpt-4o,S2→S3,2,3,C->C,0.1007850792733929,0.480093324439205,Correct,Correct,36,3,NaCl + TAcG,S2,S3,semcse,alignment_zscore
S0-S3,gpt-4o,S2→S3,2,3,C->C,1.0851553375183582,1.2893496307960404,Correct,Correct,37,2,KCl,S2,S3,semcse,alignment_zscore
S0-S3,gpt-4o,S2→S3,2,3,C->C,-1.2433826080122208,-1.0698116140022542,Correct,Correct,38,1,KCl + NaCl,S2,S3,semcse,alignment_zscore
S0-S3,gpt-4o,S2→S3,2,3,C->C,2.283005376001141,2.3072696836728697,Correct,Correct,39,2,KCl,S2,S3,semcse,alignment_zscore
S0-S3,gpt-4o,S2→S3,2,3,C->C,0.9399039141455982,0.9088347350089744,Correct,Correct,40,1,KCl,S2,S3,semcse,alignment_zscore
S0-S3,gpt-4o,S2→S3,2,3,C->C,0.5720311235971872,0.7252813804430659,Correct,Correct,40,6,KCl,S2,S3,semcse,alignment_zscore
S0-S3,gpt-4o,S2→S3,2,3,C->C,1.964510080638381,0.9389329348929664,Correct,Correct,41,1,KCl,S2,S3,semcse,alignment_zscore
S0-S3,gpt-4o,S2→S3,2,3,C->C,1.9330421268410565,2.653767802839754,Correct,Correct,45,1,Organic solvents,S2,S3,semcse,alignment_zscore
S0-S3,gpt-4o,S2→S3,2,3,C->C,0.6006767648953149,0.6092125728415378,Correct,Correct,46,1,Organic solvents,S2,S3,semcse,alignment_zscore
S0-S3,gpt-4o,S2→S3,2,3,C->C,0.1044336566002137,0.2051800243865052,Correct,Correct,46,2,Organic solvents,S2,S3,semcse,alignment_zscore
S0-S3,gpt-4o,S2→S3,2,3,C->C,-0.1265738057182764,0.1261720862045196,Correct,Correct,47,1,Organic solvents,S2,S3,semcse,alignment_zscore
S0-S3,gpt-4o,S2→S3,2,3,C->C,-1.0336924054321923,-0.7564859582304521,Correct,Correct,47,2,Organic solvents,S2,S3,semcse,alignment_zscore
S0-S3,gpt-4o,S2→S3,2,3,C->C,0.227351354072493,1.2297878351335618,Correct,Correct,50,1,B(OH)₃ + AgNO₃,S2,S3,semcse,alignment_zscore
S0-S3,gpt-4o,S2→S3,2,3,C->C,1.172701585596418,1.370140878411876,Correct,Correct,51,1,KB(OH)₄,S2,S3,semcse,alignment_zscore
S0-S3,gpt-4o,S2→S3,2,3,C->C,3.089240993292604,2.8765466344681534,Correct,Correct,52,1,KB(OH)₄,S2,S3,semcse,alignment_zscore
S0-S3,gpt-4o,S2→S3,2,3,C->C,1.4084530539173077,1.711441085739512,Correct,Correct,53,1,H₂O,S2,S3,semcse,alignment_zscore
S0-S3,gpt-4o,S2→S3,2,3,C->C,0.3910627206629012,1.0459858048944846,Correct,Correct,54,1,H₂O,S2,S3,semcse,alignment_zscore
S0-S3,gpt-4o,S2→S3,2,3,C->C,1.1552610611096636,1.4184119253528251,Correct,Correct,54,2,EtOH/H₂O,S2,S3,semcse,alignment_zscore
S0-S3,gpt-4o,S2→S3,2,3,C->C,1.741046313907892,1.8748209979733932,Correct,Correct,55,2,EtOH/H₂O,S2,S3,semcse,alignment_zscore
S0-S3,gpt-4o,S2→S3,2,3,C->C,0.066201979372844,0.7361605691413263,Correct,Correct,56,2,EtOH/H₂O,S2,S3,semcse,alignment_zscore
S0-S3,gpt-4o,S2→S3,2,3,C->C,-0.0999928342912784,0.1332207960190548,Correct,Correct,57,1,H₂O,S2,S3,semcse,alignment_zscore
S0-S3,gpt-4o,S2→S3,2,3,C->C,0.6967298299851246,0.4105171706708797,Correct,Correct,58,1,H₂O,S2,S3,semcse,alignment_zscore
S0-S3,gpt-4o,S2→S3,2,3,C->C,1.7339521768972412,1.8509036198731124,Correct,Correct,58,2,EtOH/H₂O,S2,S3,semcse,alignment_zscore
S0-S3,gpt-4o,S2→S3,2,3,C->C,0.34940335476041,0.6374854153340772,Correct,Correct,59,1,H₂O,S2,S3,semcse,alignment_zscore
S0-S3,gpt-4o,S2→S3,2,3,C->C,0.9397293434326712,1.6222918767647594,Correct,Correct,59,2,EtOH/H₂O,S2,S3,semcse,alignment_zscore
S0-S3,gpt-4o,S2→S3,2,3,C->C,0.1349750476407403,0.1541135763711703,Correct,Correct,60,1,H₂O,S2,S3,semcse,alignment_zscore
S0-S3,gpt-4o,S2→S3,2,3,C->C,2.524276028671856,2.126120073818264,Correct,Correct,60,2,EtOH/H₂O,S2,S3,semcse,alignment_zscore
S0-S3,gpt-4o,S2→S3,2,3,C->C,-0.3981455832728539,-0.3872799946315239,Correct,Correct,61,1,H₂O,S2,S3,semcse,alignment_zscore
S0-S3,gpt-4o,S2→S3,2,3,C->C,1.6640438649555986,2.009092845684552,Correct,Correct,61,2,EtOH/H₂O,S2,S3,semcse,alignment_zscore
S0-S3,gpt-4o,S2→S3,2,3,C->C,1.925283683067116,2.468773359129378,Correct,Correct,62,1,H₂O,S2,S3,semcse,alignment_zscore
S0-S3,gpt-4o,S2→S3,2,3,C->C,2.358678922329626,2.378688050043821,Correct,Correct,62,2,EtOH/H₂O,S2,S3,semcse,alignment_zscore
S0-S3,gpt-4o,S2→S3,2,3,C->C,2.067389390186361,2.4576457984731075,Correct,Correct,63,1,H₂O,S2,S3,semcse,alignment_zscore
S0-S3,gpt-4o,S2→S3,2,3,C->C,2.474667409895112,2.2808006686588724,Correct,Correct,63,2,EtOH/H₂O,S2,S3,semcse,alignment_zscore
S0-S3,gpt-4o,S2→S3,2,3,C->C,1.6706258792170725,1.9369500986251944,Correct,Correct,64,1,KCl,S2,S3,semcse,alignment_zscore
S0-S3,gpt-4o,S2→S3,2,3,C->W,0.7909929177997508,0.8921449338175256,Correct,Wrong,12,1,H₂O,S2,S3,semcse,alignment_zscore
S0-S3,gpt-4o,S2→S3,2,3,C->W,-1.802094184093775,-1.5492037021402207,Correct,Wrong,15,1,H₂O,S2,S3,semcse,alignment_zscore
S0-S3,gpt-4o,S2→S3,2,3,C->W,0.6382886571680679,0.3211233806534376,Correct,Wrong,26,1,NaOH,S2,S3,semcse,alignment_zscore
S0-S3,gpt-4o,S2→S3,2,3,C->W,0.0175408702582961,-0.6503745676049092,Correct,Wrong,48,2,B(OH)₃ + other ions,S2,S3,semcse,alignment_zscore
S0-S3,gpt-4o,S2→S3,2,3,C->W,1.0307834164789966,2.128729204889139,Correct,Wrong,49,1,B(OH)₃ + AgNO₃,S2,S3,semcse,alignment_zscore
S0-S3,gpt-4o,S2→S3,2,3,C->W,2.298143595395559,2.112429481317651,Correct,Wrong,53,2,EtOH/H₂O,S2,S3,semcse,alignment_zscore
S0-S3,gpt-4o,S2→S3,2,3,C->W,-0.4871687008623728,0.0428308124641233,Correct,Wrong,55,1,H₂O,S2,S3,semcse,alignment_zscore
S0-S3,gpt-4o,S2→S3,2,3,C->W,0.6966045885391206,0.7508960017339389,Correct,Wrong,64,2,NaB(OH)₄,S2,S3,semcse,alignment_zscore
S0-S3,gpt-4o,S2→S3,2,3,W->C,1.6047701642380336,1.400828204120776,Wrong,Correct,1,5,KB(OH)₄,S2,S3,semcse,alignment_zscore
S0-S3,gpt-4o,S2→S3,2,3,W->C,1.2480392990984168,1.6381219400988931,Wrong,Correct,7,1,LiCl,S2,S3,semcse,alignment_zscore
S0-S3,gpt-4o,S2→S3,2,3,W->C,1.8130629402406964,2.0583112253660256,Wrong,Correct,7,2,NaCl,S2,S3,semcse,alignment_zscore
S0-S3,gpt-4o,S2→S3,2,3,W->C,1.133825124757467,2.0464906850533446,Wrong,Correct,11,1,H₂O,S2,S3,semcse,alignment_zscore
S0-S3,gpt-4o,S2→S3,2,3,W->C,2.2097971787336563,2.4898800139712165,Wrong,Correct,13,1,H₂O,S2,S3,semcse,alignment_zscore
S0-S3,gpt-4o,S2→S3,2,3,W->C,2.8628663662181704,3.0476226294898754,Wrong,Correct,20,1,EtOH/H₂O,S2,S3,semcse,alignment_zscore
S0-S3,gpt-4o,S2→S3,2,3,W->C,0.5143807318578647,1.1943687855715557,Wrong,Correct,32,1,H₂O,S2,S3,semcse,alignment_zscore
S0-S3,gpt-4o,S2→S3,2,3,W->C,-0.2195430850394916,-0.0770044228426165,Wrong,Correct,36,1,NaCl,S2,S3,semcse,alignment_zscore
S0-S3,gpt-4o,S2→S3,2,3,W->C,-1.1273868852404136,-0.8139206048707961,Wrong,Correct,38,2,KCl,S2,S3,semcse,alignment_zscore
S0-S3,gpt-4o,S2→S3,2,3,W->C,-0.1889428305802956,-0.1787653043708858,Wrong,Correct,39,1,NaCl,S2,S3,semcse,alignment_zscore
S0-S3,gpt-4o,S2→S3,2,3,W->C,0.5010391957504465,0.5662007532460108,Wrong,Correct,45,3,Organic solvents,S2,S3,semcse,alignment_zscore
S0-S3,gpt-4o,S2→S3,2,3,W->C,-0.5690500574854548,0.867147421013762,Wrong,Correct,48,1,B(OH)₃ + AgNO₃,S2,S3,semcse,alignment_zscore
S0-S3,gpt-4o,S2→S3,2,3,W->C,-0.5796316529751047,-0.5164411904228782,Wrong,Correct,57,2,EtOH/H₂O,S2,S3,semcse,alignment_zscore
S0-S3,gpt-4o,S2→S3,2,3,W->W,2.536698578579468,2.069257977034737,Wrong,Wrong,1,2,LiCl,S2,S3,semcse,alignment_zscore
S0-S3,gpt-4o,S2→S3,2,3,W->W,1.2484401805287224,1.8966149688454972,Wrong,Wrong,4,1,LiCl,S2,S3,semcse,alignment_zscore
S0-S3,gpt-4o,S2→S3,2,3,W->W,2.0356258754868115,2.375865008133254,Wrong,Wrong,4,2,NaCl,S2,S3,semcse,alignment_zscore
S0-S3,gpt-4o,S2→S3,2,3,W->W,1.3356048733398205,1.310227996457466,Wrong,Wrong,4,3,KCl,S2,S3,semcse,alignment_zscore
S0-S3,gpt-4o,S2→S3,2,3,W->W,0.8512529505051207,0.8690781944698868,Wrong,Wrong,5,1,LiCl,S2,S3,semcse,alignment_zscore
S0-S3,gpt-4o,S2→S3,2,3,W->W,0.0155323661385805,0.5361631952762682,Wrong,Wrong,6,2,NaCl,S2,S3,semcse,alignment_zscore
S0-S3,gpt-4o,S2→S3,2,3,W->W,1.206474545820978,0.3483437128667384,Wrong,Wrong,7,3,KCl + NaCl,S2,S3,semcse,alignment_zscore
S0-S3,gpt-4o,S2→S3,2,3,W->W,1.0040920679230223,0.3744115214785243,Wrong,Wrong,7,6,KCl,S2,S3,semcse,alignment_zscore
S0-S3,gpt-4o,S2→S3,2,3,W->W,2.119230278460473,1.8726541535319765,Wrong,Wrong,7,7,KCl,S2,S3,semcse,alignment_zscore
S0-S3,gpt-4o,S2→S3,2,3,W->W,2.3789750061009967,2.201837972477408,Wrong,Wrong,7,10,KB(OH)₄,S2,S3,semcse,alignment_zscore
S0-S3,gpt-4o,S2→S3,2,3,W->W,1.7402370250917971,1.7483999556542982,Wrong,Wrong,7,11,LiB(OH)₄,S2,S3,semcse,alignment_zscore
S0-S3,gpt-4o,S2→S3,2,3,W->W,0.2204103999656326,0.4876447553698584,Wrong,Wrong,8,3,KCl,S2,S3,semcse,alignment_zscore
S0-S3,gpt-4o,S2→S3,2,3,W->W,0.1336101559351565,0.1173135394774614,Wrong,Wrong,8,4,KCl,S2,S3,semcse,alignment_zscore
S0-S3,gpt-4o,S2→S3,2,3,W->W,1.8486810726896337,1.8931247918625904,Wrong,Wrong,9,2,KCl,S2,S3,semcse,alignment_zscore
S0-S3,gpt-4o,S2→S3,2,3,W->W,1.196862240343671,1.065238225846567,Wrong,Wrong,10,1,H₂O,S2,S3,semcse,alignment_zscore
S0-S3,gpt-4o,S2→S3,2,3,W->W,2.068872906266693,1.9263568422328616,Wrong,Wrong,10,2,PBS,S2,S3,semcse,alignment_zscore
S0-S3,gpt-4o,S2→S3,2,3,W->W,0.3637218709294795,0.6900027400649079,Wrong,Wrong,13,3,acidic pH + benzyl amine,S2,S3,semcse,alignment_zscore
S0-S3,gpt-4o,S2→S3,2,3,W->W,0.0570702722630256,-0.010971195274155,Wrong,Wrong,28,1,NaOH,S2,S3,semcse,alignment_zscore
S0-S3,gpt-4o,S2→S3,2,3,W->W,1.2065933415578536,1.3963873128967188,Wrong,Wrong,31,1,H₂O,S2,S3,semcse,alignment_zscore
S0-S3,gpt-4o,S2→S3,2,3,W->W,1.1063836077744689,1.2784340035018067,Wrong,Wrong,35,1,H₂O,S2,S3,semcse,alignment_zscore
S0-S3,gpt-4o,S2→S3,2,3,W->W,0.8579793981322349,-0.168144921013577,Wrong,Wrong,37,1,KCl + NaCl,S2,S3,semcse,alignment_zscore
S0-S3,gpt-4o,S2→S3,2,3,W->W,1.4745831287100315,2.0994233295827875,Wrong,Wrong,40,2,NaCl,S2,S3,semcse,alignment_zscore
S0-S3,gpt-4o,S2→S3,2,3,W->W,1.661327160034353,1.5712867326493374,Wrong,Wrong,40,3,NH₄Cl,S2,S3,semcse,alignment_zscore
S0-S3,gpt-4o,S2→S3,2,3,W->W,0.7556529677214981,0.6952021122559333,Wrong,Wrong,40,4,Me₄NCl,S2,S3,semcse,alignment_zscore
S0-S3,gpt-4o,S2→S3,2,3,W->W,0.7539014090552284,1.2804835662165763,Wrong,Wrong,40,5,Borate buffer,S2,S3,semcse,alignment_zscore
S0-S3,gpt-4o,S2→S3,2,3,W->W,0.2367298899624298,0.9236641915809342,Wrong,Wrong,42,1,KCl,S2,S3,semcse,alignment_zscore
S0-S3,gpt-4o,S2→S3,2,3,W->W,-0.0292237821846669,0.4596678331997094,Wrong,Wrong,43,1,KCl,S2,S3,semcse,alignment_zscore
S0-S3,gpt-4o,S2→S3,2,3,W->W,1.4741689093455006,1.3732545450767577,Wrong,Wrong,44,1,KCl,S2,S3,semcse,alignment_zscore
S0-S3,gpt-4o,S2→S3,2,3,W->W,1.5753816597185506,1.0247239794712235,Wrong,Wrong,45,2,Organic solvents,S2,S3,semcse,alignment_zscore
S0-S3,gpt-4o,S2→S3,2,3,W->W,-1.515595842956928,-0.8419168768558908,Wrong,Wrong,56,1,H₂O,S2,S3,semcse,alignment_zscore
S0-S3,grok-4.3,S0→S1,0,1,C->C,1.790703094161437,2.060812221860623,Correct,Correct,1,2,LiCl,S0,S1,semcse,alignment_zscore
S0-S3,grok-4.3,S0→S1,0,1,C->C,2.8203186997449605,1.5042284224365352,Correct,Correct,3,2,B(OH)₃ + AgNO₃,S0,S1,semcse,alignment_zscore
S0-S3,grok-4.3,S0→S1,0,1,C->C,2.15121547323663,1.861857349701558,Correct,Correct,4,3,KCl,S0,S1,semcse,alignment_zscore
S0-S3,grok-4.3,S0→S1,0,1,C->C,2.239232409220083,1.5875215800016906,Correct,Correct,5,2,KCl,S0,S1,semcse,alignment_zscore
S0-S3,grok-4.3,S0→S1,0,1,C->C,1.8622786655115495,1.6391650872685142,Correct,Correct,6,1,LiCl,S0,S1,semcse,alignment_zscore
S0-S3,grok-4.3,S0→S1,0,1,C->C,2.3499906793899603,2.321260260110368,Correct,Correct,6,3,KCl,S0,S1,semcse,alignment_zscore
S0-S3,grok-4.3,S0→S1,0,1,C->C,1.8895820227770903,1.6121554067713726,Correct,Correct,7,1,LiCl,S0,S1,semcse,alignment_zscore
S0-S3,grok-4.3,S0→S1,0,1,C->C,0.9673709943377446,0.3318690442787004,Correct,Correct,7,4,KCl,S0,S1,semcse,alignment_zscore
S0-S3,grok-4.3,S0→S1,0,1,C->C,1.5032581812503478,1.6253827092384907,Correct,Correct,7,5,KCl,S0,S1,semcse,alignment_zscore
S0-S3,grok-4.3,S0→S1,0,1,C->C,1.0467059336173763,1.1689898458373589,Correct,Correct,7,8,KCl + TAcG,S0,S1,semcse,alignment_zscore
S0-S3,grok-4.3,S0→S1,0,1,C->C,2.087032442878725,2.20000523006343,Correct,Correct,7,9,KB(OH)₄,S0,S1,semcse,alignment_zscore
S0-S3,grok-4.3,S0→S1,0,1,C->C,1.773214228684038,2.019475850528115,Correct,Correct,8,1,LiCl,S0,S1,semcse,alignment_zscore
S0-S3,grok-4.3,S0→S1,0,1,C->C,1.4674599150271117,1.9081140213543983,Correct,Correct,9,1,LiCl,S0,S1,semcse,alignment_zscore
S0-S3,grok-4.3,S0→S1,0,1,C->C,1.8251312729793687,1.9451272123705916,Correct,Correct,16,1,H₂O,S0,S1,semcse,alignment_zscore
S0-S3,grok-4.3,S0→S1,0,1,C->C,1.4353912609798345,1.7213832097141326,Correct,Correct,18,1,H₂O,S0,S1,semcse,alignment_zscore
S0-S3,grok-4.3,S0→S1,0,1,C->C,-0.1249549441597368,0.4757887329591692,Correct,Correct,19,1,H₂O,S0,S1,semcse,alignment_zscore
S0-S3,grok-4.3,S0→S1,0,1,C->C,0.484927835140634,0.1216516897982604,Correct,Correct,21,1,EtOH/H₂O,S0,S1,semcse,alignment_zscore
S0-S3,grok-4.3,S0→S1,0,1,C->C,-0.7804113512158946,-0.8284477968293076,Correct,Correct,25,1,NaOH,S0,S1,semcse,alignment_zscore
S0-S3,grok-4.3,S0→S1,0,1,C->C,2.968399674883333,1.5885603255568124,Correct,Correct,25,2,Organic solvents,S0,S1,semcse,alignment_zscore
S0-S3,grok-4.3,S0→S1,0,1,C->C,1.3521194696868355,1.4603809863375865,Correct,Correct,26,1,NaOH,S0,S1,semcse,alignment_zscore
S0-S3,grok-4.3,S0→S1,0,1,C->C,2.8642834791872533,1.6475360511894166,Correct,Correct,26,4,Organic solvents,S0,S1,semcse,alignment_zscore
S0-S3,grok-4.3,S0→S1,0,1,C->C,-0.0354135223534948,-0.1910460453210648,Correct,Correct,27,1,NaOH,S0,S1,semcse,alignment_zscore
S0-S3,grok-4.3,S0→S1,0,1,C->C,-0.6513199717927964,-0.2120749622339678,Correct,Correct,27,2,KOH,S0,S1,semcse,alignment_zscore
S0-S3,grok-4.3,S0→S1,0,1,C->C,2.5725284223398885,2.663997110623036,Correct,Correct,27,4,Organic solvents,S0,S1,semcse,alignment_zscore
S0-S3,grok-4.3,S0→S1,0,1,C->C,-0.1467387425436851,0.1221001482413108,Correct,Correct,28,2,Organic solvents,S0,S1,semcse,alignment_zscore
S0-S3,grok-4.3,S0→S1,0,1,C->C,1.3403723668252936,1.8183310158261368,Correct,Correct,29,1,NaOH,S0,S1,semcse,alignment_zscore
S0-S3,grok-4.3,S0→S1,0,1,C->C,-0.2634260329020984,0.3983525660604076,Correct,Correct,29,2,Organic solvents,S0,S1,semcse,alignment_zscore
S0-S3,grok-4.3,S0→S1,0,1,C->C,0.1257438194315626,-0.0502629160833165,Correct,Correct,30,1,NaOH,S0,S1,semcse,alignment_zscore
S0-S3,grok-4.3,S0→S1,0,1,C->C,-0.3480798792780605,0.5689781966747848,Correct,Correct,30,2,Organic solvents,S0,S1,semcse,alignment_zscore
S0-S3,grok-4.3,S0→S1,0,1,C->C,1.197792740248087,1.7014228043722226,Correct,Correct,31,1,H₂O,S0,S1,semcse,alignment_zscore
S0-S3,grok-4.3,S0→S1,0,1,C->C,-0.1918621893513805,-0.0061941248765716,Correct,Correct,34,1,H₂O,S0,S1,semcse,alignment_zscore
S0-S3,grok-4.3,S0→S1,0,1,C->C,0.0270810517510071,0.4915223178660998,Correct,Correct,36,1,NaCl,S0,S1,semcse,alignment_zscore
S0-S3,grok-4.3,S0→S1,0,1,C->C,0.2248610269513273,0.8146819151210976,Correct,Correct,36,3,NaCl + TAcG,S0,S1,semcse,alignment_zscore
S0-S3,grok-4.3,S0→S1,0,1,C->C,1.6153236654343286,1.254075966324099,Correct,Correct,40,1,KCl,S0,S1,semcse,alignment_zscore
S0-S3,grok-4.3,S0→S1,0,1,C->C,1.075323268386581,1.972414750386836,Correct,Correct,40,3,NH₄Cl,S0,S1,semcse,alignment_zscore
S0-S3,grok-4.3,S0→S1,0,1,C->C,0.5397102473634178,0.5832311615544311,Correct,Correct,40,6,KCl,S0,S1,semcse,alignment_zscore
S0-S3,grok-4.3,S0→S1,0,1,C->C,0.6888345928184567,0.8983781373716875,Correct,Correct,46,1,Organic solvents,S0,S1,semcse,alignment_zscore
S0-S3,grok-4.3,S0→S1,0,1,C->C,0.2955451456578722,0.3667789568126308,Correct,Correct,46,2,Organic solvents,S0,S1,semcse,alignment_zscore
S0-S3,grok-4.3,S0→S1,0,1,C->C,-0.0588791138397546,0.4169845019727126,Correct,Correct,47,1,Organic solvents,S0,S1,semcse,alignment_zscore
S0-S3,grok-4.3,S0→S1,0,1,C->C,-1.0336826745068337,-0.999269600494541,Correct,Correct,47,2,Organic solvents,S0,S1,semcse,alignment_zscore
S0-S3,grok-4.3,S0→S1,0,1,C->C,-0.7936402202604548,-0.8300160923647453,Correct,Correct,48,2,B(OH)₃ + other ions,S0,S1,semcse,alignment_zscore
S0-S3,grok-4.3,S0→S1,0,1,C->C,1.8638301335368757,1.6581207821406554,Correct,Correct,49,1,B(OH)₃ + AgNO₃,S0,S1,semcse,alignment_zscore
S0-S3,grok-4.3,S0→S1,0,1,C->C,1.3335308527521048,-0.1335184037105296,Correct,Correct,50,1,B(OH)₃ + AgNO₃,S0,S1,semcse,alignment_zscore
S0-S3,grok-4.3,S0→S1,0,1,C->C,0.9032440514641944,1.489625413539046,Correct,Correct,51,1,KB(OH)₄,S0,S1,semcse,alignment_zscore
S0-S3,grok-4.3,S0→S1,0,1,C->C,1.0166187628744758,2.7401358595722463,Correct,Correct,53,2,EtOH/H₂O,S0,S1,semcse,alignment_zscore
S0-S3,grok-4.3,S0→S1,0,1,C->C,0.4183865995399019,1.3854654858869508,Correct,Correct,54,2,EtOH/H₂O,S0,S1,semcse,alignment_zscore
S0-S3,grok-4.3,S0→S1,0,1,C->C,0.2233999976382496,1.8705059956672867,Correct,Correct,55,2,EtOH/H₂O,S0,S1,semcse,alignment_zscore
S0-S3,grok-4.3,S0→S1,0,1,C->C,-0.4654990493456408,0.751821766499706,Correct,Correct,56,2,EtOH/H₂O,S0,S1,semcse,alignment_zscore
S0-S3,grok-4.3,S0→S1,0,1,C->C,-0.5553072120184387,-0.0099630796545948,Correct,Correct,57,1,H₂O,S0,S1,semcse,alignment_zscore
S0-S3,grok-4.3,S0→S1,0,1,C->C,1.984171883194857,1.2275229385960753,Correct,Correct,58,2,EtOH/H₂O,S0,S1,semcse,alignment_zscore
S0-S3,grok-4.3,S0→S1,0,1,C->C,0.2936989344234457,0.0513870667083517,Correct,Correct,59,1,H₂O,S0,S1,semcse,alignment_zscore
S0-S3,grok-4.3,S0→S1,0,1,C->C,0.7033698130494972,1.4273460860525946,Correct,Correct,59,2,EtOH/H₂O,S0,S1,semcse,alignment_zscore
S0-S3,grok-4.3,S0→S1,0,1,C->C,0.9773015225272216,2.889712250906203,Correct,Correct,60,2,EtOH/H₂O,S0,S1,semcse,alignment_zscore
S0-S3,grok-4.3,S0→S1,0,1,C->C,-0.864294364412768,-0.6829925808189802,Correct,Correct,61,1,H₂O,S0,S1,semcse,alignment_zscore
S0-S3,grok-4.3,S0→S1,0,1,C->C,1.4289854842490757,1.76318154227339,Correct,Correct,61,2,EtOH/H₂O,S0,S1,semcse,alignment_zscore
S0-S3,grok-4.3,S0→S1,0,1,C->C,1.4344900678257888,1.9317249248797248,Correct,Correct,64,1,KCl,S0,S1,semcse,alignment_zscore
S0-S3,grok-4.3,S0→S1,0,1,C->W,1.145981585391789,0.7508194445573622,Correct,Wrong,1,1,Tb(NO₃)₃ or Dy(NO₃)₃,S0,S1,semcse,alignment_zscore
S0-S3,grok-4.3,S0→S1,0,1,C->W,1.991588994952872,2.428261772595412,Correct,Wrong,1,4,KCl,S0,S1,semcse,alignment_zscore
S0-S3,grok-4.3,S0→S1,0,1,C->W,2.317105878920977,1.903453171638782,Correct,Wrong,4,1,LiCl,S0,S1,semcse,alignment_zscore
S0-S3,grok-4.3,S0→S1,0,1,C->W,2.1387884285260768,2.137986071266211,Correct,Wrong,4,2,NaCl,S0,S1,semcse,alignment_zscore
S0-S3,grok-4.3,S0→S1,0,1,C->W,2.046642883727439,1.2093112814495453,Correct,Wrong,5,1,LiCl,S0,S1,semcse,alignment_zscore
S0-S3,grok-4.3,S0→S1,0,1,C->W,0.4927005715567515,0.609261899893069,Correct,Wrong,6,2,NaCl,S0,S1,semcse,alignment_zscore
S0-S3,grok-4.3,S0→S1,0,1,C->W,2.023751262220652,1.833968422277228,Correct,Wrong,7,11,LiB(OH)₄,S0,S1,semcse,alignment_zscore
S0-S3,grok-4.3,S0→S1,0,1,C->W,1.4671607871403736,0.5383563043263246,Correct,Wrong,8,3,KCl,S0,S1,semcse,alignment_zscore
S0-S3,grok-4.3,S0→S1,0,1,C->W,0.7917196652151766,0.3586951011625492,Correct,Wrong,8,4,KCl,S0,S1,semcse,alignment_zscore
S0-S3,grok-4.3,S0→S1,0,1,C->W,1.7635103229606666,0.7775387702805959,Correct,Wrong,10,1,H₂O,S0,S1,semcse,alignment_zscore
S0-S3,grok-4.3,S0→S1,0,1,C->W,2.1751614247061983,1.4981546419715386,Correct,Wrong,10,2,PBS,S0,S1,semcse,alignment_zscore
S0-S3,grok-4.3,S0→S1,0,1,C->W,0.7937233607871766,0.8262559240784539,Correct,Wrong,11,1,H₂O,S0,S1,semcse,alignment_zscore
S0-S3,grok-4.3,S0→S1,0,1,C->W,2.5370825126936167,2.512762278525821,Correct,Wrong,13,1,H₂O,S0,S1,semcse,alignment_zscore
S0-S3,grok-4.3,S0→S1,0,1,C->W,-0.4649999435765916,-0.0231509458992547,Correct,Wrong,13,2,acidic pH,S0,S1,semcse,alignment_zscore
S0-S3,grok-4.3,S0→S1,0,1,C->W,1.7834285442268272,3.466013504214528,Correct,Wrong,20,1,EtOH/H₂O,S0,S1,semcse,alignment_zscore
S0-S3,grok-4.3,S0→S1,0,1,C->W,-0.0177211040734554,0.4050656708916805,Correct,Wrong,28,1,NaOH,S0,S1,semcse,alignment_zscore
S0-S3,grok-4.3,S0→S1,0,1,C->W,1.5233655670145814,1.6319241495750971,Correct,Wrong,37,2,KCl,S0,S1,semcse,alignment_zscore
S0-S3,grok-4.3,S0→S1,0,1,C->W,-0.3076430330802241,-0.7360034436936245,Correct,Wrong,39,1,NaCl,S0,S1,semcse,alignment_zscore
S0-S3,grok-4.3,S0→S1,0,1,C->W,1.3796882582658552,1.8935401913245955,Correct,Wrong,40,2,NaCl,S0,S1,semcse,alignment_zscore
S0-S3,grok-4.3,S0→S1,0,1,C->W,1.6023983078216275,1.7268389950445102,Correct,Wrong,41,1,KCl,S0,S1,semcse,alignment_zscore
S0-S3,grok-4.3,S0→S1,0,1,C->W,1.161876518965534,-0.3550985402414876,Correct,Wrong,48,1,B(OH)₃ + AgNO₃,S0,S1,semcse,alignment_zscore
S0-S3,grok-4.3,S0→S1,0,1,C->W,2.61322697247479,2.359464119206159,Correct,Wrong,52,1,KB(OH)₄,S0,S1,semcse,alignment_zscore
S0-S3,grok-4.3,S0→S1,0,1,C->W,0.7686891809685138,-1.481714994450788,Correct,Wrong,56,1,H₂O,S0,S1,semcse,alignment_zscore
S0-S3,grok-4.3,S0→S1,0,1,C->W,1.260693469936074,0.4232889478497473,Correct,Wrong,64,2,NaB(OH)₄,S0,S1,semcse,alignment_zscore
S0-S3,grok-4.3,S0→S1,0,1,W->C,1.8026218239319591,1.6891708635856175,Wrong,Correct,1,3,NaCl,S0,S1,semcse,alignment_zscore
S0-S3,grok-4.3,S0→S1,0,1,W->C,1.2613921980870892,1.9919671161742845,Wrong,Correct,2,1,Tb(NO₃)₃ or Eu(NO₃)₃,S0,S1,semcse,alignment_zscore
S0-S3,grok-4.3,S0→S1,0,1,W->C,2.0039432831427897,1.6691550139894484,Wrong,Correct,5,3,NaCl,S0,S1,semcse,alignment_zscore
S0-S3,grok-4.3,S0→S1,0,1,W->C,2.357340398515452,2.111205168711478,Wrong,Correct,7,2,NaCl,S0,S1,semcse,alignment_zscore
S0-S3,grok-4.3,S0→S1,0,1,W->C,1.3696498538715074,2.6643407849901486,Wrong,Correct,8,2,NaCl,S0,S1,semcse,alignment_zscore
S0-S3,grok-4.3,S0→S1,0,1,W->C,1.925307650773974,1.919884008804624,Wrong,Correct,9,3,NaCl,S0,S1,semcse,alignment_zscore
S0-S3,grok-4.3,S0→S1,0,1,W->C,0.0129959796625232,0.7111035996148563,Wrong,Correct,14,1,H₂O,S0,S1,semcse,alignment_zscore
S0-S3,grok-4.3,S0→S1,0,1,W->C,-2.5700824808356755,-2.0551919720473726,Wrong,Correct,15,1,H₂O,S0,S1,semcse,alignment_zscore
S0-S3,grok-4.3,S0→S1,0,1,W->C,-0.6638610097154303,-0.5266774159846783,Wrong,Correct,17,1,H₂O,S0,S1,semcse,alignment_zscore
S0-S3,grok-4.3,S0→S1,0,1,W->C,2.028409363466179,1.7521667392092055,Wrong,Correct,22,1,EtOH/H₂O,S0,S1,semcse,alignment_zscore
S0-S3,grok-4.3,S0→S1,0,1,W->C,1.9563854820799245,1.723056316222897,Wrong,Correct,23,1,EtOH/H₂O,S0,S1,semcse,alignment_zscore
S0-S3,grok-4.3,S0→S1,0,1,W->C,1.8400260094536427,0.8065787201904401,Wrong,Correct,24,1,EtOH/H₂O,S0,S1,semcse,alignment_zscore
S0-S3,grok-4.3,S0→S1,0,1,W->C,-0.1160285794599193,-0.8679313664179559,Wrong,Correct,26,2,KOH,S0,S1,semcse,alignment_zscore
S0-S3,grok-4.3,S0→S1,0,1,W->C,0.2238873654257255,-0.4555775865471648,Wrong,Correct,26,3,LiOH,S0,S1,semcse,alignment_zscore
S0-S3,grok-4.3,S0→S1,0,1,W->C,0.5450863335634518,-0.0587036188530813,Wrong,Correct,27,3,LiOH,S0,S1,semcse,alignment_zscore
S0-S3,grok-4.3,S0→S1,0,1,W->C,0.1892108911089889,0.6957731385039545,Wrong,Correct,32,1,H₂O,S0,S1,semcse,alignment_zscore
S0-S3,grok-4.3,S0→S1,0,1,W->C,1.646487272431404,0.7528745253672824,Wrong,Correct,33,1,H₂O,S0,S1,semcse,alignment_zscore
S0-S3,grok-4.3,S0→S1,0,1,W->C,-0.3252188579859797,1.0008673246143207,Wrong,Correct,37,1,KCl + NaCl,S0,S1,semcse,alignment_zscore
S0-S3,grok-4.3,S0→S1,0,1,W->C,-0.8524166714233397,-1.0981916480114151,Wrong,Correct,38,1,KCl + NaCl,S0,S1,semcse,alignment_zscore
S0-S3,grok-4.3,S0→S1,0,1,W->C,1.1774778101452743,1.9315776020971296,Wrong,Correct,39,2,KCl,S0,S1,semcse,alignment_zscore
S0-S3,grok-4.3,S0→S1,0,1,W->C,2.248730693653179,2.2706690926785087,Wrong,Correct,45,1,Organic solvents,S0,S1,semcse,alignment_zscore
S0-S3,grok-4.3,S0→S1,0,1,W->C,1.4107442113863382,1.854208189549548,Wrong,Correct,53,1,H₂O,S0,S1,semcse,alignment_zscore
S0-S3,grok-4.3,S0→S1,0,1,W->C,0.8936381701513,0.6087904262334377,Wrong,Correct,54,1,H₂O,S0,S1,semcse,alignment_zscore
S0-S3,grok-4.3,S0→S1,0,1,W->C,0.0643259521162866,0.5389658028738861,Wrong,Correct,55,1,H₂O,S0,S1,semcse,alignment_zscore
S0-S3,grok-4.3,S0→S1,0,1,W->C,-0.4856689171292029,0.5250137083348544,Wrong,Correct,58,1,H₂O,S0,S1,semcse,alignment_zscore
S0-S3,grok-4.3,S0→S1,0,1,W->C,0.0744767888043898,-0.0005824602565391,Wrong,Correct,60,1,H₂O,S0,S1,semcse,alignment_zscore
S0-S3,grok-4.3,S0→S1,0,1,W->C,1.5399074272146895,2.267940279272496,Wrong,Correct,62,1,H₂O,S0,S1,semcse,alignment_zscore
S0-S3,grok-4.3,S0→S1,0,1,W->C,1.4118864294449731,2.359461781048326,Wrong,Correct,62,2,EtOH/H₂O,S0,S1,semcse,alignment_zscore
S0-S3,grok-4.3,S0→S1,0,1,W->C,1.4836549461168205,2.0620115908560352,Wrong,Correct,63,1,H₂O,S0,S1,semcse,alignment_zscore
S0-S3,grok-4.3,S0→S1,0,1,W->C,1.7104567222186284,2.4811350252428648,Wrong,Correct,63,2,EtOH/H₂O,S0,S1,semcse,alignment_zscore
S0-S3,grok-4.3,S0→S1,0,1,W->W,0.9083855918286164,1.0732302731048762,Wrong,Wrong,1,5,KB(OH)₄,S0,S1,semcse,alignment_zscore
S0-S3,grok-4.3,S0→S1,0,1,W->W,0.8932152928743198,0.4773216732267961,Wrong,Wrong,3,1,Tb(NO₃)₃ or Eu(NO₃)₃,S0,S1,semcse,alignment_zscore
S0-S3,grok-4.3,S0→S1,0,1,W->W,0.2531781866192597,0.599473111501203,Wrong,Wrong,7,3,KCl + NaCl,S0,S1,semcse,alignment_zscore
S0-S3,grok-4.3,S0→S1,0,1,W->W,0.1843402749935563,-0.1537777743923201,Wrong,Wrong,7,6,KCl,S0,S1,semcse,alignment_zscore
S0-S3,grok-4.3,S0→S1,0,1,W->W,2.262846275702302,2.424885911151484,Wrong,Wrong,7,7,KCl,S0,S1,semcse,alignment_zscore
S0-S3,grok-4.3,S0→S1,0,1,W->W,0.358797594900073,1.072547203851429,Wrong,Wrong,7,10,KB(OH)₄,S0,S1,semcse,alignment_zscore
S0-S3,grok-4.3,S0→S1,0,1,W->W,1.7654215607832875,1.9045392134088224,Wrong,Wrong,9,2,KCl,S0,S1,semcse,alignment_zscore
S0-S3,grok-4.3,S0→S1,0,1,W->W,0.5898040326738876,0.3266382226877535,Wrong,Wrong,12,1,H₂O,S0,S1,semcse,alignment_zscore
S0-S3,grok-4.3,S0→S1,0,1,W->W,1.2742755878976215,0.4162529730281933,Wrong,Wrong,13,3,acidic pH + benzyl amine,S0,S1,semcse,alignment_zscore
S0-S3,grok-4.3,S0→S1,0,1,W->W,1.6062513727987813,1.2130608807002108,Wrong,Wrong,35,1,H₂O,S0,S1,semcse,alignment_zscore
S0-S3,grok-4.3,S0→S1,0,1,W->W,1.0655645890140606,1.3079710126201058,Wrong,Wrong,36,2,KCl,S0,S1,semcse,alignment_zscore
S0-S3,grok-4.3,S0→S1,0,1,W->W,-1.0914761031053557,-1.360250008584522,Wrong,Wrong,38,2,KCl,S0,S1,semcse,alignment_zscore
S0-S3,grok-4.3,S0→S1,0,1,W->W,1.5500782345471429,1.083707732355634,Wrong,Wrong,40,4,Me₄NCl,S0,S1,semcse,alignment_zscore
S0-S3,grok-4.3,S0→S1,0,1,W->W,1.854038852206555,1.2884947695432998,Wrong,Wrong,40,5,Borate buffer,S0,S1,semcse,alignment_zscore
S0-S3,grok-4.3,S0→S1,0,1,W->W,0.8064430750635005,0.7122422187837386,Wrong,Wrong,42,1,KCl,S0,S1,semcse,alignment_zscore
S0-S3,grok-4.3,S0→S1,0,1,W->W,0.1686800339469166,-0.0701212887574865,Wrong,Wrong,43,1,KCl,S0,S1,semcse,alignment_zscore
S0-S3,grok-4.3,S0→S1,0,1,W->W,1.952470631635987,1.2853064112271926,Wrong,Wrong,44,1,KCl,S0,S1,semcse,alignment_zscore
S0-S3,grok-4.3,S0→S1,0,1,W->W,0.3696705839274098,0.4632288760752218,Wrong,Wrong,45,2,Organic solvents,S0,S1,semcse,alignment_zscore
S0-S3,grok-4.3,S0→S1,0,1,W->W,0.7571521223274583,0.0698962313791524,Wrong,Wrong,45,3,Organic solvents,S0,S1,semcse,alignment_zscore
S0-S3,grok-4.3,S0→S1,0,1,W->W,-2.291937973116658,-1.0477240234188083,Wrong,Wrong,57,2,EtOH/H₂O,S0,S1,semcse,alignment_zscore
S0-S3,grok-4.3,S1→S2,1,2,C->C,2.060812221860623,2.2127593862634027,Correct,Correct,1,2,LiCl,S1,S2,semcse,alignment_zscore
S0-S3,grok-4.3,S1→S2,1,2,C->C,1.6891708635856175,1.9091683259974757,Correct,Correct,1,3,NaCl,S1,S2,semcse,alignment_zscore
S0-S3,grok-4.3,S1→S2,1,2,C->C,1.9919671161742845,2.1927210079938817,Correct,Correct,2,1,Tb(NO₃)₃ or Eu(NO₃)₃,S1,S2,semcse,alignment_zscore
S0-S3,grok-4.3,S1→S2,1,2,C->C,1.5042284224365352,3.5734111946158214,Correct,Correct,3,2,B(OH)₃ + AgNO₃,S1,S2,semcse,alignment_zscore
S0-S3,grok-4.3,S1→S2,1,2,C->C,1.861857349701558,1.5680326506446547,Correct,Correct,4,3,KCl,S1,S2,semcse,alignment_zscore
S0-S3,grok-4.3,S1→S2,1,2,C->C,1.5875215800016906,1.7036347415067852,Correct,Correct,5,2,KCl,S1,S2,semcse,alignment_zscore
S0-S3,grok-4.3,S1→S2,1,2,C->C,1.6691550139894484,1.7603743919437636,Correct,Correct,5,3,NaCl,S1,S2,semcse,alignment_zscore
S0-S3,grok-4.3,S1→S2,1,2,C->C,1.6391650872685142,1.9188465045126704,Correct,Correct,6,1,LiCl,S1,S2,semcse,alignment_zscore
S0-S3,grok-4.3,S1→S2,1,2,C->C,2.321260260110368,2.009377516997944,Correct,Correct,6,3,KCl,S1,S2,semcse,alignment_zscore
S0-S3,grok-4.3,S1→S2,1,2,C->C,1.6121554067713726,1.476800991437882,Correct,Correct,7,1,LiCl,S1,S2,semcse,alignment_zscore
S0-S3,grok-4.3,S1→S2,1,2,C->C,2.111205168711478,1.996178805760007,Correct,Correct,7,2,NaCl,S1,S2,semcse,alignment_zscore
S0-S3,grok-4.3,S1→S2,1,2,C->C,0.3318690442787004,0.3759054979396318,Correct,Correct,7,4,KCl,S1,S2,semcse,alignment_zscore
S0-S3,grok-4.3,S1→S2,1,2,C->C,1.6253827092384907,1.744435082797967,Correct,Correct,7,5,KCl,S1,S2,semcse,alignment_zscore
S0-S3,grok-4.3,S1→S2,1,2,C->C,1.1689898458373589,0.8563350957820748,Correct,Correct,7,8,KCl + TAcG,S1,S2,semcse,alignment_zscore
S0-S3,grok-4.3,S1→S2,1,2,C->C,2.20000523006343,2.4951647262445653,Correct,Correct,7,9,KB(OH)₄,S1,S2,semcse,alignment_zscore
S0-S3,grok-4.3,S1→S2,1,2,C->C,2.019475850528115,2.417733135950953,Correct,Correct,8,1,LiCl,S1,S2,semcse,alignment_zscore
S0-S3,grok-4.3,S1→S2,1,2,C->C,2.6643407849901486,2.545012645794122,Correct,Correct,8,2,NaCl,S1,S2,semcse,alignment_zscore
S0-S3,grok-4.3,S1→S2,1,2,C->C,1.9081140213543983,1.8841180954205865,Correct,Correct,9,1,LiCl,S1,S2,semcse,alignment_zscore
S0-S3,grok-4.3,S1→S2,1,2,C->C,1.919884008804624,2.164553296232822,Correct,Correct,9,3,NaCl,S1,S2,semcse,alignment_zscore
S0-S3,grok-4.3,S1→S2,1,2,C->C,0.7111035996148563,0.9298569122040226,Correct,Correct,14,1,H₂O,S1,S2,semcse,alignment_zscore
S0-S3,grok-4.3,S1→S2,1,2,C->C,1.9451272123705916,1.968552301399136,Correct,Correct,16,1,H₂O,S1,S2,semcse,alignment_zscore
S0-S3,grok-4.3,S1→S2,1,2,C->C,-0.5266774159846783,-0.1549092617099505,Correct,Correct,17,1,H₂O,S1,S2,semcse,alignment_zscore
S0-S3,grok-4.3,S1→S2,1,2,C->C,1.7213832097141326,2.0824329215098074,Correct,Correct,18,1,H₂O,S1,S2,semcse,alignment_zscore
S0-S3,grok-4.3,S1→S2,1,2,C->C,0.4757887329591692,0.2792908263800544,Correct,Correct,19,1,H₂O,S1,S2,semcse,alignment_zscore
S0-S3,grok-4.3,S1→S2,1,2,C->C,0.1216516897982604,0.2892780912332658,Correct,Correct,21,1,EtOH/H₂O,S1,S2,semcse,alignment_zscore
S0-S3,grok-4.3,S1→S2,1,2,C->C,1.7521667392092055,1.9428487140797808,Correct,Correct,22,1,EtOH/H₂O,S1,S2,semcse,alignment_zscore
S0-S3,grok-4.3,S1→S2,1,2,C->C,1.723056316222897,1.6081202661389105,Correct,Correct,23,1,EtOH/H₂O,S1,S2,semcse,alignment_zscore
S0-S3,grok-4.3,S1→S2,1,2,C->C,0.8065787201904401,1.280642191139958,Correct,Correct,24,1,EtOH/H₂O,S1,S2,semcse,alignment_zscore
S0-S3,grok-4.3,S1→S2,1,2,C->C,-0.8284477968293076,-0.6768728732923001,Correct,Correct,25,1,NaOH,S1,S2,semcse,alignment_zscore
S0-S3,grok-4.3,S1→S2,1,2,C->C,1.5885603255568124,1.818816080727516,Correct,Correct,25,2,Organic solvents,S1,S2,semcse,alignment_zscore
S0-S3,grok-4.3,S1→S2,1,2,C->C,1.4603809863375865,1.2276209153730928,Correct,Correct,26,1,NaOH,S1,S2,semcse,alignment_zscore
S0-S3,grok-4.3,S1→S2,1,2,C->C,-0.8679313664179559,-0.5021369130310981,Correct,Correct,26,2,KOH,S1,S2,semcse,alignment_zscore
S0-S3,grok-4.3,S1→S2,1,2,C->C,-0.4555775865471648,-0.6145373277304476,Correct,Correct,26,3,LiOH,S1,S2,semcse,alignment_zscore
S0-S3,grok-4.3,S1→S2,1,2,C->C,1.6475360511894166,1.6524034003319332,Correct,Correct,26,4,Organic solvents,S1,S2,semcse,alignment_zscore
S0-S3,grok-4.3,S1→S2,1,2,C->C,-0.1910460453210648,-0.0694422138338662,Correct,Correct,27,1,NaOH,S1,S2,semcse,alignment_zscore
S0-S3,grok-4.3,S1→S2,1,2,C->C,-0.2120749622339678,-0.5323526820157142,Correct,Correct,27,2,KOH,S1,S2,semcse,alignment_zscore
S0-S3,grok-4.3,S1→S2,1,2,C->C,-0.0587036188530813,-0.522627751514043,Correct,Correct,27,3,LiOH,S1,S2,semcse,alignment_zscore
S0-S3,grok-4.3,S1→S2,1,2,C->C,2.663997110623036,2.495224222872232,Correct,Correct,27,4,Organic solvents,S1,S2,semcse,alignment_zscore
S0-S3,grok-4.3,S1→S2,1,2,C->C,0.1221001482413108,-0.23660300476378,Correct,Correct,28,2,Organic solvents,S1,S2,semcse,alignment_zscore
S0-S3,grok-4.3,S1→S2,1,2,C->C,1.8183310158261368,1.7544623567668831,Correct,Correct,29,1,NaOH,S1,S2,semcse,alignment_zscore
S0-S3,grok-4.3,S1→S2,1,2,C->C,0.3983525660604076,-0.0390008507168711,Correct,Correct,29,2,Organic solvents,S1,S2,semcse,alignment_zscore
S0-S3,grok-4.3,S1→S2,1,2,C->C,-0.0502629160833165,0.1508908429733075,Correct,Correct,30,1,NaOH,S1,S2,semcse,alignment_zscore
S0-S3,grok-4.3,S1→S2,1,2,C->C,0.5689781966747848,0.1400701223345024,Correct,Correct,30,2,Organic solvents,S1,S2,semcse,alignment_zscore
S0-S3,grok-4.3,S1→S2,1,2,C->C,1.7014228043722226,1.2513777675638436,Correct,Correct,31,1,H₂O,S1,S2,semcse,alignment_zscore
S0-S3,grok-4.3,S1→S2,1,2,C->C,0.6957731385039545,1.006477466409939,Correct,Correct,32,1,H₂O,S1,S2,semcse,alignment_zscore
S0-S3,grok-4.3,S1→S2,1,2,C->C,0.7528745253672824,1.3866425657808894,Correct,Correct,33,1,H₂O,S1,S2,semcse,alignment_zscore
S0-S3,grok-4.3,S1→S2,1,2,C->C,-0.0061941248765716,-0.2240007149664186,Correct,Correct,34,1,H₂O,S1,S2,semcse,alignment_zscore
S0-S3,grok-4.3,S1→S2,1,2,C->C,0.4915223178660998,0.3876969524544923,Correct,Correct,36,1,NaCl,S1,S2,semcse,alignment_zscore
S0-S3,grok-4.3,S1→S2,1,2,C->C,0.8146819151210976,0.5077408241708903,Correct,Correct,36,3,NaCl + TAcG,S1,S2,semcse,alignment_zscore
S0-S3,grok-4.3,S1→S2,1,2,C->C,1.0008673246143207,0.8713086627464488,Correct,Correct,37,1,KCl + NaCl,S1,S2,semcse,alignment_zscore
S0-S3,grok-4.3,S1→S2,1,2,C->C,-1.0981916480114151,-1.6795908664251102,Correct,Correct,38,1,KCl + NaCl,S1,S2,semcse,alignment_zscore
S0-S3,grok-4.3,S1→S2,1,2,C->C,1.9315776020971296,2.123974918926419,Correct,Correct,39,2,KCl,S1,S2,semcse,alignment_zscore
S0-S3,grok-4.3,S1→S2,1,2,C->C,1.254075966324099,1.4503487418938716,Correct,Correct,40,1,KCl,S1,S2,semcse,alignment_zscore
S0-S3,grok-4.3,S1→S2,1,2,C->C,1.972414750386836,1.362045389014013,Correct,Correct,40,3,NH₄Cl,S1,S2,semcse,alignment_zscore
S0-S3,grok-4.3,S1→S2,1,2,C->C,0.5832311615544311,1.1169623490875047,Correct,Correct,40,6,KCl,S1,S2,semcse,alignment_zscore
S0-S3,grok-4.3,S1→S2,1,2,C->C,2.2706690926785087,2.1751266593635807,Correct,Correct,45,1,Organic solvents,S1,S2,semcse,alignment_zscore
S0-S3,grok-4.3,S1→S2,1,2,C->C,0.8983781373716875,0.9725426105900724,Correct,Correct,46,1,Organic solvents,S1,S2,semcse,alignment_zscore
S0-S3,grok-4.3,S1→S2,1,2,C->C,0.3667789568126308,0.6059569576677466,Correct,Correct,46,2,Organic solvents,S1,S2,semcse,alignment_zscore
S0-S3,grok-4.3,S1→S2,1,2,C->C,0.4169845019727126,0.3559192629374418,Correct,Correct,47,1,Organic solvents,S1,S2,semcse,alignment_zscore
S0-S3,grok-4.3,S1→S2,1,2,C->C,-0.999269600494541,-1.105696701827774,Correct,Correct,47,2,Organic solvents,S1,S2,semcse,alignment_zscore
S0-S3,grok-4.3,S1→S2,1,2,C->C,-0.8300160923647453,-0.5072747623324317,Correct,Correct,48,2,B(OH)₃ + other ions,S1,S2,semcse,alignment_zscore
S0-S3,grok-4.3,S1→S2,1,2,C->C,1.6581207821406554,1.5422515641068797,Correct,Correct,49,1,B(OH)₃ + AgNO₃,S1,S2,semcse,alignment_zscore
S0-S3,grok-4.3,S1→S2,1,2,C->C,-0.1335184037105296,0.9507202998804558,Correct,Correct,50,1,B(OH)₃ + AgNO₃,S1,S2,semcse,alignment_zscore
S0-S3,grok-4.3,S1→S2,1,2,C->C,1.489625413539046,1.5307943818557437,Correct,Correct,51,1,KB(OH)₄,S1,S2,semcse,alignment_zscore
S0-S3,grok-4.3,S1→S2,1,2,C->C,1.854208189549548,1.606187106263911,Correct,Correct,53,1,H₂O,S1,S2,semcse,alignment_zscore
S0-S3,grok-4.3,S1→S2,1,2,C->C,2.7401358595722463,2.2492175376586525,Correct,Correct,53,2,EtOH/H₂O,S1,S2,semcse,alignment_zscore
S0-S3,grok-4.3,S1→S2,1,2,C->C,0.6087904262334377,0.7888222344023045,Correct,Correct,54,1,H₂O,S1,S2,semcse,alignment_zscore
S0-S3,grok-4.3,S1→S2,1,2,C->C,1.3854654858869508,1.3107002017253642,Correct,Correct,54,2,EtOH/H₂O,S1,S2,semcse,alignment_zscore
S0-S3,grok-4.3,S1→S2,1,2,C->C,0.5389658028738861,0.5404694801447143,Correct,Correct,55,1,H₂O,S1,S2,semcse,alignment_zscore
S0-S3,grok-4.3,S1→S2,1,2,C->C,1.8705059956672867,2.106071670203371,Correct,Correct,55,2,EtOH/H₂O,S1,S2,semcse,alignment_zscore
S0-S3,grok-4.3,S1→S2,1,2,C->C,0.751821766499706,0.3016340775353656,Correct,Correct,56,2,EtOH/H₂O,S1,S2,semcse,alignment_zscore
S0-S3,grok-4.3,S1→S2,1,2,C->C,-0.0099630796545948,-0.0096128105173897,Correct,Correct,57,1,H₂O,S1,S2,semcse,alignment_zscore
S0-S3,grok-4.3,S1→S2,1,2,C->C,0.5250137083348544,0.8593059272943869,Correct,Correct,58,1,H₂O,S1,S2,semcse,alignment_zscore
S0-S3,grok-4.3,S1→S2,1,2,C->C,1.2275229385960753,1.418505670816667,Correct,Correct,58,2,EtOH/H₂O,S1,S2,semcse,alignment_zscore
S0-S3,grok-4.3,S1→S2,1,2,C->C,0.0513870667083517,0.5022175537639031,Correct,Correct,59,1,H₂O,S1,S2,semcse,alignment_zscore
S0-S3,grok-4.3,S1→S2,1,2,C->C,1.4273460860525946,1.5177641860355435,Correct,Correct,59,2,EtOH/H₂O,S1,S2,semcse,alignment_zscore
S0-S3,grok-4.3,S1→S2,1,2,C->C,-0.0005824602565391,-0.1608692323389701,Correct,Correct,60,1,H₂O,S1,S2,semcse,alignment_zscore
S0-S3,grok-4.3,S1→S2,1,2,C->C,2.889712250906203,2.6458909092785694,Correct,Correct,60,2,EtOH/H₂O,S1,S2,semcse,alignment_zscore
S0-S3,grok-4.3,S1→S2,1,2,C->C,-0.6829925808189802,-0.6356389002503745,Correct,Correct,61,1,H₂O,S1,S2,semcse,alignment_zscore
S0-S3,grok-4.3,S1→S2,1,2,C->C,1.76318154227339,2.026370017566243,Correct,Correct,61,2,EtOH/H₂O,S1,S2,semcse,alignment_zscore
S0-S3,grok-4.3,S1→S2,1,2,C->C,2.267940279272496,2.185132124676532,Correct,Correct,62,1,H₂O,S1,S2,semcse,alignment_zscore
S0-S3,grok-4.3,S1→S2,1,2,C->C,2.359461781048326,2.429985972502192,Correct,Correct,62,2,EtOH/H₂O,S1,S2,semcse,alignment_zscore
S0-S3,grok-4.3,S1→S2,1,2,C->C,2.0620115908560352,1.9619894990826616,Correct,Correct,63,1,H₂O,S1,S2,semcse,alignment_zscore
S0-S3,grok-4.3,S1→S2,1,2,C->C,2.4811350252428648,2.5342260032824697,Correct,Correct,63,2,EtOH/H₂O,S1,S2,semcse,alignment_zscore
S0-S3,grok-4.3,S1→S2,1,2,C->C,1.9317249248797248,2.354958504886783,Correct,Correct,64,1,KCl,S1,S2,semcse,alignment_zscore
S0-S3,grok-4.3,S1→S2,1,2,C->W,-2.0551919720473726,-2.326288088205445,Correct,Wrong,15,1,H₂O,S1,S2,semcse,alignment_zscore
S0-S3,grok-4.3,S1→S2,1,2,W->C,0.7508194445573622,1.288140229541677,Wrong,Correct,1,1,Tb(NO₃)₃ or Dy(NO₃)₃,S1,S2,semcse,alignment_zscore
S0-S3,grok-4.3,S1→S2,1,2,W->C,2.428261772595412,2.2543898391948307,Wrong,Correct,1,4,KCl,S1,S2,semcse,alignment_zscore
S0-S3,grok-4.3,S1→S2,1,2,W->C,1.0732302731048762,1.4474363413889215,Wrong,Correct,1,5,KB(OH)₄,S1,S2,semcse,alignment_zscore
S0-S3,grok-4.3,S1→S2,1,2,W->C,0.4773216732267961,1.876577552282192,Wrong,Correct,3,1,Tb(NO₃)₃ or Eu(NO₃)₃,S1,S2,semcse,alignment_zscore
S0-S3,grok-4.3,S1→S2,1,2,W->C,2.137986071266211,2.2062582062155247,Wrong,Correct,4,2,NaCl,S1,S2,semcse,alignment_zscore
S0-S3,grok-4.3,S1→S2,1,2,W->C,0.3266382226877535,0.5912458851198381,Wrong,Correct,12,1,H₂O,S1,S2,semcse,alignment_zscore
S0-S3,grok-4.3,S1→S2,1,2,W->C,2.512762278525821,2.3169608563670567,Wrong,Correct,13,1,H₂O,S1,S2,semcse,alignment_zscore
S0-S3,grok-4.3,S1→S2,1,2,W->C,-0.0231509458992547,-0.0338437025312353,Wrong,Correct,13,2,acidic pH,S1,S2,semcse,alignment_zscore
S0-S3,grok-4.3,S1→S2,1,2,W->C,0.4162529730281933,0.0395621434710393,Wrong,Correct,13,3,acidic pH + benzyl amine,S1,S2,semcse,alignment_zscore
S0-S3,grok-4.3,S1→S2,1,2,W->C,-0.7360034436936245,-0.1995010639727657,Wrong,Correct,39,1,NaCl,S1,S2,semcse,alignment_zscore
S0-S3,grok-4.3,S1→S2,1,2,W->C,2.359464119206159,2.526109204155145,Wrong,Correct,52,1,KB(OH)₄,S1,S2,semcse,alignment_zscore
S0-S3,grok-4.3,S1→S2,1,2,W->C,0.4232889478497473,0.814593845447769,Wrong,Correct,64,2,NaB(OH)₄,S1,S2,semcse,alignment_zscore
S0-S3,grok-4.3,S1→S2,1,2,W->W,1.903453171638782,1.5567412927517357,Wrong,Wrong,4,1,LiCl,S1,S2,semcse,alignment_zscore
S0-S3,grok-4.3,S1→S2,1,2,W->W,1.2093112814495453,1.1016928834129327,Wrong,Wrong,5,1,LiCl,S1,S2,semcse,alignment_zscore
S0-S3,grok-4.3,S1→S2,1,2,W->W,0.609261899893069,-0.022751011922776,Wrong,Wrong,6,2,NaCl,S1,S2,semcse,alignment_zscore
S0-S3,grok-4.3,S1→S2,1,2,W->W,0.599473111501203,0.5485635031984889,Wrong,Wrong,7,3,KCl + NaCl,S1,S2,semcse,alignment_zscore
S0-S3,grok-4.3,S1→S2,1,2,W->W,-0.1537777743923201,0.3874907150136323,Wrong,Wrong,7,6,KCl,S1,S2,semcse,alignment_zscore
S0-S3,grok-4.3,S1→S2,1,2,W->W,2.424885911151484,2.4065936264637893,Wrong,Wrong,7,7,KCl,S1,S2,semcse,alignment_zscore
S0-S3,grok-4.3,S1→S2,1,2,W->W,1.072547203851429,1.5469741276422042,Wrong,Wrong,7,10,KB(OH)₄,S1,S2,semcse,alignment_zscore
S0-S3,grok-4.3,S1→S2,1,2,W->W,1.833968422277228,2.071285729652935,Wrong,Wrong,7,11,LiB(OH)₄,S1,S2,semcse,alignment_zscore
S0-S3,grok-4.3,S1→S2,1,2,W->W,0.5383563043263246,0.7530714436142062,Wrong,Wrong,8,3,KCl,S1,S2,semcse,alignment_zscore
S0-S3,grok-4.3,S1→S2,1,2,W->W,0.3586951011625492,0.2330768097162508,Wrong,Wrong,8,4,KCl,S1,S2,semcse,alignment_zscore
S0-S3,grok-4.3,S1→S2,1,2,W->W,1.9045392134088224,1.5715948443526346,Wrong,Wrong,9,2,KCl,S1,S2,semcse,alignment_zscore
S0-S3,grok-4.3,S1→S2,1,2,W->W,0.7775387702805959,0.9136535427151474,Wrong,Wrong,10,1,H₂O,S1,S2,semcse,alignment_zscore
S0-S3,grok-4.3,S1→S2,1,2,W->W,1.4981546419715386,1.7468550767834898,Wrong,Wrong,10,2,PBS,S1,S2,semcse,alignment_zscore
S0-S3,grok-4.3,S1→S2,1,2,W->W,0.8262559240784539,0.6557162802012293,Wrong,Wrong,11,1,H₂O,S1,S2,semcse,alignment_zscore
S0-S3,grok-4.3,S1→S2,1,2,W->W,3.466013504214528,2.9941769959061726,Wrong,Wrong,20,1,EtOH/H₂O,S1,S2,semcse,alignment_zscore
S0-S3,grok-4.3,S1→S2,1,2,W->W,0.4050656708916805,-0.2186749732289193,Wrong,Wrong,28,1,NaOH,S1,S2,semcse,alignment_zscore
S0-S3,grok-4.3,S1→S2,1,2,W->W,1.2130608807002108,1.3464796205710583,Wrong,Wrong,35,1,H₂O,S1,S2,semcse,alignment_zscore
S0-S3,grok-4.3,S1→S2,1,2,W->W,1.3079710126201058,1.3444736165127318,Wrong,Wrong,36,2,KCl,S1,S2,semcse,alignment_zscore
S0-S3,grok-4.3,S1→S2,1,2,W->W,1.6319241495750971,1.9343584980690287,Wrong,Wrong,37,2,KCl,S1,S2,semcse,alignment_zscore
S0-S3,grok-4.3,S1→S2,1,2,W->W,-1.360250008584522,-1.3432529781315108,Wrong,Wrong,38,2,KCl,S1,S2,semcse,alignment_zscore
S0-S3,grok-4.3,S1→S2,1,2,W->W,1.8935401913245955,2.029033518654052,Wrong,Wrong,40,2,NaCl,S1,S2,semcse,alignment_zscore
S0-S3,grok-4.3,S1→S2,1,2,W->W,1.083707732355634,1.1467663368871257,Wrong,Wrong,40,4,Me₄NCl,S1,S2,semcse,alignment_zscore
S0-S3,grok-4.3,S1→S2,1,2,W->W,1.2884947695432998,0.8205492752230457,Wrong,Wrong,40,5,Borate buffer,S1,S2,semcse,alignment_zscore
S0-S3,grok-4.3,S1→S2,1,2,W->W,1.7268389950445102,0.8653861415612919,Wrong,Wrong,41,1,KCl,S1,S2,semcse,alignment_zscore
S0-S3,grok-4.3,S1→S2,1,2,W->W,0.7122422187837386,0.1829367636741073,Wrong,Wrong,42,1,KCl,S1,S2,semcse,alignment_zscore
S0-S3,grok-4.3,S1→S2,1,2,W->W,-0.0701212887574865,0.2250866657553271,Wrong,Wrong,43,1,KCl,S1,S2,semcse,alignment_zscore
S0-S3,grok-4.3,S1→S2,1,2,W->W,1.2853064112271926,1.2463705312315618,Wrong,Wrong,44,1,KCl,S1,S2,semcse,alignment_zscore
S0-S3,grok-4.3,S1→S2,1,2,W->W,0.4632288760752218,0.5427053118883913,Wrong,Wrong,45,2,Organic solvents,S1,S2,semcse,alignment_zscore
S0-S3,grok-4.3,S1→S2,1,2,W->W,0.0698962313791524,-0.0089931709011361,Wrong,Wrong,45,3,Organic solvents,S1,S2,semcse,alignment_zscore
S0-S3,grok-4.3,S1→S2,1,2,W->W,-0.3550985402414876,0.4113682941744742,Wrong,Wrong,48,1,B(OH)₃ + AgNO₃,S1,S2,semcse,alignment_zscore
S0-S3,grok-4.3,S1→S2,1,2,W->W,-1.481714994450788,-0.7048976493749852,Wrong,Wrong,56,1,H₂O,S1,S2,semcse,alignment_zscore
S0-S3,grok-4.3,S1→S2,1,2,W->W,-1.0477240234188083,-0.1957104927199029,Wrong,Wrong,57,2,EtOH/H₂O,S1,S2,semcse,alignment_zscore
S0-S3,grok-4.3,S2→S3,2,3,C->C,1.288140229541677,0.6343681544245459,Correct,Correct,1,1,Tb(NO₃)₃ or Dy(NO₃)₃,S2,S3,semcse,alignment_zscore
S0-S3,grok-4.3,S2→S3,2,3,C->C,2.2127593862634027,2.080722014102104,Correct,Correct,1,2,LiCl,S2,S3,semcse,alignment_zscore
S0-S3,grok-4.3,S2→S3,2,3,C->C,1.9091683259974757,2.033661394775861,Correct,Correct,1,3,NaCl,S2,S3,semcse,alignment_zscore
S0-S3,grok-4.3,S2→S3,2,3,C->C,2.2543898391948307,2.102710571789284,Correct,Correct,1,4,KCl,S2,S3,semcse,alignment_zscore
S0-S3,grok-4.3,S2→S3,2,3,C->C,1.4474363413889215,1.3634401094143485,Correct,Correct,1,5,KB(OH)₄,S2,S3,semcse,alignment_zscore
S0-S3,grok-4.3,S2→S3,2,3,C->C,2.1927210079938817,2.403657580214523,Correct,Correct,2,1,Tb(NO₃)₃ or Eu(NO₃)₃,S2,S3,semcse,alignment_zscore
S0-S3,grok-4.3,S2→S3,2,3,C->C,1.876577552282192,2.696262926074683,Correct,Correct,3,1,Tb(NO₃)₃ or Eu(NO₃)₃,S2,S3,semcse,alignment_zscore
S0-S3,grok-4.3,S2→S3,2,3,C->C,3.5734111946158214,3.964976604702935,Correct,Correct,3,2,B(OH)₃ + AgNO₃,S2,S3,semcse,alignment_zscore
S0-S3,grok-4.3,S2→S3,2,3,C->C,1.5680326506446547,1.7223632523542198,Correct,Correct,4,3,KCl,S2,S3,semcse,alignment_zscore
S0-S3,grok-4.3,S2→S3,2,3,C->C,1.7036347415067852,1.8678271063567544,Correct,Correct,5,2,KCl,S2,S3,semcse,alignment_zscore
S0-S3,grok-4.3,S2→S3,2,3,C->C,1.7603743919437636,2.001332174631055,Correct,Correct,5,3,NaCl,S2,S3,semcse,alignment_zscore
S0-S3,grok-4.3,S2→S3,2,3,C->C,1.9188465045126704,2.5003232269990256,Correct,Correct,6,1,LiCl,S2,S3,semcse,alignment_zscore
S0-S3,grok-4.3,S2→S3,2,3,C->C,2.009377516997944,2.225773530845539,Correct,Correct,6,3,KCl,S2,S3,semcse,alignment_zscore
S0-S3,grok-4.3,S2→S3,2,3,C->C,1.476800991437882,1.6036379422415383,Correct,Correct,7,1,LiCl,S2,S3,semcse,alignment_zscore
S0-S3,grok-4.3,S2→S3,2,3,C->C,0.3759054979396318,0.6510571968176008,Correct,Correct,7,4,KCl,S2,S3,semcse,alignment_zscore
S0-S3,grok-4.3,S2→S3,2,3,C->C,1.744435082797967,1.7366974528743413,Correct,Correct,7,5,KCl,S2,S3,semcse,alignment_zscore
S0-S3,grok-4.3,S2→S3,2,3,C->C,0.8563350957820748,1.41177517116005,Correct,Correct,7,8,KCl + TAcG,S2,S3,semcse,alignment_zscore
S0-S3,grok-4.3,S2→S3,2,3,C->C,2.4951647262445653,2.590824564288077,Correct,Correct,7,9,KB(OH)₄,S2,S3,semcse,alignment_zscore
S0-S3,grok-4.3,S2→S3,2,3,C->C,2.417733135950953,2.4841820759189583,Correct,Correct,8,1,LiCl,S2,S3,semcse,alignment_zscore
S0-S3,grok-4.3,S2→S3,2,3,C->C,2.545012645794122,2.175944585627584,Correct,Correct,8,2,NaCl,S2,S3,semcse,alignment_zscore
S0-S3,grok-4.3,S2→S3,2,3,C->C,1.8841180954205865,1.9209250929520836,Correct,Correct,9,1,LiCl,S2,S3,semcse,alignment_zscore
S0-S3,grok-4.3,S2→S3,2,3,C->C,2.164553296232822,2.229511469605559,Correct,Correct,9,3,NaCl,S2,S3,semcse,alignment_zscore
S0-S3,grok-4.3,S2→S3,2,3,C->C,0.5912458851198381,0.8684885674387728,Correct,Correct,12,1,H₂O,S2,S3,semcse,alignment_zscore
S0-S3,grok-4.3,S2→S3,2,3,C->C,2.3169608563670567,2.423458338513914,Correct,Correct,13,1,H₂O,S2,S3,semcse,alignment_zscore
S0-S3,grok-4.3,S2→S3,2,3,C->C,-0.0338437025312353,0.3769082045483004,Correct,Correct,13,2,acidic pH,S2,S3,semcse,alignment_zscore
S0-S3,grok-4.3,S2→S3,2,3,C->C,0.9298569122040226,1.470492169437567,Correct,Correct,14,1,H₂O,S2,S3,semcse,alignment_zscore
S0-S3,grok-4.3,S2→S3,2,3,C->C,1.968552301399136,2.0129931078359173,Correct,Correct,16,1,H₂O,S2,S3,semcse,alignment_zscore
S0-S3,grok-4.3,S2→S3,2,3,C->C,-0.1549092617099505,0.4482263354197878,Correct,Correct,17,1,H₂O,S2,S3,semcse,alignment_zscore
S0-S3,grok-4.3,S2→S3,2,3,C->C,2.0824329215098074,2.558228031678845,Correct,Correct,18,1,H₂O,S2,S3,semcse,alignment_zscore
S0-S3,grok-4.3,S2→S3,2,3,C->C,0.2792908263800544,0.913170036568352,Correct,Correct,19,1,H₂O,S2,S3,semcse,alignment_zscore
S0-S3,grok-4.3,S2→S3,2,3,C->C,0.2892780912332658,0.0022444601773764,Correct,Correct,21,1,EtOH/H₂O,S2,S3,semcse,alignment_zscore
S0-S3,grok-4.3,S2→S3,2,3,C->C,1.9428487140797808,2.200331411597624,Correct,Correct,22,1,EtOH/H₂O,S2,S3,semcse,alignment_zscore
S0-S3,grok-4.3,S2→S3,2,3,C->C,1.6081202661389105,2.3192284254991864,Correct,Correct,23,1,EtOH/H₂O,S2,S3,semcse,alignment_zscore
S0-S3,grok-4.3,S2→S3,2,3,C->C,1.280642191139958,1.4281498181997343,Correct,Correct,24,1,EtOH/H₂O,S2,S3,semcse,alignment_zscore
S0-S3,grok-4.3,S2→S3,2,3,C->C,-0.6768728732923001,0.2839929382579771,Correct,Correct,25,1,NaOH,S2,S3,semcse,alignment_zscore
S0-S3,grok-4.3,S2→S3,2,3,C->C,1.818816080727516,2.46548408756135,Correct,Correct,25,2,Organic solvents,S2,S3,semcse,alignment_zscore
S0-S3,grok-4.3,S2→S3,2,3,C->C,1.2276209153730928,2.1017844503399408,Correct,Correct,26,1,NaOH,S2,S3,semcse,alignment_zscore
S0-S3,grok-4.3,S2→S3,2,3,C->C,-0.5021369130310981,1.556969240482717,Correct,Correct,26,2,KOH,S2,S3,semcse,alignment_zscore
S0-S3,grok-4.3,S2→S3,2,3,C->C,-0.6145373277304476,1.8382546229074035,Correct,Correct,26,3,LiOH,S2,S3,semcse,alignment_zscore
S0-S3,grok-4.3,S2→S3,2,3,C->C,1.6524034003319332,1.8477730082125532,Correct,Correct,26,4,Organic solvents,S2,S3,semcse,alignment_zscore
S0-S3,grok-4.3,S2→S3,2,3,C->C,-0.0694422138338662,1.160732380677396,Correct,Correct,27,1,NaOH,S2,S3,semcse,alignment_zscore
S0-S3,grok-4.3,S2→S3,2,3,C->C,-0.5323526820157142,1.007199040600261,Correct,Correct,27,2,KOH,S2,S3,semcse,alignment_zscore
S0-S3,grok-4.3,S2→S3,2,3,C->C,-0.522627751514043,1.38495138144095,Correct,Correct,27,3,LiOH,S2,S3,semcse,alignment_zscore
S0-S3,grok-4.3,S2→S3,2,3,C->C,2.495224222872232,3.468175822343759,Correct,Correct,27,4,Organic solvents,S2,S3,semcse,alignment_zscore
S0-S3,grok-4.3,S2→S3,2,3,C->C,-0.23660300476378,-0.1857168642185175,Correct,Correct,28,2,Organic solvents,S2,S3,semcse,alignment_zscore
S0-S3,grok-4.3,S2→S3,2,3,C->C,1.7544623567668831,1.96099739182407,Correct,Correct,29,1,NaOH,S2,S3,semcse,alignment_zscore
S0-S3,grok-4.3,S2→S3,2,3,C->C,-0.0390008507168711,-0.0411034008134674,Correct,Correct,29,2,Organic solvents,S2,S3,semcse,alignment_zscore
S0-S3,grok-4.3,S2→S3,2,3,C->C,0.1508908429733075,0.8360082073127512,Correct,Correct,30,1,NaOH,S2,S3,semcse,alignment_zscore
S0-S3,grok-4.3,S2→S3,2,3,C->C,0.1400701223345024,0.4878218942816759,Correct,Correct,30,2,Organic solvents,S2,S3,semcse,alignment_zscore
S0-S3,grok-4.3,S2→S3,2,3,C->C,1.2513777675638436,1.959273778384582,Correct,Correct,31,1,H₂O,S2,S3,semcse,alignment_zscore
S0-S3,grok-4.3,S2→S3,2,3,C->C,1.006477466409939,1.751032967930594,Correct,Correct,32,1,H₂O,S2,S3,semcse,alignment_zscore
S0-S3,grok-4.3,S2→S3,2,3,C->C,1.3866425657808894,1.170541841011667,Correct,Correct,33,1,H₂O,S2,S3,semcse,alignment_zscore
S0-S3,grok-4.3,S2→S3,2,3,C->C,-0.2240007149664186,0.3554487411881568,Correct,Correct,34,1,H₂O,S2,S3,semcse,alignment_zscore
S0-S3,grok-4.3,S2→S3,2,3,C->C,0.3876969524544923,0.2722396574118478,Correct,Correct,36,1,NaCl,S2,S3,semcse,alignment_zscore
S0-S3,grok-4.3,S2→S3,2,3,C->C,0.5077408241708903,0.8560678613125275,Correct,Correct,36,3,NaCl + TAcG,S2,S3,semcse,alignment_zscore
S0-S3,grok-4.3,S2→S3,2,3,C->C,0.8713086627464488,1.498481544019301,Correct,Correct,37,1,KCl + NaCl,S2,S3,semcse,alignment_zscore
S0-S3,grok-4.3,S2→S3,2,3,C->C,-1.6795908664251102,-1.3940922019114637,Correct,Correct,38,1,KCl + NaCl,S2,S3,semcse,alignment_zscore
S0-S3,grok-4.3,S2→S3,2,3,C->C,-0.1995010639727657,-0.3175542254708944,Correct,Correct,39,1,NaCl,S2,S3,semcse,alignment_zscore
S0-S3,grok-4.3,S2→S3,2,3,C->C,2.123974918926419,2.2813138493473497,Correct,Correct,39,2,KCl,S2,S3,semcse,alignment_zscore
S0-S3,grok-4.3,S2→S3,2,3,C->C,1.4503487418938716,1.4447370011911922,Correct,Correct,40,1,KCl,S2,S3,semcse,alignment_zscore
S0-S3,grok-4.3,S2→S3,2,3,C->C,1.362045389014013,1.066679376667156,Correct,Correct,40,3,NH₄Cl,S2,S3,semcse,alignment_zscore
S0-S3,grok-4.3,S2→S3,2,3,C->C,1.1169623490875047,0.8750757290511804,Correct,Correct,40,6,KCl,S2,S3,semcse,alignment_zscore
S0-S3,grok-4.3,S2→S3,2,3,C->C,2.1751266593635807,2.9181598028253126,Correct,Correct,45,1,Organic solvents,S2,S3,semcse,alignment_zscore
S0-S3,grok-4.3,S2→S3,2,3,C->C,0.9725426105900724,1.2949932732916687,Correct,Correct,46,1,Organic solvents,S2,S3,semcse,alignment_zscore
S0-S3,grok-4.3,S2→S3,2,3,C->C,0.6059569576677466,0.447925453090493,Correct,Correct,46,2,Organic solvents,S2,S3,semcse,alignment_zscore
S0-S3,grok-4.3,S2→S3,2,3,C->C,0.3559192629374418,0.4215996339033482,Correct,Correct,47,1,Organic solvents,S2,S3,semcse,alignment_zscore
S0-S3,grok-4.3,S2→S3,2,3,C->C,-1.105696701827774,-0.2473060637626263,Correct,Correct,47,2,Organic solvents,S2,S3,semcse,alignment_zscore
S0-S3,grok-4.3,S2→S3,2,3,C->C,-0.5072747623324317,-0.2528024722759006,Correct,Correct,48,2,B(OH)₃ + other ions,S2,S3,semcse,alignment_zscore
S0-S3,grok-4.3,S2→S3,2,3,C->C,1.5422515641068797,2.582526419718598,Correct,Correct,49,1,B(OH)₃ + AgNO₃,S2,S3,semcse,alignment_zscore
S0-S3,grok-4.3,S2→S3,2,3,C->C,0.9507202998804558,1.4932868773469932,Correct,Correct,50,1,B(OH)₃ + AgNO₃,S2,S3,semcse,alignment_zscore
S0-S3,grok-4.3,S2→S3,2,3,C->C,1.5307943818557437,1.5517161424416674,Correct,Correct,51,1,KB(OH)₄,S2,S3,semcse,alignment_zscore
S0-S3,grok-4.3,S2→S3,2,3,C->C,2.526109204155145,2.858283999327489,Correct,Correct,52,1,KB(OH)₄,S2,S3,semcse,alignment_zscore
S0-S3,grok-4.3,S2→S3,2,3,C->C,1.606187106263911,1.7145637874175808,Correct,Correct,53,1,H₂O,S2,S3,semcse,alignment_zscore
S0-S3,grok-4.3,S2→S3,2,3,C->C,2.2492175376586525,2.9168533458056274,Correct,Correct,53,2,EtOH/H₂O,S2,S3,semcse,alignment_zscore
S0-S3,grok-4.3,S2→S3,2,3,C->C,0.7888222344023045,0.8099968663667253,Correct,Correct,54,1,H₂O,S2,S3,semcse,alignment_zscore
S0-S3,grok-4.3,S2→S3,2,3,C->C,1.3107002017253642,1.1660093835682817,Correct,Correct,54,2,EtOH/H₂O,S2,S3,semcse,alignment_zscore
S0-S3,grok-4.3,S2→S3,2,3,C->C,0.5404694801447143,0.8388656085092555,Correct,Correct,55,1,H₂O,S2,S3,semcse,alignment_zscore
S0-S3,grok-4.3,S2→S3,2,3,C->C,2.106071670203371,1.4536049061490008,Correct,Correct,55,2,EtOH/H₂O,S2,S3,semcse,alignment_zscore
S0-S3,grok-4.3,S2→S3,2,3,C->C,0.3016340775353656,0.9173607567543788,Correct,Correct,56,2,EtOH/H₂O,S2,S3,semcse,alignment_zscore
S0-S3,grok-4.3,S2→S3,2,3,C->C,-0.0096128105173897,-0.4401472084519472,Correct,Correct,57,1,H₂O,S2,S3,semcse,alignment_zscore
S0-S3,grok-4.3,S2→S3,2,3,C->C,0.8593059272943869,0.7095674830179776,Correct,Correct,58,1,H₂O,S2,S3,semcse,alignment_zscore
S0-S3,grok-4.3,S2→S3,2,3,C->C,1.418505670816667,1.384494344171072,Correct,Correct,58,2,EtOH/H₂O,S2,S3,semcse,alignment_zscore
S0-S3,grok-4.3,S2→S3,2,3,C->C,0.5022175537639031,0.8269066327896654,Correct,Correct,59,1,H₂O,S2,S3,semcse,alignment_zscore
S0-S3,grok-4.3,S2→S3,2,3,C->C,1.5177641860355435,1.7731191149565602,Correct,Correct,59,2,EtOH/H₂O,S2,S3,semcse,alignment_zscore
S0-S3,grok-4.3,S2→S3,2,3,C->C,-0.1608692323389701,0.3047586314794609,Correct,Correct,60,1,H₂O,S2,S3,semcse,alignment_zscore
S0-S3,grok-4.3,S2→S3,2,3,C->C,2.6458909092785694,2.243627445269416,Correct,Correct,60,2,EtOH/H₂O,S2,S3,semcse,alignment_zscore
S0-S3,grok-4.3,S2→S3,2,3,C->C,-0.6356389002503745,-0.5951044529495176,Correct,Correct,61,1,H₂O,S2,S3,semcse,alignment_zscore
S0-S3,grok-4.3,S2→S3,2,3,C->C,2.026370017566243,1.6210686589890964,Correct,Correct,61,2,EtOH/H₂O,S2,S3,semcse,alignment_zscore
S0-S3,grok-4.3,S2→S3,2,3,C->C,2.185132124676532,2.200846335410372,Correct,Correct,62,1,H₂O,S2,S3,semcse,alignment_zscore
S0-S3,grok-4.3,S2→S3,2,3,C->C,2.429985972502192,2.1255895228007278,Correct,Correct,62,2,EtOH/H₂O,S2,S3,semcse,alignment_zscore
S0-S3,grok-4.3,S2→S3,2,3,C->C,1.9619894990826616,2.1714795493054773,Correct,Correct,63,1,H₂O,S2,S3,semcse,alignment_zscore
S0-S3,grok-4.3,S2→S3,2,3,C->C,2.5342260032824697,1.9871285762207476,Correct,Correct,63,2,EtOH/H₂O,S2,S3,semcse,alignment_zscore
S0-S3,grok-4.3,S2→S3,2,3,C->C,2.354958504886783,1.9106673137241716,Correct,Correct,64,1,KCl,S2,S3,semcse,alignment_zscore
S0-S3,grok-4.3,S2→S3,2,3,C->C,0.814593845447769,0.992332482028304,Correct,Correct,64,2,NaB(OH)₄,S2,S3,semcse,alignment_zscore
S0-S3,grok-4.3,S2→S3,2,3,C->W,2.2062582062155247,2.043092233470494,Correct,Wrong,4,2,NaCl,S2,S3,semcse,alignment_zscore
S0-S3,grok-4.3,S2→S3,2,3,C->W,1.996178805760007,2.06449750215797,Correct,Wrong,7,2,NaCl,S2,S3,semcse,alignment_zscore
S0-S3,grok-4.3,S2→S3,2,3,C->W,0.0395621434710393,-0.1658239318674482,Correct,Wrong,13,3,acidic pH + benzyl amine,S2,S3,semcse,alignment_zscore
S0-S3,grok-4.3,S2→S3,2,3,W->C,1.5567412927517357,2.0204989744275315,Wrong,Correct,4,1,LiCl,S2,S3,semcse,alignment_zscore
S0-S3,grok-4.3,S2→S3,2,3,W->C,2.071285729652935,2.066350570073333,Wrong,Correct,7,11,LiB(OH)₄,S2,S3,semcse,alignment_zscore
S0-S3,grok-4.3,S2→S3,2,3,W->C,2.9941769959061726,2.434755397263094,Wrong,Correct,20,1,EtOH/H₂O,S2,S3,semcse,alignment_zscore
S0-S3,grok-4.3,S2→S3,2,3,W->C,-0.0089931709011361,0.6016580137101187,Wrong,Correct,45,3,Organic solvents,S2,S3,semcse,alignment_zscore
S0-S3,grok-4.3,S2→S3,2,3,W->C,0.4113682941744742,0.7992123154257393,Wrong,Correct,48,1,B(OH)₃ + AgNO₃,S2,S3,semcse,alignment_zscore
S0-S3,grok-4.3,S2→S3,2,3,W->C,-0.1957104927199029,-1.4039147269193033,Wrong,Correct,57,2,EtOH/H₂O,S2,S3,semcse,alignment_zscore
S0-S3,grok-4.3,S2→S3,2,3,W->W,1.1016928834129327,1.3019248228614249,Wrong,Wrong,5,1,LiCl,S2,S3,semcse,alignment_zscore
S0-S3,grok-4.3,S2→S3,2,3,W->W,-0.022751011922776,0.6237992239300064,Wrong,Wrong,6,2,NaCl,S2,S3,semcse,alignment_zscore
S0-S3,grok-4.3,S2→S3,2,3,W->W,0.5485635031984889,0.2579450200407859,Wrong,Wrong,7,3,KCl + NaCl,S2,S3,semcse,alignment_zscore
S0-S3,grok-4.3,S2→S3,2,3,W->W,0.3874907150136323,0.1631188589357748,Wrong,Wrong,7,6,KCl,S2,S3,semcse,alignment_zscore
S0-S3,grok-4.3,S2→S3,2,3,W->W,2.4065936264637893,2.4057320603986505,Wrong,Wrong,7,7,KCl,S2,S3,semcse,alignment_zscore
S0-S3,grok-4.3,S2→S3,2,3,W->W,1.5469741276422042,1.593023783064411,Wrong,Wrong,7,10,KB(OH)₄,S2,S3,semcse,alignment_zscore
S0-S3,grok-4.3,S2→S3,2,3,W->W,0.7530714436142062,1.017230388693514,Wrong,Wrong,8,3,KCl,S2,S3,semcse,alignment_zscore
S0-S3,grok-4.3,S2→S3,2,3,W->W,0.2330768097162508,-0.0280299586839504,Wrong,Wrong,8,4,KCl,S2,S3,semcse,alignment_zscore
S0-S3,grok-4.3,S2→S3,2,3,W->W,1.5715948443526346,1.881108552429665,Wrong,Wrong,9,2,KCl,S2,S3,semcse,alignment_zscore
S0-S3,grok-4.3,S2→S3,2,3,W->W,0.9136535427151474,1.1089298202921518,Wrong,Wrong,10,1,H₂O,S2,S3,semcse,alignment_zscore
S0-S3,grok-4.3,S2→S3,2,3,W->W,1.7468550767834898,1.6782436464244532,Wrong,Wrong,10,2,PBS,S2,S3,semcse,alignment_zscore
S0-S3,grok-4.3,S2→S3,2,3,W->W,0.6557162802012293,1.533435474135238,Wrong,Wrong,11,1,H₂O,S2,S3,semcse,alignment_zscore
S0-S3,grok-4.3,S2→S3,2,3,W->W,-2.326288088205445,-0.7137399111837688,Wrong,Wrong,15,1,H₂O,S2,S3,semcse,alignment_zscore
S0-S3,grok-4.3,S2→S3,2,3,W->W,-0.2186749732289193,-0.2765940327125669,Wrong,Wrong,28,1,NaOH,S2,S3,semcse,alignment_zscore
S0-S3,grok-4.3,S2→S3,2,3,W->W,1.3464796205710583,1.4007240171899995,Wrong,Wrong,35,1,H₂O,S2,S3,semcse,alignment_zscore
S0-S3,grok-4.3,S2→S3,2,3,W->W,1.3444736165127318,1.9143172519308755,Wrong,Wrong,36,2,KCl,S2,S3,semcse,alignment_zscore
S0-S3,grok-4.3,S2→S3,2,3,W->W,1.9343584980690287,2.6556071288932928,Wrong,Wrong,37,2,KCl,S2,S3,semcse,alignment_zscore
S0-S3,grok-4.3,S2→S3,2,3,W->W,-1.3432529781315108,-1.1962765205545436,Wrong,Wrong,38,2,KCl,S2,S3,semcse,alignment_zscore
S0-S3,grok-4.3,S2→S3,2,3,W->W,2.029033518654052,2.013817105123606,Wrong,Wrong,40,2,NaCl,S2,S3,semcse,alignment_zscore
S0-S3,grok-4.3,S2→S3,2,3,W->W,1.1467663368871257,1.5003875314045183,Wrong,Wrong,40,4,Me₄NCl,S2,S3,semcse,alignment_zscore
S0-S3,grok-4.3,S2→S3,2,3,W->W,0.8205492752230457,0.8062036496722667,Wrong,Wrong,40,5,Borate buffer,S2,S3,semcse,alignment_zscore
S0-S3,grok-4.3,S2→S3,2,3,W->W,0.8653861415612919,1.1979517757246083,Wrong,Wrong,41,1,KCl,S2,S3,semcse,alignment_zscore
S0-S3,grok-4.3,S2→S3,2,3,W->W,0.1829367636741073,0.5466821398271372,Wrong,Wrong,42,1,KCl,S2,S3,semcse,alignment_zscore
S0-S3,grok-4.3,S2→S3,2,3,W->W,0.2250866657553271,0.1867134266226305,Wrong,Wrong,43,1,KCl,S2,S3,semcse,alignment_zscore
S0-S3,grok-4.3,S2→S3,2,3,W->W,1.2463705312315618,1.5241594161562522,Wrong,Wrong,44,1,KCl,S2,S3,semcse,alignment_zscore
S0-S3,grok-4.3,S2→S3,2,3,W->W,0.5427053118883913,0.6804882641303589,Wrong,Wrong,45,2,Organic solvents,S2,S3,semcse,alignment_zscore
S0-S3,grok-4.3,S2→S3,2,3,W->W,-0.7048976493749852,-1.0684684774476327,Wrong,Wrong,56,1,H₂O,S2,S3,semcse,alignment_zscore
S0-S3,llama-4-scout,S0→S1,0,1,C->C,2.2565987203644418,2.0962946750845464,Correct,Correct,1,4,KCl,S0,S1,semcse,alignment_zscore
S0-S3,llama-4-scout,S0→S1,0,1,C->C,1.0504808448778014,0.7389937685951062,Correct,Correct,2,1,Tb(NO₃)₃ or Eu(NO₃)₃,S0,S1,semcse,alignment_zscore
S0-S3,llama-4-scout,S0→S1,0,1,C->C,0.8181962972021494,0.5424723379511821,Correct,Correct,3,1,Tb(NO₃)₃ or Eu(NO₃)₃,S0,S1,semcse,alignment_zscore
S0-S3,llama-4-scout,S0→S1,0,1,C->C,1.0655431389807872,1.1700742033286953,Correct,Correct,4,3,KCl,S0,S1,semcse,alignment_zscore
S0-S3,llama-4-scout,S0→S1,0,1,C->C,0.6460833994319692,0.5348842825210607,Correct,Correct,5,2,KCl,S0,S1,semcse,alignment_zscore
S0-S3,llama-4-scout,S0→S1,0,1,C->C,1.1086319227259531,1.484186376940771,Correct,Correct,6,1,LiCl,S0,S1,semcse,alignment_zscore
S0-S3,llama-4-scout,S0→S1,0,1,C->C,1.5068246798512763,1.503866316774671,Correct,Correct,6,3,KCl,S0,S1,semcse,alignment_zscore
S0-S3,llama-4-scout,S0→S1,0,1,C->C,0.2154241735592663,-0.28348709550027,Correct,Correct,7,4,KCl,S0,S1,semcse,alignment_zscore
S0-S3,llama-4-scout,S0→S1,0,1,C->C,1.3638419989298565,1.160644981706877,Correct,Correct,7,5,KCl,S0,S1,semcse,alignment_zscore
S0-S3,llama-4-scout,S0→S1,0,1,C->C,0.3746742651996984,0.7259264166472432,Correct,Correct,7,8,KCl + TAcG,S0,S1,semcse,alignment_zscore
S0-S3,llama-4-scout,S0→S1,0,1,C->C,2.1210865938448893,1.905956582298019,Correct,Correct,7,9,KB(OH)₄,S0,S1,semcse,alignment_zscore
S0-S3,llama-4-scout,S0→S1,0,1,C->C,0.5063488298332535,0.2131712390060233,Correct,Correct,8,3,KCl,S0,S1,semcse,alignment_zscore
S0-S3,llama-4-scout,S0→S1,0,1,C->C,0.5860465210559154,1.4438163752705415,Correct,Correct,16,1,H₂O,S0,S1,semcse,alignment_zscore
S0-S3,llama-4-scout,S0→S1,0,1,C->C,0.9419886511539328,1.206783376992839,Correct,Correct,18,1,H₂O,S0,S1,semcse,alignment_zscore
S0-S3,llama-4-scout,S0→S1,0,1,C->C,-0.7285312375302597,-0.1520645532040888,Correct,Correct,19,1,H₂O,S0,S1,semcse,alignment_zscore
S0-S3,llama-4-scout,S0→S1,0,1,C->C,-0.1142383384919382,-0.2020810320335906,Correct,Correct,21,1,EtOH/H₂O,S0,S1,semcse,alignment_zscore
S0-S3,llama-4-scout,S0→S1,0,1,C->C,1.877428171137305,1.5477561959542083,Correct,Correct,25,2,Organic solvents,S0,S1,semcse,alignment_zscore
S0-S3,llama-4-scout,S0→S1,0,1,C->C,0.1682907946311178,0.2464611775146789,Correct,Correct,26,1,NaOH,S0,S1,semcse,alignment_zscore
S0-S3,llama-4-scout,S0→S1,0,1,C->C,-0.0266566963419571,-0.7533355936225173,Correct,Correct,26,3,LiOH,S0,S1,semcse,alignment_zscore
S0-S3,llama-4-scout,S0→S1,0,1,C->C,1.9521340170633248,1.7612774718374165,Correct,Correct,26,4,Organic solvents,S0,S1,semcse,alignment_zscore
S0-S3,llama-4-scout,S0→S1,0,1,C->C,0.4040428217628387,-0.7738512117990358,Correct,Correct,27,3,LiOH,S0,S1,semcse,alignment_zscore
S0-S3,llama-4-scout,S0→S1,0,1,C->C,1.8877138552586803,1.547081928178,Correct,Correct,27,4,Organic solvents,S0,S1,semcse,alignment_zscore
S0-S3,llama-4-scout,S0→S1,0,1,C->C,0.4661152560807624,0.2461953069341406,Correct,Correct,28,2,Organic solvents,S0,S1,semcse,alignment_zscore
S0-S3,llama-4-scout,S0→S1,0,1,C->C,-0.1266774063492761,0.5712034245684986,Correct,Correct,29,2,Organic solvents,S0,S1,semcse,alignment_zscore
S0-S3,llama-4-scout,S0→S1,0,1,C->C,0.2593174485773779,0.5445806281664854,Correct,Correct,30,2,Organic solvents,S0,S1,semcse,alignment_zscore
S0-S3,llama-4-scout,S0→S1,0,1,C->C,1.3284577857879123,1.2219169383169122,Correct,Correct,31,1,H₂O,S0,S1,semcse,alignment_zscore
S0-S3,llama-4-scout,S0→S1,0,1,C->C,-0.8921328694820247,-0.5656804011870212,Correct,Correct,36,1,NaCl,S0,S1,semcse,alignment_zscore
S0-S3,llama-4-scout,S0→S1,0,1,C->C,-0.5280259449819682,1.1176328039772396,Correct,Correct,36,3,NaCl + TAcG,S0,S1,semcse,alignment_zscore
S0-S3,llama-4-scout,S0→S1,0,1,C->C,0.9648806535556926,1.3171240631810055,Correct,Correct,37,2,KCl,S0,S1,semcse,alignment_zscore
S0-S3,llama-4-scout,S0→S1,0,1,C->C,0.7920123278638072,0.6506272786693351,Correct,Correct,40,1,KCl,S0,S1,semcse,alignment_zscore
S0-S3,llama-4-scout,S0→S1,0,1,C->C,1.2684386772151148,1.215341069748764,Correct,Correct,40,2,NaCl,S0,S1,semcse,alignment_zscore
S0-S3,llama-4-scout,S0→S1,0,1,C->C,0.9829835321403956,1.2086531059254422,Correct,Correct,40,3,NH₄Cl,S0,S1,semcse,alignment_zscore
S0-S3,llama-4-scout,S0→S1,0,1,C->C,0.4518218995362599,0.8163520197253564,Correct,Correct,40,4,Me₄NCl,S0,S1,semcse,alignment_zscore
S0-S3,llama-4-scout,S0→S1,0,1,C->C,0.6504543126661657,0.398609797711219,Correct,Correct,40,6,KCl,S0,S1,semcse,alignment_zscore
S0-S3,llama-4-scout,S0→S1,0,1,C->C,0.5573320831913975,0.1739778465554327,Correct,Correct,46,1,Organic solvents,S0,S1,semcse,alignment_zscore
S0-S3,llama-4-scout,S0→S1,0,1,C->C,-0.0754634382336688,-0.3543191807350154,Correct,Correct,46,2,Organic solvents,S0,S1,semcse,alignment_zscore
S0-S3,llama-4-scout,S0→S1,0,1,C->C,-0.5182304543442344,-0.6002843665663691,Correct,Correct,47,1,Organic solvents,S0,S1,semcse,alignment_zscore
S0-S3,llama-4-scout,S0→S1,0,1,C->C,-1.2147263875913916,-1.186520230914498,Correct,Correct,47,2,Organic solvents,S0,S1,semcse,alignment_zscore
S0-S3,llama-4-scout,S0→S1,0,1,C->C,2.935285183716944,2.610117869075453,Correct,Correct,52,1,KB(OH)₄,S0,S1,semcse,alignment_zscore
S0-S3,llama-4-scout,S0→S1,0,1,C->C,2.0891526915978926,2.2074366143339086,Correct,Correct,53,2,EtOH/H₂O,S0,S1,semcse,alignment_zscore
S0-S3,llama-4-scout,S0→S1,0,1,C->C,1.164559246510093,1.284848475609119,Correct,Correct,54,2,EtOH/H₂O,S0,S1,semcse,alignment_zscore
S0-S3,llama-4-scout,S0→S1,0,1,C->C,1.3109570882623096,2.1445082847098265,Correct,Correct,55,2,EtOH/H₂O,S0,S1,semcse,alignment_zscore
S0-S3,llama-4-scout,S0→S1,0,1,C->C,0.77601286172489,0.1786909201259127,Correct,Correct,56,2,EtOH/H₂O,S0,S1,semcse,alignment_zscore
S0-S3,llama-4-scout,S0→S1,0,1,C->C,2.1606298745963994,1.3293077666995032,Correct,Correct,58,2,EtOH/H₂O,S0,S1,semcse,alignment_zscore
S0-S3,llama-4-scout,S0→S1,0,1,C->C,0.2942462099228322,-0.1491588760422673,Correct,Correct,59,1,H₂O,S0,S1,semcse,alignment_zscore
S0-S3,llama-4-scout,S0→S1,0,1,C->C,0.9471680467214652,1.517293983659681,Correct,Correct,59,2,EtOH/H₂O,S0,S1,semcse,alignment_zscore
S0-S3,llama-4-scout,S0→S1,0,1,C->C,1.8972136969798967,2.3986976570299885,Correct,Correct,60,2,EtOH/H₂O,S0,S1,semcse,alignment_zscore
S0-S3,llama-4-scout,S0→S1,0,1,C->C,1.4881019377553055,2.020699861005515,Correct,Correct,61,2,EtOH/H₂O,S0,S1,semcse,alignment_zscore
S0-S3,llama-4-scout,S0→S1,0,1,C->C,1.7970092826873525,1.8005982412217587,Correct,Correct,64,1,KCl,S0,S1,semcse,alignment_zscore
S0-S3,llama-4-scout,S0→S1,0,1,C->C,0.7692809775146261,0.856501841123011,Correct,Correct,64,2,NaB(OH)₄,S0,S1,semcse,alignment_zscore
S0-S3,llama-4-scout,S0→S1,0,1,C->W,0.7376441964090363,0.5564610660136559,Correct,Wrong,1,1,Tb(NO₃)₃ or Dy(NO₃)₃,S0,S1,semcse,alignment_zscore
S0-S3,llama-4-scout,S0→S1,0,1,C->W,2.048568895349133,1.210036616944668,Correct,Wrong,4,1,LiCl,S0,S1,semcse,alignment_zscore
S0-S3,llama-4-scout,S0→S1,0,1,C->W,1.9690047813198093,1.977096833504722,Correct,Wrong,4,2,NaCl,S0,S1,semcse,alignment_zscore
S0-S3,llama-4-scout,S0→S1,0,1,C->W,1.4383461444914978,0.618016725132559,Correct,Wrong,5,1,LiCl,S0,S1,semcse,alignment_zscore
S0-S3,llama-4-scout,S0→S1,0,1,C->W,-0.3801820810391705,-0.6181657407010083,Correct,Wrong,6,2,NaCl,S0,S1,semcse,alignment_zscore
S0-S3,llama-4-scout,S0→S1,0,1,C->W,0.149717984513596,0.3964559967947696,Correct,Wrong,8,4,KCl,S0,S1,semcse,alignment_zscore
S0-S3,llama-4-scout,S0→S1,0,1,C->W,0.972677868939756,0.9995004625298882,Correct,Wrong,10,1,H₂O,S0,S1,semcse,alignment_zscore
S0-S3,llama-4-scout,S0→S1,0,1,C->W,1.6902325951094737,1.9485740451979852,Correct,Wrong,10,2,PBS,S0,S1,semcse,alignment_zscore
S0-S3,llama-4-scout,S0→S1,0,1,C->W,1.9672774689294867,2.048923795984487,Correct,Wrong,13,1,H₂O,S0,S1,semcse,alignment_zscore
S0-S3,llama-4-scout,S0→S1,0,1,C->W,-0.7929847081549878,-0.6630640152172841,Correct,Wrong,13,2,acidic pH,S0,S1,semcse,alignment_zscore
S0-S3,llama-4-scout,S0→S1,0,1,C->W,1.837993302421118,2.7693253837059406,Correct,Wrong,20,1,EtOH/H₂O,S0,S1,semcse,alignment_zscore
S0-S3,llama-4-scout,S0→S1,0,1,C->W,1.4779050838461176,2.775827144481837,Correct,Wrong,39,2,KCl,S0,S1,semcse,alignment_zscore
S0-S3,llama-4-scout,S0→S1,0,1,C->W,1.641194210152242,1.0284055558801022,Correct,Wrong,41,1,KCl,S0,S1,semcse,alignment_zscore
S0-S3,llama-4-scout,S0→S1,0,1,C->W,-0.0990891152319054,-0.5680704475943988,Correct,Wrong,48,1,B(OH)₃ + AgNO₃,S0,S1,semcse,alignment_zscore
S0-S3,llama-4-scout,S0→S1,0,1,C->W,-1.2625675472053857,-1.6076476002645423,Correct,Wrong,56,1,H₂O,S0,S1,semcse,alignment_zscore
S0-S3,llama-4-scout,S0→S1,0,1,W->C,1.8577654040962723,1.8549783763901624,Wrong,Correct,1,3,NaCl,S0,S1,semcse,alignment_zscore
S0-S3,llama-4-scout,S0→S1,0,1,W->C,2.9803181357409527,2.220824062956508,Wrong,Correct,3,2,B(OH)₃ + AgNO₃,S0,S1,semcse,alignment_zscore
S0-S3,llama-4-scout,S0→S1,0,1,W->C,1.5200323509257063,1.1989389946511555,Wrong,Correct,5,3,NaCl,S0,S1,semcse,alignment_zscore
S0-S3,llama-4-scout,S0→S1,0,1,W->C,1.5120214682790627,2.1702456526929104,Wrong,Correct,8,1,LiCl,S0,S1,semcse,alignment_zscore
S0-S3,llama-4-scout,S0→S1,0,1,W->C,1.8784398923064227,2.6299947560417136,Wrong,Correct,8,2,NaCl,S0,S1,semcse,alignment_zscore
S0-S3,llama-4-scout,S0→S1,0,1,W->C,1.0739585415643056,1.7422876581246225,Wrong,Correct,9,1,LiCl,S0,S1,semcse,alignment_zscore
S0-S3,llama-4-scout,S0→S1,0,1,W->C,1.3687125561186426,1.982121877155327,Wrong,Correct,9,3,NaCl,S0,S1,semcse,alignment_zscore
S0-S3,llama-4-scout,S0→S1,0,1,W->C,-0.0314494422467389,0.1456701840287276,Wrong,Correct,14,1,H₂O,S0,S1,semcse,alignment_zscore
S0-S3,llama-4-scout,S0→S1,0,1,W->C,-2.369998617553181,-1.5479471532548696,Wrong,Correct,15,1,H₂O,S0,S1,semcse,alignment_zscore
S0-S3,llama-4-scout,S0→S1,0,1,W->C,1.8209394613995915,1.5966418976866492,Wrong,Correct,22,1,EtOH/H₂O,S0,S1,semcse,alignment_zscore
S0-S3,llama-4-scout,S0→S1,0,1,W->C,1.557658648092772,1.926592579785505,Wrong,Correct,23,1,EtOH/H₂O,S0,S1,semcse,alignment_zscore
S0-S3,llama-4-scout,S0→S1,0,1,W->C,0.711469286697883,0.5150950930281919,Wrong,Correct,24,1,EtOH/H₂O,S0,S1,semcse,alignment_zscore
S0-S3,llama-4-scout,S0→S1,0,1,W->C,-0.0430295382738663,-0.9175753875406094,Wrong,Correct,26,2,KOH,S0,S1,semcse,alignment_zscore
S0-S3,llama-4-scout,S0→S1,0,1,W->C,-1.1943753709641267,-1.2260908955258696,Wrong,Correct,27,1,NaOH,S0,S1,semcse,alignment_zscore
S0-S3,llama-4-scout,S0→S1,0,1,W->C,0.0489406577193242,-0.690075108756551,Wrong,Correct,27,2,KOH,S0,S1,semcse,alignment_zscore
S0-S3,llama-4-scout,S0→S1,0,1,W->C,0.8193171151557274,1.9435581638462944,Wrong,Correct,29,1,NaOH,S0,S1,semcse,alignment_zscore
S0-S3,llama-4-scout,S0→S1,0,1,W->C,-0.8449936598065734,-0.6150761286755049,Wrong,Correct,30,1,NaOH,S0,S1,semcse,alignment_zscore
S0-S3,llama-4-scout,S0→S1,0,1,W->C,1.0230788782016995,0.6202079751654144,Wrong,Correct,33,1,H₂O,S0,S1,semcse,alignment_zscore
S0-S3,llama-4-scout,S0→S1,0,1,W->C,0.0412129558007966,0.3211825762774328,Wrong,Correct,34,1,H₂O,S0,S1,semcse,alignment_zscore
S0-S3,llama-4-scout,S0→S1,0,1,W->C,-1.5217030844932462,-1.1113145650234335,Wrong,Correct,38,1,KCl + NaCl,S0,S1,semcse,alignment_zscore
S0-S3,llama-4-scout,S0→S1,0,1,W->C,-1.4930094682128496,-0.9415058637957568,Wrong,Correct,38,2,KCl,S0,S1,semcse,alignment_zscore
S0-S3,llama-4-scout,S0→S1,0,1,W->C,1.9460671754481775,2.133337666134321,Wrong,Correct,45,1,Organic solvents,S0,S1,semcse,alignment_zscore
S0-S3,llama-4-scout,S0→S1,0,1,W->C,-0.2363203042338566,0.1316589112451097,Wrong,Correct,48,2,B(OH)₃ + other ions,S0,S1,semcse,alignment_zscore
S0-S3,llama-4-scout,S0→S1,0,1,W->C,1.9544119023024464,1.2682648930836036,Wrong,Correct,53,1,H₂O,S0,S1,semcse,alignment_zscore
S0-S3,llama-4-scout,S0→S1,0,1,W->C,0.4383976227811108,-0.3087245887987258,Wrong,Correct,54,1,H₂O,S0,S1,semcse,alignment_zscore
S0-S3,llama-4-scout,S0→S1,0,1,W->C,0.1700877974553539,0.6507251880497396,Wrong,Correct,58,1,H₂O,S0,S1,semcse,alignment_zscore
S0-S3,llama-4-scout,S0→S1,0,1,W->C,0.2864328458193166,-0.1648858477877077,Wrong,Correct,60,1,H₂O,S0,S1,semcse,alignment_zscore
S0-S3,llama-4-scout,S0→S1,0,1,W->C,-0.7606983851039131,-0.9422150850178056,Wrong,Correct,61,1,H₂O,S0,S1,semcse,alignment_zscore
S0-S3,llama-4-scout,S0→S1,0,1,W->C,2.406322790405208,1.985075157610293,Wrong,Correct,62,1,H₂O,S0,S1,semcse,alignment_zscore
S0-S3,llama-4-scout,S0→S1,0,1,W->C,2.544372653280392,2.374835239088414,Wrong,Correct,62,2,EtOH/H₂O,S0,S1,semcse,alignment_zscore
S0-S3,llama-4-scout,S0→S1,0,1,W->C,2.278345057236355,2.3959347277748084,Wrong,Correct,63,1,H₂O,S0,S1,semcse,alignment_zscore
S0-S3,llama-4-scout,S0→S1,0,1,W->C,2.143376366495469,2.405392871898726,Wrong,Correct,63,2,EtOH/H₂O,S0,S1,semcse,alignment_zscore
S0-S3,llama-4-scout,S0→S1,0,1,W->W,2.024751517064693,2.294883475636936,Wrong,Wrong,1,2,LiCl,S0,S1,semcse,alignment_zscore
S0-S3,llama-4-scout,S0→S1,0,1,W->W,1.3690864423694484,1.2772460447674918,Wrong,Wrong,1,5,KB(OH)₄,S0,S1,semcse,alignment_zscore
S0-S3,llama-4-scout,S0→S1,0,1,W->W,1.531559659577955,1.3856120730238353,Wrong,Wrong,7,1,LiCl,S0,S1,semcse,alignment_zscore
S0-S3,llama-4-scout,S0→S1,0,1,W->W,2.377394725512235,1.982777814289704,Wrong,Wrong,7,2,NaCl,S0,S1,semcse,alignment_zscore
S0-S3,llama-4-scout,S0→S1,0,1,W->W,1.1088333120625546,1.0870189822288348,Wrong,Wrong,7,3,KCl + NaCl,S0,S1,semcse,alignment_zscore
S0-S3,llama-4-scout,S0→S1,0,1,W->W,1.3135500789593244,1.18278541386263,Wrong,Wrong,7,6,KCl,S0,S1,semcse,alignment_zscore
S0-S3,llama-4-scout,S0→S1,0,1,W->W,1.8380196628101284,2.004926349164464,Wrong,Wrong,7,7,KCl,S0,S1,semcse,alignment_zscore
S0-S3,llama-4-scout,S0→S1,0,1,W->W,2.100675437766577,1.6751158086159292,Wrong,Wrong,7,10,KB(OH)₄,S0,S1,semcse,alignment_zscore
S0-S3,llama-4-scout,S0→S1,0,1,W->W,2.0826163960669133,1.861105752162376,Wrong,Wrong,7,11,LiB(OH)₄,S0,S1,semcse,alignment_zscore
S0-S3,llama-4-scout,S0→S1,0,1,W->W,1.461385997973286,1.4853688925357469,Wrong,Wrong,9,2,KCl,S0,S1,semcse,alignment_zscore
S0-S3,llama-4-scout,S0→S1,0,1,W->W,0.3951642946130918,0.9068135007613308,Wrong,Wrong,11,1,H₂O,S0,S1,semcse,alignment_zscore
S0-S3,llama-4-scout,S0→S1,0,1,W->W,0.7497598567316307,0.6495919909117635,Wrong,Wrong,12,1,H₂O,S0,S1,semcse,alignment_zscore
S0-S3,llama-4-scout,S0→S1,0,1,W->W,1.0183786098830947,0.6481472599641006,Wrong,Wrong,13,3,acidic pH + benzyl amine,S0,S1,semcse,alignment_zscore
S0-S3,llama-4-scout,S0→S1,0,1,W->W,-0.7994085024123168,-0.4409665329274784,Wrong,Wrong,17,1,H₂O,S0,S1,semcse,alignment_zscore
S0-S3,llama-4-scout,S0→S1,0,1,W->W,-0.5127854763650803,-1.2174223633239465,Wrong,Wrong,25,1,NaOH,S0,S1,semcse,alignment_zscore
S0-S3,llama-4-scout,S0→S1,0,1,W->W,-0.5648841230643392,-0.6220232559544256,Wrong,Wrong,28,1,NaOH,S0,S1,semcse,alignment_zscore
S0-S3,llama-4-scout,S0→S1,0,1,W->W,0.355064295599952,0.8044999727359656,Wrong,Wrong,32,1,H₂O,S0,S1,semcse,alignment_zscore
S0-S3,llama-4-scout,S0→S1,0,1,W->W,0.8318844460713077,0.9674316132511308,Wrong,Wrong,35,1,H₂O,S0,S1,semcse,alignment_zscore
S0-S3,llama-4-scout,S0→S1,0,1,W->W,0.6223328528948636,1.433336351417881,Wrong,Wrong,36,2,KCl,S0,S1,semcse,alignment_zscore
S0-S3,llama-4-scout,S0→S1,0,1,W->W,0.2842810524159167,0.4771528983377364,Wrong,Wrong,37,1,KCl + NaCl,S0,S1,semcse,alignment_zscore
S0-S3,llama-4-scout,S0→S1,0,1,W->W,0.2783838975789842,0.2807182168382116,Wrong,Wrong,39,1,NaCl,S0,S1,semcse,alignment_zscore
S0-S3,llama-4-scout,S0→S1,0,1,W->W,1.4182808087366374,0.7793311669660633,Wrong,Wrong,40,5,Borate buffer,S0,S1,semcse,alignment_zscore
S0-S3,llama-4-scout,S0→S1,0,1,W->W,0.5341024009868682,-0.0386843774433213,Wrong,Wrong,42,1,KCl,S0,S1,semcse,alignment_zscore
S0-S3,llama-4-scout,S0→S1,0,1,W->W,0.5154963028654047,0.3577629584354522,Wrong,Wrong,43,1,KCl,S0,S1,semcse,alignment_zscore
S0-S3,llama-4-scout,S0→S1,0,1,W->W,2.0676426188935424,2.0025996231208296,Wrong,Wrong,44,1,KCl,S0,S1,semcse,alignment_zscore
S0-S3,llama-4-scout,S0→S1,0,1,W->W,0.581761229528698,1.4647680935828131,Wrong,Wrong,45,2,Organic solvents,S0,S1,semcse,alignment_zscore
S0-S3,llama-4-scout,S0→S1,0,1,W->W,0.3246909928055232,0.5386822011021289,Wrong,Wrong,45,3,Organic solvents,S0,S1,semcse,alignment_zscore
S0-S3,llama-4-scout,S0→S1,0,1,W->W,1.3349829261260755,0.6933014344614656,Wrong,Wrong,49,1,B(OH)₃ + AgNO₃,S0,S1,semcse,alignment_zscore
S0-S3,llama-4-scout,S0→S1,0,1,W->W,0.2539483153053279,0.1862606991576807,Wrong,Wrong,50,1,B(OH)₃ + AgNO₃,S0,S1,semcse,alignment_zscore
S0-S3,llama-4-scout,S0→S1,0,1,W->W,0.6807097952711181,0.759866034723353,Wrong,Wrong,51,1,KB(OH)₄,S0,S1,semcse,alignment_zscore
S0-S3,llama-4-scout,S0→S1,0,1,W->W,-0.2956433016365365,-0.844817345813128,Wrong,Wrong,55,1,H₂O,S0,S1,semcse,alignment_zscore
S0-S3,llama-4-scout,S0→S1,0,1,W->W,-0.5474708710060776,-0.9691946668147196,Wrong,Wrong,57,1,H₂O,S0,S1,semcse,alignment_zscore
S0-S3,llama-4-scout,S0→S1,0,1,W->W,-0.7609378371489497,-0.0495365547170592,Wrong,Wrong,57,2,EtOH/H₂O,S0,S1,semcse,alignment_zscore
S0-S3,llama-4-scout,S1→S2,1,2,C->C,1.8549783763901624,1.734275126749075,Correct,Correct,1,3,NaCl,S1,S2,semcse,alignment_zscore
S0-S3,llama-4-scout,S1→S2,1,2,C->C,2.0962946750845464,2.3777784786947924,Correct,Correct,1,4,KCl,S1,S2,semcse,alignment_zscore
S0-S3,llama-4-scout,S1→S2,1,2,C->C,0.7389937685951062,0.7146171494570455,Correct,Correct,2,1,Tb(NO₃)₃ or Eu(NO₃)₃,S1,S2,semcse,alignment_zscore
S0-S3,llama-4-scout,S1→S2,1,2,C->C,0.5424723379511821,1.1485164909269097,Correct,Correct,3,1,Tb(NO₃)₃ or Eu(NO₃)₃,S1,S2,semcse,alignment_zscore
S0-S3,llama-4-scout,S1→S2,1,2,C->C,1.1700742033286953,0.9367909631925164,Correct,Correct,4,3,KCl,S1,S2,semcse,alignment_zscore
S0-S3,llama-4-scout,S1→S2,1,2,C->C,0.5348842825210607,0.7929768295392386,Correct,Correct,5,2,KCl,S1,S2,semcse,alignment_zscore
S0-S3,llama-4-scout,S1→S2,1,2,C->C,1.1989389946511555,1.2823980924819016,Correct,Correct,5,3,NaCl,S1,S2,semcse,alignment_zscore
S0-S3,llama-4-scout,S1→S2,1,2,C->C,1.484186376940771,1.894548102573197,Correct,Correct,6,1,LiCl,S1,S2,semcse,alignment_zscore
S0-S3,llama-4-scout,S1→S2,1,2,C->C,1.503866316774671,1.7766847301570114,Correct,Correct,6,3,KCl,S1,S2,semcse,alignment_zscore
S0-S3,llama-4-scout,S1→S2,1,2,C->C,-0.28348709550027,-0.2946380261106029,Correct,Correct,7,4,KCl,S1,S2,semcse,alignment_zscore
S0-S3,llama-4-scout,S1→S2,1,2,C->C,1.160644981706877,1.4129452959002404,Correct,Correct,7,5,KCl,S1,S2,semcse,alignment_zscore
S0-S3,llama-4-scout,S1→S2,1,2,C->C,0.7259264166472432,0.2412035478782645,Correct,Correct,7,8,KCl + TAcG,S1,S2,semcse,alignment_zscore
S0-S3,llama-4-scout,S1→S2,1,2,C->C,1.905956582298019,1.99789269249299,Correct,Correct,7,9,KB(OH)₄,S1,S2,semcse,alignment_zscore
S0-S3,llama-4-scout,S1→S2,1,2,C->C,2.1702456526929104,2.682882576015362,Correct,Correct,8,1,LiCl,S1,S2,semcse,alignment_zscore
S0-S3,llama-4-scout,S1→S2,1,2,C->C,2.6299947560417136,2.342170939112306,Correct,Correct,8,2,NaCl,S1,S2,semcse,alignment_zscore
S0-S3,llama-4-scout,S1→S2,1,2,C->C,1.7422876581246225,1.6160591925508614,Correct,Correct,9,1,LiCl,S1,S2,semcse,alignment_zscore
S0-S3,llama-4-scout,S1→S2,1,2,C->C,1.982121877155327,1.9508922781665667,Correct,Correct,9,3,NaCl,S1,S2,semcse,alignment_zscore
S0-S3,llama-4-scout,S1→S2,1,2,C->C,0.1456701840287276,0.3577334637780549,Correct,Correct,14,1,H₂O,S1,S2,semcse,alignment_zscore
S0-S3,llama-4-scout,S1→S2,1,2,C->C,-1.5479471532548696,-1.5192603736442292,Correct,Correct,15,1,H₂O,S1,S2,semcse,alignment_zscore
S0-S3,llama-4-scout,S1→S2,1,2,C->C,1.4438163752705415,1.171664680362628,Correct,Correct,16,1,H₂O,S1,S2,semcse,alignment_zscore
S0-S3,llama-4-scout,S1→S2,1,2,C->C,1.206783376992839,1.5833192739047806,Correct,Correct,18,1,H₂O,S1,S2,semcse,alignment_zscore
S0-S3,llama-4-scout,S1→S2,1,2,C->C,-0.1520645532040888,0.0541129783124244,Correct,Correct,19,1,H₂O,S1,S2,semcse,alignment_zscore
S0-S3,llama-4-scout,S1→S2,1,2,C->C,-0.2020810320335906,-0.1888946952228095,Correct,Correct,21,1,EtOH/H₂O,S1,S2,semcse,alignment_zscore
S0-S3,llama-4-scout,S1→S2,1,2,C->C,1.5966418976866492,1.625466431051304,Correct,Correct,22,1,EtOH/H₂O,S1,S2,semcse,alignment_zscore
S0-S3,llama-4-scout,S1→S2,1,2,C->C,1.926592579785505,1.745710423593962,Correct,Correct,23,1,EtOH/H₂O,S1,S2,semcse,alignment_zscore
S0-S3,llama-4-scout,S1→S2,1,2,C->C,0.5150950930281919,0.7591354546384552,Correct,Correct,24,1,EtOH/H₂O,S1,S2,semcse,alignment_zscore
S0-S3,llama-4-scout,S1→S2,1,2,C->C,1.5477561959542083,1.230658752649415,Correct,Correct,25,2,Organic solvents,S1,S2,semcse,alignment_zscore
S0-S3,llama-4-scout,S1→S2,1,2,C->C,0.2464611775146789,-0.0679623789631562,Correct,Correct,26,1,NaOH,S1,S2,semcse,alignment_zscore
S0-S3,llama-4-scout,S1→S2,1,2,C->C,-0.9175753875406094,-0.5250494784801575,Correct,Correct,26,2,KOH,S1,S2,semcse,alignment_zscore
S0-S3,llama-4-scout,S1→S2,1,2,C->C,-0.7533355936225173,-0.7640376188103678,Correct,Correct,26,3,LiOH,S1,S2,semcse,alignment_zscore
S0-S3,llama-4-scout,S1→S2,1,2,C->C,1.7612774718374165,1.8330900204315437,Correct,Correct,26,4,Organic solvents,S1,S2,semcse,alignment_zscore
S0-S3,llama-4-scout,S1→S2,1,2,C->C,-1.2260908955258696,-1.554349520282685,Correct,Correct,27,1,NaOH,S1,S2,semcse,alignment_zscore
S0-S3,llama-4-scout,S1→S2,1,2,C->C,-0.690075108756551,-0.4917056337376583,Correct,Correct,27,2,KOH,S1,S2,semcse,alignment_zscore
S0-S3,llama-4-scout,S1→S2,1,2,C->C,-0.7738512117990358,-0.8457448455660161,Correct,Correct,27,3,LiOH,S1,S2,semcse,alignment_zscore
S0-S3,llama-4-scout,S1→S2,1,2,C->C,1.547081928178,1.5830248006275751,Correct,Correct,27,4,Organic solvents,S1,S2,semcse,alignment_zscore
S0-S3,llama-4-scout,S1→S2,1,2,C->C,0.2461953069341406,0.8037054748610273,Correct,Correct,28,2,Organic solvents,S1,S2,semcse,alignment_zscore
S0-S3,llama-4-scout,S1→S2,1,2,C->C,1.9435581638462944,1.852363105505304,Correct,Correct,29,1,NaOH,S1,S2,semcse,alignment_zscore
S0-S3,llama-4-scout,S1→S2,1,2,C->C,0.5712034245684986,0.4742603153991973,Correct,Correct,29,2,Organic solvents,S1,S2,semcse,alignment_zscore
S0-S3,llama-4-scout,S1→S2,1,2,C->C,-0.6150761286755049,-0.3180816575180879,Correct,Correct,30,1,NaOH,S1,S2,semcse,alignment_zscore
S0-S3,llama-4-scout,S1→S2,1,2,C->C,0.5445806281664854,0.4947144431581608,Correct,Correct,30,2,Organic solvents,S1,S2,semcse,alignment_zscore
S0-S3,llama-4-scout,S1→S2,1,2,C->C,1.2219169383169122,1.3785356284781076,Correct,Correct,31,1,H₂O,S1,S2,semcse,alignment_zscore
S0-S3,llama-4-scout,S1→S2,1,2,C->C,0.6202079751654144,1.4466759995966312,Correct,Correct,33,1,H₂O,S1,S2,semcse,alignment_zscore
S0-S3,llama-4-scout,S1→S2,1,2,C->C,-0.5656804011870212,-0.6330031599607931,Correct,Correct,36,1,NaCl,S1,S2,semcse,alignment_zscore
S0-S3,llama-4-scout,S1→S2,1,2,C->C,1.1176328039772396,0.7787552960309123,Correct,Correct,36,3,NaCl + TAcG,S1,S2,semcse,alignment_zscore
S0-S3,llama-4-scout,S1→S2,1,2,C->C,1.3171240631810055,1.1332294149794602,Correct,Correct,37,2,KCl,S1,S2,semcse,alignment_zscore
S0-S3,llama-4-scout,S1→S2,1,2,C->C,0.6506272786693351,0.5928304643695506,Correct,Correct,40,1,KCl,S1,S2,semcse,alignment_zscore
S0-S3,llama-4-scout,S1→S2,1,2,C->C,1.2086531059254422,1.364485543764762,Correct,Correct,40,3,NH₄Cl,S1,S2,semcse,alignment_zscore
S0-S3,llama-4-scout,S1→S2,1,2,C->C,0.8163520197253564,0.3923593069660842,Correct,Correct,40,4,Me₄NCl,S1,S2,semcse,alignment_zscore
S0-S3,llama-4-scout,S1→S2,1,2,C->C,0.398609797711219,0.6434317260224691,Correct,Correct,40,6,KCl,S1,S2,semcse,alignment_zscore
S0-S3,llama-4-scout,S1→S2,1,2,C->C,0.1739778465554327,0.3250452721379898,Correct,Correct,46,1,Organic solvents,S1,S2,semcse,alignment_zscore
S0-S3,llama-4-scout,S1→S2,1,2,C->C,-0.3543191807350154,-0.4047050650101416,Correct,Correct,46,2,Organic solvents,S1,S2,semcse,alignment_zscore
S0-S3,llama-4-scout,S1→S2,1,2,C->C,-0.6002843665663691,-0.6063052648954925,Correct,Correct,47,1,Organic solvents,S1,S2,semcse,alignment_zscore
S0-S3,llama-4-scout,S1→S2,1,2,C->C,-1.186520230914498,-1.0671794928897698,Correct,Correct,47,2,Organic solvents,S1,S2,semcse,alignment_zscore
S0-S3,llama-4-scout,S1→S2,1,2,C->C,2.610117869075453,3.005750146715869,Correct,Correct,52,1,KB(OH)₄,S1,S2,semcse,alignment_zscore
S0-S3,llama-4-scout,S1→S2,1,2,C->C,1.2682648930836036,1.342111335280559,Correct,Correct,53,1,H₂O,S1,S2,semcse,alignment_zscore
S0-S3,llama-4-scout,S1→S2,1,2,C->C,2.2074366143339086,2.1350234536893447,Correct,Correct,53,2,EtOH/H₂O,S1,S2,semcse,alignment_zscore
S0-S3,llama-4-scout,S1→S2,1,2,C->C,-0.3087245887987258,-0.3371422753808816,Correct,Correct,54,1,H₂O,S1,S2,semcse,alignment_zscore
S0-S3,llama-4-scout,S1→S2,1,2,C->C,1.284848475609119,1.6029527698525587,Correct,Correct,54,2,EtOH/H₂O,S1,S2,semcse,alignment_zscore
S0-S3,llama-4-scout,S1→S2,1,2,C->C,2.1445082847098265,2.2328177833842955,Correct,Correct,55,2,EtOH/H₂O,S1,S2,semcse,alignment_zscore
S0-S3,llama-4-scout,S1→S2,1,2,C->C,0.1786909201259127,0.0112254537033832,Correct,Correct,56,2,EtOH/H₂O,S1,S2,semcse,alignment_zscore
S0-S3,llama-4-scout,S1→S2,1,2,C->C,0.6507251880497396,0.4724078464548676,Correct,Correct,58,1,H₂O,S1,S2,semcse,alignment_zscore
S0-S3,llama-4-scout,S1→S2,1,2,C->C,1.3293077666995032,1.2411382508410935,Correct,Correct,58,2,EtOH/H₂O,S1,S2,semcse,alignment_zscore
S0-S3,llama-4-scout,S1→S2,1,2,C->C,-0.1491588760422673,0.0272195057160214,Correct,Correct,59,1,H₂O,S1,S2,semcse,alignment_zscore
S0-S3,llama-4-scout,S1→S2,1,2,C->C,1.517293983659681,1.215569532411699,Correct,Correct,59,2,EtOH/H₂O,S1,S2,semcse,alignment_zscore
S0-S3,llama-4-scout,S1→S2,1,2,C->C,-0.1648858477877077,-0.275140574819476,Correct,Correct,60,1,H₂O,S1,S2,semcse,alignment_zscore
S0-S3,llama-4-scout,S1→S2,1,2,C->C,2.3986976570299885,2.670389982984483,Correct,Correct,60,2,EtOH/H₂O,S1,S2,semcse,alignment_zscore
S0-S3,llama-4-scout,S1→S2,1,2,C->C,-0.9422150850178056,-0.7700899701565644,Correct,Correct,61,1,H₂O,S1,S2,semcse,alignment_zscore
S0-S3,llama-4-scout,S1→S2,1,2,C->C,2.020699861005515,2.0409109907675385,Correct,Correct,61,2,EtOH/H₂O,S1,S2,semcse,alignment_zscore
S0-S3,llama-4-scout,S1→S2,1,2,C->C,1.985075157610293,2.1597487698349083,Correct,Correct,62,1,H₂O,S1,S2,semcse,alignment_zscore
S0-S3,llama-4-scout,S1→S2,1,2,C->C,2.374835239088414,2.4754392971099937,Correct,Correct,62,2,EtOH/H₂O,S1,S2,semcse,alignment_zscore
S0-S3,llama-4-scout,S1→S2,1,2,C->C,2.3959347277748084,1.8424303933025208,Correct,Correct,63,1,H₂O,S1,S2,semcse,alignment_zscore
S0-S3,llama-4-scout,S1→S2,1,2,C->C,2.405392871898726,2.64425319999144,Correct,Correct,63,2,EtOH/H₂O,S1,S2,semcse,alignment_zscore
S0-S3,llama-4-scout,S1→S2,1,2,C->C,1.8005982412217587,1.9583515912179217,Correct,Correct,64,1,KCl,S1,S2,semcse,alignment_zscore
S0-S3,llama-4-scout,S1→S2,1,2,C->C,0.856501841123011,0.562088834013933,Correct,Correct,64,2,NaB(OH)₄,S1,S2,semcse,alignment_zscore
S0-S3,llama-4-scout,S1→S2,1,2,C->W,2.220824062956508,2.229764783690153,Correct,Wrong,3,2,B(OH)₃ + AgNO₃,S1,S2,semcse,alignment_zscore
S0-S3,llama-4-scout,S1→S2,1,2,C->W,0.2131712390060233,-0.0169777740928104,Correct,Wrong,8,3,KCl,S1,S2,semcse,alignment_zscore
S0-S3,llama-4-scout,S1→S2,1,2,C->W,0.3211825762774328,0.3500751326763273,Correct,Wrong,34,1,H₂O,S1,S2,semcse,alignment_zscore
S0-S3,llama-4-scout,S1→S2,1,2,C->W,-1.1113145650234335,-1.4829005797204151,Correct,Wrong,38,1,KCl + NaCl,S1,S2,semcse,alignment_zscore
S0-S3,llama-4-scout,S1→S2,1,2,C->W,-0.9415058637957568,-1.239381302274896,Correct,Wrong,38,2,KCl,S1,S2,semcse,alignment_zscore
S0-S3,llama-4-scout,S1→S2,1,2,C->W,1.215341069748764,1.42524801694172,Correct,Wrong,40,2,NaCl,S1,S2,semcse,alignment_zscore
S0-S3,llama-4-scout,S1→S2,1,2,C->W,2.133337666134321,1.6236406603943083,Correct,Wrong,45,1,Organic solvents,S1,S2,semcse,alignment_zscore
S0-S3,llama-4-scout,S1→S2,1,2,C->W,0.1316589112451097,-0.4145719037496702,Correct,Wrong,48,2,B(OH)₃ + other ions,S1,S2,semcse,alignment_zscore
S0-S3,llama-4-scout,S1→S2,1,2,W->C,0.5564610660136559,0.6329380278469419,Wrong,Correct,1,1,Tb(NO₃)₃ or Dy(NO₃)₃,S1,S2,semcse,alignment_zscore
S0-S3,llama-4-scout,S1→S2,1,2,W->C,0.6495919909117635,0.911730770420757,Wrong,Correct,12,1,H₂O,S1,S2,semcse,alignment_zscore
S0-S3,llama-4-scout,S1→S2,1,2,W->C,2.048923795984487,2.0899575312388934,Wrong,Correct,13,1,H₂O,S1,S2,semcse,alignment_zscore
S0-S3,llama-4-scout,S1→S2,1,2,W->C,2.775827144481837,2.001662253923013,Wrong,Correct,39,2,KCl,S1,S2,semcse,alignment_zscore
S0-S3,llama-4-scout,S1→S2,1,2,W->C,1.0284055558801022,0.8244537995041192,Wrong,Correct,41,1,KCl,S1,S2,semcse,alignment_zscore
S0-S3,llama-4-scout,S1→S2,1,2,W->C,0.1862606991576807,0.188191069674507,Wrong,Correct,50,1,B(OH)₃ + AgNO₃,S1,S2,semcse,alignment_zscore
S0-S3,llama-4-scout,S1→S2,1,2,W->W,2.294883475636936,2.178924758917556,Wrong,Wrong,1,2,LiCl,S1,S2,semcse,alignment_zscore
S0-S3,llama-4-scout,S1→S2,1,2,W->W,1.2772460447674918,1.6222936065545286,Wrong,Wrong,1,5,KB(OH)₄,S1,S2,semcse,alignment_zscore
S0-S3,llama-4-scout,S1→S2,1,2,W->W,1.210036616944668,1.4307637019623185,Wrong,Wrong,4,1,LiCl,S1,S2,semcse,alignment_zscore
S0-S3,llama-4-scout,S1→S2,1,2,W->W,1.977096833504722,1.8037256062742144,Wrong,Wrong,4,2,NaCl,S1,S2,semcse,alignment_zscore
S0-S3,llama-4-scout,S1→S2,1,2,W->W,0.618016725132559,0.4529345247806521,Wrong,Wrong,5,1,LiCl,S1,S2,semcse,alignment_zscore
S0-S3,llama-4-scout,S1→S2,1,2,W->W,-0.6181657407010083,0.0223377632200952,Wrong,Wrong,6,2,NaCl,S1,S2,semcse,alignment_zscore
S0-S3,llama-4-scout,S1→S2,1,2,W->W,1.3856120730238353,1.1808623149232205,Wrong,Wrong,7,1,LiCl,S1,S2,semcse,alignment_zscore
S0-S3,llama-4-scout,S1→S2,1,2,W->W,1.982777814289704,1.9078410481587404,Wrong,Wrong,7,2,NaCl,S1,S2,semcse,alignment_zscore
S0-S3,llama-4-scout,S1→S2,1,2,W->W,1.0870189822288348,0.8668571240975199,Wrong,Wrong,7,3,KCl + NaCl,S1,S2,semcse,alignment_zscore
S0-S3,llama-4-scout,S1→S2,1,2,W->W,1.18278541386263,1.2524103506442854,Wrong,Wrong,7,6,KCl,S1,S2,semcse,alignment_zscore
S0-S3,llama-4-scout,S1→S2,1,2,W->W,2.004926349164464,2.0955438192745284,Wrong,Wrong,7,7,KCl,S1,S2,semcse,alignment_zscore
S0-S3,llama-4-scout,S1→S2,1,2,W->W,1.6751158086159292,2.1936268340116354,Wrong,Wrong,7,10,KB(OH)₄,S1,S2,semcse,alignment_zscore
S0-S3,llama-4-scout,S1→S2,1,2,W->W,1.861105752162376,1.9899373671255725,Wrong,Wrong,7,11,LiB(OH)₄,S1,S2,semcse,alignment_zscore
S0-S3,llama-4-scout,S1→S2,1,2,W->W,0.3964559967947696,0.4864134270435594,Wrong,Wrong,8,4,KCl,S1,S2,semcse,alignment_zscore
S0-S3,llama-4-scout,S1→S2,1,2,W->W,1.4853688925357469,1.7716767371595334,Wrong,Wrong,9,2,KCl,S1,S2,semcse,alignment_zscore
S0-S3,llama-4-scout,S1→S2,1,2,W->W,0.9995004625298882,1.0745016171496728,Wrong,Wrong,10,1,H₂O,S1,S2,semcse,alignment_zscore
S0-S3,llama-4-scout,S1→S2,1,2,W->W,1.9485740451979852,1.9192087166063112,Wrong,Wrong,10,2,PBS,S1,S2,semcse,alignment_zscore
S0-S3,llama-4-scout,S1→S2,1,2,W->W,0.9068135007613308,1.4121884763884194,Wrong,Wrong,11,1,H₂O,S1,S2,semcse,alignment_zscore
S0-S3,llama-4-scout,S1→S2,1,2,W->W,-0.6630640152172841,-0.6750752529208672,Wrong,Wrong,13,2,acidic pH,S1,S2,semcse,alignment_zscore
S0-S3,llama-4-scout,S1→S2,1,2,W->W,0.6481472599641006,0.936612598056925,Wrong,Wrong,13,3,acidic pH + benzyl amine,S1,S2,semcse,alignment_zscore
S0-S3,llama-4-scout,S1→S2,1,2,W->W,-0.4409665329274784,-1.071546515314216,Wrong,Wrong,17,1,H₂O,S1,S2,semcse,alignment_zscore
S0-S3,llama-4-scout,S1→S2,1,2,W->W,2.7693253837059406,2.6005900212678923,Wrong,Wrong,20,1,EtOH/H₂O,S1,S2,semcse,alignment_zscore
S0-S3,llama-4-scout,S1→S2,1,2,W->W,-1.2174223633239465,-0.8389934002187558,Wrong,Wrong,25,1,NaOH,S1,S2,semcse,alignment_zscore
S0-S3,llama-4-scout,S1→S2,1,2,W->W,-0.6220232559544256,-0.6411447228923193,Wrong,Wrong,28,1,NaOH,S1,S2,semcse,alignment_zscore
S0-S3,llama-4-scout,S1→S2,1,2,W->W,0.8044999727359656,0.6399162417694753,Wrong,Wrong,32,1,H₂O,S1,S2,semcse,alignment_zscore
S0-S3,llama-4-scout,S1→S2,1,2,W->W,0.9674316132511308,0.6909570131711712,Wrong,Wrong,35,1,H₂O,S1,S2,semcse,alignment_zscore
S0-S3,llama-4-scout,S1→S2,1,2,W->W,1.433336351417881,1.6149442741776023,Wrong,Wrong,36,2,KCl,S1,S2,semcse,alignment_zscore
S0-S3,llama-4-scout,S1→S2,1,2,W->W,0.4771528983377364,0.3387061979329867,Wrong,Wrong,37,1,KCl + NaCl,S1,S2,semcse,alignment_zscore
S0-S3,llama-4-scout,S1→S2,1,2,W->W,0.2807182168382116,0.5273612951202608,Wrong,Wrong,39,1,NaCl,S1,S2,semcse,alignment_zscore
S0-S3,llama-4-scout,S1→S2,1,2,W->W,0.7793311669660633,0.93206206300689,Wrong,Wrong,40,5,Borate buffer,S1,S2,semcse,alignment_zscore
S0-S3,llama-4-scout,S1→S2,1,2,W->W,-0.0386843774433213,-0.0407738376182676,Wrong,Wrong,42,1,KCl,S1,S2,semcse,alignment_zscore
S0-S3,llama-4-scout,S1→S2,1,2,W->W,0.3577629584354522,0.3695513525572398,Wrong,Wrong,43,1,KCl,S1,S2,semcse,alignment_zscore
S0-S3,llama-4-scout,S1→S2,1,2,W->W,2.0025996231208296,2.0517114354985027,Wrong,Wrong,44,1,KCl,S1,S2,semcse,alignment_zscore
S0-S3,llama-4-scout,S1→S2,1,2,W->W,1.4647680935828131,1.305320403967671,Wrong,Wrong,45,2,Organic solvents,S1,S2,semcse,alignment_zscore
S0-S3,llama-4-scout,S1→S2,1,2,W->W,0.5386822011021289,0.4677615849510558,Wrong,Wrong,45,3,Organic solvents,S1,S2,semcse,alignment_zscore
S0-S3,llama-4-scout,S1→S2,1,2,W->W,-0.5680704475943988,-0.705623138244351,Wrong,Wrong,48,1,B(OH)₃ + AgNO₃,S1,S2,semcse,alignment_zscore
S0-S3,llama-4-scout,S1→S2,1,2,W->W,0.6933014344614656,0.8950976828472863,Wrong,Wrong,49,1,B(OH)₃ + AgNO₃,S1,S2,semcse,alignment_zscore
S0-S3,llama-4-scout,S1→S2,1,2,W->W,0.759866034723353,0.8445788420551551,Wrong,Wrong,51,1,KB(OH)₄,S1,S2,semcse,alignment_zscore
S0-S3,llama-4-scout,S1→S2,1,2,W->W,-0.844817345813128,-0.659082442486231,Wrong,Wrong,55,1,H₂O,S1,S2,semcse,alignment_zscore
S0-S3,llama-4-scout,S1→S2,1,2,W->W,-1.6076476002645423,-1.7604080087805922,Wrong,Wrong,56,1,H₂O,S1,S2,semcse,alignment_zscore
S0-S3,llama-4-scout,S1→S2,1,2,W->W,-0.9691946668147196,-0.9674360632786688,Wrong,Wrong,57,1,H₂O,S1,S2,semcse,alignment_zscore
S0-S3,llama-4-scout,S1→S2,1,2,W->W,-0.0495365547170592,-0.2322342710922714,Wrong,Wrong,57,2,EtOH/H₂O,S1,S2,semcse,alignment_zscore
S0-S3,llama-4-scout,S2→S3,2,3,C->C,0.6329380278469419,0.9919113594864448,Correct,Correct,1,1,Tb(NO₃)₃ or Dy(NO₃)₃,S2,S3,semcse,alignment_zscore
S0-S3,llama-4-scout,S2→S3,2,3,C->C,1.734275126749075,2.4867224887797947,Correct,Correct,1,3,NaCl,S2,S3,semcse,alignment_zscore
S0-S3,llama-4-scout,S2→S3,2,3,C->C,2.3777784786947924,2.495766771916036,Correct,Correct,1,4,KCl,S2,S3,semcse,alignment_zscore
S0-S3,llama-4-scout,S2→S3,2,3,C->C,1.1485164909269097,1.1836261187843182,Correct,Correct,3,1,Tb(NO₃)₃ or Eu(NO₃)₃,S2,S3,semcse,alignment_zscore
S0-S3,llama-4-scout,S2→S3,2,3,C->C,0.9367909631925164,1.1003485713032246,Correct,Correct,4,3,KCl,S2,S3,semcse,alignment_zscore
S0-S3,llama-4-scout,S2→S3,2,3,C->C,0.7929768295392386,1.2542822796028648,Correct,Correct,5,2,KCl,S2,S3,semcse,alignment_zscore
S0-S3,llama-4-scout,S2→S3,2,3,C->C,1.2823980924819016,1.6030510436524863,Correct,Correct,5,3,NaCl,S2,S3,semcse,alignment_zscore
S0-S3,llama-4-scout,S2→S3,2,3,C->C,1.894548102573197,1.7181856477102495,Correct,Correct,6,1,LiCl,S2,S3,semcse,alignment_zscore
S0-S3,llama-4-scout,S2→S3,2,3,C->C,1.7766847301570114,1.9156927578271632,Correct,Correct,6,3,KCl,S2,S3,semcse,alignment_zscore
S0-S3,llama-4-scout,S2→S3,2,3,C->C,-0.2946380261106029,0.3407663424516417,Correct,Correct,7,4,KCl,S2,S3,semcse,alignment_zscore
S0-S3,llama-4-scout,S2→S3,2,3,C->C,1.4129452959002404,1.403116750946052,Correct,Correct,7,5,KCl,S2,S3,semcse,alignment_zscore
S0-S3,llama-4-scout,S2→S3,2,3,C->C,0.2412035478782645,0.2315182869967873,Correct,Correct,7,8,KCl + TAcG,S2,S3,semcse,alignment_zscore
S0-S3,llama-4-scout,S2→S3,2,3,C->C,1.99789269249299,1.7002130003668403,Correct,Correct,7,9,KB(OH)₄,S2,S3,semcse,alignment_zscore
S0-S3,llama-4-scout,S2→S3,2,3,C->C,2.682882576015362,2.4031275617399905,Correct,Correct,8,1,LiCl,S2,S3,semcse,alignment_zscore
S0-S3,llama-4-scout,S2→S3,2,3,C->C,2.342170939112306,2.5069288086879817,Correct,Correct,8,2,NaCl,S2,S3,semcse,alignment_zscore
S0-S3,llama-4-scout,S2→S3,2,3,C->C,1.6160591925508614,1.634323162584,Correct,Correct,9,1,LiCl,S2,S3,semcse,alignment_zscore
S0-S3,llama-4-scout,S2→S3,2,3,C->C,1.9508922781665667,2.0426530553248816,Correct,Correct,9,3,NaCl,S2,S3,semcse,alignment_zscore
S0-S3,llama-4-scout,S2→S3,2,3,C->C,2.0899575312388934,2.31546587433374,Correct,Correct,13,1,H₂O,S2,S3,semcse,alignment_zscore
S0-S3,llama-4-scout,S2→S3,2,3,C->C,0.3577334637780549,0.6925556734579265,Correct,Correct,14,1,H₂O,S2,S3,semcse,alignment_zscore
S0-S3,llama-4-scout,S2→S3,2,3,C->C,1.171664680362628,1.3902993961716843,Correct,Correct,16,1,H₂O,S2,S3,semcse,alignment_zscore
S0-S3,llama-4-scout,S2→S3,2,3,C->C,1.5833192739047806,1.4254178516288478,Correct,Correct,18,1,H₂O,S2,S3,semcse,alignment_zscore
S0-S3,llama-4-scout,S2→S3,2,3,C->C,0.0541129783124244,-0.1759131191943253,Correct,Correct,19,1,H₂O,S2,S3,semcse,alignment_zscore
S0-S3,llama-4-scout,S2→S3,2,3,C->C,-0.1888946952228095,0.0342599140557283,Correct,Correct,21,1,EtOH/H₂O,S2,S3,semcse,alignment_zscore
S0-S3,llama-4-scout,S2→S3,2,3,C->C,1.625466431051304,1.8519834500036552,Correct,Correct,22,1,EtOH/H₂O,S2,S3,semcse,alignment_zscore
S0-S3,llama-4-scout,S2→S3,2,3,C->C,1.745710423593962,2.063549222486309,Correct,Correct,23,1,EtOH/H₂O,S2,S3,semcse,alignment_zscore
S0-S3,llama-4-scout,S2→S3,2,3,C->C,1.230658752649415,1.3822594944935316,Correct,Correct,25,2,Organic solvents,S2,S3,semcse,alignment_zscore
S0-S3,llama-4-scout,S2→S3,2,3,C->C,-0.0679623789631562,0.1174753572923007,Correct,Correct,26,1,NaOH,S2,S3,semcse,alignment_zscore
S0-S3,llama-4-scout,S2→S3,2,3,C->C,-0.5250494784801575,0.700121118070055,Correct,Correct,26,2,KOH,S2,S3,semcse,alignment_zscore
S0-S3,llama-4-scout,S2→S3,2,3,C->C,-0.7640376188103678,1.2231559419300122,Correct,Correct,26,3,LiOH,S2,S3,semcse,alignment_zscore
S0-S3,llama-4-scout,S2→S3,2,3,C->C,1.8330900204315437,2.212250475404278,Correct,Correct,26,4,Organic solvents,S2,S3,semcse,alignment_zscore
S0-S3,llama-4-scout,S2→S3,2,3,C->C,-1.554349520282685,0.0081586516159563,Correct,Correct,27,1,NaOH,S2,S3,semcse,alignment_zscore
S0-S3,llama-4-scout,S2→S3,2,3,C->C,-0.4917056337376583,1.763051793516956,Correct,Correct,27,2,KOH,S2,S3,semcse,alignment_zscore
S0-S3,llama-4-scout,S2→S3,2,3,C->C,-0.8457448455660161,1.6444023901908946,Correct,Correct,27,3,LiOH,S2,S3,semcse,alignment_zscore
S0-S3,llama-4-scout,S2→S3,2,3,C->C,1.5830248006275751,2.3758026720518823,Correct,Correct,27,4,Organic solvents,S2,S3,semcse,alignment_zscore
S0-S3,llama-4-scout,S2→S3,2,3,C->C,0.8037054748610273,0.5431369432062495,Correct,Correct,28,2,Organic solvents,S2,S3,semcse,alignment_zscore
S0-S3,llama-4-scout,S2→S3,2,3,C->C,1.852363105505304,1.4745616953615526,Correct,Correct,29,1,NaOH,S2,S3,semcse,alignment_zscore
S0-S3,llama-4-scout,S2→S3,2,3,C->C,0.4742603153991973,0.468989034292158,Correct,Correct,29,2,Organic solvents,S2,S3,semcse,alignment_zscore
S0-S3,llama-4-scout,S2→S3,2,3,C->C,-0.3180816575180879,-0.6090463509857171,Correct,Correct,30,1,NaOH,S2,S3,semcse,alignment_zscore
S0-S3,llama-4-scout,S2→S3,2,3,C->C,0.4947144431581608,0.0414172582038621,Correct,Correct,30,2,Organic solvents,S2,S3,semcse,alignment_zscore
S0-S3,llama-4-scout,S2→S3,2,3,C->C,1.3785356284781076,1.235694443569412,Correct,Correct,31,1,H₂O,S2,S3,semcse,alignment_zscore
S0-S3,llama-4-scout,S2→S3,2,3,C->C,-0.6330031599607931,-0.4648524740566018,Correct,Correct,36,1,NaCl,S2,S3,semcse,alignment_zscore
S0-S3,llama-4-scout,S2→S3,2,3,C->C,0.7787552960309123,0.8891119527105696,Correct,Correct,36,3,NaCl + TAcG,S2,S3,semcse,alignment_zscore
S0-S3,llama-4-scout,S2→S3,2,3,C->C,1.1332294149794602,1.2766677654098015,Correct,Correct,37,2,KCl,S2,S3,semcse,alignment_zscore
S0-S3,llama-4-scout,S2→S3,2,3,C->C,2.001662253923013,2.4328267709553666,Correct,Correct,39,2,KCl,S2,S3,semcse,alignment_zscore
S0-S3,llama-4-scout,S2→S3,2,3,C->C,0.5928304643695506,0.3428841984034601,Correct,Correct,40,1,KCl,S2,S3,semcse,alignment_zscore
S0-S3,llama-4-scout,S2→S3,2,3,C->C,1.364485543764762,1.318463049778238,Correct,Correct,40,3,NH₄Cl,S2,S3,semcse,alignment_zscore
S0-S3,llama-4-scout,S2→S3,2,3,C->C,0.6434317260224691,0.5312538099089479,Correct,Correct,40,6,KCl,S2,S3,semcse,alignment_zscore
S0-S3,llama-4-scout,S2→S3,2,3,C->C,0.8244537995041192,0.9580811922724382,Correct,Correct,41,1,KCl,S2,S3,semcse,alignment_zscore
S0-S3,llama-4-scout,S2→S3,2,3,C->C,0.3250452721379898,0.3960721117277749,Correct,Correct,46,1,Organic solvents,S2,S3,semcse,alignment_zscore
S0-S3,llama-4-scout,S2→S3,2,3,C->C,-0.4047050650101416,0.0536705685477554,Correct,Correct,46,2,Organic solvents,S2,S3,semcse,alignment_zscore
S0-S3,llama-4-scout,S2→S3,2,3,C->C,-0.6063052648954925,-0.4343470411004361,Correct,Correct,47,1,Organic solvents,S2,S3,semcse,alignment_zscore
S0-S3,llama-4-scout,S2→S3,2,3,C->C,-1.0671794928897698,-1.1158648886531564,Correct,Correct,47,2,Organic solvents,S2,S3,semcse,alignment_zscore
S0-S3,llama-4-scout,S2→S3,2,3,C->C,0.188191069674507,1.6243263651265167,Correct,Correct,50,1,B(OH)₃ + AgNO₃,S2,S3,semcse,alignment_zscore
S0-S3,llama-4-scout,S2→S3,2,3,C->C,3.005750146715869,2.999072372215621,Correct,Correct,52,1,KB(OH)₄,S2,S3,semcse,alignment_zscore
S0-S3,llama-4-scout,S2→S3,2,3,C->C,1.342111335280559,1.0916107270971982,Correct,Correct,53,1,H₂O,S2,S3,semcse,alignment_zscore
S0-S3,llama-4-scout,S2→S3,2,3,C->C,2.1350234536893447,2.591478227490435,Correct,Correct,53,2,EtOH/H₂O,S2,S3,semcse,alignment_zscore
S0-S3,llama-4-scout,S2→S3,2,3,C->C,-0.3371422753808816,0.2379292735299889,Correct,Correct,54,1,H₂O,S2,S3,semcse,alignment_zscore
S0-S3,llama-4-scout,S2→S3,2,3,C->C,1.6029527698525587,1.6133673340019818,Correct,Correct,54,2,EtOH/H₂O,S2,S3,semcse,alignment_zscore
S0-S3,llama-4-scout,S2→S3,2,3,C->C,2.2328177833842955,1.7058361982290853,Correct,Correct,55,2,EtOH/H₂O,S2,S3,semcse,alignment_zscore
S0-S3,llama-4-scout,S2→S3,2,3,C->C,0.0112254537033832,0.8888767035838722,Correct,Correct,56,2,EtOH/H₂O,S2,S3,semcse,alignment_zscore
S0-S3,llama-4-scout,S2→S3,2,3,C->C,0.4724078464548676,0.8985344765928565,Correct,Correct,58,1,H₂O,S2,S3,semcse,alignment_zscore
S0-S3,llama-4-scout,S2→S3,2,3,C->C,1.2411382508410935,1.792605013460882,Correct,Correct,58,2,EtOH/H₂O,S2,S3,semcse,alignment_zscore
S0-S3,llama-4-scout,S2→S3,2,3,C->C,0.0272195057160214,0.1629051530982091,Correct,Correct,59,1,H₂O,S2,S3,semcse,alignment_zscore
S0-S3,llama-4-scout,S2→S3,2,3,C->C,1.215569532411699,1.4898999699647482,Correct,Correct,59,2,EtOH/H₂O,S2,S3,semcse,alignment_zscore
S0-S3,llama-4-scout,S2→S3,2,3,C->C,-0.275140574819476,0.3677905074586348,Correct,Correct,60,1,H₂O,S2,S3,semcse,alignment_zscore
S0-S3,llama-4-scout,S2→S3,2,3,C->C,2.670389982984483,2.4586465217742832,Correct,Correct,60,2,EtOH/H₂O,S2,S3,semcse,alignment_zscore
S0-S3,llama-4-scout,S2→S3,2,3,C->C,-0.7700899701565644,-0.8874051752146013,Correct,Correct,61,1,H₂O,S2,S3,semcse,alignment_zscore
S0-S3,llama-4-scout,S2→S3,2,3,C->C,2.0409109907675385,2.3468988520715266,Correct,Correct,61,2,EtOH/H₂O,S2,S3,semcse,alignment_zscore
S0-S3,llama-4-scout,S2→S3,2,3,C->C,2.1597487698349083,2.397462779142902,Correct,Correct,62,1,H₂O,S2,S3,semcse,alignment_zscore
S0-S3,llama-4-scout,S2→S3,2,3,C->C,2.4754392971099937,2.604126215012897,Correct,Correct,62,2,EtOH/H₂O,S2,S3,semcse,alignment_zscore
S0-S3,llama-4-scout,S2→S3,2,3,C->C,1.8424303933025208,2.6347261451167454,Correct,Correct,63,1,H₂O,S2,S3,semcse,alignment_zscore
S0-S3,llama-4-scout,S2→S3,2,3,C->C,2.64425319999144,2.5180614236249568,Correct,Correct,63,2,EtOH/H₂O,S2,S3,semcse,alignment_zscore
S0-S3,llama-4-scout,S2→S3,2,3,C->C,1.9583515912179217,2.007889469147199,Correct,Correct,64,1,KCl,S2,S3,semcse,alignment_zscore
S0-S3,llama-4-scout,S2→S3,2,3,C->C,0.562088834013933,0.6649777131943388,Correct,Correct,64,2,NaB(OH)₄,S2,S3,semcse,alignment_zscore
S0-S3,llama-4-scout,S2→S3,2,3,C->W,0.7146171494570455,1.1227832431073594,Correct,Wrong,2,1,Tb(NO₃)₃ or Eu(NO₃)₃,S2,S3,semcse,alignment_zscore
S0-S3,llama-4-scout,S2→S3,2,3,C->W,0.911730770420757,1.1570965097819312,Correct,Wrong,12,1,H₂O,S2,S3,semcse,alignment_zscore
S0-S3,llama-4-scout,S2→S3,2,3,C->W,-1.5192603736442292,-1.5013261119197672,Correct,Wrong,15,1,H₂O,S2,S3,semcse,alignment_zscore
S0-S3,llama-4-scout,S2→S3,2,3,C->W,0.7591354546384552,0.9610279608329791,Correct,Wrong,24,1,EtOH/H₂O,S2,S3,semcse,alignment_zscore
S0-S3,llama-4-scout,S2→S3,2,3,C->W,1.4466759995966312,0.9834849289553058,Correct,Wrong,33,1,H₂O,S2,S3,semcse,alignment_zscore
S0-S3,llama-4-scout,S2→S3,2,3,C->W,0.3923593069660842,1.027363863325916,Correct,Wrong,40,4,Me₄NCl,S2,S3,semcse,alignment_zscore
S0-S3,llama-4-scout,S2→S3,2,3,W->C,1.6222936065545286,1.839446879342583,Wrong,Correct,1,5,KB(OH)₄,S2,S3,semcse,alignment_zscore
S0-S3,llama-4-scout,S2→S3,2,3,W->C,1.4307637019623185,1.4501895755512637,Wrong,Correct,4,1,LiCl,S2,S3,semcse,alignment_zscore
S0-S3,llama-4-scout,S2→S3,2,3,W->C,1.8037256062742144,1.920817379902779,Wrong,Correct,4,2,NaCl,S2,S3,semcse,alignment_zscore
S0-S3,llama-4-scout,S2→S3,2,3,W->C,0.4864134270435594,0.2292784066289475,Wrong,Correct,8,4,KCl,S2,S3,semcse,alignment_zscore
S0-S3,llama-4-scout,S2→S3,2,3,W->C,1.9192087166063112,2.249001417452114,Wrong,Correct,10,2,PBS,S2,S3,semcse,alignment_zscore
S0-S3,llama-4-scout,S2→S3,2,3,W->C,0.936612598056925,0.9262167461587584,Wrong,Correct,13,3,acidic pH + benzyl amine,S2,S3,semcse,alignment_zscore
S0-S3,llama-4-scout,S2→S3,2,3,W->C,-1.071546515314216,-0.5860157713500902,Wrong,Correct,17,1,H₂O,S2,S3,semcse,alignment_zscore
S0-S3,llama-4-scout,S2→S3,2,3,W->C,2.6005900212678923,2.5827718734062115,Wrong,Correct,20,1,EtOH/H₂O,S2,S3,semcse,alignment_zscore
S0-S3,llama-4-scout,S2→S3,2,3,W->C,0.3500751326763273,0.3031610154015023,Wrong,Correct,34,1,H₂O,S2,S3,semcse,alignment_zscore
S0-S3,llama-4-scout,S2→S3,2,3,W->C,-1.4829005797204151,-1.4070392073704614,Wrong,Correct,38,1,KCl + NaCl,S2,S3,semcse,alignment_zscore
S0-S3,llama-4-scout,S2→S3,2,3,W->C,0.5273612951202608,0.2218438195114421,Wrong,Correct,39,1,NaCl,S2,S3,semcse,alignment_zscore
S0-S3,llama-4-scout,S2→S3,2,3,W->C,1.6236406603943083,2.402156172382233,Wrong,Correct,45,1,Organic solvents,S2,S3,semcse,alignment_zscore
S0-S3,llama-4-scout,S2→S3,2,3,W->C,-0.705623138244351,0.4165491347543594,Wrong,Correct,48,1,B(OH)₃ + AgNO₃,S2,S3,semcse,alignment_zscore
S0-S3,llama-4-scout,S2→S3,2,3,W->C,0.8950976828472863,1.398016795545305,Wrong,Correct,49,1,B(OH)₃ + AgNO₃,S2,S3,semcse,alignment_zscore
S0-S3,llama-4-scout,S2→S3,2,3,W->C,-0.9674360632786688,-0.2328704162054458,Wrong,Correct,57,1,H₂O,S2,S3,semcse,alignment_zscore
S0-S3,llama-4-scout,S2→S3,2,3,W->W,2.178924758917556,2.489148404538765,Wrong,Wrong,1,2,LiCl,S2,S3,semcse,alignment_zscore
S0-S3,llama-4-scout,S2→S3,2,3,W->W,2.229764783690153,3.586133525923096,Wrong,Wrong,3,2,B(OH)₃ + AgNO₃,S2,S3,semcse,alignment_zscore
S0-S3,llama-4-scout,S2→S3,2,3,W->W,0.4529345247806521,1.1111650041733865,Wrong,Wrong,5,1,LiCl,S2,S3,semcse,alignment_zscore
S0-S3,llama-4-scout,S2→S3,2,3,W->W,0.0223377632200952,-0.4046179916875525,Wrong,Wrong,6,2,NaCl,S2,S3,semcse,alignment_zscore
S0-S3,llama-4-scout,S2→S3,2,3,W->W,1.1808623149232205,1.3054991991584832,Wrong,Wrong,7,1,LiCl,S2,S3,semcse,alignment_zscore
S0-S3,llama-4-scout,S2→S3,2,3,W->W,1.9078410481587404,2.022872005018948,Wrong,Wrong,7,2,NaCl,S2,S3,semcse,alignment_zscore
S0-S3,llama-4-scout,S2→S3,2,3,W->W,0.8668571240975199,1.2528478198750546,Wrong,Wrong,7,3,KCl + NaCl,S2,S3,semcse,alignment_zscore
S0-S3,llama-4-scout,S2→S3,2,3,W->W,1.2524103506442854,1.5845450725623929,Wrong,Wrong,7,6,KCl,S2,S3,semcse,alignment_zscore
S0-S3,llama-4-scout,S2→S3,2,3,W->W,2.0955438192745284,1.921014953668878,Wrong,Wrong,7,7,KCl,S2,S3,semcse,alignment_zscore
S0-S3,llama-4-scout,S2→S3,2,3,W->W,2.1936268340116354,2.6731577610158936,Wrong,Wrong,7,10,KB(OH)₄,S2,S3,semcse,alignment_zscore
S0-S3,llama-4-scout,S2→S3,2,3,W->W,1.9899373671255725,1.6759112633711617,Wrong,Wrong,7,11,LiB(OH)₄,S2,S3,semcse,alignment_zscore
S0-S3,llama-4-scout,S2→S3,2,3,W->W,-0.0169777740928104,0.157701911185552,Wrong,Wrong,8,3,KCl,S2,S3,semcse,alignment_zscore
S0-S3,llama-4-scout,S2→S3,2,3,W->W,1.7716767371595334,1.524987372730527,Wrong,Wrong,9,2,KCl,S2,S3,semcse,alignment_zscore
S0-S3,llama-4-scout,S2→S3,2,3,W->W,1.0745016171496728,1.1099465684866092,Wrong,Wrong,10,1,H₂O,S2,S3,semcse,alignment_zscore
S0-S3,llama-4-scout,S2→S3,2,3,W->W,1.4121884763884194,1.670343631752094,Wrong,Wrong,11,1,H₂O,S2,S3,semcse,alignment_zscore
S0-S3,llama-4-scout,S2→S3,2,3,W->W,-0.6750752529208672,-0.6631080901651087,Wrong,Wrong,13,2,acidic pH,S2,S3,semcse,alignment_zscore
S0-S3,llama-4-scout,S2→S3,2,3,W->W,-0.8389934002187558,0.0946497722485817,Wrong,Wrong,25,1,NaOH,S2,S3,semcse,alignment_zscore
S0-S3,llama-4-scout,S2→S3,2,3,W->W,-0.6411447228923193,-0.2767842426329268,Wrong,Wrong,28,1,NaOH,S2,S3,semcse,alignment_zscore
S0-S3,llama-4-scout,S2→S3,2,3,W->W,0.6399162417694753,1.0049636145583714,Wrong,Wrong,32,1,H₂O,S2,S3,semcse,alignment_zscore
S0-S3,llama-4-scout,S2→S3,2,3,W->W,0.6909570131711712,1.0381762911715209,Wrong,Wrong,35,1,H₂O,S2,S3,semcse,alignment_zscore
S0-S3,llama-4-scout,S2→S3,2,3,W->W,1.6149442741776023,1.652839305442486,Wrong,Wrong,36,2,KCl,S2,S3,semcse,alignment_zscore
S0-S3,llama-4-scout,S2→S3,2,3,W->W,0.3387061979329867,-0.1429584004553714,Wrong,Wrong,37,1,KCl + NaCl,S2,S3,semcse,alignment_zscore
S0-S3,llama-4-scout,S2→S3,2,3,W->W,-1.239381302274896,-1.3990361345759066,Wrong,Wrong,38,2,KCl,S2,S3,semcse,alignment_zscore
S0-S3,llama-4-scout,S2→S3,2,3,W->W,1.42524801694172,1.1609004071528806,Wrong,Wrong,40,2,NaCl,S2,S3,semcse,alignment_zscore
S0-S3,llama-4-scout,S2→S3,2,3,W->W,0.93206206300689,0.9921081708687516,Wrong,Wrong,40,5,Borate buffer,S2,S3,semcse,alignment_zscore
S0-S3,llama-4-scout,S2→S3,2,3,W->W,-0.0407738376182676,0.1110504089057527,Wrong,Wrong,42,1,KCl,S2,S3,semcse,alignment_zscore
S0-S3,llama-4-scout,S2→S3,2,3,W->W,0.3695513525572398,0.2398599061441975,Wrong,Wrong,43,1,KCl,S2,S3,semcse,alignment_zscore
S0-S3,llama-4-scout,S2→S3,2,3,W->W,2.0517114354985027,1.695210025462307,Wrong,Wrong,44,1,KCl,S2,S3,semcse,alignment_zscore
S0-S3,llama-4-scout,S2→S3,2,3,W->W,1.305320403967671,1.8032993149826693,Wrong,Wrong,45,2,Organic solvents,S2,S3,semcse,alignment_zscore
S0-S3,llama-4-scout,S2→S3,2,3,W->W,0.4677615849510558,0.5235184411524525,Wrong,Wrong,45,3,Organic solvents,S2,S3,semcse,alignment_zscore
S0-S3,llama-4-scout,S2→S3,2,3,W->W,-0.4145719037496702,-0.2722922639188296,Wrong,Wrong,48,2,B(OH)₃ + other ions,S2,S3,semcse,alignment_zscore
S0-S3,llama-4-scout,S2→S3,2,3,W->W,0.8445788420551551,1.328556331752807,Wrong,Wrong,51,1,KB(OH)₄,S2,S3,semcse,alignment_zscore
S0-S3,llama-4-scout,S2→S3,2,3,W->W,-0.659082442486231,-0.4800905237553756,Wrong,Wrong,55,1,H₂O,S2,S3,semcse,alignment_zscore
S0-S3,llama-4-scout,S2→S3,2,3,W->W,-1.7604080087805922,-1.5399208335338028,Wrong,Wrong,56,1,H₂O,S2,S3,semcse,alignment_zscore
S0-S3,llama-4-scout,S2→S3,2,3,W->W,-0.2322342710922714,-0.531684674623645,Wrong,Wrong,57,2,EtOH/H₂O,S2,S3,semcse,alignment_zscore
