panel,source_model,strategy_pair,start_strategy,end_strategy,transition,start_similarity,end_similarity,start_outcome,end_outcome,molecule_id,experiment_id,solvent_additive,start_strategy_label,end_strategy_label,encoder,score_column
S0 + Morgan fingerprint,deepseek-v3.2-think,S0→S1_1,0,1,C->C,0.6683600256840387,0.688218466937542,Correct,Correct,1,1,Tb(NO₃)₃ or Dy(NO₃)₃,S0,S1_1,text-embedding-3-large,S_final
S0 + Morgan fingerprint,deepseek-v3.2-think,S0→S1_1,0,1,C->C,0.6089069147904714,0.6878751238187154,Correct,Correct,1,4,KCl,S0,S1_1,text-embedding-3-large,S_final
S0 + Morgan fingerprint,deepseek-v3.2-think,S0→S1_1,0,1,C->C,0.6523959919810294,0.6000395228465397,Correct,Correct,1,5,KB(OH)₄,S0,S1_1,text-embedding-3-large,S_final
S0 + Morgan fingerprint,deepseek-v3.2-think,S0→S1_1,0,1,C->C,0.6925818582375843,0.6995246335864067,Correct,Correct,3,1,Tb(NO₃)₃ or Eu(NO₃)₃,S0,S1_1,text-embedding-3-large,S_final
S0 + Morgan fingerprint,deepseek-v3.2-think,S0→S1_1,0,1,C->C,0.6672530621290207,0.6904445161422093,Correct,Correct,4,1,LiCl,S0,S1_1,text-embedding-3-large,S_final
S0 + Morgan fingerprint,deepseek-v3.2-think,S0→S1_1,0,1,C->C,0.6565538545449575,0.6597453400492668,Correct,Correct,4,2,NaCl,S0,S1_1,text-embedding-3-large,S_final
S0 + Morgan fingerprint,deepseek-v3.2-think,S0→S1_1,0,1,C->C,0.6292994489272435,0.6433791786432266,Correct,Correct,4,3,KCl,S0,S1_1,text-embedding-3-large,S_final
S0 + Morgan fingerprint,deepseek-v3.2-think,S0→S1_1,0,1,C->C,0.6478287667036056,0.7018903116385141,Correct,Correct,5,1,LiCl,S0,S1_1,text-embedding-3-large,S_final
S0 + Morgan fingerprint,deepseek-v3.2-think,S0→S1_1,0,1,C->C,0.652898982167244,0.6418820142745971,Correct,Correct,5,2,KCl,S0,S1_1,text-embedding-3-large,S_final
S0 + Morgan fingerprint,deepseek-v3.2-think,S0→S1_1,0,1,C->C,0.6472560316324234,0.6826258619626362,Correct,Correct,6,3,KCl,S0,S1_1,text-embedding-3-large,S_final
S0 + Morgan fingerprint,deepseek-v3.2-think,S0→S1_1,0,1,C->C,0.6290490731596947,0.6788299351930618,Correct,Correct,7,1,LiCl,S0,S1_1,text-embedding-3-large,S_final
S0 + Morgan fingerprint,deepseek-v3.2-think,S0→S1_1,0,1,C->C,0.5475489601492881,0.5599917893608412,Correct,Correct,7,4,KCl,S0,S1_1,text-embedding-3-large,S_final
S0 + Morgan fingerprint,deepseek-v3.2-think,S0→S1_1,0,1,C->C,0.6505572021007539,0.6667222082614899,Correct,Correct,7,5,KCl,S0,S1_1,text-embedding-3-large,S_final
S0 + Morgan fingerprint,deepseek-v3.2-think,S0→S1_1,0,1,C->C,0.6301580369472503,0.6504400769869486,Correct,Correct,7,8,KCl + TAcG,S0,S1_1,text-embedding-3-large,S_final
S0 + Morgan fingerprint,deepseek-v3.2-think,S0→S1_1,0,1,C->C,0.6549668788909911,0.679458604256312,Correct,Correct,7,9,KB(OH)₄,S0,S1_1,text-embedding-3-large,S_final
S0 + Morgan fingerprint,deepseek-v3.2-think,S0→S1_1,0,1,C->C,0.6139473587274551,0.6286700651049614,Correct,Correct,10,2,PBS,S0,S1_1,text-embedding-3-large,S_final
S0 + Morgan fingerprint,deepseek-v3.2-think,S0→S1_1,0,1,C->C,0.7241574207941691,0.7152254194021225,Correct,Correct,13,1,H₂O,S0,S1_1,text-embedding-3-large,S_final
S0 + Morgan fingerprint,deepseek-v3.2-think,S0→S1_1,0,1,C->C,0.6286895781755447,0.6667424579461415,Correct,Correct,16,1,H₂O,S0,S1_1,text-embedding-3-large,S_final
S0 + Morgan fingerprint,deepseek-v3.2-think,S0→S1_1,0,1,C->C,0.6739445239305496,0.662555119395256,Correct,Correct,18,1,H₂O,S0,S1_1,text-embedding-3-large,S_final
S0 + Morgan fingerprint,deepseek-v3.2-think,S0→S1_1,0,1,C->C,0.6988987197478611,0.6740806013345718,Correct,Correct,20,1,EtOH/H₂O,S0,S1_1,text-embedding-3-large,S_final
S0 + Morgan fingerprint,deepseek-v3.2-think,S0→S1_1,0,1,C->C,0.6519777864217758,0.6486417611440022,Correct,Correct,21,1,EtOH/H₂O,S0,S1_1,text-embedding-3-large,S_final
S0 + Morgan fingerprint,deepseek-v3.2-think,S0→S1_1,0,1,C->C,0.4753394469618797,0.5306772415836652,Correct,Correct,25,1,NaOH,S0,S1_1,text-embedding-3-large,S_final
S0 + Morgan fingerprint,deepseek-v3.2-think,S0→S1_1,0,1,C->C,0.6296348214149475,0.6208747853835423,Correct,Correct,25,2,Organic solvents,S0,S1_1,text-embedding-3-large,S_final
S0 + Morgan fingerprint,deepseek-v3.2-think,S0→S1_1,0,1,C->C,0.6160099372267722,0.5601349631945292,Correct,Correct,26,1,NaOH,S0,S1_1,text-embedding-3-large,S_final
S0 + Morgan fingerprint,deepseek-v3.2-think,S0→S1_1,0,1,C->C,0.4700032830238341,0.5122968067725499,Correct,Correct,26,2,KOH,S0,S1_1,text-embedding-3-large,S_final
S0 + Morgan fingerprint,deepseek-v3.2-think,S0→S1_1,0,1,C->C,0.5004498655597369,0.4972494527697562,Correct,Correct,26,3,LiOH,S0,S1_1,text-embedding-3-large,S_final
S0 + Morgan fingerprint,deepseek-v3.2-think,S0→S1_1,0,1,C->C,0.5556802004575729,0.6271782139937082,Correct,Correct,26,4,Organic solvents,S0,S1_1,text-embedding-3-large,S_final
S0 + Morgan fingerprint,deepseek-v3.2-think,S0→S1_1,0,1,C->C,0.4557423497239748,0.5567365835110346,Correct,Correct,27,2,KOH,S0,S1_1,text-embedding-3-large,S_final
S0 + Morgan fingerprint,deepseek-v3.2-think,S0→S1_1,0,1,C->C,0.4324272491037845,0.557001485923926,Correct,Correct,27,3,LiOH,S0,S1_1,text-embedding-3-large,S_final
S0 + Morgan fingerprint,deepseek-v3.2-think,S0→S1_1,0,1,C->C,0.6267539997895558,0.6702179968357086,Correct,Correct,27,4,Organic solvents,S0,S1_1,text-embedding-3-large,S_final
S0 + Morgan fingerprint,deepseek-v3.2-think,S0→S1_1,0,1,C->C,0.5443040857712428,0.5827784558137257,Correct,Correct,28,1,NaOH,S0,S1_1,text-embedding-3-large,S_final
S0 + Morgan fingerprint,deepseek-v3.2-think,S0→S1_1,0,1,C->C,0.5174239948391913,0.4659490202864011,Correct,Correct,28,2,Organic solvents,S0,S1_1,text-embedding-3-large,S_final
S0 + Morgan fingerprint,deepseek-v3.2-think,S0→S1_1,0,1,C->C,0.4392332235972087,0.4588506678740183,Correct,Correct,29,2,Organic solvents,S0,S1_1,text-embedding-3-large,S_final
S0 + Morgan fingerprint,deepseek-v3.2-think,S0→S1_1,0,1,C->C,0.5203702695667743,0.4744613081216811,Correct,Correct,30,2,Organic solvents,S0,S1_1,text-embedding-3-large,S_final
S0 + Morgan fingerprint,deepseek-v3.2-think,S0→S1_1,0,1,C->C,0.5351322069764137,0.6549475312232971,Correct,Correct,33,1,H₂O,S0,S1_1,text-embedding-3-large,S_final
S0 + Morgan fingerprint,deepseek-v3.2-think,S0→S1_1,0,1,C->C,0.4903824418783187,0.5720635369420051,Correct,Correct,36,3,NaCl + TAcG,S0,S1_1,text-embedding-3-large,S_final
S0 + Morgan fingerprint,deepseek-v3.2-think,S0→S1_1,0,1,C->C,0.710956964890162,0.7113492170969645,Correct,Correct,39,2,KCl,S0,S1_1,text-embedding-3-large,S_final
S0 + Morgan fingerprint,deepseek-v3.2-think,S0→S1_1,0,1,C->C,0.664593822757403,0.6866686393817264,Correct,Correct,40,1,KCl,S0,S1_1,text-embedding-3-large,S_final
S0 + Morgan fingerprint,deepseek-v3.2-think,S0→S1_1,0,1,C->C,0.60253819723924,0.6142354637384415,Correct,Correct,40,3,NH₄Cl,S0,S1_1,text-embedding-3-large,S_final
S0 + Morgan fingerprint,deepseek-v3.2-think,S0→S1_1,0,1,C->C,0.6209695249795913,0.6463185290495554,Correct,Correct,40,6,KCl,S0,S1_1,text-embedding-3-large,S_final
S0 + Morgan fingerprint,deepseek-v3.2-think,S0→S1_1,0,1,C->C,0.6582497517267862,0.6567350755135218,Correct,Correct,45,1,Organic solvents,S0,S1_1,text-embedding-3-large,S_final
S0 + Morgan fingerprint,deepseek-v3.2-think,S0→S1_1,0,1,C->C,0.6664441913366318,0.657690131664276,Correct,Correct,46,1,Organic solvents,S0,S1_1,text-embedding-3-large,S_final
S0 + Morgan fingerprint,deepseek-v3.2-think,S0→S1_1,0,1,C->C,0.6111933698256811,0.5830746372540793,Correct,Correct,46,2,Organic solvents,S0,S1_1,text-embedding-3-large,S_final
S0 + Morgan fingerprint,deepseek-v3.2-think,S0→S1_1,0,1,C->C,0.6569458832343419,0.6776820898056028,Correct,Correct,47,1,Organic solvents,S0,S1_1,text-embedding-3-large,S_final
S0 + Morgan fingerprint,deepseek-v3.2-think,S0→S1_1,0,1,C->C,0.5862631996472676,0.6101004729668299,Correct,Correct,47,2,Organic solvents,S0,S1_1,text-embedding-3-large,S_final
S0 + Morgan fingerprint,deepseek-v3.2-think,S0→S1_1,0,1,C->C,0.7307255297899246,0.6984752252697944,Correct,Correct,52,1,KB(OH)₄,S0,S1_1,text-embedding-3-large,S_final
S0 + Morgan fingerprint,deepseek-v3.2-think,S0→S1_1,0,1,C->C,0.5227469066778818,0.536381868024667,Correct,Correct,53,2,EtOH/H₂O,S0,S1_1,text-embedding-3-large,S_final
S0 + Morgan fingerprint,deepseek-v3.2-think,S0→S1_1,0,1,C->C,0.5888104518254598,0.6203657875458398,Correct,Correct,54,2,EtOH/H₂O,S0,S1_1,text-embedding-3-large,S_final
S0 + Morgan fingerprint,deepseek-v3.2-think,S0→S1_1,0,1,C->C,0.5941566199064253,0.6286626011133193,Correct,Correct,55,2,EtOH/H₂O,S0,S1_1,text-embedding-3-large,S_final
S0 + Morgan fingerprint,deepseek-v3.2-think,S0→S1_1,0,1,C->C,0.516143695016702,0.5564100066820781,Correct,Correct,56,2,EtOH/H₂O,S0,S1_1,text-embedding-3-large,S_final
S0 + Morgan fingerprint,deepseek-v3.2-think,S0→S1_1,0,1,C->C,0.5167446424563726,0.5479253038763999,Correct,Correct,58,1,H₂O,S0,S1_1,text-embedding-3-large,S_final
S0 + Morgan fingerprint,deepseek-v3.2-think,S0→S1_1,0,1,C->C,0.5469472368558247,0.577501427133878,Correct,Correct,58,2,EtOH/H₂O,S0,S1_1,text-embedding-3-large,S_final
S0 + Morgan fingerprint,deepseek-v3.2-think,S0→S1_1,0,1,C->C,0.4925256766378879,0.5035831411679585,Correct,Correct,59,1,H₂O,S0,S1_1,text-embedding-3-large,S_final
S0 + Morgan fingerprint,deepseek-v3.2-think,S0→S1_1,0,1,C->C,0.5421048084894816,0.6000121563673019,Correct,Correct,59,2,EtOH/H₂O,S0,S1_1,text-embedding-3-large,S_final
S0 + Morgan fingerprint,deepseek-v3.2-think,S0→S1_1,0,1,C->C,0.4449761688709259,0.461997136970361,Correct,Correct,60,1,H₂O,S0,S1_1,text-embedding-3-large,S_final
S0 + Morgan fingerprint,deepseek-v3.2-think,S0→S1_1,0,1,C->C,0.5767495373884836,0.5927399083971977,Correct,Correct,60,2,EtOH/H₂O,S0,S1_1,text-embedding-3-large,S_final
S0 + Morgan fingerprint,deepseek-v3.2-think,S0→S1_1,0,1,C->C,0.5909612149000167,0.5812957445780436,Correct,Correct,61,2,EtOH/H₂O,S0,S1_1,text-embedding-3-large,S_final
S0 + Morgan fingerprint,deepseek-v3.2-think,S0→S1_1,0,1,C->C,0.5811881919701893,0.5897969841957093,Correct,Correct,64,1,KCl,S0,S1_1,text-embedding-3-large,S_final
S0 + Morgan fingerprint,deepseek-v3.2-think,S0→S1_1,0,1,C->W,0.7359079668919244,0.6737233117222785,Correct,Wrong,2,1,Tb(NO₃)₃ or Eu(NO₃)₃,S0,S1_1,text-embedding-3-large,S_final
S0 + Morgan fingerprint,deepseek-v3.2-think,S0→S1_1,0,1,C->W,0.5995709051688511,0.6067524060606957,Correct,Wrong,6,2,NaCl,S0,S1_1,text-embedding-3-large,S_final
S0 + Morgan fingerprint,deepseek-v3.2-think,S0→S1_1,0,1,C->W,0.6192437241474786,0.6015227238337199,Correct,Wrong,8,3,KCl,S0,S1_1,text-embedding-3-large,S_final
S0 + Morgan fingerprint,deepseek-v3.2-think,S0→S1_1,0,1,C->W,0.5556026692191759,0.5762617006897927,Correct,Wrong,8,4,KCl,S0,S1_1,text-embedding-3-large,S_final
S0 + Morgan fingerprint,deepseek-v3.2-think,S0→S1_1,0,1,C->W,0.424072840064764,0.4987744917472203,Correct,Wrong,15,1,H₂O,S0,S1_1,text-embedding-3-large,S_final
S0 + Morgan fingerprint,deepseek-v3.2-think,S0→S1_1,0,1,C->W,0.6515963892141977,0.6258679151535034,Correct,Wrong,31,1,H₂O,S0,S1_1,text-embedding-3-large,S_final
S0 + Morgan fingerprint,deepseek-v3.2-think,S0→S1_1,0,1,C->W,0.6091958304246265,0.6464293907086054,Correct,Wrong,36,1,NaCl,S0,S1_1,text-embedding-3-large,S_final
S0 + Morgan fingerprint,deepseek-v3.2-think,S0→S1_1,0,1,C->W,0.6287486414114634,0.6312642604112625,Correct,Wrong,37,2,KCl,S0,S1_1,text-embedding-3-large,S_final
S0 + Morgan fingerprint,deepseek-v3.2-think,S0→S1_1,0,1,C->W,0.5036344975233078,0.513681128124396,Correct,Wrong,39,1,NaCl,S0,S1_1,text-embedding-3-large,S_final
S0 + Morgan fingerprint,deepseek-v3.2-think,S0→S1_1,0,1,C->W,0.6219921151796975,0.7083474834760031,Correct,Wrong,40,2,NaCl,S0,S1_1,text-embedding-3-large,S_final
S0 + Morgan fingerprint,deepseek-v3.2-think,S0→S1_1,0,1,C->W,0.5261272206902503,0.6216437677542368,Correct,Wrong,40,4,Me₄NCl,S0,S1_1,text-embedding-3-large,S_final
S0 + Morgan fingerprint,deepseek-v3.2-think,S0→S1_1,0,1,C->W,0.6749967128038407,0.646180302898089,Correct,Wrong,41,1,KCl,S0,S1_1,text-embedding-3-large,S_final
S0 + Morgan fingerprint,deepseek-v3.2-think,S0→S1_1,0,1,C->W,0.6534074733654657,0.5842670768499374,Correct,Wrong,48,1,B(OH)₃ + AgNO₃,S0,S1_1,text-embedding-3-large,S_final
S0 + Morgan fingerprint,deepseek-v3.2-think,S0→S1_1,0,1,C->W,0.5458826844890913,0.5461400459210078,Correct,Wrong,56,1,H₂O,S0,S1_1,text-embedding-3-large,S_final
S0 + Morgan fingerprint,deepseek-v3.2-think,S0→S1_1,0,1,C->W,0.6274676382541656,0.5721410602331161,Correct,Wrong,64,2,NaB(OH)₄,S0,S1_1,text-embedding-3-large,S_final
S0 + Morgan fingerprint,deepseek-v3.2-think,S0→S1_1,0,1,W->C,0.6051516036192576,0.6016257484753926,Wrong,Correct,1,2,LiCl,S0,S1_1,text-embedding-3-large,S_final
S0 + Morgan fingerprint,deepseek-v3.2-think,S0→S1_1,0,1,W->C,0.5343957831462225,0.5498034710685412,Wrong,Correct,1,3,NaCl,S0,S1_1,text-embedding-3-large,S_final
S0 + Morgan fingerprint,deepseek-v3.2-think,S0→S1_1,0,1,W->C,0.6945653319358825,0.6768476009368896,Wrong,Correct,3,2,B(OH)₃ + AgNO₃,S0,S1_1,text-embedding-3-large,S_final
S0 + Morgan fingerprint,deepseek-v3.2-think,S0→S1_1,0,1,W->C,0.6654274612665176,0.7025649060805638,Wrong,Correct,6,1,LiCl,S0,S1_1,text-embedding-3-large,S_final
S0 + Morgan fingerprint,deepseek-v3.2-think,S0→S1_1,0,1,W->C,0.6201496839523315,0.6679217532277106,Wrong,Correct,8,1,LiCl,S0,S1_1,text-embedding-3-large,S_final
S0 + Morgan fingerprint,deepseek-v3.2-think,S0→S1_1,0,1,W->C,0.5616025606791178,0.6534439305464427,Wrong,Correct,8,2,NaCl,S0,S1_1,text-embedding-3-large,S_final
S0 + Morgan fingerprint,deepseek-v3.2-think,S0→S1_1,0,1,W->C,0.6544060409069061,0.6369143535693487,Wrong,Correct,9,1,LiCl,S0,S1_1,text-embedding-3-large,S_final
S0 + Morgan fingerprint,deepseek-v3.2-think,S0→S1_1,0,1,W->C,0.6631040771802267,0.6546907514333724,Wrong,Correct,9,3,NaCl,S0,S1_1,text-embedding-3-large,S_final
S0 + Morgan fingerprint,deepseek-v3.2-think,S0→S1_1,0,1,W->C,0.5534349903464317,0.563861990471681,Wrong,Correct,12,1,H₂O,S0,S1_1,text-embedding-3-large,S_final
S0 + Morgan fingerprint,deepseek-v3.2-think,S0→S1_1,0,1,W->C,0.5299544205268224,0.6111599003275235,Wrong,Correct,14,1,H₂O,S0,S1_1,text-embedding-3-large,S_final
S0 + Morgan fingerprint,deepseek-v3.2-think,S0→S1_1,0,1,W->C,0.5352779984474182,0.637929200132688,Wrong,Correct,17,1,H₂O,S0,S1_1,text-embedding-3-large,S_final
S0 + Morgan fingerprint,deepseek-v3.2-think,S0→S1_1,0,1,W->C,0.4944438830018043,0.5989612862467765,Wrong,Correct,19,1,H₂O,S0,S1_1,text-embedding-3-large,S_final
S0 + Morgan fingerprint,deepseek-v3.2-think,S0→S1_1,0,1,W->C,0.5312396168708801,0.6140455409884453,Wrong,Correct,22,1,EtOH/H₂O,S0,S1_1,text-embedding-3-large,S_final
S0 + Morgan fingerprint,deepseek-v3.2-think,S0→S1_1,0,1,W->C,0.5978926440080007,0.6446122974157333,Wrong,Correct,23,1,EtOH/H₂O,S0,S1_1,text-embedding-3-large,S_final
S0 + Morgan fingerprint,deepseek-v3.2-think,S0→S1_1,0,1,W->C,0.5761225442091623,0.6179781009753545,Wrong,Correct,24,1,EtOH/H₂O,S0,S1_1,text-embedding-3-large,S_final
S0 + Morgan fingerprint,deepseek-v3.2-think,S0→S1_1,0,1,W->C,0.519238418340683,0.6065155386924743,Wrong,Correct,27,1,NaOH,S0,S1_1,text-embedding-3-large,S_final
S0 + Morgan fingerprint,deepseek-v3.2-think,S0→S1_1,0,1,W->C,0.6040537069241206,0.6364972631136576,Wrong,Correct,29,1,NaOH,S0,S1_1,text-embedding-3-large,S_final
S0 + Morgan fingerprint,deepseek-v3.2-think,S0→S1_1,0,1,W->C,0.513094779352347,0.5733063062032064,Wrong,Correct,30,1,NaOH,S0,S1_1,text-embedding-3-large,S_final
S0 + Morgan fingerprint,deepseek-v3.2-think,S0→S1_1,0,1,W->C,0.5206155106425285,0.5584807942310969,Wrong,Correct,32,1,H₂O,S0,S1_1,text-embedding-3-large,S_final
S0 + Morgan fingerprint,deepseek-v3.2-think,S0→S1_1,0,1,W->C,0.5388407389322917,0.5721690937876701,Wrong,Correct,34,1,H₂O,S0,S1_1,text-embedding-3-large,S_final
S0 + Morgan fingerprint,deepseek-v3.2-think,S0→S1_1,0,1,W->C,0.53625323548913,0.6045352091391881,Wrong,Correct,36,2,KCl,S0,S1_1,text-embedding-3-large,S_final
S0 + Morgan fingerprint,deepseek-v3.2-think,S0→S1_1,0,1,W->C,0.5159760455290477,0.5848751182357469,Wrong,Correct,37,1,KCl + NaCl,S0,S1_1,text-embedding-3-large,S_final
S0 + Morgan fingerprint,deepseek-v3.2-think,S0→S1_1,0,1,W->C,0.4305654197931289,0.4363068948189417,Wrong,Correct,38,1,KCl + NaCl,S0,S1_1,text-embedding-3-large,S_final
S0 + Morgan fingerprint,deepseek-v3.2-think,S0→S1_1,0,1,W->C,0.5443775624036788,0.5545627241333325,Wrong,Correct,42,1,KCl,S0,S1_1,text-embedding-3-large,S_final
S0 + Morgan fingerprint,deepseek-v3.2-think,S0→S1_1,0,1,W->C,0.6170868406693141,0.6939918915430704,Wrong,Correct,44,1,KCl,S0,S1_1,text-embedding-3-large,S_final
S0 + Morgan fingerprint,deepseek-v3.2-think,S0→S1_1,0,1,W->C,0.5004201158881187,0.5219481647014618,Wrong,Correct,48,2,B(OH)₃ + other ions,S0,S1_1,text-embedding-3-large,S_final
S0 + Morgan fingerprint,deepseek-v3.2-think,S0→S1_1,0,1,W->C,0.5202992133796215,0.5656282941500345,Wrong,Correct,49,1,B(OH)₃ + AgNO₃,S0,S1_1,text-embedding-3-large,S_final
S0 + Morgan fingerprint,deepseek-v3.2-think,S0→S1_1,0,1,W->C,0.5126188151538371,0.5443822398781777,Wrong,Correct,50,1,B(OH)₃ + AgNO₃,S0,S1_1,text-embedding-3-large,S_final
S0 + Morgan fingerprint,deepseek-v3.2-think,S0→S1_1,0,1,W->C,0.5528696810205777,0.5654836490750312,Wrong,Correct,53,1,H₂O,S0,S1_1,text-embedding-3-large,S_final
S0 + Morgan fingerprint,deepseek-v3.2-think,S0→S1_1,0,1,W->C,0.438187026977539,0.4489177773396173,Wrong,Correct,54,1,H₂O,S0,S1_1,text-embedding-3-large,S_final
S0 + Morgan fingerprint,deepseek-v3.2-think,S0→S1_1,0,1,W->C,0.4577251732349395,0.5163219466805459,Wrong,Correct,55,1,H₂O,S0,S1_1,text-embedding-3-large,S_final
S0 + Morgan fingerprint,deepseek-v3.2-think,S0→S1_1,0,1,W->C,0.4422404939929644,0.4707543904582659,Wrong,Correct,57,1,H₂O,S0,S1_1,text-embedding-3-large,S_final
S0 + Morgan fingerprint,deepseek-v3.2-think,S0→S1_1,0,1,W->C,0.4717825040221213,0.4941963578263917,Wrong,Correct,61,1,H₂O,S0,S1_1,text-embedding-3-large,S_final
S0 + Morgan fingerprint,deepseek-v3.2-think,S0→S1_1,0,1,W->C,0.529618558784326,0.537413070599238,Wrong,Correct,62,1,H₂O,S0,S1_1,text-embedding-3-large,S_final
S0 + Morgan fingerprint,deepseek-v3.2-think,S0→S1_1,0,1,W->C,0.5493545045455296,0.586814766128858,Wrong,Correct,62,2,EtOH/H₂O,S0,S1_1,text-embedding-3-large,S_final
S0 + Morgan fingerprint,deepseek-v3.2-think,S0→S1_1,0,1,W->C,0.5573210686445236,0.6036976436773935,Wrong,Correct,63,1,H₂O,S0,S1_1,text-embedding-3-large,S_final
S0 + Morgan fingerprint,deepseek-v3.2-think,S0→S1_1,0,1,W->C,0.5308947121103603,0.5802692274252573,Wrong,Correct,63,2,EtOH/H₂O,S0,S1_1,text-embedding-3-large,S_final
S0 + Morgan fingerprint,deepseek-v3.2-think,S0→S1_1,0,1,W->W,0.6400788903236388,0.6329302608966827,Wrong,Wrong,5,3,NaCl,S0,S1_1,text-embedding-3-large,S_final
S0 + Morgan fingerprint,deepseek-v3.2-think,S0→S1_1,0,1,W->W,0.6312850723663965,0.6740685721238453,Wrong,Wrong,7,2,NaCl,S0,S1_1,text-embedding-3-large,S_final
S0 + Morgan fingerprint,deepseek-v3.2-think,S0→S1_1,0,1,W->W,0.5468840733170509,0.5951273411512374,Wrong,Wrong,7,3,KCl + NaCl,S0,S1_1,text-embedding-3-large,S_final
S0 + Morgan fingerprint,deepseek-v3.2-think,S0→S1_1,0,1,W->W,0.5411866451303163,0.5841957807540893,Wrong,Wrong,7,6,KCl,S0,S1_1,text-embedding-3-large,S_final
S0 + Morgan fingerprint,deepseek-v3.2-think,S0→S1_1,0,1,W->W,0.6603490839401881,0.6721599419911701,Wrong,Wrong,7,7,KCl,S0,S1_1,text-embedding-3-large,S_final
S0 + Morgan fingerprint,deepseek-v3.2-think,S0→S1_1,0,1,W->W,0.5709515472253163,0.620890901486079,Wrong,Wrong,7,10,KB(OH)₄,S0,S1_1,text-embedding-3-large,S_final
S0 + Morgan fingerprint,deepseek-v3.2-think,S0→S1_1,0,1,W->W,0.625912727912267,0.6781773974498112,Wrong,Wrong,7,11,LiB(OH)₄,S0,S1_1,text-embedding-3-large,S_final
S0 + Morgan fingerprint,deepseek-v3.2-think,S0→S1_1,0,1,W->W,0.6270191580057144,0.643973758816719,Wrong,Wrong,9,2,KCl,S0,S1_1,text-embedding-3-large,S_final
S0 + Morgan fingerprint,deepseek-v3.2-think,S0→S1_1,0,1,W->W,0.5967443466186524,0.594316370288531,Wrong,Wrong,10,1,H₂O,S0,S1_1,text-embedding-3-large,S_final
S0 + Morgan fingerprint,deepseek-v3.2-think,S0→S1_1,0,1,W->W,0.5187592153747876,0.4864073924720287,Wrong,Wrong,11,1,H₂O,S0,S1_1,text-embedding-3-large,S_final
S0 + Morgan fingerprint,deepseek-v3.2-think,S0→S1_1,0,1,W->W,0.4973922863602638,0.5720237128436565,Wrong,Wrong,13,2,acidic pH,S0,S1_1,text-embedding-3-large,S_final
S0 + Morgan fingerprint,deepseek-v3.2-think,S0→S1_1,0,1,W->W,0.5945672780275344,0.5924505725502968,Wrong,Wrong,13,3,acidic pH + benzyl amine,S0,S1_1,text-embedding-3-large,S_final
S0 + Morgan fingerprint,deepseek-v3.2-think,S0→S1_1,0,1,W->W,0.5377509415149688,0.5139722804228465,Wrong,Wrong,35,1,H₂O,S0,S1_1,text-embedding-3-large,S_final
S0 + Morgan fingerprint,deepseek-v3.2-think,S0→S1_1,0,1,W->W,0.4063597013552983,0.38444368292888,Wrong,Wrong,38,2,KCl,S0,S1_1,text-embedding-3-large,S_final
S0 + Morgan fingerprint,deepseek-v3.2-think,S0→S1_1,0,1,W->W,0.6344733883937199,0.6362064838409424,Wrong,Wrong,40,5,Borate buffer,S0,S1_1,text-embedding-3-large,S_final
S0 + Morgan fingerprint,deepseek-v3.2-think,S0→S1_1,0,1,W->W,0.5476307382186253,0.5430345818400383,Wrong,Wrong,43,1,KCl,S0,S1_1,text-embedding-3-large,S_final
S0 + Morgan fingerprint,deepseek-v3.2-think,S0→S1_1,0,1,W->W,0.4396523088216781,0.5485344044864178,Wrong,Wrong,45,2,Organic solvents,S0,S1_1,text-embedding-3-large,S_final
S0 + Morgan fingerprint,deepseek-v3.2-think,S0→S1_1,0,1,W->W,0.4447140435377756,0.4680775006612142,Wrong,Wrong,45,3,Organic solvents,S0,S1_1,text-embedding-3-large,S_final
S0 + Morgan fingerprint,deepseek-v3.2-think,S0→S1_1,0,1,W->W,0.6025748958190281,0.6679153800010681,Wrong,Wrong,51,1,KB(OH)₄,S0,S1_1,text-embedding-3-large,S_final
S0 + Morgan fingerprint,deepseek-v3.2-think,S0→S1_1,0,1,W->W,0.3463262274861335,0.4072367809712887,Wrong,Wrong,57,2,EtOH/H₂O,S0,S1_1,text-embedding-3-large,S_final
S0 + Morgan fingerprint,deepseek-v3.2-think,S1_1→S2_1,1,2,C->C,0.688218466937542,0.6801333020130794,Correct,Correct,1,1,Tb(NO₃)₃ or Dy(NO₃)₃,S1_1,S2_1,text-embedding-3-large,S_final
S0 + Morgan fingerprint,deepseek-v3.2-think,S1_1→S2_1,1,2,C->C,0.6016257484753926,0.6245064785083134,Correct,Correct,1,2,LiCl,S1_1,S2_1,text-embedding-3-large,S_final
S0 + Morgan fingerprint,deepseek-v3.2-think,S1_1→S2_1,1,2,C->C,0.5498034710685412,0.5516390432914098,Correct,Correct,1,3,NaCl,S1_1,S2_1,text-embedding-3-large,S_final
S0 + Morgan fingerprint,deepseek-v3.2-think,S1_1→S2_1,1,2,C->C,0.6878751238187154,0.6671487609545389,Correct,Correct,1,4,KCl,S1_1,S2_1,text-embedding-3-large,S_final
S0 + Morgan fingerprint,deepseek-v3.2-think,S1_1→S2_1,1,2,C->C,0.6000395228465397,0.575868405898412,Correct,Correct,1,5,KB(OH)₄,S1_1,S2_1,text-embedding-3-large,S_final
S0 + Morgan fingerprint,deepseek-v3.2-think,S1_1→S2_1,1,2,C->C,0.6995246335864067,0.6944692353407541,Correct,Correct,3,1,Tb(NO₃)₃ or Eu(NO₃)₃,S1_1,S2_1,text-embedding-3-large,S_final
S0 + Morgan fingerprint,deepseek-v3.2-think,S1_1→S2_1,1,2,C->C,0.6768476009368896,0.7079364001750946,Correct,Correct,3,2,B(OH)₃ + AgNO₃,S1_1,S2_1,text-embedding-3-large,S_final
S0 + Morgan fingerprint,deepseek-v3.2-think,S1_1→S2_1,1,2,C->C,0.6904445161422093,0.6917117794354756,Correct,Correct,4,1,LiCl,S1_1,S2_1,text-embedding-3-large,S_final
S0 + Morgan fingerprint,deepseek-v3.2-think,S1_1→S2_1,1,2,C->C,0.6433791786432266,0.6224720527728398,Correct,Correct,4,3,KCl,S1_1,S2_1,text-embedding-3-large,S_final
S0 + Morgan fingerprint,deepseek-v3.2-think,S1_1→S2_1,1,2,C->C,0.7018903116385141,0.7026962727308272,Correct,Correct,5,1,LiCl,S1_1,S2_1,text-embedding-3-large,S_final
S0 + Morgan fingerprint,deepseek-v3.2-think,S1_1→S2_1,1,2,C->C,0.6418820142745971,0.6597687214612961,Correct,Correct,5,2,KCl,S1_1,S2_1,text-embedding-3-large,S_final
S0 + Morgan fingerprint,deepseek-v3.2-think,S1_1→S2_1,1,2,C->C,0.7025649060805638,0.6763206114371618,Correct,Correct,6,1,LiCl,S1_1,S2_1,text-embedding-3-large,S_final
S0 + Morgan fingerprint,deepseek-v3.2-think,S1_1→S2_1,1,2,C->C,0.6826258619626362,0.6720018843809763,Correct,Correct,6,3,KCl,S1_1,S2_1,text-embedding-3-large,S_final
S0 + Morgan fingerprint,deepseek-v3.2-think,S1_1→S2_1,1,2,C->C,0.5599917893608412,0.5949499587217967,Correct,Correct,7,4,KCl,S1_1,S2_1,text-embedding-3-large,S_final
S0 + Morgan fingerprint,deepseek-v3.2-think,S1_1→S2_1,1,2,C->C,0.6667222082614899,0.643819738427798,Correct,Correct,7,5,KCl,S1_1,S2_1,text-embedding-3-large,S_final
S0 + Morgan fingerprint,deepseek-v3.2-think,S1_1→S2_1,1,2,C->C,0.6504400769869486,0.6393582195043562,Correct,Correct,7,8,KCl + TAcG,S1_1,S2_1,text-embedding-3-large,S_final
S0 + Morgan fingerprint,deepseek-v3.2-think,S1_1→S2_1,1,2,C->C,0.679458604256312,0.7007814933856328,Correct,Correct,7,9,KB(OH)₄,S1_1,S2_1,text-embedding-3-large,S_final
S0 + Morgan fingerprint,deepseek-v3.2-think,S1_1→S2_1,1,2,C->C,0.6679217532277106,0.646909733613332,Correct,Correct,8,1,LiCl,S1_1,S2_1,text-embedding-3-large,S_final
S0 + Morgan fingerprint,deepseek-v3.2-think,S1_1→S2_1,1,2,C->C,0.6534439305464427,0.6475167532761891,Correct,Correct,8,2,NaCl,S1_1,S2_1,text-embedding-3-large,S_final
S0 + Morgan fingerprint,deepseek-v3.2-think,S1_1→S2_1,1,2,C->C,0.6369143535693487,0.6406973471244176,Correct,Correct,9,1,LiCl,S1_1,S2_1,text-embedding-3-large,S_final
S0 + Morgan fingerprint,deepseek-v3.2-think,S1_1→S2_1,1,2,C->C,0.6546907514333724,0.6507813781499863,Correct,Correct,9,3,NaCl,S1_1,S2_1,text-embedding-3-large,S_final
S0 + Morgan fingerprint,deepseek-v3.2-think,S1_1→S2_1,1,2,C->C,0.563861990471681,0.5430452987551688,Correct,Correct,12,1,H₂O,S1_1,S2_1,text-embedding-3-large,S_final
S0 + Morgan fingerprint,deepseek-v3.2-think,S1_1→S2_1,1,2,C->C,0.6111599003275235,0.6345172146956125,Correct,Correct,14,1,H₂O,S1_1,S2_1,text-embedding-3-large,S_final
S0 + Morgan fingerprint,deepseek-v3.2-think,S1_1→S2_1,1,2,C->C,0.6667424579461415,0.6702371617158254,Correct,Correct,16,1,H₂O,S1_1,S2_1,text-embedding-3-large,S_final
S0 + Morgan fingerprint,deepseek-v3.2-think,S1_1→S2_1,1,2,C->C,0.637929200132688,0.6562271098295848,Correct,Correct,17,1,H₂O,S1_1,S2_1,text-embedding-3-large,S_final
S0 + Morgan fingerprint,deepseek-v3.2-think,S1_1→S2_1,1,2,C->C,0.662555119395256,0.6770616759856541,Correct,Correct,18,1,H₂O,S1_1,S2_1,text-embedding-3-large,S_final
S0 + Morgan fingerprint,deepseek-v3.2-think,S1_1→S2_1,1,2,C->C,0.5989612862467765,0.6345280230045317,Correct,Correct,19,1,H₂O,S1_1,S2_1,text-embedding-3-large,S_final
S0 + Morgan fingerprint,deepseek-v3.2-think,S1_1→S2_1,1,2,C->C,0.6486417611440022,0.629796345035235,Correct,Correct,21,1,EtOH/H₂O,S1_1,S2_1,text-embedding-3-large,S_final
S0 + Morgan fingerprint,deepseek-v3.2-think,S1_1→S2_1,1,2,C->C,0.6140455409884453,0.5855712781349818,Correct,Correct,22,1,EtOH/H₂O,S1_1,S2_1,text-embedding-3-large,S_final
S0 + Morgan fingerprint,deepseek-v3.2-think,S1_1→S2_1,1,2,C->C,0.6446122974157333,0.6446100324392319,Correct,Correct,23,1,EtOH/H₂O,S1_1,S2_1,text-embedding-3-large,S_final
S0 + Morgan fingerprint,deepseek-v3.2-think,S1_1→S2_1,1,2,C->C,0.6179781009753545,0.608594066898028,Correct,Correct,24,1,EtOH/H₂O,S1_1,S2_1,text-embedding-3-large,S_final
S0 + Morgan fingerprint,deepseek-v3.2-think,S1_1→S2_1,1,2,C->C,0.5306772415836652,0.5309564083814621,Correct,Correct,25,1,NaOH,S1_1,S2_1,text-embedding-3-large,S_final
S0 + Morgan fingerprint,deepseek-v3.2-think,S1_1→S2_1,1,2,C->C,0.6208747853835423,0.625348233183225,Correct,Correct,25,2,Organic solvents,S1_1,S2_1,text-embedding-3-large,S_final
S0 + Morgan fingerprint,deepseek-v3.2-think,S1_1→S2_1,1,2,C->C,0.5601349631945292,0.6021408706903457,Correct,Correct,26,1,NaOH,S1_1,S2_1,text-embedding-3-large,S_final
S0 + Morgan fingerprint,deepseek-v3.2-think,S1_1→S2_1,1,2,C->C,0.5122968067725499,0.5039867237210274,Correct,Correct,26,2,KOH,S1_1,S2_1,text-embedding-3-large,S_final
S0 + Morgan fingerprint,deepseek-v3.2-think,S1_1→S2_1,1,2,C->C,0.4972494527697562,0.4620266631245613,Correct,Correct,26,3,LiOH,S1_1,S2_1,text-embedding-3-large,S_final
S0 + Morgan fingerprint,deepseek-v3.2-think,S1_1→S2_1,1,2,C->C,0.6271782139937082,0.6632075726985931,Correct,Correct,26,4,Organic solvents,S1_1,S2_1,text-embedding-3-large,S_final
S0 + Morgan fingerprint,deepseek-v3.2-think,S1_1→S2_1,1,2,C->C,0.6065155386924743,0.6240221599737804,Correct,Correct,27,1,NaOH,S1_1,S2_1,text-embedding-3-large,S_final
S0 + Morgan fingerprint,deepseek-v3.2-think,S1_1→S2_1,1,2,C->C,0.5567365835110346,0.5541254277030626,Correct,Correct,27,2,KOH,S1_1,S2_1,text-embedding-3-large,S_final
S0 + Morgan fingerprint,deepseek-v3.2-think,S1_1→S2_1,1,2,C->C,0.557001485923926,0.5470927834510803,Correct,Correct,27,3,LiOH,S1_1,S2_1,text-embedding-3-large,S_final
S0 + Morgan fingerprint,deepseek-v3.2-think,S1_1→S2_1,1,2,C->C,0.6702179968357086,0.6945591300725936,Correct,Correct,27,4,Organic solvents,S1_1,S2_1,text-embedding-3-large,S_final
S0 + Morgan fingerprint,deepseek-v3.2-think,S1_1→S2_1,1,2,C->C,0.4659490202864011,0.4692508697509765,Correct,Correct,28,2,Organic solvents,S1_1,S2_1,text-embedding-3-large,S_final
S0 + Morgan fingerprint,deepseek-v3.2-think,S1_1→S2_1,1,2,C->C,0.6364972631136576,0.6114821384350458,Correct,Correct,29,1,NaOH,S1_1,S2_1,text-embedding-3-large,S_final
S0 + Morgan fingerprint,deepseek-v3.2-think,S1_1→S2_1,1,2,C->C,0.4588506678740183,0.4579520458976427,Correct,Correct,29,2,Organic solvents,S1_1,S2_1,text-embedding-3-large,S_final
S0 + Morgan fingerprint,deepseek-v3.2-think,S1_1→S2_1,1,2,C->C,0.5733063062032064,0.5323360199729601,Correct,Correct,30,1,NaOH,S1_1,S2_1,text-embedding-3-large,S_final
S0 + Morgan fingerprint,deepseek-v3.2-think,S1_1→S2_1,1,2,C->C,0.4744613081216811,0.4424603829781214,Correct,Correct,30,2,Organic solvents,S1_1,S2_1,text-embedding-3-large,S_final
S0 + Morgan fingerprint,deepseek-v3.2-think,S1_1→S2_1,1,2,C->C,0.5584807942310969,0.6224038531382878,Correct,Correct,32,1,H₂O,S1_1,S2_1,text-embedding-3-large,S_final
S0 + Morgan fingerprint,deepseek-v3.2-think,S1_1→S2_1,1,2,C->C,0.5721690937876701,0.5658194221556186,Correct,Correct,34,1,H₂O,S1_1,S2_1,text-embedding-3-large,S_final
S0 + Morgan fingerprint,deepseek-v3.2-think,S1_1→S2_1,1,2,C->C,0.6045352091391881,0.6145580053329468,Correct,Correct,36,2,KCl,S1_1,S2_1,text-embedding-3-large,S_final
S0 + Morgan fingerprint,deepseek-v3.2-think,S1_1→S2_1,1,2,C->C,0.5720635369420051,0.5862987592816353,Correct,Correct,36,3,NaCl + TAcG,S1_1,S2_1,text-embedding-3-large,S_final
S0 + Morgan fingerprint,deepseek-v3.2-think,S1_1→S2_1,1,2,C->C,0.5848751182357469,0.5721471816301346,Correct,Correct,37,1,KCl + NaCl,S1_1,S2_1,text-embedding-3-large,S_final
S0 + Morgan fingerprint,deepseek-v3.2-think,S1_1→S2_1,1,2,C->C,0.4363068948189417,0.4421290492018064,Correct,Correct,38,1,KCl + NaCl,S1_1,S2_1,text-embedding-3-large,S_final
S0 + Morgan fingerprint,deepseek-v3.2-think,S1_1→S2_1,1,2,C->C,0.7113492170969645,0.7034654170274734,Correct,Correct,39,2,KCl,S1_1,S2_1,text-embedding-3-large,S_final
S0 + Morgan fingerprint,deepseek-v3.2-think,S1_1→S2_1,1,2,C->C,0.6866686393817264,0.6761531174182892,Correct,Correct,40,1,KCl,S1_1,S2_1,text-embedding-3-large,S_final
S0 + Morgan fingerprint,deepseek-v3.2-think,S1_1→S2_1,1,2,C->C,0.6142354637384415,0.6316333174705505,Correct,Correct,40,3,NH₄Cl,S1_1,S2_1,text-embedding-3-large,S_final
S0 + Morgan fingerprint,deepseek-v3.2-think,S1_1→S2_1,1,2,C->C,0.6463185290495554,0.623017727335294,Correct,Correct,40,6,KCl,S1_1,S2_1,text-embedding-3-large,S_final
S0 + Morgan fingerprint,deepseek-v3.2-think,S1_1→S2_1,1,2,C->C,0.6939918915430704,0.6867401132980983,Correct,Correct,44,1,KCl,S1_1,S2_1,text-embedding-3-large,S_final
S0 + Morgan fingerprint,deepseek-v3.2-think,S1_1→S2_1,1,2,C->C,0.6567350755135218,0.6689487785100936,Correct,Correct,45,1,Organic solvents,S1_1,S2_1,text-embedding-3-large,S_final
S0 + Morgan fingerprint,deepseek-v3.2-think,S1_1→S2_1,1,2,C->C,0.657690131664276,0.6399561017751694,Correct,Correct,46,1,Organic solvents,S1_1,S2_1,text-embedding-3-large,S_final
S0 + Morgan fingerprint,deepseek-v3.2-think,S1_1→S2_1,1,2,C->C,0.5830746372540793,0.5862607131401698,Correct,Correct,46,2,Organic solvents,S1_1,S2_1,text-embedding-3-large,S_final
S0 + Morgan fingerprint,deepseek-v3.2-think,S1_1→S2_1,1,2,C->C,0.6776820898056028,0.6658335824807485,Correct,Correct,47,1,Organic solvents,S1_1,S2_1,text-embedding-3-large,S_final
S0 + Morgan fingerprint,deepseek-v3.2-think,S1_1→S2_1,1,2,C->C,0.6101004729668299,0.5895490954319637,Correct,Correct,47,2,Organic solvents,S1_1,S2_1,text-embedding-3-large,S_final
S0 + Morgan fingerprint,deepseek-v3.2-think,S1_1→S2_1,1,2,C->C,0.5219481647014618,0.5679398939013481,Correct,Correct,48,2,B(OH)₃ + other ions,S1_1,S2_1,text-embedding-3-large,S_final
S0 + Morgan fingerprint,deepseek-v3.2-think,S1_1→S2_1,1,2,C->C,0.5656282941500345,0.5801724846164386,Correct,Correct,49,1,B(OH)₃ + AgNO₃,S1_1,S2_1,text-embedding-3-large,S_final
S0 + Morgan fingerprint,deepseek-v3.2-think,S1_1→S2_1,1,2,C->C,0.5443822398781777,0.5276755029956499,Correct,Correct,50,1,B(OH)₃ + AgNO₃,S1_1,S2_1,text-embedding-3-large,S_final
S0 + Morgan fingerprint,deepseek-v3.2-think,S1_1→S2_1,1,2,C->C,0.6984752252697944,0.6784146080414454,Correct,Correct,52,1,KB(OH)₄,S1_1,S2_1,text-embedding-3-large,S_final
S0 + Morgan fingerprint,deepseek-v3.2-think,S1_1→S2_1,1,2,C->C,0.5654836490750312,0.4831409205993016,Correct,Correct,53,1,H₂O,S1_1,S2_1,text-embedding-3-large,S_final
S0 + Morgan fingerprint,deepseek-v3.2-think,S1_1→S2_1,1,2,C->C,0.536381868024667,0.6326337675253549,Correct,Correct,53,2,EtOH/H₂O,S1_1,S2_1,text-embedding-3-large,S_final
S0 + Morgan fingerprint,deepseek-v3.2-think,S1_1→S2_1,1,2,C->C,0.4489177773396173,0.432837601006031,Correct,Correct,54,1,H₂O,S1_1,S2_1,text-embedding-3-large,S_final
S0 + Morgan fingerprint,deepseek-v3.2-think,S1_1→S2_1,1,2,C->C,0.6203657875458398,0.6239767303069432,Correct,Correct,54,2,EtOH/H₂O,S1_1,S2_1,text-embedding-3-large,S_final
S0 + Morgan fingerprint,deepseek-v3.2-think,S1_1→S2_1,1,2,C->C,0.5163219466805459,0.5382544418176015,Correct,Correct,55,1,H₂O,S1_1,S2_1,text-embedding-3-large,S_final
S0 + Morgan fingerprint,deepseek-v3.2-think,S1_1→S2_1,1,2,C->C,0.6286626011133193,0.6031141877174376,Correct,Correct,55,2,EtOH/H₂O,S1_1,S2_1,text-embedding-3-large,S_final
S0 + Morgan fingerprint,deepseek-v3.2-think,S1_1→S2_1,1,2,C->C,0.5564100066820781,0.5879809767007828,Correct,Correct,56,2,EtOH/H₂O,S1_1,S2_1,text-embedding-3-large,S_final
S0 + Morgan fingerprint,deepseek-v3.2-think,S1_1→S2_1,1,2,C->C,0.4707543904582659,0.4603172346949577,Correct,Correct,57,1,H₂O,S1_1,S2_1,text-embedding-3-large,S_final
S0 + Morgan fingerprint,deepseek-v3.2-think,S1_1→S2_1,1,2,C->C,0.5479253038763999,0.5838518857955932,Correct,Correct,58,1,H₂O,S1_1,S2_1,text-embedding-3-large,S_final
S0 + Morgan fingerprint,deepseek-v3.2-think,S1_1→S2_1,1,2,C->C,0.577501427133878,0.5570573379596074,Correct,Correct,58,2,EtOH/H₂O,S1_1,S2_1,text-embedding-3-large,S_final
S0 + Morgan fingerprint,deepseek-v3.2-think,S1_1→S2_1,1,2,C->C,0.5035831411679585,0.5082801779111227,Correct,Correct,59,1,H₂O,S1_1,S2_1,text-embedding-3-large,S_final
S0 + Morgan fingerprint,deepseek-v3.2-think,S1_1→S2_1,1,2,C->C,0.6000121563673019,0.6018937816222509,Correct,Correct,59,2,EtOH/H₂O,S1_1,S2_1,text-embedding-3-large,S_final
S0 + Morgan fingerprint,deepseek-v3.2-think,S1_1→S2_1,1,2,C->C,0.461997136970361,0.4707677056392033,Correct,Correct,60,1,H₂O,S1_1,S2_1,text-embedding-3-large,S_final
S0 + Morgan fingerprint,deepseek-v3.2-think,S1_1→S2_1,1,2,C->C,0.5927399083971977,0.6017177691062292,Correct,Correct,60,2,EtOH/H₂O,S1_1,S2_1,text-embedding-3-large,S_final
S0 + Morgan fingerprint,deepseek-v3.2-think,S1_1→S2_1,1,2,C->C,0.4941963578263917,0.4890797083576519,Correct,Correct,61,1,H₂O,S1_1,S2_1,text-embedding-3-large,S_final
S0 + Morgan fingerprint,deepseek-v3.2-think,S1_1→S2_1,1,2,C->C,0.5812957445780436,0.6346586485703786,Correct,Correct,61,2,EtOH/H₂O,S1_1,S2_1,text-embedding-3-large,S_final
S0 + Morgan fingerprint,deepseek-v3.2-think,S1_1→S2_1,1,2,C->C,0.537413070599238,0.5948559989531835,Correct,Correct,62,1,H₂O,S1_1,S2_1,text-embedding-3-large,S_final
S0 + Morgan fingerprint,deepseek-v3.2-think,S1_1→S2_1,1,2,C->C,0.586814766128858,0.5909559448560079,Correct,Correct,62,2,EtOH/H₂O,S1_1,S2_1,text-embedding-3-large,S_final
S0 + Morgan fingerprint,deepseek-v3.2-think,S1_1→S2_1,1,2,C->C,0.6036976436773935,0.6066646824280421,Correct,Correct,63,1,H₂O,S1_1,S2_1,text-embedding-3-large,S_final
S0 + Morgan fingerprint,deepseek-v3.2-think,S1_1→S2_1,1,2,C->C,0.5802692274252573,0.6144551336765289,Correct,Correct,63,2,EtOH/H₂O,S1_1,S2_1,text-embedding-3-large,S_final
S0 + Morgan fingerprint,deepseek-v3.2-think,S1_1→S2_1,1,2,C->W,0.6597453400492668,0.6504257351160049,Correct,Wrong,4,2,NaCl,S1_1,S2_1,text-embedding-3-large,S_final
S0 + Morgan fingerprint,deepseek-v3.2-think,S1_1→S2_1,1,2,C->W,0.6788299351930618,0.672234034538269,Correct,Wrong,7,1,LiCl,S1_1,S2_1,text-embedding-3-large,S_final
S0 + Morgan fingerprint,deepseek-v3.2-think,S1_1→S2_1,1,2,C->W,0.6286700651049614,0.6231448938449223,Correct,Wrong,10,2,PBS,S1_1,S2_1,text-embedding-3-large,S_final
S0 + Morgan fingerprint,deepseek-v3.2-think,S1_1→S2_1,1,2,C->W,0.7152254194021225,0.705992268025875,Correct,Wrong,13,1,H₂O,S1_1,S2_1,text-embedding-3-large,S_final
S0 + Morgan fingerprint,deepseek-v3.2-think,S1_1→S2_1,1,2,C->W,0.6740806013345718,0.6599794954061509,Correct,Wrong,20,1,EtOH/H₂O,S1_1,S2_1,text-embedding-3-large,S_final
S0 + Morgan fingerprint,deepseek-v3.2-think,S1_1→S2_1,1,2,C->W,0.5827784558137257,0.5277828142046928,Correct,Wrong,28,1,NaOH,S1_1,S2_1,text-embedding-3-large,S_final
S0 + Morgan fingerprint,deepseek-v3.2-think,S1_1→S2_1,1,2,C->W,0.6549475312232971,0.6201881319284439,Correct,Wrong,33,1,H₂O,S1_1,S2_1,text-embedding-3-large,S_final
S0 + Morgan fingerprint,deepseek-v3.2-think,S1_1→S2_1,1,2,C->W,0.5545627241333325,0.5528443058331808,Correct,Wrong,42,1,KCl,S1_1,S2_1,text-embedding-3-large,S_final
S0 + Morgan fingerprint,deepseek-v3.2-think,S1_1→S2_1,1,2,C->W,0.5897969841957093,0.621962720155716,Correct,Wrong,64,1,KCl,S1_1,S2_1,text-embedding-3-large,S_final
S0 + Morgan fingerprint,deepseek-v3.2-think,S1_1→S2_1,1,2,W->C,0.6737233117222785,0.6850140134493509,Wrong,Correct,2,1,Tb(NO₃)₃ or Eu(NO₃)₃,S1_1,S2_1,text-embedding-3-large,S_final
S0 + Morgan fingerprint,deepseek-v3.2-think,S1_1→S2_1,1,2,W->C,0.4864073924720287,0.5421407014131546,Wrong,Correct,11,1,H₂O,S1_1,S2_1,text-embedding-3-large,S_final
S0 + Morgan fingerprint,deepseek-v3.2-think,S1_1→S2_1,1,2,W->C,0.5924505725502968,0.5902716636657714,Wrong,Correct,13,3,acidic pH + benzyl amine,S1_1,S2_1,text-embedding-3-large,S_final
S0 + Morgan fingerprint,deepseek-v3.2-think,S1_1→S2_1,1,2,W->C,0.5430345818400383,0.6107772499322891,Wrong,Correct,43,1,KCl,S1_1,S2_1,text-embedding-3-large,S_final
S0 + Morgan fingerprint,deepseek-v3.2-think,S1_1→S2_1,1,2,W->C,0.4680775006612142,0.6031475707888603,Wrong,Correct,45,3,Organic solvents,S1_1,S2_1,text-embedding-3-large,S_final
S0 + Morgan fingerprint,deepseek-v3.2-think,S1_1→S2_1,1,2,W->C,0.6679153800010681,0.627663080394268,Wrong,Correct,51,1,KB(OH)₄,S1_1,S2_1,text-embedding-3-large,S_final
S0 + Morgan fingerprint,deepseek-v3.2-think,S1_1→S2_1,1,2,W->C,0.4072367809712887,0.3793794631958007,Wrong,Correct,57,2,EtOH/H₂O,S1_1,S2_1,text-embedding-3-large,S_final
S0 + Morgan fingerprint,deepseek-v3.2-think,S1_1→S2_1,1,2,W->C,0.5721410602331161,0.6136446416378021,Wrong,Correct,64,2,NaB(OH)₄,S1_1,S2_1,text-embedding-3-large,S_final
S0 + Morgan fingerprint,deepseek-v3.2-think,S1_1→S2_1,1,2,W->W,0.6329302608966827,0.6264203707377116,Wrong,Wrong,5,3,NaCl,S1_1,S2_1,text-embedding-3-large,S_final
S0 + Morgan fingerprint,deepseek-v3.2-think,S1_1→S2_1,1,2,W->W,0.6067524060606957,0.6417782485485076,Wrong,Wrong,6,2,NaCl,S1_1,S2_1,text-embedding-3-large,S_final
S0 + Morgan fingerprint,deepseek-v3.2-think,S1_1→S2_1,1,2,W->W,0.6740685721238453,0.6934930404027303,Wrong,Wrong,7,2,NaCl,S1_1,S2_1,text-embedding-3-large,S_final
S0 + Morgan fingerprint,deepseek-v3.2-think,S1_1→S2_1,1,2,W->W,0.5951273411512374,0.5907931844393411,Wrong,Wrong,7,3,KCl + NaCl,S1_1,S2_1,text-embedding-3-large,S_final
S0 + Morgan fingerprint,deepseek-v3.2-think,S1_1→S2_1,1,2,W->W,0.5841957807540893,0.5954236835241318,Wrong,Wrong,7,6,KCl,S1_1,S2_1,text-embedding-3-large,S_final
S0 + Morgan fingerprint,deepseek-v3.2-think,S1_1→S2_1,1,2,W->W,0.6721599419911701,0.6612278560797373,Wrong,Wrong,7,7,KCl,S1_1,S2_1,text-embedding-3-large,S_final
S0 + Morgan fingerprint,deepseek-v3.2-think,S1_1→S2_1,1,2,W->W,0.620890901486079,0.6306621789932251,Wrong,Wrong,7,10,KB(OH)₄,S1_1,S2_1,text-embedding-3-large,S_final
S0 + Morgan fingerprint,deepseek-v3.2-think,S1_1→S2_1,1,2,W->W,0.6781773974498112,0.6729620059331257,Wrong,Wrong,7,11,LiB(OH)₄,S1_1,S2_1,text-embedding-3-large,S_final
S0 + Morgan fingerprint,deepseek-v3.2-think,S1_1→S2_1,1,2,W->W,0.6015227238337199,0.6121262808640798,Wrong,Wrong,8,3,KCl,S1_1,S2_1,text-embedding-3-large,S_final
S0 + Morgan fingerprint,deepseek-v3.2-think,S1_1→S2_1,1,2,W->W,0.5762617006897927,0.6045604834953943,Wrong,Wrong,8,4,KCl,S1_1,S2_1,text-embedding-3-large,S_final
S0 + Morgan fingerprint,deepseek-v3.2-think,S1_1→S2_1,1,2,W->W,0.643973758816719,0.6523668607076009,Wrong,Wrong,9,2,KCl,S1_1,S2_1,text-embedding-3-large,S_final
S0 + Morgan fingerprint,deepseek-v3.2-think,S1_1→S2_1,1,2,W->W,0.594316370288531,0.5683841456969579,Wrong,Wrong,10,1,H₂O,S1_1,S2_1,text-embedding-3-large,S_final
S0 + Morgan fingerprint,deepseek-v3.2-think,S1_1→S2_1,1,2,W->W,0.5720237128436565,0.5591462880373,Wrong,Wrong,13,2,acidic pH,S1_1,S2_1,text-embedding-3-large,S_final
S0 + Morgan fingerprint,deepseek-v3.2-think,S1_1→S2_1,1,2,W->W,0.4987744917472203,0.4905593449870745,Wrong,Wrong,15,1,H₂O,S1_1,S2_1,text-embedding-3-large,S_final
S0 + Morgan fingerprint,deepseek-v3.2-think,S1_1→S2_1,1,2,W->W,0.6258679151535034,0.635649362206459,Wrong,Wrong,31,1,H₂O,S1_1,S2_1,text-embedding-3-large,S_final
S0 + Morgan fingerprint,deepseek-v3.2-think,S1_1→S2_1,1,2,W->W,0.5139722804228465,0.5151401974260807,Wrong,Wrong,35,1,H₂O,S1_1,S2_1,text-embedding-3-large,S_final
S0 + Morgan fingerprint,deepseek-v3.2-think,S1_1→S2_1,1,2,W->W,0.6464293907086054,0.6352453211943309,Wrong,Wrong,36,1,NaCl,S1_1,S2_1,text-embedding-3-large,S_final
S0 + Morgan fingerprint,deepseek-v3.2-think,S1_1→S2_1,1,2,W->W,0.6312642604112625,0.6427251289288204,Wrong,Wrong,37,2,KCl,S1_1,S2_1,text-embedding-3-large,S_final
S0 + Morgan fingerprint,deepseek-v3.2-think,S1_1→S2_1,1,2,W->W,0.38444368292888,0.3972755039731661,Wrong,Wrong,38,2,KCl,S1_1,S2_1,text-embedding-3-large,S_final
S0 + Morgan fingerprint,deepseek-v3.2-think,S1_1→S2_1,1,2,W->W,0.513681128124396,0.4776549552877744,Wrong,Wrong,39,1,NaCl,S1_1,S2_1,text-embedding-3-large,S_final
S0 + Morgan fingerprint,deepseek-v3.2-think,S1_1→S2_1,1,2,W->W,0.7083474834760031,0.6466065242886543,Wrong,Wrong,40,2,NaCl,S1_1,S2_1,text-embedding-3-large,S_final
S0 + Morgan fingerprint,deepseek-v3.2-think,S1_1→S2_1,1,2,W->W,0.6216437677542368,0.6498297373453775,Wrong,Wrong,40,4,Me₄NCl,S1_1,S2_1,text-embedding-3-large,S_final
S0 + Morgan fingerprint,deepseek-v3.2-think,S1_1→S2_1,1,2,W->W,0.6362064838409424,0.6381811827421188,Wrong,Wrong,40,5,Borate buffer,S1_1,S2_1,text-embedding-3-large,S_final
S0 + Morgan fingerprint,deepseek-v3.2-think,S1_1→S2_1,1,2,W->W,0.646180302898089,0.6535881032546361,Wrong,Wrong,41,1,KCl,S1_1,S2_1,text-embedding-3-large,S_final
S0 + Morgan fingerprint,deepseek-v3.2-think,S1_1→S2_1,1,2,W->W,0.5485344044864178,0.5455719187855721,Wrong,Wrong,45,2,Organic solvents,S1_1,S2_1,text-embedding-3-large,S_final
S0 + Morgan fingerprint,deepseek-v3.2-think,S1_1→S2_1,1,2,W->W,0.5842670768499374,0.5699432194232941,Wrong,Wrong,48,1,B(OH)₃ + AgNO₃,S1_1,S2_1,text-embedding-3-large,S_final
S0 + Morgan fingerprint,deepseek-v3.2-think,S1_1→S2_1,1,2,W->W,0.5461400459210078,0.5544313937425613,Wrong,Wrong,56,1,H₂O,S1_1,S2_1,text-embedding-3-large,S_final
S0 + Morgan fingerprint,deepseek-v3.2-think,S2_1→S3_1,2,3,C->C,0.6801333020130794,0.7136494159698485,Correct,Correct,1,1,Tb(NO₃)₃ or Dy(NO₃)₃,S2_1,S3_1,text-embedding-3-large,S_final
S0 + Morgan fingerprint,deepseek-v3.2-think,S2_1→S3_1,2,3,C->C,0.6245064785083134,0.6148428440093993,Correct,Correct,1,2,LiCl,S2_1,S3_1,text-embedding-3-large,S_final
S0 + Morgan fingerprint,deepseek-v3.2-think,S2_1→S3_1,2,3,C->C,0.5516390432914098,0.539641108115514,Correct,Correct,1,3,NaCl,S2_1,S3_1,text-embedding-3-large,S_final
S0 + Morgan fingerprint,deepseek-v3.2-think,S2_1→S3_1,2,3,C->C,0.6671487609545389,0.623819218079249,Correct,Correct,1,4,KCl,S2_1,S3_1,text-embedding-3-large,S_final
S0 + Morgan fingerprint,deepseek-v3.2-think,S2_1→S3_1,2,3,C->C,0.575868405898412,0.5818474719921748,Correct,Correct,1,5,KB(OH)₄,S2_1,S3_1,text-embedding-3-large,S_final
S0 + Morgan fingerprint,deepseek-v3.2-think,S2_1→S3_1,2,3,C->C,0.6850140134493509,0.7112256397803624,Correct,Correct,2,1,Tb(NO₃)₃ or Eu(NO₃)₃,S2_1,S3_1,text-embedding-3-large,S_final
S0 + Morgan fingerprint,deepseek-v3.2-think,S2_1→S3_1,2,3,C->C,0.6944692353407541,0.6890591353178023,Correct,Correct,3,1,Tb(NO₃)₃ or Eu(NO₃)₃,S2_1,S3_1,text-embedding-3-large,S_final
S0 + Morgan fingerprint,deepseek-v3.2-think,S2_1→S3_1,2,3,C->C,0.7079364001750946,0.7621657505631447,Correct,Correct,3,2,B(OH)₃ + AgNO₃,S2_1,S3_1,text-embedding-3-large,S_final
S0 + Morgan fingerprint,deepseek-v3.2-think,S2_1→S3_1,2,3,C->C,0.6224720527728398,0.6574708710114161,Correct,Correct,4,3,KCl,S2_1,S3_1,text-embedding-3-large,S_final
S0 + Morgan fingerprint,deepseek-v3.2-think,S2_1→S3_1,2,3,C->C,0.6597687214612961,0.7132283508777618,Correct,Correct,5,2,KCl,S2_1,S3_1,text-embedding-3-large,S_final
S0 + Morgan fingerprint,deepseek-v3.2-think,S2_1→S3_1,2,3,C->C,0.6763206114371618,0.7236938953399658,Correct,Correct,6,1,LiCl,S2_1,S3_1,text-embedding-3-large,S_final
S0 + Morgan fingerprint,deepseek-v3.2-think,S2_1→S3_1,2,3,C->C,0.6720018843809763,0.7070846686760585,Correct,Correct,6,3,KCl,S2_1,S3_1,text-embedding-3-large,S_final
S0 + Morgan fingerprint,deepseek-v3.2-think,S2_1→S3_1,2,3,C->C,0.5949499587217967,0.6080634067455928,Correct,Correct,7,4,KCl,S2_1,S3_1,text-embedding-3-large,S_final
S0 + Morgan fingerprint,deepseek-v3.2-think,S2_1→S3_1,2,3,C->C,0.643819738427798,0.6678326378266016,Correct,Correct,7,5,KCl,S2_1,S3_1,text-embedding-3-large,S_final
S0 + Morgan fingerprint,deepseek-v3.2-think,S2_1→S3_1,2,3,C->C,0.6393582195043562,0.6773065343499183,Correct,Correct,7,8,KCl + TAcG,S2_1,S3_1,text-embedding-3-large,S_final
S0 + Morgan fingerprint,deepseek-v3.2-think,S2_1→S3_1,2,3,C->C,0.7007814933856328,0.7461999624967576,Correct,Correct,7,9,KB(OH)₄,S2_1,S3_1,text-embedding-3-large,S_final
S0 + Morgan fingerprint,deepseek-v3.2-think,S2_1→S3_1,2,3,C->C,0.646909733613332,0.6876810212930042,Correct,Correct,8,1,LiCl,S2_1,S3_1,text-embedding-3-large,S_final
S0 + Morgan fingerprint,deepseek-v3.2-think,S2_1→S3_1,2,3,C->C,0.6475167532761891,0.6539183725913366,Correct,Correct,8,2,NaCl,S2_1,S3_1,text-embedding-3-large,S_final
S0 + Morgan fingerprint,deepseek-v3.2-think,S2_1→S3_1,2,3,C->C,0.6406973471244176,0.6692108074824015,Correct,Correct,9,1,LiCl,S2_1,S3_1,text-embedding-3-large,S_final
S0 + Morgan fingerprint,deepseek-v3.2-think,S2_1→S3_1,2,3,C->C,0.6507813781499863,0.6786451190710068,Correct,Correct,9,3,NaCl,S2_1,S3_1,text-embedding-3-large,S_final
S0 + Morgan fingerprint,deepseek-v3.2-think,S2_1→S3_1,2,3,C->C,0.5421407014131546,0.5034770891070366,Correct,Correct,11,1,H₂O,S2_1,S3_1,text-embedding-3-large,S_final
S0 + Morgan fingerprint,deepseek-v3.2-think,S2_1→S3_1,2,3,C->C,0.5430452987551688,0.5759334231416383,Correct,Correct,12,1,H₂O,S2_1,S3_1,text-embedding-3-large,S_final
S0 + Morgan fingerprint,deepseek-v3.2-think,S2_1→S3_1,2,3,C->C,0.6702371617158254,0.687088253100713,Correct,Correct,16,1,H₂O,S2_1,S3_1,text-embedding-3-large,S_final
S0 + Morgan fingerprint,deepseek-v3.2-think,S2_1→S3_1,2,3,C->C,0.6562271098295848,0.6265575190385183,Correct,Correct,17,1,H₂O,S2_1,S3_1,text-embedding-3-large,S_final
S0 + Morgan fingerprint,deepseek-v3.2-think,S2_1→S3_1,2,3,C->C,0.6770616759856541,0.7249841461579004,Correct,Correct,18,1,H₂O,S2_1,S3_1,text-embedding-3-large,S_final
S0 + Morgan fingerprint,deepseek-v3.2-think,S2_1→S3_1,2,3,C->C,0.6345280230045317,0.6016299361983934,Correct,Correct,19,1,H₂O,S2_1,S3_1,text-embedding-3-large,S_final
S0 + Morgan fingerprint,deepseek-v3.2-think,S2_1→S3_1,2,3,C->C,0.5855712781349818,0.6231766601403553,Correct,Correct,22,1,EtOH/H₂O,S2_1,S3_1,text-embedding-3-large,S_final
S0 + Morgan fingerprint,deepseek-v3.2-think,S2_1→S3_1,2,3,C->C,0.6446100324392319,0.6374693512916564,Correct,Correct,23,1,EtOH/H₂O,S2_1,S3_1,text-embedding-3-large,S_final
S0 + Morgan fingerprint,deepseek-v3.2-think,S2_1→S3_1,2,3,C->C,0.608594066898028,0.6373034909367561,Correct,Correct,24,1,EtOH/H₂O,S2_1,S3_1,text-embedding-3-large,S_final
S0 + Morgan fingerprint,deepseek-v3.2-think,S2_1→S3_1,2,3,C->C,0.5309564083814621,0.5433960393071174,Correct,Correct,25,1,NaOH,S2_1,S3_1,text-embedding-3-large,S_final
S0 + Morgan fingerprint,deepseek-v3.2-think,S2_1→S3_1,2,3,C->C,0.625348233183225,0.6323133448759715,Correct,Correct,25,2,Organic solvents,S2_1,S3_1,text-embedding-3-large,S_final
S0 + Morgan fingerprint,deepseek-v3.2-think,S2_1→S3_1,2,3,C->C,0.6021408706903457,0.6323407143354416,Correct,Correct,26,1,NaOH,S2_1,S3_1,text-embedding-3-large,S_final
S0 + Morgan fingerprint,deepseek-v3.2-think,S2_1→S3_1,2,3,C->C,0.5039867237210274,0.5062593479951222,Correct,Correct,26,2,KOH,S2_1,S3_1,text-embedding-3-large,S_final
S0 + Morgan fingerprint,deepseek-v3.2-think,S2_1→S3_1,2,3,C->C,0.4620266631245613,0.5528918514649073,Correct,Correct,26,3,LiOH,S2_1,S3_1,text-embedding-3-large,S_final
S0 + Morgan fingerprint,deepseek-v3.2-think,S2_1→S3_1,2,3,C->C,0.6632075726985931,0.6934475203355154,Correct,Correct,26,4,Organic solvents,S2_1,S3_1,text-embedding-3-large,S_final
S0 + Morgan fingerprint,deepseek-v3.2-think,S2_1→S3_1,2,3,C->C,0.6240221599737804,0.6293907701969147,Correct,Correct,27,1,NaOH,S2_1,S3_1,text-embedding-3-large,S_final
S0 + Morgan fingerprint,deepseek-v3.2-think,S2_1→S3_1,2,3,C->C,0.5541254277030626,0.4924974779287973,Correct,Correct,27,2,KOH,S2_1,S3_1,text-embedding-3-large,S_final
S0 + Morgan fingerprint,deepseek-v3.2-think,S2_1→S3_1,2,3,C->C,0.5470927834510803,0.578789085149765,Correct,Correct,27,3,LiOH,S2_1,S3_1,text-embedding-3-large,S_final
S0 + Morgan fingerprint,deepseek-v3.2-think,S2_1→S3_1,2,3,C->C,0.6945591300725936,0.742744259039561,Correct,Correct,27,4,Organic solvents,S2_1,S3_1,text-embedding-3-large,S_final
S0 + Morgan fingerprint,deepseek-v3.2-think,S2_1→S3_1,2,3,C->C,0.4692508697509765,0.4406425401568412,Correct,Correct,28,2,Organic solvents,S2_1,S3_1,text-embedding-3-large,S_final
S0 + Morgan fingerprint,deepseek-v3.2-think,S2_1→S3_1,2,3,C->C,0.6114821384350458,0.6252650727828344,Correct,Correct,29,1,NaOH,S2_1,S3_1,text-embedding-3-large,S_final
S0 + Morgan fingerprint,deepseek-v3.2-think,S2_1→S3_1,2,3,C->C,0.4579520458976427,0.4839681277672449,Correct,Correct,29,2,Organic solvents,S2_1,S3_1,text-embedding-3-large,S_final
S0 + Morgan fingerprint,deepseek-v3.2-think,S2_1→S3_1,2,3,C->C,0.5323360199729601,0.5742215320467948,Correct,Correct,30,1,NaOH,S2_1,S3_1,text-embedding-3-large,S_final
S0 + Morgan fingerprint,deepseek-v3.2-think,S2_1→S3_1,2,3,C->C,0.4424603829781214,0.4816971391439437,Correct,Correct,30,2,Organic solvents,S2_1,S3_1,text-embedding-3-large,S_final
S0 + Morgan fingerprint,deepseek-v3.2-think,S2_1→S3_1,2,3,C->C,0.6224038531382878,0.6254376232624054,Correct,Correct,32,1,H₂O,S2_1,S3_1,text-embedding-3-large,S_final
S0 + Morgan fingerprint,deepseek-v3.2-think,S2_1→S3_1,2,3,C->C,0.5658194221556186,0.5675846159458161,Correct,Correct,34,1,H₂O,S2_1,S3_1,text-embedding-3-large,S_final
S0 + Morgan fingerprint,deepseek-v3.2-think,S2_1→S3_1,2,3,C->C,0.6145580053329468,0.6296407252550125,Correct,Correct,36,2,KCl,S2_1,S3_1,text-embedding-3-large,S_final
S0 + Morgan fingerprint,deepseek-v3.2-think,S2_1→S3_1,2,3,C->C,0.5862987592816353,0.6044026931126912,Correct,Correct,36,3,NaCl + TAcG,S2_1,S3_1,text-embedding-3-large,S_final
S0 + Morgan fingerprint,deepseek-v3.2-think,S2_1→S3_1,2,3,C->C,0.5721471816301346,0.5629543443520864,Correct,Correct,37,1,KCl + NaCl,S2_1,S3_1,text-embedding-3-large,S_final
S0 + Morgan fingerprint,deepseek-v3.2-think,S2_1→S3_1,2,3,C->C,0.4421290492018064,0.430708810687065,Correct,Correct,38,1,KCl + NaCl,S2_1,S3_1,text-embedding-3-large,S_final
S0 + Morgan fingerprint,deepseek-v3.2-think,S2_1→S3_1,2,3,C->C,0.7034654170274734,0.7305728296438853,Correct,Correct,39,2,KCl,S2_1,S3_1,text-embedding-3-large,S_final
S0 + Morgan fingerprint,deepseek-v3.2-think,S2_1→S3_1,2,3,C->C,0.6761531174182892,0.6366594652334848,Correct,Correct,40,1,KCl,S2_1,S3_1,text-embedding-3-large,S_final
S0 + Morgan fingerprint,deepseek-v3.2-think,S2_1→S3_1,2,3,C->C,0.6316333174705505,0.6627242192626,Correct,Correct,40,3,NH₄Cl,S2_1,S3_1,text-embedding-3-large,S_final
S0 + Morgan fingerprint,deepseek-v3.2-think,S2_1→S3_1,2,3,C->C,0.623017727335294,0.6669814268747966,Correct,Correct,40,6,KCl,S2_1,S3_1,text-embedding-3-large,S_final
S0 + Morgan fingerprint,deepseek-v3.2-think,S2_1→S3_1,2,3,C->C,0.6867401132980983,0.7123030260205269,Correct,Correct,44,1,KCl,S2_1,S3_1,text-embedding-3-large,S_final
S0 + Morgan fingerprint,deepseek-v3.2-think,S2_1→S3_1,2,3,C->C,0.6689487785100936,0.6812544524669647,Correct,Correct,45,1,Organic solvents,S2_1,S3_1,text-embedding-3-large,S_final
S0 + Morgan fingerprint,deepseek-v3.2-think,S2_1→S3_1,2,3,C->C,0.6399561017751694,0.6646490901708603,Correct,Correct,46,1,Organic solvents,S2_1,S3_1,text-embedding-3-large,S_final
S0 + Morgan fingerprint,deepseek-v3.2-think,S2_1→S3_1,2,3,C->C,0.5862607131401698,0.6600733041763305,Correct,Correct,46,2,Organic solvents,S2_1,S3_1,text-embedding-3-large,S_final
S0 + Morgan fingerprint,deepseek-v3.2-think,S2_1→S3_1,2,3,C->C,0.6658335824807485,0.6940824369589488,Correct,Correct,47,1,Organic solvents,S2_1,S3_1,text-embedding-3-large,S_final
S0 + Morgan fingerprint,deepseek-v3.2-think,S2_1→S3_1,2,3,C->C,0.5895490954319637,0.6419085343678792,Correct,Correct,47,2,Organic solvents,S2_1,S3_1,text-embedding-3-large,S_final
S0 + Morgan fingerprint,deepseek-v3.2-think,S2_1→S3_1,2,3,C->C,0.5801724846164386,0.5772717868288357,Correct,Correct,49,1,B(OH)₃ + AgNO₃,S2_1,S3_1,text-embedding-3-large,S_final
S0 + Morgan fingerprint,deepseek-v3.2-think,S2_1→S3_1,2,3,C->C,0.5276755029956499,0.5624305138985316,Correct,Correct,50,1,B(OH)₃ + AgNO₃,S2_1,S3_1,text-embedding-3-large,S_final
S0 + Morgan fingerprint,deepseek-v3.2-think,S2_1→S3_1,2,3,C->C,0.627663080394268,0.6585839807987213,Correct,Correct,51,1,KB(OH)₄,S2_1,S3_1,text-embedding-3-large,S_final
S0 + Morgan fingerprint,deepseek-v3.2-think,S2_1→S3_1,2,3,C->C,0.6784146080414454,0.6523391783237457,Correct,Correct,52,1,KB(OH)₄,S2_1,S3_1,text-embedding-3-large,S_final
S0 + Morgan fingerprint,deepseek-v3.2-think,S2_1→S3_1,2,3,C->C,0.4831409205993016,0.4932602077722549,Correct,Correct,53,1,H₂O,S2_1,S3_1,text-embedding-3-large,S_final
S0 + Morgan fingerprint,deepseek-v3.2-think,S2_1→S3_1,2,3,C->C,0.6326337675253549,0.6630869497855504,Correct,Correct,53,2,EtOH/H₂O,S2_1,S3_1,text-embedding-3-large,S_final
S0 + Morgan fingerprint,deepseek-v3.2-think,S2_1→S3_1,2,3,C->C,0.432837601006031,0.4536914865175883,Correct,Correct,54,1,H₂O,S2_1,S3_1,text-embedding-3-large,S_final
S0 + Morgan fingerprint,deepseek-v3.2-think,S2_1→S3_1,2,3,C->C,0.6239767303069432,0.6842026591300964,Correct,Correct,54,2,EtOH/H₂O,S2_1,S3_1,text-embedding-3-large,S_final
S0 + Morgan fingerprint,deepseek-v3.2-think,S2_1→S3_1,2,3,C->C,0.5382544418176015,0.5193855707844098,Correct,Correct,55,1,H₂O,S2_1,S3_1,text-embedding-3-large,S_final
S0 + Morgan fingerprint,deepseek-v3.2-think,S2_1→S3_1,2,3,C->C,0.6031141877174376,0.6196730464696883,Correct,Correct,55,2,EtOH/H₂O,S2_1,S3_1,text-embedding-3-large,S_final
S0 + Morgan fingerprint,deepseek-v3.2-think,S2_1→S3_1,2,3,C->C,0.5879809767007828,0.5806156665086746,Correct,Correct,56,2,EtOH/H₂O,S2_1,S3_1,text-embedding-3-large,S_final
S0 + Morgan fingerprint,deepseek-v3.2-think,S2_1→S3_1,2,3,C->C,0.4603172346949577,0.4832190598050753,Correct,Correct,57,1,H₂O,S2_1,S3_1,text-embedding-3-large,S_final
S0 + Morgan fingerprint,deepseek-v3.2-think,S2_1→S3_1,2,3,C->C,0.5838518857955932,0.603989079594612,Correct,Correct,58,1,H₂O,S2_1,S3_1,text-embedding-3-large,S_final
S0 + Morgan fingerprint,deepseek-v3.2-think,S2_1→S3_1,2,3,C->C,0.5570573379596074,0.5895639727512995,Correct,Correct,58,2,EtOH/H₂O,S2_1,S3_1,text-embedding-3-large,S_final
S0 + Morgan fingerprint,deepseek-v3.2-think,S2_1→S3_1,2,3,C->C,0.5082801779111227,0.539724451303482,Correct,Correct,59,1,H₂O,S2_1,S3_1,text-embedding-3-large,S_final
S0 + Morgan fingerprint,deepseek-v3.2-think,S2_1→S3_1,2,3,C->C,0.6018937816222509,0.6005775034427642,Correct,Correct,59,2,EtOH/H₂O,S2_1,S3_1,text-embedding-3-large,S_final
S0 + Morgan fingerprint,deepseek-v3.2-think,S2_1→S3_1,2,3,C->C,0.4707677056392033,0.4646647741397222,Correct,Correct,60,1,H₂O,S2_1,S3_1,text-embedding-3-large,S_final
S0 + Morgan fingerprint,deepseek-v3.2-think,S2_1→S3_1,2,3,C->C,0.6017177691062292,0.6454591006040572,Correct,Correct,60,2,EtOH/H₂O,S2_1,S3_1,text-embedding-3-large,S_final
S0 + Morgan fingerprint,deepseek-v3.2-think,S2_1→S3_1,2,3,C->C,0.4890797083576519,0.5130895659327507,Correct,Correct,61,1,H₂O,S2_1,S3_1,text-embedding-3-large,S_final
S0 + Morgan fingerprint,deepseek-v3.2-think,S2_1→S3_1,2,3,C->C,0.6346586485703786,0.6628931244214376,Correct,Correct,61,2,EtOH/H₂O,S2_1,S3_1,text-embedding-3-large,S_final
S0 + Morgan fingerprint,deepseek-v3.2-think,S2_1→S3_1,2,3,C->C,0.5948559989531835,0.6155589133501053,Correct,Correct,62,1,H₂O,S2_1,S3_1,text-embedding-3-large,S_final
S0 + Morgan fingerprint,deepseek-v3.2-think,S2_1→S3_1,2,3,C->C,0.5909559448560079,0.5428925956288974,Correct,Correct,62,2,EtOH/H₂O,S2_1,S3_1,text-embedding-3-large,S_final
S0 + Morgan fingerprint,deepseek-v3.2-think,S2_1→S3_1,2,3,C->C,0.6066646824280421,0.5859550858537356,Correct,Correct,63,1,H₂O,S2_1,S3_1,text-embedding-3-large,S_final
S0 + Morgan fingerprint,deepseek-v3.2-think,S2_1→S3_1,2,3,C->C,0.6144551336765289,0.6247503280639648,Correct,Correct,63,2,EtOH/H₂O,S2_1,S3_1,text-embedding-3-large,S_final
S0 + Morgan fingerprint,deepseek-v3.2-think,S2_1→S3_1,2,3,C->C,0.6136446416378021,0.6313007642825444,Correct,Correct,64,2,NaB(OH)₄,S2_1,S3_1,text-embedding-3-large,S_final
S0 + Morgan fingerprint,deepseek-v3.2-think,S2_1→S3_1,2,3,C->W,0.6917117794354756,0.6819080919027328,Correct,Wrong,4,1,LiCl,S2_1,S3_1,text-embedding-3-large,S_final
S0 + Morgan fingerprint,deepseek-v3.2-think,S2_1→S3_1,2,3,C->W,0.7026962727308272,0.6630760565400123,Correct,Wrong,5,1,LiCl,S2_1,S3_1,text-embedding-3-large,S_final
S0 + Morgan fingerprint,deepseek-v3.2-think,S2_1→S3_1,2,3,C->W,0.5902716636657714,0.5991674527525901,Correct,Wrong,13,3,acidic pH + benzyl amine,S2_1,S3_1,text-embedding-3-large,S_final
S0 + Morgan fingerprint,deepseek-v3.2-think,S2_1→S3_1,2,3,C->W,0.6345172146956125,0.5929351300001144,Correct,Wrong,14,1,H₂O,S2_1,S3_1,text-embedding-3-large,S_final
S0 + Morgan fingerprint,deepseek-v3.2-think,S2_1→S3_1,2,3,C->W,0.629796345035235,0.6520414039492608,Correct,Wrong,21,1,EtOH/H₂O,S2_1,S3_1,text-embedding-3-large,S_final
S0 + Morgan fingerprint,deepseek-v3.2-think,S2_1→S3_1,2,3,C->W,0.6107772499322891,0.581150401631991,Correct,Wrong,43,1,KCl,S2_1,S3_1,text-embedding-3-large,S_final
S0 + Morgan fingerprint,deepseek-v3.2-think,S2_1→S3_1,2,3,C->W,0.6031475707888603,0.5166005447506905,Correct,Wrong,45,3,Organic solvents,S2_1,S3_1,text-embedding-3-large,S_final
S0 + Morgan fingerprint,deepseek-v3.2-think,S2_1→S3_1,2,3,C->W,0.5679398939013481,0.5762397415935994,Correct,Wrong,48,2,B(OH)₃ + other ions,S2_1,S3_1,text-embedding-3-large,S_final
S0 + Morgan fingerprint,deepseek-v3.2-think,S2_1→S3_1,2,3,C->W,0.3793794631958007,0.4480962291359901,Correct,Wrong,57,2,EtOH/H₂O,S2_1,S3_1,text-embedding-3-large,S_final
S0 + Morgan fingerprint,deepseek-v3.2-think,S2_1→S3_1,2,3,W->C,0.6264203707377116,0.6885912835597993,Wrong,Correct,5,3,NaCl,S2_1,S3_1,text-embedding-3-large,S_final
S0 + Morgan fingerprint,deepseek-v3.2-think,S2_1→S3_1,2,3,W->C,0.672234034538269,0.6900185624758403,Wrong,Correct,7,1,LiCl,S2_1,S3_1,text-embedding-3-large,S_final
S0 + Morgan fingerprint,deepseek-v3.2-think,S2_1→S3_1,2,3,W->C,0.705992268025875,0.6987486168742179,Wrong,Correct,13,1,H₂O,S2_1,S3_1,text-embedding-3-large,S_final
S0 + Morgan fingerprint,deepseek-v3.2-think,S2_1→S3_1,2,3,W->C,0.6599794954061509,0.6709078848361969,Wrong,Correct,20,1,EtOH/H₂O,S2_1,S3_1,text-embedding-3-large,S_final
S0 + Morgan fingerprint,deepseek-v3.2-think,S2_1→S3_1,2,3,W->C,0.5277828142046928,0.5719654565056165,Wrong,Correct,28,1,NaOH,S2_1,S3_1,text-embedding-3-large,S_final
S0 + Morgan fingerprint,deepseek-v3.2-think,S2_1→S3_1,2,3,W->C,0.6201881319284439,0.598847300807635,Wrong,Correct,33,1,H₂O,S2_1,S3_1,text-embedding-3-large,S_final
S0 + Morgan fingerprint,deepseek-v3.2-think,S2_1→S3_1,2,3,W->C,0.4776549552877744,0.532520306110382,Wrong,Correct,39,1,NaCl,S2_1,S3_1,text-embedding-3-large,S_final
S0 + Morgan fingerprint,deepseek-v3.2-think,S2_1→S3_1,2,3,W->C,0.6466065242886543,0.6323421696821848,Wrong,Correct,40,2,NaCl,S2_1,S3_1,text-embedding-3-large,S_final
S0 + Morgan fingerprint,deepseek-v3.2-think,S2_1→S3_1,2,3,W->C,0.5699432194232941,0.6533683806657792,Wrong,Correct,48,1,B(OH)₃ + AgNO₃,S2_1,S3_1,text-embedding-3-large,S_final
S0 + Morgan fingerprint,deepseek-v3.2-think,S2_1→S3_1,2,3,W->C,0.621962720155716,0.6144853721062342,Wrong,Correct,64,1,KCl,S2_1,S3_1,text-embedding-3-large,S_final
S0 + Morgan fingerprint,deepseek-v3.2-think,S2_1→S3_1,2,3,W->W,0.6504257351160049,0.7017493764559427,Wrong,Wrong,4,2,NaCl,S2_1,S3_1,text-embedding-3-large,S_final
S0 + Morgan fingerprint,deepseek-v3.2-think,S2_1→S3_1,2,3,W->W,0.6417782485485076,0.6319114714860916,Wrong,Wrong,6,2,NaCl,S2_1,S3_1,text-embedding-3-large,S_final
S0 + Morgan fingerprint,deepseek-v3.2-think,S2_1→S3_1,2,3,W->W,0.6934930404027303,0.6582033852736154,Wrong,Wrong,7,2,NaCl,S2_1,S3_1,text-embedding-3-large,S_final
S0 + Morgan fingerprint,deepseek-v3.2-think,S2_1→S3_1,2,3,W->W,0.5907931844393411,0.5673262238502502,Wrong,Wrong,7,3,KCl + NaCl,S2_1,S3_1,text-embedding-3-large,S_final
S0 + Morgan fingerprint,deepseek-v3.2-think,S2_1→S3_1,2,3,W->W,0.5954236835241318,0.5694547260800996,Wrong,Wrong,7,6,KCl,S2_1,S3_1,text-embedding-3-large,S_final
S0 + Morgan fingerprint,deepseek-v3.2-think,S2_1→S3_1,2,3,W->W,0.6612278560797373,0.6729106495777765,Wrong,Wrong,7,7,KCl,S2_1,S3_1,text-embedding-3-large,S_final
S0 + Morgan fingerprint,deepseek-v3.2-think,S2_1→S3_1,2,3,W->W,0.6306621789932251,0.6169982979695002,Wrong,Wrong,7,10,KB(OH)₄,S2_1,S3_1,text-embedding-3-large,S_final
S0 + Morgan fingerprint,deepseek-v3.2-think,S2_1→S3_1,2,3,W->W,0.6729620059331257,0.6637933582067489,Wrong,Wrong,7,11,LiB(OH)₄,S2_1,S3_1,text-embedding-3-large,S_final
S0 + Morgan fingerprint,deepseek-v3.2-think,S2_1→S3_1,2,3,W->W,0.6121262808640798,0.6292708486318589,Wrong,Wrong,8,3,KCl,S2_1,S3_1,text-embedding-3-large,S_final
S0 + Morgan fingerprint,deepseek-v3.2-think,S2_1→S3_1,2,3,W->W,0.6045604834953943,0.5855573212107023,Wrong,Wrong,8,4,KCl,S2_1,S3_1,text-embedding-3-large,S_final
S0 + Morgan fingerprint,deepseek-v3.2-think,S2_1→S3_1,2,3,W->W,0.6523668607076009,0.6514014691114425,Wrong,Wrong,9,2,KCl,S2_1,S3_1,text-embedding-3-large,S_final
S0 + Morgan fingerprint,deepseek-v3.2-think,S2_1→S3_1,2,3,W->W,0.5683841456969579,0.5828844229380289,Wrong,Wrong,10,1,H₂O,S2_1,S3_1,text-embedding-3-large,S_final
S0 + Morgan fingerprint,deepseek-v3.2-think,S2_1→S3_1,2,3,W->W,0.6231448938449223,0.6610457718372345,Wrong,Wrong,10,2,PBS,S2_1,S3_1,text-embedding-3-large,S_final
S0 + Morgan fingerprint,deepseek-v3.2-think,S2_1→S3_1,2,3,W->W,0.5591462880373,0.5725005403161049,Wrong,Wrong,13,2,acidic pH,S2_1,S3_1,text-embedding-3-large,S_final
S0 + Morgan fingerprint,deepseek-v3.2-think,S2_1→S3_1,2,3,W->W,0.4905593449870745,0.5224927291274071,Wrong,Wrong,15,1,H₂O,S2_1,S3_1,text-embedding-3-large,S_final
S0 + Morgan fingerprint,deepseek-v3.2-think,S2_1→S3_1,2,3,W->W,0.635649362206459,0.6605481396118801,Wrong,Wrong,31,1,H₂O,S2_1,S3_1,text-embedding-3-large,S_final
S0 + Morgan fingerprint,deepseek-v3.2-think,S2_1→S3_1,2,3,W->W,0.5151401974260807,0.5588391373554865,Wrong,Wrong,35,1,H₂O,S2_1,S3_1,text-embedding-3-large,S_final
S0 + Morgan fingerprint,deepseek-v3.2-think,S2_1→S3_1,2,3,W->W,0.6352453211943309,0.6496983567873637,Wrong,Wrong,36,1,NaCl,S2_1,S3_1,text-embedding-3-large,S_final
S0 + Morgan fingerprint,deepseek-v3.2-think,S2_1→S3_1,2,3,W->W,0.6427251289288204,0.6485523084799448,Wrong,Wrong,37,2,KCl,S2_1,S3_1,text-embedding-3-large,S_final
S0 + Morgan fingerprint,deepseek-v3.2-think,S2_1→S3_1,2,3,W->W,0.3972755039731661,0.4377782170971234,Wrong,Wrong,38,2,KCl,S2_1,S3_1,text-embedding-3-large,S_final
S0 + Morgan fingerprint,deepseek-v3.2-think,S2_1→S3_1,2,3,W->W,0.6498297373453775,0.6826118727525076,Wrong,Wrong,40,4,Me₄NCl,S2_1,S3_1,text-embedding-3-large,S_final
S0 + Morgan fingerprint,deepseek-v3.2-think,S2_1→S3_1,2,3,W->W,0.6381811827421188,0.6714681595563887,Wrong,Wrong,40,5,Borate buffer,S2_1,S3_1,text-embedding-3-large,S_final
S0 + Morgan fingerprint,deepseek-v3.2-think,S2_1→S3_1,2,3,W->W,0.6535881032546361,0.6484309196472168,Wrong,Wrong,41,1,KCl,S2_1,S3_1,text-embedding-3-large,S_final
S0 + Morgan fingerprint,deepseek-v3.2-think,S2_1→S3_1,2,3,W->W,0.5528443058331808,0.5510655442873637,Wrong,Wrong,42,1,KCl,S2_1,S3_1,text-embedding-3-large,S_final
S0 + Morgan fingerprint,deepseek-v3.2-think,S2_1→S3_1,2,3,W->W,0.5455719187855721,0.4694775804877281,Wrong,Wrong,45,2,Organic solvents,S2_1,S3_1,text-embedding-3-large,S_final
S0 + Morgan fingerprint,deepseek-v3.2-think,S2_1→S3_1,2,3,W->W,0.5544313937425613,0.5223398884137471,Wrong,Wrong,56,1,H₂O,S2_1,S3_1,text-embedding-3-large,S_final
S0 + Morgan fingerprint,gemini-3.1-flash-lite,S0→S1_1,0,1,C->C,0.7234944015741348,0.7217356503009796,Correct,Correct,1,1,Tb(NO₃)₃ or Dy(NO₃)₃,S0,S1_1,text-embedding-3-large,S_final
S0 + Morgan fingerprint,gemini-3.1-flash-lite,S0→S1_1,0,1,C->C,0.6775571842988333,0.6780603170394897,Correct,Correct,1,4,KCl,S0,S1_1,text-embedding-3-large,S_final
S0 + Morgan fingerprint,gemini-3.1-flash-lite,S0→S1_1,0,1,C->C,0.7399690260489781,0.7070798039436339,Correct,Correct,3,1,Tb(NO₃)₃ or Eu(NO₃)₃,S0,S1_1,text-embedding-3-large,S_final
S0 + Morgan fingerprint,gemini-3.1-flash-lite,S0→S1_1,0,1,C->C,0.7232330262660979,0.6951715141534804,Correct,Correct,4,1,LiCl,S0,S1_1,text-embedding-3-large,S_final
S0 + Morgan fingerprint,gemini-3.1-flash-lite,S0→S1_1,0,1,C->C,0.7249809165795643,0.6628970205783844,Correct,Correct,4,2,NaCl,S0,S1_1,text-embedding-3-large,S_final
S0 + Morgan fingerprint,gemini-3.1-flash-lite,S0→S1_1,0,1,C->C,0.7029063820838927,0.6271981467803319,Correct,Correct,4,3,KCl,S0,S1_1,text-embedding-3-large,S_final
S0 + Morgan fingerprint,gemini-3.1-flash-lite,S0→S1_1,0,1,C->C,0.6982926587263742,0.6925029387076695,Correct,Correct,6,1,LiCl,S0,S1_1,text-embedding-3-large,S_final
S0 + Morgan fingerprint,gemini-3.1-flash-lite,S0→S1_1,0,1,C->C,0.6339412937561671,0.6414393524328869,Correct,Correct,6,2,NaCl,S0,S1_1,text-embedding-3-large,S_final
S0 + Morgan fingerprint,gemini-3.1-flash-lite,S0→S1_1,0,1,C->C,0.7043155252933501,0.678260424733162,Correct,Correct,6,3,KCl,S0,S1_1,text-embedding-3-large,S_final
S0 + Morgan fingerprint,gemini-3.1-flash-lite,S0→S1_1,0,1,C->C,0.6620048274596532,0.6366401920715968,Correct,Correct,7,4,KCl,S0,S1_1,text-embedding-3-large,S_final
S0 + Morgan fingerprint,gemini-3.1-flash-lite,S0→S1_1,0,1,C->C,0.6905278295278549,0.6485580623149871,Correct,Correct,7,5,KCl,S0,S1_1,text-embedding-3-large,S_final
S0 + Morgan fingerprint,gemini-3.1-flash-lite,S0→S1_1,0,1,C->C,0.6981130878130596,0.706267695625623,Correct,Correct,7,8,KCl + TAcG,S0,S1_1,text-embedding-3-large,S_final
S0 + Morgan fingerprint,gemini-3.1-flash-lite,S0→S1_1,0,1,C->C,0.7543983161449432,0.7034594585498173,Correct,Correct,7,9,KB(OH)₄,S0,S1_1,text-embedding-3-large,S_final
S0 + Morgan fingerprint,gemini-3.1-flash-lite,S0→S1_1,0,1,C->C,0.6658556977907817,0.6473961219191551,Correct,Correct,10,2,PBS,S0,S1_1,text-embedding-3-large,S_final
S0 + Morgan fingerprint,gemini-3.1-flash-lite,S0→S1_1,0,1,C->C,0.5424627418319384,0.5524479910731315,Correct,Correct,13,2,acidic pH,S0,S1_1,text-embedding-3-large,S_final
S0 + Morgan fingerprint,gemini-3.1-flash-lite,S0→S1_1,0,1,C->C,0.6730097005764643,0.7052273561557133,Correct,Correct,16,1,H₂O,S0,S1_1,text-embedding-3-large,S_final
S0 + Morgan fingerprint,gemini-3.1-flash-lite,S0→S1_1,0,1,C->C,0.7037815819183985,0.688311943411827,Correct,Correct,18,1,H₂O,S0,S1_1,text-embedding-3-large,S_final
S0 + Morgan fingerprint,gemini-3.1-flash-lite,S0→S1_1,0,1,C->C,0.5480181922515234,0.5646131426095963,Correct,Correct,19,1,H₂O,S0,S1_1,text-embedding-3-large,S_final
S0 + Morgan fingerprint,gemini-3.1-flash-lite,S0→S1_1,0,1,C->C,0.724622717499733,0.6926244258880615,Correct,Correct,20,1,EtOH/H₂O,S0,S1_1,text-embedding-3-large,S_final
S0 + Morgan fingerprint,gemini-3.1-flash-lite,S0→S1_1,0,1,C->C,0.6764227439959845,0.6619230677684148,Correct,Correct,21,1,EtOH/H₂O,S0,S1_1,text-embedding-3-large,S_final
S0 + Morgan fingerprint,gemini-3.1-flash-lite,S0→S1_1,0,1,C->C,0.5837616135676702,0.5461110666394232,Correct,Correct,25,2,Organic solvents,S0,S1_1,text-embedding-3-large,S_final
S0 + Morgan fingerprint,gemini-3.1-flash-lite,S0→S1_1,0,1,C->C,0.6237596064805984,0.6140344341595968,Correct,Correct,26,1,NaOH,S0,S1_1,text-embedding-3-large,S_final
S0 + Morgan fingerprint,gemini-3.1-flash-lite,S0→S1_1,0,1,C->C,0.6829089522361755,0.6657796293497085,Correct,Correct,26,4,Organic solvents,S0,S1_1,text-embedding-3-large,S_final
S0 + Morgan fingerprint,gemini-3.1-flash-lite,S0→S1_1,0,1,C->C,0.5855828156073888,0.6038131554921468,Correct,Correct,27,1,NaOH,S0,S1_1,text-embedding-3-large,S_final
S0 + Morgan fingerprint,gemini-3.1-flash-lite,S0→S1_1,0,1,C->C,0.5067722156643867,0.5282545362909635,Correct,Correct,27,2,KOH,S0,S1_1,text-embedding-3-large,S_final
S0 + Morgan fingerprint,gemini-3.1-flash-lite,S0→S1_1,0,1,C->C,0.7045749614636102,0.7017816682656606,Correct,Correct,27,4,Organic solvents,S0,S1_1,text-embedding-3-large,S_final
S0 + Morgan fingerprint,gemini-3.1-flash-lite,S0→S1_1,0,1,C->C,0.4526447743177413,0.4439019948244094,Correct,Correct,28,2,Organic solvents,S0,S1_1,text-embedding-3-large,S_final
S0 + Morgan fingerprint,gemini-3.1-flash-lite,S0→S1_1,0,1,C->C,0.6200381716092428,0.6198325673739116,Correct,Correct,29,1,NaOH,S0,S1_1,text-embedding-3-large,S_final
S0 + Morgan fingerprint,gemini-3.1-flash-lite,S0→S1_1,0,1,C->C,0.4616611460844675,0.4456252013643582,Correct,Correct,29,2,Organic solvents,S0,S1_1,text-embedding-3-large,S_final
S0 + Morgan fingerprint,gemini-3.1-flash-lite,S0→S1_1,0,1,C->C,0.590912951529026,0.6081777145465216,Correct,Correct,30,1,NaOH,S0,S1_1,text-embedding-3-large,S_final
S0 + Morgan fingerprint,gemini-3.1-flash-lite,S0→S1_1,0,1,C->C,0.4947357356548309,0.4452861323952675,Correct,Correct,30,2,Organic solvents,S0,S1_1,text-embedding-3-large,S_final
S0 + Morgan fingerprint,gemini-3.1-flash-lite,S0→S1_1,0,1,C->C,0.5690121531486512,0.5711734294891357,Correct,Correct,34,1,H₂O,S0,S1_1,text-embedding-3-large,S_final
S0 + Morgan fingerprint,gemini-3.1-flash-lite,S0→S1_1,0,1,C->C,0.7008395572503408,0.6641509920358658,Correct,Correct,36,1,NaCl,S0,S1_1,text-embedding-3-large,S_final
S0 + Morgan fingerprint,gemini-3.1-flash-lite,S0→S1_1,0,1,C->C,0.5708956917126974,0.6014448374509812,Correct,Correct,36,3,NaCl + TAcG,S0,S1_1,text-embedding-3-large,S_final
S0 + Morgan fingerprint,gemini-3.1-flash-lite,S0→S1_1,0,1,C->C,0.7505732536315918,0.7183813586831093,Correct,Correct,39,2,KCl,S0,S1_1,text-embedding-3-large,S_final
S0 + Morgan fingerprint,gemini-3.1-flash-lite,S0→S1_1,0,1,C->C,0.686854475736618,0.6698274046182632,Correct,Correct,40,1,KCl,S0,S1_1,text-embedding-3-large,S_final
S0 + Morgan fingerprint,gemini-3.1-flash-lite,S0→S1_1,0,1,C->C,0.6938137163718542,0.6340946391224861,Correct,Correct,40,2,NaCl,S0,S1_1,text-embedding-3-large,S_final
S0 + Morgan fingerprint,gemini-3.1-flash-lite,S0→S1_1,0,1,C->C,0.6331833958625793,0.5854877591133117,Correct,Correct,40,3,NH₄Cl,S0,S1_1,text-embedding-3-large,S_final
S0 + Morgan fingerprint,gemini-3.1-flash-lite,S0→S1_1,0,1,C->C,0.6665919462839761,0.653548976778984,Correct,Correct,40,6,KCl,S0,S1_1,text-embedding-3-large,S_final
S0 + Morgan fingerprint,gemini-3.1-flash-lite,S0→S1_1,0,1,C->C,0.6942939549684524,0.7189322441816329,Correct,Correct,45,1,Organic solvents,S0,S1_1,text-embedding-3-large,S_final
S0 + Morgan fingerprint,gemini-3.1-flash-lite,S0→S1_1,0,1,C->C,0.6943492074807485,0.6629762599865595,Correct,Correct,46,1,Organic solvents,S0,S1_1,text-embedding-3-large,S_final
S0 + Morgan fingerprint,gemini-3.1-flash-lite,S0→S1_1,0,1,C->C,0.6385613858699798,0.6225075364112854,Correct,Correct,46,2,Organic solvents,S0,S1_1,text-embedding-3-large,S_final
S0 + Morgan fingerprint,gemini-3.1-flash-lite,S0→S1_1,0,1,C->C,0.6995527684688568,0.6750575015942255,Correct,Correct,47,1,Organic solvents,S0,S1_1,text-embedding-3-large,S_final
S0 + Morgan fingerprint,gemini-3.1-flash-lite,S0→S1_1,0,1,C->C,0.5827181339263915,0.5852353503306706,Correct,Correct,47,2,Organic solvents,S0,S1_1,text-embedding-3-large,S_final
S0 + Morgan fingerprint,gemini-3.1-flash-lite,S0→S1_1,0,1,C->C,0.6627362598975499,0.6550683428843816,Correct,Correct,48,1,B(OH)₃ + AgNO₃,S0,S1_1,text-embedding-3-large,S_final
S0 + Morgan fingerprint,gemini-3.1-flash-lite,S0→S1_1,0,1,C->C,0.5574294785658518,0.5517316073179245,Correct,Correct,49,1,B(OH)₃ + AgNO₃,S0,S1_1,text-embedding-3-large,S_final
S0 + Morgan fingerprint,gemini-3.1-flash-lite,S0→S1_1,0,1,C->C,0.7370267907778422,0.748458723227183,Correct,Correct,52,1,KB(OH)₄,S0,S1_1,text-embedding-3-large,S_final
S0 + Morgan fingerprint,gemini-3.1-flash-lite,S0→S1_1,0,1,C->C,0.6159535616636276,0.630016349752744,Correct,Correct,53,2,EtOH/H₂O,S0,S1_1,text-embedding-3-large,S_final
S0 + Morgan fingerprint,gemini-3.1-flash-lite,S0→S1_1,0,1,C->C,0.6102760116259257,0.6359338819980621,Correct,Correct,54,2,EtOH/H₂O,S0,S1_1,text-embedding-3-large,S_final
S0 + Morgan fingerprint,gemini-3.1-flash-lite,S0→S1_1,0,1,C->C,0.6283682654301325,0.6334663718938827,Correct,Correct,55,2,EtOH/H₂O,S0,S1_1,text-embedding-3-large,S_final
S0 + Morgan fingerprint,gemini-3.1-flash-lite,S0→S1_1,0,1,C->C,0.5823511103789011,0.5894685695568721,Correct,Correct,56,2,EtOH/H₂O,S0,S1_1,text-embedding-3-large,S_final
S0 + Morgan fingerprint,gemini-3.1-flash-lite,S0→S1_1,0,1,C->C,0.574550195535024,0.5598298003276189,Correct,Correct,58,2,EtOH/H₂O,S0,S1_1,text-embedding-3-large,S_final
S0 + Morgan fingerprint,gemini-3.1-flash-lite,S0→S1_1,0,1,C->C,0.5825600624084473,0.5787393033504485,Correct,Correct,59,2,EtOH/H₂O,S0,S1_1,text-embedding-3-large,S_final
S0 + Morgan fingerprint,gemini-3.1-flash-lite,S0→S1_1,0,1,C->C,0.5947231749693552,0.6042329162359238,Correct,Correct,60,2,EtOH/H₂O,S0,S1_1,text-embedding-3-large,S_final
S0 + Morgan fingerprint,gemini-3.1-flash-lite,S0→S1_1,0,1,C->C,0.6153274108966191,0.6241564402977625,Correct,Correct,61,2,EtOH/H₂O,S0,S1_1,text-embedding-3-large,S_final
S0 + Morgan fingerprint,gemini-3.1-flash-lite,S0→S1_1,0,1,C->C,0.6105347553888957,0.6015128115812937,Correct,Correct,64,1,KCl,S0,S1_1,text-embedding-3-large,S_final
S0 + Morgan fingerprint,gemini-3.1-flash-lite,S0→S1_1,0,1,C->C,0.6315778990586598,0.597732255856196,Correct,Correct,64,2,NaB(OH)₄,S0,S1_1,text-embedding-3-large,S_final
S0 + Morgan fingerprint,gemini-3.1-flash-lite,S0→S1_1,0,1,C->W,0.7467256238063177,0.700915378332138,Correct,Wrong,2,1,Tb(NO₃)₃ or Eu(NO₃)₃,S0,S1_1,text-embedding-3-large,S_final
S0 + Morgan fingerprint,gemini-3.1-flash-lite,S0→S1_1,0,1,C->W,0.6965465992689133,0.6609987765550612,Correct,Wrong,5,3,NaCl,S0,S1_1,text-embedding-3-large,S_final
S0 + Morgan fingerprint,gemini-3.1-flash-lite,S0→S1_1,0,1,C->W,0.6945177257061004,0.6291635304689406,Correct,Wrong,8,3,KCl,S0,S1_1,text-embedding-3-large,S_final
S0 + Morgan fingerprint,gemini-3.1-flash-lite,S0→S1_1,0,1,C->W,0.5854953477780024,0.5056398317217826,Correct,Wrong,8,4,KCl,S0,S1_1,text-embedding-3-large,S_final
S0 + Morgan fingerprint,gemini-3.1-flash-lite,S0→S1_1,0,1,C->W,0.6409198075532913,0.584554993112882,Correct,Wrong,10,1,H₂O,S0,S1_1,text-embedding-3-large,S_final
S0 + Morgan fingerprint,gemini-3.1-flash-lite,S0→S1_1,0,1,C->W,0.7614818572998047,0.6951998203992844,Correct,Wrong,13,1,H₂O,S0,S1_1,text-embedding-3-large,S_final
S0 + Morgan fingerprint,gemini-3.1-flash-lite,S0→S1_1,0,1,C->W,0.7003320435682933,0.6315043181180954,Correct,Wrong,31,1,H₂O,S0,S1_1,text-embedding-3-large,S_final
S0 + Morgan fingerprint,gemini-3.1-flash-lite,S0→S1_1,0,1,C->W,0.6690178215503693,0.6387841324011484,Correct,Wrong,37,2,KCl,S0,S1_1,text-embedding-3-large,S_final
S0 + Morgan fingerprint,gemini-3.1-flash-lite,S0→S1_1,0,1,C->W,0.655268986026446,0.584924191236496,Correct,Wrong,40,4,Me₄NCl,S0,S1_1,text-embedding-3-large,S_final
S0 + Morgan fingerprint,gemini-3.1-flash-lite,S0→S1_1,0,1,C->W,0.7061104238033294,0.6654240936040878,Correct,Wrong,41,1,KCl,S0,S1_1,text-embedding-3-large,S_final
S0 + Morgan fingerprint,gemini-3.1-flash-lite,S0→S1_1,0,1,C->W,0.5419238810737927,0.5241344228386878,Correct,Wrong,50,1,B(OH)₃ + AgNO₃,S0,S1_1,text-embedding-3-large,S_final
S0 + Morgan fingerprint,gemini-3.1-flash-lite,S0→S1_1,0,1,C->W,0.5662341644366582,0.5430038089553516,Correct,Wrong,56,1,H₂O,S0,S1_1,text-embedding-3-large,S_final
S0 + Morgan fingerprint,gemini-3.1-flash-lite,S0→S1_1,0,1,W->C,0.5803861379623414,0.5931306521097819,Wrong,Correct,1,3,NaCl,S0,S1_1,text-embedding-3-large,S_final
S0 + Morgan fingerprint,gemini-3.1-flash-lite,S0→S1_1,0,1,W->C,0.6317593653996786,0.6358344137668609,Wrong,Correct,1,5,KB(OH)₄,S0,S1_1,text-embedding-3-large,S_final
S0 + Morgan fingerprint,gemini-3.1-flash-lite,S0→S1_1,0,1,W->C,0.6956694602966308,0.6943065479397773,Wrong,Correct,3,2,B(OH)₃ + AgNO₃,S0,S1_1,text-embedding-3-large,S_final
S0 + Morgan fingerprint,gemini-3.1-flash-lite,S0→S1_1,0,1,W->C,0.7007204368710518,0.7134030828873317,Wrong,Correct,5,1,LiCl,S0,S1_1,text-embedding-3-large,S_final
S0 + Morgan fingerprint,gemini-3.1-flash-lite,S0→S1_1,0,1,W->C,0.6507370879252751,0.6807568162679671,Wrong,Correct,5,2,KCl,S0,S1_1,text-embedding-3-large,S_final
S0 + Morgan fingerprint,gemini-3.1-flash-lite,S0→S1_1,0,1,W->C,0.734845532476902,0.7236407965421675,Wrong,Correct,7,1,LiCl,S0,S1_1,text-embedding-3-large,S_final
S0 + Morgan fingerprint,gemini-3.1-flash-lite,S0→S1_1,0,1,W->C,0.6504887059330939,0.6388085683186849,Wrong,Correct,8,1,LiCl,S0,S1_1,text-embedding-3-large,S_final
S0 + Morgan fingerprint,gemini-3.1-flash-lite,S0→S1_1,0,1,W->C,0.6185114999612172,0.640502780675888,Wrong,Correct,8,2,NaCl,S0,S1_1,text-embedding-3-large,S_final
S0 + Morgan fingerprint,gemini-3.1-flash-lite,S0→S1_1,0,1,W->C,0.6569615632295608,0.6296706418196361,Wrong,Correct,9,1,LiCl,S0,S1_1,text-embedding-3-large,S_final
S0 + Morgan fingerprint,gemini-3.1-flash-lite,S0→S1_1,0,1,W->C,0.6707210352023442,0.662147674957911,Wrong,Correct,9,3,NaCl,S0,S1_1,text-embedding-3-large,S_final
S0 + Morgan fingerprint,gemini-3.1-flash-lite,S0→S1_1,0,1,W->C,0.5482018207510312,0.5309510668118795,Wrong,Correct,12,1,H₂O,S0,S1_1,text-embedding-3-large,S_final
S0 + Morgan fingerprint,gemini-3.1-flash-lite,S0→S1_1,0,1,W->C,0.558265197277069,0.5910075535376866,Wrong,Correct,13,3,acidic pH + benzyl amine,S0,S1_1,text-embedding-3-large,S_final
S0 + Morgan fingerprint,gemini-3.1-flash-lite,S0→S1_1,0,1,W->C,0.5295941777527332,0.6021330147981643,Wrong,Correct,14,1,H₂O,S0,S1_1,text-embedding-3-large,S_final
S0 + Morgan fingerprint,gemini-3.1-flash-lite,S0→S1_1,0,1,W->C,0.5209604084491729,0.6424875487883885,Wrong,Correct,17,1,H₂O,S0,S1_1,text-embedding-3-large,S_final
S0 + Morgan fingerprint,gemini-3.1-flash-lite,S0→S1_1,0,1,W->C,0.5793545623620351,0.6114914149045945,Wrong,Correct,22,1,EtOH/H₂O,S0,S1_1,text-embedding-3-large,S_final
S0 + Morgan fingerprint,gemini-3.1-flash-lite,S0→S1_1,0,1,W->C,0.6427271336317063,0.6763916442791621,Wrong,Correct,23,1,EtOH/H₂O,S0,S1_1,text-embedding-3-large,S_final
S0 + Morgan fingerprint,gemini-3.1-flash-lite,S0→S1_1,0,1,W->C,0.5775473281741141,0.6309680670499801,Wrong,Correct,24,1,EtOH/H₂O,S0,S1_1,text-embedding-3-large,S_final
S0 + Morgan fingerprint,gemini-3.1-flash-lite,S0→S1_1,0,1,W->C,0.4820057921111583,0.5175324484705924,Wrong,Correct,26,2,KOH,S0,S1_1,text-embedding-3-large,S_final
S0 + Morgan fingerprint,gemini-3.1-flash-lite,S0→S1_1,0,1,W->C,0.5045310333371162,0.5081943516929944,Wrong,Correct,26,3,LiOH,S0,S1_1,text-embedding-3-large,S_final
S0 + Morgan fingerprint,gemini-3.1-flash-lite,S0→S1_1,0,1,W->C,0.4989071793854236,0.5171121632059416,Wrong,Correct,27,3,LiOH,S0,S1_1,text-embedding-3-large,S_final
S0 + Morgan fingerprint,gemini-3.1-flash-lite,S0→S1_1,0,1,W->C,0.56379982928435,0.577220959464709,Wrong,Correct,28,1,NaOH,S0,S1_1,text-embedding-3-large,S_final
S0 + Morgan fingerprint,gemini-3.1-flash-lite,S0→S1_1,0,1,W->C,0.5623688245813051,0.6092730522155761,Wrong,Correct,32,1,H₂O,S0,S1_1,text-embedding-3-large,S_final
S0 + Morgan fingerprint,gemini-3.1-flash-lite,S0→S1_1,0,1,W->C,0.5734192421038945,0.6456528196732203,Wrong,Correct,33,1,H₂O,S0,S1_1,text-embedding-3-large,S_final
S0 + Morgan fingerprint,gemini-3.1-flash-lite,S0→S1_1,0,1,W->C,0.5794771830240886,0.6067036290963491,Wrong,Correct,36,2,KCl,S0,S1_1,text-embedding-3-large,S_final
S0 + Morgan fingerprint,gemini-3.1-flash-lite,S0→S1_1,0,1,W->C,0.5810482025146484,0.5805141061544418,Wrong,Correct,37,1,KCl + NaCl,S0,S1_1,text-embedding-3-large,S_final
S0 + Morgan fingerprint,gemini-3.1-flash-lite,S0→S1_1,0,1,W->C,0.5476090510686239,0.6034167543053627,Wrong,Correct,43,1,KCl,S0,S1_1,text-embedding-3-large,S_final
S0 + Morgan fingerprint,gemini-3.1-flash-lite,S0→S1_1,0,1,W->C,0.6510756681362788,0.7075700332721073,Wrong,Correct,44,1,KCl,S0,S1_1,text-embedding-3-large,S_final
S0 + Morgan fingerprint,gemini-3.1-flash-lite,S0→S1_1,0,1,W->C,0.6442678411801656,0.6783497303724287,Wrong,Correct,51,1,KB(OH)₄,S0,S1_1,text-embedding-3-large,S_final
S0 + Morgan fingerprint,gemini-3.1-flash-lite,S0→S1_1,0,1,W->C,0.5766295234362285,0.5243006358544031,Wrong,Correct,53,1,H₂O,S0,S1_1,text-embedding-3-large,S_final
S0 + Morgan fingerprint,gemini-3.1-flash-lite,S0→S1_1,0,1,W->C,0.4553975934783618,0.4410643895467122,Wrong,Correct,54,1,H₂O,S0,S1_1,text-embedding-3-large,S_final
S0 + Morgan fingerprint,gemini-3.1-flash-lite,S0→S1_1,0,1,W->C,0.4987493455410003,0.5292935952544212,Wrong,Correct,55,1,H₂O,S0,S1_1,text-embedding-3-large,S_final
S0 + Morgan fingerprint,gemini-3.1-flash-lite,S0→S1_1,0,1,W->C,0.41602683365345,0.4796795477469762,Wrong,Correct,57,1,H₂O,S0,S1_1,text-embedding-3-large,S_final
S0 + Morgan fingerprint,gemini-3.1-flash-lite,S0→S1_1,0,1,W->C,0.3576371123393376,0.3915021903812885,Wrong,Correct,57,2,EtOH/H₂O,S0,S1_1,text-embedding-3-large,S_final
S0 + Morgan fingerprint,gemini-3.1-flash-lite,S0→S1_1,0,1,W->C,0.5129307071367899,0.5699203650156657,Wrong,Correct,58,1,H₂O,S0,S1_1,text-embedding-3-large,S_final
S0 + Morgan fingerprint,gemini-3.1-flash-lite,S0→S1_1,0,1,W->C,0.4729728187123934,0.5166509528954824,Wrong,Correct,59,1,H₂O,S0,S1_1,text-embedding-3-large,S_final
S0 + Morgan fingerprint,gemini-3.1-flash-lite,S0→S1_1,0,1,W->C,0.4266984725991884,0.4579275886217753,Wrong,Correct,60,1,H₂O,S0,S1_1,text-embedding-3-large,S_final
S0 + Morgan fingerprint,gemini-3.1-flash-lite,S0→S1_1,0,1,W->C,0.4560017754634221,0.4820979307095208,Wrong,Correct,61,1,H₂O,S0,S1_1,text-embedding-3-large,S_final
S0 + Morgan fingerprint,gemini-3.1-flash-lite,S0→S1_1,0,1,W->C,0.5401743362347284,0.5781987100839614,Wrong,Correct,62,1,H₂O,S0,S1_1,text-embedding-3-large,S_final
S0 + Morgan fingerprint,gemini-3.1-flash-lite,S0→S1_1,0,1,W->C,0.558802275856336,0.5754887580871582,Wrong,Correct,62,2,EtOH/H₂O,S0,S1_1,text-embedding-3-large,S_final
S0 + Morgan fingerprint,gemini-3.1-flash-lite,S0→S1_1,0,1,W->C,0.5655396292606989,0.5802586247523626,Wrong,Correct,63,1,H₂O,S0,S1_1,text-embedding-3-large,S_final
S0 + Morgan fingerprint,gemini-3.1-flash-lite,S0→S1_1,0,1,W->C,0.5485878080129624,0.5832557280858358,Wrong,Correct,63,2,EtOH/H₂O,S0,S1_1,text-embedding-3-large,S_final
S0 + Morgan fingerprint,gemini-3.1-flash-lite,S0→S1_1,0,1,W->W,0.6352137466271718,0.602690926194191,Wrong,Wrong,1,2,LiCl,S0,S1_1,text-embedding-3-large,S_final
S0 + Morgan fingerprint,gemini-3.1-flash-lite,S0→S1_1,0,1,W->W,0.7261832237243651,0.6952914357185364,Wrong,Wrong,7,2,NaCl,S0,S1_1,text-embedding-3-large,S_final
S0 + Morgan fingerprint,gemini-3.1-flash-lite,S0→S1_1,0,1,W->W,0.6112383176883062,0.6192231804132461,Wrong,Wrong,7,3,KCl + NaCl,S0,S1_1,text-embedding-3-large,S_final
S0 + Morgan fingerprint,gemini-3.1-flash-lite,S0→S1_1,0,1,W->W,0.6061580777168274,0.6027454505364099,Wrong,Wrong,7,6,KCl,S0,S1_1,text-embedding-3-large,S_final
S0 + Morgan fingerprint,gemini-3.1-flash-lite,S0→S1_1,0,1,W->W,0.6641214927037556,0.685025531053543,Wrong,Wrong,7,7,KCl,S0,S1_1,text-embedding-3-large,S_final
S0 + Morgan fingerprint,gemini-3.1-flash-lite,S0→S1_1,0,1,W->W,0.5843215664227803,0.5779530505339304,Wrong,Wrong,7,10,KB(OH)₄,S0,S1_1,text-embedding-3-large,S_final
S0 + Morgan fingerprint,gemini-3.1-flash-lite,S0→S1_1,0,1,W->W,0.6518253276745478,0.6387812236944835,Wrong,Wrong,7,11,LiB(OH)₄,S0,S1_1,text-embedding-3-large,S_final
S0 + Morgan fingerprint,gemini-3.1-flash-lite,S0→S1_1,0,1,W->W,0.669863584637642,0.6612794995307922,Wrong,Wrong,9,2,KCl,S0,S1_1,text-embedding-3-large,S_final
S0 + Morgan fingerprint,gemini-3.1-flash-lite,S0→S1_1,0,1,W->W,0.5310568258166314,0.4893178507685661,Wrong,Wrong,11,1,H₂O,S0,S1_1,text-embedding-3-large,S_final
S0 + Morgan fingerprint,gemini-3.1-flash-lite,S0→S1_1,0,1,W->W,0.4289773394664128,0.5029453838864962,Wrong,Wrong,15,1,H₂O,S0,S1_1,text-embedding-3-large,S_final
S0 + Morgan fingerprint,gemini-3.1-flash-lite,S0→S1_1,0,1,W->W,0.4813399280110995,0.4931404881179332,Wrong,Wrong,25,1,NaOH,S0,S1_1,text-embedding-3-large,S_final
S0 + Morgan fingerprint,gemini-3.1-flash-lite,S0→S1_1,0,1,W->W,0.5587588687737782,0.5689157977700233,Wrong,Wrong,35,1,H₂O,S0,S1_1,text-embedding-3-large,S_final
S0 + Morgan fingerprint,gemini-3.1-flash-lite,S0→S1_1,0,1,W->W,0.4027658874789874,0.4098662341634432,Wrong,Wrong,38,1,KCl + NaCl,S0,S1_1,text-embedding-3-large,S_final
S0 + Morgan fingerprint,gemini-3.1-flash-lite,S0→S1_1,0,1,W->W,0.3849766284227371,0.3966610391934712,Wrong,Wrong,38,2,KCl,S0,S1_1,text-embedding-3-large,S_final
S0 + Morgan fingerprint,gemini-3.1-flash-lite,S0→S1_1,0,1,W->W,0.4944953821599483,0.5144086236755053,Wrong,Wrong,39,1,NaCl,S0,S1_1,text-embedding-3-large,S_final
S0 + Morgan fingerprint,gemini-3.1-flash-lite,S0→S1_1,0,1,W->W,0.6417786757151286,0.6334933489561081,Wrong,Wrong,40,5,Borate buffer,S0,S1_1,text-embedding-3-large,S_final
S0 + Morgan fingerprint,gemini-3.1-flash-lite,S0→S1_1,0,1,W->W,0.572868737578392,0.5291860118508339,Wrong,Wrong,42,1,KCl,S0,S1_1,text-embedding-3-large,S_final
S0 + Morgan fingerprint,gemini-3.1-flash-lite,S0→S1_1,0,1,W->W,0.4701887776454289,0.5062797702848911,Wrong,Wrong,45,2,Organic solvents,S0,S1_1,text-embedding-3-large,S_final
S0 + Morgan fingerprint,gemini-3.1-flash-lite,S0→S1_1,0,1,W->W,0.4850770642360051,0.5068629279732704,Wrong,Wrong,45,3,Organic solvents,S0,S1_1,text-embedding-3-large,S_final
S0 + Morgan fingerprint,gemini-3.1-flash-lite,S0→S1_1,0,1,W->W,0.5050913378596306,0.4970325792829195,Wrong,Wrong,48,2,B(OH)₃ + other ions,S0,S1_1,text-embedding-3-large,S_final
S0 + Morgan fingerprint,gemini-3.1-flash-lite,S1_1→S2_1,1,2,C->C,0.7217356503009796,0.7186519861221313,Correct,Correct,1,1,Tb(NO₃)₃ or Dy(NO₃)₃,S1_1,S2_1,text-embedding-3-large,S_final
S0 + Morgan fingerprint,gemini-3.1-flash-lite,S1_1→S2_1,1,2,C->C,0.5931306521097819,0.6099441925684611,Correct,Correct,1,3,NaCl,S1_1,S2_1,text-embedding-3-large,S_final
S0 + Morgan fingerprint,gemini-3.1-flash-lite,S1_1→S2_1,1,2,C->C,0.6780603170394897,0.6675074666738511,Correct,Correct,1,4,KCl,S1_1,S2_1,text-embedding-3-large,S_final
S0 + Morgan fingerprint,gemini-3.1-flash-lite,S1_1→S2_1,1,2,C->C,0.6358344137668609,0.6311268597841262,Correct,Correct,1,5,KB(OH)₄,S1_1,S2_1,text-embedding-3-large,S_final
S0 + Morgan fingerprint,gemini-3.1-flash-lite,S1_1→S2_1,1,2,C->C,0.7070798039436339,0.6805655548969903,Correct,Correct,3,1,Tb(NO₃)₃ or Eu(NO₃)₃,S1_1,S2_1,text-embedding-3-large,S_final
S0 + Morgan fingerprint,gemini-3.1-flash-lite,S1_1→S2_1,1,2,C->C,0.6943065479397773,0.7128432383139929,Correct,Correct,3,2,B(OH)₃ + AgNO₃,S1_1,S2_1,text-embedding-3-large,S_final
S0 + Morgan fingerprint,gemini-3.1-flash-lite,S1_1→S2_1,1,2,C->C,0.6951715141534804,0.6983954071998596,Correct,Correct,4,1,LiCl,S1_1,S2_1,text-embedding-3-large,S_final
S0 + Morgan fingerprint,gemini-3.1-flash-lite,S1_1→S2_1,1,2,C->C,0.6628970205783844,0.6788041740655899,Correct,Correct,4,2,NaCl,S1_1,S2_1,text-embedding-3-large,S_final
S0 + Morgan fingerprint,gemini-3.1-flash-lite,S1_1→S2_1,1,2,C->C,0.6271981467803319,0.619038513302803,Correct,Correct,4,3,KCl,S1_1,S2_1,text-embedding-3-large,S_final
S0 + Morgan fingerprint,gemini-3.1-flash-lite,S1_1→S2_1,1,2,C->C,0.7134030828873317,0.7199967126051585,Correct,Correct,5,1,LiCl,S1_1,S2_1,text-embedding-3-large,S_final
S0 + Morgan fingerprint,gemini-3.1-flash-lite,S1_1→S2_1,1,2,C->C,0.6807568162679671,0.6655547648668289,Correct,Correct,5,2,KCl,S1_1,S2_1,text-embedding-3-large,S_final
S0 + Morgan fingerprint,gemini-3.1-flash-lite,S1_1→S2_1,1,2,C->C,0.6925029387076695,0.6843423257271448,Correct,Correct,6,1,LiCl,S1_1,S2_1,text-embedding-3-large,S_final
S0 + Morgan fingerprint,gemini-3.1-flash-lite,S1_1→S2_1,1,2,C->C,0.678260424733162,0.6739864140748978,Correct,Correct,6,3,KCl,S1_1,S2_1,text-embedding-3-large,S_final
S0 + Morgan fingerprint,gemini-3.1-flash-lite,S1_1→S2_1,1,2,C->C,0.7236407965421675,0.714747271935145,Correct,Correct,7,1,LiCl,S1_1,S2_1,text-embedding-3-large,S_final
S0 + Morgan fingerprint,gemini-3.1-flash-lite,S1_1→S2_1,1,2,C->C,0.6366401920715968,0.624834449092547,Correct,Correct,7,4,KCl,S1_1,S2_1,text-embedding-3-large,S_final
S0 + Morgan fingerprint,gemini-3.1-flash-lite,S1_1→S2_1,1,2,C->C,0.6485580623149871,0.6576917191346486,Correct,Correct,7,5,KCl,S1_1,S2_1,text-embedding-3-large,S_final
S0 + Morgan fingerprint,gemini-3.1-flash-lite,S1_1→S2_1,1,2,C->C,0.706267695625623,0.6839882264534632,Correct,Correct,7,8,KCl + TAcG,S1_1,S2_1,text-embedding-3-large,S_final
S0 + Morgan fingerprint,gemini-3.1-flash-lite,S1_1→S2_1,1,2,C->C,0.7034594585498173,0.7257612764835356,Correct,Correct,7,9,KB(OH)₄,S1_1,S2_1,text-embedding-3-large,S_final
S0 + Morgan fingerprint,gemini-3.1-flash-lite,S1_1→S2_1,1,2,C->C,0.6388085683186849,0.6407726983229319,Correct,Correct,8,1,LiCl,S1_1,S2_1,text-embedding-3-large,S_final
S0 + Morgan fingerprint,gemini-3.1-flash-lite,S1_1→S2_1,1,2,C->C,0.640502780675888,0.6533630500237148,Correct,Correct,8,2,NaCl,S1_1,S2_1,text-embedding-3-large,S_final
S0 + Morgan fingerprint,gemini-3.1-flash-lite,S1_1→S2_1,1,2,C->C,0.6296706418196361,0.6503508269786834,Correct,Correct,9,1,LiCl,S1_1,S2_1,text-embedding-3-large,S_final
S0 + Morgan fingerprint,gemini-3.1-flash-lite,S1_1→S2_1,1,2,C->C,0.662147674957911,0.6563658197720845,Correct,Correct,9,3,NaCl,S1_1,S2_1,text-embedding-3-large,S_final
S0 + Morgan fingerprint,gemini-3.1-flash-lite,S1_1→S2_1,1,2,C->C,0.5309510668118795,0.4893170436223348,Correct,Correct,12,1,H₂O,S1_1,S2_1,text-embedding-3-large,S_final
S0 + Morgan fingerprint,gemini-3.1-flash-lite,S1_1→S2_1,1,2,C->C,0.5524479910731315,0.542221675813198,Correct,Correct,13,2,acidic pH,S1_1,S2_1,text-embedding-3-large,S_final
S0 + Morgan fingerprint,gemini-3.1-flash-lite,S1_1→S2_1,1,2,C->C,0.5910075535376866,0.5785622944434484,Correct,Correct,13,3,acidic pH + benzyl amine,S1_1,S2_1,text-embedding-3-large,S_final
S0 + Morgan fingerprint,gemini-3.1-flash-lite,S1_1→S2_1,1,2,C->C,0.6021330147981643,0.5985865434010823,Correct,Correct,14,1,H₂O,S1_1,S2_1,text-embedding-3-large,S_final
S0 + Morgan fingerprint,gemini-3.1-flash-lite,S1_1→S2_1,1,2,C->C,0.7052273561557133,0.6916946589946747,Correct,Correct,16,1,H₂O,S1_1,S2_1,text-embedding-3-large,S_final
S0 + Morgan fingerprint,gemini-3.1-flash-lite,S1_1→S2_1,1,2,C->C,0.6424875487883885,0.6446148008108138,Correct,Correct,17,1,H₂O,S1_1,S2_1,text-embedding-3-large,S_final
S0 + Morgan fingerprint,gemini-3.1-flash-lite,S1_1→S2_1,1,2,C->C,0.688311943411827,0.6912910600503285,Correct,Correct,18,1,H₂O,S1_1,S2_1,text-embedding-3-large,S_final
S0 + Morgan fingerprint,gemini-3.1-flash-lite,S1_1→S2_1,1,2,C->C,0.5646131426095963,0.6258067657550176,Correct,Correct,19,1,H₂O,S1_1,S2_1,text-embedding-3-large,S_final
S0 + Morgan fingerprint,gemini-3.1-flash-lite,S1_1→S2_1,1,2,C->C,0.6926244258880615,0.699691626429558,Correct,Correct,20,1,EtOH/H₂O,S1_1,S2_1,text-embedding-3-large,S_final
S0 + Morgan fingerprint,gemini-3.1-flash-lite,S1_1→S2_1,1,2,C->C,0.6619230677684148,0.6661591639121373,Correct,Correct,21,1,EtOH/H₂O,S1_1,S2_1,text-embedding-3-large,S_final
S0 + Morgan fingerprint,gemini-3.1-flash-lite,S1_1→S2_1,1,2,C->C,0.6114914149045945,0.6169894099235534,Correct,Correct,22,1,EtOH/H₂O,S1_1,S2_1,text-embedding-3-large,S_final
S0 + Morgan fingerprint,gemini-3.1-flash-lite,S1_1→S2_1,1,2,C->C,0.6763916442791621,0.6710125962893168,Correct,Correct,23,1,EtOH/H₂O,S1_1,S2_1,text-embedding-3-large,S_final
S0 + Morgan fingerprint,gemini-3.1-flash-lite,S1_1→S2_1,1,2,C->C,0.6309680670499801,0.6206286003192266,Correct,Correct,24,1,EtOH/H₂O,S1_1,S2_1,text-embedding-3-large,S_final
S0 + Morgan fingerprint,gemini-3.1-flash-lite,S1_1→S2_1,1,2,C->C,0.5461110666394232,0.5577897399663925,Correct,Correct,25,2,Organic solvents,S1_1,S2_1,text-embedding-3-large,S_final
S0 + Morgan fingerprint,gemini-3.1-flash-lite,S1_1→S2_1,1,2,C->C,0.6140344341595968,0.6343400448560713,Correct,Correct,26,1,NaOH,S1_1,S2_1,text-embedding-3-large,S_final
S0 + Morgan fingerprint,gemini-3.1-flash-lite,S1_1→S2_1,1,2,C->C,0.5175324484705924,0.4676653405030568,Correct,Correct,26,2,KOH,S1_1,S2_1,text-embedding-3-large,S_final
S0 + Morgan fingerprint,gemini-3.1-flash-lite,S1_1→S2_1,1,2,C->C,0.5081943516929944,0.4830062622825304,Correct,Correct,26,3,LiOH,S1_1,S2_1,text-embedding-3-large,S_final
S0 + Morgan fingerprint,gemini-3.1-flash-lite,S1_1→S2_1,1,2,C->C,0.6657796293497085,0.6615942537784577,Correct,Correct,26,4,Organic solvents,S1_1,S2_1,text-embedding-3-large,S_final
S0 + Morgan fingerprint,gemini-3.1-flash-lite,S1_1→S2_1,1,2,C->C,0.6038131554921468,0.6193040976921718,Correct,Correct,27,1,NaOH,S1_1,S2_1,text-embedding-3-large,S_final
S0 + Morgan fingerprint,gemini-3.1-flash-lite,S1_1→S2_1,1,2,C->C,0.5282545362909635,0.4923992370565732,Correct,Correct,27,2,KOH,S1_1,S2_1,text-embedding-3-large,S_final
S0 + Morgan fingerprint,gemini-3.1-flash-lite,S1_1→S2_1,1,2,C->C,0.5171121632059416,0.4751583521564801,Correct,Correct,27,3,LiOH,S1_1,S2_1,text-embedding-3-large,S_final
S0 + Morgan fingerprint,gemini-3.1-flash-lite,S1_1→S2_1,1,2,C->C,0.7017816682656606,0.7273463189601898,Correct,Correct,27,4,Organic solvents,S1_1,S2_1,text-embedding-3-large,S_final
S0 + Morgan fingerprint,gemini-3.1-flash-lite,S1_1→S2_1,1,2,C->C,0.577220959464709,0.5664321998755136,Correct,Correct,28,1,NaOH,S1_1,S2_1,text-embedding-3-large,S_final
S0 + Morgan fingerprint,gemini-3.1-flash-lite,S1_1→S2_1,1,2,C->C,0.4439019948244094,0.4548322995503743,Correct,Correct,28,2,Organic solvents,S1_1,S2_1,text-embedding-3-large,S_final
S0 + Morgan fingerprint,gemini-3.1-flash-lite,S1_1→S2_1,1,2,C->C,0.6198325673739116,0.6185485363006591,Correct,Correct,29,1,NaOH,S1_1,S2_1,text-embedding-3-large,S_final
S0 + Morgan fingerprint,gemini-3.1-flash-lite,S1_1→S2_1,1,2,C->C,0.4456252013643582,0.4375131085515022,Correct,Correct,29,2,Organic solvents,S1_1,S2_1,text-embedding-3-large,S_final
S0 + Morgan fingerprint,gemini-3.1-flash-lite,S1_1→S2_1,1,2,C->C,0.6081777145465216,0.5928236722946166,Correct,Correct,30,1,NaOH,S1_1,S2_1,text-embedding-3-large,S_final
S0 + Morgan fingerprint,gemini-3.1-flash-lite,S1_1→S2_1,1,2,C->C,0.4452861323952675,0.4527051498492558,Correct,Correct,30,2,Organic solvents,S1_1,S2_1,text-embedding-3-large,S_final
S0 + Morgan fingerprint,gemini-3.1-flash-lite,S1_1→S2_1,1,2,C->C,0.6092730522155761,0.6005913982788722,Correct,Correct,32,1,H₂O,S1_1,S2_1,text-embedding-3-large,S_final
S0 + Morgan fingerprint,gemini-3.1-flash-lite,S1_1→S2_1,1,2,C->C,0.6456528196732203,0.6517486244440078,Correct,Correct,33,1,H₂O,S1_1,S2_1,text-embedding-3-large,S_final
S0 + Morgan fingerprint,gemini-3.1-flash-lite,S1_1→S2_1,1,2,C->C,0.5711734294891357,0.5453760166962941,Correct,Correct,34,1,H₂O,S1_1,S2_1,text-embedding-3-large,S_final
S0 + Morgan fingerprint,gemini-3.1-flash-lite,S1_1→S2_1,1,2,C->C,0.6641509920358658,0.6640061676502227,Correct,Correct,36,1,NaCl,S1_1,S2_1,text-embedding-3-large,S_final
S0 + Morgan fingerprint,gemini-3.1-flash-lite,S1_1→S2_1,1,2,C->C,0.6067036290963491,0.604417584836483,Correct,Correct,36,2,KCl,S1_1,S2_1,text-embedding-3-large,S_final
S0 + Morgan fingerprint,gemini-3.1-flash-lite,S1_1→S2_1,1,2,C->C,0.6014448374509812,0.5885073006153106,Correct,Correct,36,3,NaCl + TAcG,S1_1,S2_1,text-embedding-3-large,S_final
S0 + Morgan fingerprint,gemini-3.1-flash-lite,S1_1→S2_1,1,2,C->C,0.5805141061544418,0.567932998140653,Correct,Correct,37,1,KCl + NaCl,S1_1,S2_1,text-embedding-3-large,S_final
S0 + Morgan fingerprint,gemini-3.1-flash-lite,S1_1→S2_1,1,2,C->C,0.7183813586831093,0.7162786215543746,Correct,Correct,39,2,KCl,S1_1,S2_1,text-embedding-3-large,S_final
S0 + Morgan fingerprint,gemini-3.1-flash-lite,S1_1→S2_1,1,2,C->C,0.6698274046182632,0.6621037830909093,Correct,Correct,40,1,KCl,S1_1,S2_1,text-embedding-3-large,S_final
S0 + Morgan fingerprint,gemini-3.1-flash-lite,S1_1→S2_1,1,2,C->C,0.5854877591133117,0.5981891989707947,Correct,Correct,40,3,NH₄Cl,S1_1,S2_1,text-embedding-3-large,S_final
S0 + Morgan fingerprint,gemini-3.1-flash-lite,S1_1→S2_1,1,2,C->C,0.653548976778984,0.6436494916677474,Correct,Correct,40,6,KCl,S1_1,S2_1,text-embedding-3-large,S_final
S0 + Morgan fingerprint,gemini-3.1-flash-lite,S1_1→S2_1,1,2,C->C,0.7075700332721073,0.7104014833768209,Correct,Correct,44,1,KCl,S1_1,S2_1,text-embedding-3-large,S_final
S0 + Morgan fingerprint,gemini-3.1-flash-lite,S1_1→S2_1,1,2,C->C,0.7189322441816329,0.7000867088635762,Correct,Correct,45,1,Organic solvents,S1_1,S2_1,text-embedding-3-large,S_final
S0 + Morgan fingerprint,gemini-3.1-flash-lite,S1_1→S2_1,1,2,C->C,0.6629762599865595,0.6665692935387293,Correct,Correct,46,1,Organic solvents,S1_1,S2_1,text-embedding-3-large,S_final
S0 + Morgan fingerprint,gemini-3.1-flash-lite,S1_1→S2_1,1,2,C->C,0.6225075364112854,0.616272696852684,Correct,Correct,46,2,Organic solvents,S1_1,S2_1,text-embedding-3-large,S_final
S0 + Morgan fingerprint,gemini-3.1-flash-lite,S1_1→S2_1,1,2,C->C,0.6750575015942255,0.6591549545526504,Correct,Correct,47,1,Organic solvents,S1_1,S2_1,text-embedding-3-large,S_final
S0 + Morgan fingerprint,gemini-3.1-flash-lite,S1_1→S2_1,1,2,C->C,0.5852353503306706,0.5782014042139053,Correct,Correct,47,2,Organic solvents,S1_1,S2_1,text-embedding-3-large,S_final
S0 + Morgan fingerprint,gemini-3.1-flash-lite,S1_1→S2_1,1,2,C->C,0.6550683428843816,0.6326579103867213,Correct,Correct,48,1,B(OH)₃ + AgNO₃,S1_1,S2_1,text-embedding-3-large,S_final
S0 + Morgan fingerprint,gemini-3.1-flash-lite,S1_1→S2_1,1,2,C->C,0.5517316073179245,0.5436783321201801,Correct,Correct,49,1,B(OH)₃ + AgNO₃,S1_1,S2_1,text-embedding-3-large,S_final
S0 + Morgan fingerprint,gemini-3.1-flash-lite,S1_1→S2_1,1,2,C->C,0.6783497303724287,0.6831870307524999,Correct,Correct,51,1,KB(OH)₄,S1_1,S2_1,text-embedding-3-large,S_final
S0 + Morgan fingerprint,gemini-3.1-flash-lite,S1_1→S2_1,1,2,C->C,0.748458723227183,0.7279203901688257,Correct,Correct,52,1,KB(OH)₄,S1_1,S2_1,text-embedding-3-large,S_final
S0 + Morgan fingerprint,gemini-3.1-flash-lite,S1_1→S2_1,1,2,C->C,0.5243006358544031,0.5414165884256362,Correct,Correct,53,1,H₂O,S1_1,S2_1,text-embedding-3-large,S_final
S0 + Morgan fingerprint,gemini-3.1-flash-lite,S1_1→S2_1,1,2,C->C,0.630016349752744,0.6076204429070154,Correct,Correct,53,2,EtOH/H₂O,S1_1,S2_1,text-embedding-3-large,S_final
S0 + Morgan fingerprint,gemini-3.1-flash-lite,S1_1→S2_1,1,2,C->C,0.4410643895467122,0.4673480371634165,Correct,Correct,54,1,H₂O,S1_1,S2_1,text-embedding-3-large,S_final
S0 + Morgan fingerprint,gemini-3.1-flash-lite,S1_1→S2_1,1,2,C->C,0.6359338819980621,0.6403576105833053,Correct,Correct,54,2,EtOH/H₂O,S1_1,S2_1,text-embedding-3-large,S_final
S0 + Morgan fingerprint,gemini-3.1-flash-lite,S1_1→S2_1,1,2,C->C,0.5292935952544212,0.5337987571954727,Correct,Correct,55,1,H₂O,S1_1,S2_1,text-embedding-3-large,S_final
S0 + Morgan fingerprint,gemini-3.1-flash-lite,S1_1→S2_1,1,2,C->C,0.6334663718938827,0.6311465313037236,Correct,Correct,55,2,EtOH/H₂O,S1_1,S2_1,text-embedding-3-large,S_final
S0 + Morgan fingerprint,gemini-3.1-flash-lite,S1_1→S2_1,1,2,C->C,0.5894685695568721,0.5675228973229726,Correct,Correct,56,2,EtOH/H₂O,S1_1,S2_1,text-embedding-3-large,S_final
S0 + Morgan fingerprint,gemini-3.1-flash-lite,S1_1→S2_1,1,2,C->C,0.4796795477469762,0.4595176920294762,Correct,Correct,57,1,H₂O,S1_1,S2_1,text-embedding-3-large,S_final
S0 + Morgan fingerprint,gemini-3.1-flash-lite,S1_1→S2_1,1,2,C->C,0.3915021903812885,0.3739389469226201,Correct,Correct,57,2,EtOH/H₂O,S1_1,S2_1,text-embedding-3-large,S_final
S0 + Morgan fingerprint,gemini-3.1-flash-lite,S1_1→S2_1,1,2,C->C,0.5699203650156657,0.5675118426481883,Correct,Correct,58,1,H₂O,S1_1,S2_1,text-embedding-3-large,S_final
S0 + Morgan fingerprint,gemini-3.1-flash-lite,S1_1→S2_1,1,2,C->C,0.5598298003276189,0.5543691257635752,Correct,Correct,58,2,EtOH/H₂O,S1_1,S2_1,text-embedding-3-large,S_final
S0 + Morgan fingerprint,gemini-3.1-flash-lite,S1_1→S2_1,1,2,C->C,0.5166509528954824,0.5051740407943726,Correct,Correct,59,1,H₂O,S1_1,S2_1,text-embedding-3-large,S_final
S0 + Morgan fingerprint,gemini-3.1-flash-lite,S1_1→S2_1,1,2,C->C,0.5787393033504485,0.5893380184968312,Correct,Correct,59,2,EtOH/H₂O,S1_1,S2_1,text-embedding-3-large,S_final
S0 + Morgan fingerprint,gemini-3.1-flash-lite,S1_1→S2_1,1,2,C->C,0.4579275886217753,0.4457974657416343,Correct,Correct,60,1,H₂O,S1_1,S2_1,text-embedding-3-large,S_final
S0 + Morgan fingerprint,gemini-3.1-flash-lite,S1_1→S2_1,1,2,C->C,0.6042329162359238,0.6138690461715062,Correct,Correct,60,2,EtOH/H₂O,S1_1,S2_1,text-embedding-3-large,S_final
S0 + Morgan fingerprint,gemini-3.1-flash-lite,S1_1→S2_1,1,2,C->C,0.4820979307095208,0.4881733318169911,Correct,Correct,61,1,H₂O,S1_1,S2_1,text-embedding-3-large,S_final
S0 + Morgan fingerprint,gemini-3.1-flash-lite,S1_1→S2_1,1,2,C->C,0.6241564402977625,0.642733670771122,Correct,Correct,61,2,EtOH/H₂O,S1_1,S2_1,text-embedding-3-large,S_final
S0 + Morgan fingerprint,gemini-3.1-flash-lite,S1_1→S2_1,1,2,C->C,0.5781987100839614,0.5753838171561559,Correct,Correct,62,1,H₂O,S1_1,S2_1,text-embedding-3-large,S_final
S0 + Morgan fingerprint,gemini-3.1-flash-lite,S1_1→S2_1,1,2,C->C,0.5754887580871582,0.5702819218238194,Correct,Correct,62,2,EtOH/H₂O,S1_1,S2_1,text-embedding-3-large,S_final
S0 + Morgan fingerprint,gemini-3.1-flash-lite,S1_1→S2_1,1,2,C->C,0.5802586247523626,0.5688535302877425,Correct,Correct,63,1,H₂O,S1_1,S2_1,text-embedding-3-large,S_final
S0 + Morgan fingerprint,gemini-3.1-flash-lite,S1_1→S2_1,1,2,C->C,0.5832557280858358,0.576503524184227,Correct,Correct,63,2,EtOH/H₂O,S1_1,S2_1,text-embedding-3-large,S_final
S0 + Morgan fingerprint,gemini-3.1-flash-lite,S1_1→S2_1,1,2,C->C,0.6015128115812937,0.6160087386767069,Correct,Correct,64,1,KCl,S1_1,S2_1,text-embedding-3-large,S_final
S0 + Morgan fingerprint,gemini-3.1-flash-lite,S1_1→S2_1,1,2,C->C,0.597732255856196,0.6076434979836146,Correct,Correct,64,2,NaB(OH)₄,S1_1,S2_1,text-embedding-3-large,S_final
S0 + Morgan fingerprint,gemini-3.1-flash-lite,S1_1→S2_1,1,2,C->W,0.6414393524328869,0.6286611735820771,Correct,Wrong,6,2,NaCl,S1_1,S2_1,text-embedding-3-large,S_final
S0 + Morgan fingerprint,gemini-3.1-flash-lite,S1_1→S2_1,1,2,C->W,0.6473961219191551,0.6315116981665293,Correct,Wrong,10,2,PBS,S1_1,S2_1,text-embedding-3-large,S_final
S0 + Morgan fingerprint,gemini-3.1-flash-lite,S1_1→S2_1,1,2,C->W,0.6340946391224861,0.688519650697708,Correct,Wrong,40,2,NaCl,S1_1,S2_1,text-embedding-3-large,S_final
S0 + Morgan fingerprint,gemini-3.1-flash-lite,S1_1→S2_1,1,2,C->W,0.6034167543053627,0.5752380549907685,Correct,Wrong,43,1,KCl,S1_1,S2_1,text-embedding-3-large,S_final
S0 + Morgan fingerprint,gemini-3.1-flash-lite,S1_1→S2_1,1,2,W->C,0.602690926194191,0.5961178739865621,Wrong,Correct,1,2,LiCl,S1_1,S2_1,text-embedding-3-large,S_final
S0 + Morgan fingerprint,gemini-3.1-flash-lite,S1_1→S2_1,1,2,W->C,0.700915378332138,0.6988859444856644,Wrong,Correct,2,1,Tb(NO₃)₃ or Eu(NO₃)₃,S1_1,S2_1,text-embedding-3-large,S_final
S0 + Morgan fingerprint,gemini-3.1-flash-lite,S1_1→S2_1,1,2,W->C,0.584554993112882,0.6211245745420455,Wrong,Correct,10,1,H₂O,S1_1,S2_1,text-embedding-3-large,S_final
S0 + Morgan fingerprint,gemini-3.1-flash-lite,S1_1→S2_1,1,2,W->C,0.4931404881179332,0.5007712056239445,Wrong,Correct,25,1,NaOH,S1_1,S2_1,text-embedding-3-large,S_final
S0 + Morgan fingerprint,gemini-3.1-flash-lite,S1_1→S2_1,1,2,W->C,0.5241344228386878,0.5272856911023458,Wrong,Correct,50,1,B(OH)₃ + AgNO₃,S1_1,S2_1,text-embedding-3-large,S_final
S0 + Morgan fingerprint,gemini-3.1-flash-lite,S1_1→S2_1,1,2,W->W,0.6609987765550612,0.6712952146927517,Wrong,Wrong,5,3,NaCl,S1_1,S2_1,text-embedding-3-large,S_final
S0 + Morgan fingerprint,gemini-3.1-flash-lite,S1_1→S2_1,1,2,W->W,0.6952914357185364,0.7228006045023601,Wrong,Wrong,7,2,NaCl,S1_1,S2_1,text-embedding-3-large,S_final
S0 + Morgan fingerprint,gemini-3.1-flash-lite,S1_1→S2_1,1,2,W->W,0.6192231804132461,0.5996975054343542,Wrong,Wrong,7,3,KCl + NaCl,S1_1,S2_1,text-embedding-3-large,S_final
S0 + Morgan fingerprint,gemini-3.1-flash-lite,S1_1→S2_1,1,2,W->W,0.6027454505364099,0.5962426885962486,Wrong,Wrong,7,6,KCl,S1_1,S2_1,text-embedding-3-large,S_final
S0 + Morgan fingerprint,gemini-3.1-flash-lite,S1_1→S2_1,1,2,W->W,0.685025531053543,0.6827777196963627,Wrong,Wrong,7,7,KCl,S1_1,S2_1,text-embedding-3-large,S_final
S0 + Morgan fingerprint,gemini-3.1-flash-lite,S1_1→S2_1,1,2,W->W,0.5779530505339304,0.5804383412003518,Wrong,Wrong,7,10,KB(OH)₄,S1_1,S2_1,text-embedding-3-large,S_final
S0 + Morgan fingerprint,gemini-3.1-flash-lite,S1_1→S2_1,1,2,W->W,0.6387812236944835,0.6522131721178691,Wrong,Wrong,7,11,LiB(OH)₄,S1_1,S2_1,text-embedding-3-large,S_final
S0 + Morgan fingerprint,gemini-3.1-flash-lite,S1_1→S2_1,1,2,W->W,0.6291635304689406,0.6313866019248962,Wrong,Wrong,8,3,KCl,S1_1,S2_1,text-embedding-3-large,S_final
S0 + Morgan fingerprint,gemini-3.1-flash-lite,S1_1→S2_1,1,2,W->W,0.5056398317217826,0.5160362447301546,Wrong,Wrong,8,4,KCl,S1_1,S2_1,text-embedding-3-large,S_final
S0 + Morgan fingerprint,gemini-3.1-flash-lite,S1_1→S2_1,1,2,W->W,0.6612794995307922,0.6287921975056331,Wrong,Wrong,9,2,KCl,S1_1,S2_1,text-embedding-3-large,S_final
S0 + Morgan fingerprint,gemini-3.1-flash-lite,S1_1→S2_1,1,2,W->W,0.4893178507685661,0.5290856771171093,Wrong,Wrong,11,1,H₂O,S1_1,S2_1,text-embedding-3-large,S_final
S0 + Morgan fingerprint,gemini-3.1-flash-lite,S1_1→S2_1,1,2,W->W,0.6951998203992844,0.6977240939935049,Wrong,Wrong,13,1,H₂O,S1_1,S2_1,text-embedding-3-large,S_final
S0 + Morgan fingerprint,gemini-3.1-flash-lite,S1_1→S2_1,1,2,W->W,0.5029453838864962,0.5022204111019771,Wrong,Wrong,15,1,H₂O,S1_1,S2_1,text-embedding-3-large,S_final
S0 + Morgan fingerprint,gemini-3.1-flash-lite,S1_1→S2_1,1,2,W->W,0.6315043181180954,0.6239437560240427,Wrong,Wrong,31,1,H₂O,S1_1,S2_1,text-embedding-3-large,S_final
S0 + Morgan fingerprint,gemini-3.1-flash-lite,S1_1→S2_1,1,2,W->W,0.5689157977700233,0.5783020049333573,Wrong,Wrong,35,1,H₂O,S1_1,S2_1,text-embedding-3-large,S_final
S0 + Morgan fingerprint,gemini-3.1-flash-lite,S1_1→S2_1,1,2,W->W,0.6387841324011484,0.6420136094093323,Wrong,Wrong,37,2,KCl,S1_1,S2_1,text-embedding-3-large,S_final
S0 + Morgan fingerprint,gemini-3.1-flash-lite,S1_1→S2_1,1,2,W->W,0.4098662341634432,0.4084703996777534,Wrong,Wrong,38,1,KCl + NaCl,S1_1,S2_1,text-embedding-3-large,S_final
S0 + Morgan fingerprint,gemini-3.1-flash-lite,S1_1→S2_1,1,2,W->W,0.3966610391934712,0.3836858799060185,Wrong,Wrong,38,2,KCl,S1_1,S2_1,text-embedding-3-large,S_final
S0 + Morgan fingerprint,gemini-3.1-flash-lite,S1_1→S2_1,1,2,W->W,0.5144086236755053,0.5042993014057477,Wrong,Wrong,39,1,NaCl,S1_1,S2_1,text-embedding-3-large,S_final
S0 + Morgan fingerprint,gemini-3.1-flash-lite,S1_1→S2_1,1,2,W->W,0.584924191236496,0.5730401903390884,Wrong,Wrong,40,4,Me₄NCl,S1_1,S2_1,text-embedding-3-large,S_final
S0 + Morgan fingerprint,gemini-3.1-flash-lite,S1_1→S2_1,1,2,W->W,0.6334933489561081,0.639896806081136,Wrong,Wrong,40,5,Borate buffer,S1_1,S2_1,text-embedding-3-large,S_final
S0 + Morgan fingerprint,gemini-3.1-flash-lite,S1_1→S2_1,1,2,W->W,0.6654240936040878,0.6349565982818604,Wrong,Wrong,41,1,KCl,S1_1,S2_1,text-embedding-3-large,S_final
S0 + Morgan fingerprint,gemini-3.1-flash-lite,S1_1→S2_1,1,2,W->W,0.5291860118508339,0.5445127576589585,Wrong,Wrong,42,1,KCl,S1_1,S2_1,text-embedding-3-large,S_final
S0 + Morgan fingerprint,gemini-3.1-flash-lite,S1_1→S2_1,1,2,W->W,0.5062797702848911,0.4877500529090563,Wrong,Wrong,45,2,Organic solvents,S1_1,S2_1,text-embedding-3-large,S_final
S0 + Morgan fingerprint,gemini-3.1-flash-lite,S1_1→S2_1,1,2,W->W,0.5068629279732704,0.5012209609150886,Wrong,Wrong,45,3,Organic solvents,S1_1,S2_1,text-embedding-3-large,S_final
S0 + Morgan fingerprint,gemini-3.1-flash-lite,S1_1→S2_1,1,2,W->W,0.4970325792829195,0.4962121715148289,Wrong,Wrong,48,2,B(OH)₃ + other ions,S1_1,S2_1,text-embedding-3-large,S_final
S0 + Morgan fingerprint,gemini-3.1-flash-lite,S1_1→S2_1,1,2,W->W,0.5430038089553516,0.5051927238702772,Wrong,Wrong,56,1,H₂O,S1_1,S2_1,text-embedding-3-large,S_final
S0 + Morgan fingerprint,gemini-3.1-flash-lite,S2_1→S3_1,2,3,C->C,0.7186519861221313,0.7100476731856663,Correct,Correct,1,1,Tb(NO₃)₃ or Dy(NO₃)₃,S2_1,S3_1,text-embedding-3-large,S_final
S0 + Morgan fingerprint,gemini-3.1-flash-lite,S2_1→S3_1,2,3,C->C,0.5961178739865621,0.6256475617488225,Correct,Correct,1,2,LiCl,S2_1,S3_1,text-embedding-3-large,S_final
S0 + Morgan fingerprint,gemini-3.1-flash-lite,S2_1→S3_1,2,3,C->C,0.6099441925684611,0.556686461965243,Correct,Correct,1,3,NaCl,S2_1,S3_1,text-embedding-3-large,S_final
S0 + Morgan fingerprint,gemini-3.1-flash-lite,S2_1→S3_1,2,3,C->C,0.6311268597841262,0.632243467370669,Correct,Correct,1,5,KB(OH)₄,S2_1,S3_1,text-embedding-3-large,S_final
S0 + Morgan fingerprint,gemini-3.1-flash-lite,S2_1→S3_1,2,3,C->C,0.6988859444856644,0.637081969777743,Correct,Correct,2,1,Tb(NO₃)₃ or Eu(NO₃)₃,S2_1,S3_1,text-embedding-3-large,S_final
S0 + Morgan fingerprint,gemini-3.1-flash-lite,S2_1→S3_1,2,3,C->C,0.6805655548969903,0.6807407657305399,Correct,Correct,3,1,Tb(NO₃)₃ or Eu(NO₃)₃,S2_1,S3_1,text-embedding-3-large,S_final
S0 + Morgan fingerprint,gemini-3.1-flash-lite,S2_1→S3_1,2,3,C->C,0.7128432383139929,0.7395220965147017,Correct,Correct,3,2,B(OH)₃ + AgNO₃,S2_1,S3_1,text-embedding-3-large,S_final
S0 + Morgan fingerprint,gemini-3.1-flash-lite,S2_1→S3_1,2,3,C->C,0.6983954071998596,0.7058966130018233,Correct,Correct,4,1,LiCl,S2_1,S3_1,text-embedding-3-large,S_final
S0 + Morgan fingerprint,gemini-3.1-flash-lite,S2_1→S3_1,2,3,C->C,0.6788041740655899,0.6977186366915702,Correct,Correct,4,2,NaCl,S2_1,S3_1,text-embedding-3-large,S_final
S0 + Morgan fingerprint,gemini-3.1-flash-lite,S2_1→S3_1,2,3,C->C,0.619038513302803,0.68756745159626,Correct,Correct,4,3,KCl,S2_1,S3_1,text-embedding-3-large,S_final
S0 + Morgan fingerprint,gemini-3.1-flash-lite,S2_1→S3_1,2,3,C->C,0.7199967126051585,0.7189767916997273,Correct,Correct,5,1,LiCl,S2_1,S3_1,text-embedding-3-large,S_final
S0 + Morgan fingerprint,gemini-3.1-flash-lite,S2_1→S3_1,2,3,C->C,0.6655547648668289,0.6854057600100836,Correct,Correct,5,2,KCl,S2_1,S3_1,text-embedding-3-large,S_final
S0 + Morgan fingerprint,gemini-3.1-flash-lite,S2_1→S3_1,2,3,C->C,0.6843423257271448,0.6963445514440535,Correct,Correct,6,1,LiCl,S2_1,S3_1,text-embedding-3-large,S_final
S0 + Morgan fingerprint,gemini-3.1-flash-lite,S2_1→S3_1,2,3,C->C,0.6739864140748978,0.6793702920277913,Correct,Correct,6,3,KCl,S2_1,S3_1,text-embedding-3-large,S_final
S0 + Morgan fingerprint,gemini-3.1-flash-lite,S2_1→S3_1,2,3,C->C,0.714747271935145,0.7286410142978031,Correct,Correct,7,1,LiCl,S2_1,S3_1,text-embedding-3-large,S_final
S0 + Morgan fingerprint,gemini-3.1-flash-lite,S2_1→S3_1,2,3,C->C,0.624834449092547,0.6247761011123657,Correct,Correct,7,4,KCl,S2_1,S3_1,text-embedding-3-large,S_final
S0 + Morgan fingerprint,gemini-3.1-flash-lite,S2_1→S3_1,2,3,C->C,0.6576917191346486,0.6737464686234791,Correct,Correct,7,5,KCl,S2_1,S3_1,text-embedding-3-large,S_final
S0 + Morgan fingerprint,gemini-3.1-flash-lite,S2_1→S3_1,2,3,C->C,0.6839882264534632,0.689647364616394,Correct,Correct,7,8,KCl + TAcG,S2_1,S3_1,text-embedding-3-large,S_final
S0 + Morgan fingerprint,gemini-3.1-flash-lite,S2_1→S3_1,2,3,C->C,0.7257612764835356,0.7000191370646158,Correct,Correct,7,9,KB(OH)₄,S2_1,S3_1,text-embedding-3-large,S_final
S0 + Morgan fingerprint,gemini-3.1-flash-lite,S2_1→S3_1,2,3,C->C,0.6407726983229319,0.6585155109564463,Correct,Correct,8,1,LiCl,S2_1,S3_1,text-embedding-3-large,S_final
S0 + Morgan fingerprint,gemini-3.1-flash-lite,S2_1→S3_1,2,3,C->C,0.6533630500237148,0.6575811127821604,Correct,Correct,8,2,NaCl,S2_1,S3_1,text-embedding-3-large,S_final
S0 + Morgan fingerprint,gemini-3.1-flash-lite,S2_1→S3_1,2,3,C->C,0.6503508269786834,0.6455792268117269,Correct,Correct,9,1,LiCl,S2_1,S3_1,text-embedding-3-large,S_final
S0 + Morgan fingerprint,gemini-3.1-flash-lite,S2_1→S3_1,2,3,C->C,0.6563658197720845,0.6656281133492787,Correct,Correct,9,3,NaCl,S2_1,S3_1,text-embedding-3-large,S_final
S0 + Morgan fingerprint,gemini-3.1-flash-lite,S2_1→S3_1,2,3,C->C,0.6211245745420455,0.6279455373684565,Correct,Correct,10,1,H₂O,S2_1,S3_1,text-embedding-3-large,S_final
S0 + Morgan fingerprint,gemini-3.1-flash-lite,S2_1→S3_1,2,3,C->C,0.542221675813198,0.5724916050831477,Correct,Correct,13,2,acidic pH,S2_1,S3_1,text-embedding-3-large,S_final
S0 + Morgan fingerprint,gemini-3.1-flash-lite,S2_1→S3_1,2,3,C->C,0.5785622944434484,0.5954934765895207,Correct,Correct,13,3,acidic pH + benzyl amine,S2_1,S3_1,text-embedding-3-large,S_final
S0 + Morgan fingerprint,gemini-3.1-flash-lite,S2_1→S3_1,2,3,C->C,0.5985865434010823,0.6276481469472249,Correct,Correct,14,1,H₂O,S2_1,S3_1,text-embedding-3-large,S_final
S0 + Morgan fingerprint,gemini-3.1-flash-lite,S2_1→S3_1,2,3,C->C,0.6916946589946747,0.7111870666344959,Correct,Correct,16,1,H₂O,S2_1,S3_1,text-embedding-3-large,S_final
S0 + Morgan fingerprint,gemini-3.1-flash-lite,S2_1→S3_1,2,3,C->C,0.6446148008108138,0.6287994106610616,Correct,Correct,17,1,H₂O,S2_1,S3_1,text-embedding-3-large,S_final
S0 + Morgan fingerprint,gemini-3.1-flash-lite,S2_1→S3_1,2,3,C->C,0.6912910600503285,0.6856128474076589,Correct,Correct,18,1,H₂O,S2_1,S3_1,text-embedding-3-large,S_final
S0 + Morgan fingerprint,gemini-3.1-flash-lite,S2_1→S3_1,2,3,C->C,0.6258067657550176,0.6500829617182413,Correct,Correct,19,1,H₂O,S2_1,S3_1,text-embedding-3-large,S_final
S0 + Morgan fingerprint,gemini-3.1-flash-lite,S2_1→S3_1,2,3,C->C,0.699691626429558,0.7101855367422104,Correct,Correct,20,1,EtOH/H₂O,S2_1,S3_1,text-embedding-3-large,S_final
S0 + Morgan fingerprint,gemini-3.1-flash-lite,S2_1→S3_1,2,3,C->C,0.6169894099235534,0.6329924255609511,Correct,Correct,22,1,EtOH/H₂O,S2_1,S3_1,text-embedding-3-large,S_final
S0 + Morgan fingerprint,gemini-3.1-flash-lite,S2_1→S3_1,2,3,C->C,0.6710125962893168,0.6893951912720997,Correct,Correct,23,1,EtOH/H₂O,S2_1,S3_1,text-embedding-3-large,S_final
S0 + Morgan fingerprint,gemini-3.1-flash-lite,S2_1→S3_1,2,3,C->C,0.5007712056239445,0.5230494290590286,Correct,Correct,25,1,NaOH,S2_1,S3_1,text-embedding-3-large,S_final
S0 + Morgan fingerprint,gemini-3.1-flash-lite,S2_1→S3_1,2,3,C->C,0.5577897399663925,0.5682265942295391,Correct,Correct,25,2,Organic solvents,S2_1,S3_1,text-embedding-3-large,S_final
S0 + Morgan fingerprint,gemini-3.1-flash-lite,S2_1→S3_1,2,3,C->C,0.6343400448560713,0.6278141429026921,Correct,Correct,26,1,NaOH,S2_1,S3_1,text-embedding-3-large,S_final
S0 + Morgan fingerprint,gemini-3.1-flash-lite,S2_1→S3_1,2,3,C->C,0.4676653405030568,0.5639958014090856,Correct,Correct,26,2,KOH,S2_1,S3_1,text-embedding-3-large,S_final
S0 + Morgan fingerprint,gemini-3.1-flash-lite,S2_1→S3_1,2,3,C->C,0.4830062622825304,0.5309085443615913,Correct,Correct,26,3,LiOH,S2_1,S3_1,text-embedding-3-large,S_final
S0 + Morgan fingerprint,gemini-3.1-flash-lite,S2_1→S3_1,2,3,C->C,0.6615942537784577,0.6401183595259985,Correct,Correct,26,4,Organic solvents,S2_1,S3_1,text-embedding-3-large,S_final
S0 + Morgan fingerprint,gemini-3.1-flash-lite,S2_1→S3_1,2,3,C->C,0.6193040976921718,0.6509728997945784,Correct,Correct,27,1,NaOH,S2_1,S3_1,text-embedding-3-large,S_final
S0 + Morgan fingerprint,gemini-3.1-flash-lite,S2_1→S3_1,2,3,C->C,0.4923992370565732,0.5713140378395717,Correct,Correct,27,2,KOH,S2_1,S3_1,text-embedding-3-large,S_final
S0 + Morgan fingerprint,gemini-3.1-flash-lite,S2_1→S3_1,2,3,C->C,0.4751583521564801,0.5961638222138087,Correct,Correct,27,3,LiOH,S2_1,S3_1,text-embedding-3-large,S_final
S0 + Morgan fingerprint,gemini-3.1-flash-lite,S2_1→S3_1,2,3,C->C,0.7273463189601898,0.7391386290391285,Correct,Correct,27,4,Organic solvents,S2_1,S3_1,text-embedding-3-large,S_final
S0 + Morgan fingerprint,gemini-3.1-flash-lite,S2_1→S3_1,2,3,C->C,0.5664321998755136,0.5835882325967152,Correct,Correct,28,1,NaOH,S2_1,S3_1,text-embedding-3-large,S_final
S0 + Morgan fingerprint,gemini-3.1-flash-lite,S2_1→S3_1,2,3,C->C,0.4548322995503743,0.4850898469487825,Correct,Correct,28,2,Organic solvents,S2_1,S3_1,text-embedding-3-large,S_final
S0 + Morgan fingerprint,gemini-3.1-flash-lite,S2_1→S3_1,2,3,C->C,0.6185485363006591,0.6170475711425145,Correct,Correct,29,1,NaOH,S2_1,S3_1,text-embedding-3-large,S_final
S0 + Morgan fingerprint,gemini-3.1-flash-lite,S2_1→S3_1,2,3,C->C,0.4375131085515022,0.4452185834447542,Correct,Correct,29,2,Organic solvents,S2_1,S3_1,text-embedding-3-large,S_final
S0 + Morgan fingerprint,gemini-3.1-flash-lite,S2_1→S3_1,2,3,C->C,0.5928236722946166,0.6300258020559946,Correct,Correct,30,1,NaOH,S2_1,S3_1,text-embedding-3-large,S_final
S0 + Morgan fingerprint,gemini-3.1-flash-lite,S2_1→S3_1,2,3,C->C,0.4527051498492558,0.4802091091871261,Correct,Correct,30,2,Organic solvents,S2_1,S3_1,text-embedding-3-large,S_final
S0 + Morgan fingerprint,gemini-3.1-flash-lite,S2_1→S3_1,2,3,C->C,0.6005913982788722,0.6533427019913991,Correct,Correct,32,1,H₂O,S2_1,S3_1,text-embedding-3-large,S_final
S0 + Morgan fingerprint,gemini-3.1-flash-lite,S2_1→S3_1,2,3,C->C,0.6517486244440078,0.6548518846432367,Correct,Correct,33,1,H₂O,S2_1,S3_1,text-embedding-3-large,S_final
S0 + Morgan fingerprint,gemini-3.1-flash-lite,S2_1→S3_1,2,3,C->C,0.5453760166962941,0.5752267718315124,Correct,Correct,34,1,H₂O,S2_1,S3_1,text-embedding-3-large,S_final
S0 + Morgan fingerprint,gemini-3.1-flash-lite,S2_1→S3_1,2,3,C->C,0.6640061676502227,0.6838280608256658,Correct,Correct,36,1,NaCl,S2_1,S3_1,text-embedding-3-large,S_final
S0 + Morgan fingerprint,gemini-3.1-flash-lite,S2_1→S3_1,2,3,C->C,0.5885073006153106,0.5862780004739762,Correct,Correct,36,3,NaCl + TAcG,S2_1,S3_1,text-embedding-3-large,S_final
S0 + Morgan fingerprint,gemini-3.1-flash-lite,S2_1→S3_1,2,3,C->C,0.567932998140653,0.592804197470347,Correct,Correct,37,1,KCl + NaCl,S2_1,S3_1,text-embedding-3-large,S_final
S0 + Morgan fingerprint,gemini-3.1-flash-lite,S2_1→S3_1,2,3,C->C,0.7162786215543746,0.7411787549654641,Correct,Correct,39,2,KCl,S2_1,S3_1,text-embedding-3-large,S_final
S0 + Morgan fingerprint,gemini-3.1-flash-lite,S2_1→S3_1,2,3,C->C,0.6621037830909093,0.6382369667291642,Correct,Correct,40,1,KCl,S2_1,S3_1,text-embedding-3-large,S_final
S0 + Morgan fingerprint,gemini-3.1-flash-lite,S2_1→S3_1,2,3,C->C,0.5981891989707947,0.5719919264316559,Correct,Correct,40,3,NH₄Cl,S2_1,S3_1,text-embedding-3-large,S_final
S0 + Morgan fingerprint,gemini-3.1-flash-lite,S2_1→S3_1,2,3,C->C,0.6436494916677474,0.6442333469788233,Correct,Correct,40,6,KCl,S2_1,S3_1,text-embedding-3-large,S_final
S0 + Morgan fingerprint,gemini-3.1-flash-lite,S2_1→S3_1,2,3,C->C,0.7104014833768209,0.7144757906595866,Correct,Correct,44,1,KCl,S2_1,S3_1,text-embedding-3-large,S_final
S0 + Morgan fingerprint,gemini-3.1-flash-lite,S2_1→S3_1,2,3,C->C,0.7000867088635762,0.7009821951389313,Correct,Correct,45,1,Organic solvents,S2_1,S3_1,text-embedding-3-large,S_final
S0 + Morgan fingerprint,gemini-3.1-flash-lite,S2_1→S3_1,2,3,C->C,0.6665692935387293,0.6622766931851705,Correct,Correct,46,1,Organic solvents,S2_1,S3_1,text-embedding-3-large,S_final
S0 + Morgan fingerprint,gemini-3.1-flash-lite,S2_1→S3_1,2,3,C->C,0.616272696852684,0.6079615771770478,Correct,Correct,46,2,Organic solvents,S2_1,S3_1,text-embedding-3-large,S_final
S0 + Morgan fingerprint,gemini-3.1-flash-lite,S2_1→S3_1,2,3,C->C,0.6591549545526504,0.6896213938792547,Correct,Correct,47,1,Organic solvents,S2_1,S3_1,text-embedding-3-large,S_final
S0 + Morgan fingerprint,gemini-3.1-flash-lite,S2_1→S3_1,2,3,C->C,0.5782014042139053,0.591005586584409,Correct,Correct,47,2,Organic solvents,S2_1,S3_1,text-embedding-3-large,S_final
S0 + Morgan fingerprint,gemini-3.1-flash-lite,S2_1→S3_1,2,3,C->C,0.6326579103867213,0.6237521022558212,Correct,Correct,48,1,B(OH)₃ + AgNO₃,S2_1,S3_1,text-embedding-3-large,S_final
S0 + Morgan fingerprint,gemini-3.1-flash-lite,S2_1→S3_1,2,3,C->C,0.5436783321201801,0.5715118447939554,Correct,Correct,49,1,B(OH)₃ + AgNO₃,S2_1,S3_1,text-embedding-3-large,S_final
S0 + Morgan fingerprint,gemini-3.1-flash-lite,S2_1→S3_1,2,3,C->C,0.5272856911023458,0.5682711248596509,Correct,Correct,50,1,B(OH)₃ + AgNO₃,S2_1,S3_1,text-embedding-3-large,S_final
S0 + Morgan fingerprint,gemini-3.1-flash-lite,S2_1→S3_1,2,3,C->C,0.6831870307524999,0.7089306722084681,Correct,Correct,51,1,KB(OH)₄,S2_1,S3_1,text-embedding-3-large,S_final
S0 + Morgan fingerprint,gemini-3.1-flash-lite,S2_1→S3_1,2,3,C->C,0.7279203901688257,0.7497812956571579,Correct,Correct,52,1,KB(OH)₄,S2_1,S3_1,text-embedding-3-large,S_final
S0 + Morgan fingerprint,gemini-3.1-flash-lite,S2_1→S3_1,2,3,C->C,0.5414165884256362,0.5460111781954765,Correct,Correct,53,1,H₂O,S2_1,S3_1,text-embedding-3-large,S_final
S0 + Morgan fingerprint,gemini-3.1-flash-lite,S2_1→S3_1,2,3,C->C,0.6076204429070154,0.6328909575939178,Correct,Correct,53,2,EtOH/H₂O,S2_1,S3_1,text-embedding-3-large,S_final
S0 + Morgan fingerprint,gemini-3.1-flash-lite,S2_1→S3_1,2,3,C->C,0.4673480371634165,0.4324309065937995,Correct,Correct,54,1,H₂O,S2_1,S3_1,text-embedding-3-large,S_final
S0 + Morgan fingerprint,gemini-3.1-flash-lite,S2_1→S3_1,2,3,C->C,0.6403576105833053,0.6717920978864034,Correct,Correct,54,2,EtOH/H₂O,S2_1,S3_1,text-embedding-3-large,S_final
S0 + Morgan fingerprint,gemini-3.1-flash-lite,S2_1→S3_1,2,3,C->C,0.5337987571954727,0.5248511880636215,Correct,Correct,55,1,H₂O,S2_1,S3_1,text-embedding-3-large,S_final
S0 + Morgan fingerprint,gemini-3.1-flash-lite,S2_1→S3_1,2,3,C->C,0.6311465313037236,0.6834524710973103,Correct,Correct,55,2,EtOH/H₂O,S2_1,S3_1,text-embedding-3-large,S_final
S0 + Morgan fingerprint,gemini-3.1-flash-lite,S2_1→S3_1,2,3,C->C,0.5675228973229726,0.6066096564133961,Correct,Correct,56,2,EtOH/H₂O,S2_1,S3_1,text-embedding-3-large,S_final
S0 + Morgan fingerprint,gemini-3.1-flash-lite,S2_1→S3_1,2,3,C->C,0.4595176920294762,0.470257319509983,Correct,Correct,57,1,H₂O,S2_1,S3_1,text-embedding-3-large,S_final
S0 + Morgan fingerprint,gemini-3.1-flash-lite,S2_1→S3_1,2,3,C->C,0.3739389469226201,0.3960770408312479,Correct,Correct,57,2,EtOH/H₂O,S2_1,S3_1,text-embedding-3-large,S_final
S0 + Morgan fingerprint,gemini-3.1-flash-lite,S2_1→S3_1,2,3,C->C,0.5675118426481883,0.554331134756406,Correct,Correct,58,1,H₂O,S2_1,S3_1,text-embedding-3-large,S_final
S0 + Morgan fingerprint,gemini-3.1-flash-lite,S2_1→S3_1,2,3,C->C,0.5543691257635752,0.5936021894216538,Correct,Correct,58,2,EtOH/H₂O,S2_1,S3_1,text-embedding-3-large,S_final
S0 + Morgan fingerprint,gemini-3.1-flash-lite,S2_1→S3_1,2,3,C->C,0.5051740407943726,0.483211158712705,Correct,Correct,59,1,H₂O,S2_1,S3_1,text-embedding-3-large,S_final
S0 + Morgan fingerprint,gemini-3.1-flash-lite,S2_1→S3_1,2,3,C->C,0.5893380184968312,0.6391134808460871,Correct,Correct,59,2,EtOH/H₂O,S2_1,S3_1,text-embedding-3-large,S_final
S0 + Morgan fingerprint,gemini-3.1-flash-lite,S2_1→S3_1,2,3,C->C,0.4457974657416343,0.4850142906109491,Correct,Correct,60,1,H₂O,S2_1,S3_1,text-embedding-3-large,S_final
S0 + Morgan fingerprint,gemini-3.1-flash-lite,S2_1→S3_1,2,3,C->C,0.6138690461715062,0.632509696483612,Correct,Correct,60,2,EtOH/H₂O,S2_1,S3_1,text-embedding-3-large,S_final
S0 + Morgan fingerprint,gemini-3.1-flash-lite,S2_1→S3_1,2,3,C->C,0.4881733318169911,0.4853523820638656,Correct,Correct,61,1,H₂O,S2_1,S3_1,text-embedding-3-large,S_final
S0 + Morgan fingerprint,gemini-3.1-flash-lite,S2_1→S3_1,2,3,C->C,0.642733670771122,0.6527218073606491,Correct,Correct,61,2,EtOH/H₂O,S2_1,S3_1,text-embedding-3-large,S_final
S0 + Morgan fingerprint,gemini-3.1-flash-lite,S2_1→S3_1,2,3,C->C,0.5753838171561559,0.6014801094929377,Correct,Correct,62,1,H₂O,S2_1,S3_1,text-embedding-3-large,S_final
S0 + Morgan fingerprint,gemini-3.1-flash-lite,S2_1→S3_1,2,3,C->C,0.5702819218238194,0.6127738058567047,Correct,Correct,62,2,EtOH/H₂O,S2_1,S3_1,text-embedding-3-large,S_final
S0 + Morgan fingerprint,gemini-3.1-flash-lite,S2_1→S3_1,2,3,C->C,0.5688535302877425,0.5819654991229375,Correct,Correct,63,1,H₂O,S2_1,S3_1,text-embedding-3-large,S_final
S0 + Morgan fingerprint,gemini-3.1-flash-lite,S2_1→S3_1,2,3,C->C,0.576503524184227,0.599013594786326,Correct,Correct,63,2,EtOH/H₂O,S2_1,S3_1,text-embedding-3-large,S_final
S0 + Morgan fingerprint,gemini-3.1-flash-lite,S2_1→S3_1,2,3,C->C,0.6160087386767069,0.5959856549898782,Correct,Correct,64,1,KCl,S2_1,S3_1,text-embedding-3-large,S_final
S0 + Morgan fingerprint,gemini-3.1-flash-lite,S2_1→S3_1,2,3,C->C,0.6076434979836146,0.6166767428318659,Correct,Correct,64,2,NaB(OH)₄,S2_1,S3_1,text-embedding-3-large,S_final
S0 + Morgan fingerprint,gemini-3.1-flash-lite,S2_1→S3_1,2,3,C->W,0.6675074666738511,0.656949649254481,Correct,Wrong,1,4,KCl,S2_1,S3_1,text-embedding-3-large,S_final
S0 + Morgan fingerprint,gemini-3.1-flash-lite,S2_1→S3_1,2,3,C->W,0.4893170436223348,0.5226563269893328,Correct,Wrong,12,1,H₂O,S2_1,S3_1,text-embedding-3-large,S_final
S0 + Morgan fingerprint,gemini-3.1-flash-lite,S2_1→S3_1,2,3,C->W,0.6661591639121373,0.636979912718137,Correct,Wrong,21,1,EtOH/H₂O,S2_1,S3_1,text-embedding-3-large,S_final
S0 + Morgan fingerprint,gemini-3.1-flash-lite,S2_1→S3_1,2,3,C->W,0.6206286003192266,0.6210562904675802,Correct,Wrong,24,1,EtOH/H₂O,S2_1,S3_1,text-embedding-3-large,S_final
S0 + Morgan fingerprint,gemini-3.1-flash-lite,S2_1→S3_1,2,3,C->W,0.604417584836483,0.592863929271698,Correct,Wrong,36,2,KCl,S2_1,S3_1,text-embedding-3-large,S_final
S0 + Morgan fingerprint,gemini-3.1-flash-lite,S2_1→S3_1,2,3,W->C,0.6315116981665293,0.6278999785582225,Wrong,Correct,10,2,PBS,S2_1,S3_1,text-embedding-3-large,S_final
S0 + Morgan fingerprint,gemini-3.1-flash-lite,S2_1→S3_1,2,3,W->C,0.5290856771171093,0.5351972579956054,Wrong,Correct,11,1,H₂O,S2_1,S3_1,text-embedding-3-large,S_final
S0 + Morgan fingerprint,gemini-3.1-flash-lite,S2_1→S3_1,2,3,W->C,0.5022204111019771,0.5557368136942387,Wrong,Correct,15,1,H₂O,S2_1,S3_1,text-embedding-3-large,S_final
S0 + Morgan fingerprint,gemini-3.1-flash-lite,S2_1→S3_1,2,3,W->C,0.6239437560240427,0.674749058485031,Wrong,Correct,31,1,H₂O,S2_1,S3_1,text-embedding-3-large,S_final
S0 + Morgan fingerprint,gemini-3.1-flash-lite,S2_1→S3_1,2,3,W->C,0.4084703996777534,0.4099372908473014,Wrong,Correct,38,1,KCl + NaCl,S2_1,S3_1,text-embedding-3-large,S_final
S0 + Morgan fingerprint,gemini-3.1-flash-lite,S2_1→S3_1,2,3,W->C,0.5042993014057477,0.5267233788967133,Wrong,Correct,39,1,NaCl,S2_1,S3_1,text-embedding-3-large,S_final
S0 + Morgan fingerprint,gemini-3.1-flash-lite,S2_1→S3_1,2,3,W->C,0.688519650697708,0.6631198793649674,Wrong,Correct,40,2,NaCl,S2_1,S3_1,text-embedding-3-large,S_final
S0 + Morgan fingerprint,gemini-3.1-flash-lite,S2_1→S3_1,2,3,W->C,0.4877500529090563,0.5284666292369365,Wrong,Correct,45,2,Organic solvents,S2_1,S3_1,text-embedding-3-large,S_final
S0 + Morgan fingerprint,gemini-3.1-flash-lite,S2_1→S3_1,2,3,W->C,0.5012209609150886,0.5282564118504525,Wrong,Correct,45,3,Organic solvents,S2_1,S3_1,text-embedding-3-large,S_final
S0 + Morgan fingerprint,gemini-3.1-flash-lite,S2_1→S3_1,2,3,W->W,0.6712952146927517,0.678944702943166,Wrong,Wrong,5,3,NaCl,S2_1,S3_1,text-embedding-3-large,S_final
S0 + Morgan fingerprint,gemini-3.1-flash-lite,S2_1→S3_1,2,3,W->W,0.6286611735820771,0.6190031160910925,Wrong,Wrong,6,2,NaCl,S2_1,S3_1,text-embedding-3-large,S_final
S0 + Morgan fingerprint,gemini-3.1-flash-lite,S2_1→S3_1,2,3,W->W,0.7228006045023601,0.708168676495552,Wrong,Wrong,7,2,NaCl,S2_1,S3_1,text-embedding-3-large,S_final
S0 + Morgan fingerprint,gemini-3.1-flash-lite,S2_1→S3_1,2,3,W->W,0.5996975054343542,0.6054502854744593,Wrong,Wrong,7,3,KCl + NaCl,S2_1,S3_1,text-embedding-3-large,S_final
S0 + Morgan fingerprint,gemini-3.1-flash-lite,S2_1→S3_1,2,3,W->W,0.5962426885962486,0.5953235228856405,Wrong,Wrong,7,6,KCl,S2_1,S3_1,text-embedding-3-large,S_final
S0 + Morgan fingerprint,gemini-3.1-flash-lite,S2_1→S3_1,2,3,W->W,0.6827777196963627,0.6821605215469996,Wrong,Wrong,7,7,KCl,S2_1,S3_1,text-embedding-3-large,S_final
S0 + Morgan fingerprint,gemini-3.1-flash-lite,S2_1→S3_1,2,3,W->W,0.5804383412003518,0.5862510432799657,Wrong,Wrong,7,10,KB(OH)₄,S2_1,S3_1,text-embedding-3-large,S_final
S0 + Morgan fingerprint,gemini-3.1-flash-lite,S2_1→S3_1,2,3,W->W,0.6522131721178691,0.6749909768501917,Wrong,Wrong,7,11,LiB(OH)₄,S2_1,S3_1,text-embedding-3-large,S_final
S0 + Morgan fingerprint,gemini-3.1-flash-lite,S2_1→S3_1,2,3,W->W,0.6313866019248962,0.6170499871174494,Wrong,Wrong,8,3,KCl,S2_1,S3_1,text-embedding-3-large,S_final
S0 + Morgan fingerprint,gemini-3.1-flash-lite,S2_1→S3_1,2,3,W->W,0.5160362447301546,0.5378732822835446,Wrong,Wrong,8,4,KCl,S2_1,S3_1,text-embedding-3-large,S_final
S0 + Morgan fingerprint,gemini-3.1-flash-lite,S2_1→S3_1,2,3,W->W,0.6287921975056331,0.6689422756433486,Wrong,Wrong,9,2,KCl,S2_1,S3_1,text-embedding-3-large,S_final
S0 + Morgan fingerprint,gemini-3.1-flash-lite,S2_1→S3_1,2,3,W->W,0.6977240939935049,0.7349255184332529,Wrong,Wrong,13,1,H₂O,S2_1,S3_1,text-embedding-3-large,S_final
S0 + Morgan fingerprint,gemini-3.1-flash-lite,S2_1→S3_1,2,3,W->W,0.5783020049333573,0.5777255048354467,Wrong,Wrong,35,1,H₂O,S2_1,S3_1,text-embedding-3-large,S_final
S0 + Morgan fingerprint,gemini-3.1-flash-lite,S2_1→S3_1,2,3,W->W,0.6420136094093323,0.6817283610502879,Wrong,Wrong,37,2,KCl,S2_1,S3_1,text-embedding-3-large,S_final
S0 + Morgan fingerprint,gemini-3.1-flash-lite,S2_1→S3_1,2,3,W->W,0.3836858799060185,0.3562801544864972,Wrong,Wrong,38,2,KCl,S2_1,S3_1,text-embedding-3-large,S_final
S0 + Morgan fingerprint,gemini-3.1-flash-lite,S2_1→S3_1,2,3,W->W,0.5730401903390884,0.623006663719813,Wrong,Wrong,40,4,Me₄NCl,S2_1,S3_1,text-embedding-3-large,S_final
S0 + Morgan fingerprint,gemini-3.1-flash-lite,S2_1→S3_1,2,3,W->W,0.639896806081136,0.6292240113019943,Wrong,Wrong,40,5,Borate buffer,S2_1,S3_1,text-embedding-3-large,S_final
S0 + Morgan fingerprint,gemini-3.1-flash-lite,S2_1→S3_1,2,3,W->W,0.6349565982818604,0.6708857874075571,Wrong,Wrong,41,1,KCl,S2_1,S3_1,text-embedding-3-large,S_final
S0 + Morgan fingerprint,gemini-3.1-flash-lite,S2_1→S3_1,2,3,W->W,0.5445127576589585,0.5108223721385002,Wrong,Wrong,42,1,KCl,S2_1,S3_1,text-embedding-3-large,S_final
S0 + Morgan fingerprint,gemini-3.1-flash-lite,S2_1→S3_1,2,3,W->W,0.5752380549907685,0.6022359997034074,Wrong,Wrong,43,1,KCl,S2_1,S3_1,text-embedding-3-large,S_final
S0 + Morgan fingerprint,gemini-3.1-flash-lite,S2_1→S3_1,2,3,W->W,0.4962121715148289,0.4839795261621475,Wrong,Wrong,48,2,B(OH)₃ + other ions,S2_1,S3_1,text-embedding-3-large,S_final
S0 + Morgan fingerprint,gemini-3.1-flash-lite,S2_1→S3_1,2,3,W->W,0.5051927238702772,0.5485597456494967,Wrong,Wrong,56,1,H₂O,S2_1,S3_1,text-embedding-3-large,S_final
S0 + Morgan fingerprint,gpt-4o,S0→S1_1,0,1,C->C,0.6743497053782145,0.640347135066986,Correct,Correct,1,1,Tb(NO₃)₃ or Dy(NO₃)₃,S0,S1_1,text-embedding-3-large,S_final
S0 + Morgan fingerprint,gpt-4o,S0→S1_1,0,1,C->C,0.6649110585451126,0.6749252066016196,Correct,Correct,4,2,NaCl,S0,S1_1,text-embedding-3-large,S_final
S0 + Morgan fingerprint,gpt-4o,S0→S1_1,0,1,C->C,0.6397933741410574,0.6393867537379265,Correct,Correct,4,3,KCl,S0,S1_1,text-embedding-3-large,S_final
S0 + Morgan fingerprint,gpt-4o,S0→S1_1,0,1,C->C,0.6653545379638671,0.6781108071406683,Correct,Correct,5,1,LiCl,S0,S1_1,text-embedding-3-large,S_final
S0 + Morgan fingerprint,gpt-4o,S0→S1_1,0,1,C->C,0.6603899051745732,0.6410845667123795,Correct,Correct,5,2,KCl,S0,S1_1,text-embedding-3-large,S_final
S0 + Morgan fingerprint,gpt-4o,S0→S1_1,0,1,C->C,0.6677799890438715,0.6771088550488154,Correct,Correct,6,1,LiCl,S0,S1_1,text-embedding-3-large,S_final
S0 + Morgan fingerprint,gpt-4o,S0→S1_1,0,1,C->C,0.6667122761408487,0.6462615013122558,Correct,Correct,6,3,KCl,S0,S1_1,text-embedding-3-large,S_final
S0 + Morgan fingerprint,gpt-4o,S0→S1_1,0,1,C->C,0.6282546569903692,0.5842337975899378,Correct,Correct,7,4,KCl,S0,S1_1,text-embedding-3-large,S_final
S0 + Morgan fingerprint,gpt-4o,S0→S1_1,0,1,C->C,0.6836798757314683,0.5969236731529235,Correct,Correct,7,5,KCl,S0,S1_1,text-embedding-3-large,S_final
S0 + Morgan fingerprint,gpt-4o,S0→S1_1,0,1,C->C,0.6360535403092702,0.6013739705085754,Correct,Correct,7,8,KCl + TAcG,S0,S1_1,text-embedding-3-large,S_final
S0 + Morgan fingerprint,gpt-4o,S0→S1_1,0,1,C->C,0.6618158370256424,0.6287143727143606,Correct,Correct,7,9,KB(OH)₄,S0,S1_1,text-embedding-3-large,S_final
S0 + Morgan fingerprint,gpt-4o,S0→S1_1,0,1,C->C,0.643705305457115,0.6068774829308191,Correct,Correct,8,3,KCl,S0,S1_1,text-embedding-3-large,S_final
S0 + Morgan fingerprint,gpt-4o,S0→S1_1,0,1,C->C,0.5691029131412505,0.5697438384095828,Correct,Correct,8,4,KCl,S0,S1_1,text-embedding-3-large,S_final
S0 + Morgan fingerprint,gpt-4o,S0→S1_1,0,1,C->C,0.7093412359555562,0.6853479564189909,Correct,Correct,13,1,H₂O,S0,S1_1,text-embedding-3-large,S_final
S0 + Morgan fingerprint,gpt-4o,S0→S1_1,0,1,C->C,0.543002554277579,0.5196386908491452,Correct,Correct,13,2,acidic pH,S0,S1_1,text-embedding-3-large,S_final
S0 + Morgan fingerprint,gpt-4o,S0→S1_1,0,1,C->C,0.6647148787975311,0.6546896964311599,Correct,Correct,16,1,H₂O,S0,S1_1,text-embedding-3-large,S_final
S0 + Morgan fingerprint,gpt-4o,S0→S1_1,0,1,C->C,0.678551094730695,0.6634749720493952,Correct,Correct,18,1,H₂O,S0,S1_1,text-embedding-3-large,S_final
S0 + Morgan fingerprint,gpt-4o,S0→S1_1,0,1,C->C,0.5801176145672797,0.6144995162884394,Correct,Correct,19,1,H₂O,S0,S1_1,text-embedding-3-large,S_final
S0 + Morgan fingerprint,gpt-4o,S0→S1_1,0,1,C->C,0.6799714356660843,0.650473527610302,Correct,Correct,20,1,EtOH/H₂O,S0,S1_1,text-embedding-3-large,S_final
S0 + Morgan fingerprint,gpt-4o,S0→S1_1,0,1,C->C,0.6570494602123896,0.6200857679049173,Correct,Correct,21,1,EtOH/H₂O,S0,S1_1,text-embedding-3-large,S_final
S0 + Morgan fingerprint,gpt-4o,S0→S1_1,0,1,C->C,0.5083108559250832,0.5264116331934928,Correct,Correct,25,1,NaOH,S0,S1_1,text-embedding-3-large,S_final
S0 + Morgan fingerprint,gpt-4o,S0→S1_1,0,1,C->C,0.6155444880326589,0.5848055988550186,Correct,Correct,25,2,Organic solvents,S0,S1_1,text-embedding-3-large,S_final
S0 + Morgan fingerprint,gpt-4o,S0→S1_1,0,1,C->C,0.6264413287242253,0.5833889792362849,Correct,Correct,26,1,NaOH,S0,S1_1,text-embedding-3-large,S_final
S0 + Morgan fingerprint,gpt-4o,S0→S1_1,0,1,C->C,0.6712270895640056,0.6309755484263102,Correct,Correct,26,4,Organic solvents,S0,S1_1,text-embedding-3-large,S_final
S0 + Morgan fingerprint,gpt-4o,S0→S1_1,0,1,C->C,0.6007704824209212,0.5873606033623218,Correct,Correct,27,1,NaOH,S0,S1_1,text-embedding-3-large,S_final
S0 + Morgan fingerprint,gpt-4o,S0→S1_1,0,1,C->C,0.4941128979126612,0.4949607277909915,Correct,Correct,27,2,KOH,S0,S1_1,text-embedding-3-large,S_final
S0 + Morgan fingerprint,gpt-4o,S0→S1_1,0,1,C->C,0.714453183611234,0.6822475562493006,Correct,Correct,27,4,Organic solvents,S0,S1_1,text-embedding-3-large,S_final
S0 + Morgan fingerprint,gpt-4o,S0→S1_1,0,1,C->C,0.5049643745024999,0.4890331044793128,Correct,Correct,28,2,Organic solvents,S0,S1_1,text-embedding-3-large,S_final
S0 + Morgan fingerprint,gpt-4o,S0→S1_1,0,1,C->C,0.6218078300356864,0.6227417528629302,Correct,Correct,29,1,NaOH,S0,S1_1,text-embedding-3-large,S_final
S0 + Morgan fingerprint,gpt-4o,S0→S1_1,0,1,C->C,0.4726516832907994,0.4737099513411522,Correct,Correct,29,2,Organic solvents,S0,S1_1,text-embedding-3-large,S_final
S0 + Morgan fingerprint,gpt-4o,S0→S1_1,0,1,C->C,0.5843960712353388,0.5662425234913826,Correct,Correct,30,1,NaOH,S0,S1_1,text-embedding-3-large,S_final
S0 + Morgan fingerprint,gpt-4o,S0→S1_1,0,1,C->C,0.4804408326745033,0.4581506570180256,Correct,Correct,30,2,Organic solvents,S0,S1_1,text-embedding-3-large,S_final
S0 + Morgan fingerprint,gpt-4o,S0→S1_1,0,1,C->C,0.7267395630478859,0.6915372043848037,Correct,Correct,39,2,KCl,S0,S1_1,text-embedding-3-large,S_final
S0 + Morgan fingerprint,gpt-4o,S0→S1_1,0,1,C->C,0.6832787096500397,0.6670634835958481,Correct,Correct,40,1,KCl,S0,S1_1,text-embedding-3-large,S_final
S0 + Morgan fingerprint,gpt-4o,S0→S1_1,0,1,C->C,0.6217179189125697,0.6135549853245417,Correct,Correct,40,6,KCl,S0,S1_1,text-embedding-3-large,S_final
S0 + Morgan fingerprint,gpt-4o,S0→S1_1,0,1,C->C,0.6882438331842422,0.6239624331394831,Correct,Correct,45,1,Organic solvents,S0,S1_1,text-embedding-3-large,S_final
S0 + Morgan fingerprint,gpt-4o,S0→S1_1,0,1,C->C,0.6669605990250905,0.6109009871880213,Correct,Correct,46,1,Organic solvents,S0,S1_1,text-embedding-3-large,S_final
S0 + Morgan fingerprint,gpt-4o,S0→S1_1,0,1,C->C,0.6319725493590037,0.621546991666158,Correct,Correct,46,2,Organic solvents,S0,S1_1,text-embedding-3-large,S_final
S0 + Morgan fingerprint,gpt-4o,S0→S1_1,0,1,C->C,0.6733701527118683,0.6493928541739781,Correct,Correct,47,1,Organic solvents,S0,S1_1,text-embedding-3-large,S_final
S0 + Morgan fingerprint,gpt-4o,S0→S1_1,0,1,C->C,0.592637883623441,0.5660280078649521,Correct,Correct,47,2,Organic solvents,S0,S1_1,text-embedding-3-large,S_final
S0 + Morgan fingerprint,gpt-4o,S0→S1_1,0,1,C->C,0.495851495116949,0.4860559776425361,Correct,Correct,50,1,B(OH)₃ + AgNO₃,S0,S1_1,text-embedding-3-large,S_final
S0 + Morgan fingerprint,gpt-4o,S0→S1_1,0,1,C->C,0.6891716549793879,0.7003889570633571,Correct,Correct,52,1,KB(OH)₄,S0,S1_1,text-embedding-3-large,S_final
S0 + Morgan fingerprint,gpt-4o,S0→S1_1,0,1,C->C,0.6380835910638173,0.6154900580644608,Correct,Correct,53,2,EtOH/H₂O,S0,S1_1,text-embedding-3-large,S_final
S0 + Morgan fingerprint,gpt-4o,S0→S1_1,0,1,C->C,0.6171315461397171,0.6393809884786605,Correct,Correct,54,2,EtOH/H₂O,S0,S1_1,text-embedding-3-large,S_final
S0 + Morgan fingerprint,gpt-4o,S0→S1_1,0,1,C->C,0.6293025990327199,0.6650087624788285,Correct,Correct,55,2,EtOH/H₂O,S0,S1_1,text-embedding-3-large,S_final
S0 + Morgan fingerprint,gpt-4o,S0→S1_1,0,1,C->C,0.5956790049870808,0.5873006651798884,Correct,Correct,56,2,EtOH/H₂O,S0,S1_1,text-embedding-3-large,S_final
S0 + Morgan fingerprint,gpt-4o,S0→S1_1,0,1,C->C,0.5899840931097667,0.5526088212927182,Correct,Correct,58,2,EtOH/H₂O,S0,S1_1,text-embedding-3-large,S_final
S0 + Morgan fingerprint,gpt-4o,S0→S1_1,0,1,C->C,0.589115119477113,0.5942484319210052,Correct,Correct,59,2,EtOH/H₂O,S0,S1_1,text-embedding-3-large,S_final
S0 + Morgan fingerprint,gpt-4o,S0→S1_1,0,1,C->C,0.6003879487514495,0.6064901252587637,Correct,Correct,60,2,EtOH/H₂O,S0,S1_1,text-embedding-3-large,S_final
S0 + Morgan fingerprint,gpt-4o,S0→S1_1,0,1,C->C,0.6083967596292496,0.6165267944335937,Correct,Correct,61,2,EtOH/H₂O,S0,S1_1,text-embedding-3-large,S_final
S0 + Morgan fingerprint,gpt-4o,S0→S1_1,0,1,C->C,0.5913128077983856,0.599231505393982,Correct,Correct,64,1,KCl,S0,S1_1,text-embedding-3-large,S_final
S0 + Morgan fingerprint,gpt-4o,S0→S1_1,0,1,C->W,0.6639918237924576,0.6708819568157196,Correct,Wrong,1,4,KCl,S0,S1_1,text-embedding-3-large,S_final
S0 + Morgan fingerprint,gpt-4o,S0→S1_1,0,1,C->W,0.6856983174880344,0.6495518227418263,Correct,Wrong,2,1,Tb(NO₃)₃ or Eu(NO₃)₃,S0,S1_1,text-embedding-3-large,S_final
S0 + Morgan fingerprint,gpt-4o,S0→S1_1,0,1,C->W,0.6728094130754471,0.6249450306097666,Correct,Wrong,3,1,Tb(NO₃)₃ or Eu(NO₃)₃,S0,S1_1,text-embedding-3-large,S_final
S0 + Morgan fingerprint,gpt-4o,S0→S1_1,0,1,C->W,0.6682098140319188,0.6721249118447303,Correct,Wrong,4,1,LiCl,S0,S1_1,text-embedding-3-large,S_final
S0 + Morgan fingerprint,gpt-4o,S0→S1_1,0,1,C->W,0.6120031336943308,0.615026710430781,Correct,Wrong,6,2,NaCl,S0,S1_1,text-embedding-3-large,S_final
S0 + Morgan fingerprint,gpt-4o,S0→S1_1,0,1,C->W,0.6322993089755377,0.5477736771106719,Correct,Wrong,10,1,H₂O,S0,S1_1,text-embedding-3-large,S_final
S0 + Morgan fingerprint,gpt-4o,S0→S1_1,0,1,C->W,0.6256039222081502,0.5838641931613285,Correct,Wrong,10,2,PBS,S0,S1_1,text-embedding-3-large,S_final
S0 + Morgan fingerprint,gpt-4o,S0→S1_1,0,1,C->W,0.4744915597140788,0.4900252193212508,Correct,Wrong,15,1,H₂O,S0,S1_1,text-embedding-3-large,S_final
S0 + Morgan fingerprint,gpt-4o,S0→S1_1,0,1,C->W,0.6640536059935888,0.5659846032659211,Correct,Wrong,31,1,H₂O,S0,S1_1,text-embedding-3-large,S_final
S0 + Morgan fingerprint,gpt-4o,S0→S1_1,0,1,C->W,0.6394943406184513,0.6337446391582489,Correct,Wrong,36,1,NaCl,S0,S1_1,text-embedding-3-large,S_final
S0 + Morgan fingerprint,gpt-4o,S0→S1_1,0,1,C->W,0.5597643504540125,0.5804170131683348,Correct,Wrong,36,3,NaCl + TAcG,S0,S1_1,text-embedding-3-large,S_final
S0 + Morgan fingerprint,gpt-4o,S0→S1_1,0,1,C->W,0.6528925339380899,0.6389069199562072,Correct,Wrong,37,2,KCl,S0,S1_1,text-embedding-3-large,S_final
S0 + Morgan fingerprint,gpt-4o,S0→S1_1,0,1,C->W,0.6265763501326244,0.6648756702740987,Correct,Wrong,40,2,NaCl,S0,S1_1,text-embedding-3-large,S_final
S0 + Morgan fingerprint,gpt-4o,S0→S1_1,0,1,C->W,0.5895238886276881,0.6369295706351598,Correct,Wrong,40,3,NH₄Cl,S0,S1_1,text-embedding-3-large,S_final
S0 + Morgan fingerprint,gpt-4o,S0→S1_1,0,1,C->W,0.5953268026312192,0.6207618862390518,Correct,Wrong,40,4,Me₄NCl,S0,S1_1,text-embedding-3-large,S_final
S0 + Morgan fingerprint,gpt-4o,S0→S1_1,0,1,C->W,0.6825178921222687,0.6414448569218317,Correct,Wrong,41,1,KCl,S0,S1_1,text-embedding-3-large,S_final
S0 + Morgan fingerprint,gpt-4o,S0→S1_1,0,1,C->W,0.6334470748901366,0.5418351928393046,Correct,Wrong,48,1,B(OH)₃ + AgNO₃,S0,S1_1,text-embedding-3-large,S_final
S0 + Morgan fingerprint,gpt-4o,S0→S1_1,0,1,C->W,0.5740610917409261,0.5341567118962606,Correct,Wrong,56,1,H₂O,S0,S1_1,text-embedding-3-large,S_final
S0 + Morgan fingerprint,gpt-4o,S0→S1_1,0,1,C->W,0.661472330490748,0.5506009951233862,Correct,Wrong,64,2,NaB(OH)₄,S0,S1_1,text-embedding-3-large,S_final
S0 + Morgan fingerprint,gpt-4o,S0→S1_1,0,1,W->C,0.5555682177344958,0.5418732846776644,Wrong,Correct,1,3,NaCl,S0,S1_1,text-embedding-3-large,S_final
S0 + Morgan fingerprint,gpt-4o,S0→S1_1,0,1,W->C,0.6615128656228383,0.6767815570036569,Wrong,Correct,3,2,B(OH)₃ + AgNO₃,S0,S1_1,text-embedding-3-large,S_final
S0 + Morgan fingerprint,gpt-4o,S0→S1_1,0,1,W->C,0.5956623534361521,0.6356754730145137,Wrong,Correct,8,2,NaCl,S0,S1_1,text-embedding-3-large,S_final
S0 + Morgan fingerprint,gpt-4o,S0→S1_1,0,1,W->C,0.6552813907464347,0.6268098811308542,Wrong,Correct,9,1,LiCl,S0,S1_1,text-embedding-3-large,S_final
S0 + Morgan fingerprint,gpt-4o,S0→S1_1,0,1,W->C,0.6566543370485306,0.6331140299638113,Wrong,Correct,9,3,NaCl,S0,S1_1,text-embedding-3-large,S_final
S0 + Morgan fingerprint,gpt-4o,S0→S1_1,0,1,W->C,0.5386869112650553,0.5095948676268259,Wrong,Correct,12,1,H₂O,S0,S1_1,text-embedding-3-large,S_final
S0 + Morgan fingerprint,gpt-4o,S0→S1_1,0,1,W->C,0.5585556775331497,0.62253710826238,Wrong,Correct,17,1,H₂O,S0,S1_1,text-embedding-3-large,S_final
S0 + Morgan fingerprint,gpt-4o,S0→S1_1,0,1,W->C,0.5933718542257945,0.5989223172267277,Wrong,Correct,22,1,EtOH/H₂O,S0,S1_1,text-embedding-3-large,S_final
S0 + Morgan fingerprint,gpt-4o,S0→S1_1,0,1,W->C,0.6260374655326207,0.6315665225187937,Wrong,Correct,23,1,EtOH/H₂O,S0,S1_1,text-embedding-3-large,S_final
S0 + Morgan fingerprint,gpt-4o,S0→S1_1,0,1,W->C,0.5736252705256145,0.6212775280078252,Wrong,Correct,24,1,EtOH/H₂O,S0,S1_1,text-embedding-3-large,S_final
S0 + Morgan fingerprint,gpt-4o,S0→S1_1,0,1,W->C,0.4749995092550913,0.4441304246584574,Wrong,Correct,26,2,KOH,S0,S1_1,text-embedding-3-large,S_final
S0 + Morgan fingerprint,gpt-4o,S0→S1_1,0,1,W->C,0.4768324916561444,0.5010573476552963,Wrong,Correct,26,3,LiOH,S0,S1_1,text-embedding-3-large,S_final
S0 + Morgan fingerprint,gpt-4o,S0→S1_1,0,1,W->C,0.4967467524111271,0.4910843461751937,Wrong,Correct,27,3,LiOH,S0,S1_1,text-embedding-3-large,S_final
S0 + Morgan fingerprint,gpt-4o,S0→S1_1,0,1,W->C,0.5543113480011622,0.5556938640773297,Wrong,Correct,28,1,NaOH,S0,S1_1,text-embedding-3-large,S_final
S0 + Morgan fingerprint,gpt-4o,S0→S1_1,0,1,W->C,0.5388702273368835,0.5742110393941402,Wrong,Correct,32,1,H₂O,S0,S1_1,text-embedding-3-large,S_final
S0 + Morgan fingerprint,gpt-4o,S0→S1_1,0,1,W->C,0.5855801984667778,0.57752435952425,Wrong,Correct,33,1,H₂O,S0,S1_1,text-embedding-3-large,S_final
S0 + Morgan fingerprint,gpt-4o,S0→S1_1,0,1,W->C,0.5656979377071062,0.5691797484954199,Wrong,Correct,34,1,H₂O,S0,S1_1,text-embedding-3-large,S_final
S0 + Morgan fingerprint,gpt-4o,S0→S1_1,0,1,W->C,0.5865650231639544,0.5947640866041183,Wrong,Correct,37,1,KCl + NaCl,S0,S1_1,text-embedding-3-large,S_final
S0 + Morgan fingerprint,gpt-4o,S0→S1_1,0,1,W->C,0.4268631195028622,0.4025052318970362,Wrong,Correct,38,1,KCl + NaCl,S0,S1_1,text-embedding-3-large,S_final
S0 + Morgan fingerprint,gpt-4o,S0→S1_1,0,1,W->C,0.5491250559687615,0.5825945407152177,Wrong,Correct,42,1,KCl,S0,S1_1,text-embedding-3-large,S_final
S0 + Morgan fingerprint,gpt-4o,S0→S1_1,0,1,W->C,0.5510169784228006,0.5694514056046803,Wrong,Correct,43,1,KCl,S0,S1_1,text-embedding-3-large,S_final
S0 + Morgan fingerprint,gpt-4o,S0→S1_1,0,1,W->C,0.6497533907492955,0.6860446433226267,Wrong,Correct,44,1,KCl,S0,S1_1,text-embedding-3-large,S_final
S0 + Morgan fingerprint,gpt-4o,S0→S1_1,0,1,W->C,0.547641379137834,0.4963400195042292,Wrong,Correct,48,2,B(OH)₃ + other ions,S0,S1_1,text-embedding-3-large,S_final
S0 + Morgan fingerprint,gpt-4o,S0→S1_1,0,1,W->C,0.6287747263908386,0.5474844564994176,Wrong,Correct,53,1,H₂O,S0,S1_1,text-embedding-3-large,S_final
S0 + Morgan fingerprint,gpt-4o,S0→S1_1,0,1,W->C,0.500516461332639,0.4319311589002608,Wrong,Correct,54,1,H₂O,S0,S1_1,text-embedding-3-large,S_final
S0 + Morgan fingerprint,gpt-4o,S0→S1_1,0,1,W->C,0.5231357559561728,0.5498908862471581,Wrong,Correct,55,1,H₂O,S0,S1_1,text-embedding-3-large,S_final
S0 + Morgan fingerprint,gpt-4o,S0→S1_1,0,1,W->C,0.4798889599740504,0.4735604971647262,Wrong,Correct,57,1,H₂O,S0,S1_1,text-embedding-3-large,S_final
S0 + Morgan fingerprint,gpt-4o,S0→S1_1,0,1,W->C,0.5617130517959594,0.542835842569669,Wrong,Correct,58,1,H₂O,S0,S1_1,text-embedding-3-large,S_final
S0 + Morgan fingerprint,gpt-4o,S0→S1_1,0,1,W->C,0.5188211714227994,0.4823597113291422,Wrong,Correct,59,1,H₂O,S0,S1_1,text-embedding-3-large,S_final
S0 + Morgan fingerprint,gpt-4o,S0→S1_1,0,1,W->C,0.4710826565821964,0.4526273141304651,Wrong,Correct,60,1,H₂O,S0,S1_1,text-embedding-3-large,S_final
S0 + Morgan fingerprint,gpt-4o,S0→S1_1,0,1,W->C,0.4936495453119278,0.4821573058764139,Wrong,Correct,61,1,H₂O,S0,S1_1,text-embedding-3-large,S_final
S0 + Morgan fingerprint,gpt-4o,S0→S1_1,0,1,W->C,0.5567517071962357,0.5920313586791356,Wrong,Correct,62,1,H₂O,S0,S1_1,text-embedding-3-large,S_final
S0 + Morgan fingerprint,gpt-4o,S0→S1_1,0,1,W->C,0.5436541343728701,0.5846867690483729,Wrong,Correct,62,2,EtOH/H₂O,S0,S1_1,text-embedding-3-large,S_final
S0 + Morgan fingerprint,gpt-4o,S0→S1_1,0,1,W->C,0.5676994994282722,0.6007764707008997,Wrong,Correct,63,1,H₂O,S0,S1_1,text-embedding-3-large,S_final
S0 + Morgan fingerprint,gpt-4o,S0→S1_1,0,1,W->C,0.5459767207503319,0.5939388304948806,Wrong,Correct,63,2,EtOH/H₂O,S0,S1_1,text-embedding-3-large,S_final
S0 + Morgan fingerprint,gpt-4o,S0→S1_1,0,1,W->W,0.599844413002332,0.6020323470234871,Wrong,Wrong,1,2,LiCl,S0,S1_1,text-embedding-3-large,S_final
S0 + Morgan fingerprint,gpt-4o,S0→S1_1,0,1,W->W,0.5550579354166985,0.5896271631121635,Wrong,Wrong,1,5,KB(OH)₄,S0,S1_1,text-embedding-3-large,S_final
S0 + Morgan fingerprint,gpt-4o,S0→S1_1,0,1,W->W,0.6577372898658117,0.6533112833897272,Wrong,Wrong,5,3,NaCl,S0,S1_1,text-embedding-3-large,S_final
S0 + Morgan fingerprint,gpt-4o,S0→S1_1,0,1,W->W,0.7061958362658819,0.6435976992050807,Wrong,Wrong,7,1,LiCl,S0,S1_1,text-embedding-3-large,S_final
S0 + Morgan fingerprint,gpt-4o,S0→S1_1,0,1,W->W,0.6750640590985615,0.6467962265014648,Wrong,Wrong,7,2,NaCl,S0,S1_1,text-embedding-3-large,S_final
S0 + Morgan fingerprint,gpt-4o,S0→S1_1,0,1,W->W,0.6114349782466889,0.5509407599767049,Wrong,Wrong,7,3,KCl + NaCl,S0,S1_1,text-embedding-3-large,S_final
S0 + Morgan fingerprint,gpt-4o,S0→S1_1,0,1,W->W,0.6138543228308359,0.5441611150900523,Wrong,Wrong,7,6,KCl,S0,S1_1,text-embedding-3-large,S_final
S0 + Morgan fingerprint,gpt-4o,S0→S1_1,0,1,W->W,0.6327419499556224,0.6232205321391423,Wrong,Wrong,7,7,KCl,S0,S1_1,text-embedding-3-large,S_final
S0 + Morgan fingerprint,gpt-4o,S0→S1_1,0,1,W->W,0.6151609768470129,0.583791184425354,Wrong,Wrong,7,10,KB(OH)₄,S0,S1_1,text-embedding-3-large,S_final
S0 + Morgan fingerprint,gpt-4o,S0→S1_1,0,1,W->W,0.6405129482348759,0.6138663113117219,Wrong,Wrong,7,11,LiB(OH)₄,S0,S1_1,text-embedding-3-large,S_final
S0 + Morgan fingerprint,gpt-4o,S0→S1_1,0,1,W->W,0.6205216407775879,0.6435463681817055,Wrong,Wrong,8,1,LiCl,S0,S1_1,text-embedding-3-large,S_final
S0 + Morgan fingerprint,gpt-4o,S0→S1_1,0,1,W->W,0.6569815993309022,0.6421340932448705,Wrong,Wrong,9,2,KCl,S0,S1_1,text-embedding-3-large,S_final
S0 + Morgan fingerprint,gpt-4o,S0→S1_1,0,1,W->W,0.5602481454610825,0.4775164658824602,Wrong,Wrong,11,1,H₂O,S0,S1_1,text-embedding-3-large,S_final
S0 + Morgan fingerprint,gpt-4o,S0→S1_1,0,1,W->W,0.591828915476799,0.5620287656784058,Wrong,Wrong,13,3,acidic pH + benzyl amine,S0,S1_1,text-embedding-3-large,S_final
S0 + Morgan fingerprint,gpt-4o,S0→S1_1,0,1,W->W,0.5662082687020301,0.5466794408857822,Wrong,Wrong,14,1,H₂O,S0,S1_1,text-embedding-3-large,S_final
S0 + Morgan fingerprint,gpt-4o,S0→S1_1,0,1,W->W,0.4989666134119033,0.5056909268101055,Wrong,Wrong,35,1,H₂O,S0,S1_1,text-embedding-3-large,S_final
S0 + Morgan fingerprint,gpt-4o,S0→S1_1,0,1,W->W,0.5827367454767227,0.5864340797066687,Wrong,Wrong,36,2,KCl,S0,S1_1,text-embedding-3-large,S_final
S0 + Morgan fingerprint,gpt-4o,S0→S1_1,0,1,W->W,0.4080827449758846,0.377227933704853,Wrong,Wrong,38,2,KCl,S0,S1_1,text-embedding-3-large,S_final
S0 + Morgan fingerprint,gpt-4o,S0→S1_1,0,1,W->W,0.5256396688520908,0.5321551228562991,Wrong,Wrong,39,1,NaCl,S0,S1_1,text-embedding-3-large,S_final
S0 + Morgan fingerprint,gpt-4o,S0→S1_1,0,1,W->W,0.6611840426921844,0.6194793204466501,Wrong,Wrong,40,5,Borate buffer,S0,S1_1,text-embedding-3-large,S_final
S0 + Morgan fingerprint,gpt-4o,S0→S1_1,0,1,W->W,0.4989000697930654,0.5181492661436399,Wrong,Wrong,45,2,Organic solvents,S0,S1_1,text-embedding-3-large,S_final
S0 + Morgan fingerprint,gpt-4o,S0→S1_1,0,1,W->W,0.5028952206174532,0.5002661084135372,Wrong,Wrong,45,3,Organic solvents,S0,S1_1,text-embedding-3-large,S_final
S0 + Morgan fingerprint,gpt-4o,S0→S1_1,0,1,W->W,0.5712204933166504,0.5225415860613186,Wrong,Wrong,49,1,B(OH)₃ + AgNO₃,S0,S1_1,text-embedding-3-large,S_final
S0 + Morgan fingerprint,gpt-4o,S0→S1_1,0,1,W->W,0.6132297734419505,0.6548553019762039,Wrong,Wrong,51,1,KB(OH)₄,S0,S1_1,text-embedding-3-large,S_final
S0 + Morgan fingerprint,gpt-4o,S0→S1_1,0,1,W->W,0.3720224330822626,0.3956695616245269,Wrong,Wrong,57,2,EtOH/H₂O,S0,S1_1,text-embedding-3-large,S_final
S0 + Morgan fingerprint,gpt-4o,S1_1→S2_1,1,2,C->C,0.640347135066986,0.6702339669068653,Correct,Correct,1,1,Tb(NO₃)₃ or Dy(NO₃)₃,S1_1,S2_1,text-embedding-3-large,S_final
S0 + Morgan fingerprint,gpt-4o,S1_1→S2_1,1,2,C->C,0.5418732846776644,0.5446235373616218,Correct,Correct,1,3,NaCl,S1_1,S2_1,text-embedding-3-large,S_final
S0 + Morgan fingerprint,gpt-4o,S1_1→S2_1,1,2,C->C,0.6767815570036569,0.6977440446615218,Correct,Correct,3,2,B(OH)₃ + AgNO₃,S1_1,S2_1,text-embedding-3-large,S_final
S0 + Morgan fingerprint,gpt-4o,S1_1→S2_1,1,2,C->C,0.6393867537379265,0.6478335306048393,Correct,Correct,4,3,KCl,S1_1,S2_1,text-embedding-3-large,S_final
S0 + Morgan fingerprint,gpt-4o,S1_1→S2_1,1,2,C->C,0.6781108071406683,0.6821430161595344,Correct,Correct,5,1,LiCl,S1_1,S2_1,text-embedding-3-large,S_final
S0 + Morgan fingerprint,gpt-4o,S1_1→S2_1,1,2,C->C,0.6410845667123795,0.6398262053728103,Correct,Correct,5,2,KCl,S1_1,S2_1,text-embedding-3-large,S_final
S0 + Morgan fingerprint,gpt-4o,S1_1→S2_1,1,2,C->C,0.6771088550488154,0.6682783315579096,Correct,Correct,6,1,LiCl,S1_1,S2_1,text-embedding-3-large,S_final
S0 + Morgan fingerprint,gpt-4o,S1_1→S2_1,1,2,C->C,0.6462615013122558,0.6672466347614924,Correct,Correct,6,3,KCl,S1_1,S2_1,text-embedding-3-large,S_final
S0 + Morgan fingerprint,gpt-4o,S1_1→S2_1,1,2,C->C,0.5842337975899378,0.5671142488718033,Correct,Correct,7,4,KCl,S1_1,S2_1,text-embedding-3-large,S_final
S0 + Morgan fingerprint,gpt-4o,S1_1→S2_1,1,2,C->C,0.5969236731529235,0.6033112436532974,Correct,Correct,7,5,KCl,S1_1,S2_1,text-embedding-3-large,S_final
S0 + Morgan fingerprint,gpt-4o,S1_1→S2_1,1,2,C->C,0.6013739705085754,0.5961649894714355,Correct,Correct,7,8,KCl + TAcG,S1_1,S2_1,text-embedding-3-large,S_final
S0 + Morgan fingerprint,gpt-4o,S1_1→S2_1,1,2,C->C,0.6287143727143606,0.6050889079769451,Correct,Correct,7,9,KB(OH)₄,S1_1,S2_1,text-embedding-3-large,S_final
S0 + Morgan fingerprint,gpt-4o,S1_1→S2_1,1,2,C->C,0.6356754730145137,0.6334782948096592,Correct,Correct,8,2,NaCl,S1_1,S2_1,text-embedding-3-large,S_final
S0 + Morgan fingerprint,gpt-4o,S1_1→S2_1,1,2,C->C,0.6068774829308191,0.5899205694595973,Correct,Correct,8,3,KCl,S1_1,S2_1,text-embedding-3-large,S_final
S0 + Morgan fingerprint,gpt-4o,S1_1→S2_1,1,2,C->C,0.6268098811308542,0.6517571538686752,Correct,Correct,9,1,LiCl,S1_1,S2_1,text-embedding-3-large,S_final
S0 + Morgan fingerprint,gpt-4o,S1_1→S2_1,1,2,C->C,0.6331140299638113,0.6245431313912073,Correct,Correct,9,3,NaCl,S1_1,S2_1,text-embedding-3-large,S_final
S0 + Morgan fingerprint,gpt-4o,S1_1→S2_1,1,2,C->C,0.5095948676268259,0.4813195273280143,Correct,Correct,12,1,H₂O,S1_1,S2_1,text-embedding-3-large,S_final
S0 + Morgan fingerprint,gpt-4o,S1_1→S2_1,1,2,C->C,0.6853479564189909,0.691249069571495,Correct,Correct,13,1,H₂O,S1_1,S2_1,text-embedding-3-large,S_final
S0 + Morgan fingerprint,gpt-4o,S1_1→S2_1,1,2,C->C,0.5196386908491452,0.5251262913147609,Correct,Correct,13,2,acidic pH,S1_1,S2_1,text-embedding-3-large,S_final
S0 + Morgan fingerprint,gpt-4o,S1_1→S2_1,1,2,C->C,0.6546896964311599,0.6598915775616963,Correct,Correct,16,1,H₂O,S1_1,S2_1,text-embedding-3-large,S_final
S0 + Morgan fingerprint,gpt-4o,S1_1→S2_1,1,2,C->C,0.62253710826238,0.5922335810959338,Correct,Correct,17,1,H₂O,S1_1,S2_1,text-embedding-3-large,S_final
S0 + Morgan fingerprint,gpt-4o,S1_1→S2_1,1,2,C->C,0.6634749720493952,0.6642615626255671,Correct,Correct,18,1,H₂O,S1_1,S2_1,text-embedding-3-large,S_final
S0 + Morgan fingerprint,gpt-4o,S1_1→S2_1,1,2,C->C,0.6144995162884394,0.6058350980281829,Correct,Correct,19,1,H₂O,S1_1,S2_1,text-embedding-3-large,S_final
S0 + Morgan fingerprint,gpt-4o,S1_1→S2_1,1,2,C->C,0.650473527610302,0.6505147049824397,Correct,Correct,20,1,EtOH/H₂O,S1_1,S2_1,text-embedding-3-large,S_final
S0 + Morgan fingerprint,gpt-4o,S1_1→S2_1,1,2,C->C,0.6200857679049173,0.6255789389212926,Correct,Correct,21,1,EtOH/H₂O,S1_1,S2_1,text-embedding-3-large,S_final
S0 + Morgan fingerprint,gpt-4o,S1_1→S2_1,1,2,C->C,0.5989223172267277,0.6097749392191569,Correct,Correct,22,1,EtOH/H₂O,S1_1,S2_1,text-embedding-3-large,S_final
S0 + Morgan fingerprint,gpt-4o,S1_1→S2_1,1,2,C->C,0.6315665225187937,0.6352476249138514,Correct,Correct,23,1,EtOH/H₂O,S1_1,S2_1,text-embedding-3-large,S_final
S0 + Morgan fingerprint,gpt-4o,S1_1→S2_1,1,2,C->C,0.6212775280078252,0.6123726447423299,Correct,Correct,24,1,EtOH/H₂O,S1_1,S2_1,text-embedding-3-large,S_final
S0 + Morgan fingerprint,gpt-4o,S1_1→S2_1,1,2,C->C,0.5264116331934928,0.5198030054569244,Correct,Correct,25,1,NaOH,S1_1,S2_1,text-embedding-3-large,S_final
S0 + Morgan fingerprint,gpt-4o,S1_1→S2_1,1,2,C->C,0.5848055988550186,0.5945495714743932,Correct,Correct,25,2,Organic solvents,S1_1,S2_1,text-embedding-3-large,S_final
S0 + Morgan fingerprint,gpt-4o,S1_1→S2_1,1,2,C->C,0.5833889792362849,0.5872250407934189,Correct,Correct,26,1,NaOH,S1_1,S2_1,text-embedding-3-large,S_final
S0 + Morgan fingerprint,gpt-4o,S1_1→S2_1,1,2,C->C,0.4441304246584574,0.485758289694786,Correct,Correct,26,2,KOH,S1_1,S2_1,text-embedding-3-large,S_final
S0 + Morgan fingerprint,gpt-4o,S1_1→S2_1,1,2,C->C,0.5010573476552963,0.4731797883907953,Correct,Correct,26,3,LiOH,S1_1,S2_1,text-embedding-3-large,S_final
S0 + Morgan fingerprint,gpt-4o,S1_1→S2_1,1,2,C->C,0.6309755484263102,0.6287595868110656,Correct,Correct,26,4,Organic solvents,S1_1,S2_1,text-embedding-3-large,S_final
S0 + Morgan fingerprint,gpt-4o,S1_1→S2_1,1,2,C->C,0.5873606033623218,0.554061259329319,Correct,Correct,27,1,NaOH,S1_1,S2_1,text-embedding-3-large,S_final
S0 + Morgan fingerprint,gpt-4o,S1_1→S2_1,1,2,C->C,0.4949607277909915,0.4699148257573446,Correct,Correct,27,2,KOH,S1_1,S2_1,text-embedding-3-large,S_final
S0 + Morgan fingerprint,gpt-4o,S1_1→S2_1,1,2,C->C,0.4910843461751937,0.4573839808503786,Correct,Correct,27,3,LiOH,S1_1,S2_1,text-embedding-3-large,S_final
S0 + Morgan fingerprint,gpt-4o,S1_1→S2_1,1,2,C->C,0.6822475562493006,0.6727927356958389,Correct,Correct,27,4,Organic solvents,S1_1,S2_1,text-embedding-3-large,S_final
S0 + Morgan fingerprint,gpt-4o,S1_1→S2_1,1,2,C->C,0.5556938640773297,0.5486853227019309,Correct,Correct,28,1,NaOH,S1_1,S2_1,text-embedding-3-large,S_final
S0 + Morgan fingerprint,gpt-4o,S1_1→S2_1,1,2,C->C,0.4890331044793128,0.4911371991038322,Correct,Correct,28,2,Organic solvents,S1_1,S2_1,text-embedding-3-large,S_final
S0 + Morgan fingerprint,gpt-4o,S1_1→S2_1,1,2,C->C,0.6227417528629302,0.6324824879566827,Correct,Correct,29,1,NaOH,S1_1,S2_1,text-embedding-3-large,S_final
S0 + Morgan fingerprint,gpt-4o,S1_1→S2_1,1,2,C->C,0.4737099513411522,0.4452290068070093,Correct,Correct,29,2,Organic solvents,S1_1,S2_1,text-embedding-3-large,S_final
S0 + Morgan fingerprint,gpt-4o,S1_1→S2_1,1,2,C->C,0.5662425234913826,0.581213096777598,Correct,Correct,30,1,NaOH,S1_1,S2_1,text-embedding-3-large,S_final
S0 + Morgan fingerprint,gpt-4o,S1_1→S2_1,1,2,C->C,0.4581506570180256,0.4792056083679199,Correct,Correct,30,2,Organic solvents,S1_1,S2_1,text-embedding-3-large,S_final
S0 + Morgan fingerprint,gpt-4o,S1_1→S2_1,1,2,C->C,0.5742110393941402,0.5735558599233627,Correct,Correct,32,1,H₂O,S1_1,S2_1,text-embedding-3-large,S_final
S0 + Morgan fingerprint,gpt-4o,S1_1→S2_1,1,2,C->C,0.57752435952425,0.5880310396353403,Correct,Correct,33,1,H₂O,S1_1,S2_1,text-embedding-3-large,S_final
S0 + Morgan fingerprint,gpt-4o,S1_1→S2_1,1,2,C->C,0.5691797484954199,0.5650498576462268,Correct,Correct,34,1,H₂O,S1_1,S2_1,text-embedding-3-large,S_final
S0 + Morgan fingerprint,gpt-4o,S1_1→S2_1,1,2,C->C,0.5947640866041183,0.5915154228607814,Correct,Correct,37,1,KCl + NaCl,S1_1,S2_1,text-embedding-3-large,S_final
S0 + Morgan fingerprint,gpt-4o,S1_1→S2_1,1,2,C->C,0.4025052318970362,0.4139969100554784,Correct,Correct,38,1,KCl + NaCl,S1_1,S2_1,text-embedding-3-large,S_final
S0 + Morgan fingerprint,gpt-4o,S1_1→S2_1,1,2,C->C,0.6915372043848037,0.6963522205750147,Correct,Correct,39,2,KCl,S1_1,S2_1,text-embedding-3-large,S_final
S0 + Morgan fingerprint,gpt-4o,S1_1→S2_1,1,2,C->C,0.6670634835958481,0.678062058488528,Correct,Correct,40,1,KCl,S1_1,S2_1,text-embedding-3-large,S_final
S0 + Morgan fingerprint,gpt-4o,S1_1→S2_1,1,2,C->C,0.6135549853245417,0.6232130775849024,Correct,Correct,40,6,KCl,S1_1,S2_1,text-embedding-3-large,S_final
S0 + Morgan fingerprint,gpt-4o,S1_1→S2_1,1,2,C->C,0.5694514056046803,0.5757218430439631,Correct,Correct,43,1,KCl,S1_1,S2_1,text-embedding-3-large,S_final
S0 + Morgan fingerprint,gpt-4o,S1_1→S2_1,1,2,C->C,0.6860446433226267,0.6790968894958495,Correct,Correct,44,1,KCl,S1_1,S2_1,text-embedding-3-large,S_final
S0 + Morgan fingerprint,gpt-4o,S1_1→S2_1,1,2,C->C,0.6239624331394831,0.6280437141656875,Correct,Correct,45,1,Organic solvents,S1_1,S2_1,text-embedding-3-large,S_final
S0 + Morgan fingerprint,gpt-4o,S1_1→S2_1,1,2,C->C,0.6109009871880213,0.6079636087020238,Correct,Correct,46,1,Organic solvents,S1_1,S2_1,text-embedding-3-large,S_final
S0 + Morgan fingerprint,gpt-4o,S1_1→S2_1,1,2,C->C,0.621546991666158,0.5899980843067169,Correct,Correct,46,2,Organic solvents,S1_1,S2_1,text-embedding-3-large,S_final
S0 + Morgan fingerprint,gpt-4o,S1_1→S2_1,1,2,C->C,0.6493928541739781,0.6192006468772888,Correct,Correct,47,1,Organic solvents,S1_1,S2_1,text-embedding-3-large,S_final
S0 + Morgan fingerprint,gpt-4o,S1_1→S2_1,1,2,C->C,0.5660280078649521,0.5706633254885674,Correct,Correct,47,2,Organic solvents,S1_1,S2_1,text-embedding-3-large,S_final
S0 + Morgan fingerprint,gpt-4o,S1_1→S2_1,1,2,C->C,0.4963400195042292,0.534992283085982,Correct,Correct,48,2,B(OH)₃ + other ions,S1_1,S2_1,text-embedding-3-large,S_final
S0 + Morgan fingerprint,gpt-4o,S1_1→S2_1,1,2,C->C,0.4860559776425361,0.4988237162431081,Correct,Correct,50,1,B(OH)₃ + AgNO₃,S1_1,S2_1,text-embedding-3-large,S_final
S0 + Morgan fingerprint,gpt-4o,S1_1→S2_1,1,2,C->C,0.7003889570633571,0.699257465203603,Correct,Correct,52,1,KB(OH)₄,S1_1,S2_1,text-embedding-3-large,S_final
S0 + Morgan fingerprint,gpt-4o,S1_1→S2_1,1,2,C->C,0.5474844564994176,0.5621718441446623,Correct,Correct,53,1,H₂O,S1_1,S2_1,text-embedding-3-large,S_final
S0 + Morgan fingerprint,gpt-4o,S1_1→S2_1,1,2,C->C,0.6154900580644608,0.6205156584580739,Correct,Correct,53,2,EtOH/H₂O,S1_1,S2_1,text-embedding-3-large,S_final
S0 + Morgan fingerprint,gpt-4o,S1_1→S2_1,1,2,C->C,0.4319311589002608,0.4299686526258786,Correct,Correct,54,1,H₂O,S1_1,S2_1,text-embedding-3-large,S_final
S0 + Morgan fingerprint,gpt-4o,S1_1→S2_1,1,2,C->C,0.6393809884786605,0.6354361454645793,Correct,Correct,54,2,EtOH/H₂O,S1_1,S2_1,text-embedding-3-large,S_final
S0 + Morgan fingerprint,gpt-4o,S1_1→S2_1,1,2,C->C,0.5498908862471581,0.5627098008990288,Correct,Correct,55,1,H₂O,S1_1,S2_1,text-embedding-3-large,S_final
S0 + Morgan fingerprint,gpt-4o,S1_1→S2_1,1,2,C->C,0.6650087624788285,0.6418619036674499,Correct,Correct,55,2,EtOH/H₂O,S1_1,S2_1,text-embedding-3-large,S_final
S0 + Morgan fingerprint,gpt-4o,S1_1→S2_1,1,2,C->C,0.5873006651798884,0.5840867698192597,Correct,Correct,56,2,EtOH/H₂O,S1_1,S2_1,text-embedding-3-large,S_final
S0 + Morgan fingerprint,gpt-4o,S1_1→S2_1,1,2,C->C,0.4735604971647262,0.474058523774147,Correct,Correct,57,1,H₂O,S1_1,S2_1,text-embedding-3-large,S_final
S0 + Morgan fingerprint,gpt-4o,S1_1→S2_1,1,2,C->C,0.542835842569669,0.5488028561075528,Correct,Correct,58,1,H₂O,S1_1,S2_1,text-embedding-3-large,S_final
S0 + Morgan fingerprint,gpt-4o,S1_1→S2_1,1,2,C->C,0.5526088212927182,0.5533936937650045,Correct,Correct,58,2,EtOH/H₂O,S1_1,S2_1,text-embedding-3-large,S_final
S0 + Morgan fingerprint,gpt-4o,S1_1→S2_1,1,2,C->C,0.4823597113291422,0.4848843122522036,Correct,Correct,59,1,H₂O,S1_1,S2_1,text-embedding-3-large,S_final
S0 + Morgan fingerprint,gpt-4o,S1_1→S2_1,1,2,C->C,0.5942484319210052,0.5990111897389094,Correct,Correct,59,2,EtOH/H₂O,S1_1,S2_1,text-embedding-3-large,S_final
S0 + Morgan fingerprint,gpt-4o,S1_1→S2_1,1,2,C->C,0.4526273141304651,0.4504723985989888,Correct,Correct,60,1,H₂O,S1_1,S2_1,text-embedding-3-large,S_final
S0 + Morgan fingerprint,gpt-4o,S1_1→S2_1,1,2,C->C,0.6064901252587637,0.6187207341194152,Correct,Correct,60,2,EtOH/H₂O,S1_1,S2_1,text-embedding-3-large,S_final
S0 + Morgan fingerprint,gpt-4o,S1_1→S2_1,1,2,C->C,0.4821573058764139,0.5086563209692637,Correct,Correct,61,1,H₂O,S1_1,S2_1,text-embedding-3-large,S_final
S0 + Morgan fingerprint,gpt-4o,S1_1→S2_1,1,2,C->C,0.5920313586791356,0.5659116456906,Correct,Correct,62,1,H₂O,S1_1,S2_1,text-embedding-3-large,S_final
S0 + Morgan fingerprint,gpt-4o,S1_1→S2_1,1,2,C->C,0.5846867690483729,0.5686827207605044,Correct,Correct,62,2,EtOH/H₂O,S1_1,S2_1,text-embedding-3-large,S_final
S0 + Morgan fingerprint,gpt-4o,S1_1→S2_1,1,2,C->C,0.6007764707008997,0.5623169188698132,Correct,Correct,63,1,H₂O,S1_1,S2_1,text-embedding-3-large,S_final
S0 + Morgan fingerprint,gpt-4o,S1_1→S2_1,1,2,C->C,0.5939388304948806,0.6023412287235259,Correct,Correct,63,2,EtOH/H₂O,S1_1,S2_1,text-embedding-3-large,S_final
S0 + Morgan fingerprint,gpt-4o,S1_1→S2_1,1,2,C->C,0.599231505393982,0.5929670721292495,Correct,Correct,64,1,KCl,S1_1,S2_1,text-embedding-3-large,S_final
S0 + Morgan fingerprint,gpt-4o,S1_1→S2_1,1,2,C->W,0.6749252066016196,0.6480264365673065,Correct,Wrong,4,2,NaCl,S1_1,S2_1,text-embedding-3-large,S_final
S0 + Morgan fingerprint,gpt-4o,S1_1→S2_1,1,2,C->W,0.5697438384095828,0.5460142508149146,Correct,Wrong,8,4,KCl,S1_1,S2_1,text-embedding-3-large,S_final
S0 + Morgan fingerprint,gpt-4o,S1_1→S2_1,1,2,C->W,0.5825945407152177,0.5297678803404172,Correct,Wrong,42,1,KCl,S1_1,S2_1,text-embedding-3-large,S_final
S0 + Morgan fingerprint,gpt-4o,S1_1→S2_1,1,2,C->W,0.6165267944335937,0.6214111432433128,Correct,Wrong,61,2,EtOH/H₂O,S1_1,S2_1,text-embedding-3-large,S_final
S0 + Morgan fingerprint,gpt-4o,S1_1→S2_1,1,2,W->C,0.6020323470234871,0.6269735018412272,Wrong,Correct,1,2,LiCl,S1_1,S2_1,text-embedding-3-large,S_final
S0 + Morgan fingerprint,gpt-4o,S1_1→S2_1,1,2,W->C,0.6708819568157196,0.6767060786485671,Wrong,Correct,1,4,KCl,S1_1,S2_1,text-embedding-3-large,S_final
S0 + Morgan fingerprint,gpt-4o,S1_1→S2_1,1,2,W->C,0.6495518227418263,0.6950784315665564,Wrong,Correct,2,1,Tb(NO₃)₃ or Eu(NO₃)₃,S1_1,S2_1,text-embedding-3-large,S_final
S0 + Morgan fingerprint,gpt-4o,S1_1→S2_1,1,2,W->C,0.6249450306097666,0.6507204324007033,Wrong,Correct,3,1,Tb(NO₃)₃ or Eu(NO₃)₃,S1_1,S2_1,text-embedding-3-large,S_final
S0 + Morgan fingerprint,gpt-4o,S1_1→S2_1,1,2,W->C,0.6721249118447303,0.6864955604076385,Wrong,Correct,4,1,LiCl,S1_1,S2_1,text-embedding-3-large,S_final
S0 + Morgan fingerprint,gpt-4o,S1_1→S2_1,1,2,W->C,0.4775164658824602,0.5065121511618297,Wrong,Correct,11,1,H₂O,S1_1,S2_1,text-embedding-3-large,S_final
S0 + Morgan fingerprint,gpt-4o,S1_1→S2_1,1,2,W->C,0.5466794408857822,0.5444560892879963,Wrong,Correct,14,1,H₂O,S1_1,S2_1,text-embedding-3-large,S_final
S0 + Morgan fingerprint,gpt-4o,S1_1→S2_1,1,2,W->C,0.6548553019762039,0.6416628032922744,Wrong,Correct,51,1,KB(OH)₄,S1_1,S2_1,text-embedding-3-large,S_final
S0 + Morgan fingerprint,gpt-4o,S1_1→S2_1,1,2,W->C,0.5506009951233862,0.5500469798843066,Wrong,Correct,64,2,NaB(OH)₄,S1_1,S2_1,text-embedding-3-large,S_final
S0 + Morgan fingerprint,gpt-4o,S1_1→S2_1,1,2,W->W,0.5896271631121635,0.570735315978527,Wrong,Wrong,1,5,KB(OH)₄,S1_1,S2_1,text-embedding-3-large,S_final
S0 + Morgan fingerprint,gpt-4o,S1_1→S2_1,1,2,W->W,0.6533112833897272,0.6528526614109674,Wrong,Wrong,5,3,NaCl,S1_1,S2_1,text-embedding-3-large,S_final
S0 + Morgan fingerprint,gpt-4o,S1_1→S2_1,1,2,W->W,0.615026710430781,0.5888799349466959,Wrong,Wrong,6,2,NaCl,S1_1,S2_1,text-embedding-3-large,S_final
S0 + Morgan fingerprint,gpt-4o,S1_1→S2_1,1,2,W->W,0.6435976992050807,0.6909066538016001,Wrong,Wrong,7,1,LiCl,S1_1,S2_1,text-embedding-3-large,S_final
S0 + Morgan fingerprint,gpt-4o,S1_1→S2_1,1,2,W->W,0.6467962265014648,0.658648477991422,Wrong,Wrong,7,2,NaCl,S1_1,S2_1,text-embedding-3-large,S_final
S0 + Morgan fingerprint,gpt-4o,S1_1→S2_1,1,2,W->W,0.5509407599767049,0.5530517622828484,Wrong,Wrong,7,3,KCl + NaCl,S1_1,S2_1,text-embedding-3-large,S_final
S0 + Morgan fingerprint,gpt-4o,S1_1→S2_1,1,2,W->W,0.5441611150900523,0.5341494624813398,Wrong,Wrong,7,6,KCl,S1_1,S2_1,text-embedding-3-large,S_final
S0 + Morgan fingerprint,gpt-4o,S1_1→S2_1,1,2,W->W,0.6232205321391423,0.64345809618632,Wrong,Wrong,7,7,KCl,S1_1,S2_1,text-embedding-3-large,S_final
S0 + Morgan fingerprint,gpt-4o,S1_1→S2_1,1,2,W->W,0.583791184425354,0.5989445517460504,Wrong,Wrong,7,10,KB(OH)₄,S1_1,S2_1,text-embedding-3-large,S_final
S0 + Morgan fingerprint,gpt-4o,S1_1→S2_1,1,2,W->W,0.6138663113117219,0.625110658009847,Wrong,Wrong,7,11,LiB(OH)₄,S1_1,S2_1,text-embedding-3-large,S_final
S0 + Morgan fingerprint,gpt-4o,S1_1→S2_1,1,2,W->W,0.6435463681817055,0.6450017407536506,Wrong,Wrong,8,1,LiCl,S1_1,S2_1,text-embedding-3-large,S_final
S0 + Morgan fingerprint,gpt-4o,S1_1→S2_1,1,2,W->W,0.6421340932448705,0.6363616486390432,Wrong,Wrong,9,2,KCl,S1_1,S2_1,text-embedding-3-large,S_final
S0 + Morgan fingerprint,gpt-4o,S1_1→S2_1,1,2,W->W,0.5477736771106719,0.5677618384361267,Wrong,Wrong,10,1,H₂O,S1_1,S2_1,text-embedding-3-large,S_final
S0 + Morgan fingerprint,gpt-4o,S1_1→S2_1,1,2,W->W,0.5838641931613285,0.6032030552625655,Wrong,Wrong,10,2,PBS,S1_1,S2_1,text-embedding-3-large,S_final
S0 + Morgan fingerprint,gpt-4o,S1_1→S2_1,1,2,W->W,0.5620287656784058,0.5652687485019365,Wrong,Wrong,13,3,acidic pH + benzyl amine,S1_1,S2_1,text-embedding-3-large,S_final
S0 + Morgan fingerprint,gpt-4o,S1_1→S2_1,1,2,W->W,0.4900252193212508,0.4866432229677835,Wrong,Wrong,15,1,H₂O,S1_1,S2_1,text-embedding-3-large,S_final
S0 + Morgan fingerprint,gpt-4o,S1_1→S2_1,1,2,W->W,0.5659846032659211,0.5909167652328808,Wrong,Wrong,31,1,H₂O,S1_1,S2_1,text-embedding-3-large,S_final
S0 + Morgan fingerprint,gpt-4o,S1_1→S2_1,1,2,W->W,0.5056909268101055,0.4871555050214131,Wrong,Wrong,35,1,H₂O,S1_1,S2_1,text-embedding-3-large,S_final
S0 + Morgan fingerprint,gpt-4o,S1_1→S2_1,1,2,W->W,0.6337446391582489,0.6258743047714233,Wrong,Wrong,36,1,NaCl,S1_1,S2_1,text-embedding-3-large,S_final
S0 + Morgan fingerprint,gpt-4o,S1_1→S2_1,1,2,W->W,0.5864340797066687,0.5968759626150131,Wrong,Wrong,36,2,KCl,S1_1,S2_1,text-embedding-3-large,S_final
S0 + Morgan fingerprint,gpt-4o,S1_1→S2_1,1,2,W->W,0.5804170131683348,0.5623236827552318,Wrong,Wrong,36,3,NaCl + TAcG,S1_1,S2_1,text-embedding-3-large,S_final
S0 + Morgan fingerprint,gpt-4o,S1_1→S2_1,1,2,W->W,0.6389069199562072,0.6431635598341624,Wrong,Wrong,37,2,KCl,S1_1,S2_1,text-embedding-3-large,S_final
S0 + Morgan fingerprint,gpt-4o,S1_1→S2_1,1,2,W->W,0.377227933704853,0.3864044502377509,Wrong,Wrong,38,2,KCl,S1_1,S2_1,text-embedding-3-large,S_final
S0 + Morgan fingerprint,gpt-4o,S1_1→S2_1,1,2,W->W,0.5321551228562991,0.5268724977970124,Wrong,Wrong,39,1,NaCl,S1_1,S2_1,text-embedding-3-large,S_final
S0 + Morgan fingerprint,gpt-4o,S1_1→S2_1,1,2,W->W,0.6648756702740987,0.6650294403235117,Wrong,Wrong,40,2,NaCl,S1_1,S2_1,text-embedding-3-large,S_final
S0 + Morgan fingerprint,gpt-4o,S1_1→S2_1,1,2,W->W,0.6369295706351598,0.6156737983226777,Wrong,Wrong,40,3,NH₄Cl,S1_1,S2_1,text-embedding-3-large,S_final
S0 + Morgan fingerprint,gpt-4o,S1_1→S2_1,1,2,W->W,0.6207618862390518,0.5925296917557716,Wrong,Wrong,40,4,Me₄NCl,S1_1,S2_1,text-embedding-3-large,S_final
S0 + Morgan fingerprint,gpt-4o,S1_1→S2_1,1,2,W->W,0.6194793204466501,0.6139336625734965,Wrong,Wrong,40,5,Borate buffer,S1_1,S2_1,text-embedding-3-large,S_final
S0 + Morgan fingerprint,gpt-4o,S1_1→S2_1,1,2,W->W,0.6414448569218317,0.6431281089782716,Wrong,Wrong,41,1,KCl,S1_1,S2_1,text-embedding-3-large,S_final
S0 + Morgan fingerprint,gpt-4o,S1_1→S2_1,1,2,W->W,0.5181492661436399,0.51078020632267,Wrong,Wrong,45,2,Organic solvents,S1_1,S2_1,text-embedding-3-large,S_final
S0 + Morgan fingerprint,gpt-4o,S1_1→S2_1,1,2,W->W,0.5002661084135372,0.4962495639920234,Wrong,Wrong,45,3,Organic solvents,S1_1,S2_1,text-embedding-3-large,S_final
S0 + Morgan fingerprint,gpt-4o,S1_1→S2_1,1,2,W->W,0.5418351928393046,0.5401154622435569,Wrong,Wrong,48,1,B(OH)₃ + AgNO₃,S1_1,S2_1,text-embedding-3-large,S_final
S0 + Morgan fingerprint,gpt-4o,S1_1→S2_1,1,2,W->W,0.5225415860613186,0.553578881919384,Wrong,Wrong,49,1,B(OH)₃ + AgNO₃,S1_1,S2_1,text-embedding-3-large,S_final
S0 + Morgan fingerprint,gpt-4o,S1_1→S2_1,1,2,W->W,0.5341567118962606,0.5223034833868344,Wrong,Wrong,56,1,H₂O,S1_1,S2_1,text-embedding-3-large,S_final
S0 + Morgan fingerprint,gpt-4o,S1_1→S2_1,1,2,W->W,0.3956695616245269,0.390817055851221,Wrong,Wrong,57,2,EtOH/H₂O,S1_1,S2_1,text-embedding-3-large,S_final
S0 + Morgan fingerprint,gpt-4o,S2_1→S3_1,2,3,C->C,0.6702339669068653,0.6814086019992828,Correct,Correct,1,1,Tb(NO₃)₃ or Dy(NO₃)₃,S2_1,S3_1,text-embedding-3-large,S_final
S0 + Morgan fingerprint,gpt-4o,S2_1→S3_1,2,3,C->C,0.6269735018412272,0.614934183160464,Correct,Correct,1,2,LiCl,S2_1,S3_1,text-embedding-3-large,S_final
S0 + Morgan fingerprint,gpt-4o,S2_1→S3_1,2,3,C->C,0.5446235373616218,0.5602231889963151,Correct,Correct,1,3,NaCl,S2_1,S3_1,text-embedding-3-large,S_final
S0 + Morgan fingerprint,gpt-4o,S2_1→S3_1,2,3,C->C,0.6950784315665564,0.7042445242404938,Correct,Correct,2,1,Tb(NO₃)₃ or Eu(NO₃)₃,S2_1,S3_1,text-embedding-3-large,S_final
S0 + Morgan fingerprint,gpt-4o,S2_1→S3_1,2,3,C->C,0.6507204324007033,0.7113549649715423,Correct,Correct,3,1,Tb(NO₃)₃ or Eu(NO₃)₃,S2_1,S3_1,text-embedding-3-large,S_final
S0 + Morgan fingerprint,gpt-4o,S2_1→S3_1,2,3,C->C,0.6864955604076385,0.7189264446496964,Correct,Correct,4,1,LiCl,S2_1,S3_1,text-embedding-3-large,S_final
S0 + Morgan fingerprint,gpt-4o,S2_1→S3_1,2,3,C->C,0.6478335306048393,0.6769114891688028,Correct,Correct,4,3,KCl,S2_1,S3_1,text-embedding-3-large,S_final
S0 + Morgan fingerprint,gpt-4o,S2_1→S3_1,2,3,C->C,0.6398262053728103,0.6953969438870748,Correct,Correct,5,2,KCl,S2_1,S3_1,text-embedding-3-large,S_final
S0 + Morgan fingerprint,gpt-4o,S2_1→S3_1,2,3,C->C,0.6682783315579096,0.7097460160652797,Correct,Correct,6,1,LiCl,S2_1,S3_1,text-embedding-3-large,S_final
S0 + Morgan fingerprint,gpt-4o,S2_1→S3_1,2,3,C->C,0.6672466347614924,0.6998525321483612,Correct,Correct,6,3,KCl,S2_1,S3_1,text-embedding-3-large,S_final
S0 + Morgan fingerprint,gpt-4o,S2_1→S3_1,2,3,C->C,0.5671142488718033,0.6226887598633766,Correct,Correct,7,4,KCl,S2_1,S3_1,text-embedding-3-large,S_final
S0 + Morgan fingerprint,gpt-4o,S2_1→S3_1,2,3,C->C,0.6033112436532974,0.6341655552387238,Correct,Correct,7,5,KCl,S2_1,S3_1,text-embedding-3-large,S_final
S0 + Morgan fingerprint,gpt-4o,S2_1→S3_1,2,3,C->C,0.5961649894714355,0.6151305839419365,Correct,Correct,7,8,KCl + TAcG,S2_1,S3_1,text-embedding-3-large,S_final
S0 + Morgan fingerprint,gpt-4o,S2_1→S3_1,2,3,C->C,0.6050889079769451,0.7046391695737838,Correct,Correct,7,9,KB(OH)₄,S2_1,S3_1,text-embedding-3-large,S_final
S0 + Morgan fingerprint,gpt-4o,S2_1→S3_1,2,3,C->C,0.6334782948096592,0.6731502354145049,Correct,Correct,8,2,NaCl,S2_1,S3_1,text-embedding-3-large,S_final
S0 + Morgan fingerprint,gpt-4o,S2_1→S3_1,2,3,C->C,0.6517571538686752,0.6614482978979747,Correct,Correct,9,1,LiCl,S2_1,S3_1,text-embedding-3-large,S_final
S0 + Morgan fingerprint,gpt-4o,S2_1→S3_1,2,3,C->C,0.6245431313912073,0.6723049670457839,Correct,Correct,9,3,NaCl,S2_1,S3_1,text-embedding-3-large,S_final
S0 + Morgan fingerprint,gpt-4o,S2_1→S3_1,2,3,C->C,0.5065121511618297,0.5786352708935737,Correct,Correct,11,1,H₂O,S2_1,S3_1,text-embedding-3-large,S_final
S0 + Morgan fingerprint,gpt-4o,S2_1→S3_1,2,3,C->C,0.691249069571495,0.7241430560747782,Correct,Correct,13,1,H₂O,S2_1,S3_1,text-embedding-3-large,S_final
S0 + Morgan fingerprint,gpt-4o,S2_1→S3_1,2,3,C->C,0.5251262913147609,0.5607062816619873,Correct,Correct,13,2,acidic pH,S2_1,S3_1,text-embedding-3-large,S_final
S0 + Morgan fingerprint,gpt-4o,S2_1→S3_1,2,3,C->C,0.6598915775616963,0.7065112620592117,Correct,Correct,16,1,H₂O,S2_1,S3_1,text-embedding-3-large,S_final
S0 + Morgan fingerprint,gpt-4o,S2_1→S3_1,2,3,C->C,0.5922335810959338,0.6629450509945551,Correct,Correct,17,1,H₂O,S2_1,S3_1,text-embedding-3-large,S_final
S0 + Morgan fingerprint,gpt-4o,S2_1→S3_1,2,3,C->C,0.6642615626255671,0.7076196948687236,Correct,Correct,18,1,H₂O,S2_1,S3_1,text-embedding-3-large,S_final
S0 + Morgan fingerprint,gpt-4o,S2_1→S3_1,2,3,C->C,0.6505147049824397,0.6732888787984848,Correct,Correct,20,1,EtOH/H₂O,S2_1,S3_1,text-embedding-3-large,S_final
S0 + Morgan fingerprint,gpt-4o,S2_1→S3_1,2,3,C->C,0.6255789389212926,0.6303054412206014,Correct,Correct,21,1,EtOH/H₂O,S2_1,S3_1,text-embedding-3-large,S_final
S0 + Morgan fingerprint,gpt-4o,S2_1→S3_1,2,3,C->C,0.6097749392191569,0.6403178224960963,Correct,Correct,22,1,EtOH/H₂O,S2_1,S3_1,text-embedding-3-large,S_final
S0 + Morgan fingerprint,gpt-4o,S2_1→S3_1,2,3,C->C,0.6352476249138514,0.667723227540652,Correct,Correct,23,1,EtOH/H₂O,S2_1,S3_1,text-embedding-3-large,S_final
S0 + Morgan fingerprint,gpt-4o,S2_1→S3_1,2,3,C->C,0.5198030054569244,0.5361658275127411,Correct,Correct,25,1,NaOH,S2_1,S3_1,text-embedding-3-large,S_final
S0 + Morgan fingerprint,gpt-4o,S2_1→S3_1,2,3,C->C,0.5945495714743932,0.6160099814335505,Correct,Correct,25,2,Organic solvents,S2_1,S3_1,text-embedding-3-large,S_final
S0 + Morgan fingerprint,gpt-4o,S2_1→S3_1,2,3,C->C,0.5872250407934189,0.6377088775237402,Correct,Correct,26,1,NaOH,S2_1,S3_1,text-embedding-3-large,S_final
S0 + Morgan fingerprint,gpt-4o,S2_1→S3_1,2,3,C->C,0.485758289694786,0.5770714223384857,Correct,Correct,26,2,KOH,S2_1,S3_1,text-embedding-3-large,S_final
S0 + Morgan fingerprint,gpt-4o,S2_1→S3_1,2,3,C->C,0.4731797883907953,0.5162938624620438,Correct,Correct,26,3,LiOH,S2_1,S3_1,text-embedding-3-large,S_final
S0 + Morgan fingerprint,gpt-4o,S2_1→S3_1,2,3,C->C,0.6287595868110656,0.6683149139086405,Correct,Correct,26,4,Organic solvents,S2_1,S3_1,text-embedding-3-large,S_final
S0 + Morgan fingerprint,gpt-4o,S2_1→S3_1,2,3,C->C,0.554061259329319,0.6598641941944758,Correct,Correct,27,1,NaOH,S2_1,S3_1,text-embedding-3-large,S_final
S0 + Morgan fingerprint,gpt-4o,S2_1→S3_1,2,3,C->C,0.4699148257573446,0.5428452799717585,Correct,Correct,27,2,KOH,S2_1,S3_1,text-embedding-3-large,S_final
S0 + Morgan fingerprint,gpt-4o,S2_1→S3_1,2,3,C->C,0.4573839808503786,0.5395897870262463,Correct,Correct,27,3,LiOH,S2_1,S3_1,text-embedding-3-large,S_final
S0 + Morgan fingerprint,gpt-4o,S2_1→S3_1,2,3,C->C,0.6727927356958389,0.7183552722136178,Correct,Correct,27,4,Organic solvents,S2_1,S3_1,text-embedding-3-large,S_final
S0 + Morgan fingerprint,gpt-4o,S2_1→S3_1,2,3,C->C,0.5486853227019309,0.5689986487229666,Correct,Correct,28,1,NaOH,S2_1,S3_1,text-embedding-3-large,S_final
S0 + Morgan fingerprint,gpt-4o,S2_1→S3_1,2,3,C->C,0.4911371991038322,0.4957719261447588,Correct,Correct,28,2,Organic solvents,S2_1,S3_1,text-embedding-3-large,S_final
S0 + Morgan fingerprint,gpt-4o,S2_1→S3_1,2,3,C->C,0.6324824879566827,0.6420007576545079,Correct,Correct,29,1,NaOH,S2_1,S3_1,text-embedding-3-large,S_final
S0 + Morgan fingerprint,gpt-4o,S2_1→S3_1,2,3,C->C,0.4452290068070093,0.4784501656889915,Correct,Correct,29,2,Organic solvents,S2_1,S3_1,text-embedding-3-large,S_final
S0 + Morgan fingerprint,gpt-4o,S2_1→S3_1,2,3,C->C,0.581213096777598,0.6045486291249592,Correct,Correct,30,1,NaOH,S2_1,S3_1,text-embedding-3-large,S_final
S0 + Morgan fingerprint,gpt-4o,S2_1→S3_1,2,3,C->C,0.4792056083679199,0.4855880950887997,Correct,Correct,30,2,Organic solvents,S2_1,S3_1,text-embedding-3-large,S_final
S0 + Morgan fingerprint,gpt-4o,S2_1→S3_1,2,3,C->C,0.5735558599233627,0.6154108295838038,Correct,Correct,32,1,H₂O,S2_1,S3_1,text-embedding-3-large,S_final
S0 + Morgan fingerprint,gpt-4o,S2_1→S3_1,2,3,C->C,0.5880310396353403,0.6488119612137476,Correct,Correct,33,1,H₂O,S2_1,S3_1,text-embedding-3-large,S_final
S0 + Morgan fingerprint,gpt-4o,S2_1→S3_1,2,3,C->C,0.5650498576462268,0.581619323293368,Correct,Correct,34,1,H₂O,S2_1,S3_1,text-embedding-3-large,S_final
S0 + Morgan fingerprint,gpt-4o,S2_1→S3_1,2,3,C->C,0.5915154228607814,0.5934410045544306,Correct,Correct,37,1,KCl + NaCl,S2_1,S3_1,text-embedding-3-large,S_final
S0 + Morgan fingerprint,gpt-4o,S2_1→S3_1,2,3,C->C,0.4139969100554784,0.4134785676995913,Correct,Correct,38,1,KCl + NaCl,S2_1,S3_1,text-embedding-3-large,S_final
S0 + Morgan fingerprint,gpt-4o,S2_1→S3_1,2,3,C->C,0.6963522205750147,0.733862296740214,Correct,Correct,39,2,KCl,S2_1,S3_1,text-embedding-3-large,S_final
S0 + Morgan fingerprint,gpt-4o,S2_1→S3_1,2,3,C->C,0.678062058488528,0.6757065961758295,Correct,Correct,40,1,KCl,S2_1,S3_1,text-embedding-3-large,S_final
S0 + Morgan fingerprint,gpt-4o,S2_1→S3_1,2,3,C->C,0.6232130775849024,0.6640714198350905,Correct,Correct,40,6,KCl,S2_1,S3_1,text-embedding-3-large,S_final
S0 + Morgan fingerprint,gpt-4o,S2_1→S3_1,2,3,C->C,0.5757218430439631,0.6257063746452332,Correct,Correct,43,1,KCl,S2_1,S3_1,text-embedding-3-large,S_final
S0 + Morgan fingerprint,gpt-4o,S2_1→S3_1,2,3,C->C,0.6790968894958495,0.7216586977243423,Correct,Correct,44,1,KCl,S2_1,S3_1,text-embedding-3-large,S_final
S0 + Morgan fingerprint,gpt-4o,S2_1→S3_1,2,3,C->C,0.6280437141656875,0.6643381843964258,Correct,Correct,45,1,Organic solvents,S2_1,S3_1,text-embedding-3-large,S_final
S0 + Morgan fingerprint,gpt-4o,S2_1→S3_1,2,3,C->C,0.6079636087020238,0.6531668305397034,Correct,Correct,46,1,Organic solvents,S2_1,S3_1,text-embedding-3-large,S_final
S0 + Morgan fingerprint,gpt-4o,S2_1→S3_1,2,3,C->C,0.5899980843067169,0.6303485870361328,Correct,Correct,46,2,Organic solvents,S2_1,S3_1,text-embedding-3-large,S_final
S0 + Morgan fingerprint,gpt-4o,S2_1→S3_1,2,3,C->C,0.6192006468772888,0.6966114083925882,Correct,Correct,47,1,Organic solvents,S2_1,S3_1,text-embedding-3-large,S_final
S0 + Morgan fingerprint,gpt-4o,S2_1→S3_1,2,3,C->C,0.5706633254885674,0.6235643933216731,Correct,Correct,47,2,Organic solvents,S2_1,S3_1,text-embedding-3-large,S_final
S0 + Morgan fingerprint,gpt-4o,S2_1→S3_1,2,3,C->C,0.4988237162431081,0.5162879193822542,Correct,Correct,50,1,B(OH)₃ + AgNO₃,S2_1,S3_1,text-embedding-3-large,S_final
S0 + Morgan fingerprint,gpt-4o,S2_1→S3_1,2,3,C->C,0.6416628032922744,0.6981759379307428,Correct,Correct,51,1,KB(OH)₄,S2_1,S3_1,text-embedding-3-large,S_final
S0 + Morgan fingerprint,gpt-4o,S2_1→S3_1,2,3,C->C,0.5621718441446623,0.5845779036482175,Correct,Correct,53,1,H₂O,S2_1,S3_1,text-embedding-3-large,S_final
S0 + Morgan fingerprint,gpt-4o,S2_1→S3_1,2,3,C->C,0.6205156584580739,0.6429440756638845,Correct,Correct,53,2,EtOH/H₂O,S2_1,S3_1,text-embedding-3-large,S_final
S0 + Morgan fingerprint,gpt-4o,S2_1→S3_1,2,3,C->C,0.4299686526258786,0.4471485609809558,Correct,Correct,54,1,H₂O,S2_1,S3_1,text-embedding-3-large,S_final
S0 + Morgan fingerprint,gpt-4o,S2_1→S3_1,2,3,C->C,0.6354361454645793,0.6846230129400889,Correct,Correct,54,2,EtOH/H₂O,S2_1,S3_1,text-embedding-3-large,S_final
S0 + Morgan fingerprint,gpt-4o,S2_1→S3_1,2,3,C->C,0.6418619036674499,0.6881476253271103,Correct,Correct,55,2,EtOH/H₂O,S2_1,S3_1,text-embedding-3-large,S_final
S0 + Morgan fingerprint,gpt-4o,S2_1→S3_1,2,3,C->C,0.5840867698192597,0.6431355436642964,Correct,Correct,56,2,EtOH/H₂O,S2_1,S3_1,text-embedding-3-large,S_final
S0 + Morgan fingerprint,gpt-4o,S2_1→S3_1,2,3,C->C,0.474058523774147,0.5078261127074559,Correct,Correct,57,1,H₂O,S2_1,S3_1,text-embedding-3-large,S_final
S0 + Morgan fingerprint,gpt-4o,S2_1→S3_1,2,3,C->C,0.5488028561075528,0.5831088225046793,Correct,Correct,58,1,H₂O,S2_1,S3_1,text-embedding-3-large,S_final
S0 + Morgan fingerprint,gpt-4o,S2_1→S3_1,2,3,C->C,0.5533936937650045,0.6299632728099822,Correct,Correct,58,2,EtOH/H₂O,S2_1,S3_1,text-embedding-3-large,S_final
S0 + Morgan fingerprint,gpt-4o,S2_1→S3_1,2,3,C->C,0.4848843122522036,0.5314549436171849,Correct,Correct,59,1,H₂O,S2_1,S3_1,text-embedding-3-large,S_final
S0 + Morgan fingerprint,gpt-4o,S2_1→S3_1,2,3,C->C,0.5990111897389094,0.6554942985375721,Correct,Correct,59,2,EtOH/H₂O,S2_1,S3_1,text-embedding-3-large,S_final
S0 + Morgan fingerprint,gpt-4o,S2_1→S3_1,2,3,C->C,0.4504723985989888,0.4522715086738267,Correct,Correct,60,1,H₂O,S2_1,S3_1,text-embedding-3-large,S_final
S0 + Morgan fingerprint,gpt-4o,S2_1→S3_1,2,3,C->C,0.6187207341194152,0.6429153273502984,Correct,Correct,60,2,EtOH/H₂O,S2_1,S3_1,text-embedding-3-large,S_final
S0 + Morgan fingerprint,gpt-4o,S2_1→S3_1,2,3,C->C,0.5086563209692637,0.499212883412838,Correct,Correct,61,1,H₂O,S2_1,S3_1,text-embedding-3-large,S_final
S0 + Morgan fingerprint,gpt-4o,S2_1→S3_1,2,3,C->C,0.5659116456906,0.6086149503787358,Correct,Correct,62,1,H₂O,S2_1,S3_1,text-embedding-3-large,S_final
S0 + Morgan fingerprint,gpt-4o,S2_1→S3_1,2,3,C->C,0.5686827207605044,0.6320061782995859,Correct,Correct,62,2,EtOH/H₂O,S2_1,S3_1,text-embedding-3-large,S_final
S0 + Morgan fingerprint,gpt-4o,S2_1→S3_1,2,3,C->C,0.5623169188698132,0.5830566734075546,Correct,Correct,63,1,H₂O,S2_1,S3_1,text-embedding-3-large,S_final
S0 + Morgan fingerprint,gpt-4o,S2_1→S3_1,2,3,C->C,0.6023412287235259,0.6443313241004943,Correct,Correct,63,2,EtOH/H₂O,S2_1,S3_1,text-embedding-3-large,S_final
S0 + Morgan fingerprint,gpt-4o,S2_1→S3_1,2,3,C->C,0.5500469798843066,0.5704677840073903,Correct,Correct,64,2,NaB(OH)₄,S2_1,S3_1,text-embedding-3-large,S_final
S0 + Morgan fingerprint,gpt-4o,S2_1→S3_1,2,3,C->W,0.6767060786485671,0.6929375156760216,Correct,Wrong,1,4,KCl,S2_1,S3_1,text-embedding-3-large,S_final
S0 + Morgan fingerprint,gpt-4o,S2_1→S3_1,2,3,C->W,0.6977440446615218,0.7245830610394477,Correct,Wrong,3,2,B(OH)₃ + AgNO₃,S2_1,S3_1,text-embedding-3-large,S_final
S0 + Morgan fingerprint,gpt-4o,S2_1→S3_1,2,3,C->W,0.6821430161595344,0.7160396039485931,Correct,Wrong,5,1,LiCl,S2_1,S3_1,text-embedding-3-large,S_final
S0 + Morgan fingerprint,gpt-4o,S2_1→S3_1,2,3,C->W,0.5899205694595973,0.6360810130834579,Correct,Wrong,8,3,KCl,S2_1,S3_1,text-embedding-3-large,S_final
S0 + Morgan fingerprint,gpt-4o,S2_1→S3_1,2,3,C->W,0.4813195273280143,0.5005197875201702,Correct,Wrong,12,1,H₂O,S2_1,S3_1,text-embedding-3-large,S_final
S0 + Morgan fingerprint,gpt-4o,S2_1→S3_1,2,3,C->W,0.5444560892879963,0.6321801573038102,Correct,Wrong,14,1,H₂O,S2_1,S3_1,text-embedding-3-large,S_final
S0 + Morgan fingerprint,gpt-4o,S2_1→S3_1,2,3,C->W,0.6058350980281829,0.6518628070751826,Correct,Wrong,19,1,H₂O,S2_1,S3_1,text-embedding-3-large,S_final
S0 + Morgan fingerprint,gpt-4o,S2_1→S3_1,2,3,C->W,0.6123726447423299,0.6406049142281215,Correct,Wrong,24,1,EtOH/H₂O,S2_1,S3_1,text-embedding-3-large,S_final
S0 + Morgan fingerprint,gpt-4o,S2_1→S3_1,2,3,C->W,0.534992283085982,0.5192017634709676,Correct,Wrong,48,2,B(OH)₃ + other ions,S2_1,S3_1,text-embedding-3-large,S_final
S0 + Morgan fingerprint,gpt-4o,S2_1→S3_1,2,3,C->W,0.699257465203603,0.7126018688082694,Correct,Wrong,52,1,KB(OH)₄,S2_1,S3_1,text-embedding-3-large,S_final
S0 + Morgan fingerprint,gpt-4o,S2_1→S3_1,2,3,C->W,0.5627098008990288,0.5597205489873885,Correct,Wrong,55,1,H₂O,S2_1,S3_1,text-embedding-3-large,S_final
S0 + Morgan fingerprint,gpt-4o,S2_1→S3_1,2,3,C->W,0.5929670721292495,0.6388539031147957,Correct,Wrong,64,1,KCl,S2_1,S3_1,text-embedding-3-large,S_final
S0 + Morgan fingerprint,gpt-4o,S2_1→S3_1,2,3,W->C,0.570735315978527,0.6349846283594767,Wrong,Correct,1,5,KB(OH)₄,S2_1,S3_1,text-embedding-3-large,S_final
S0 + Morgan fingerprint,gpt-4o,S2_1→S3_1,2,3,W->C,0.6909066538016001,0.7083875000476837,Wrong,Correct,7,1,LiCl,S2_1,S3_1,text-embedding-3-large,S_final
S0 + Morgan fingerprint,gpt-4o,S2_1→S3_1,2,3,W->C,0.64345809618632,0.6681118309497833,Wrong,Correct,7,7,KCl,S2_1,S3_1,text-embedding-3-large,S_final
S0 + Morgan fingerprint,gpt-4o,S2_1→S3_1,2,3,W->C,0.6450017407536506,0.6776176353295643,Wrong,Correct,8,1,LiCl,S2_1,S3_1,text-embedding-3-large,S_final
S0 + Morgan fingerprint,gpt-4o,S2_1→S3_1,2,3,W->C,0.6032030552625655,0.6338775262236594,Wrong,Correct,10,2,PBS,S2_1,S3_1,text-embedding-3-large,S_final
S0 + Morgan fingerprint,gpt-4o,S2_1→S3_1,2,3,W->C,0.4866432229677835,0.5550059184432029,Wrong,Correct,15,1,H₂O,S2_1,S3_1,text-embedding-3-large,S_final
S0 + Morgan fingerprint,gpt-4o,S2_1→S3_1,2,3,W->C,0.5623236827552318,0.5970761795838673,Wrong,Correct,36,3,NaCl + TAcG,S2_1,S3_1,text-embedding-3-large,S_final
S0 + Morgan fingerprint,gpt-4o,S2_1→S3_1,2,3,W->C,0.5268724977970124,0.5556530569990475,Wrong,Correct,39,1,NaCl,S2_1,S3_1,text-embedding-3-large,S_final
S0 + Morgan fingerprint,gpt-4o,S2_1→S3_1,2,3,W->C,0.6156737983226777,0.6377705683310826,Wrong,Correct,40,3,NH₄Cl,S2_1,S3_1,text-embedding-3-large,S_final
S0 + Morgan fingerprint,gpt-4o,S2_1→S3_1,2,3,W->C,0.5925296917557716,0.6035913705825806,Wrong,Correct,40,4,Me₄NCl,S2_1,S3_1,text-embedding-3-large,S_final
S0 + Morgan fingerprint,gpt-4o,S2_1→S3_1,2,3,W->C,0.4962495639920234,0.5594734052817026,Wrong,Correct,45,3,Organic solvents,S2_1,S3_1,text-embedding-3-large,S_final
S0 + Morgan fingerprint,gpt-4o,S2_1→S3_1,2,3,W->C,0.5401154622435569,0.6434735556443532,Wrong,Correct,48,1,B(OH)₃ + AgNO₃,S2_1,S3_1,text-embedding-3-large,S_final
S0 + Morgan fingerprint,gpt-4o,S2_1→S3_1,2,3,W->C,0.553578881919384,0.5915035888552665,Wrong,Correct,49,1,B(OH)₃ + AgNO₃,S2_1,S3_1,text-embedding-3-large,S_final
S0 + Morgan fingerprint,gpt-4o,S2_1→S3_1,2,3,W->C,0.390817055851221,0.464513648301363,Wrong,Correct,57,2,EtOH/H₂O,S2_1,S3_1,text-embedding-3-large,S_final
S0 + Morgan fingerprint,gpt-4o,S2_1→S3_1,2,3,W->C,0.6214111432433128,0.6498681247234344,Wrong,Correct,61,2,EtOH/H₂O,S2_1,S3_1,text-embedding-3-large,S_final
S0 + Morgan fingerprint,gpt-4o,S2_1→S3_1,2,3,W->W,0.6480264365673065,0.7095341940720875,Wrong,Wrong,4,2,NaCl,S2_1,S3_1,text-embedding-3-large,S_final
S0 + Morgan fingerprint,gpt-4o,S2_1→S3_1,2,3,W->W,0.6528526614109674,0.7011319503188133,Wrong,Wrong,5,3,NaCl,S2_1,S3_1,text-embedding-3-large,S_final
S0 + Morgan fingerprint,gpt-4o,S2_1→S3_1,2,3,W->W,0.5888799349466959,0.6431816826264063,Wrong,Wrong,6,2,NaCl,S2_1,S3_1,text-embedding-3-large,S_final
S0 + Morgan fingerprint,gpt-4o,S2_1→S3_1,2,3,W->W,0.658648477991422,0.691212660074234,Wrong,Wrong,7,2,NaCl,S2_1,S3_1,text-embedding-3-large,S_final
S0 + Morgan fingerprint,gpt-4o,S2_1→S3_1,2,3,W->W,0.5530517622828484,0.5786111831665038,Wrong,Wrong,7,3,KCl + NaCl,S2_1,S3_1,text-embedding-3-large,S_final
S0 + Morgan fingerprint,gpt-4o,S2_1→S3_1,2,3,W->W,0.5341494624813398,0.5871140986680984,Wrong,Wrong,7,6,KCl,S2_1,S3_1,text-embedding-3-large,S_final
S0 + Morgan fingerprint,gpt-4o,S2_1→S3_1,2,3,W->W,0.5989445517460504,0.6080473919709523,Wrong,Wrong,7,10,KB(OH)₄,S2_1,S3_1,text-embedding-3-large,S_final
S0 + Morgan fingerprint,gpt-4o,S2_1→S3_1,2,3,W->W,0.625110658009847,0.6392287542422611,Wrong,Wrong,7,11,LiB(OH)₄,S2_1,S3_1,text-embedding-3-large,S_final
S0 + Morgan fingerprint,gpt-4o,S2_1→S3_1,2,3,W->W,0.5460142508149146,0.5364815180500347,Wrong,Wrong,8,4,KCl,S2_1,S3_1,text-embedding-3-large,S_final
S0 + Morgan fingerprint,gpt-4o,S2_1→S3_1,2,3,W->W,0.6363616486390432,0.6772633214791615,Wrong,Wrong,9,2,KCl,S2_1,S3_1,text-embedding-3-large,S_final
S0 + Morgan fingerprint,gpt-4o,S2_1→S3_1,2,3,W->W,0.5677618384361267,0.581338561574618,Wrong,Wrong,10,1,H₂O,S2_1,S3_1,text-embedding-3-large,S_final
S0 + Morgan fingerprint,gpt-4o,S2_1→S3_1,2,3,W->W,0.5652687485019365,0.5817494481801987,Wrong,Wrong,13,3,acidic pH + benzyl amine,S2_1,S3_1,text-embedding-3-large,S_final
S0 + Morgan fingerprint,gpt-4o,S2_1→S3_1,2,3,W->W,0.5909167652328808,0.6332045932610829,Wrong,Wrong,31,1,H₂O,S2_1,S3_1,text-embedding-3-large,S_final
S0 + Morgan fingerprint,gpt-4o,S2_1→S3_1,2,3,W->W,0.4871555050214131,0.5167985533674558,Wrong,Wrong,35,1,H₂O,S2_1,S3_1,text-embedding-3-large,S_final
S0 + Morgan fingerprint,gpt-4o,S2_1→S3_1,2,3,W->W,0.6258743047714233,0.6784736404816311,Wrong,Wrong,36,1,NaCl,S2_1,S3_1,text-embedding-3-large,S_final
S0 + Morgan fingerprint,gpt-4o,S2_1→S3_1,2,3,W->W,0.5968759626150131,0.5999654427170753,Wrong,Wrong,36,2,KCl,S2_1,S3_1,text-embedding-3-large,S_final
S0 + Morgan fingerprint,gpt-4o,S2_1→S3_1,2,3,W->W,0.6431635598341624,0.6360482821861903,Wrong,Wrong,37,2,KCl,S2_1,S3_1,text-embedding-3-large,S_final
S0 + Morgan fingerprint,gpt-4o,S2_1→S3_1,2,3,W->W,0.3864044502377509,0.3866130903363227,Wrong,Wrong,38,2,KCl,S2_1,S3_1,text-embedding-3-large,S_final
S0 + Morgan fingerprint,gpt-4o,S2_1→S3_1,2,3,W->W,0.6650294403235117,0.6939721633990605,Wrong,Wrong,40,2,NaCl,S2_1,S3_1,text-embedding-3-large,S_final
S0 + Morgan fingerprint,gpt-4o,S2_1→S3_1,2,3,W->W,0.6139336625734965,0.6381272176901499,Wrong,Wrong,40,5,Borate buffer,S2_1,S3_1,text-embedding-3-large,S_final
S0 + Morgan fingerprint,gpt-4o,S2_1→S3_1,2,3,W->W,0.6431281089782716,0.6754731138547262,Wrong,Wrong,41,1,KCl,S2_1,S3_1,text-embedding-3-large,S_final
S0 + Morgan fingerprint,gpt-4o,S2_1→S3_1,2,3,W->W,0.5297678803404172,0.5801079928874969,Wrong,Wrong,42,1,KCl,S2_1,S3_1,text-embedding-3-large,S_final
S0 + Morgan fingerprint,gpt-4o,S2_1→S3_1,2,3,W->W,0.51078020632267,0.5297469928860664,Wrong,Wrong,45,2,Organic solvents,S2_1,S3_1,text-embedding-3-large,S_final
S0 + Morgan fingerprint,gpt-4o,S2_1→S3_1,2,3,W->W,0.5223034833868344,0.5682601933677991,Wrong,Wrong,56,1,H₂O,S2_1,S3_1,text-embedding-3-large,S_final
S0 + Morgan fingerprint,grok-4.3,S0→S1_1,0,1,C->C,0.6872752964496612,0.7015196204185487,Correct,Correct,1,1,Tb(NO₃)₃ or Dy(NO₃)₃,S0,S1_1,text-embedding-3-large,S_final
S0 + Morgan fingerprint,grok-4.3,S0→S1_1,0,1,C->C,0.6180728077888489,0.6246272404988606,Correct,Correct,1,2,LiCl,S0,S1_1,text-embedding-3-large,S_final
S0 + Morgan fingerprint,grok-4.3,S0→S1_1,0,1,C->C,0.6432444741328557,0.6730525920788447,Correct,Correct,1,4,KCl,S0,S1_1,text-embedding-3-large,S_final
S0 + Morgan fingerprint,grok-4.3,S0→S1_1,0,1,C->C,0.7254463404417036,0.7340721070766448,Correct,Correct,3,2,B(OH)₃ + AgNO₃,S0,S1_1,text-embedding-3-large,S_final
S0 + Morgan fingerprint,grok-4.3,S0→S1_1,0,1,C->C,0.7303941220045089,0.7011186003684998,Correct,Correct,4,1,LiCl,S0,S1_1,text-embedding-3-large,S_final
S0 + Morgan fingerprint,grok-4.3,S0→S1_1,0,1,C->C,0.6871772279342014,0.6966148992379505,Correct,Correct,4,2,NaCl,S0,S1_1,text-embedding-3-large,S_final
S0 + Morgan fingerprint,grok-4.3,S0→S1_1,0,1,C->C,0.6664874970912933,0.6775144219398498,Correct,Correct,4,3,KCl,S0,S1_1,text-embedding-3-large,S_final
S0 + Morgan fingerprint,grok-4.3,S0→S1_1,0,1,C->C,0.6962688674529393,0.6737773964802424,Correct,Correct,5,2,KCl,S0,S1_1,text-embedding-3-large,S_final
S0 + Morgan fingerprint,grok-4.3,S0→S1_1,0,1,C->C,0.6870839819312096,0.7192891935507456,Correct,Correct,6,1,LiCl,S0,S1_1,text-embedding-3-large,S_final
S0 + Morgan fingerprint,grok-4.3,S0→S1_1,0,1,C->C,0.6551730940739313,0.6450784464677174,Correct,Correct,6,2,NaCl,S0,S1_1,text-embedding-3-large,S_final
S0 + Morgan fingerprint,grok-4.3,S0→S1_1,0,1,C->C,0.6903215944766998,0.6823457121849059,Correct,Correct,6,3,KCl,S0,S1_1,text-embedding-3-large,S_final
S0 + Morgan fingerprint,grok-4.3,S0→S1_1,0,1,C->C,0.7199300756057103,0.7014888803164164,Correct,Correct,7,1,LiCl,S0,S1_1,text-embedding-3-large,S_final
S0 + Morgan fingerprint,grok-4.3,S0→S1_1,0,1,C->C,0.6216931184132894,0.6022219290335973,Correct,Correct,7,4,KCl,S0,S1_1,text-embedding-3-large,S_final
S0 + Morgan fingerprint,grok-4.3,S0→S1_1,0,1,C->C,0.6636254568894704,0.6685985426108041,Correct,Correct,7,5,KCl,S0,S1_1,text-embedding-3-large,S_final
S0 + Morgan fingerprint,grok-4.3,S0→S1_1,0,1,C->C,0.659805992245674,0.6565224478642144,Correct,Correct,7,8,KCl + TAcG,S0,S1_1,text-embedding-3-large,S_final
S0 + Morgan fingerprint,grok-4.3,S0→S1_1,0,1,C->C,0.6945205241441726,0.6991032640139262,Correct,Correct,7,9,KB(OH)₄,S0,S1_1,text-embedding-3-large,S_final
S0 + Morgan fingerprint,grok-4.3,S0→S1_1,0,1,C->C,0.7065315023064613,0.689922997355461,Correct,Correct,7,11,LiB(OH)₄,S0,S1_1,text-embedding-3-large,S_final
S0 + Morgan fingerprint,grok-4.3,S0→S1_1,0,1,C->C,0.6594941169023514,0.6737099081277846,Correct,Correct,8,1,LiCl,S0,S1_1,text-embedding-3-large,S_final
S0 + Morgan fingerprint,grok-4.3,S0→S1_1,0,1,C->C,0.6251963178316752,0.6547265340884526,Correct,Correct,9,1,LiCl,S0,S1_1,text-embedding-3-large,S_final
S0 + Morgan fingerprint,grok-4.3,S0→S1_1,0,1,C->C,0.7217985878388086,0.742335659265518,Correct,Correct,13,1,H₂O,S0,S1_1,text-embedding-3-large,S_final
S0 + Morgan fingerprint,grok-4.3,S0→S1_1,0,1,C->C,0.6001208389798799,0.5812078386545182,Correct,Correct,13,2,acidic pH,S0,S1_1,text-embedding-3-large,S_final
S0 + Morgan fingerprint,grok-4.3,S0→S1_1,0,1,C->C,0.6739091376463572,0.7290555288394293,Correct,Correct,16,1,H₂O,S0,S1_1,text-embedding-3-large,S_final
S0 + Morgan fingerprint,grok-4.3,S0→S1_1,0,1,C->C,0.723007509112358,0.6895566105842591,Correct,Correct,18,1,H₂O,S0,S1_1,text-embedding-3-large,S_final
S0 + Morgan fingerprint,grok-4.3,S0→S1_1,0,1,C->C,0.5477169841527939,0.6032434845964114,Correct,Correct,19,1,H₂O,S0,S1_1,text-embedding-3-large,S_final
S0 + Morgan fingerprint,grok-4.3,S0→S1_1,0,1,C->C,0.6787594904502233,0.6875859280427297,Correct,Correct,20,1,EtOH/H₂O,S0,S1_1,text-embedding-3-large,S_final
S0 + Morgan fingerprint,grok-4.3,S0→S1_1,0,1,C->C,0.622465040286382,0.6488912900288899,Correct,Correct,21,1,EtOH/H₂O,S0,S1_1,text-embedding-3-large,S_final
S0 + Morgan fingerprint,grok-4.3,S0→S1_1,0,1,C->C,0.5092890471220016,0.5088586991031964,Correct,Correct,25,1,NaOH,S0,S1_1,text-embedding-3-large,S_final
S0 + Morgan fingerprint,grok-4.3,S0→S1_1,0,1,C->C,0.5696536481380462,0.614725778500239,Correct,Correct,25,2,Organic solvents,S0,S1_1,text-embedding-3-large,S_final
S0 + Morgan fingerprint,grok-4.3,S0→S1_1,0,1,C->C,0.6781781037648519,0.6180762320756912,Correct,Correct,26,1,NaOH,S0,S1_1,text-embedding-3-large,S_final
S0 + Morgan fingerprint,grok-4.3,S0→S1_1,0,1,C->C,0.6562273641427357,0.6401080816984176,Correct,Correct,26,4,Organic solvents,S0,S1_1,text-embedding-3-large,S_final
S0 + Morgan fingerprint,grok-4.3,S0→S1_1,0,1,C->C,0.5930301924546559,0.6292551974455515,Correct,Correct,27,1,NaOH,S0,S1_1,text-embedding-3-large,S_final
S0 + Morgan fingerprint,grok-4.3,S0→S1_1,0,1,C->C,0.4634566679596901,0.5616365591684976,Correct,Correct,27,2,KOH,S0,S1_1,text-embedding-3-large,S_final
S0 + Morgan fingerprint,grok-4.3,S0→S1_1,0,1,C->C,0.6724526902039845,0.6906214972337087,Correct,Correct,27,4,Organic solvents,S0,S1_1,text-embedding-3-large,S_final
S0 + Morgan fingerprint,grok-4.3,S0→S1_1,0,1,C->C,0.5729381263256073,0.6088798214991886,Correct,Correct,28,1,NaOH,S0,S1_1,text-embedding-3-large,S_final
S0 + Morgan fingerprint,grok-4.3,S0→S1_1,0,1,C->C,0.456999060511589,0.4795182690024375,Correct,Correct,28,2,Organic solvents,S0,S1_1,text-embedding-3-large,S_final
S0 + Morgan fingerprint,grok-4.3,S0→S1_1,0,1,C->C,0.6220025718212128,0.6309934397538502,Correct,Correct,29,1,NaOH,S0,S1_1,text-embedding-3-large,S_final
S0 + Morgan fingerprint,grok-4.3,S0→S1_1,0,1,C->C,0.4361027230819066,0.4671130950252215,Correct,Correct,29,2,Organic solvents,S0,S1_1,text-embedding-3-large,S_final
S0 + Morgan fingerprint,grok-4.3,S0→S1_1,0,1,C->C,0.5821840435266495,0.6275286426146824,Correct,Correct,30,1,NaOH,S0,S1_1,text-embedding-3-large,S_final
S0 + Morgan fingerprint,grok-4.3,S0→S1_1,0,1,C->C,0.4474771350622177,0.4824830998977025,Correct,Correct,30,2,Organic solvents,S0,S1_1,text-embedding-3-large,S_final
S0 + Morgan fingerprint,grok-4.3,S0→S1_1,0,1,C->C,0.5307907678186894,0.521019618709882,Correct,Correct,34,1,H₂O,S0,S1_1,text-embedding-3-large,S_final
S0 + Morgan fingerprint,grok-4.3,S0→S1_1,0,1,C->C,0.69100956817468,0.6870244324207305,Correct,Correct,40,1,KCl,S0,S1_1,text-embedding-3-large,S_final
S0 + Morgan fingerprint,grok-4.3,S0→S1_1,0,1,C->C,0.6707332273324331,0.6452577084302901,Correct,Correct,40,3,NH₄Cl,S0,S1_1,text-embedding-3-large,S_final
S0 + Morgan fingerprint,grok-4.3,S0→S1_1,0,1,C->C,0.6308372875054676,0.6721615334351857,Correct,Correct,40,6,KCl,S0,S1_1,text-embedding-3-large,S_final
S0 + Morgan fingerprint,grok-4.3,S0→S1_1,0,1,C->C,0.696612070997556,0.6879315892855326,Correct,Correct,46,1,Organic solvents,S0,S1_1,text-embedding-3-large,S_final
S0 + Morgan fingerprint,grok-4.3,S0→S1_1,0,1,C->C,0.6256224691867828,0.6275716572999954,Correct,Correct,46,2,Organic solvents,S0,S1_1,text-embedding-3-large,S_final
S0 + Morgan fingerprint,grok-4.3,S0→S1_1,0,1,C->C,0.6745964795351028,0.7306471576293309,Correct,Correct,47,1,Organic solvents,S0,S1_1,text-embedding-3-large,S_final
S0 + Morgan fingerprint,grok-4.3,S0→S1_1,0,1,C->C,0.564206050336361,0.6461247036854426,Correct,Correct,47,2,Organic solvents,S0,S1_1,text-embedding-3-large,S_final
S0 + Morgan fingerprint,grok-4.3,S0→S1_1,0,1,C->C,0.6751038710276286,0.6533334955573081,Correct,Correct,48,1,B(OH)₃ + AgNO₃,S0,S1_1,text-embedding-3-large,S_final
S0 + Morgan fingerprint,grok-4.3,S0→S1_1,0,1,C->C,0.5456013331810633,0.5314373736580212,Correct,Correct,48,2,B(OH)₃ + other ions,S0,S1_1,text-embedding-3-large,S_final
S0 + Morgan fingerprint,grok-4.3,S0→S1_1,0,1,C->C,0.6011775612831115,0.6046380311250686,Correct,Correct,49,1,B(OH)₃ + AgNO₃,S0,S1_1,text-embedding-3-large,S_final
S0 + Morgan fingerprint,grok-4.3,S0→S1_1,0,1,C->C,0.5501508618394534,0.5452579100926717,Correct,Correct,50,1,B(OH)₃ + AgNO₃,S0,S1_1,text-embedding-3-large,S_final
S0 + Morgan fingerprint,grok-4.3,S0→S1_1,0,1,C->C,0.7185869296391805,0.7366952896118164,Correct,Correct,51,1,KB(OH)₄,S0,S1_1,text-embedding-3-large,S_final
S0 + Morgan fingerprint,grok-4.3,S0→S1_1,0,1,C->C,0.7452998936176299,0.7373183459043503,Correct,Correct,52,1,KB(OH)₄,S0,S1_1,text-embedding-3-large,S_final
S0 + Morgan fingerprint,grok-4.3,S0→S1_1,0,1,C->C,0.5741520489255587,0.6300252000490825,Correct,Correct,53,2,EtOH/H₂O,S0,S1_1,text-embedding-3-large,S_final
S0 + Morgan fingerprint,grok-4.3,S0→S1_1,0,1,C->C,0.593556887904803,0.6481270432472229,Correct,Correct,54,2,EtOH/H₂O,S0,S1_1,text-embedding-3-large,S_final
S0 + Morgan fingerprint,grok-4.3,S0→S1_1,0,1,C->C,0.6046562234560648,0.642251976331075,Correct,Correct,55,2,EtOH/H₂O,S0,S1_1,text-embedding-3-large,S_final
S0 + Morgan fingerprint,grok-4.3,S0→S1_1,0,1,C->C,0.5546814143657683,0.5840640405813852,Correct,Correct,56,2,EtOH/H₂O,S0,S1_1,text-embedding-3-large,S_final
S0 + Morgan fingerprint,grok-4.3,S0→S1_1,0,1,C->C,0.4330251753330231,0.4915934448440869,Correct,Correct,57,1,H₂O,S0,S1_1,text-embedding-3-large,S_final
S0 + Morgan fingerprint,grok-4.3,S0→S1_1,0,1,C->C,0.5809038072824478,0.5688734173774719,Correct,Correct,58,2,EtOH/H₂O,S0,S1_1,text-embedding-3-large,S_final
S0 + Morgan fingerprint,grok-4.3,S0→S1_1,0,1,C->C,0.5114168107509613,0.4746407811840376,Correct,Correct,59,1,H₂O,S0,S1_1,text-embedding-3-large,S_final
S0 + Morgan fingerprint,grok-4.3,S0→S1_1,0,1,C->C,0.5781010478734969,0.6026145180066428,Correct,Correct,59,2,EtOH/H₂O,S0,S1_1,text-embedding-3-large,S_final
S0 + Morgan fingerprint,grok-4.3,S0→S1_1,0,1,C->C,0.5446289007862409,0.6099301348129907,Correct,Correct,60,2,EtOH/H₂O,S0,S1_1,text-embedding-3-large,S_final
S0 + Morgan fingerprint,grok-4.3,S0→S1_1,0,1,C->C,0.4836574405431747,0.4832229400674501,Correct,Correct,61,1,H₂O,S0,S1_1,text-embedding-3-large,S_final
S0 + Morgan fingerprint,grok-4.3,S0→S1_1,0,1,C->C,0.5959009885787964,0.6501563916603724,Correct,Correct,64,1,KCl,S0,S1_1,text-embedding-3-large,S_final
S0 + Morgan fingerprint,grok-4.3,S0→S1_1,0,1,C->C,0.6372093449036279,0.6131650224328041,Correct,Correct,64,2,NaB(OH)₄,S0,S1_1,text-embedding-3-large,S_final
S0 + Morgan fingerprint,grok-4.3,S0→S1_1,0,1,C->W,0.7194726645946503,0.7150479435920716,Correct,Wrong,5,1,LiCl,S0,S1_1,text-embedding-3-large,S_final
S0 + Morgan fingerprint,grok-4.3,S0→S1_1,0,1,C->W,0.6528987199068069,0.6339775611956914,Correct,Wrong,8,3,KCl,S0,S1_1,text-embedding-3-large,S_final
S0 + Morgan fingerprint,grok-4.3,S0→S1_1,0,1,C->W,0.559605827430884,0.5755797679225604,Correct,Wrong,8,4,KCl,S0,S1_1,text-embedding-3-large,S_final
S0 + Morgan fingerprint,grok-4.3,S0→S1_1,0,1,C->W,0.6375511596600215,0.6373546371857325,Correct,Wrong,10,1,H₂O,S0,S1_1,text-embedding-3-large,S_final
S0 + Morgan fingerprint,grok-4.3,S0→S1_1,0,1,C->W,0.6750296105941137,0.6798049435019493,Correct,Wrong,10,2,PBS,S0,S1_1,text-embedding-3-large,S_final
S0 + Morgan fingerprint,grok-4.3,S0→S1_1,0,1,C->W,0.5306704059243201,0.5508674308657646,Correct,Wrong,11,1,H₂O,S0,S1_1,text-embedding-3-large,S_final
S0 + Morgan fingerprint,grok-4.3,S0→S1_1,0,1,C->W,0.6789832264184952,0.6406435281038284,Correct,Wrong,31,1,H₂O,S0,S1_1,text-embedding-3-large,S_final
S0 + Morgan fingerprint,grok-4.3,S0→S1_1,0,1,C->W,0.6729378094275792,0.6427924464146296,Correct,Wrong,36,1,NaCl,S0,S1_1,text-embedding-3-large,S_final
S0 + Morgan fingerprint,grok-4.3,S0→S1_1,0,1,C->W,0.5718657116095225,0.5631111820538838,Correct,Wrong,36,3,NaCl + TAcG,S0,S1_1,text-embedding-3-large,S_final
S0 + Morgan fingerprint,grok-4.3,S0→S1_1,0,1,C->W,0.6278502454360325,0.6427026977141698,Correct,Wrong,37,2,KCl,S0,S1_1,text-embedding-3-large,S_final
S0 + Morgan fingerprint,grok-4.3,S0→S1_1,0,1,C->W,0.5505875051021576,0.5101921344796817,Correct,Wrong,39,1,NaCl,S0,S1_1,text-embedding-3-large,S_final
S0 + Morgan fingerprint,grok-4.3,S0→S1_1,0,1,C->W,0.669824398557345,0.729664346575737,Correct,Wrong,40,2,NaCl,S0,S1_1,text-embedding-3-large,S_final
S0 + Morgan fingerprint,grok-4.3,S0→S1_1,0,1,C->W,0.7115195006132126,0.6722506562868754,Correct,Wrong,41,1,KCl,S0,S1_1,text-embedding-3-large,S_final
S0 + Morgan fingerprint,grok-4.3,S0→S1_1,0,1,C->W,0.5564014956355094,0.5313765908281008,Correct,Wrong,56,1,H₂O,S0,S1_1,text-embedding-3-large,S_final
S0 + Morgan fingerprint,grok-4.3,S0→S1_1,0,1,C->W,0.5747614100575448,0.6493802890181541,Correct,Wrong,61,2,EtOH/H₂O,S0,S1_1,text-embedding-3-large,S_final
S0 + Morgan fingerprint,grok-4.3,S0→S1_1,0,1,W->C,0.5927018592754999,0.5555153240760167,Wrong,Correct,1,3,NaCl,S0,S1_1,text-embedding-3-large,S_final
S0 + Morgan fingerprint,grok-4.3,S0→S1_1,0,1,W->C,0.612130469083786,0.6617878675460815,Wrong,Correct,1,5,KB(OH)₄,S0,S1_1,text-embedding-3-large,S_final
S0 + Morgan fingerprint,grok-4.3,S0→S1_1,0,1,W->C,0.7080169975757599,0.6834534267584482,Wrong,Correct,7,2,NaCl,S0,S1_1,text-embedding-3-large,S_final
S0 + Morgan fingerprint,grok-4.3,S0→S1_1,0,1,W->C,0.5905365506807962,0.6602126320203144,Wrong,Correct,8,2,NaCl,S0,S1_1,text-embedding-3-large,S_final
S0 + Morgan fingerprint,grok-4.3,S0→S1_1,0,1,W->C,0.6324486702680586,0.6570215751727422,Wrong,Correct,9,3,NaCl,S0,S1_1,text-embedding-3-large,S_final
S0 + Morgan fingerprint,grok-4.3,S0→S1_1,0,1,W->C,0.5537323594093323,0.5618841245770454,Wrong,Correct,12,1,H₂O,S0,S1_1,text-embedding-3-large,S_final
S0 + Morgan fingerprint,grok-4.3,S0→S1_1,0,1,W->C,0.5368130932251612,0.6003811419010162,Wrong,Correct,14,1,H₂O,S0,S1_1,text-embedding-3-large,S_final
S0 + Morgan fingerprint,grok-4.3,S0→S1_1,0,1,W->C,0.5154287894566854,0.6489477107922236,Wrong,Correct,17,1,H₂O,S0,S1_1,text-embedding-3-large,S_final
S0 + Morgan fingerprint,grok-4.3,S0→S1_1,0,1,W->C,0.5986106524864833,0.6391138176123301,Wrong,Correct,22,1,EtOH/H₂O,S0,S1_1,text-embedding-3-large,S_final
S0 + Morgan fingerprint,grok-4.3,S0→S1_1,0,1,W->C,0.6433372557163238,0.6372294018665948,Wrong,Correct,23,1,EtOH/H₂O,S0,S1_1,text-embedding-3-large,S_final
S0 + Morgan fingerprint,grok-4.3,S0→S1_1,0,1,W->C,0.5852879106998444,0.6314824501673381,Wrong,Correct,24,1,EtOH/H₂O,S0,S1_1,text-embedding-3-large,S_final
S0 + Morgan fingerprint,grok-4.3,S0→S1_1,0,1,W->C,0.4716882099707921,0.5316694488128026,Wrong,Correct,26,2,KOH,S0,S1_1,text-embedding-3-large,S_final
S0 + Morgan fingerprint,grok-4.3,S0→S1_1,0,1,W->C,0.4741692592700322,0.5322445159157118,Wrong,Correct,26,3,LiOH,S0,S1_1,text-embedding-3-large,S_final
S0 + Morgan fingerprint,grok-4.3,S0→S1_1,0,1,W->C,0.4916115961968899,0.5617199664314587,Wrong,Correct,27,3,LiOH,S0,S1_1,text-embedding-3-large,S_final
S0 + Morgan fingerprint,grok-4.3,S0→S1_1,0,1,W->C,0.5416331281264622,0.6523759454488754,Wrong,Correct,32,1,H₂O,S0,S1_1,text-embedding-3-large,S_final
S0 + Morgan fingerprint,grok-4.3,S0→S1_1,0,1,W->C,0.5732523702085017,0.6299916287263234,Wrong,Correct,33,1,H₂O,S0,S1_1,text-embedding-3-large,S_final
S0 + Morgan fingerprint,grok-4.3,S0→S1_1,0,1,W->C,0.566110049188137,0.5990361422300338,Wrong,Correct,36,2,KCl,S0,S1_1,text-embedding-3-large,S_final
S0 + Morgan fingerprint,grok-4.3,S0→S1_1,0,1,W->C,0.5507163852453232,0.5339743574460347,Wrong,Correct,37,1,KCl + NaCl,S0,S1_1,text-embedding-3-large,S_final
S0 + Morgan fingerprint,grok-4.3,S0→S1_1,0,1,W->C,0.4330224653085072,0.4126043925682703,Wrong,Correct,38,1,KCl + NaCl,S0,S1_1,text-embedding-3-large,S_final
S0 + Morgan fingerprint,grok-4.3,S0→S1_1,0,1,W->C,0.7019282539685566,0.7108067522446314,Wrong,Correct,39,2,KCl,S0,S1_1,text-embedding-3-large,S_final
S0 + Morgan fingerprint,grok-4.3,S0→S1_1,0,1,W->C,0.554915436108907,0.5741189271211624,Wrong,Correct,42,1,KCl,S0,S1_1,text-embedding-3-large,S_final
S0 + Morgan fingerprint,grok-4.3,S0→S1_1,0,1,W->C,0.6222121646006902,0.6600311219692229,Wrong,Correct,44,1,KCl,S0,S1_1,text-embedding-3-large,S_final
S0 + Morgan fingerprint,grok-4.3,S0→S1_1,0,1,W->C,0.7134066700935363,0.6917596181233724,Wrong,Correct,45,1,Organic solvents,S0,S1_1,text-embedding-3-large,S_final
S0 + Morgan fingerprint,grok-4.3,S0→S1_1,0,1,W->C,0.5381772254904111,0.574880507091681,Wrong,Correct,53,1,H₂O,S0,S1_1,text-embedding-3-large,S_final
S0 + Morgan fingerprint,grok-4.3,S0→S1_1,0,1,W->C,0.4261687537034352,0.4649456391731897,Wrong,Correct,54,1,H₂O,S0,S1_1,text-embedding-3-large,S_final
S0 + Morgan fingerprint,grok-4.3,S0→S1_1,0,1,W->C,0.4877107833822567,0.5892670229077339,Wrong,Correct,55,1,H₂O,S0,S1_1,text-embedding-3-large,S_final
S0 + Morgan fingerprint,grok-4.3,S0→S1_1,0,1,W->C,0.3461303184429805,0.4016722120344638,Wrong,Correct,57,2,EtOH/H₂O,S0,S1_1,text-embedding-3-large,S_final
S0 + Morgan fingerprint,grok-4.3,S0→S1_1,0,1,W->C,0.5214389279484749,0.5471673225363095,Wrong,Correct,58,1,H₂O,S0,S1_1,text-embedding-3-large,S_final
S0 + Morgan fingerprint,grok-4.3,S0→S1_1,0,1,W->C,0.4241259321570396,0.4431778366367022,Wrong,Correct,60,1,H₂O,S0,S1_1,text-embedding-3-large,S_final
S0 + Morgan fingerprint,grok-4.3,S0→S1_1,0,1,W->C,0.5379614360630511,0.5779997636874517,Wrong,Correct,62,1,H₂O,S0,S1_1,text-embedding-3-large,S_final
S0 + Morgan fingerprint,grok-4.3,S0→S1_1,0,1,W->C,0.5323841909567516,0.5627658431728682,Wrong,Correct,62,2,EtOH/H₂O,S0,S1_1,text-embedding-3-large,S_final
S0 + Morgan fingerprint,grok-4.3,S0→S1_1,0,1,W->C,0.5061178259551524,0.6024701644976934,Wrong,Correct,63,1,H₂O,S0,S1_1,text-embedding-3-large,S_final
S0 + Morgan fingerprint,grok-4.3,S0→S1_1,0,1,W->C,0.5244816268483797,0.5859175552924474,Wrong,Correct,63,2,EtOH/H₂O,S0,S1_1,text-embedding-3-large,S_final
S0 + Morgan fingerprint,grok-4.3,S0→S1_1,0,1,W->W,0.6819018264611563,0.6929936632514,Wrong,Wrong,2,1,Tb(NO₃)₃ or Eu(NO₃)₃,S0,S1_1,text-embedding-3-large,S_final
S0 + Morgan fingerprint,grok-4.3,S0→S1_1,0,1,W->W,0.6743714720010757,0.6453823029994964,Wrong,Wrong,3,1,Tb(NO₃)₃ or Eu(NO₃)₃,S0,S1_1,text-embedding-3-large,S_final
S0 + Morgan fingerprint,grok-4.3,S0→S1_1,0,1,W->W,0.6877210289239883,0.6850149318575859,Wrong,Wrong,5,3,NaCl,S0,S1_1,text-embedding-3-large,S_final
S0 + Morgan fingerprint,grok-4.3,S0→S1_1,0,1,W->W,0.6028247018655141,0.5881750663121541,Wrong,Wrong,7,3,KCl + NaCl,S0,S1_1,text-embedding-3-large,S_final
S0 + Morgan fingerprint,grok-4.3,S0→S1_1,0,1,W->W,0.5856482456127803,0.5828293313582739,Wrong,Wrong,7,6,KCl,S0,S1_1,text-embedding-3-large,S_final
S0 + Morgan fingerprint,grok-4.3,S0→S1_1,0,1,W->W,0.6737503250439961,0.66335053841273,Wrong,Wrong,7,7,KCl,S0,S1_1,text-embedding-3-large,S_final
S0 + Morgan fingerprint,grok-4.3,S0→S1_1,0,1,W->W,0.593099268277486,0.5944043149550756,Wrong,Wrong,7,10,KB(OH)₄,S0,S1_1,text-embedding-3-large,S_final
S0 + Morgan fingerprint,grok-4.3,S0→S1_1,0,1,W->W,0.6283722927172978,0.6404042502244313,Wrong,Wrong,9,2,KCl,S0,S1_1,text-embedding-3-large,S_final
S0 + Morgan fingerprint,grok-4.3,S0→S1_1,0,1,W->W,0.5999787256121636,0.5948247989018758,Wrong,Wrong,13,3,acidic pH + benzyl amine,S0,S1_1,text-embedding-3-large,S_final
S0 + Morgan fingerprint,grok-4.3,S0→S1_1,0,1,W->W,0.4308901235461235,0.5422169327735901,Wrong,Wrong,15,1,H₂O,S0,S1_1,text-embedding-3-large,S_final
S0 + Morgan fingerprint,grok-4.3,S0→S1_1,0,1,W->W,0.5718296110630035,0.5662288715442022,Wrong,Wrong,35,1,H₂O,S0,S1_1,text-embedding-3-large,S_final
S0 + Morgan fingerprint,grok-4.3,S0→S1_1,0,1,W->W,0.3918152789274851,0.3826587845881779,Wrong,Wrong,38,2,KCl,S0,S1_1,text-embedding-3-large,S_final
S0 + Morgan fingerprint,grok-4.3,S0→S1_1,0,1,W->W,0.6604275306065878,0.6657547364632288,Wrong,Wrong,40,4,Me₄NCl,S0,S1_1,text-embedding-3-large,S_final
S0 + Morgan fingerprint,grok-4.3,S0→S1_1,0,1,W->W,0.6801355063915252,0.6593781679868699,Wrong,Wrong,40,5,Borate buffer,S0,S1_1,text-embedding-3-large,S_final
S0 + Morgan fingerprint,grok-4.3,S0→S1_1,0,1,W->W,0.5587974429130554,0.579306807120641,Wrong,Wrong,43,1,KCl,S0,S1_1,text-embedding-3-large,S_final
S0 + Morgan fingerprint,grok-4.3,S0→S1_1,0,1,W->W,0.4444044222434362,0.5340497364600499,Wrong,Wrong,45,2,Organic solvents,S0,S1_1,text-embedding-3-large,S_final
S0 + Morgan fingerprint,grok-4.3,S0→S1_1,0,1,W->W,0.4869381770491599,0.519747727115949,Wrong,Wrong,45,3,Organic solvents,S0,S1_1,text-embedding-3-large,S_final
S0 + Morgan fingerprint,grok-4.3,S1_1→S2_1,1,2,C->C,0.7015196204185487,0.6895430733760198,Correct,Correct,1,1,Tb(NO₃)₃ or Dy(NO₃)₃,S1_1,S2_1,text-embedding-3-large,S_final
S0 + Morgan fingerprint,grok-4.3,S1_1→S2_1,1,2,C->C,0.6246272404988606,0.6311287184556326,Correct,Correct,1,2,LiCl,S1_1,S2_1,text-embedding-3-large,S_final
S0 + Morgan fingerprint,grok-4.3,S1_1→S2_1,1,2,C->C,0.5555153240760167,0.5735963145891825,Correct,Correct,1,3,NaCl,S1_1,S2_1,text-embedding-3-large,S_final
S0 + Morgan fingerprint,grok-4.3,S1_1→S2_1,1,2,C->C,0.6730525920788447,0.660951468348503,Correct,Correct,1,4,KCl,S1_1,S2_1,text-embedding-3-large,S_final
S0 + Morgan fingerprint,grok-4.3,S1_1→S2_1,1,2,C->C,0.6617878675460815,0.6689629028240839,Correct,Correct,1,5,KB(OH)₄,S1_1,S2_1,text-embedding-3-large,S_final
S0 + Morgan fingerprint,grok-4.3,S1_1→S2_1,1,2,C->C,0.7340721070766448,0.7655326098203658,Correct,Correct,3,2,B(OH)₃ + AgNO₃,S1_1,S2_1,text-embedding-3-large,S_final
S0 + Morgan fingerprint,grok-4.3,S1_1→S2_1,1,2,C->C,0.7011186003684998,0.6998360435167948,Correct,Correct,4,1,LiCl,S1_1,S2_1,text-embedding-3-large,S_final
S0 + Morgan fingerprint,grok-4.3,S1_1→S2_1,1,2,C->C,0.6966148992379505,0.647705639898777,Correct,Correct,4,2,NaCl,S1_1,S2_1,text-embedding-3-large,S_final
S0 + Morgan fingerprint,grok-4.3,S1_1→S2_1,1,2,C->C,0.6775144219398498,0.6608388205369313,Correct,Correct,4,3,KCl,S1_1,S2_1,text-embedding-3-large,S_final
S0 + Morgan fingerprint,grok-4.3,S1_1→S2_1,1,2,C->C,0.6737773964802424,0.6731516818205514,Correct,Correct,5,2,KCl,S1_1,S2_1,text-embedding-3-large,S_final
S0 + Morgan fingerprint,grok-4.3,S1_1→S2_1,1,2,C->C,0.7192891935507456,0.7082737992207209,Correct,Correct,6,1,LiCl,S1_1,S2_1,text-embedding-3-large,S_final
S0 + Morgan fingerprint,grok-4.3,S1_1→S2_1,1,2,C->C,0.6450784464677174,0.6414333264033,Correct,Correct,6,2,NaCl,S1_1,S2_1,text-embedding-3-large,S_final
S0 + Morgan fingerprint,grok-4.3,S1_1→S2_1,1,2,C->C,0.6823457121849059,0.6879017651081085,Correct,Correct,6,3,KCl,S1_1,S2_1,text-embedding-3-large,S_final
S0 + Morgan fingerprint,grok-4.3,S1_1→S2_1,1,2,C->C,0.7014888803164164,0.6831578741470973,Correct,Correct,7,1,LiCl,S1_1,S2_1,text-embedding-3-large,S_final
S0 + Morgan fingerprint,grok-4.3,S1_1→S2_1,1,2,C->C,0.6834534267584482,0.7044013425707816,Correct,Correct,7,2,NaCl,S1_1,S2_1,text-embedding-3-large,S_final
S0 + Morgan fingerprint,grok-4.3,S1_1→S2_1,1,2,C->C,0.6022219290335973,0.6164024055004119,Correct,Correct,7,4,KCl,S1_1,S2_1,text-embedding-3-large,S_final
S0 + Morgan fingerprint,grok-4.3,S1_1→S2_1,1,2,C->C,0.6685985426108041,0.6561333507299423,Correct,Correct,7,5,KCl,S1_1,S2_1,text-embedding-3-large,S_final
S0 + Morgan fingerprint,grok-4.3,S1_1→S2_1,1,2,C->C,0.6565224478642144,0.6694148699442545,Correct,Correct,7,8,KCl + TAcG,S1_1,S2_1,text-embedding-3-large,S_final
S0 + Morgan fingerprint,grok-4.3,S1_1→S2_1,1,2,C->C,0.6991032640139262,0.7018415460983912,Correct,Correct,7,9,KB(OH)₄,S1_1,S2_1,text-embedding-3-large,S_final
S0 + Morgan fingerprint,grok-4.3,S1_1→S2_1,1,2,C->C,0.689922997355461,0.722134156525135,Correct,Correct,7,11,LiB(OH)₄,S1_1,S2_1,text-embedding-3-large,S_final
S0 + Morgan fingerprint,grok-4.3,S1_1→S2_1,1,2,C->C,0.6737099081277846,0.6658012047410011,Correct,Correct,8,1,LiCl,S1_1,S2_1,text-embedding-3-large,S_final
S0 + Morgan fingerprint,grok-4.3,S1_1→S2_1,1,2,C->C,0.6602126320203144,0.6592017362515131,Correct,Correct,8,2,NaCl,S1_1,S2_1,text-embedding-3-large,S_final
S0 + Morgan fingerprint,grok-4.3,S1_1→S2_1,1,2,C->C,0.6547265340884526,0.6249684075514476,Correct,Correct,9,1,LiCl,S1_1,S2_1,text-embedding-3-large,S_final
S0 + Morgan fingerprint,grok-4.3,S1_1→S2_1,1,2,C->C,0.6570215751727422,0.6430107792218527,Correct,Correct,9,3,NaCl,S1_1,S2_1,text-embedding-3-large,S_final
S0 + Morgan fingerprint,grok-4.3,S1_1→S2_1,1,2,C->C,0.5618841245770454,0.5560964718461037,Correct,Correct,12,1,H₂O,S1_1,S2_1,text-embedding-3-large,S_final
S0 + Morgan fingerprint,grok-4.3,S1_1→S2_1,1,2,C->C,0.742335659265518,0.7283955484628676,Correct,Correct,13,1,H₂O,S1_1,S2_1,text-embedding-3-large,S_final
S0 + Morgan fingerprint,grok-4.3,S1_1→S2_1,1,2,C->C,0.5812078386545182,0.5878978997468948,Correct,Correct,13,2,acidic pH,S1_1,S2_1,text-embedding-3-large,S_final
S0 + Morgan fingerprint,grok-4.3,S1_1→S2_1,1,2,C->C,0.6003811419010162,0.6154910365740457,Correct,Correct,14,1,H₂O,S1_1,S2_1,text-embedding-3-large,S_final
S0 + Morgan fingerprint,grok-4.3,S1_1→S2_1,1,2,C->C,0.7290555288394293,0.7138918538888296,Correct,Correct,16,1,H₂O,S1_1,S2_1,text-embedding-3-large,S_final
S0 + Morgan fingerprint,grok-4.3,S1_1→S2_1,1,2,C->C,0.6489477107922236,0.6329264789819717,Correct,Correct,17,1,H₂O,S1_1,S2_1,text-embedding-3-large,S_final
S0 + Morgan fingerprint,grok-4.3,S1_1→S2_1,1,2,C->C,0.6895566105842591,0.7033776422341664,Correct,Correct,18,1,H₂O,S1_1,S2_1,text-embedding-3-large,S_final
S0 + Morgan fingerprint,grok-4.3,S1_1→S2_1,1,2,C->C,0.6032434845964114,0.638651630282402,Correct,Correct,19,1,H₂O,S1_1,S2_1,text-embedding-3-large,S_final
S0 + Morgan fingerprint,grok-4.3,S1_1→S2_1,1,2,C->C,0.6875859280427297,0.6723993410666784,Correct,Correct,20,1,EtOH/H₂O,S1_1,S2_1,text-embedding-3-large,S_final
S0 + Morgan fingerprint,grok-4.3,S1_1→S2_1,1,2,C->C,0.6488912900288899,0.6476794679959615,Correct,Correct,21,1,EtOH/H₂O,S1_1,S2_1,text-embedding-3-large,S_final
S0 + Morgan fingerprint,grok-4.3,S1_1→S2_1,1,2,C->C,0.6391138176123301,0.617906724413236,Correct,Correct,22,1,EtOH/H₂O,S1_1,S2_1,text-embedding-3-large,S_final
S0 + Morgan fingerprint,grok-4.3,S1_1→S2_1,1,2,C->C,0.6372294018665948,0.6298093676567077,Correct,Correct,23,1,EtOH/H₂O,S1_1,S2_1,text-embedding-3-large,S_final
S0 + Morgan fingerprint,grok-4.3,S1_1→S2_1,1,2,C->C,0.6314824501673381,0.6350997298955917,Correct,Correct,24,1,EtOH/H₂O,S1_1,S2_1,text-embedding-3-large,S_final
S0 + Morgan fingerprint,grok-4.3,S1_1→S2_1,1,2,C->C,0.5088586991031964,0.5173993408679961,Correct,Correct,25,1,NaOH,S1_1,S2_1,text-embedding-3-large,S_final
S0 + Morgan fingerprint,grok-4.3,S1_1→S2_1,1,2,C->C,0.614725778500239,0.5876214077075322,Correct,Correct,25,2,Organic solvents,S1_1,S2_1,text-embedding-3-large,S_final
S0 + Morgan fingerprint,grok-4.3,S1_1→S2_1,1,2,C->C,0.6180762320756912,0.6595804880062739,Correct,Correct,26,1,NaOH,S1_1,S2_1,text-embedding-3-large,S_final
S0 + Morgan fingerprint,grok-4.3,S1_1→S2_1,1,2,C->C,0.5316694488128026,0.5354452500740686,Correct,Correct,26,2,KOH,S1_1,S2_1,text-embedding-3-large,S_final
S0 + Morgan fingerprint,grok-4.3,S1_1→S2_1,1,2,C->C,0.5322445159157118,0.5222068016727766,Correct,Correct,26,3,LiOH,S1_1,S2_1,text-embedding-3-large,S_final
S0 + Morgan fingerprint,grok-4.3,S1_1→S2_1,1,2,C->C,0.6401080816984176,0.6438782801230748,Correct,Correct,26,4,Organic solvents,S1_1,S2_1,text-embedding-3-large,S_final
S0 + Morgan fingerprint,grok-4.3,S1_1→S2_1,1,2,C->C,0.6292551974455515,0.650429676969846,Correct,Correct,27,1,NaOH,S1_1,S2_1,text-embedding-3-large,S_final
S0 + Morgan fingerprint,grok-4.3,S1_1→S2_1,1,2,C->C,0.5616365591684976,0.5619339863459268,Correct,Correct,27,2,KOH,S1_1,S2_1,text-embedding-3-large,S_final
S0 + Morgan fingerprint,grok-4.3,S1_1→S2_1,1,2,C->C,0.5617199664314587,0.5587532063325246,Correct,Correct,27,3,LiOH,S1_1,S2_1,text-embedding-3-large,S_final
S0 + Morgan fingerprint,grok-4.3,S1_1→S2_1,1,2,C->C,0.6906214972337087,0.703944359223048,Correct,Correct,27,4,Organic solvents,S1_1,S2_1,text-embedding-3-large,S_final
S0 + Morgan fingerprint,grok-4.3,S1_1→S2_1,1,2,C->C,0.6088798214991886,0.5708460430304209,Correct,Correct,28,1,NaOH,S1_1,S2_1,text-embedding-3-large,S_final
S0 + Morgan fingerprint,grok-4.3,S1_1→S2_1,1,2,C->C,0.4795182690024375,0.5053583512703578,Correct,Correct,28,2,Organic solvents,S1_1,S2_1,text-embedding-3-large,S_final
S0 + Morgan fingerprint,grok-4.3,S1_1→S2_1,1,2,C->C,0.6309934397538502,0.6499370068311691,Correct,Correct,29,1,NaOH,S1_1,S2_1,text-embedding-3-large,S_final
S0 + Morgan fingerprint,grok-4.3,S1_1→S2_1,1,2,C->C,0.4671130950252215,0.4482292473316192,Correct,Correct,29,2,Organic solvents,S1_1,S2_1,text-embedding-3-large,S_final
S0 + Morgan fingerprint,grok-4.3,S1_1→S2_1,1,2,C->C,0.6275286426146824,0.6223974665006001,Correct,Correct,30,1,NaOH,S1_1,S2_1,text-embedding-3-large,S_final
S0 + Morgan fingerprint,grok-4.3,S1_1→S2_1,1,2,C->C,0.4824830998977025,0.4612830286224683,Correct,Correct,30,2,Organic solvents,S1_1,S2_1,text-embedding-3-large,S_final
S0 + Morgan fingerprint,grok-4.3,S1_1→S2_1,1,2,C->C,0.6523759454488754,0.6404492596785227,Correct,Correct,32,1,H₂O,S1_1,S2_1,text-embedding-3-large,S_final
S0 + Morgan fingerprint,grok-4.3,S1_1→S2_1,1,2,C->C,0.6299916287263234,0.6629160622755687,Correct,Correct,33,1,H₂O,S1_1,S2_1,text-embedding-3-large,S_final
S0 + Morgan fingerprint,grok-4.3,S1_1→S2_1,1,2,C->C,0.521019618709882,0.5389543856183687,Correct,Correct,34,1,H₂O,S1_1,S2_1,text-embedding-3-large,S_final
S0 + Morgan fingerprint,grok-4.3,S1_1→S2_1,1,2,C->C,0.5990361422300338,0.5992163260777791,Correct,Correct,36,2,KCl,S1_1,S2_1,text-embedding-3-large,S_final
S0 + Morgan fingerprint,grok-4.3,S1_1→S2_1,1,2,C->C,0.5339743574460347,0.5374740714828173,Correct,Correct,37,1,KCl + NaCl,S1_1,S2_1,text-embedding-3-large,S_final
S0 + Morgan fingerprint,grok-4.3,S1_1→S2_1,1,2,C->C,0.4126043925682703,0.4035977100332578,Correct,Correct,38,1,KCl + NaCl,S1_1,S2_1,text-embedding-3-large,S_final
S0 + Morgan fingerprint,grok-4.3,S1_1→S2_1,1,2,C->C,0.7108067522446314,0.7097730800509452,Correct,Correct,39,2,KCl,S1_1,S2_1,text-embedding-3-large,S_final
S0 + Morgan fingerprint,grok-4.3,S1_1→S2_1,1,2,C->C,0.6870244324207305,0.6998560378948847,Correct,Correct,40,1,KCl,S1_1,S2_1,text-embedding-3-large,S_final
S0 + Morgan fingerprint,grok-4.3,S1_1→S2_1,1,2,C->C,0.6452577084302901,0.6524002442757288,Correct,Correct,40,3,NH₄Cl,S1_1,S2_1,text-embedding-3-large,S_final
S0 + Morgan fingerprint,grok-4.3,S1_1→S2_1,1,2,C->C,0.6721615334351857,0.6594209055105845,Correct,Correct,40,6,KCl,S1_1,S2_1,text-embedding-3-large,S_final
S0 + Morgan fingerprint,grok-4.3,S1_1→S2_1,1,2,C->C,0.6600311219692229,0.7058446844418844,Correct,Correct,44,1,KCl,S1_1,S2_1,text-embedding-3-large,S_final
S0 + Morgan fingerprint,grok-4.3,S1_1→S2_1,1,2,C->C,0.6917596181233724,0.694419107834498,Correct,Correct,45,1,Organic solvents,S1_1,S2_1,text-embedding-3-large,S_final
S0 + Morgan fingerprint,grok-4.3,S1_1→S2_1,1,2,C->C,0.6879315892855326,0.6755835791428884,Correct,Correct,46,1,Organic solvents,S1_1,S2_1,text-embedding-3-large,S_final
S0 + Morgan fingerprint,grok-4.3,S1_1→S2_1,1,2,C->C,0.6275716572999954,0.6424004256725311,Correct,Correct,46,2,Organic solvents,S1_1,S2_1,text-embedding-3-large,S_final
S0 + Morgan fingerprint,grok-4.3,S1_1→S2_1,1,2,C->C,0.7306471576293309,0.69859066704909,Correct,Correct,47,1,Organic solvents,S1_1,S2_1,text-embedding-3-large,S_final
S0 + Morgan fingerprint,grok-4.3,S1_1→S2_1,1,2,C->C,0.6461247036854426,0.6184427410364151,Correct,Correct,47,2,Organic solvents,S1_1,S2_1,text-embedding-3-large,S_final
S0 + Morgan fingerprint,grok-4.3,S1_1→S2_1,1,2,C->C,0.6533334955573081,0.6575751960277557,Correct,Correct,48,1,B(OH)₃ + AgNO₃,S1_1,S2_1,text-embedding-3-large,S_final
S0 + Morgan fingerprint,grok-4.3,S1_1→S2_1,1,2,C->C,0.5314373736580212,0.5138123668730259,Correct,Correct,48,2,B(OH)₃ + other ions,S1_1,S2_1,text-embedding-3-large,S_final
S0 + Morgan fingerprint,grok-4.3,S1_1→S2_1,1,2,C->C,0.6046380311250686,0.6124074210723242,Correct,Correct,49,1,B(OH)₃ + AgNO₃,S1_1,S2_1,text-embedding-3-large,S_final
S0 + Morgan fingerprint,grok-4.3,S1_1→S2_1,1,2,C->C,0.5452579100926717,0.5418459847569466,Correct,Correct,50,1,B(OH)₃ + AgNO₃,S1_1,S2_1,text-embedding-3-large,S_final
S0 + Morgan fingerprint,grok-4.3,S1_1→S2_1,1,2,C->C,0.7366952896118164,0.7155201852321624,Correct,Correct,51,1,KB(OH)₄,S1_1,S2_1,text-embedding-3-large,S_final
S0 + Morgan fingerprint,grok-4.3,S1_1→S2_1,1,2,C->C,0.7373183459043503,0.7364587644735971,Correct,Correct,52,1,KB(OH)₄,S1_1,S2_1,text-embedding-3-large,S_final
S0 + Morgan fingerprint,grok-4.3,S1_1→S2_1,1,2,C->C,0.574880507091681,0.5813394253452618,Correct,Correct,53,1,H₂O,S1_1,S2_1,text-embedding-3-large,S_final
S0 + Morgan fingerprint,grok-4.3,S1_1→S2_1,1,2,C->C,0.6300252000490825,0.6240672717491785,Correct,Correct,53,2,EtOH/H₂O,S1_1,S2_1,text-embedding-3-large,S_final
S0 + Morgan fingerprint,grok-4.3,S1_1→S2_1,1,2,C->C,0.4649456391731897,0.462652006248633,Correct,Correct,54,1,H₂O,S1_1,S2_1,text-embedding-3-large,S_final
S0 + Morgan fingerprint,grok-4.3,S1_1→S2_1,1,2,C->C,0.6481270432472229,0.629788041114807,Correct,Correct,54,2,EtOH/H₂O,S1_1,S2_1,text-embedding-3-large,S_final
S0 + Morgan fingerprint,grok-4.3,S1_1→S2_1,1,2,C->C,0.642251976331075,0.6245630760987599,Correct,Correct,55,2,EtOH/H₂O,S1_1,S2_1,text-embedding-3-large,S_final
S0 + Morgan fingerprint,grok-4.3,S1_1→S2_1,1,2,C->C,0.5840640405813852,0.5932552893956502,Correct,Correct,56,2,EtOH/H₂O,S1_1,S2_1,text-embedding-3-large,S_final
S0 + Morgan fingerprint,grok-4.3,S1_1→S2_1,1,2,C->C,0.4915934448440869,0.4741299375891685,Correct,Correct,57,1,H₂O,S1_1,S2_1,text-embedding-3-large,S_final
S0 + Morgan fingerprint,grok-4.3,S1_1→S2_1,1,2,C->C,0.5471673225363095,0.5510076945026716,Correct,Correct,58,1,H₂O,S1_1,S2_1,text-embedding-3-large,S_final
S0 + Morgan fingerprint,grok-4.3,S1_1→S2_1,1,2,C->C,0.5688734173774719,0.558067105213801,Correct,Correct,58,2,EtOH/H₂O,S1_1,S2_1,text-embedding-3-large,S_final
S0 + Morgan fingerprint,grok-4.3,S1_1→S2_1,1,2,C->C,0.4746407811840376,0.4637016102671623,Correct,Correct,59,1,H₂O,S1_1,S2_1,text-embedding-3-large,S_final
S0 + Morgan fingerprint,grok-4.3,S1_1→S2_1,1,2,C->C,0.6026145180066428,0.5894771148761113,Correct,Correct,59,2,EtOH/H₂O,S1_1,S2_1,text-embedding-3-large,S_final
S0 + Morgan fingerprint,grok-4.3,S1_1→S2_1,1,2,C->C,0.4431778366367022,0.4235387121637662,Correct,Correct,60,1,H₂O,S1_1,S2_1,text-embedding-3-large,S_final
S0 + Morgan fingerprint,grok-4.3,S1_1→S2_1,1,2,C->C,0.6099301348129907,0.636927404999733,Correct,Correct,60,2,EtOH/H₂O,S1_1,S2_1,text-embedding-3-large,S_final
S0 + Morgan fingerprint,grok-4.3,S1_1→S2_1,1,2,C->C,0.4832229400674501,0.4870955641071001,Correct,Correct,61,1,H₂O,S1_1,S2_1,text-embedding-3-large,S_final
S0 + Morgan fingerprint,grok-4.3,S1_1→S2_1,1,2,C->C,0.5779997636874517,0.5805568675200145,Correct,Correct,62,1,H₂O,S1_1,S2_1,text-embedding-3-large,S_final
S0 + Morgan fingerprint,grok-4.3,S1_1→S2_1,1,2,C->C,0.5627658431728682,0.5707656085491181,Correct,Correct,62,2,EtOH/H₂O,S1_1,S2_1,text-embedding-3-large,S_final
S0 + Morgan fingerprint,grok-4.3,S1_1→S2_1,1,2,C->C,0.6024701644976934,0.5710996796687443,Correct,Correct,63,1,H₂O,S1_1,S2_1,text-embedding-3-large,S_final
S0 + Morgan fingerprint,grok-4.3,S1_1→S2_1,1,2,C->C,0.5859175552924474,0.5973775257666906,Correct,Correct,63,2,EtOH/H₂O,S1_1,S2_1,text-embedding-3-large,S_final
S0 + Morgan fingerprint,grok-4.3,S1_1→S2_1,1,2,C->C,0.6501563916603724,0.6523142079512277,Correct,Correct,64,1,KCl,S1_1,S2_1,text-embedding-3-large,S_final
S0 + Morgan fingerprint,grok-4.3,S1_1→S2_1,1,2,C->C,0.6131650224328041,0.6495869278907777,Correct,Correct,64,2,NaB(OH)₄,S1_1,S2_1,text-embedding-3-large,S_final
S0 + Morgan fingerprint,grok-4.3,S1_1→S2_1,1,2,C->W,0.5741189271211624,0.5474769194920858,Correct,Wrong,42,1,KCl,S1_1,S2_1,text-embedding-3-large,S_final
S0 + Morgan fingerprint,grok-4.3,S1_1→S2_1,1,2,C->W,0.5892670229077339,0.5588552378118038,Correct,Wrong,55,1,H₂O,S1_1,S2_1,text-embedding-3-large,S_final
S0 + Morgan fingerprint,grok-4.3,S1_1→S2_1,1,2,C->W,0.4016722120344638,0.3763659812510013,Correct,Wrong,57,2,EtOH/H₂O,S1_1,S2_1,text-embedding-3-large,S_final
S0 + Morgan fingerprint,grok-4.3,S1_1→S2_1,1,2,W->C,0.6929936632514,0.7022416839996973,Wrong,Correct,2,1,Tb(NO₃)₃ or Eu(NO₃)₃,S1_1,S2_1,text-embedding-3-large,S_final
S0 + Morgan fingerprint,grok-4.3,S1_1→S2_1,1,2,W->C,0.6453823029994964,0.7083378771940866,Wrong,Correct,3,1,Tb(NO₃)₃ or Eu(NO₃)₃,S1_1,S2_1,text-embedding-3-large,S_final
S0 + Morgan fingerprint,grok-4.3,S1_1→S2_1,1,2,W->C,0.5101921344796817,0.5290792216857274,Wrong,Correct,39,1,NaCl,S1_1,S2_1,text-embedding-3-large,S_final
S0 + Morgan fingerprint,grok-4.3,S1_1→S2_1,1,2,W->W,0.7150479435920716,0.6813770065704982,Wrong,Wrong,5,1,LiCl,S1_1,S2_1,text-embedding-3-large,S_final
S0 + Morgan fingerprint,grok-4.3,S1_1→S2_1,1,2,W->W,0.6850149318575859,0.6804620370268821,Wrong,Wrong,5,3,NaCl,S1_1,S2_1,text-embedding-3-large,S_final
S0 + Morgan fingerprint,grok-4.3,S1_1→S2_1,1,2,W->W,0.5881750663121541,0.6016097913185755,Wrong,Wrong,7,3,KCl + NaCl,S1_1,S2_1,text-embedding-3-large,S_final
S0 + Morgan fingerprint,grok-4.3,S1_1→S2_1,1,2,W->W,0.5828293313582739,0.571901535987854,Wrong,Wrong,7,6,KCl,S1_1,S2_1,text-embedding-3-large,S_final
S0 + Morgan fingerprint,grok-4.3,S1_1→S2_1,1,2,W->W,0.66335053841273,0.6700943638881047,Wrong,Wrong,7,7,KCl,S1_1,S2_1,text-embedding-3-large,S_final
S0 + Morgan fingerprint,grok-4.3,S1_1→S2_1,1,2,W->W,0.5944043149550756,0.6088398456573486,Wrong,Wrong,7,10,KB(OH)₄,S1_1,S2_1,text-embedding-3-large,S_final
S0 + Morgan fingerprint,grok-4.3,S1_1→S2_1,1,2,W->W,0.6339775611956914,0.6145707458257674,Wrong,Wrong,8,3,KCl,S1_1,S2_1,text-embedding-3-large,S_final
S0 + Morgan fingerprint,grok-4.3,S1_1→S2_1,1,2,W->W,0.5755797679225604,0.5858644376198451,Wrong,Wrong,8,4,KCl,S1_1,S2_1,text-embedding-3-large,S_final
S0 + Morgan fingerprint,grok-4.3,S1_1→S2_1,1,2,W->W,0.6404042502244313,0.6549897392590841,Wrong,Wrong,9,2,KCl,S1_1,S2_1,text-embedding-3-large,S_final
S0 + Morgan fingerprint,grok-4.3,S1_1→S2_1,1,2,W->W,0.6373546371857325,0.616346138715744,Wrong,Wrong,10,1,H₂O,S1_1,S2_1,text-embedding-3-large,S_final
S0 + Morgan fingerprint,grok-4.3,S1_1→S2_1,1,2,W->W,0.6798049435019493,0.6696953773498535,Wrong,Wrong,10,2,PBS,S1_1,S2_1,text-embedding-3-large,S_final
S0 + Morgan fingerprint,grok-4.3,S1_1→S2_1,1,2,W->W,0.5508674308657646,0.5979022214810054,Wrong,Wrong,11,1,H₂O,S1_1,S2_1,text-embedding-3-large,S_final
S0 + Morgan fingerprint,grok-4.3,S1_1→S2_1,1,2,W->W,0.5948247989018758,0.5995454490184784,Wrong,Wrong,13,3,acidic pH + benzyl amine,S1_1,S2_1,text-embedding-3-large,S_final
S0 + Morgan fingerprint,grok-4.3,S1_1→S2_1,1,2,W->W,0.5422169327735901,0.5273957322041194,Wrong,Wrong,15,1,H₂O,S1_1,S2_1,text-embedding-3-large,S_final
S0 + Morgan fingerprint,grok-4.3,S1_1→S2_1,1,2,W->W,0.6406435281038284,0.6341986715793609,Wrong,Wrong,31,1,H₂O,S1_1,S2_1,text-embedding-3-large,S_final
S0 + Morgan fingerprint,grok-4.3,S1_1→S2_1,1,2,W->W,0.5662288715442022,0.5454232022166252,Wrong,Wrong,35,1,H₂O,S1_1,S2_1,text-embedding-3-large,S_final
S0 + Morgan fingerprint,grok-4.3,S1_1→S2_1,1,2,W->W,0.6427924464146296,0.6434787054856618,Wrong,Wrong,36,1,NaCl,S1_1,S2_1,text-embedding-3-large,S_final
S0 + Morgan fingerprint,grok-4.3,S1_1→S2_1,1,2,W->W,0.5631111820538838,0.5561844418446222,Wrong,Wrong,36,3,NaCl + TAcG,S1_1,S2_1,text-embedding-3-large,S_final
S0 + Morgan fingerprint,grok-4.3,S1_1→S2_1,1,2,W->W,0.6427026977141698,0.644178765018781,Wrong,Wrong,37,2,KCl,S1_1,S2_1,text-embedding-3-large,S_final
S0 + Morgan fingerprint,grok-4.3,S1_1→S2_1,1,2,W->W,0.3826587845881779,0.3853918209671974,Wrong,Wrong,38,2,KCl,S1_1,S2_1,text-embedding-3-large,S_final
S0 + Morgan fingerprint,grok-4.3,S1_1→S2_1,1,2,W->W,0.729664346575737,0.7126997997363408,Wrong,Wrong,40,2,NaCl,S1_1,S2_1,text-embedding-3-large,S_final
S0 + Morgan fingerprint,grok-4.3,S1_1→S2_1,1,2,W->W,0.6657547364632288,0.6553885757923127,Wrong,Wrong,40,4,Me₄NCl,S1_1,S2_1,text-embedding-3-large,S_final
S0 + Morgan fingerprint,grok-4.3,S1_1→S2_1,1,2,W->W,0.6593781679868699,0.6625855147838592,Wrong,Wrong,40,5,Borate buffer,S1_1,S2_1,text-embedding-3-large,S_final
S0 + Morgan fingerprint,grok-4.3,S1_1→S2_1,1,2,W->W,0.6722506562868754,0.6627591520547867,Wrong,Wrong,41,1,KCl,S1_1,S2_1,text-embedding-3-large,S_final
S0 + Morgan fingerprint,grok-4.3,S1_1→S2_1,1,2,W->W,0.579306807120641,0.5764398843050004,Wrong,Wrong,43,1,KCl,S1_1,S2_1,text-embedding-3-large,S_final
S0 + Morgan fingerprint,grok-4.3,S1_1→S2_1,1,2,W->W,0.5340497364600499,0.5347352102398872,Wrong,Wrong,45,2,Organic solvents,S1_1,S2_1,text-embedding-3-large,S_final
S0 + Morgan fingerprint,grok-4.3,S1_1→S2_1,1,2,W->W,0.519747727115949,0.5140040030082066,Wrong,Wrong,45,3,Organic solvents,S1_1,S2_1,text-embedding-3-large,S_final
S0 + Morgan fingerprint,grok-4.3,S1_1→S2_1,1,2,W->W,0.5313765908281008,0.5335283090670903,Wrong,Wrong,56,1,H₂O,S1_1,S2_1,text-embedding-3-large,S_final
S0 + Morgan fingerprint,grok-4.3,S1_1→S2_1,1,2,W->W,0.6493802890181541,0.6539527237415313,Wrong,Wrong,61,2,EtOH/H₂O,S1_1,S2_1,text-embedding-3-large,S_final
S0 + Morgan fingerprint,grok-4.3,S2_1→S3_1,2,3,C->C,0.6895430733760198,0.7134963810443877,Correct,Correct,1,1,Tb(NO₃)₃ or Dy(NO₃)₃,S2_1,S3_1,text-embedding-3-large,S_final
S0 + Morgan fingerprint,grok-4.3,S2_1→S3_1,2,3,C->C,0.6311287184556326,0.6303442686796189,Correct,Correct,1,2,LiCl,S2_1,S3_1,text-embedding-3-large,S_final
S0 + Morgan fingerprint,grok-4.3,S2_1→S3_1,2,3,C->C,0.5735963145891825,0.5847350051005681,Correct,Correct,1,3,NaCl,S2_1,S3_1,text-embedding-3-large,S_final
S0 + Morgan fingerprint,grok-4.3,S2_1→S3_1,2,3,C->C,0.660951468348503,0.6666450440883636,Correct,Correct,1,4,KCl,S2_1,S3_1,text-embedding-3-large,S_final
S0 + Morgan fingerprint,grok-4.3,S2_1→S3_1,2,3,C->C,0.6689629028240839,0.6676151752471924,Correct,Correct,1,5,KB(OH)₄,S2_1,S3_1,text-embedding-3-large,S_final
S0 + Morgan fingerprint,grok-4.3,S2_1→S3_1,2,3,C->C,0.7022416839996973,0.7481976161400476,Correct,Correct,2,1,Tb(NO₃)₃ or Eu(NO₃)₃,S2_1,S3_1,text-embedding-3-large,S_final
S0 + Morgan fingerprint,grok-4.3,S2_1→S3_1,2,3,C->C,0.7083378771940866,0.7177291244268417,Correct,Correct,3,1,Tb(NO₃)₃ or Eu(NO₃)₃,S2_1,S3_1,text-embedding-3-large,S_final
S0 + Morgan fingerprint,grok-4.3,S2_1→S3_1,2,3,C->C,0.7655326098203658,0.7864272415637971,Correct,Correct,3,2,B(OH)₃ + AgNO₃,S2_1,S3_1,text-embedding-3-large,S_final
S0 + Morgan fingerprint,grok-4.3,S2_1→S3_1,2,3,C->C,0.6998360435167948,0.7191080739100775,Correct,Correct,4,1,LiCl,S2_1,S3_1,text-embedding-3-large,S_final
S0 + Morgan fingerprint,grok-4.3,S2_1→S3_1,2,3,C->C,0.6608388205369313,0.6850314915180206,Correct,Correct,4,3,KCl,S2_1,S3_1,text-embedding-3-large,S_final
S0 + Morgan fingerprint,grok-4.3,S2_1→S3_1,2,3,C->C,0.6731516818205514,0.6981041878461838,Correct,Correct,5,2,KCl,S2_1,S3_1,text-embedding-3-large,S_final
S0 + Morgan fingerprint,grok-4.3,S2_1→S3_1,2,3,C->C,0.7082737992207209,0.7290506720542907,Correct,Correct,6,1,LiCl,S2_1,S3_1,text-embedding-3-large,S_final
S0 + Morgan fingerprint,grok-4.3,S2_1→S3_1,2,3,C->C,0.6414333264033,0.6604886829853058,Correct,Correct,6,2,NaCl,S2_1,S3_1,text-embedding-3-large,S_final
S0 + Morgan fingerprint,grok-4.3,S2_1→S3_1,2,3,C->C,0.6879017651081085,0.6932309200366338,Correct,Correct,6,3,KCl,S2_1,S3_1,text-embedding-3-large,S_final
S0 + Morgan fingerprint,grok-4.3,S2_1→S3_1,2,3,C->C,0.6831578741470973,0.7287233610947927,Correct,Correct,7,1,LiCl,S2_1,S3_1,text-embedding-3-large,S_final
S0 + Morgan fingerprint,grok-4.3,S2_1→S3_1,2,3,C->C,0.7044013425707816,0.7178360809882481,Correct,Correct,7,2,NaCl,S2_1,S3_1,text-embedding-3-large,S_final
S0 + Morgan fingerprint,grok-4.3,S2_1→S3_1,2,3,C->C,0.6164024055004119,0.6202735861142475,Correct,Correct,7,4,KCl,S2_1,S3_1,text-embedding-3-large,S_final
S0 + Morgan fingerprint,grok-4.3,S2_1→S3_1,2,3,C->C,0.6561333507299423,0.6682242890199026,Correct,Correct,7,5,KCl,S2_1,S3_1,text-embedding-3-large,S_final
S0 + Morgan fingerprint,grok-4.3,S2_1→S3_1,2,3,C->C,0.6694148699442545,0.6672875215609868,Correct,Correct,7,8,KCl + TAcG,S2_1,S3_1,text-embedding-3-large,S_final
S0 + Morgan fingerprint,grok-4.3,S2_1→S3_1,2,3,C->C,0.7018415460983912,0.733491783340772,Correct,Correct,7,9,KB(OH)₄,S2_1,S3_1,text-embedding-3-large,S_final
S0 + Morgan fingerprint,grok-4.3,S2_1→S3_1,2,3,C->C,0.722134156525135,0.69898941218853,Correct,Correct,7,11,LiB(OH)₄,S2_1,S3_1,text-embedding-3-large,S_final
S0 + Morgan fingerprint,grok-4.3,S2_1→S3_1,2,3,C->C,0.6658012047410011,0.6822351177533467,Correct,Correct,8,1,LiCl,S2_1,S3_1,text-embedding-3-large,S_final
S0 + Morgan fingerprint,grok-4.3,S2_1→S3_1,2,3,C->C,0.6592017362515131,0.6517591466506322,Correct,Correct,8,2,NaCl,S2_1,S3_1,text-embedding-3-large,S_final
S0 + Morgan fingerprint,grok-4.3,S2_1→S3_1,2,3,C->C,0.6249684075514476,0.6536378492911656,Correct,Correct,9,1,LiCl,S2_1,S3_1,text-embedding-3-large,S_final
S0 + Morgan fingerprint,grok-4.3,S2_1→S3_1,2,3,C->C,0.6430107792218527,0.6482467999060949,Correct,Correct,9,3,NaCl,S2_1,S3_1,text-embedding-3-large,S_final
S0 + Morgan fingerprint,grok-4.3,S2_1→S3_1,2,3,C->C,0.7283955484628676,0.7510331630706787,Correct,Correct,13,1,H₂O,S2_1,S3_1,text-embedding-3-large,S_final
S0 + Morgan fingerprint,grok-4.3,S2_1→S3_1,2,3,C->C,0.5878978997468948,0.5977384398380915,Correct,Correct,13,2,acidic pH,S2_1,S3_1,text-embedding-3-large,S_final
S0 + Morgan fingerprint,grok-4.3,S2_1→S3_1,2,3,C->C,0.7138918538888296,0.7586866557598114,Correct,Correct,16,1,H₂O,S2_1,S3_1,text-embedding-3-large,S_final
S0 + Morgan fingerprint,grok-4.3,S2_1→S3_1,2,3,C->C,0.6329264789819717,0.6938850422700246,Correct,Correct,17,1,H₂O,S2_1,S3_1,text-embedding-3-large,S_final
S0 + Morgan fingerprint,grok-4.3,S2_1→S3_1,2,3,C->C,0.7033776422341664,0.7084560513496397,Correct,Correct,18,1,H₂O,S2_1,S3_1,text-embedding-3-large,S_final
S0 + Morgan fingerprint,grok-4.3,S2_1→S3_1,2,3,C->C,0.6723993410666784,0.6828350325425466,Correct,Correct,20,1,EtOH/H₂O,S2_1,S3_1,text-embedding-3-large,S_final
S0 + Morgan fingerprint,grok-4.3,S2_1→S3_1,2,3,C->C,0.617906724413236,0.6393290430307389,Correct,Correct,22,1,EtOH/H₂O,S2_1,S3_1,text-embedding-3-large,S_final
S0 + Morgan fingerprint,grok-4.3,S2_1→S3_1,2,3,C->C,0.6298093676567077,0.6337696313858032,Correct,Correct,23,1,EtOH/H₂O,S2_1,S3_1,text-embedding-3-large,S_final
S0 + Morgan fingerprint,grok-4.3,S2_1→S3_1,2,3,C->C,0.6350997298955917,0.6505063941081364,Correct,Correct,24,1,EtOH/H₂O,S2_1,S3_1,text-embedding-3-large,S_final
S0 + Morgan fingerprint,grok-4.3,S2_1→S3_1,2,3,C->C,0.5173993408679961,0.549607282380263,Correct,Correct,25,1,NaOH,S2_1,S3_1,text-embedding-3-large,S_final
S0 + Morgan fingerprint,grok-4.3,S2_1→S3_1,2,3,C->C,0.5876214077075322,0.6240667621294657,Correct,Correct,25,2,Organic solvents,S2_1,S3_1,text-embedding-3-large,S_final
S0 + Morgan fingerprint,grok-4.3,S2_1→S3_1,2,3,C->C,0.6595804880062739,0.660654616355896,Correct,Correct,26,1,NaOH,S2_1,S3_1,text-embedding-3-large,S_final
S0 + Morgan fingerprint,grok-4.3,S2_1→S3_1,2,3,C->C,0.5354452500740686,0.620336436231931,Correct,Correct,26,2,KOH,S2_1,S3_1,text-embedding-3-large,S_final
S0 + Morgan fingerprint,grok-4.3,S2_1→S3_1,2,3,C->C,0.5222068016727766,0.6031189724802971,Correct,Correct,26,3,LiOH,S2_1,S3_1,text-embedding-3-large,S_final
S0 + Morgan fingerprint,grok-4.3,S2_1→S3_1,2,3,C->C,0.6438782801230748,0.6794472813606262,Correct,Correct,26,4,Organic solvents,S2_1,S3_1,text-embedding-3-large,S_final
S0 + Morgan fingerprint,grok-4.3,S2_1→S3_1,2,3,C->C,0.650429676969846,0.6573734372854233,Correct,Correct,27,1,NaOH,S2_1,S3_1,text-embedding-3-large,S_final
S0 + Morgan fingerprint,grok-4.3,S2_1→S3_1,2,3,C->C,0.5619339863459268,0.6087471832831701,Correct,Correct,27,2,KOH,S2_1,S3_1,text-embedding-3-large,S_final
S0 + Morgan fingerprint,grok-4.3,S2_1→S3_1,2,3,C->C,0.5587532063325246,0.6099187016487121,Correct,Correct,27,3,LiOH,S2_1,S3_1,text-embedding-3-large,S_final
S0 + Morgan fingerprint,grok-4.3,S2_1→S3_1,2,3,C->C,0.703944359223048,0.7434996823469797,Correct,Correct,27,4,Organic solvents,S2_1,S3_1,text-embedding-3-large,S_final
S0 + Morgan fingerprint,grok-4.3,S2_1→S3_1,2,3,C->C,0.5708460430304209,0.6035368611415227,Correct,Correct,28,1,NaOH,S2_1,S3_1,text-embedding-3-large,S_final
S0 + Morgan fingerprint,grok-4.3,S2_1→S3_1,2,3,C->C,0.5053583512703578,0.4981813932458559,Correct,Correct,28,2,Organic solvents,S2_1,S3_1,text-embedding-3-large,S_final
S0 + Morgan fingerprint,grok-4.3,S2_1→S3_1,2,3,C->C,0.6499370068311691,0.6534877449274062,Correct,Correct,29,1,NaOH,S2_1,S3_1,text-embedding-3-large,S_final
S0 + Morgan fingerprint,grok-4.3,S2_1→S3_1,2,3,C->C,0.4482292473316192,0.4683419133226076,Correct,Correct,29,2,Organic solvents,S2_1,S3_1,text-embedding-3-large,S_final
S0 + Morgan fingerprint,grok-4.3,S2_1→S3_1,2,3,C->C,0.6223974665006001,0.6389667163292566,Correct,Correct,30,1,NaOH,S2_1,S3_1,text-embedding-3-large,S_final
S0 + Morgan fingerprint,grok-4.3,S2_1→S3_1,2,3,C->C,0.4612830286224683,0.5094900955756505,Correct,Correct,30,2,Organic solvents,S2_1,S3_1,text-embedding-3-large,S_final
S0 + Morgan fingerprint,grok-4.3,S2_1→S3_1,2,3,C->C,0.6404492596785227,0.6783781111240387,Correct,Correct,32,1,H₂O,S2_1,S3_1,text-embedding-3-large,S_final
S0 + Morgan fingerprint,grok-4.3,S2_1→S3_1,2,3,C->C,0.6629160622755687,0.6688844531774522,Correct,Correct,33,1,H₂O,S2_1,S3_1,text-embedding-3-large,S_final
S0 + Morgan fingerprint,grok-4.3,S2_1→S3_1,2,3,C->C,0.5389543856183687,0.5813998728990554,Correct,Correct,34,1,H₂O,S2_1,S3_1,text-embedding-3-large,S_final
S0 + Morgan fingerprint,grok-4.3,S2_1→S3_1,2,3,C->C,0.5374740714828173,0.5803466459115346,Correct,Correct,37,1,KCl + NaCl,S2_1,S3_1,text-embedding-3-large,S_final
S0 + Morgan fingerprint,grok-4.3,S2_1→S3_1,2,3,C->C,0.4035977100332578,0.4373483558495839,Correct,Correct,38,1,KCl + NaCl,S2_1,S3_1,text-embedding-3-large,S_final
S0 + Morgan fingerprint,grok-4.3,S2_1→S3_1,2,3,C->C,0.5290792216857274,0.5596283415953318,Correct,Correct,39,1,NaCl,S2_1,S3_1,text-embedding-3-large,S_final
S0 + Morgan fingerprint,grok-4.3,S2_1→S3_1,2,3,C->C,0.7097730800509452,0.73171160419782,Correct,Correct,39,2,KCl,S2_1,S3_1,text-embedding-3-large,S_final
S0 + Morgan fingerprint,grok-4.3,S2_1→S3_1,2,3,C->C,0.6998560378948847,0.7150567084550857,Correct,Correct,40,1,KCl,S2_1,S3_1,text-embedding-3-large,S_final
S0 + Morgan fingerprint,grok-4.3,S2_1→S3_1,2,3,C->C,0.6524002442757288,0.6737671961386997,Correct,Correct,40,3,NH₄Cl,S2_1,S3_1,text-embedding-3-large,S_final
S0 + Morgan fingerprint,grok-4.3,S2_1→S3_1,2,3,C->C,0.6594209055105845,0.6752526273330052,Correct,Correct,40,6,KCl,S2_1,S3_1,text-embedding-3-large,S_final
S0 + Morgan fingerprint,grok-4.3,S2_1→S3_1,2,3,C->C,0.694419107834498,0.7098081638415654,Correct,Correct,45,1,Organic solvents,S2_1,S3_1,text-embedding-3-large,S_final
S0 + Morgan fingerprint,grok-4.3,S2_1→S3_1,2,3,C->C,0.6755835791428884,0.6979363332192102,Correct,Correct,46,1,Organic solvents,S2_1,S3_1,text-embedding-3-large,S_final
S0 + Morgan fingerprint,grok-4.3,S2_1→S3_1,2,3,C->C,0.6424004256725311,0.6634057819843292,Correct,Correct,46,2,Organic solvents,S2_1,S3_1,text-embedding-3-large,S_final
S0 + Morgan fingerprint,grok-4.3,S2_1→S3_1,2,3,C->C,0.69859066704909,0.7281228949626287,Correct,Correct,47,1,Organic solvents,S2_1,S3_1,text-embedding-3-large,S_final
S0 + Morgan fingerprint,grok-4.3,S2_1→S3_1,2,3,C->C,0.6184427410364151,0.6283806512753168,Correct,Correct,47,2,Organic solvents,S2_1,S3_1,text-embedding-3-large,S_final
S0 + Morgan fingerprint,grok-4.3,S2_1→S3_1,2,3,C->C,0.6575751960277557,0.6556978662808737,Correct,Correct,48,1,B(OH)₃ + AgNO₃,S2_1,S3_1,text-embedding-3-large,S_final
S0 + Morgan fingerprint,grok-4.3,S2_1→S3_1,2,3,C->C,0.6124074210723242,0.6196858634551365,Correct,Correct,49,1,B(OH)₃ + AgNO₃,S2_1,S3_1,text-embedding-3-large,S_final
S0 + Morgan fingerprint,grok-4.3,S2_1→S3_1,2,3,C->C,0.5418459847569466,0.5892901420593262,Correct,Correct,50,1,B(OH)₃ + AgNO₃,S2_1,S3_1,text-embedding-3-large,S_final
S0 + Morgan fingerprint,grok-4.3,S2_1→S3_1,2,3,C->C,0.7155201852321624,0.7262405276298521,Correct,Correct,51,1,KB(OH)₄,S2_1,S3_1,text-embedding-3-large,S_final
S0 + Morgan fingerprint,grok-4.3,S2_1→S3_1,2,3,C->C,0.5813394253452618,0.586654727657636,Correct,Correct,53,1,H₂O,S2_1,S3_1,text-embedding-3-large,S_final
S0 + Morgan fingerprint,grok-4.3,S2_1→S3_1,2,3,C->C,0.6240672717491785,0.6798452566067378,Correct,Correct,53,2,EtOH/H₂O,S2_1,S3_1,text-embedding-3-large,S_final
S0 + Morgan fingerprint,grok-4.3,S2_1→S3_1,2,3,C->C,0.462652006248633,0.4612018853425979,Correct,Correct,54,1,H₂O,S2_1,S3_1,text-embedding-3-large,S_final
S0 + Morgan fingerprint,grok-4.3,S2_1→S3_1,2,3,C->C,0.629788041114807,0.6588627169529596,Correct,Correct,54,2,EtOH/H₂O,S2_1,S3_1,text-embedding-3-large,S_final
S0 + Morgan fingerprint,grok-4.3,S2_1→S3_1,2,3,C->C,0.6245630760987599,0.6646872411171594,Correct,Correct,55,2,EtOH/H₂O,S2_1,S3_1,text-embedding-3-large,S_final
S0 + Morgan fingerprint,grok-4.3,S2_1→S3_1,2,3,C->C,0.5932552893956502,0.6480204085508983,Correct,Correct,56,2,EtOH/H₂O,S2_1,S3_1,text-embedding-3-large,S_final
S0 + Morgan fingerprint,grok-4.3,S2_1→S3_1,2,3,C->C,0.4741299375891685,0.5130203242103258,Correct,Correct,57,1,H₂O,S2_1,S3_1,text-embedding-3-large,S_final
S0 + Morgan fingerprint,grok-4.3,S2_1→S3_1,2,3,C->C,0.5510076945026716,0.5560211896896362,Correct,Correct,58,1,H₂O,S2_1,S3_1,text-embedding-3-large,S_final
S0 + Morgan fingerprint,grok-4.3,S2_1→S3_1,2,3,C->C,0.558067105213801,0.619662254055341,Correct,Correct,58,2,EtOH/H₂O,S2_1,S3_1,text-embedding-3-large,S_final
S0 + Morgan fingerprint,grok-4.3,S2_1→S3_1,2,3,C->C,0.4637016102671623,0.5035303756594657,Correct,Correct,59,1,H₂O,S2_1,S3_1,text-embedding-3-large,S_final
S0 + Morgan fingerprint,grok-4.3,S2_1→S3_1,2,3,C->C,0.5894771148761113,0.633322161436081,Correct,Correct,59,2,EtOH/H₂O,S2_1,S3_1,text-embedding-3-large,S_final
S0 + Morgan fingerprint,grok-4.3,S2_1→S3_1,2,3,C->C,0.4235387121637662,0.4629656056563059,Correct,Correct,60,1,H₂O,S2_1,S3_1,text-embedding-3-large,S_final
S0 + Morgan fingerprint,grok-4.3,S2_1→S3_1,2,3,C->C,0.636927404999733,0.6606236110130945,Correct,Correct,60,2,EtOH/H₂O,S2_1,S3_1,text-embedding-3-large,S_final
S0 + Morgan fingerprint,grok-4.3,S2_1→S3_1,2,3,C->C,0.4870955641071001,0.5038865054647128,Correct,Correct,61,1,H₂O,S2_1,S3_1,text-embedding-3-large,S_final
S0 + Morgan fingerprint,grok-4.3,S2_1→S3_1,2,3,C->C,0.5805568675200145,0.6596101214488347,Correct,Correct,62,1,H₂O,S2_1,S3_1,text-embedding-3-large,S_final
S0 + Morgan fingerprint,grok-4.3,S2_1→S3_1,2,3,C->C,0.5707656085491181,0.599803360303243,Correct,Correct,62,2,EtOH/H₂O,S2_1,S3_1,text-embedding-3-large,S_final
S0 + Morgan fingerprint,grok-4.3,S2_1→S3_1,2,3,C->C,0.5710996796687443,0.6033160880208015,Correct,Correct,63,1,H₂O,S2_1,S3_1,text-embedding-3-large,S_final
S0 + Morgan fingerprint,grok-4.3,S2_1→S3_1,2,3,C->C,0.5973775257666906,0.6275437225898107,Correct,Correct,63,2,EtOH/H₂O,S2_1,S3_1,text-embedding-3-large,S_final
S0 + Morgan fingerprint,grok-4.3,S2_1→S3_1,2,3,C->C,0.6523142079512277,0.6650540828704833,Correct,Correct,64,1,KCl,S2_1,S3_1,text-embedding-3-large,S_final
S0 + Morgan fingerprint,grok-4.3,S2_1→S3_1,2,3,C->C,0.6495869278907777,0.6573124180237452,Correct,Correct,64,2,NaB(OH)₄,S2_1,S3_1,text-embedding-3-large,S_final
S0 + Morgan fingerprint,grok-4.3,S2_1→S3_1,2,3,C->W,0.647705639898777,0.6958429296811421,Correct,Wrong,4,2,NaCl,S2_1,S3_1,text-embedding-3-large,S_final
S0 + Morgan fingerprint,grok-4.3,S2_1→S3_1,2,3,C->W,0.5560964718461037,0.5575959677497546,Correct,Wrong,12,1,H₂O,S2_1,S3_1,text-embedding-3-large,S_final
S0 + Morgan fingerprint,grok-4.3,S2_1→S3_1,2,3,C->W,0.6154910365740457,0.6487530569235483,Correct,Wrong,14,1,H₂O,S2_1,S3_1,text-embedding-3-large,S_final
S0 + Morgan fingerprint,grok-4.3,S2_1→S3_1,2,3,C->W,0.638651630282402,0.6857145736614862,Correct,Wrong,19,1,H₂O,S2_1,S3_1,text-embedding-3-large,S_final
S0 + Morgan fingerprint,grok-4.3,S2_1→S3_1,2,3,C->W,0.6476794679959615,0.6138897627592086,Correct,Wrong,21,1,EtOH/H₂O,S2_1,S3_1,text-embedding-3-large,S_final
S0 + Morgan fingerprint,grok-4.3,S2_1→S3_1,2,3,C->W,0.5992163260777791,0.6192637463410695,Correct,Wrong,36,2,KCl,S2_1,S3_1,text-embedding-3-large,S_final
S0 + Morgan fingerprint,grok-4.3,S2_1→S3_1,2,3,C->W,0.7058446844418844,0.7008684456348419,Correct,Wrong,44,1,KCl,S2_1,S3_1,text-embedding-3-large,S_final
S0 + Morgan fingerprint,grok-4.3,S2_1→S3_1,2,3,C->W,0.5138123668730259,0.5530632019042968,Correct,Wrong,48,2,B(OH)₃ + other ions,S2_1,S3_1,text-embedding-3-large,S_final
S0 + Morgan fingerprint,grok-4.3,S2_1→S3_1,2,3,C->W,0.7364587644735971,0.7006186972061793,Correct,Wrong,52,1,KB(OH)₄,S2_1,S3_1,text-embedding-3-large,S_final
S0 + Morgan fingerprint,grok-4.3,S2_1→S3_1,2,3,W->C,0.6813770065704982,0.7201768085360527,Wrong,Correct,5,1,LiCl,S2_1,S3_1,text-embedding-3-large,S_final
S0 + Morgan fingerprint,grok-4.3,S2_1→S3_1,2,3,W->C,0.6804620370268821,0.7110962137579917,Wrong,Correct,5,3,NaCl,S2_1,S3_1,text-embedding-3-large,S_final
S0 + Morgan fingerprint,grok-4.3,S2_1→S3_1,2,3,W->C,0.616346138715744,0.6539685413241385,Wrong,Correct,10,1,H₂O,S2_1,S3_1,text-embedding-3-large,S_final
S0 + Morgan fingerprint,grok-4.3,S2_1→S3_1,2,3,W->C,0.6696953773498535,0.6766030997037887,Wrong,Correct,10,2,PBS,S2_1,S3_1,text-embedding-3-large,S_final
S0 + Morgan fingerprint,grok-4.3,S2_1→S3_1,2,3,W->C,0.5979022214810054,0.6258689329028129,Wrong,Correct,11,1,H₂O,S2_1,S3_1,text-embedding-3-large,S_final
S0 + Morgan fingerprint,grok-4.3,S2_1→S3_1,2,3,W->C,0.5273957322041194,0.5646293140947818,Wrong,Correct,15,1,H₂O,S2_1,S3_1,text-embedding-3-large,S_final
S0 + Morgan fingerprint,grok-4.3,S2_1→S3_1,2,3,W->C,0.6341986715793609,0.7252676442265511,Wrong,Correct,31,1,H₂O,S2_1,S3_1,text-embedding-3-large,S_final
S0 + Morgan fingerprint,grok-4.3,S2_1→S3_1,2,3,W->C,0.6434787054856618,0.7048640032609303,Wrong,Correct,36,1,NaCl,S2_1,S3_1,text-embedding-3-large,S_final
S0 + Morgan fingerprint,grok-4.3,S2_1→S3_1,2,3,W->C,0.5561844418446222,0.6311856756607691,Wrong,Correct,36,3,NaCl + TAcG,S2_1,S3_1,text-embedding-3-large,S_final
S0 + Morgan fingerprint,grok-4.3,S2_1→S3_1,2,3,W->C,0.5347352102398872,0.596468161046505,Wrong,Correct,45,2,Organic solvents,S2_1,S3_1,text-embedding-3-large,S_final
S0 + Morgan fingerprint,grok-4.3,S2_1→S3_1,2,3,W->C,0.5140040030082066,0.5630570545792579,Wrong,Correct,45,3,Organic solvents,S2_1,S3_1,text-embedding-3-large,S_final
S0 + Morgan fingerprint,grok-4.3,S2_1→S3_1,2,3,W->C,0.6539527237415313,0.6530053397019704,Wrong,Correct,61,2,EtOH/H₂O,S2_1,S3_1,text-embedding-3-large,S_final
S0 + Morgan fingerprint,grok-4.3,S2_1→S3_1,2,3,W->W,0.6016097913185755,0.578727505604426,Wrong,Wrong,7,3,KCl + NaCl,S2_1,S3_1,text-embedding-3-large,S_final
S0 + Morgan fingerprint,grok-4.3,S2_1→S3_1,2,3,W->W,0.571901535987854,0.6008419771989186,Wrong,Wrong,7,6,KCl,S2_1,S3_1,text-embedding-3-large,S_final
S0 + Morgan fingerprint,grok-4.3,S2_1→S3_1,2,3,W->W,0.6700943638881047,0.6778043329715727,Wrong,Wrong,7,7,KCl,S2_1,S3_1,text-embedding-3-large,S_final
S0 + Morgan fingerprint,grok-4.3,S2_1→S3_1,2,3,W->W,0.6088398456573486,0.6028613726298014,Wrong,Wrong,7,10,KB(OH)₄,S2_1,S3_1,text-embedding-3-large,S_final
S0 + Morgan fingerprint,grok-4.3,S2_1→S3_1,2,3,W->W,0.6145707458257674,0.6337092777093251,Wrong,Wrong,8,3,KCl,S2_1,S3_1,text-embedding-3-large,S_final
S0 + Morgan fingerprint,grok-4.3,S2_1→S3_1,2,3,W->W,0.5858644376198451,0.5702009965976079,Wrong,Wrong,8,4,KCl,S2_1,S3_1,text-embedding-3-large,S_final
S0 + Morgan fingerprint,grok-4.3,S2_1→S3_1,2,3,W->W,0.6549897392590841,0.6617148896058399,Wrong,Wrong,9,2,KCl,S2_1,S3_1,text-embedding-3-large,S_final
S0 + Morgan fingerprint,grok-4.3,S2_1→S3_1,2,3,W->W,0.5995454490184784,0.5890109340349833,Wrong,Wrong,13,3,acidic pH + benzyl amine,S2_1,S3_1,text-embedding-3-large,S_final
S0 + Morgan fingerprint,grok-4.3,S2_1→S3_1,2,3,W->W,0.5454232022166252,0.5923007617394128,Wrong,Wrong,35,1,H₂O,S2_1,S3_1,text-embedding-3-large,S_final
S0 + Morgan fingerprint,grok-4.3,S2_1→S3_1,2,3,W->W,0.644178765018781,0.6646052191654841,Wrong,Wrong,37,2,KCl,S2_1,S3_1,text-embedding-3-large,S_final
S0 + Morgan fingerprint,grok-4.3,S2_1→S3_1,2,3,W->W,0.3853918209671974,0.396642408768336,Wrong,Wrong,38,2,KCl,S2_1,S3_1,text-embedding-3-large,S_final
S0 + Morgan fingerprint,grok-4.3,S2_1→S3_1,2,3,W->W,0.7126997997363408,0.6846800198157629,Wrong,Wrong,40,2,NaCl,S2_1,S3_1,text-embedding-3-large,S_final
S0 + Morgan fingerprint,grok-4.3,S2_1→S3_1,2,3,W->W,0.6553885757923127,0.65711676577727,Wrong,Wrong,40,4,Me₄NCl,S2_1,S3_1,text-embedding-3-large,S_final
S0 + Morgan fingerprint,grok-4.3,S2_1→S3_1,2,3,W->W,0.6625855147838592,0.6627660661935807,Wrong,Wrong,40,5,Borate buffer,S2_1,S3_1,text-embedding-3-large,S_final
S0 + Morgan fingerprint,grok-4.3,S2_1→S3_1,2,3,W->W,0.6627591520547867,0.6845952868461609,Wrong,Wrong,41,1,KCl,S2_1,S3_1,text-embedding-3-large,S_final
S0 + Morgan fingerprint,grok-4.3,S2_1→S3_1,2,3,W->W,0.5474769194920858,0.5841775874296823,Wrong,Wrong,42,1,KCl,S2_1,S3_1,text-embedding-3-large,S_final
S0 + Morgan fingerprint,grok-4.3,S2_1→S3_1,2,3,W->W,0.5764398843050004,0.591725105047226,Wrong,Wrong,43,1,KCl,S2_1,S3_1,text-embedding-3-large,S_final
S0 + Morgan fingerprint,grok-4.3,S2_1→S3_1,2,3,W->W,0.5588552378118038,0.5724868454039096,Wrong,Wrong,55,1,H₂O,S2_1,S3_1,text-embedding-3-large,S_final
S0 + Morgan fingerprint,grok-4.3,S2_1→S3_1,2,3,W->W,0.5335283090670903,0.5375397662321726,Wrong,Wrong,56,1,H₂O,S2_1,S3_1,text-embedding-3-large,S_final
S0 + Morgan fingerprint,grok-4.3,S2_1→S3_1,2,3,W->W,0.3763659812510013,0.4471829066673914,Wrong,Wrong,57,2,EtOH/H₂O,S2_1,S3_1,text-embedding-3-large,S_final
S0 + Morgan fingerprint,llama-4-scout,S0→S1_1,0,1,C->C,0.6698489705721536,0.656595234076182,Correct,Correct,1,1,Tb(NO₃)₃ or Dy(NO₃)₃,S0,S1_1,text-embedding-3-large,S_final
S0 + Morgan fingerprint,llama-4-scout,S0→S1_1,0,1,C->C,0.643382637699445,0.6520462443431218,Correct,Correct,1,4,KCl,S0,S1_1,text-embedding-3-large,S_final
S0 + Morgan fingerprint,llama-4-scout,S0→S1_1,0,1,C->C,0.6580866913000742,0.6597432971000671,Correct,Correct,3,1,Tb(NO₃)₃ or Eu(NO₃)₃,S0,S1_1,text-embedding-3-large,S_final
S0 + Morgan fingerprint,llama-4-scout,S0→S1_1,0,1,C->C,0.6726386795441309,0.6666746586561203,Correct,Correct,4,1,LiCl,S0,S1_1,text-embedding-3-large,S_final
S0 + Morgan fingerprint,llama-4-scout,S0→S1_1,0,1,C->C,0.651340706149737,0.6564199884732563,Correct,Correct,4,2,NaCl,S0,S1_1,text-embedding-3-large,S_final
S0 + Morgan fingerprint,llama-4-scout,S0→S1_1,0,1,C->C,0.615975534915924,0.6142767161130905,Correct,Correct,4,3,KCl,S0,S1_1,text-embedding-3-large,S_final
S0 + Morgan fingerprint,llama-4-scout,S0→S1_1,0,1,C->C,0.6858061204353968,0.659963662425677,Correct,Correct,5,1,LiCl,S0,S1_1,text-embedding-3-large,S_final
S0 + Morgan fingerprint,llama-4-scout,S0→S1_1,0,1,C->C,0.6300863305727641,0.6237752020359039,Correct,Correct,5,2,KCl,S0,S1_1,text-embedding-3-large,S_final
S0 + Morgan fingerprint,llama-4-scout,S0→S1_1,0,1,C->C,0.6587292164564131,0.6753690093755722,Correct,Correct,6,1,LiCl,S0,S1_1,text-embedding-3-large,S_final
S0 + Morgan fingerprint,llama-4-scout,S0→S1_1,0,1,C->C,0.6320927282174428,0.6540565411249797,Correct,Correct,6,3,KCl,S0,S1_1,text-embedding-3-large,S_final
S0 + Morgan fingerprint,llama-4-scout,S0→S1_1,0,1,C->C,0.6097523828347523,0.549987422923247,Correct,Correct,7,4,KCl,S0,S1_1,text-embedding-3-large,S_final
S0 + Morgan fingerprint,llama-4-scout,S0→S1_1,0,1,C->C,0.6562369922796886,0.6108604778846104,Correct,Correct,7,5,KCl,S0,S1_1,text-embedding-3-large,S_final
S0 + Morgan fingerprint,llama-4-scout,S0→S1_1,0,1,C->C,0.6190939555565516,0.6141200304031372,Correct,Correct,7,8,KCl + TAcG,S0,S1_1,text-embedding-3-large,S_final
S0 + Morgan fingerprint,llama-4-scout,S0→S1_1,0,1,C->C,0.674136401216189,0.6297020941972732,Correct,Correct,7,9,KB(OH)₄,S0,S1_1,text-embedding-3-large,S_final
S0 + Morgan fingerprint,llama-4-scout,S0→S1_1,0,1,C->C,0.6250544438759486,0.5742146015167235,Correct,Correct,8,3,KCl,S0,S1_1,text-embedding-3-large,S_final
S0 + Morgan fingerprint,llama-4-scout,S0→S1_1,0,1,C->C,0.5731110031406085,0.5502506010234356,Correct,Correct,8,4,KCl,S0,S1_1,text-embedding-3-large,S_final
S0 + Morgan fingerprint,llama-4-scout,S0→S1_1,0,1,C->C,0.632583118478457,0.6347309589385987,Correct,Correct,16,1,H₂O,S0,S1_1,text-embedding-3-large,S_final
S0 + Morgan fingerprint,llama-4-scout,S0→S1_1,0,1,C->C,0.6705506672461827,0.6473538557688395,Correct,Correct,18,1,H₂O,S0,S1_1,text-embedding-3-large,S_final
S0 + Morgan fingerprint,llama-4-scout,S0→S1_1,0,1,C->C,0.5365773792068164,0.5716820408900579,Correct,Correct,19,1,H₂O,S0,S1_1,text-embedding-3-large,S_final
S0 + Morgan fingerprint,llama-4-scout,S0→S1_1,0,1,C->C,0.6503789027531942,0.661100106438001,Correct,Correct,20,1,EtOH/H₂O,S0,S1_1,text-embedding-3-large,S_final
S0 + Morgan fingerprint,llama-4-scout,S0→S1_1,0,1,C->C,0.6040709619720777,0.6018902301788329,Correct,Correct,21,1,EtOH/H₂O,S0,S1_1,text-embedding-3-large,S_final
S0 + Morgan fingerprint,llama-4-scout,S0→S1_1,0,1,C->C,0.597810768087705,0.5901589920123418,Correct,Correct,25,2,Organic solvents,S0,S1_1,text-embedding-3-large,S_final
S0 + Morgan fingerprint,llama-4-scout,S0→S1_1,0,1,C->C,0.6344731291135152,0.5634801551699639,Correct,Correct,26,1,NaOH,S0,S1_1,text-embedding-3-large,S_final
S0 + Morgan fingerprint,llama-4-scout,S0→S1_1,0,1,C->C,0.4864707820117473,0.4864182169238726,Correct,Correct,26,3,LiOH,S0,S1_1,text-embedding-3-large,S_final
S0 + Morgan fingerprint,llama-4-scout,S0→S1_1,0,1,C->C,0.6743261059125264,0.6255164563655854,Correct,Correct,26,4,Organic solvents,S0,S1_1,text-embedding-3-large,S_final
S0 + Morgan fingerprint,llama-4-scout,S0→S1_1,0,1,C->C,0.5102546125650406,0.478294102847576,Correct,Correct,27,3,LiOH,S0,S1_1,text-embedding-3-large,S_final
S0 + Morgan fingerprint,llama-4-scout,S0→S1_1,0,1,C->C,0.7183413222432136,0.6593640635410946,Correct,Correct,27,4,Organic solvents,S0,S1_1,text-embedding-3-large,S_final
S0 + Morgan fingerprint,llama-4-scout,S0→S1_1,0,1,C->C,0.5177238285541534,0.4235315531492232,Correct,Correct,28,2,Organic solvents,S0,S1_1,text-embedding-3-large,S_final
S0 + Morgan fingerprint,llama-4-scout,S0→S1_1,0,1,C->C,0.4471876402695973,0.4460131337245305,Correct,Correct,29,2,Organic solvents,S0,S1_1,text-embedding-3-large,S_final
S0 + Morgan fingerprint,llama-4-scout,S0→S1_1,0,1,C->C,0.5110768482089043,0.465372825662295,Correct,Correct,30,2,Organic solvents,S0,S1_1,text-embedding-3-large,S_final
S0 + Morgan fingerprint,llama-4-scout,S0→S1_1,0,1,C->C,0.5576961984237035,0.5558259822428226,Correct,Correct,36,3,NaCl + TAcG,S0,S1_1,text-embedding-3-large,S_final
S0 + Morgan fingerprint,llama-4-scout,S0→S1_1,0,1,C->C,0.7171515271067619,0.6548721710840861,Correct,Correct,39,2,KCl,S0,S1_1,text-embedding-3-large,S_final
S0 + Morgan fingerprint,llama-4-scout,S0→S1_1,0,1,C->C,0.6647005925575892,0.638165670633316,Correct,Correct,40,1,KCl,S0,S1_1,text-embedding-3-large,S_final
S0 + Morgan fingerprint,llama-4-scout,S0→S1_1,0,1,C->C,0.600214367111524,0.5954729447762172,Correct,Correct,40,6,KCl,S0,S1_1,text-embedding-3-large,S_final
S0 + Morgan fingerprint,llama-4-scout,S0→S1_1,0,1,C->C,0.669763254125913,0.6682861790060997,Correct,Correct,41,1,KCl,S0,S1_1,text-embedding-3-large,S_final
S0 + Morgan fingerprint,llama-4-scout,S0→S1_1,0,1,C->C,0.6749028652906417,0.6190745164950688,Correct,Correct,46,1,Organic solvents,S0,S1_1,text-embedding-3-large,S_final
S0 + Morgan fingerprint,llama-4-scout,S0→S1_1,0,1,C->C,0.6051261226336161,0.5692083284258843,Correct,Correct,46,2,Organic solvents,S0,S1_1,text-embedding-3-large,S_final
S0 + Morgan fingerprint,llama-4-scout,S0→S1_1,0,1,C->C,0.663087526957194,0.6528188049793243,Correct,Correct,47,1,Organic solvents,S0,S1_1,text-embedding-3-large,S_final
S0 + Morgan fingerprint,llama-4-scout,S0→S1_1,0,1,C->C,0.5717121625940004,0.5603710720936457,Correct,Correct,47,2,Organic solvents,S0,S1_1,text-embedding-3-large,S_final
S0 + Morgan fingerprint,llama-4-scout,S0→S1_1,0,1,C->C,0.6670556207497914,0.6985293527444204,Correct,Correct,52,1,KB(OH)₄,S0,S1_1,text-embedding-3-large,S_final
S0 + Morgan fingerprint,llama-4-scout,S0→S1_1,0,1,C->C,0.6057403763135274,0.5899190967281659,Correct,Correct,53,2,EtOH/H₂O,S0,S1_1,text-embedding-3-large,S_final
S0 + Morgan fingerprint,llama-4-scout,S0→S1_1,0,1,C->C,0.611253109574318,0.6209039419889449,Correct,Correct,54,2,EtOH/H₂O,S0,S1_1,text-embedding-3-large,S_final
S0 + Morgan fingerprint,llama-4-scout,S0→S1_1,0,1,C->C,0.6039184093475342,0.6412579923868179,Correct,Correct,55,2,EtOH/H₂O,S0,S1_1,text-embedding-3-large,S_final
S0 + Morgan fingerprint,llama-4-scout,S0→S1_1,0,1,C->C,0.5895338157812754,0.5270593533913295,Correct,Correct,56,2,EtOH/H₂O,S0,S1_1,text-embedding-3-large,S_final
S0 + Morgan fingerprint,llama-4-scout,S0→S1_1,0,1,C->C,0.5929790914058685,0.5201287145415942,Correct,Correct,58,2,EtOH/H₂O,S0,S1_1,text-embedding-3-large,S_final
S0 + Morgan fingerprint,llama-4-scout,S0→S1_1,0,1,C->C,0.5008472986519337,0.4526867116491,Correct,Correct,59,1,H₂O,S0,S1_1,text-embedding-3-large,S_final
S0 + Morgan fingerprint,llama-4-scout,S0→S1_1,0,1,C->C,0.5820577800273895,0.579403539498647,Correct,Correct,59,2,EtOH/H₂O,S0,S1_1,text-embedding-3-large,S_final
S0 + Morgan fingerprint,llama-4-scout,S0→S1_1,0,1,C->C,0.5721249704559643,0.6327166070540745,Correct,Correct,60,2,EtOH/H₂O,S0,S1_1,text-embedding-3-large,S_final
S0 + Morgan fingerprint,llama-4-scout,S0→S1_1,0,1,C->C,0.5789880484342574,0.5919448137283325,Correct,Correct,61,2,EtOH/H₂O,S0,S1_1,text-embedding-3-large,S_final
S0 + Morgan fingerprint,llama-4-scout,S0→S1_1,0,1,C->C,0.5766378829876581,0.5655869434277216,Correct,Correct,64,1,KCl,S0,S1_1,text-embedding-3-large,S_final
S0 + Morgan fingerprint,llama-4-scout,S0→S1_1,0,1,C->C,0.594832252462705,0.5539820566773415,Correct,Correct,64,2,NaB(OH)₄,S0,S1_1,text-embedding-3-large,S_final
S0 + Morgan fingerprint,llama-4-scout,S0→S1_1,0,1,C->W,0.6834358831246693,0.6639877448479334,Correct,Wrong,2,1,Tb(NO₃)₃ or Eu(NO₃)₃,S0,S1_1,text-embedding-3-large,S_final
S0 + Morgan fingerprint,llama-4-scout,S0→S1_1,0,1,C->W,0.6042267426848411,0.5822018921375275,Correct,Wrong,6,2,NaCl,S0,S1_1,text-embedding-3-large,S_final
S0 + Morgan fingerprint,llama-4-scout,S0→S1_1,0,1,C->W,0.6049697021643321,0.5517551049590111,Correct,Wrong,10,1,H₂O,S0,S1_1,text-embedding-3-large,S_final
S0 + Morgan fingerprint,llama-4-scout,S0→S1_1,0,1,C->W,0.6038325438896814,0.6184186180432637,Correct,Wrong,10,2,PBS,S0,S1_1,text-embedding-3-large,S_final
S0 + Morgan fingerprint,llama-4-scout,S0→S1_1,0,1,C->W,0.6886723856131235,0.7008255943655968,Correct,Wrong,13,1,H₂O,S0,S1_1,text-embedding-3-large,S_final
S0 + Morgan fingerprint,llama-4-scout,S0→S1_1,0,1,C->W,0.5212729468941687,0.5157710562149683,Correct,Wrong,13,2,acidic pH,S0,S1_1,text-embedding-3-large,S_final
S0 + Morgan fingerprint,llama-4-scout,S0→S1_1,0,1,C->W,0.6154641985893249,0.6168101886908214,Correct,Wrong,31,1,H₂O,S0,S1_1,text-embedding-3-large,S_final
S0 + Morgan fingerprint,llama-4-scout,S0→S1_1,0,1,C->W,0.6424159198999404,0.6453444977601369,Correct,Wrong,36,1,NaCl,S0,S1_1,text-embedding-3-large,S_final
S0 + Morgan fingerprint,llama-4-scout,S0→S1_1,0,1,C->W,0.6312297781308492,0.6204625586668651,Correct,Wrong,37,2,KCl,S0,S1_1,text-embedding-3-large,S_final
S0 + Morgan fingerprint,llama-4-scout,S0→S1_1,0,1,C->W,0.6442936013142267,0.6277636244893073,Correct,Wrong,40,2,NaCl,S0,S1_1,text-embedding-3-large,S_final
S0 + Morgan fingerprint,llama-4-scout,S0→S1_1,0,1,C->W,0.6070358405510584,0.6169804498553275,Correct,Wrong,40,3,NH₄Cl,S0,S1_1,text-embedding-3-large,S_final
S0 + Morgan fingerprint,llama-4-scout,S0→S1_1,0,1,C->W,0.5967707221706707,0.5989819586277008,Correct,Wrong,40,4,Me₄NCl,S0,S1_1,text-embedding-3-large,S_final
S0 + Morgan fingerprint,llama-4-scout,S0→S1_1,0,1,C->W,0.6186654061079025,0.5407343663275241,Correct,Wrong,48,1,B(OH)₃ + AgNO₃,S0,S1_1,text-embedding-3-large,S_final
S0 + Morgan fingerprint,llama-4-scout,S0→S1_1,0,1,C->W,0.5552877575159073,0.4755237773060798,Correct,Wrong,56,1,H₂O,S0,S1_1,text-embedding-3-large,S_final
S0 + Morgan fingerprint,llama-4-scout,S0→S1_1,0,1,W->C,0.5918525268634159,0.566137982904911,Wrong,Correct,1,2,LiCl,S0,S1_1,text-embedding-3-large,S_final
S0 + Morgan fingerprint,llama-4-scout,S0→S1_1,0,1,W->C,0.5383656471967696,0.532138023773829,Wrong,Correct,1,3,NaCl,S0,S1_1,text-embedding-3-large,S_final
S0 + Morgan fingerprint,llama-4-scout,S0→S1_1,0,1,W->C,0.6296693692604701,0.6442472144961356,Wrong,Correct,8,1,LiCl,S0,S1_1,text-embedding-3-large,S_final
S0 + Morgan fingerprint,llama-4-scout,S0→S1_1,0,1,W->C,0.5907614171504973,0.5883081783850987,Wrong,Correct,8,2,NaCl,S0,S1_1,text-embedding-3-large,S_final
S0 + Morgan fingerprint,llama-4-scout,S0→S1_1,0,1,W->C,0.6451572308937709,0.6223702112833659,Wrong,Correct,9,1,LiCl,S0,S1_1,text-embedding-3-large,S_final
S0 + Morgan fingerprint,llama-4-scout,S0→S1_1,0,1,W->C,0.6321110993623733,0.6509833574295043,Wrong,Correct,9,3,NaCl,S0,S1_1,text-embedding-3-large,S_final
S0 + Morgan fingerprint,llama-4-scout,S0→S1_1,0,1,W->C,0.531863696873188,0.4739095866680145,Wrong,Correct,12,1,H₂O,S0,S1_1,text-embedding-3-large,S_final
S0 + Morgan fingerprint,llama-4-scout,S0→S1_1,0,1,W->C,0.5723328178127607,0.5944831237196921,Wrong,Correct,22,1,EtOH/H₂O,S0,S1_1,text-embedding-3-large,S_final
S0 + Morgan fingerprint,llama-4-scout,S0→S1_1,0,1,W->C,0.5981934795777003,0.6402355998754501,Wrong,Correct,23,1,EtOH/H₂O,S0,S1_1,text-embedding-3-large,S_final
S0 + Morgan fingerprint,llama-4-scout,S0→S1_1,0,1,W->C,0.5738937238852183,0.5813538596034049,Wrong,Correct,24,1,EtOH/H₂O,S0,S1_1,text-embedding-3-large,S_final
S0 + Morgan fingerprint,llama-4-scout,S0→S1_1,0,1,W->C,0.50628831833601,0.4473783006270726,Wrong,Correct,26,2,KOH,S0,S1_1,text-embedding-3-large,S_final
S0 + Morgan fingerprint,llama-4-scout,S0→S1_1,0,1,W->C,0.6201225727796555,0.6033571322758993,Wrong,Correct,27,1,NaOH,S0,S1_1,text-embedding-3-large,S_final
S0 + Morgan fingerprint,llama-4-scout,S0→S1_1,0,1,W->C,0.5050433680415153,0.4664187744259833,Wrong,Correct,27,2,KOH,S0,S1_1,text-embedding-3-large,S_final
S0 + Morgan fingerprint,llama-4-scout,S0→S1_1,0,1,W->C,0.6528631577889125,0.592084930340449,Wrong,Correct,29,1,NaOH,S0,S1_1,text-embedding-3-large,S_final
S0 + Morgan fingerprint,llama-4-scout,S0→S1_1,0,1,W->C,0.555895406504472,0.564415323237578,Wrong,Correct,30,1,NaOH,S0,S1_1,text-embedding-3-large,S_final
S0 + Morgan fingerprint,llama-4-scout,S0→S1_1,0,1,W->C,0.5484119971593221,0.576738779246807,Wrong,Correct,34,1,H₂O,S0,S1_1,text-embedding-3-large,S_final
S0 + Morgan fingerprint,llama-4-scout,S0→S1_1,0,1,W->C,0.5751374756296475,0.5800192053119342,Wrong,Correct,37,1,KCl + NaCl,S0,S1_1,text-embedding-3-large,S_final
S0 + Morgan fingerprint,llama-4-scout,S0→S1_1,0,1,W->C,0.4311596641937891,0.3891526589790979,Wrong,Correct,38,1,KCl + NaCl,S0,S1_1,text-embedding-3-large,S_final
S0 + Morgan fingerprint,llama-4-scout,S0→S1_1,0,1,W->C,0.6783644139766694,0.679653637111187,Wrong,Correct,45,1,Organic solvents,S0,S1_1,text-embedding-3-large,S_final
S0 + Morgan fingerprint,llama-4-scout,S0→S1_1,0,1,W->C,0.5949396992723147,0.5813754692673683,Wrong,Correct,53,1,H₂O,S0,S1_1,text-embedding-3-large,S_final
S0 + Morgan fingerprint,llama-4-scout,S0→S1_1,0,1,W->C,0.475298128525416,0.3922843838731447,Wrong,Correct,54,1,H₂O,S0,S1_1,text-embedding-3-large,S_final
S0 + Morgan fingerprint,llama-4-scout,S0→S1_1,0,1,W->C,0.4536737039685249,0.40447528809309,Wrong,Correct,57,1,H₂O,S0,S1_1,text-embedding-3-large,S_final
S0 + Morgan fingerprint,llama-4-scout,S0→S1_1,0,1,W->C,0.5048147146900495,0.5111027508974075,Wrong,Correct,58,1,H₂O,S0,S1_1,text-embedding-3-large,S_final
S0 + Morgan fingerprint,llama-4-scout,S0→S1_1,0,1,W->C,0.4732102001706759,0.4044556672374407,Wrong,Correct,60,1,H₂O,S0,S1_1,text-embedding-3-large,S_final
S0 + Morgan fingerprint,llama-4-scout,S0→S1_1,0,1,W->C,0.4469056852161884,0.4497138897577921,Wrong,Correct,61,1,H₂O,S0,S1_1,text-embedding-3-large,S_final
S0 + Morgan fingerprint,llama-4-scout,S0→S1_1,0,1,W->C,0.5957546547055244,0.5601058016220729,Wrong,Correct,62,1,H₂O,S0,S1_1,text-embedding-3-large,S_final
S0 + Morgan fingerprint,llama-4-scout,S0→S1_1,0,1,W->C,0.5648012985785802,0.5412598252296448,Wrong,Correct,62,2,EtOH/H₂O,S0,S1_1,text-embedding-3-large,S_final
S0 + Morgan fingerprint,llama-4-scout,S0→S1_1,0,1,W->C,0.5744529478251934,0.5771120329697927,Wrong,Correct,63,1,H₂O,S0,S1_1,text-embedding-3-large,S_final
S0 + Morgan fingerprint,llama-4-scout,S0→S1_1,0,1,W->C,0.5624843652049701,0.5486453150709468,Wrong,Correct,63,2,EtOH/H₂O,S0,S1_1,text-embedding-3-large,S_final
S0 + Morgan fingerprint,llama-4-scout,S0→S1_1,0,1,W->W,0.5780258759856224,0.5563874686757723,Wrong,Wrong,1,5,KB(OH)₄,S0,S1_1,text-embedding-3-large,S_final
S0 + Morgan fingerprint,llama-4-scout,S0→S1_1,0,1,W->W,0.6743004024028778,0.6578886002302169,Wrong,Wrong,3,2,B(OH)₃ + AgNO₃,S0,S1_1,text-embedding-3-large,S_final
S0 + Morgan fingerprint,llama-4-scout,S0→S1_1,0,1,W->W,0.6590902636448542,0.6377406169970831,Wrong,Wrong,5,3,NaCl,S0,S1_1,text-embedding-3-large,S_final
S0 + Morgan fingerprint,llama-4-scout,S0→S1_1,0,1,W->W,0.7105690956115721,0.680079307158788,Wrong,Wrong,7,1,LiCl,S0,S1_1,text-embedding-3-large,S_final
S0 + Morgan fingerprint,llama-4-scout,S0→S1_1,0,1,W->W,0.6834657470385234,0.6641502916812897,Wrong,Wrong,7,2,NaCl,S0,S1_1,text-embedding-3-large,S_final
S0 + Morgan fingerprint,llama-4-scout,S0→S1_1,0,1,W->W,0.5534304842352867,0.5558872148394585,Wrong,Wrong,7,3,KCl + NaCl,S0,S1_1,text-embedding-3-large,S_final
S0 + Morgan fingerprint,llama-4-scout,S0→S1_1,0,1,W->W,0.5899479766686757,0.5528691614667575,Wrong,Wrong,7,6,KCl,S0,S1_1,text-embedding-3-large,S_final
S0 + Morgan fingerprint,llama-4-scout,S0→S1_1,0,1,W->W,0.6283053209384281,0.6088410476843517,Wrong,Wrong,7,7,KCl,S0,S1_1,text-embedding-3-large,S_final
S0 + Morgan fingerprint,llama-4-scout,S0→S1_1,0,1,W->W,0.59699334303538,0.5709292004505793,Wrong,Wrong,7,10,KB(OH)₄,S0,S1_1,text-embedding-3-large,S_final
S0 + Morgan fingerprint,llama-4-scout,S0→S1_1,0,1,W->W,0.6603833436965941,0.6284249703089396,Wrong,Wrong,7,11,LiB(OH)₄,S0,S1_1,text-embedding-3-large,S_final
S0 + Morgan fingerprint,llama-4-scout,S0→S1_1,0,1,W->W,0.6363923291365304,0.6274750391642252,Wrong,Wrong,9,2,KCl,S0,S1_1,text-embedding-3-large,S_final
S0 + Morgan fingerprint,llama-4-scout,S0→S1_1,0,1,W->W,0.5233067805568378,0.4761486093203226,Wrong,Wrong,11,1,H₂O,S0,S1_1,text-embedding-3-large,S_final
S0 + Morgan fingerprint,llama-4-scout,S0→S1_1,0,1,W->W,0.5795307815074919,0.5760453671216965,Wrong,Wrong,13,3,acidic pH + benzyl amine,S0,S1_1,text-embedding-3-large,S_final
S0 + Morgan fingerprint,llama-4-scout,S0→S1_1,0,1,W->W,0.5458200121919314,0.5755054374535878,Wrong,Wrong,14,1,H₂O,S0,S1_1,text-embedding-3-large,S_final
S0 + Morgan fingerprint,llama-4-scout,S0→S1_1,0,1,W->W,0.4365918790300687,0.4626897459228833,Wrong,Wrong,15,1,H₂O,S0,S1_1,text-embedding-3-large,S_final
S0 + Morgan fingerprint,llama-4-scout,S0→S1_1,0,1,W->W,0.5396674335002899,0.577719851831595,Wrong,Wrong,17,1,H₂O,S0,S1_1,text-embedding-3-large,S_final
S0 + Morgan fingerprint,llama-4-scout,S0→S1_1,0,1,W->W,0.5264753391345341,0.490723780542612,Wrong,Wrong,25,1,NaOH,S0,S1_1,text-embedding-3-large,S_final
S0 + Morgan fingerprint,llama-4-scout,S0→S1_1,0,1,W->W,0.5559841454029083,0.5377112358808517,Wrong,Wrong,28,1,NaOH,S0,S1_1,text-embedding-3-large,S_final
S0 + Morgan fingerprint,llama-4-scout,S0→S1_1,0,1,W->W,0.5102712571620941,0.56519742111365,Wrong,Wrong,32,1,H₂O,S0,S1_1,text-embedding-3-large,S_final
S0 + Morgan fingerprint,llama-4-scout,S0→S1_1,0,1,W->W,0.5664662718772888,0.5695071617762247,Wrong,Wrong,33,1,H₂O,S0,S1_1,text-embedding-3-large,S_final
S0 + Morgan fingerprint,llama-4-scout,S0→S1_1,0,1,W->W,0.5215547809998194,0.470531889796257,Wrong,Wrong,35,1,H₂O,S0,S1_1,text-embedding-3-large,S_final
S0 + Morgan fingerprint,llama-4-scout,S0→S1_1,0,1,W->W,0.5509384314219157,0.5734258989493052,Wrong,Wrong,36,2,KCl,S0,S1_1,text-embedding-3-large,S_final
S0 + Morgan fingerprint,llama-4-scout,S0→S1_1,0,1,W->W,0.4181223447124163,0.4068941170970598,Wrong,Wrong,38,2,KCl,S0,S1_1,text-embedding-3-large,S_final
S0 + Morgan fingerprint,llama-4-scout,S0→S1_1,0,1,W->W,0.5379165507853032,0.4984896635015805,Wrong,Wrong,39,1,NaCl,S0,S1_1,text-embedding-3-large,S_final
S0 + Morgan fingerprint,llama-4-scout,S0→S1_1,0,1,W->W,0.6188811232646306,0.5873124986886978,Wrong,Wrong,40,5,Borate buffer,S0,S1_1,text-embedding-3-large,S_final
S0 + Morgan fingerprint,llama-4-scout,S0→S1_1,0,1,W->W,0.5375589932004611,0.5218891272942225,Wrong,Wrong,42,1,KCl,S0,S1_1,text-embedding-3-large,S_final
S0 + Morgan fingerprint,llama-4-scout,S0→S1_1,0,1,W->W,0.5435683483878772,0.5283479635914167,Wrong,Wrong,43,1,KCl,S0,S1_1,text-embedding-3-large,S_final
S0 + Morgan fingerprint,llama-4-scout,S0→S1_1,0,1,W->W,0.6134661604960759,0.6332219223181407,Wrong,Wrong,44,1,KCl,S0,S1_1,text-embedding-3-large,S_final
S0 + Morgan fingerprint,llama-4-scout,S0→S1_1,0,1,W->W,0.4837176494300365,0.4910091107090314,Wrong,Wrong,45,2,Organic solvents,S0,S1_1,text-embedding-3-large,S_final
S0 + Morgan fingerprint,llama-4-scout,S0→S1_1,0,1,W->W,0.4953492770592371,0.4972516844669978,Wrong,Wrong,45,3,Organic solvents,S0,S1_1,text-embedding-3-large,S_final
S0 + Morgan fingerprint,llama-4-scout,S0→S1_1,0,1,W->W,0.545217012365659,0.5573318548500538,Wrong,Wrong,48,2,B(OH)₃ + other ions,S0,S1_1,text-embedding-3-large,S_final
S0 + Morgan fingerprint,llama-4-scout,S0→S1_1,0,1,W->W,0.540627683699131,0.4952213878432909,Wrong,Wrong,49,1,B(OH)₃ + AgNO₃,S0,S1_1,text-embedding-3-large,S_final
S0 + Morgan fingerprint,llama-4-scout,S0→S1_1,0,1,W->W,0.5016862705349922,0.5449026515086491,Wrong,Wrong,50,1,B(OH)₃ + AgNO₃,S0,S1_1,text-embedding-3-large,S_final
S0 + Morgan fingerprint,llama-4-scout,S0→S1_1,0,1,W->W,0.6132427662611007,0.610041477282842,Wrong,Wrong,51,1,KB(OH)₄,S0,S1_1,text-embedding-3-large,S_final
S0 + Morgan fingerprint,llama-4-scout,S0→S1_1,0,1,W->W,0.5026522641380627,0.5108015686273574,Wrong,Wrong,55,1,H₂O,S0,S1_1,text-embedding-3-large,S_final
S0 + Morgan fingerprint,llama-4-scout,S0→S1_1,0,1,W->W,0.3312730376919111,0.3612406025330226,Wrong,Wrong,57,2,EtOH/H₂O,S0,S1_1,text-embedding-3-large,S_final
S0 + Morgan fingerprint,llama-4-scout,S1_1→S2_1,1,2,C->C,0.656595234076182,0.6779287626345952,Correct,Correct,1,1,Tb(NO₃)₃ or Dy(NO₃)₃,S1_1,S2_1,text-embedding-3-large,S_final
S0 + Morgan fingerprint,llama-4-scout,S1_1→S2_1,1,2,C->C,0.532138023773829,0.5321030115087827,Correct,Correct,1,3,NaCl,S1_1,S2_1,text-embedding-3-large,S_final
S0 + Morgan fingerprint,llama-4-scout,S1_1→S2_1,1,2,C->C,0.6520462443431218,0.6278104573488236,Correct,Correct,1,4,KCl,S1_1,S2_1,text-embedding-3-large,S_final
S0 + Morgan fingerprint,llama-4-scout,S1_1→S2_1,1,2,C->C,0.6597432971000671,0.6538332372903823,Correct,Correct,3,1,Tb(NO₃)₃ or Eu(NO₃)₃,S1_1,S2_1,text-embedding-3-large,S_final
S0 + Morgan fingerprint,llama-4-scout,S1_1→S2_1,1,2,C->C,0.6666746586561203,0.6462018648783365,Correct,Correct,4,1,LiCl,S1_1,S2_1,text-embedding-3-large,S_final
S0 + Morgan fingerprint,llama-4-scout,S1_1→S2_1,1,2,C->C,0.6142767161130905,0.6134756033619245,Correct,Correct,4,3,KCl,S1_1,S2_1,text-embedding-3-large,S_final
S0 + Morgan fingerprint,llama-4-scout,S1_1→S2_1,1,2,C->C,0.659963662425677,0.6694399406512578,Correct,Correct,5,1,LiCl,S1_1,S2_1,text-embedding-3-large,S_final
S0 + Morgan fingerprint,llama-4-scout,S1_1→S2_1,1,2,C->C,0.6237752020359039,0.6270370513200759,Correct,Correct,5,2,KCl,S1_1,S2_1,text-embedding-3-large,S_final
S0 + Morgan fingerprint,llama-4-scout,S1_1→S2_1,1,2,C->C,0.6753690093755722,0.6603731314341227,Correct,Correct,6,1,LiCl,S1_1,S2_1,text-embedding-3-large,S_final
S0 + Morgan fingerprint,llama-4-scout,S1_1→S2_1,1,2,C->C,0.6540565411249797,0.6276514450709024,Correct,Correct,6,3,KCl,S1_1,S2_1,text-embedding-3-large,S_final
S0 + Morgan fingerprint,llama-4-scout,S1_1→S2_1,1,2,C->C,0.549987422923247,0.5529448449611664,Correct,Correct,7,4,KCl,S1_1,S2_1,text-embedding-3-large,S_final
S0 + Morgan fingerprint,llama-4-scout,S1_1→S2_1,1,2,C->C,0.6108604778846104,0.6058411290248235,Correct,Correct,7,5,KCl,S1_1,S2_1,text-embedding-3-large,S_final
S0 + Morgan fingerprint,llama-4-scout,S1_1→S2_1,1,2,C->C,0.6141200304031372,0.5993147720893224,Correct,Correct,7,8,KCl + TAcG,S1_1,S2_1,text-embedding-3-large,S_final
S0 + Morgan fingerprint,llama-4-scout,S1_1→S2_1,1,2,C->C,0.6297020941972732,0.6179624011119206,Correct,Correct,7,9,KB(OH)₄,S1_1,S2_1,text-embedding-3-large,S_final
S0 + Morgan fingerprint,llama-4-scout,S1_1→S2_1,1,2,C->C,0.6442472144961356,0.6513373270630836,Correct,Correct,8,1,LiCl,S1_1,S2_1,text-embedding-3-large,S_final
S0 + Morgan fingerprint,llama-4-scout,S1_1→S2_1,1,2,C->C,0.5883081783850987,0.6043142775694529,Correct,Correct,8,2,NaCl,S1_1,S2_1,text-embedding-3-large,S_final
S0 + Morgan fingerprint,llama-4-scout,S1_1→S2_1,1,2,C->C,0.5742146015167235,0.5821385741233825,Correct,Correct,8,3,KCl,S1_1,S2_1,text-embedding-3-large,S_final
S0 + Morgan fingerprint,llama-4-scout,S1_1→S2_1,1,2,C->C,0.5502506010234356,0.5727270506322384,Correct,Correct,8,4,KCl,S1_1,S2_1,text-embedding-3-large,S_final
S0 + Morgan fingerprint,llama-4-scout,S1_1→S2_1,1,2,C->C,0.6223702112833659,0.6411017050345739,Correct,Correct,9,1,LiCl,S1_1,S2_1,text-embedding-3-large,S_final
S0 + Morgan fingerprint,llama-4-scout,S1_1→S2_1,1,2,C->C,0.6509833574295043,0.6280193070570627,Correct,Correct,9,3,NaCl,S1_1,S2_1,text-embedding-3-large,S_final
S0 + Morgan fingerprint,llama-4-scout,S1_1→S2_1,1,2,C->C,0.4739095866680145,0.4837669983506202,Correct,Correct,12,1,H₂O,S1_1,S2_1,text-embedding-3-large,S_final
S0 + Morgan fingerprint,llama-4-scout,S1_1→S2_1,1,2,C->C,0.6347309589385987,0.6232779204845428,Correct,Correct,16,1,H₂O,S1_1,S2_1,text-embedding-3-large,S_final
S0 + Morgan fingerprint,llama-4-scout,S1_1→S2_1,1,2,C->C,0.6473538557688395,0.6492939998706181,Correct,Correct,18,1,H₂O,S1_1,S2_1,text-embedding-3-large,S_final
S0 + Morgan fingerprint,llama-4-scout,S1_1→S2_1,1,2,C->C,0.5716820408900579,0.5946284025907516,Correct,Correct,19,1,H₂O,S1_1,S2_1,text-embedding-3-large,S_final
S0 + Morgan fingerprint,llama-4-scout,S1_1→S2_1,1,2,C->C,0.661100106438001,0.6493456234534581,Correct,Correct,20,1,EtOH/H₂O,S1_1,S2_1,text-embedding-3-large,S_final
S0 + Morgan fingerprint,llama-4-scout,S1_1→S2_1,1,2,C->C,0.6018902301788329,0.5936476071675618,Correct,Correct,21,1,EtOH/H₂O,S1_1,S2_1,text-embedding-3-large,S_final
S0 + Morgan fingerprint,llama-4-scout,S1_1→S2_1,1,2,C->C,0.5813538596034049,0.5838333492477735,Correct,Correct,24,1,EtOH/H₂O,S1_1,S2_1,text-embedding-3-large,S_final
S0 + Morgan fingerprint,llama-4-scout,S1_1→S2_1,1,2,C->C,0.5901589920123418,0.5894760623574257,Correct,Correct,25,2,Organic solvents,S1_1,S2_1,text-embedding-3-large,S_final
S0 + Morgan fingerprint,llama-4-scout,S1_1→S2_1,1,2,C->C,0.5634801551699639,0.5717043648163477,Correct,Correct,26,1,NaOH,S1_1,S2_1,text-embedding-3-large,S_final
S0 + Morgan fingerprint,llama-4-scout,S1_1→S2_1,1,2,C->C,0.4473783006270726,0.4461535990238189,Correct,Correct,26,2,KOH,S1_1,S2_1,text-embedding-3-large,S_final
S0 + Morgan fingerprint,llama-4-scout,S1_1→S2_1,1,2,C->C,0.4864182169238726,0.4665605664253234,Correct,Correct,26,3,LiOH,S1_1,S2_1,text-embedding-3-large,S_final
S0 + Morgan fingerprint,llama-4-scout,S1_1→S2_1,1,2,C->C,0.6255164563655854,0.6165095806121826,Correct,Correct,26,4,Organic solvents,S1_1,S2_1,text-embedding-3-large,S_final
S0 + Morgan fingerprint,llama-4-scout,S1_1→S2_1,1,2,C->C,0.6033571322758993,0.5803106625874838,Correct,Correct,27,1,NaOH,S1_1,S2_1,text-embedding-3-large,S_final
S0 + Morgan fingerprint,llama-4-scout,S1_1→S2_1,1,2,C->C,0.4664187744259833,0.4668639188011487,Correct,Correct,27,2,KOH,S1_1,S2_1,text-embedding-3-large,S_final
S0 + Morgan fingerprint,llama-4-scout,S1_1→S2_1,1,2,C->C,0.478294102847576,0.4839192559321721,Correct,Correct,27,3,LiOH,S1_1,S2_1,text-embedding-3-large,S_final
S0 + Morgan fingerprint,llama-4-scout,S1_1→S2_1,1,2,C->C,0.6593640635410946,0.6694772611061732,Correct,Correct,27,4,Organic solvents,S1_1,S2_1,text-embedding-3-large,S_final
S0 + Morgan fingerprint,llama-4-scout,S1_1→S2_1,1,2,C->C,0.4235315531492232,0.4304942299922307,Correct,Correct,28,2,Organic solvents,S1_1,S2_1,text-embedding-3-large,S_final
S0 + Morgan fingerprint,llama-4-scout,S1_1→S2_1,1,2,C->C,0.592084930340449,0.5957032481829325,Correct,Correct,29,1,NaOH,S1_1,S2_1,text-embedding-3-large,S_final
S0 + Morgan fingerprint,llama-4-scout,S1_1→S2_1,1,2,C->C,0.4460131337245305,0.4177381510535875,Correct,Correct,29,2,Organic solvents,S1_1,S2_1,text-embedding-3-large,S_final
S0 + Morgan fingerprint,llama-4-scout,S1_1→S2_1,1,2,C->C,0.564415323237578,0.5365233818689982,Correct,Correct,30,1,NaOH,S1_1,S2_1,text-embedding-3-large,S_final
S0 + Morgan fingerprint,llama-4-scout,S1_1→S2_1,1,2,C->C,0.465372825662295,0.4650743474562963,Correct,Correct,30,2,Organic solvents,S1_1,S2_1,text-embedding-3-large,S_final
S0 + Morgan fingerprint,llama-4-scout,S1_1→S2_1,1,2,C->C,0.5558259822428226,0.5586758896708488,Correct,Correct,36,3,NaCl + TAcG,S1_1,S2_1,text-embedding-3-large,S_final
S0 + Morgan fingerprint,llama-4-scout,S1_1→S2_1,1,2,C->C,0.5800192053119342,0.5635270511110623,Correct,Correct,37,1,KCl + NaCl,S1_1,S2_1,text-embedding-3-large,S_final
S0 + Morgan fingerprint,llama-4-scout,S1_1→S2_1,1,2,C->C,0.3891526589790979,0.4063666378458341,Correct,Correct,38,1,KCl + NaCl,S1_1,S2_1,text-embedding-3-large,S_final
S0 + Morgan fingerprint,llama-4-scout,S1_1→S2_1,1,2,C->C,0.6548721710840861,0.6680940479040145,Correct,Correct,39,2,KCl,S1_1,S2_1,text-embedding-3-large,S_final
S0 + Morgan fingerprint,llama-4-scout,S1_1→S2_1,1,2,C->C,0.638165670633316,0.6286582579215367,Correct,Correct,40,1,KCl,S1_1,S2_1,text-embedding-3-large,S_final
S0 + Morgan fingerprint,llama-4-scout,S1_1→S2_1,1,2,C->C,0.5954729447762172,0.5883389472961426,Correct,Correct,40,6,KCl,S1_1,S2_1,text-embedding-3-large,S_final
S0 + Morgan fingerprint,llama-4-scout,S1_1→S2_1,1,2,C->C,0.6682861790060997,0.6327197149395942,Correct,Correct,41,1,KCl,S1_1,S2_1,text-embedding-3-large,S_final
S0 + Morgan fingerprint,llama-4-scout,S1_1→S2_1,1,2,C->C,0.6190745164950688,0.6116576353708902,Correct,Correct,46,1,Organic solvents,S1_1,S2_1,text-embedding-3-large,S_final
S0 + Morgan fingerprint,llama-4-scout,S1_1→S2_1,1,2,C->C,0.5692083284258843,0.5789404287934303,Correct,Correct,46,2,Organic solvents,S1_1,S2_1,text-embedding-3-large,S_final
S0 + Morgan fingerprint,llama-4-scout,S1_1→S2_1,1,2,C->C,0.6528188049793243,0.6268907785415649,Correct,Correct,47,1,Organic solvents,S1_1,S2_1,text-embedding-3-large,S_final
S0 + Morgan fingerprint,llama-4-scout,S1_1→S2_1,1,2,C->C,0.5603710720936457,0.5460317184527715,Correct,Correct,47,2,Organic solvents,S1_1,S2_1,text-embedding-3-large,S_final
S0 + Morgan fingerprint,llama-4-scout,S1_1→S2_1,1,2,C->C,0.6985293527444204,0.6684991667668024,Correct,Correct,52,1,KB(OH)₄,S1_1,S2_1,text-embedding-3-large,S_final
S0 + Morgan fingerprint,llama-4-scout,S1_1→S2_1,1,2,C->C,0.5813754692673683,0.5461943253874778,Correct,Correct,53,1,H₂O,S1_1,S2_1,text-embedding-3-large,S_final
S0 + Morgan fingerprint,llama-4-scout,S1_1→S2_1,1,2,C->C,0.5899190967281659,0.6099473416805267,Correct,Correct,53,2,EtOH/H₂O,S1_1,S2_1,text-embedding-3-large,S_final
S0 + Morgan fingerprint,llama-4-scout,S1_1→S2_1,1,2,C->C,0.3922843838731447,0.393021322786808,Correct,Correct,54,1,H₂O,S1_1,S2_1,text-embedding-3-large,S_final
S0 + Morgan fingerprint,llama-4-scout,S1_1→S2_1,1,2,C->C,0.6209039419889449,0.6233273377021153,Correct,Correct,54,2,EtOH/H₂O,S1_1,S2_1,text-embedding-3-large,S_final
S0 + Morgan fingerprint,llama-4-scout,S1_1→S2_1,1,2,C->C,0.6412579923868179,0.6475413451592127,Correct,Correct,55,2,EtOH/H₂O,S1_1,S2_1,text-embedding-3-large,S_final
S0 + Morgan fingerprint,llama-4-scout,S1_1→S2_1,1,2,C->C,0.5270593533913295,0.5317033097147941,Correct,Correct,56,2,EtOH/H₂O,S1_1,S2_1,text-embedding-3-large,S_final
S0 + Morgan fingerprint,llama-4-scout,S1_1→S2_1,1,2,C->C,0.40447528809309,0.4082618301113447,Correct,Correct,57,1,H₂O,S1_1,S2_1,text-embedding-3-large,S_final
S0 + Morgan fingerprint,llama-4-scout,S1_1→S2_1,1,2,C->C,0.5111027508974075,0.5083270922303199,Correct,Correct,58,1,H₂O,S1_1,S2_1,text-embedding-3-large,S_final
S0 + Morgan fingerprint,llama-4-scout,S1_1→S2_1,1,2,C->C,0.5201287145415942,0.5226830581823984,Correct,Correct,58,2,EtOH/H₂O,S1_1,S2_1,text-embedding-3-large,S_final
S0 + Morgan fingerprint,llama-4-scout,S1_1→S2_1,1,2,C->C,0.4526867116491,0.4565621122717857,Correct,Correct,59,1,H₂O,S1_1,S2_1,text-embedding-3-large,S_final
S0 + Morgan fingerprint,llama-4-scout,S1_1→S2_1,1,2,C->C,0.579403539498647,0.5777269432942073,Correct,Correct,59,2,EtOH/H₂O,S1_1,S2_1,text-embedding-3-large,S_final
S0 + Morgan fingerprint,llama-4-scout,S1_1→S2_1,1,2,C->C,0.4044556672374407,0.400679341952006,Correct,Correct,60,1,H₂O,S1_1,S2_1,text-embedding-3-large,S_final
S0 + Morgan fingerprint,llama-4-scout,S1_1→S2_1,1,2,C->C,0.6327166070540745,0.6127180625995,Correct,Correct,60,2,EtOH/H₂O,S1_1,S2_1,text-embedding-3-large,S_final
S0 + Morgan fingerprint,llama-4-scout,S1_1→S2_1,1,2,C->C,0.4497138897577921,0.4392920151352882,Correct,Correct,61,1,H₂O,S1_1,S2_1,text-embedding-3-large,S_final
S0 + Morgan fingerprint,llama-4-scout,S1_1→S2_1,1,2,C->C,0.5919448137283325,0.5966607704758644,Correct,Correct,61,2,EtOH/H₂O,S1_1,S2_1,text-embedding-3-large,S_final
S0 + Morgan fingerprint,llama-4-scout,S1_1→S2_1,1,2,C->C,0.5601058016220729,0.5316408549745878,Correct,Correct,62,1,H₂O,S1_1,S2_1,text-embedding-3-large,S_final
S0 + Morgan fingerprint,llama-4-scout,S1_1→S2_1,1,2,C->C,0.5412598252296448,0.5430344919363658,Correct,Correct,62,2,EtOH/H₂O,S1_1,S2_1,text-embedding-3-large,S_final
S0 + Morgan fingerprint,llama-4-scout,S1_1→S2_1,1,2,C->C,0.5771120329697927,0.5480866541465123,Correct,Correct,63,1,H₂O,S1_1,S2_1,text-embedding-3-large,S_final
S0 + Morgan fingerprint,llama-4-scout,S1_1→S2_1,1,2,C->C,0.5486453150709468,0.5558668836951256,Correct,Correct,63,2,EtOH/H₂O,S1_1,S2_1,text-embedding-3-large,S_final
S0 + Morgan fingerprint,llama-4-scout,S1_1→S2_1,1,2,C->C,0.5655869434277216,0.5789654001593589,Correct,Correct,64,1,KCl,S1_1,S2_1,text-embedding-3-large,S_final
S0 + Morgan fingerprint,llama-4-scout,S1_1→S2_1,1,2,C->C,0.5539820566773415,0.5331332643826803,Correct,Correct,64,2,NaB(OH)₄,S1_1,S2_1,text-embedding-3-large,S_final
S0 + Morgan fingerprint,llama-4-scout,S1_1→S2_1,1,2,C->W,0.566137982904911,0.5968346670269966,Correct,Wrong,1,2,LiCl,S1_1,S2_1,text-embedding-3-large,S_final
S0 + Morgan fingerprint,llama-4-scout,S1_1→S2_1,1,2,C->W,0.6564199884732563,0.6455325216054917,Correct,Wrong,4,2,NaCl,S1_1,S2_1,text-embedding-3-large,S_final
S0 + Morgan fingerprint,llama-4-scout,S1_1→S2_1,1,2,C->W,0.5944831237196921,0.5695834492643673,Correct,Wrong,22,1,EtOH/H₂O,S1_1,S2_1,text-embedding-3-large,S_final
S0 + Morgan fingerprint,llama-4-scout,S1_1→S2_1,1,2,C->W,0.6402355998754501,0.6505600124597549,Correct,Wrong,23,1,EtOH/H₂O,S1_1,S2_1,text-embedding-3-large,S_final
S0 + Morgan fingerprint,llama-4-scout,S1_1→S2_1,1,2,C->W,0.576738779246807,0.5298343800008297,Correct,Wrong,34,1,H₂O,S1_1,S2_1,text-embedding-3-large,S_final
S0 + Morgan fingerprint,llama-4-scout,S1_1→S2_1,1,2,C->W,0.679653637111187,0.6485033586621285,Correct,Wrong,45,1,Organic solvents,S1_1,S2_1,text-embedding-3-large,S_final
S0 + Morgan fingerprint,llama-4-scout,S1_1→S2_1,1,2,W->C,0.6639877448479334,0.6631726304690043,Wrong,Correct,2,1,Tb(NO₃)₃ or Eu(NO₃)₃,S1_1,S2_1,text-embedding-3-large,S_final
S0 + Morgan fingerprint,llama-4-scout,S1_1→S2_1,1,2,W->C,0.6578886002302169,0.703810907403628,Wrong,Correct,3,2,B(OH)₃ + AgNO₃,S1_1,S2_1,text-embedding-3-large,S_final
S0 + Morgan fingerprint,llama-4-scout,S1_1→S2_1,1,2,W->C,0.7008255943655968,0.6765648275613785,Wrong,Correct,13,1,H₂O,S1_1,S2_1,text-embedding-3-large,S_final
S0 + Morgan fingerprint,llama-4-scout,S1_1→S2_1,1,2,W->C,0.5157710562149683,0.532607359190782,Wrong,Correct,13,2,acidic pH,S1_1,S2_1,text-embedding-3-large,S_final
S0 + Morgan fingerprint,llama-4-scout,S1_1→S2_1,1,2,W->C,0.6453444977601369,0.6486692577600479,Wrong,Correct,36,1,NaCl,S1_1,S2_1,text-embedding-3-large,S_final
S0 + Morgan fingerprint,llama-4-scout,S1_1→S2_1,1,2,W->C,0.4984896635015805,0.5252591975033283,Wrong,Correct,39,1,NaCl,S1_1,S2_1,text-embedding-3-large,S_final
S0 + Morgan fingerprint,llama-4-scout,S1_1→S2_1,1,2,W->C,0.6169804498553275,0.6147202141582966,Wrong,Correct,40,3,NH₄Cl,S1_1,S2_1,text-embedding-3-large,S_final
S0 + Morgan fingerprint,llama-4-scout,S1_1→S2_1,1,2,W->W,0.5563874686757723,0.5438077569007872,Wrong,Wrong,1,5,KB(OH)₄,S1_1,S2_1,text-embedding-3-large,S_final
S0 + Morgan fingerprint,llama-4-scout,S1_1→S2_1,1,2,W->W,0.6377406169970831,0.6176388651132583,Wrong,Wrong,5,3,NaCl,S1_1,S2_1,text-embedding-3-large,S_final
S0 + Morgan fingerprint,llama-4-scout,S1_1→S2_1,1,2,W->W,0.5822018921375275,0.5998246481021244,Wrong,Wrong,6,2,NaCl,S1_1,S2_1,text-embedding-3-large,S_final
S0 + Morgan fingerprint,llama-4-scout,S1_1→S2_1,1,2,W->W,0.680079307158788,0.6842015922069549,Wrong,Wrong,7,1,LiCl,S1_1,S2_1,text-embedding-3-large,S_final
S0 + Morgan fingerprint,llama-4-scout,S1_1→S2_1,1,2,W->W,0.6641502916812897,0.6412324825922648,Wrong,Wrong,7,2,NaCl,S1_1,S2_1,text-embedding-3-large,S_final
S0 + Morgan fingerprint,llama-4-scout,S1_1→S2_1,1,2,W->W,0.5558872148394585,0.5616510023673374,Wrong,Wrong,7,3,KCl + NaCl,S1_1,S2_1,text-embedding-3-large,S_final
S0 + Morgan fingerprint,llama-4-scout,S1_1→S2_1,1,2,W->W,0.5528691614667575,0.5568059047063191,Wrong,Wrong,7,6,KCl,S1_1,S2_1,text-embedding-3-large,S_final
S0 + Morgan fingerprint,llama-4-scout,S1_1→S2_1,1,2,W->W,0.6088410476843517,0.6369981914758681,Wrong,Wrong,7,7,KCl,S1_1,S2_1,text-embedding-3-large,S_final
S0 + Morgan fingerprint,llama-4-scout,S1_1→S2_1,1,2,W->W,0.5709292004505793,0.5984285434087117,Wrong,Wrong,7,10,KB(OH)₄,S1_1,S2_1,text-embedding-3-large,S_final
S0 + Morgan fingerprint,llama-4-scout,S1_1→S2_1,1,2,W->W,0.6284249703089396,0.6544349938631058,Wrong,Wrong,7,11,LiB(OH)₄,S1_1,S2_1,text-embedding-3-large,S_final
S0 + Morgan fingerprint,llama-4-scout,S1_1→S2_1,1,2,W->W,0.6274750391642252,0.6327874451875687,Wrong,Wrong,9,2,KCl,S1_1,S2_1,text-embedding-3-large,S_final
S0 + Morgan fingerprint,llama-4-scout,S1_1→S2_1,1,2,W->W,0.5517551049590111,0.5496755848328273,Wrong,Wrong,10,1,H₂O,S1_1,S2_1,text-embedding-3-large,S_final
S0 + Morgan fingerprint,llama-4-scout,S1_1→S2_1,1,2,W->W,0.6184186180432637,0.578921968738238,Wrong,Wrong,10,2,PBS,S1_1,S2_1,text-embedding-3-large,S_final
S0 + Morgan fingerprint,llama-4-scout,S1_1→S2_1,1,2,W->W,0.4761486093203226,0.4952833898365497,Wrong,Wrong,11,1,H₂O,S1_1,S2_1,text-embedding-3-large,S_final
S0 + Morgan fingerprint,llama-4-scout,S1_1→S2_1,1,2,W->W,0.5760453671216965,0.5930597543716432,Wrong,Wrong,13,3,acidic pH + benzyl amine,S1_1,S2_1,text-embedding-3-large,S_final
S0 + Morgan fingerprint,llama-4-scout,S1_1→S2_1,1,2,W->W,0.5755054374535878,0.5473400647441546,Wrong,Wrong,14,1,H₂O,S1_1,S2_1,text-embedding-3-large,S_final
S0 + Morgan fingerprint,llama-4-scout,S1_1→S2_1,1,2,W->W,0.4626897459228833,0.4614652057488759,Wrong,Wrong,15,1,H₂O,S1_1,S2_1,text-embedding-3-large,S_final
S0 + Morgan fingerprint,llama-4-scout,S1_1→S2_1,1,2,W->W,0.577719851831595,0.5813686658938725,Wrong,Wrong,17,1,H₂O,S1_1,S2_1,text-embedding-3-large,S_final
S0 + Morgan fingerprint,llama-4-scout,S1_1→S2_1,1,2,W->W,0.490723780542612,0.50708047747612,Wrong,Wrong,25,1,NaOH,S1_1,S2_1,text-embedding-3-large,S_final
S0 + Morgan fingerprint,llama-4-scout,S1_1→S2_1,1,2,W->W,0.5377112358808517,0.5252408151825269,Wrong,Wrong,28,1,NaOH,S1_1,S2_1,text-embedding-3-large,S_final
S0 + Morgan fingerprint,llama-4-scout,S1_1→S2_1,1,2,W->W,0.6168101886908214,0.6056416869163513,Wrong,Wrong,31,1,H₂O,S1_1,S2_1,text-embedding-3-large,S_final
S0 + Morgan fingerprint,llama-4-scout,S1_1→S2_1,1,2,W->W,0.56519742111365,0.5807343959808349,Wrong,Wrong,32,1,H₂O,S1_1,S2_1,text-embedding-3-large,S_final
S0 + Morgan fingerprint,llama-4-scout,S1_1→S2_1,1,2,W->W,0.5695071617762247,0.5770570466915766,Wrong,Wrong,33,1,H₂O,S1_1,S2_1,text-embedding-3-large,S_final
S0 + Morgan fingerprint,llama-4-scout,S1_1→S2_1,1,2,W->W,0.470531889796257,0.4755094473560651,Wrong,Wrong,35,1,H₂O,S1_1,S2_1,text-embedding-3-large,S_final
S0 + Morgan fingerprint,llama-4-scout,S1_1→S2_1,1,2,W->W,0.5734258989493052,0.5646039351820946,Wrong,Wrong,36,2,KCl,S1_1,S2_1,text-embedding-3-large,S_final
S0 + Morgan fingerprint,llama-4-scout,S1_1→S2_1,1,2,W->W,0.6204625586668651,0.6269450634717941,Wrong,Wrong,37,2,KCl,S1_1,S2_1,text-embedding-3-large,S_final
S0 + Morgan fingerprint,llama-4-scout,S1_1→S2_1,1,2,W->W,0.4068941170970598,0.4026561543345451,Wrong,Wrong,38,2,KCl,S1_1,S2_1,text-embedding-3-large,S_final
S0 + Morgan fingerprint,llama-4-scout,S1_1→S2_1,1,2,W->W,0.6277636244893073,0.6563216606775919,Wrong,Wrong,40,2,NaCl,S1_1,S2_1,text-embedding-3-large,S_final
S0 + Morgan fingerprint,llama-4-scout,S1_1→S2_1,1,2,W->W,0.5989819586277008,0.5785482332110404,Wrong,Wrong,40,4,Me₄NCl,S1_1,S2_1,text-embedding-3-large,S_final
S0 + Morgan fingerprint,llama-4-scout,S1_1→S2_1,1,2,W->W,0.5873124986886978,0.6036846568187078,Wrong,Wrong,40,5,Borate buffer,S1_1,S2_1,text-embedding-3-large,S_final
S0 + Morgan fingerprint,llama-4-scout,S1_1→S2_1,1,2,W->W,0.5218891272942225,0.4986230234305064,Wrong,Wrong,42,1,KCl,S1_1,S2_1,text-embedding-3-large,S_final
S0 + Morgan fingerprint,llama-4-scout,S1_1→S2_1,1,2,W->W,0.5283479635914167,0.5288981266319751,Wrong,Wrong,43,1,KCl,S1_1,S2_1,text-embedding-3-large,S_final
S0 + Morgan fingerprint,llama-4-scout,S1_1→S2_1,1,2,W->W,0.6332219223181407,0.6399608651796976,Wrong,Wrong,44,1,KCl,S1_1,S2_1,text-embedding-3-large,S_final
S0 + Morgan fingerprint,llama-4-scout,S1_1→S2_1,1,2,W->W,0.4910091107090314,0.514789704978466,Wrong,Wrong,45,2,Organic solvents,S1_1,S2_1,text-embedding-3-large,S_final
S0 + Morgan fingerprint,llama-4-scout,S1_1→S2_1,1,2,W->W,0.4972516844669978,0.4875785266359647,Wrong,Wrong,45,3,Organic solvents,S1_1,S2_1,text-embedding-3-large,S_final
S0 + Morgan fingerprint,llama-4-scout,S1_1→S2_1,1,2,W->W,0.5407343663275241,0.5382904360691706,Wrong,Wrong,48,1,B(OH)₃ + AgNO₃,S1_1,S2_1,text-embedding-3-large,S_final
S0 + Morgan fingerprint,llama-4-scout,S1_1→S2_1,1,2,W->W,0.5573318548500538,0.5674140214920044,Wrong,Wrong,48,2,B(OH)₃ + other ions,S1_1,S2_1,text-embedding-3-large,S_final
S0 + Morgan fingerprint,llama-4-scout,S1_1→S2_1,1,2,W->W,0.4952213878432909,0.4837401191393534,Wrong,Wrong,49,1,B(OH)₃ + AgNO₃,S1_1,S2_1,text-embedding-3-large,S_final
S0 + Morgan fingerprint,llama-4-scout,S1_1→S2_1,1,2,W->W,0.5449026515086491,0.4526986852288246,Wrong,Wrong,50,1,B(OH)₃ + AgNO₃,S1_1,S2_1,text-embedding-3-large,S_final
S0 + Morgan fingerprint,llama-4-scout,S1_1→S2_1,1,2,W->W,0.610041477282842,0.6023781031370162,Wrong,Wrong,51,1,KB(OH)₄,S1_1,S2_1,text-embedding-3-large,S_final
S0 + Morgan fingerprint,llama-4-scout,S1_1→S2_1,1,2,W->W,0.5108015686273574,0.5241485744714737,Wrong,Wrong,55,1,H₂O,S1_1,S2_1,text-embedding-3-large,S_final
S0 + Morgan fingerprint,llama-4-scout,S1_1→S2_1,1,2,W->W,0.4755237773060798,0.4997404302159944,Wrong,Wrong,56,1,H₂O,S1_1,S2_1,text-embedding-3-large,S_final
S0 + Morgan fingerprint,llama-4-scout,S1_1→S2_1,1,2,W->W,0.3612406025330226,0.3589335009455681,Wrong,Wrong,57,2,EtOH/H₂O,S1_1,S2_1,text-embedding-3-large,S_final
S0 + Morgan fingerprint,llama-4-scout,S2_1→S3_1,2,3,C->C,0.6779287626345952,0.7008070001999537,Correct,Correct,1,1,Tb(NO₃)₃ or Dy(NO₃)₃,S2_1,S3_1,text-embedding-3-large,S_final
S0 + Morgan fingerprint,llama-4-scout,S2_1→S3_1,2,3,C->C,0.5321030115087827,0.5399453391631445,Correct,Correct,1,3,NaCl,S2_1,S3_1,text-embedding-3-large,S_final
S0 + Morgan fingerprint,llama-4-scout,S2_1→S3_1,2,3,C->C,0.6278104573488236,0.6520363132158915,Correct,Correct,1,4,KCl,S2_1,S3_1,text-embedding-3-large,S_final
S0 + Morgan fingerprint,llama-4-scout,S2_1→S3_1,2,3,C->C,0.6631726304690043,0.7089825640122095,Correct,Correct,2,1,Tb(NO₃)₃ or Eu(NO₃)₃,S2_1,S3_1,text-embedding-3-large,S_final
S0 + Morgan fingerprint,llama-4-scout,S2_1→S3_1,2,3,C->C,0.6538332372903823,0.6774604101975757,Correct,Correct,3,1,Tb(NO₃)₃ or Eu(NO₃)₃,S2_1,S3_1,text-embedding-3-large,S_final
S0 + Morgan fingerprint,llama-4-scout,S2_1→S3_1,2,3,C->C,0.6462018648783365,0.6603361636400222,Correct,Correct,4,1,LiCl,S2_1,S3_1,text-embedding-3-large,S_final
S0 + Morgan fingerprint,llama-4-scout,S2_1→S3_1,2,3,C->C,0.6134756033619245,0.6052209208408992,Correct,Correct,4,3,KCl,S2_1,S3_1,text-embedding-3-large,S_final
S0 + Morgan fingerprint,llama-4-scout,S2_1→S3_1,2,3,C->C,0.6694399406512578,0.6703688512245813,Correct,Correct,5,1,LiCl,S2_1,S3_1,text-embedding-3-large,S_final
S0 + Morgan fingerprint,llama-4-scout,S2_1→S3_1,2,3,C->C,0.6270370513200759,0.6341920763254165,Correct,Correct,5,2,KCl,S2_1,S3_1,text-embedding-3-large,S_final
S0 + Morgan fingerprint,llama-4-scout,S2_1→S3_1,2,3,C->C,0.6603731314341227,0.6895945479472477,Correct,Correct,6,1,LiCl,S2_1,S3_1,text-embedding-3-large,S_final
S0 + Morgan fingerprint,llama-4-scout,S2_1→S3_1,2,3,C->C,0.6276514450709024,0.6571900099515914,Correct,Correct,6,3,KCl,S2_1,S3_1,text-embedding-3-large,S_final
S0 + Morgan fingerprint,llama-4-scout,S2_1→S3_1,2,3,C->C,0.5529448449611664,0.5866629759470622,Correct,Correct,7,4,KCl,S2_1,S3_1,text-embedding-3-large,S_final
S0 + Morgan fingerprint,llama-4-scout,S2_1→S3_1,2,3,C->C,0.6058411290248235,0.650414577126503,Correct,Correct,7,5,KCl,S2_1,S3_1,text-embedding-3-large,S_final
S0 + Morgan fingerprint,llama-4-scout,S2_1→S3_1,2,3,C->C,0.5993147720893224,0.6279332677523295,Correct,Correct,7,8,KCl + TAcG,S2_1,S3_1,text-embedding-3-large,S_final
S0 + Morgan fingerprint,llama-4-scout,S2_1→S3_1,2,3,C->C,0.6179624011119206,0.6883000701665877,Correct,Correct,7,9,KB(OH)₄,S2_1,S3_1,text-embedding-3-large,S_final
S0 + Morgan fingerprint,llama-4-scout,S2_1→S3_1,2,3,C->C,0.6513373270630836,0.6630246222019195,Correct,Correct,8,1,LiCl,S2_1,S3_1,text-embedding-3-large,S_final
S0 + Morgan fingerprint,llama-4-scout,S2_1→S3_1,2,3,C->C,0.6043142775694529,0.6577404807011287,Correct,Correct,8,2,NaCl,S2_1,S3_1,text-embedding-3-large,S_final
S0 + Morgan fingerprint,llama-4-scout,S2_1→S3_1,2,3,C->C,0.5821385741233825,0.5877427687247594,Correct,Correct,8,3,KCl,S2_1,S3_1,text-embedding-3-large,S_final
S0 + Morgan fingerprint,llama-4-scout,S2_1→S3_1,2,3,C->C,0.6411017050345739,0.630565083026886,Correct,Correct,9,1,LiCl,S2_1,S3_1,text-embedding-3-large,S_final
S0 + Morgan fingerprint,llama-4-scout,S2_1→S3_1,2,3,C->C,0.6280193070570627,0.6419883529345194,Correct,Correct,9,3,NaCl,S2_1,S3_1,text-embedding-3-large,S_final
S0 + Morgan fingerprint,llama-4-scout,S2_1→S3_1,2,3,C->C,0.4837669983506202,0.517213146885236,Correct,Correct,12,1,H₂O,S2_1,S3_1,text-embedding-3-large,S_final
S0 + Morgan fingerprint,llama-4-scout,S2_1→S3_1,2,3,C->C,0.6765648275613785,0.7162076681852341,Correct,Correct,13,1,H₂O,S2_1,S3_1,text-embedding-3-large,S_final
S0 + Morgan fingerprint,llama-4-scout,S2_1→S3_1,2,3,C->C,0.6232779204845428,0.7213490923245748,Correct,Correct,16,1,H₂O,S2_1,S3_1,text-embedding-3-large,S_final
S0 + Morgan fingerprint,llama-4-scout,S2_1→S3_1,2,3,C->C,0.6492939998706181,0.6746410578489304,Correct,Correct,18,1,H₂O,S2_1,S3_1,text-embedding-3-large,S_final
S0 + Morgan fingerprint,llama-4-scout,S2_1→S3_1,2,3,C->C,0.5946284025907516,0.6079005375504493,Correct,Correct,19,1,H₂O,S2_1,S3_1,text-embedding-3-large,S_final
S0 + Morgan fingerprint,llama-4-scout,S2_1→S3_1,2,3,C->C,0.6493456234534581,0.6817187915245692,Correct,Correct,20,1,EtOH/H₂O,S2_1,S3_1,text-embedding-3-large,S_final
S0 + Morgan fingerprint,llama-4-scout,S2_1→S3_1,2,3,C->C,0.5936476071675618,0.6296056558688481,Correct,Correct,21,1,EtOH/H₂O,S2_1,S3_1,text-embedding-3-large,S_final
S0 + Morgan fingerprint,llama-4-scout,S2_1→S3_1,2,3,C->C,0.5894760623574257,0.5983802606662114,Correct,Correct,25,2,Organic solvents,S2_1,S3_1,text-embedding-3-large,S_final
S0 + Morgan fingerprint,llama-4-scout,S2_1→S3_1,2,3,C->C,0.5717043648163477,0.5855459362268447,Correct,Correct,26,1,NaOH,S2_1,S3_1,text-embedding-3-large,S_final
S0 + Morgan fingerprint,llama-4-scout,S2_1→S3_1,2,3,C->C,0.4461535990238189,0.4951168477535247,Correct,Correct,26,2,KOH,S2_1,S3_1,text-embedding-3-large,S_final
S0 + Morgan fingerprint,llama-4-scout,S2_1→S3_1,2,3,C->C,0.4665605664253234,0.5160014366110165,Correct,Correct,26,3,LiOH,S2_1,S3_1,text-embedding-3-large,S_final
S0 + Morgan fingerprint,llama-4-scout,S2_1→S3_1,2,3,C->C,0.6165095806121826,0.6301189392805099,Correct,Correct,26,4,Organic solvents,S2_1,S3_1,text-embedding-3-large,S_final
S0 + Morgan fingerprint,llama-4-scout,S2_1→S3_1,2,3,C->C,0.5803106625874838,0.6169080952803294,Correct,Correct,27,1,NaOH,S2_1,S3_1,text-embedding-3-large,S_final
S0 + Morgan fingerprint,llama-4-scout,S2_1→S3_1,2,3,C->C,0.4668639188011487,0.5254878307382265,Correct,Correct,27,2,KOH,S2_1,S3_1,text-embedding-3-large,S_final
S0 + Morgan fingerprint,llama-4-scout,S2_1→S3_1,2,3,C->C,0.4839192559321721,0.5653344849745433,Correct,Correct,27,3,LiOH,S2_1,S3_1,text-embedding-3-large,S_final
S0 + Morgan fingerprint,llama-4-scout,S2_1→S3_1,2,3,C->C,0.6694772611061732,0.6872115910053253,Correct,Correct,27,4,Organic solvents,S2_1,S3_1,text-embedding-3-large,S_final
S0 + Morgan fingerprint,llama-4-scout,S2_1→S3_1,2,3,C->C,0.4304942299922307,0.4575044597188631,Correct,Correct,28,2,Organic solvents,S2_1,S3_1,text-embedding-3-large,S_final
S0 + Morgan fingerprint,llama-4-scout,S2_1→S3_1,2,3,C->C,0.5957032481829325,0.6072844043374062,Correct,Correct,29,1,NaOH,S2_1,S3_1,text-embedding-3-large,S_final
S0 + Morgan fingerprint,llama-4-scout,S2_1→S3_1,2,3,C->C,0.4177381510535875,0.4801088884472846,Correct,Correct,29,2,Organic solvents,S2_1,S3_1,text-embedding-3-large,S_final
S0 + Morgan fingerprint,llama-4-scout,S2_1→S3_1,2,3,C->C,0.5365233818689982,0.5694103563825289,Correct,Correct,30,1,NaOH,S2_1,S3_1,text-embedding-3-large,S_final
S0 + Morgan fingerprint,llama-4-scout,S2_1→S3_1,2,3,C->C,0.4650743474562963,0.4396160384019216,Correct,Correct,30,2,Organic solvents,S2_1,S3_1,text-embedding-3-large,S_final
S0 + Morgan fingerprint,llama-4-scout,S2_1→S3_1,2,3,C->C,0.6486692577600479,0.6548344627022743,Correct,Correct,36,1,NaCl,S2_1,S3_1,text-embedding-3-large,S_final
S0 + Morgan fingerprint,llama-4-scout,S2_1→S3_1,2,3,C->C,0.5586758896708488,0.5980219672123591,Correct,Correct,36,3,NaCl + TAcG,S2_1,S3_1,text-embedding-3-large,S_final
S0 + Morgan fingerprint,llama-4-scout,S2_1→S3_1,2,3,C->C,0.5635270511110623,0.5700636555751165,Correct,Correct,37,1,KCl + NaCl,S2_1,S3_1,text-embedding-3-large,S_final
S0 + Morgan fingerprint,llama-4-scout,S2_1→S3_1,2,3,C->C,0.4063666378458341,0.3952083076039949,Correct,Correct,38,1,KCl + NaCl,S2_1,S3_1,text-embedding-3-large,S_final
S0 + Morgan fingerprint,llama-4-scout,S2_1→S3_1,2,3,C->C,0.5252591975033283,0.5234889854987461,Correct,Correct,39,1,NaCl,S2_1,S3_1,text-embedding-3-large,S_final
S0 + Morgan fingerprint,llama-4-scout,S2_1→S3_1,2,3,C->C,0.6680940479040145,0.703390050927798,Correct,Correct,39,2,KCl,S2_1,S3_1,text-embedding-3-large,S_final
S0 + Morgan fingerprint,llama-4-scout,S2_1→S3_1,2,3,C->C,0.6286582579215367,0.6781908094882964,Correct,Correct,40,1,KCl,S2_1,S3_1,text-embedding-3-large,S_final
S0 + Morgan fingerprint,llama-4-scout,S2_1→S3_1,2,3,C->C,0.6147202141582966,0.5799975663423538,Correct,Correct,40,3,NH₄Cl,S2_1,S3_1,text-embedding-3-large,S_final
S0 + Morgan fingerprint,llama-4-scout,S2_1→S3_1,2,3,C->C,0.5883389472961426,0.6386899272600809,Correct,Correct,40,6,KCl,S2_1,S3_1,text-embedding-3-large,S_final
S0 + Morgan fingerprint,llama-4-scout,S2_1→S3_1,2,3,C->C,0.6327197149395942,0.6551489452521005,Correct,Correct,41,1,KCl,S2_1,S3_1,text-embedding-3-large,S_final
S0 + Morgan fingerprint,llama-4-scout,S2_1→S3_1,2,3,C->C,0.6116576353708902,0.6476806739966076,Correct,Correct,46,1,Organic solvents,S2_1,S3_1,text-embedding-3-large,S_final
S0 + Morgan fingerprint,llama-4-scout,S2_1→S3_1,2,3,C->C,0.5789404287934303,0.5906870285669962,Correct,Correct,46,2,Organic solvents,S2_1,S3_1,text-embedding-3-large,S_final
S0 + Morgan fingerprint,llama-4-scout,S2_1→S3_1,2,3,C->C,0.6268907785415649,0.6586551606655121,Correct,Correct,47,1,Organic solvents,S2_1,S3_1,text-embedding-3-large,S_final
S0 + Morgan fingerprint,llama-4-scout,S2_1→S3_1,2,3,C->C,0.5460317184527715,0.5720096076528232,Correct,Correct,47,2,Organic solvents,S2_1,S3_1,text-embedding-3-large,S_final
S0 + Morgan fingerprint,llama-4-scout,S2_1→S3_1,2,3,C->C,0.6684991667668024,0.6844394654035568,Correct,Correct,52,1,KB(OH)₄,S2_1,S3_1,text-embedding-3-large,S_final
S0 + Morgan fingerprint,llama-4-scout,S2_1→S3_1,2,3,C->C,0.5461943253874778,0.5313139249881108,Correct,Correct,53,1,H₂O,S2_1,S3_1,text-embedding-3-large,S_final
S0 + Morgan fingerprint,llama-4-scout,S2_1→S3_1,2,3,C->C,0.6099473416805267,0.6415895332892735,Correct,Correct,53,2,EtOH/H₂O,S2_1,S3_1,text-embedding-3-large,S_final
S0 + Morgan fingerprint,llama-4-scout,S2_1→S3_1,2,3,C->C,0.393021322786808,0.4277839384973049,Correct,Correct,54,1,H₂O,S2_1,S3_1,text-embedding-3-large,S_final
S0 + Morgan fingerprint,llama-4-scout,S2_1→S3_1,2,3,C->C,0.6233273377021153,0.6541732639074325,Correct,Correct,54,2,EtOH/H₂O,S2_1,S3_1,text-embedding-3-large,S_final
S0 + Morgan fingerprint,llama-4-scout,S2_1→S3_1,2,3,C->C,0.6475413451592127,0.6516094048817952,Correct,Correct,55,2,EtOH/H₂O,S2_1,S3_1,text-embedding-3-large,S_final
S0 + Morgan fingerprint,llama-4-scout,S2_1→S3_1,2,3,C->C,0.5317033097147941,0.6206916590531667,Correct,Correct,56,2,EtOH/H₂O,S2_1,S3_1,text-embedding-3-large,S_final
S0 + Morgan fingerprint,llama-4-scout,S2_1→S3_1,2,3,C->C,0.4082618301113447,0.4868341927727063,Correct,Correct,57,1,H₂O,S2_1,S3_1,text-embedding-3-large,S_final
S0 + Morgan fingerprint,llama-4-scout,S2_1→S3_1,2,3,C->C,0.5083270922303199,0.540927816927433,Correct,Correct,58,1,H₂O,S2_1,S3_1,text-embedding-3-large,S_final
S0 + Morgan fingerprint,llama-4-scout,S2_1→S3_1,2,3,C->C,0.5226830581823984,0.5883364394307137,Correct,Correct,58,2,EtOH/H₂O,S2_1,S3_1,text-embedding-3-large,S_final
S0 + Morgan fingerprint,llama-4-scout,S2_1→S3_1,2,3,C->C,0.4565621122717857,0.4805536354581514,Correct,Correct,59,1,H₂O,S2_1,S3_1,text-embedding-3-large,S_final
S0 + Morgan fingerprint,llama-4-scout,S2_1→S3_1,2,3,C->C,0.5777269432942073,0.6072089155515035,Correct,Correct,59,2,EtOH/H₂O,S2_1,S3_1,text-embedding-3-large,S_final
S0 + Morgan fingerprint,llama-4-scout,S2_1→S3_1,2,3,C->C,0.400679341952006,0.4444118638833363,Correct,Correct,60,1,H₂O,S2_1,S3_1,text-embedding-3-large,S_final
S0 + Morgan fingerprint,llama-4-scout,S2_1→S3_1,2,3,C->C,0.6127180625995,0.6116659382979076,Correct,Correct,60,2,EtOH/H₂O,S2_1,S3_1,text-embedding-3-large,S_final
S0 + Morgan fingerprint,llama-4-scout,S2_1→S3_1,2,3,C->C,0.4392920151352882,0.4600607732931772,Correct,Correct,61,1,H₂O,S2_1,S3_1,text-embedding-3-large,S_final
S0 + Morgan fingerprint,llama-4-scout,S2_1→S3_1,2,3,C->C,0.5966607704758644,0.6671286657452583,Correct,Correct,61,2,EtOH/H₂O,S2_1,S3_1,text-embedding-3-large,S_final
S0 + Morgan fingerprint,llama-4-scout,S2_1→S3_1,2,3,C->C,0.5316408549745878,0.5965374812483787,Correct,Correct,62,1,H₂O,S2_1,S3_1,text-embedding-3-large,S_final
S0 + Morgan fingerprint,llama-4-scout,S2_1→S3_1,2,3,C->C,0.5430344919363658,0.5957283109426498,Correct,Correct,62,2,EtOH/H₂O,S2_1,S3_1,text-embedding-3-large,S_final
S0 + Morgan fingerprint,llama-4-scout,S2_1→S3_1,2,3,C->C,0.5480866541465123,0.5825708885987599,Correct,Correct,63,1,H₂O,S2_1,S3_1,text-embedding-3-large,S_final
S0 + Morgan fingerprint,llama-4-scout,S2_1→S3_1,2,3,C->C,0.5558668836951256,0.5798378549516201,Correct,Correct,63,2,EtOH/H₂O,S2_1,S3_1,text-embedding-3-large,S_final
S0 + Morgan fingerprint,llama-4-scout,S2_1→S3_1,2,3,C->C,0.5789654001593589,0.5935573523243267,Correct,Correct,64,1,KCl,S2_1,S3_1,text-embedding-3-large,S_final
S0 + Morgan fingerprint,llama-4-scout,S2_1→S3_1,2,3,C->C,0.5331332643826803,0.5457677026589711,Correct,Correct,64,2,NaB(OH)₄,S2_1,S3_1,text-embedding-3-large,S_final
S0 + Morgan fingerprint,llama-4-scout,S2_1→S3_1,2,3,C->W,0.703810907403628,0.7321891412138938,Correct,Wrong,3,2,B(OH)₃ + AgNO₃,S2_1,S3_1,text-embedding-3-large,S_final
S0 + Morgan fingerprint,llama-4-scout,S2_1→S3_1,2,3,C->W,0.5727270506322384,0.5582847848534584,Correct,Wrong,8,4,KCl,S2_1,S3_1,text-embedding-3-large,S_final
S0 + Morgan fingerprint,llama-4-scout,S2_1→S3_1,2,3,C->W,0.532607359190782,0.5137091000874837,Correct,Wrong,13,2,acidic pH,S2_1,S3_1,text-embedding-3-large,S_final
S0 + Morgan fingerprint,llama-4-scout,S2_1→S3_1,2,3,C->W,0.5838333492477735,0.6302086353302001,Correct,Wrong,24,1,EtOH/H₂O,S2_1,S3_1,text-embedding-3-large,S_final
S0 + Morgan fingerprint,llama-4-scout,S2_1→S3_1,2,3,W->C,0.5968346670269966,0.5894220024347305,Wrong,Correct,1,2,LiCl,S2_1,S3_1,text-embedding-3-large,S_final
S0 + Morgan fingerprint,llama-4-scout,S2_1→S3_1,2,3,W->C,0.578921968738238,0.6199249277512232,Wrong,Correct,10,2,PBS,S2_1,S3_1,text-embedding-3-large,S_final
S0 + Morgan fingerprint,llama-4-scout,S2_1→S3_1,2,3,W->C,0.5473400647441546,0.6269777350127697,Wrong,Correct,14,1,H₂O,S2_1,S3_1,text-embedding-3-large,S_final
S0 + Morgan fingerprint,llama-4-scout,S2_1→S3_1,2,3,W->C,0.5813686658938725,0.6141202201445898,Wrong,Correct,17,1,H₂O,S2_1,S3_1,text-embedding-3-large,S_final
S0 + Morgan fingerprint,llama-4-scout,S2_1→S3_1,2,3,W->C,0.5695834492643673,0.5959615508715311,Wrong,Correct,22,1,EtOH/H₂O,S2_1,S3_1,text-embedding-3-large,S_final
S0 + Morgan fingerprint,llama-4-scout,S2_1→S3_1,2,3,W->C,0.6505600124597549,0.6700297057628631,Wrong,Correct,23,1,EtOH/H₂O,S2_1,S3_1,text-embedding-3-large,S_final
S0 + Morgan fingerprint,llama-4-scout,S2_1→S3_1,2,3,W->C,0.5252408151825269,0.5470592374602954,Wrong,Correct,28,1,NaOH,S2_1,S3_1,text-embedding-3-large,S_final
S0 + Morgan fingerprint,llama-4-scout,S2_1→S3_1,2,3,W->C,0.6056416869163513,0.626802838842074,Wrong,Correct,31,1,H₂O,S2_1,S3_1,text-embedding-3-large,S_final
S0 + Morgan fingerprint,llama-4-scout,S2_1→S3_1,2,3,W->C,0.5298343800008297,0.5486971348524092,Wrong,Correct,34,1,H₂O,S2_1,S3_1,text-embedding-3-large,S_final
S0 + Morgan fingerprint,llama-4-scout,S2_1→S3_1,2,3,W->C,0.6485033586621285,0.6651507963736852,Wrong,Correct,45,1,Organic solvents,S2_1,S3_1,text-embedding-3-large,S_final
S0 + Morgan fingerprint,llama-4-scout,S2_1→S3_1,2,3,W->C,0.5382904360691706,0.6104046245416005,Wrong,Correct,48,1,B(OH)₃ + AgNO₃,S2_1,S3_1,text-embedding-3-large,S_final
S0 + Morgan fingerprint,llama-4-scout,S2_1→S3_1,2,3,W->C,0.4526986852288246,0.548107498884201,Wrong,Correct,50,1,B(OH)₃ + AgNO₃,S2_1,S3_1,text-embedding-3-large,S_final
S0 + Morgan fingerprint,llama-4-scout,S2_1→S3_1,2,3,W->W,0.5438077569007872,0.5946649715304374,Wrong,Wrong,1,5,KB(OH)₄,S2_1,S3_1,text-embedding-3-large,S_final
S0 + Morgan fingerprint,llama-4-scout,S2_1→S3_1,2,3,W->W,0.6455325216054917,0.6755739837884902,Wrong,Wrong,4,2,NaCl,S2_1,S3_1,text-embedding-3-large,S_final
S0 + Morgan fingerprint,llama-4-scout,S2_1→S3_1,2,3,W->W,0.6176388651132583,0.6417056133349737,Wrong,Wrong,5,3,NaCl,S2_1,S3_1,text-embedding-3-large,S_final
S0 + Morgan fingerprint,llama-4-scout,S2_1→S3_1,2,3,W->W,0.5998246481021244,0.6100650707880656,Wrong,Wrong,6,2,NaCl,S2_1,S3_1,text-embedding-3-large,S_final
S0 + Morgan fingerprint,llama-4-scout,S2_1→S3_1,2,3,W->W,0.6842015922069549,0.7210112134615579,Wrong,Wrong,7,1,LiCl,S2_1,S3_1,text-embedding-3-large,S_final
S0 + Morgan fingerprint,llama-4-scout,S2_1→S3_1,2,3,W->W,0.6412324825922648,0.6704657524824142,Wrong,Wrong,7,2,NaCl,S2_1,S3_1,text-embedding-3-large,S_final
S0 + Morgan fingerprint,llama-4-scout,S2_1→S3_1,2,3,W->W,0.5616510023673374,0.5721906314293542,Wrong,Wrong,7,3,KCl + NaCl,S2_1,S3_1,text-embedding-3-large,S_final
S0 + Morgan fingerprint,llama-4-scout,S2_1→S3_1,2,3,W->W,0.5568059047063191,0.5642260909080505,Wrong,Wrong,7,6,KCl,S2_1,S3_1,text-embedding-3-large,S_final
S0 + Morgan fingerprint,llama-4-scout,S2_1→S3_1,2,3,W->W,0.6369981914758681,0.6229785273472468,Wrong,Wrong,7,7,KCl,S2_1,S3_1,text-embedding-3-large,S_final
S0 + Morgan fingerprint,llama-4-scout,S2_1→S3_1,2,3,W->W,0.5984285434087117,0.6078048944473267,Wrong,Wrong,7,10,KB(OH)₄,S2_1,S3_1,text-embedding-3-large,S_final
S0 + Morgan fingerprint,llama-4-scout,S2_1→S3_1,2,3,W->W,0.6544349938631058,0.6854708572228749,Wrong,Wrong,7,11,LiB(OH)₄,S2_1,S3_1,text-embedding-3-large,S_final
S0 + Morgan fingerprint,llama-4-scout,S2_1→S3_1,2,3,W->W,0.6327874451875687,0.6355435758829117,Wrong,Wrong,9,2,KCl,S2_1,S3_1,text-embedding-3-large,S_final
S0 + Morgan fingerprint,llama-4-scout,S2_1→S3_1,2,3,W->W,0.5496755848328273,0.5782710984349251,Wrong,Wrong,10,1,H₂O,S2_1,S3_1,text-embedding-3-large,S_final
S0 + Morgan fingerprint,llama-4-scout,S2_1→S3_1,2,3,W->W,0.4952833898365497,0.5531769186258316,Wrong,Wrong,11,1,H₂O,S2_1,S3_1,text-embedding-3-large,S_final
S0 + Morgan fingerprint,llama-4-scout,S2_1→S3_1,2,3,W->W,0.5930597543716432,0.6033406049013137,Wrong,Wrong,13,3,acidic pH + benzyl amine,S2_1,S3_1,text-embedding-3-large,S_final
S0 + Morgan fingerprint,llama-4-scout,S2_1→S3_1,2,3,W->W,0.4614652057488759,0.5135292942325274,Wrong,Wrong,15,1,H₂O,S2_1,S3_1,text-embedding-3-large,S_final
S0 + Morgan fingerprint,llama-4-scout,S2_1→S3_1,2,3,W->W,0.50708047747612,0.5233191527426242,Wrong,Wrong,25,1,NaOH,S2_1,S3_1,text-embedding-3-large,S_final
S0 + Morgan fingerprint,llama-4-scout,S2_1→S3_1,2,3,W->W,0.5807343959808349,0.5976740206281345,Wrong,Wrong,32,1,H₂O,S2_1,S3_1,text-embedding-3-large,S_final
S0 + Morgan fingerprint,llama-4-scout,S2_1→S3_1,2,3,W->W,0.5770570466915766,0.6036715765794117,Wrong,Wrong,33,1,H₂O,S2_1,S3_1,text-embedding-3-large,S_final
S0 + Morgan fingerprint,llama-4-scout,S2_1→S3_1,2,3,W->W,0.4755094473560651,0.5170519158244132,Wrong,Wrong,35,1,H₂O,S2_1,S3_1,text-embedding-3-large,S_final
S0 + Morgan fingerprint,llama-4-scout,S2_1→S3_1,2,3,W->W,0.5646039351820946,0.5858305886387825,Wrong,Wrong,36,2,KCl,S2_1,S3_1,text-embedding-3-large,S_final
S0 + Morgan fingerprint,llama-4-scout,S2_1→S3_1,2,3,W->W,0.6269450634717941,0.627912849187851,Wrong,Wrong,37,2,KCl,S2_1,S3_1,text-embedding-3-large,S_final
S0 + Morgan fingerprint,llama-4-scout,S2_1→S3_1,2,3,W->W,0.4026561543345451,0.3826085622111956,Wrong,Wrong,38,2,KCl,S2_1,S3_1,text-embedding-3-large,S_final
S0 + Morgan fingerprint,llama-4-scout,S2_1→S3_1,2,3,W->W,0.6563216606775919,0.6445226709047953,Wrong,Wrong,40,2,NaCl,S2_1,S3_1,text-embedding-3-large,S_final
S0 + Morgan fingerprint,llama-4-scout,S2_1→S3_1,2,3,W->W,0.5785482332110404,0.6273285870750746,Wrong,Wrong,40,4,Me₄NCl,S2_1,S3_1,text-embedding-3-large,S_final
S0 + Morgan fingerprint,llama-4-scout,S2_1→S3_1,2,3,W->W,0.6036846568187078,0.6006595770517985,Wrong,Wrong,40,5,Borate buffer,S2_1,S3_1,text-embedding-3-large,S_final
S0 + Morgan fingerprint,llama-4-scout,S2_1→S3_1,2,3,W->W,0.4986230234305064,0.5302724863092104,Wrong,Wrong,42,1,KCl,S2_1,S3_1,text-embedding-3-large,S_final
S0 + Morgan fingerprint,llama-4-scout,S2_1→S3_1,2,3,W->W,0.5288981266319751,0.5623143931229909,Wrong,Wrong,43,1,KCl,S2_1,S3_1,text-embedding-3-large,S_final
S0 + Morgan fingerprint,llama-4-scout,S2_1→S3_1,2,3,W->W,0.6399608651796976,0.6706830024719238,Wrong,Wrong,44,1,KCl,S2_1,S3_1,text-embedding-3-large,S_final
S0 + Morgan fingerprint,llama-4-scout,S2_1→S3_1,2,3,W->W,0.514789704978466,0.5633346741398175,Wrong,Wrong,45,2,Organic solvents,S2_1,S3_1,text-embedding-3-large,S_final
S0 + Morgan fingerprint,llama-4-scout,S2_1→S3_1,2,3,W->W,0.4875785266359647,0.5088686682283878,Wrong,Wrong,45,3,Organic solvents,S2_1,S3_1,text-embedding-3-large,S_final
S0 + Morgan fingerprint,llama-4-scout,S2_1→S3_1,2,3,W->W,0.5674140214920044,0.5434805179635683,Wrong,Wrong,48,2,B(OH)₃ + other ions,S2_1,S3_1,text-embedding-3-large,S_final
S0 + Morgan fingerprint,llama-4-scout,S2_1→S3_1,2,3,W->W,0.4837401191393534,0.5211249127984047,Wrong,Wrong,49,1,B(OH)₃ + AgNO₃,S2_1,S3_1,text-embedding-3-large,S_final
S0 + Morgan fingerprint,llama-4-scout,S2_1→S3_1,2,3,W->W,0.6023781031370162,0.646898074944814,Wrong,Wrong,51,1,KB(OH)₄,S2_1,S3_1,text-embedding-3-large,S_final
S0 + Morgan fingerprint,llama-4-scout,S2_1→S3_1,2,3,W->W,0.5241485744714737,0.5352833777666092,Wrong,Wrong,55,1,H₂O,S2_1,S3_1,text-embedding-3-large,S_final
S0 + Morgan fingerprint,llama-4-scout,S2_1→S3_1,2,3,W->W,0.4997404302159944,0.5501294359564781,Wrong,Wrong,56,1,H₂O,S2_1,S3_1,text-embedding-3-large,S_final
S0 + Morgan fingerprint,llama-4-scout,S2_1→S3_1,2,3,W->W,0.3589335009455681,0.4341786603132884,Wrong,Wrong,57,2,EtOH/H₂O,S2_1,S3_1,text-embedding-3-large,S_final
