panel,source_model,strategy_pair,start_strategy,end_strategy,transition,start_similarity,end_similarity,start_outcome,end_outcome,molecule_id,experiment_id,solvent_additive,start_strategy_label,end_strategy_label,encoder,score_column
S0-S3,deepseek-v3.2-think,S0→S1,0,1,C->C,0.6683600256840387,0.6683893670638401,Correct,Correct,1,1,Tb(NO₃)₃ or Dy(NO₃)₃,S0,S1,text-embedding-3-large,S_final
S0-S3,deepseek-v3.2-think,S0→S1,0,1,C->C,0.6089069147904714,0.6000996957222621,Correct,Correct,1,4,KCl,S0,S1,text-embedding-3-large,S_final
S0-S3,deepseek-v3.2-think,S0→S1,0,1,C->C,0.7359079668919244,0.642326745390892,Correct,Correct,2,1,Tb(NO₃)₃ or Eu(NO₃)₃,S0,S1,text-embedding-3-large,S_final
S0-S3,deepseek-v3.2-think,S0→S1,0,1,C->C,0.6292994489272435,0.6245664730668068,Correct,Correct,4,3,KCl,S0,S1,text-embedding-3-large,S_final
S0-S3,deepseek-v3.2-think,S0→S1,0,1,C->C,0.652898982167244,0.6144633452097574,Correct,Correct,5,2,KCl,S0,S1,text-embedding-3-large,S_final
S0-S3,deepseek-v3.2-think,S0→S1,0,1,C->C,0.6472560316324234,0.6047116309404372,Correct,Correct,6,3,KCl,S0,S1,text-embedding-3-large,S_final
S0-S3,deepseek-v3.2-think,S0→S1,0,1,C->C,0.5475489601492881,0.5899125625689824,Correct,Correct,7,4,KCl,S0,S1,text-embedding-3-large,S_final
S0-S3,deepseek-v3.2-think,S0→S1,0,1,C->C,0.6505572021007539,0.6409721752007802,Correct,Correct,7,5,KCl,S0,S1,text-embedding-3-large,S_final
S0-S3,deepseek-v3.2-think,S0→S1,0,1,C->C,0.6301580369472503,0.6297017763058345,Correct,Correct,7,8,KCl + TAcG,S0,S1,text-embedding-3-large,S_final
S0-S3,deepseek-v3.2-think,S0→S1,0,1,C->C,0.6549668788909911,0.6614402582248052,Correct,Correct,7,9,KB(OH)₄,S0,S1,text-embedding-3-large,S_final
S0-S3,deepseek-v3.2-think,S0→S1,0,1,C->C,0.6286895781755447,0.6939976652463277,Correct,Correct,16,1,H₂O,S0,S1,text-embedding-3-large,S_final
S0-S3,deepseek-v3.2-think,S0→S1,0,1,C->C,0.6739445239305496,0.6679903139670689,Correct,Correct,18,1,H₂O,S0,S1,text-embedding-3-large,S_final
S0-S3,deepseek-v3.2-think,S0→S1,0,1,C->C,0.6519777864217758,0.6116718351840973,Correct,Correct,21,1,EtOH/H₂O,S0,S1,text-embedding-3-large,S_final
S0-S3,deepseek-v3.2-think,S0→S1,0,1,C->C,0.6296348214149475,0.5784970482190449,Correct,Correct,25,2,Organic solvents,S0,S1,text-embedding-3-large,S_final
S0-S3,deepseek-v3.2-think,S0→S1,0,1,C->C,0.6160099372267722,0.5418543621897698,Correct,Correct,26,1,NaOH,S0,S1,text-embedding-3-large,S_final
S0-S3,deepseek-v3.2-think,S0→S1,0,1,C->C,0.4700032830238341,0.4850325177113215,Correct,Correct,26,2,KOH,S0,S1,text-embedding-3-large,S_final
S0-S3,deepseek-v3.2-think,S0→S1,0,1,C->C,0.5004498655597369,0.472941660384337,Correct,Correct,26,3,LiOH,S0,S1,text-embedding-3-large,S_final
S0-S3,deepseek-v3.2-think,S0→S1,0,1,C->C,0.5556802004575729,0.6035742839177449,Correct,Correct,26,4,Organic solvents,S0,S1,text-embedding-3-large,S_final
S0-S3,deepseek-v3.2-think,S0→S1,0,1,C->C,0.4557423497239748,0.4623370577891667,Correct,Correct,27,2,KOH,S0,S1,text-embedding-3-large,S_final
S0-S3,deepseek-v3.2-think,S0→S1,0,1,C->C,0.4324272491037845,0.4958503896991411,Correct,Correct,27,3,LiOH,S0,S1,text-embedding-3-large,S_final
S0-S3,deepseek-v3.2-think,S0→S1,0,1,C->C,0.6267539997895558,0.6619176437457401,Correct,Correct,27,4,Organic solvents,S0,S1,text-embedding-3-large,S_final
S0-S3,deepseek-v3.2-think,S0→S1,0,1,C->C,0.5174239948391913,0.389699175953865,Correct,Correct,28,2,Organic solvents,S0,S1,text-embedding-3-large,S_final
S0-S3,deepseek-v3.2-think,S0→S1,0,1,C->C,0.4392332235972087,0.4169846991697947,Correct,Correct,29,2,Organic solvents,S0,S1,text-embedding-3-large,S_final
S0-S3,deepseek-v3.2-think,S0→S1,0,1,C->C,0.5203702695667743,0.4663893669843673,Correct,Correct,30,2,Organic solvents,S0,S1,text-embedding-3-large,S_final
S0-S3,deepseek-v3.2-think,S0→S1,0,1,C->C,0.6515963892141977,0.6086554636557896,Correct,Correct,31,1,H₂O,S0,S1,text-embedding-3-large,S_final
S0-S3,deepseek-v3.2-think,S0→S1,0,1,C->C,0.5351322069764137,0.5526598572731017,Correct,Correct,33,1,H₂O,S0,S1,text-embedding-3-large,S_final
S0-S3,deepseek-v3.2-think,S0→S1,0,1,C->C,0.4903824418783187,0.5216925611098607,Correct,Correct,36,3,NaCl + TAcG,S0,S1,text-embedding-3-large,S_final
S0-S3,deepseek-v3.2-think,S0→S1,0,1,C->C,0.710956964890162,0.7053677807251612,Correct,Correct,39,2,KCl,S0,S1,text-embedding-3-large,S_final
S0-S3,deepseek-v3.2-think,S0→S1,0,1,C->C,0.664593822757403,0.6834007283051808,Correct,Correct,40,1,KCl,S0,S1,text-embedding-3-large,S_final
S0-S3,deepseek-v3.2-think,S0→S1,0,1,C->C,0.6582497517267862,0.6744754413763682,Correct,Correct,45,1,Organic solvents,S0,S1,text-embedding-3-large,S_final
S0-S3,deepseek-v3.2-think,S0→S1,0,1,C->C,0.6664441913366318,0.6564472039540609,Correct,Correct,46,1,Organic solvents,S0,S1,text-embedding-3-large,S_final
S0-S3,deepseek-v3.2-think,S0→S1,0,1,C->C,0.6111933698256811,0.5822099775075912,Correct,Correct,46,2,Organic solvents,S0,S1,text-embedding-3-large,S_final
S0-S3,deepseek-v3.2-think,S0→S1,0,1,C->C,0.6569458832343419,0.6194875280062356,Correct,Correct,47,1,Organic solvents,S0,S1,text-embedding-3-large,S_final
S0-S3,deepseek-v3.2-think,S0→S1,0,1,C->C,0.5862631996472676,0.5744531244039535,Correct,Correct,47,2,Organic solvents,S0,S1,text-embedding-3-large,S_final
S0-S3,deepseek-v3.2-think,S0→S1,0,1,C->C,0.7307255297899246,0.692405617237091,Correct,Correct,52,1,KB(OH)₄,S0,S1,text-embedding-3-large,S_final
S0-S3,deepseek-v3.2-think,S0→S1,0,1,C->C,0.5227469066778818,0.5703871955474217,Correct,Correct,53,2,EtOH/H₂O,S0,S1,text-embedding-3-large,S_final
S0-S3,deepseek-v3.2-think,S0→S1,0,1,C->C,0.5888104518254598,0.5772915711005528,Correct,Correct,54,2,EtOH/H₂O,S0,S1,text-embedding-3-large,S_final
S0-S3,deepseek-v3.2-think,S0→S1,0,1,C->C,0.5941566199064253,0.5875043402115504,Correct,Correct,55,2,EtOH/H₂O,S0,S1,text-embedding-3-large,S_final
S0-S3,deepseek-v3.2-think,S0→S1,0,1,C->C,0.516143695016702,0.547919738292694,Correct,Correct,56,2,EtOH/H₂O,S0,S1,text-embedding-3-large,S_final
S0-S3,deepseek-v3.2-think,S0→S1,0,1,C->C,0.5167446424563726,0.5628444080551466,Correct,Correct,58,1,H₂O,S0,S1,text-embedding-3-large,S_final
S0-S3,deepseek-v3.2-think,S0→S1,0,1,C->C,0.5469472368558247,0.5212908228238423,Correct,Correct,58,2,EtOH/H₂O,S0,S1,text-embedding-3-large,S_final
S0-S3,deepseek-v3.2-think,S0→S1,0,1,C->C,0.4925256766378879,0.4940232545137404,Correct,Correct,59,1,H₂O,S0,S1,text-embedding-3-large,S_final
S0-S3,deepseek-v3.2-think,S0→S1,0,1,C->C,0.5421048084894816,0.5960319330294926,Correct,Correct,59,2,EtOH/H₂O,S0,S1,text-embedding-3-large,S_final
S0-S3,deepseek-v3.2-think,S0→S1,0,1,C->C,0.4449761688709259,0.4116470336914062,Correct,Correct,60,1,H₂O,S0,S1,text-embedding-3-large,S_final
S0-S3,deepseek-v3.2-think,S0→S1,0,1,C->C,0.5767495373884836,0.560660754640897,Correct,Correct,60,2,EtOH/H₂O,S0,S1,text-embedding-3-large,S_final
S0-S3,deepseek-v3.2-think,S0→S1,0,1,C->C,0.5909612149000167,0.5779824177424112,Correct,Correct,61,2,EtOH/H₂O,S0,S1,text-embedding-3-large,S_final
S0-S3,deepseek-v3.2-think,S0→S1,0,1,C->C,0.5811881919701893,0.5940402259429296,Correct,Correct,64,1,KCl,S0,S1,text-embedding-3-large,S_final
S0-S3,deepseek-v3.2-think,S0→S1,0,1,C->W,0.6523959919810294,0.5780244871973991,Correct,Wrong,1,5,KB(OH)₄,S0,S1,text-embedding-3-large,S_final
S0-S3,deepseek-v3.2-think,S0→S1,0,1,C->W,0.6925818582375843,0.5990335971117019,Correct,Wrong,3,1,Tb(NO₃)₃ or Eu(NO₃)₃,S0,S1,text-embedding-3-large,S_final
S0-S3,deepseek-v3.2-think,S0→S1,0,1,C->W,0.6672530621290207,0.6501107464234034,Correct,Wrong,4,1,LiCl,S0,S1,text-embedding-3-large,S_final
S0-S3,deepseek-v3.2-think,S0→S1,0,1,C->W,0.6565538545449575,0.6070251067479452,Correct,Wrong,4,2,NaCl,S0,S1,text-embedding-3-large,S_final
S0-S3,deepseek-v3.2-think,S0→S1,0,1,C->W,0.6478287667036056,0.6106644531091054,Correct,Wrong,5,1,LiCl,S0,S1,text-embedding-3-large,S_final
S0-S3,deepseek-v3.2-think,S0→S1,0,1,C->W,0.5995709051688511,0.5934828946987788,Correct,Wrong,6,2,NaCl,S0,S1,text-embedding-3-large,S_final
S0-S3,deepseek-v3.2-think,S0→S1,0,1,C->W,0.6290490731596947,0.6985497862100601,Correct,Wrong,7,1,LiCl,S0,S1,text-embedding-3-large,S_final
S0-S3,deepseek-v3.2-think,S0→S1,0,1,C->W,0.6192437241474786,0.6091349333524704,Correct,Wrong,8,3,KCl,S0,S1,text-embedding-3-large,S_final
S0-S3,deepseek-v3.2-think,S0→S1,0,1,C->W,0.5556026692191759,0.5249855726957321,Correct,Wrong,8,4,KCl,S0,S1,text-embedding-3-large,S_final
S0-S3,deepseek-v3.2-think,S0→S1,0,1,C->W,0.6139473587274551,0.5709464867909748,Correct,Wrong,10,2,PBS,S0,S1,text-embedding-3-large,S_final
S0-S3,deepseek-v3.2-think,S0→S1,0,1,C->W,0.7241574207941691,0.6507700592279434,Correct,Wrong,13,1,H₂O,S0,S1,text-embedding-3-large,S_final
S0-S3,deepseek-v3.2-think,S0→S1,0,1,C->W,0.424072840064764,0.5053225323557854,Correct,Wrong,15,1,H₂O,S0,S1,text-embedding-3-large,S_final
S0-S3,deepseek-v3.2-think,S0→S1,0,1,C->W,0.6988987197478611,0.6580026358366012,Correct,Wrong,20,1,EtOH/H₂O,S0,S1,text-embedding-3-large,S_final
S0-S3,deepseek-v3.2-think,S0→S1,0,1,C->W,0.4753394469618797,0.4573160315553347,Correct,Wrong,25,1,NaOH,S0,S1,text-embedding-3-large,S_final
S0-S3,deepseek-v3.2-think,S0→S1,0,1,C->W,0.5443040857712428,0.5272264937559764,Correct,Wrong,28,1,NaOH,S0,S1,text-embedding-3-large,S_final
S0-S3,deepseek-v3.2-think,S0→S1,0,1,C->W,0.6091958304246265,0.5875537643829981,Correct,Wrong,36,1,NaCl,S0,S1,text-embedding-3-large,S_final
S0-S3,deepseek-v3.2-think,S0→S1,0,1,C->W,0.6287486414114634,0.667227519551913,Correct,Wrong,37,2,KCl,S0,S1,text-embedding-3-large,S_final
S0-S3,deepseek-v3.2-think,S0→S1,0,1,C->W,0.5036344975233078,0.4890367517868677,Correct,Wrong,39,1,NaCl,S0,S1,text-embedding-3-large,S_final
S0-S3,deepseek-v3.2-think,S0→S1,0,1,C->W,0.6219921151796975,0.6397458602984746,Correct,Wrong,40,2,NaCl,S0,S1,text-embedding-3-large,S_final
S0-S3,deepseek-v3.2-think,S0→S1,0,1,C->W,0.60253819723924,0.6172037214040755,Correct,Wrong,40,3,NH₄Cl,S0,S1,text-embedding-3-large,S_final
S0-S3,deepseek-v3.2-think,S0→S1,0,1,C->W,0.5261272206902503,0.6089657579859097,Correct,Wrong,40,4,Me₄NCl,S0,S1,text-embedding-3-large,S_final
S0-S3,deepseek-v3.2-think,S0→S1,0,1,C->W,0.6209695249795913,0.5389904543757438,Correct,Wrong,40,6,KCl,S0,S1,text-embedding-3-large,S_final
S0-S3,deepseek-v3.2-think,S0→S1,0,1,C->W,0.6749967128038407,0.6257353941599527,Correct,Wrong,41,1,KCl,S0,S1,text-embedding-3-large,S_final
S0-S3,deepseek-v3.2-think,S0→S1,0,1,C->W,0.6534074733654657,0.5485492512583733,Correct,Wrong,48,1,B(OH)₃ + AgNO₃,S0,S1,text-embedding-3-large,S_final
S0-S3,deepseek-v3.2-think,S0→S1,0,1,C->W,0.5458826844890913,0.5068691402673721,Correct,Wrong,56,1,H₂O,S0,S1,text-embedding-3-large,S_final
S0-S3,deepseek-v3.2-think,S0→S1,0,1,C->W,0.6274676382541656,0.6016609221696853,Correct,Wrong,64,2,NaB(OH)₄,S0,S1,text-embedding-3-large,S_final
S0-S3,deepseek-v3.2-think,S0→S1,0,1,W->C,0.6051516036192576,0.5599500387907028,Wrong,Correct,1,2,LiCl,S0,S1,text-embedding-3-large,S_final
S0-S3,deepseek-v3.2-think,S0→S1,0,1,W->C,0.5343957831462225,0.6140096336603165,Wrong,Correct,1,3,NaCl,S0,S1,text-embedding-3-large,S_final
S0-S3,deepseek-v3.2-think,S0→S1,0,1,W->C,0.6945653319358825,0.6948496212561924,Wrong,Correct,3,2,B(OH)₃ + AgNO₃,S0,S1,text-embedding-3-large,S_final
S0-S3,deepseek-v3.2-think,S0→S1,0,1,W->C,0.6400788903236388,0.6616111447413763,Wrong,Correct,5,3,NaCl,S0,S1,text-embedding-3-large,S_final
S0-S3,deepseek-v3.2-think,S0→S1,0,1,W->C,0.6654274612665176,0.666493750611941,Wrong,Correct,6,1,LiCl,S0,S1,text-embedding-3-large,S_final
S0-S3,deepseek-v3.2-think,S0→S1,0,1,W->C,0.6201496839523315,0.6119852413733801,Wrong,Correct,8,1,LiCl,S0,S1,text-embedding-3-large,S_final
S0-S3,deepseek-v3.2-think,S0→S1,0,1,W->C,0.5616025606791178,0.60472199122111,Wrong,Correct,8,2,NaCl,S0,S1,text-embedding-3-large,S_final
S0-S3,deepseek-v3.2-think,S0→S1,0,1,W->C,0.6544060409069061,0.6152772535880406,Wrong,Correct,9,1,LiCl,S0,S1,text-embedding-3-large,S_final
S0-S3,deepseek-v3.2-think,S0→S1,0,1,W->C,0.6631040771802267,0.6247230639060338,Wrong,Correct,9,3,NaCl,S0,S1,text-embedding-3-large,S_final
S0-S3,deepseek-v3.2-think,S0→S1,0,1,W->C,0.4973922863602638,0.597062861919403,Wrong,Correct,13,2,acidic pH,S0,S1,text-embedding-3-large,S_final
S0-S3,deepseek-v3.2-think,S0→S1,0,1,W->C,0.5299544205268224,0.5503447552522024,Wrong,Correct,14,1,H₂O,S0,S1,text-embedding-3-large,S_final
S0-S3,deepseek-v3.2-think,S0→S1,0,1,W->C,0.5352779984474182,0.5424489721655846,Wrong,Correct,17,1,H₂O,S0,S1,text-embedding-3-large,S_final
S0-S3,deepseek-v3.2-think,S0→S1,0,1,W->C,0.4944438830018043,0.5874860102931657,Wrong,Correct,19,1,H₂O,S0,S1,text-embedding-3-large,S_final
S0-S3,deepseek-v3.2-think,S0→S1,0,1,W->C,0.5312396168708801,0.5461919896304608,Wrong,Correct,22,1,EtOH/H₂O,S0,S1,text-embedding-3-large,S_final
S0-S3,deepseek-v3.2-think,S0→S1,0,1,W->C,0.5978926440080007,0.6087914596001306,Wrong,Correct,23,1,EtOH/H₂O,S0,S1,text-embedding-3-large,S_final
S0-S3,deepseek-v3.2-think,S0→S1,0,1,W->C,0.5761225442091623,0.6055189589659373,Wrong,Correct,24,1,EtOH/H₂O,S0,S1,text-embedding-3-large,S_final
S0-S3,deepseek-v3.2-think,S0→S1,0,1,W->C,0.519238418340683,0.5547058825691541,Wrong,Correct,27,1,NaOH,S0,S1,text-embedding-3-large,S_final
S0-S3,deepseek-v3.2-think,S0→S1,0,1,W->C,0.6040537069241206,0.6061395153403282,Wrong,Correct,29,1,NaOH,S0,S1,text-embedding-3-large,S_final
S0-S3,deepseek-v3.2-think,S0→S1,0,1,W->C,0.513094779352347,0.6279172778129577,Wrong,Correct,30,1,NaOH,S0,S1,text-embedding-3-large,S_final
S0-S3,deepseek-v3.2-think,S0→S1,0,1,W->C,0.5206155106425285,0.5832744513948758,Wrong,Correct,32,1,H₂O,S0,S1,text-embedding-3-large,S_final
S0-S3,deepseek-v3.2-think,S0→S1,0,1,W->C,0.53625323548913,0.5542137026786804,Wrong,Correct,36,2,KCl,S0,S1,text-embedding-3-large,S_final
S0-S3,deepseek-v3.2-think,S0→S1,0,1,W->C,0.5159760455290477,0.5770944893360137,Wrong,Correct,37,1,KCl + NaCl,S0,S1,text-embedding-3-large,S_final
S0-S3,deepseek-v3.2-think,S0→S1,0,1,W->C,0.4305654197931289,0.4410903051495551,Wrong,Correct,38,1,KCl + NaCl,S0,S1,text-embedding-3-large,S_final
S0-S3,deepseek-v3.2-think,S0→S1,0,1,W->C,0.4063597013552983,0.4522150814533233,Wrong,Correct,38,2,KCl,S0,S1,text-embedding-3-large,S_final
S0-S3,deepseek-v3.2-think,S0→S1,0,1,W->C,0.5004201158881187,0.5343305314580599,Wrong,Correct,48,2,B(OH)₃ + other ions,S0,S1,text-embedding-3-large,S_final
S0-S3,deepseek-v3.2-think,S0→S1,0,1,W->C,0.5202992133796215,0.5445299337307611,Wrong,Correct,49,1,B(OH)₃ + AgNO₃,S0,S1,text-embedding-3-large,S_final
S0-S3,deepseek-v3.2-think,S0→S1,0,1,W->C,0.5126188151538371,0.5248094029724597,Wrong,Correct,50,1,B(OH)₃ + AgNO₃,S0,S1,text-embedding-3-large,S_final
S0-S3,deepseek-v3.2-think,S0→S1,0,1,W->C,0.5528696810205777,0.5334405556321143,Wrong,Correct,53,1,H₂O,S0,S1,text-embedding-3-large,S_final
S0-S3,deepseek-v3.2-think,S0→S1,0,1,W->C,0.438187026977539,0.4138938650488853,Wrong,Correct,54,1,H₂O,S0,S1,text-embedding-3-large,S_final
S0-S3,deepseek-v3.2-think,S0→S1,0,1,W->C,0.4577251732349395,0.4547332897782325,Wrong,Correct,55,1,H₂O,S0,S1,text-embedding-3-large,S_final
S0-S3,deepseek-v3.2-think,S0→S1,0,1,W->C,0.4422404939929644,0.4658444742361704,Wrong,Correct,57,1,H₂O,S0,S1,text-embedding-3-large,S_final
S0-S3,deepseek-v3.2-think,S0→S1,0,1,W->C,0.4717825040221213,0.4672696168224017,Wrong,Correct,61,1,H₂O,S0,S1,text-embedding-3-large,S_final
S0-S3,deepseek-v3.2-think,S0→S1,0,1,W->C,0.529618558784326,0.5904116978247961,Wrong,Correct,62,1,H₂O,S0,S1,text-embedding-3-large,S_final
S0-S3,deepseek-v3.2-think,S0→S1,0,1,W->C,0.5493545045455296,0.5512223636110624,Wrong,Correct,62,2,EtOH/H₂O,S0,S1,text-embedding-3-large,S_final
S0-S3,deepseek-v3.2-think,S0→S1,0,1,W->C,0.5573210686445236,0.5924005935589473,Wrong,Correct,63,1,H₂O,S0,S1,text-embedding-3-large,S_final
S0-S3,deepseek-v3.2-think,S0→S1,0,1,W->C,0.5308947121103603,0.5462794934709866,Wrong,Correct,63,2,EtOH/H₂O,S0,S1,text-embedding-3-large,S_final
S0-S3,deepseek-v3.2-think,S0→S1,0,1,W->W,0.6312850723663965,0.6447216262420018,Wrong,Wrong,7,2,NaCl,S0,S1,text-embedding-3-large,S_final
S0-S3,deepseek-v3.2-think,S0→S1,0,1,W->W,0.5468840733170509,0.5917669584353765,Wrong,Wrong,7,3,KCl + NaCl,S0,S1,text-embedding-3-large,S_final
S0-S3,deepseek-v3.2-think,S0→S1,0,1,W->W,0.5411866451303163,0.5735067923863729,Wrong,Wrong,7,6,KCl,S0,S1,text-embedding-3-large,S_final
S0-S3,deepseek-v3.2-think,S0→S1,0,1,W->W,0.6603490839401881,0.6523072868585587,Wrong,Wrong,7,7,KCl,S0,S1,text-embedding-3-large,S_final
S0-S3,deepseek-v3.2-think,S0→S1,0,1,W->W,0.5709515472253163,0.5845101982355118,Wrong,Wrong,7,10,KB(OH)₄,S0,S1,text-embedding-3-large,S_final
S0-S3,deepseek-v3.2-think,S0→S1,0,1,W->W,0.625912727912267,0.5939468095699946,Wrong,Wrong,7,11,LiB(OH)₄,S0,S1,text-embedding-3-large,S_final
S0-S3,deepseek-v3.2-think,S0→S1,0,1,W->W,0.6270191580057144,0.5980411420265833,Wrong,Wrong,9,2,KCl,S0,S1,text-embedding-3-large,S_final
S0-S3,deepseek-v3.2-think,S0→S1,0,1,W->W,0.5967443466186524,0.5509060432513555,Wrong,Wrong,10,1,H₂O,S0,S1,text-embedding-3-large,S_final
S0-S3,deepseek-v3.2-think,S0→S1,0,1,W->W,0.5187592153747876,0.4896746776998043,Wrong,Wrong,11,1,H₂O,S0,S1,text-embedding-3-large,S_final
S0-S3,deepseek-v3.2-think,S0→S1,0,1,W->W,0.5534349903464317,0.4992595225572585,Wrong,Wrong,12,1,H₂O,S0,S1,text-embedding-3-large,S_final
S0-S3,deepseek-v3.2-think,S0→S1,0,1,W->W,0.5945672780275344,0.5695752933621406,Wrong,Wrong,13,3,acidic pH + benzyl amine,S0,S1,text-embedding-3-large,S_final
S0-S3,deepseek-v3.2-think,S0→S1,0,1,W->W,0.5388407389322917,0.5317763288815817,Wrong,Wrong,34,1,H₂O,S0,S1,text-embedding-3-large,S_final
S0-S3,deepseek-v3.2-think,S0→S1,0,1,W->W,0.5377509415149688,0.5081193228562673,Wrong,Wrong,35,1,H₂O,S0,S1,text-embedding-3-large,S_final
S0-S3,deepseek-v3.2-think,S0→S1,0,1,W->W,0.6344733883937199,0.5792702376842498,Wrong,Wrong,40,5,Borate buffer,S0,S1,text-embedding-3-large,S_final
S0-S3,deepseek-v3.2-think,S0→S1,0,1,W->W,0.5443775624036788,0.5294449398914973,Wrong,Wrong,42,1,KCl,S0,S1,text-embedding-3-large,S_final
S0-S3,deepseek-v3.2-think,S0→S1,0,1,W->W,0.5476307382186253,0.5434747412800789,Wrong,Wrong,43,1,KCl,S0,S1,text-embedding-3-large,S_final
S0-S3,deepseek-v3.2-think,S0→S1,0,1,W->W,0.6170868406693141,0.6214138433337212,Wrong,Wrong,44,1,KCl,S0,S1,text-embedding-3-large,S_final
S0-S3,deepseek-v3.2-think,S0→S1,0,1,W->W,0.4396523088216781,0.4882353554169337,Wrong,Wrong,45,2,Organic solvents,S0,S1,text-embedding-3-large,S_final
S0-S3,deepseek-v3.2-think,S0→S1,0,1,W->W,0.4447140435377756,0.4758820335070292,Wrong,Wrong,45,3,Organic solvents,S0,S1,text-embedding-3-large,S_final
S0-S3,deepseek-v3.2-think,S0→S1,0,1,W->W,0.6025748958190281,0.6411047816276549,Wrong,Wrong,51,1,KB(OH)₄,S0,S1,text-embedding-3-large,S_final
S0-S3,deepseek-v3.2-think,S0→S1,0,1,W->W,0.3463262274861335,0.375197097659111,Wrong,Wrong,57,2,EtOH/H₂O,S0,S1,text-embedding-3-large,S_final
S0-S3,deepseek-v3.2-think,S1→S2,1,2,C->C,0.6683893670638401,0.6867924084266027,Correct,Correct,1,1,Tb(NO₃)₃ or Dy(NO₃)₃,S1,S2,text-embedding-3-large,S_final
S0-S3,deepseek-v3.2-think,S1→S2,1,2,C->C,0.5599500387907028,0.6128840059041977,Correct,Correct,1,2,LiCl,S1,S2,text-embedding-3-large,S_final
S0-S3,deepseek-v3.2-think,S1→S2,1,2,C->C,0.6140096336603165,0.5792154878377914,Correct,Correct,1,3,NaCl,S1,S2,text-embedding-3-large,S_final
S0-S3,deepseek-v3.2-think,S1→S2,1,2,C->C,0.6000996957222621,0.6696937486529351,Correct,Correct,1,4,KCl,S1,S2,text-embedding-3-large,S_final
S0-S3,deepseek-v3.2-think,S1→S2,1,2,C->C,0.642326745390892,0.7064036895831425,Correct,Correct,2,1,Tb(NO₃)₃ or Eu(NO₃)₃,S1,S2,text-embedding-3-large,S_final
S0-S3,deepseek-v3.2-think,S1→S2,1,2,C->C,0.6948496212561924,0.7193643261988957,Correct,Correct,3,2,B(OH)₃ + AgNO₃,S1,S2,text-embedding-3-large,S_final
S0-S3,deepseek-v3.2-think,S1→S2,1,2,C->C,0.6245664730668068,0.6344923545916875,Correct,Correct,4,3,KCl,S1,S2,text-embedding-3-large,S_final
S0-S3,deepseek-v3.2-think,S1→S2,1,2,C->C,0.6144633452097574,0.6767830739418667,Correct,Correct,5,2,KCl,S1,S2,text-embedding-3-large,S_final
S0-S3,deepseek-v3.2-think,S1→S2,1,2,C->C,0.6616111447413763,0.66390363574028,Correct,Correct,5,3,NaCl,S1,S2,text-embedding-3-large,S_final
S0-S3,deepseek-v3.2-think,S1→S2,1,2,C->C,0.666493750611941,0.6711417039235433,Correct,Correct,6,1,LiCl,S1,S2,text-embedding-3-large,S_final
S0-S3,deepseek-v3.2-think,S1→S2,1,2,C->C,0.6047116309404372,0.6792730549971262,Correct,Correct,6,3,KCl,S1,S2,text-embedding-3-large,S_final
S0-S3,deepseek-v3.2-think,S1→S2,1,2,C->C,0.5899125625689824,0.5502266218264897,Correct,Correct,7,4,KCl,S1,S2,text-embedding-3-large,S_final
S0-S3,deepseek-v3.2-think,S1→S2,1,2,C->C,0.6409721752007802,0.6678797016541163,Correct,Correct,7,5,KCl,S1,S2,text-embedding-3-large,S_final
S0-S3,deepseek-v3.2-think,S1→S2,1,2,C->C,0.6297017763058345,0.6338915954033534,Correct,Correct,7,8,KCl + TAcG,S1,S2,text-embedding-3-large,S_final
S0-S3,deepseek-v3.2-think,S1→S2,1,2,C->C,0.6614402582248052,0.6549453963836034,Correct,Correct,7,9,KB(OH)₄,S1,S2,text-embedding-3-large,S_final
S0-S3,deepseek-v3.2-think,S1→S2,1,2,C->C,0.6119852413733801,0.6521097848812739,Correct,Correct,8,1,LiCl,S1,S2,text-embedding-3-large,S_final
S0-S3,deepseek-v3.2-think,S1→S2,1,2,C->C,0.60472199122111,0.6593647052844365,Correct,Correct,8,2,NaCl,S1,S2,text-embedding-3-large,S_final
S0-S3,deepseek-v3.2-think,S1→S2,1,2,C->C,0.6152772535880406,0.6250141670306523,Correct,Correct,9,1,LiCl,S1,S2,text-embedding-3-large,S_final
S0-S3,deepseek-v3.2-think,S1→S2,1,2,C->C,0.6247230639060338,0.6463100264469782,Correct,Correct,9,3,NaCl,S1,S2,text-embedding-3-large,S_final
S0-S3,deepseek-v3.2-think,S1→S2,1,2,C->C,0.5503447552522024,0.5984380533297856,Correct,Correct,14,1,H₂O,S1,S2,text-embedding-3-large,S_final
S0-S3,deepseek-v3.2-think,S1→S2,1,2,C->C,0.6939976652463277,0.6735057135423025,Correct,Correct,16,1,H₂O,S1,S2,text-embedding-3-large,S_final
S0-S3,deepseek-v3.2-think,S1→S2,1,2,C->C,0.5424489721655846,0.6466660032669703,Correct,Correct,17,1,H₂O,S1,S2,text-embedding-3-large,S_final
S0-S3,deepseek-v3.2-think,S1→S2,1,2,C->C,0.6679903139670689,0.6596813122431437,Correct,Correct,18,1,H₂O,S1,S2,text-embedding-3-large,S_final
S0-S3,deepseek-v3.2-think,S1→S2,1,2,C->C,0.5874860102931657,0.5857726807395617,Correct,Correct,19,1,H₂O,S1,S2,text-embedding-3-large,S_final
S0-S3,deepseek-v3.2-think,S1→S2,1,2,C->C,0.6116718351840973,0.6509808490673702,Correct,Correct,21,1,EtOH/H₂O,S1,S2,text-embedding-3-large,S_final
S0-S3,deepseek-v3.2-think,S1→S2,1,2,C->C,0.5461919896304608,0.5877488280336062,Correct,Correct,22,1,EtOH/H₂O,S1,S2,text-embedding-3-large,S_final
S0-S3,deepseek-v3.2-think,S1→S2,1,2,C->C,0.6087914596001306,0.6324284950892131,Correct,Correct,23,1,EtOH/H₂O,S1,S2,text-embedding-3-large,S_final
S0-S3,deepseek-v3.2-think,S1→S2,1,2,C->C,0.6055189589659373,0.5785786747932434,Correct,Correct,24,1,EtOH/H₂O,S1,S2,text-embedding-3-large,S_final
S0-S3,deepseek-v3.2-think,S1→S2,1,2,C->C,0.5784970482190449,0.6128340959548949,Correct,Correct,25,2,Organic solvents,S1,S2,text-embedding-3-large,S_final
S0-S3,deepseek-v3.2-think,S1→S2,1,2,C->C,0.5418543621897698,0.564671371380488,Correct,Correct,26,1,NaOH,S1,S2,text-embedding-3-large,S_final
S0-S3,deepseek-v3.2-think,S1→S2,1,2,C->C,0.4850325177113215,0.3983839551607768,Correct,Correct,26,2,KOH,S1,S2,text-embedding-3-large,S_final
S0-S3,deepseek-v3.2-think,S1→S2,1,2,C->C,0.472941660384337,0.5138057306408882,Correct,Correct,26,3,LiOH,S1,S2,text-embedding-3-large,S_final
S0-S3,deepseek-v3.2-think,S1→S2,1,2,C->C,0.6035742839177449,0.6415322919686636,Correct,Correct,26,4,Organic solvents,S1,S2,text-embedding-3-large,S_final
S0-S3,deepseek-v3.2-think,S1→S2,1,2,C->C,0.5547058825691541,0.581927141547203,Correct,Correct,27,1,NaOH,S1,S2,text-embedding-3-large,S_final
S0-S3,deepseek-v3.2-think,S1→S2,1,2,C->C,0.4623370577891667,0.5368203630050022,Correct,Correct,27,2,KOH,S1,S2,text-embedding-3-large,S_final
S0-S3,deepseek-v3.2-think,S1→S2,1,2,C->C,0.4958503896991411,0.5682993337512016,Correct,Correct,27,3,LiOH,S1,S2,text-embedding-3-large,S_final
S0-S3,deepseek-v3.2-think,S1→S2,1,2,C->C,0.6619176437457401,0.6917648186286289,Correct,Correct,27,4,Organic solvents,S1,S2,text-embedding-3-large,S_final
S0-S3,deepseek-v3.2-think,S1→S2,1,2,C->C,0.389699175953865,0.4897295559446017,Correct,Correct,28,2,Organic solvents,S1,S2,text-embedding-3-large,S_final
S0-S3,deepseek-v3.2-think,S1→S2,1,2,C->C,0.6061395153403282,0.6675714239478111,Correct,Correct,29,1,NaOH,S1,S2,text-embedding-3-large,S_final
S0-S3,deepseek-v3.2-think,S1→S2,1,2,C->C,0.4169846991697947,0.4538163602352141,Correct,Correct,29,2,Organic solvents,S1,S2,text-embedding-3-large,S_final
S0-S3,deepseek-v3.2-think,S1→S2,1,2,C->C,0.6279172778129577,0.5887729356686274,Correct,Correct,30,1,NaOH,S1,S2,text-embedding-3-large,S_final
S0-S3,deepseek-v3.2-think,S1→S2,1,2,C->C,0.4663893669843673,0.4653385356068611,Correct,Correct,30,2,Organic solvents,S1,S2,text-embedding-3-large,S_final
S0-S3,deepseek-v3.2-think,S1→S2,1,2,C->C,0.6086554636557896,0.6147104134162267,Correct,Correct,31,1,H₂O,S1,S2,text-embedding-3-large,S_final
S0-S3,deepseek-v3.2-think,S1→S2,1,2,C->C,0.5526598572731017,0.6143364548683166,Correct,Correct,33,1,H₂O,S1,S2,text-embedding-3-large,S_final
S0-S3,deepseek-v3.2-think,S1→S2,1,2,C->C,0.5542137026786804,0.5854175279537835,Correct,Correct,36,2,KCl,S1,S2,text-embedding-3-large,S_final
S0-S3,deepseek-v3.2-think,S1→S2,1,2,C->C,0.5216925611098607,0.4884235714872678,Correct,Correct,36,3,NaCl + TAcG,S1,S2,text-embedding-3-large,S_final
S0-S3,deepseek-v3.2-think,S1→S2,1,2,C->C,0.5770944893360137,0.5895487089951833,Correct,Correct,37,1,KCl + NaCl,S1,S2,text-embedding-3-large,S_final
S0-S3,deepseek-v3.2-think,S1→S2,1,2,C->C,0.4410903051495551,0.4353066692749658,Correct,Correct,38,1,KCl + NaCl,S1,S2,text-embedding-3-large,S_final
S0-S3,deepseek-v3.2-think,S1→S2,1,2,C->C,0.7053677807251612,0.6990967194239298,Correct,Correct,39,2,KCl,S1,S2,text-embedding-3-large,S_final
S0-S3,deepseek-v3.2-think,S1→S2,1,2,C->C,0.6834007283051808,0.6635724171996116,Correct,Correct,40,1,KCl,S1,S2,text-embedding-3-large,S_final
S0-S3,deepseek-v3.2-think,S1→S2,1,2,C->C,0.6744754413763682,0.668691599369049,Correct,Correct,45,1,Organic solvents,S1,S2,text-embedding-3-large,S_final
S0-S3,deepseek-v3.2-think,S1→S2,1,2,C->C,0.6564472039540609,0.6374615897734959,Correct,Correct,46,1,Organic solvents,S1,S2,text-embedding-3-large,S_final
S0-S3,deepseek-v3.2-think,S1→S2,1,2,C->C,0.5822099775075912,0.6373335629701614,Correct,Correct,46,2,Organic solvents,S1,S2,text-embedding-3-large,S_final
S0-S3,deepseek-v3.2-think,S1→S2,1,2,C->C,0.6194875280062356,0.6289827068646748,Correct,Correct,47,1,Organic solvents,S1,S2,text-embedding-3-large,S_final
S0-S3,deepseek-v3.2-think,S1→S2,1,2,C->C,0.5744531244039535,0.5831910034020741,Correct,Correct,47,2,Organic solvents,S1,S2,text-embedding-3-large,S_final
S0-S3,deepseek-v3.2-think,S1→S2,1,2,C->C,0.5343305314580599,0.4812787503004074,Correct,Correct,48,2,B(OH)₃ + other ions,S1,S2,text-embedding-3-large,S_final
S0-S3,deepseek-v3.2-think,S1→S2,1,2,C->C,0.5445299337307611,0.4965604816873867,Correct,Correct,49,1,B(OH)₃ + AgNO₃,S1,S2,text-embedding-3-large,S_final
S0-S3,deepseek-v3.2-think,S1→S2,1,2,C->C,0.5248094029724597,0.4672779803474743,Correct,Correct,50,1,B(OH)₃ + AgNO₃,S1,S2,text-embedding-3-large,S_final
S0-S3,deepseek-v3.2-think,S1→S2,1,2,C->C,0.692405617237091,0.7127927228808403,Correct,Correct,52,1,KB(OH)₄,S1,S2,text-embedding-3-large,S_final
S0-S3,deepseek-v3.2-think,S1→S2,1,2,C->C,0.5334405556321143,0.5410900553067525,Correct,Correct,53,1,H₂O,S1,S2,text-embedding-3-large,S_final
S0-S3,deepseek-v3.2-think,S1→S2,1,2,C->C,0.5703871955474217,0.6239093780517578,Correct,Correct,53,2,EtOH/H₂O,S1,S2,text-embedding-3-large,S_final
S0-S3,deepseek-v3.2-think,S1→S2,1,2,C->C,0.4138938650488853,0.4356205388903617,Correct,Correct,54,1,H₂O,S1,S2,text-embedding-3-large,S_final
S0-S3,deepseek-v3.2-think,S1→S2,1,2,C->C,0.5772915711005528,0.6085275093714396,Correct,Correct,54,2,EtOH/H₂O,S1,S2,text-embedding-3-large,S_final
S0-S3,deepseek-v3.2-think,S1→S2,1,2,C->C,0.4547332897782325,0.4535239299138386,Correct,Correct,55,1,H₂O,S1,S2,text-embedding-3-large,S_final
S0-S3,deepseek-v3.2-think,S1→S2,1,2,C->C,0.5875043402115504,0.6260000258684157,Correct,Correct,55,2,EtOH/H₂O,S1,S2,text-embedding-3-large,S_final
S0-S3,deepseek-v3.2-think,S1→S2,1,2,C->C,0.4658444742361704,0.4244455794493357,Correct,Correct,57,1,H₂O,S1,S2,text-embedding-3-large,S_final
S0-S3,deepseek-v3.2-think,S1→S2,1,2,C->C,0.5628444080551466,0.5768997669219971,Correct,Correct,58,1,H₂O,S1,S2,text-embedding-3-large,S_final
S0-S3,deepseek-v3.2-think,S1→S2,1,2,C->C,0.5212908228238423,0.5498902618885039,Correct,Correct,58,2,EtOH/H₂O,S1,S2,text-embedding-3-large,S_final
S0-S3,deepseek-v3.2-think,S1→S2,1,2,C->C,0.4940232545137404,0.497934096554915,Correct,Correct,59,1,H₂O,S1,S2,text-embedding-3-large,S_final
S0-S3,deepseek-v3.2-think,S1→S2,1,2,C->C,0.5960319330294926,0.578502423564593,Correct,Correct,59,2,EtOH/H₂O,S1,S2,text-embedding-3-large,S_final
S0-S3,deepseek-v3.2-think,S1→S2,1,2,C->C,0.4116470336914062,0.4646931032339731,Correct,Correct,60,1,H₂O,S1,S2,text-embedding-3-large,S_final
S0-S3,deepseek-v3.2-think,S1→S2,1,2,C->C,0.560660754640897,0.607084188858668,Correct,Correct,60,2,EtOH/H₂O,S1,S2,text-embedding-3-large,S_final
S0-S3,deepseek-v3.2-think,S1→S2,1,2,C->C,0.4672696168224017,0.4308975920081139,Correct,Correct,61,1,H₂O,S1,S2,text-embedding-3-large,S_final
S0-S3,deepseek-v3.2-think,S1→S2,1,2,C->C,0.5779824177424112,0.5984473725159962,Correct,Correct,61,2,EtOH/H₂O,S1,S2,text-embedding-3-large,S_final
S0-S3,deepseek-v3.2-think,S1→S2,1,2,C->C,0.5904116978247961,0.515415045619011,Correct,Correct,62,1,H₂O,S1,S2,text-embedding-3-large,S_final
S0-S3,deepseek-v3.2-think,S1→S2,1,2,C->C,0.5512223636110624,0.5939896543820699,Correct,Correct,62,2,EtOH/H₂O,S1,S2,text-embedding-3-large,S_final
S0-S3,deepseek-v3.2-think,S1→S2,1,2,C->C,0.5924005935589473,0.6045153796672821,Correct,Correct,63,1,H₂O,S1,S2,text-embedding-3-large,S_final
S0-S3,deepseek-v3.2-think,S1→S2,1,2,C->C,0.5462794934709866,0.543668898443381,Correct,Correct,63,2,EtOH/H₂O,S1,S2,text-embedding-3-large,S_final
S0-S3,deepseek-v3.2-think,S1→S2,1,2,C->C,0.5940402259429296,0.6291819194952647,Correct,Correct,64,1,KCl,S1,S2,text-embedding-3-large,S_final
S0-S3,deepseek-v3.2-think,S1→S2,1,2,C->W,0.597062861919403,0.5342544659972192,Correct,Wrong,13,2,acidic pH,S1,S2,text-embedding-3-large,S_final
S0-S3,deepseek-v3.2-think,S1→S2,1,2,C->W,0.5832744513948758,0.5036189397176106,Correct,Wrong,32,1,H₂O,S1,S2,text-embedding-3-large,S_final
S0-S3,deepseek-v3.2-think,S1→S2,1,2,C->W,0.4522150814533233,0.3913641303777694,Correct,Wrong,38,2,KCl,S1,S2,text-embedding-3-large,S_final
S0-S3,deepseek-v3.2-think,S1→S2,1,2,C->W,0.547919738292694,0.5522908508777618,Correct,Wrong,56,2,EtOH/H₂O,S1,S2,text-embedding-3-large,S_final
S0-S3,deepseek-v3.2-think,S1→S2,1,2,W->C,0.5780244871973991,0.5966352343559265,Wrong,Correct,1,5,KB(OH)₄,S1,S2,text-embedding-3-large,S_final
S0-S3,deepseek-v3.2-think,S1→S2,1,2,W->C,0.5990335971117019,0.7114840189615886,Wrong,Correct,3,1,Tb(NO₃)₃ or Eu(NO₃)₃,S1,S2,text-embedding-3-large,S_final
S0-S3,deepseek-v3.2-think,S1→S2,1,2,W->C,0.4992595225572585,0.4981603155533472,Wrong,Correct,12,1,H₂O,S1,S2,text-embedding-3-large,S_final
S0-S3,deepseek-v3.2-think,S1→S2,1,2,W->C,0.5317763288815817,0.4523011103272437,Wrong,Correct,34,1,H₂O,S1,S2,text-embedding-3-large,S_final
S0-S3,deepseek-v3.2-think,S1→S2,1,2,W->C,0.6172037214040755,0.6482111344734827,Wrong,Correct,40,3,NH₄Cl,S1,S2,text-embedding-3-large,S_final
S0-S3,deepseek-v3.2-think,S1→S2,1,2,W->C,0.5389904543757438,0.6126321017742157,Wrong,Correct,40,6,KCl,S1,S2,text-embedding-3-large,S_final
S0-S3,deepseek-v3.2-think,S1→S2,1,2,W->C,0.6257353941599527,0.69410766462485,Wrong,Correct,41,1,KCl,S1,S2,text-embedding-3-large,S_final
S0-S3,deepseek-v3.2-think,S1→S2,1,2,W->C,0.6214138433337212,0.6387232571840286,Wrong,Correct,44,1,KCl,S1,S2,text-embedding-3-large,S_final
S0-S3,deepseek-v3.2-think,S1→S2,1,2,W->C,0.6411047816276549,0.588500369588534,Wrong,Correct,51,1,KB(OH)₄,S1,S2,text-embedding-3-large,S_final
S0-S3,deepseek-v3.2-think,S1→S2,1,2,W->C,0.6016609221696853,0.5742268338799477,Wrong,Correct,64,2,NaB(OH)₄,S1,S2,text-embedding-3-large,S_final
S0-S3,deepseek-v3.2-think,S1→S2,1,2,W->W,0.6501107464234034,0.6647449711958567,Wrong,Wrong,4,1,LiCl,S1,S2,text-embedding-3-large,S_final
S0-S3,deepseek-v3.2-think,S1→S2,1,2,W->W,0.6070251067479452,0.6714293440183003,Wrong,Wrong,4,2,NaCl,S1,S2,text-embedding-3-large,S_final
S0-S3,deepseek-v3.2-think,S1→S2,1,2,W->W,0.6106644531091054,0.6275244047244389,Wrong,Wrong,5,1,LiCl,S1,S2,text-embedding-3-large,S_final
S0-S3,deepseek-v3.2-think,S1→S2,1,2,W->W,0.5934828946987788,0.5862542301416397,Wrong,Wrong,6,2,NaCl,S1,S2,text-embedding-3-large,S_final
S0-S3,deepseek-v3.2-think,S1→S2,1,2,W->W,0.6985497862100601,0.6797582377990086,Wrong,Wrong,7,1,LiCl,S1,S2,text-embedding-3-large,S_final
S0-S3,deepseek-v3.2-think,S1→S2,1,2,W->W,0.6447216262420018,0.6564174145460129,Wrong,Wrong,7,2,NaCl,S1,S2,text-embedding-3-large,S_final
S0-S3,deepseek-v3.2-think,S1→S2,1,2,W->W,0.5917669584353765,0.5880808601776759,Wrong,Wrong,7,3,KCl + NaCl,S1,S2,text-embedding-3-large,S_final
S0-S3,deepseek-v3.2-think,S1→S2,1,2,W->W,0.5735067923863729,0.5736827045679092,Wrong,Wrong,7,6,KCl,S1,S2,text-embedding-3-large,S_final
S0-S3,deepseek-v3.2-think,S1→S2,1,2,W->W,0.6523072868585587,0.6232208569844563,Wrong,Wrong,7,7,KCl,S1,S2,text-embedding-3-large,S_final
S0-S3,deepseek-v3.2-think,S1→S2,1,2,W->W,0.5845101982355118,0.5612910707791645,Wrong,Wrong,7,10,KB(OH)₄,S1,S2,text-embedding-3-large,S_final
S0-S3,deepseek-v3.2-think,S1→S2,1,2,W->W,0.5939468095699946,0.6173489461342493,Wrong,Wrong,7,11,LiB(OH)₄,S1,S2,text-embedding-3-large,S_final
S0-S3,deepseek-v3.2-think,S1→S2,1,2,W->W,0.6091349333524704,0.5794170121351878,Wrong,Wrong,8,3,KCl,S1,S2,text-embedding-3-large,S_final
S0-S3,deepseek-v3.2-think,S1→S2,1,2,W->W,0.5249855726957321,0.5676210463047028,Wrong,Wrong,8,4,KCl,S1,S2,text-embedding-3-large,S_final
S0-S3,deepseek-v3.2-think,S1→S2,1,2,W->W,0.5980411420265833,0.6570605973402658,Wrong,Wrong,9,2,KCl,S1,S2,text-embedding-3-large,S_final
S0-S3,deepseek-v3.2-think,S1→S2,1,2,W->W,0.5509060432513555,0.61406110227108,Wrong,Wrong,10,1,H₂O,S1,S2,text-embedding-3-large,S_final
S0-S3,deepseek-v3.2-think,S1→S2,1,2,W->W,0.5709464867909748,0.5922426015138625,Wrong,Wrong,10,2,PBS,S1,S2,text-embedding-3-large,S_final
S0-S3,deepseek-v3.2-think,S1→S2,1,2,W->W,0.4896746776998043,0.4564936190843581,Wrong,Wrong,11,1,H₂O,S1,S2,text-embedding-3-large,S_final
S0-S3,deepseek-v3.2-think,S1→S2,1,2,W->W,0.6507700592279434,0.6617269769310952,Wrong,Wrong,13,1,H₂O,S1,S2,text-embedding-3-large,S_final
S0-S3,deepseek-v3.2-think,S1→S2,1,2,W->W,0.5695752933621406,0.5482879385352134,Wrong,Wrong,13,3,acidic pH + benzyl amine,S1,S2,text-embedding-3-large,S_final
S0-S3,deepseek-v3.2-think,S1→S2,1,2,W->W,0.5053225323557854,0.4765539894501368,Wrong,Wrong,15,1,H₂O,S1,S2,text-embedding-3-large,S_final
S0-S3,deepseek-v3.2-think,S1→S2,1,2,W->W,0.6580026358366012,0.6607905189196268,Wrong,Wrong,20,1,EtOH/H₂O,S1,S2,text-embedding-3-large,S_final
S0-S3,deepseek-v3.2-think,S1→S2,1,2,W->W,0.4573160315553347,0.4964126323660214,Wrong,Wrong,25,1,NaOH,S1,S2,text-embedding-3-large,S_final
S0-S3,deepseek-v3.2-think,S1→S2,1,2,W->W,0.5272264937559764,0.5320203224817912,Wrong,Wrong,28,1,NaOH,S1,S2,text-embedding-3-large,S_final
S0-S3,deepseek-v3.2-think,S1→S2,1,2,W->W,0.5081193228562673,0.5134650990366936,Wrong,Wrong,35,1,H₂O,S1,S2,text-embedding-3-large,S_final
S0-S3,deepseek-v3.2-think,S1→S2,1,2,W->W,0.5875537643829981,0.6104304492473602,Wrong,Wrong,36,1,NaCl,S1,S2,text-embedding-3-large,S_final
S0-S3,deepseek-v3.2-think,S1→S2,1,2,W->W,0.667227519551913,0.6532226373751958,Wrong,Wrong,37,2,KCl,S1,S2,text-embedding-3-large,S_final
S0-S3,deepseek-v3.2-think,S1→S2,1,2,W->W,0.4890367517868677,0.4883539199829101,Wrong,Wrong,39,1,NaCl,S1,S2,text-embedding-3-large,S_final
S0-S3,deepseek-v3.2-think,S1→S2,1,2,W->W,0.6397458602984746,0.7205554649233818,Wrong,Wrong,40,2,NaCl,S1,S2,text-embedding-3-large,S_final
S0-S3,deepseek-v3.2-think,S1→S2,1,2,W->W,0.6089657579859097,0.6295819222927093,Wrong,Wrong,40,4,Me₄NCl,S1,S2,text-embedding-3-large,S_final
S0-S3,deepseek-v3.2-think,S1→S2,1,2,W->W,0.5792702376842498,0.6075219641129176,Wrong,Wrong,40,5,Borate buffer,S1,S2,text-embedding-3-large,S_final
S0-S3,deepseek-v3.2-think,S1→S2,1,2,W->W,0.5294449398914973,0.5335942571361859,Wrong,Wrong,42,1,KCl,S1,S2,text-embedding-3-large,S_final
S0-S3,deepseek-v3.2-think,S1→S2,1,2,W->W,0.5434747412800789,0.5087632551789284,Wrong,Wrong,43,1,KCl,S1,S2,text-embedding-3-large,S_final
S0-S3,deepseek-v3.2-think,S1→S2,1,2,W->W,0.4882353554169337,0.5120859771966934,Wrong,Wrong,45,2,Organic solvents,S1,S2,text-embedding-3-large,S_final
S0-S3,deepseek-v3.2-think,S1→S2,1,2,W->W,0.4758820335070292,0.4715570673346518,Wrong,Wrong,45,3,Organic solvents,S1,S2,text-embedding-3-large,S_final
S0-S3,deepseek-v3.2-think,S1→S2,1,2,W->W,0.5485492512583733,0.590828502178192,Wrong,Wrong,48,1,B(OH)₃ + AgNO₃,S1,S2,text-embedding-3-large,S_final
S0-S3,deepseek-v3.2-think,S1→S2,1,2,W->W,0.5068691402673721,0.4583887457847595,Wrong,Wrong,56,1,H₂O,S1,S2,text-embedding-3-large,S_final
S0-S3,deepseek-v3.2-think,S1→S2,1,2,W->W,0.375197097659111,0.3721869170665741,Wrong,Wrong,57,2,EtOH/H₂O,S1,S2,text-embedding-3-large,S_final
S0-S3,deepseek-v3.2-think,S2→S3,2,3,C->C,0.6867924084266027,0.6989320248365402,Correct,Correct,1,1,Tb(NO₃)₃ or Dy(NO₃)₃,S2,S3,text-embedding-3-large,S_final
S0-S3,deepseek-v3.2-think,S2→S3,2,3,C->C,0.6128840059041977,0.6305885801712671,Correct,Correct,1,2,LiCl,S2,S3,text-embedding-3-large,S_final
S0-S3,deepseek-v3.2-think,S2→S3,2,3,C->C,0.5792154878377914,0.549168994029363,Correct,Correct,1,3,NaCl,S2,S3,text-embedding-3-large,S_final
S0-S3,deepseek-v3.2-think,S2→S3,2,3,C->C,0.6696937486529351,0.6513905614614486,Correct,Correct,1,4,KCl,S2,S3,text-embedding-3-large,S_final
S0-S3,deepseek-v3.2-think,S2→S3,2,3,C->C,0.5966352343559265,0.6069694449504216,Correct,Correct,1,5,KB(OH)₄,S2,S3,text-embedding-3-large,S_final
S0-S3,deepseek-v3.2-think,S2→S3,2,3,C->C,0.7064036895831425,0.6946736395359038,Correct,Correct,2,1,Tb(NO₃)₃ or Eu(NO₃)₃,S2,S3,text-embedding-3-large,S_final
S0-S3,deepseek-v3.2-think,S2→S3,2,3,C->C,0.7114840189615886,0.6945065170526504,Correct,Correct,3,1,Tb(NO₃)₃ or Eu(NO₃)₃,S2,S3,text-embedding-3-large,S_final
S0-S3,deepseek-v3.2-think,S2→S3,2,3,C->C,0.7193643261988957,0.7477958500385284,Correct,Correct,3,2,B(OH)₃ + AgNO₃,S2,S3,text-embedding-3-large,S_final
S0-S3,deepseek-v3.2-think,S2→S3,2,3,C->C,0.6344923545916875,0.5920434921979905,Correct,Correct,4,3,KCl,S2,S3,text-embedding-3-large,S_final
S0-S3,deepseek-v3.2-think,S2→S3,2,3,C->C,0.6767830739418667,0.6830258866151174,Correct,Correct,5,2,KCl,S2,S3,text-embedding-3-large,S_final
S0-S3,deepseek-v3.2-think,S2→S3,2,3,C->C,0.66390363574028,0.7137534787257512,Correct,Correct,5,3,NaCl,S2,S3,text-embedding-3-large,S_final
S0-S3,deepseek-v3.2-think,S2→S3,2,3,C->C,0.6711417039235433,0.7251755585273107,Correct,Correct,6,1,LiCl,S2,S3,text-embedding-3-large,S_final
S0-S3,deepseek-v3.2-think,S2→S3,2,3,C->C,0.6792730549971262,0.7088861256837845,Correct,Correct,6,3,KCl,S2,S3,text-embedding-3-large,S_final
S0-S3,deepseek-v3.2-think,S2→S3,2,3,C->C,0.5502266218264897,0.6005305240551629,Correct,Correct,7,4,KCl,S2,S3,text-embedding-3-large,S_final
S0-S3,deepseek-v3.2-think,S2→S3,2,3,C->C,0.6678797016541163,0.6964435388644535,Correct,Correct,7,5,KCl,S2,S3,text-embedding-3-large,S_final
S0-S3,deepseek-v3.2-think,S2→S3,2,3,C->C,0.6338915954033534,0.647998172044754,Correct,Correct,7,8,KCl + TAcG,S2,S3,text-embedding-3-large,S_final
S0-S3,deepseek-v3.2-think,S2→S3,2,3,C->C,0.6549453963836034,0.715397145350774,Correct,Correct,7,9,KB(OH)₄,S2,S3,text-embedding-3-large,S_final
S0-S3,deepseek-v3.2-think,S2→S3,2,3,C->C,0.6521097848812739,0.6347359746694565,Correct,Correct,8,1,LiCl,S2,S3,text-embedding-3-large,S_final
S0-S3,deepseek-v3.2-think,S2→S3,2,3,C->C,0.6593647052844365,0.6368412325779597,Correct,Correct,8,2,NaCl,S2,S3,text-embedding-3-large,S_final
S0-S3,deepseek-v3.2-think,S2→S3,2,3,C->C,0.6250141670306523,0.5959129909674327,Correct,Correct,9,1,LiCl,S2,S3,text-embedding-3-large,S_final
S0-S3,deepseek-v3.2-think,S2→S3,2,3,C->C,0.6463100264469782,0.62264550725619,Correct,Correct,9,3,NaCl,S2,S3,text-embedding-3-large,S_final
S0-S3,deepseek-v3.2-think,S2→S3,2,3,C->C,0.4981603155533472,0.5426476523280144,Correct,Correct,12,1,H₂O,S2,S3,text-embedding-3-large,S_final
S0-S3,deepseek-v3.2-think,S2→S3,2,3,C->C,0.5984380533297856,0.6031195888916651,Correct,Correct,14,1,H₂O,S2,S3,text-embedding-3-large,S_final
S0-S3,deepseek-v3.2-think,S2→S3,2,3,C->C,0.6735057135423025,0.6621704439322155,Correct,Correct,16,1,H₂O,S2,S3,text-embedding-3-large,S_final
S0-S3,deepseek-v3.2-think,S2→S3,2,3,C->C,0.6466660032669703,0.5490392188231149,Correct,Correct,17,1,H₂O,S2,S3,text-embedding-3-large,S_final
S0-S3,deepseek-v3.2-think,S2→S3,2,3,C->C,0.6596813122431437,0.7018057773510614,Correct,Correct,18,1,H₂O,S2,S3,text-embedding-3-large,S_final
S0-S3,deepseek-v3.2-think,S2→S3,2,3,C->C,0.5857726807395617,0.6095615516106287,Correct,Correct,19,1,H₂O,S2,S3,text-embedding-3-large,S_final
S0-S3,deepseek-v3.2-think,S2→S3,2,3,C->C,0.5877488280336062,0.6329379995663961,Correct,Correct,22,1,EtOH/H₂O,S2,S3,text-embedding-3-large,S_final
S0-S3,deepseek-v3.2-think,S2→S3,2,3,C->C,0.6324284950892131,0.6214276293913522,Correct,Correct,23,1,EtOH/H₂O,S2,S3,text-embedding-3-large,S_final
S0-S3,deepseek-v3.2-think,S2→S3,2,3,C->C,0.5785786747932434,0.6243632594744365,Correct,Correct,24,1,EtOH/H₂O,S2,S3,text-embedding-3-large,S_final
S0-S3,deepseek-v3.2-think,S2→S3,2,3,C->C,0.6128340959548949,0.5733330289522808,Correct,Correct,25,2,Organic solvents,S2,S3,text-embedding-3-large,S_final
S0-S3,deepseek-v3.2-think,S2→S3,2,3,C->C,0.564671371380488,0.6053727279106776,Correct,Correct,26,1,NaOH,S2,S3,text-embedding-3-large,S_final
S0-S3,deepseek-v3.2-think,S2→S3,2,3,C->C,0.3983839551607768,0.526715430120627,Correct,Correct,26,2,KOH,S2,S3,text-embedding-3-large,S_final
S0-S3,deepseek-v3.2-think,S2→S3,2,3,C->C,0.5138057306408882,0.5997060547272365,Correct,Correct,26,3,LiOH,S2,S3,text-embedding-3-large,S_final
S0-S3,deepseek-v3.2-think,S2→S3,2,3,C->C,0.6415322919686636,0.6774158994356791,Correct,Correct,26,4,Organic solvents,S2,S3,text-embedding-3-large,S_final
S0-S3,deepseek-v3.2-think,S2→S3,2,3,C->C,0.581927141547203,0.6148429920276005,Correct,Correct,27,1,NaOH,S2,S3,text-embedding-3-large,S_final
S0-S3,deepseek-v3.2-think,S2→S3,2,3,C->C,0.5368203630050022,0.4863755524158478,Correct,Correct,27,2,KOH,S2,S3,text-embedding-3-large,S_final
S0-S3,deepseek-v3.2-think,S2→S3,2,3,C->C,0.5682993337512016,0.5073072592417399,Correct,Correct,27,3,LiOH,S2,S3,text-embedding-3-large,S_final
S0-S3,deepseek-v3.2-think,S2→S3,2,3,C->C,0.6917648186286289,0.6849695920944213,Correct,Correct,27,4,Organic solvents,S2,S3,text-embedding-3-large,S_final
S0-S3,deepseek-v3.2-think,S2→S3,2,3,C->C,0.4897295559446017,0.4564777841170628,Correct,Correct,28,2,Organic solvents,S2,S3,text-embedding-3-large,S_final
S0-S3,deepseek-v3.2-think,S2→S3,2,3,C->C,0.6675714239478111,0.6031855404376983,Correct,Correct,29,1,NaOH,S2,S3,text-embedding-3-large,S_final
S0-S3,deepseek-v3.2-think,S2→S3,2,3,C->C,0.4538163602352141,0.4727385744452476,Correct,Correct,29,2,Organic solvents,S2,S3,text-embedding-3-large,S_final
S0-S3,deepseek-v3.2-think,S2→S3,2,3,C->C,0.5887729356686274,0.6122291619578997,Correct,Correct,30,1,NaOH,S2,S3,text-embedding-3-large,S_final
S0-S3,deepseek-v3.2-think,S2→S3,2,3,C->C,0.4653385356068611,0.4481585457921027,Correct,Correct,30,2,Organic solvents,S2,S3,text-embedding-3-large,S_final
S0-S3,deepseek-v3.2-think,S2→S3,2,3,C->C,0.6147104134162267,0.6836207618316014,Correct,Correct,31,1,H₂O,S2,S3,text-embedding-3-large,S_final
S0-S3,deepseek-v3.2-think,S2→S3,2,3,C->C,0.6143364548683166,0.568410669763883,Correct,Correct,33,1,H₂O,S2,S3,text-embedding-3-large,S_final
S0-S3,deepseek-v3.2-think,S2→S3,2,3,C->C,0.4523011103272437,0.552536441385746,Correct,Correct,34,1,H₂O,S2,S3,text-embedding-3-large,S_final
S0-S3,deepseek-v3.2-think,S2→S3,2,3,C->C,0.5854175279537835,0.5674653644363086,Correct,Correct,36,2,KCl,S2,S3,text-embedding-3-large,S_final
S0-S3,deepseek-v3.2-think,S2→S3,2,3,C->C,0.4884235714872678,0.5739965170621871,Correct,Correct,36,3,NaCl + TAcG,S2,S3,text-embedding-3-large,S_final
S0-S3,deepseek-v3.2-think,S2→S3,2,3,C->C,0.5895487089951833,0.553595831990242,Correct,Correct,37,1,KCl + NaCl,S2,S3,text-embedding-3-large,S_final
S0-S3,deepseek-v3.2-think,S2→S3,2,3,C->C,0.4353066692749658,0.4649205868442854,Correct,Correct,38,1,KCl + NaCl,S2,S3,text-embedding-3-large,S_final
S0-S3,deepseek-v3.2-think,S2→S3,2,3,C->C,0.6990967194239298,0.7341961046059926,Correct,Correct,39,2,KCl,S2,S3,text-embedding-3-large,S_final
S0-S3,deepseek-v3.2-think,S2→S3,2,3,C->C,0.6635724171996116,0.6647457599639892,Correct,Correct,40,1,KCl,S2,S3,text-embedding-3-large,S_final
S0-S3,deepseek-v3.2-think,S2→S3,2,3,C->C,0.6482111344734827,0.5550576190153758,Correct,Correct,40,3,NH₄Cl,S2,S3,text-embedding-3-large,S_final
S0-S3,deepseek-v3.2-think,S2→S3,2,3,C->C,0.6126321017742157,0.5844493269920349,Correct,Correct,40,6,KCl,S2,S3,text-embedding-3-large,S_final
S0-S3,deepseek-v3.2-think,S2→S3,2,3,C->C,0.69410766462485,0.6791821092367171,Correct,Correct,41,1,KCl,S2,S3,text-embedding-3-large,S_final
S0-S3,deepseek-v3.2-think,S2→S3,2,3,C->C,0.6387232571840286,0.6247148503859837,Correct,Correct,44,1,KCl,S2,S3,text-embedding-3-large,S_final
S0-S3,deepseek-v3.2-think,S2→S3,2,3,C->C,0.668691599369049,0.6825507074594498,Correct,Correct,45,1,Organic solvents,S2,S3,text-embedding-3-large,S_final
S0-S3,deepseek-v3.2-think,S2→S3,2,3,C->C,0.6374615897734959,0.688979051510493,Correct,Correct,46,1,Organic solvents,S2,S3,text-embedding-3-large,S_final
S0-S3,deepseek-v3.2-think,S2→S3,2,3,C->C,0.6373335629701614,0.6270243843396504,Correct,Correct,46,2,Organic solvents,S2,S3,text-embedding-3-large,S_final
S0-S3,deepseek-v3.2-think,S2→S3,2,3,C->C,0.6289827068646748,0.6984005361795425,Correct,Correct,47,1,Organic solvents,S2,S3,text-embedding-3-large,S_final
S0-S3,deepseek-v3.2-think,S2→S3,2,3,C->C,0.5831910034020741,0.5997944513956704,Correct,Correct,47,2,Organic solvents,S2,S3,text-embedding-3-large,S_final
S0-S3,deepseek-v3.2-think,S2→S3,2,3,C->C,0.4812787503004074,0.5104379914700985,Correct,Correct,48,2,B(OH)₃ + other ions,S2,S3,text-embedding-3-large,S_final
S0-S3,deepseek-v3.2-think,S2→S3,2,3,C->C,0.4965604816873867,0.4895865847667058,Correct,Correct,49,1,B(OH)₃ + AgNO₃,S2,S3,text-embedding-3-large,S_final
S0-S3,deepseek-v3.2-think,S2→S3,2,3,C->C,0.4672779803474743,0.5351058905323347,Correct,Correct,50,1,B(OH)₃ + AgNO₃,S2,S3,text-embedding-3-large,S_final
S0-S3,deepseek-v3.2-think,S2→S3,2,3,C->C,0.588500369588534,0.6955883383750915,Correct,Correct,51,1,KB(OH)₄,S2,S3,text-embedding-3-large,S_final
S0-S3,deepseek-v3.2-think,S2→S3,2,3,C->C,0.5410900553067525,0.54149003525575,Correct,Correct,53,1,H₂O,S2,S3,text-embedding-3-large,S_final
S0-S3,deepseek-v3.2-think,S2→S3,2,3,C->C,0.6239093780517578,0.6255873550971348,Correct,Correct,53,2,EtOH/H₂O,S2,S3,text-embedding-3-large,S_final
S0-S3,deepseek-v3.2-think,S2→S3,2,3,C->C,0.4356205388903617,0.429983502626419,Correct,Correct,54,1,H₂O,S2,S3,text-embedding-3-large,S_final
S0-S3,deepseek-v3.2-think,S2→S3,2,3,C->C,0.6085275093714396,0.6631769845883051,Correct,Correct,54,2,EtOH/H₂O,S2,S3,text-embedding-3-large,S_final
S0-S3,deepseek-v3.2-think,S2→S3,2,3,C->C,0.4535239299138386,0.5182909160852432,Correct,Correct,55,1,H₂O,S2,S3,text-embedding-3-large,S_final
S0-S3,deepseek-v3.2-think,S2→S3,2,3,C->C,0.6260000258684157,0.6062193512916565,Correct,Correct,55,2,EtOH/H₂O,S2,S3,text-embedding-3-large,S_final
S0-S3,deepseek-v3.2-think,S2→S3,2,3,C->C,0.4244455794493357,0.4347549756368001,Correct,Correct,57,1,H₂O,S2,S3,text-embedding-3-large,S_final
S0-S3,deepseek-v3.2-think,S2→S3,2,3,C->C,0.5768997669219971,0.6004012803236644,Correct,Correct,58,1,H₂O,S2,S3,text-embedding-3-large,S_final
S0-S3,deepseek-v3.2-think,S2→S3,2,3,C->C,0.5498902618885039,0.5967331270376841,Correct,Correct,58,2,EtOH/H₂O,S2,S3,text-embedding-3-large,S_final
S0-S3,deepseek-v3.2-think,S2→S3,2,3,C->C,0.497934096554915,0.5314954832196236,Correct,Correct,59,1,H₂O,S2,S3,text-embedding-3-large,S_final
S0-S3,deepseek-v3.2-think,S2→S3,2,3,C->C,0.578502423564593,0.6172124842802683,Correct,Correct,59,2,EtOH/H₂O,S2,S3,text-embedding-3-large,S_final
S0-S3,deepseek-v3.2-think,S2→S3,2,3,C->C,0.4646931032339731,0.4980175266663234,Correct,Correct,60,1,H₂O,S2,S3,text-embedding-3-large,S_final
S0-S3,deepseek-v3.2-think,S2→S3,2,3,C->C,0.607084188858668,0.6310013622045517,Correct,Correct,60,2,EtOH/H₂O,S2,S3,text-embedding-3-large,S_final
S0-S3,deepseek-v3.2-think,S2→S3,2,3,C->C,0.4308975920081139,0.4734415337443352,Correct,Correct,61,1,H₂O,S2,S3,text-embedding-3-large,S_final
S0-S3,deepseek-v3.2-think,S2→S3,2,3,C->C,0.5984473725159962,0.6495831956466038,Correct,Correct,61,2,EtOH/H₂O,S2,S3,text-embedding-3-large,S_final
S0-S3,deepseek-v3.2-think,S2→S3,2,3,C->C,0.515415045619011,0.5499954332907994,Correct,Correct,62,1,H₂O,S2,S3,text-embedding-3-large,S_final
S0-S3,deepseek-v3.2-think,S2→S3,2,3,C->C,0.5939896543820699,0.5590122327208519,Correct,Correct,62,2,EtOH/H₂O,S2,S3,text-embedding-3-large,S_final
S0-S3,deepseek-v3.2-think,S2→S3,2,3,C->C,0.6045153796672821,0.6497004151344299,Correct,Correct,63,1,H₂O,S2,S3,text-embedding-3-large,S_final
S0-S3,deepseek-v3.2-think,S2→S3,2,3,C->C,0.543668898443381,0.5764875024557113,Correct,Correct,63,2,EtOH/H₂O,S2,S3,text-embedding-3-large,S_final
S0-S3,deepseek-v3.2-think,S2→S3,2,3,C->C,0.6291819194952647,0.5835061500469844,Correct,Correct,64,1,KCl,S2,S3,text-embedding-3-large,S_final
S0-S3,deepseek-v3.2-think,S2→S3,2,3,C->C,0.5742268338799477,0.5574016710122426,Correct,Correct,64,2,NaB(OH)₄,S2,S3,text-embedding-3-large,S_final
S0-S3,deepseek-v3.2-think,S2→S3,2,3,C->W,0.6509808490673702,0.5757970839738845,Correct,Wrong,21,1,EtOH/H₂O,S2,S3,text-embedding-3-large,S_final
S0-S3,deepseek-v3.2-think,S2→S3,2,3,C->W,0.7127927228808403,0.7050629258155823,Correct,Wrong,52,1,KB(OH)₄,S2,S3,text-embedding-3-large,S_final
S0-S3,deepseek-v3.2-think,S2→S3,2,3,W->C,0.6617269769310952,0.7549852033456167,Wrong,Correct,13,1,H₂O,S2,S3,text-embedding-3-large,S_final
S0-S3,deepseek-v3.2-think,S2→S3,2,3,W->C,0.5482879385352134,0.5336920067667961,Wrong,Correct,13,3,acidic pH + benzyl amine,S2,S3,text-embedding-3-large,S_final
S0-S3,deepseek-v3.2-think,S2→S3,2,3,W->C,0.6607905189196268,0.6880512908101082,Wrong,Correct,20,1,EtOH/H₂O,S2,S3,text-embedding-3-large,S_final
S0-S3,deepseek-v3.2-think,S2→S3,2,3,W->C,0.5036189397176106,0.5335730485618114,Wrong,Correct,32,1,H₂O,S2,S3,text-embedding-3-large,S_final
S0-S3,deepseek-v3.2-think,S2→S3,2,3,W->C,0.4883539199829101,0.5296953539053598,Wrong,Correct,39,1,NaCl,S2,S3,text-embedding-3-large,S_final
S0-S3,deepseek-v3.2-think,S2→S3,2,3,W->C,0.7205554649233818,0.6814114212989807,Wrong,Correct,40,2,NaCl,S2,S3,text-embedding-3-large,S_final
S0-S3,deepseek-v3.2-think,S2→S3,2,3,W->C,0.590828502178192,0.6175403376420339,Wrong,Correct,48,1,B(OH)₃ + AgNO₃,S2,S3,text-embedding-3-large,S_final
S0-S3,deepseek-v3.2-think,S2→S3,2,3,W->C,0.5522908508777618,0.5875640690326691,Wrong,Correct,56,2,EtOH/H₂O,S2,S3,text-embedding-3-large,S_final
S0-S3,deepseek-v3.2-think,S2→S3,2,3,W->W,0.6647449711958567,0.6827185630798339,Wrong,Wrong,4,1,LiCl,S2,S3,text-embedding-3-large,S_final
S0-S3,deepseek-v3.2-think,S2→S3,2,3,W->W,0.6714293440183003,0.630010724067688,Wrong,Wrong,4,2,NaCl,S2,S3,text-embedding-3-large,S_final
S0-S3,deepseek-v3.2-think,S2→S3,2,3,W->W,0.6275244047244389,0.6134490708510081,Wrong,Wrong,5,1,LiCl,S2,S3,text-embedding-3-large,S_final
S0-S3,deepseek-v3.2-think,S2→S3,2,3,W->W,0.5862542301416397,0.5478335360685983,Wrong,Wrong,6,2,NaCl,S2,S3,text-embedding-3-large,S_final
S0-S3,deepseek-v3.2-think,S2→S3,2,3,W->W,0.6797582377990086,0.7187803000211715,Wrong,Wrong,7,1,LiCl,S2,S3,text-embedding-3-large,S_final
S0-S3,deepseek-v3.2-think,S2→S3,2,3,W->W,0.6564174145460129,0.6741596053044,Wrong,Wrong,7,2,NaCl,S2,S3,text-embedding-3-large,S_final
S0-S3,deepseek-v3.2-think,S2→S3,2,3,W->W,0.5880808601776759,0.56825217405955,Wrong,Wrong,7,3,KCl + NaCl,S2,S3,text-embedding-3-large,S_final
S0-S3,deepseek-v3.2-think,S2→S3,2,3,W->W,0.5736827045679092,0.5725832740465799,Wrong,Wrong,7,6,KCl,S2,S3,text-embedding-3-large,S_final
S0-S3,deepseek-v3.2-think,S2→S3,2,3,W->W,0.6232208569844563,0.6597583214441934,Wrong,Wrong,7,7,KCl,S2,S3,text-embedding-3-large,S_final
S0-S3,deepseek-v3.2-think,S2→S3,2,3,W->W,0.5612910707791645,0.6121716439723969,Wrong,Wrong,7,10,KB(OH)₄,S2,S3,text-embedding-3-large,S_final
S0-S3,deepseek-v3.2-think,S2→S3,2,3,W->W,0.6173489461342493,0.6603924334049225,Wrong,Wrong,7,11,LiB(OH)₄,S2,S3,text-embedding-3-large,S_final
S0-S3,deepseek-v3.2-think,S2→S3,2,3,W->W,0.5794170121351878,0.6347539762655894,Wrong,Wrong,8,3,KCl,S2,S3,text-embedding-3-large,S_final
S0-S3,deepseek-v3.2-think,S2→S3,2,3,W->W,0.5676210463047028,0.5531553640961646,Wrong,Wrong,8,4,KCl,S2,S3,text-embedding-3-large,S_final
S0-S3,deepseek-v3.2-think,S2→S3,2,3,W->W,0.6570605973402658,0.5994998499751091,Wrong,Wrong,9,2,KCl,S2,S3,text-embedding-3-large,S_final
S0-S3,deepseek-v3.2-think,S2→S3,2,3,W->W,0.61406110227108,0.6070568770170212,Wrong,Wrong,10,1,H₂O,S2,S3,text-embedding-3-large,S_final
S0-S3,deepseek-v3.2-think,S2→S3,2,3,W->W,0.5922426015138625,0.6107692062854766,Wrong,Wrong,10,2,PBS,S2,S3,text-embedding-3-large,S_final
S0-S3,deepseek-v3.2-think,S2→S3,2,3,W->W,0.4564936190843581,0.4836666211485863,Wrong,Wrong,11,1,H₂O,S2,S3,text-embedding-3-large,S_final
S0-S3,deepseek-v3.2-think,S2→S3,2,3,W->W,0.5342544659972192,0.5645562340815862,Wrong,Wrong,13,2,acidic pH,S2,S3,text-embedding-3-large,S_final
S0-S3,deepseek-v3.2-think,S2→S3,2,3,W->W,0.4765539894501368,0.510142719745636,Wrong,Wrong,15,1,H₂O,S2,S3,text-embedding-3-large,S_final
S0-S3,deepseek-v3.2-think,S2→S3,2,3,W->W,0.4964126323660214,0.4378251969814301,Wrong,Wrong,25,1,NaOH,S2,S3,text-embedding-3-large,S_final
S0-S3,deepseek-v3.2-think,S2→S3,2,3,W->W,0.5320203224817912,0.5322218596935272,Wrong,Wrong,28,1,NaOH,S2,S3,text-embedding-3-large,S_final
S0-S3,deepseek-v3.2-think,S2→S3,2,3,W->W,0.5134650990366936,0.5428891673684121,Wrong,Wrong,35,1,H₂O,S2,S3,text-embedding-3-large,S_final
S0-S3,deepseek-v3.2-think,S2→S3,2,3,W->W,0.6104304492473602,0.6757191181182861,Wrong,Wrong,36,1,NaCl,S2,S3,text-embedding-3-large,S_final
S0-S3,deepseek-v3.2-think,S2→S3,2,3,W->W,0.6532226373751958,0.6074983194470405,Wrong,Wrong,37,2,KCl,S2,S3,text-embedding-3-large,S_final
S0-S3,deepseek-v3.2-think,S2→S3,2,3,W->W,0.3913641303777694,0.3665070153772831,Wrong,Wrong,38,2,KCl,S2,S3,text-embedding-3-large,S_final
S0-S3,deepseek-v3.2-think,S2→S3,2,3,W->W,0.6295819222927093,0.5361186335484187,Wrong,Wrong,40,4,Me₄NCl,S2,S3,text-embedding-3-large,S_final
S0-S3,deepseek-v3.2-think,S2→S3,2,3,W->W,0.6075219641129176,0.590513343612353,Wrong,Wrong,40,5,Borate buffer,S2,S3,text-embedding-3-large,S_final
S0-S3,deepseek-v3.2-think,S2→S3,2,3,W->W,0.5335942571361859,0.528210454682509,Wrong,Wrong,42,1,KCl,S2,S3,text-embedding-3-large,S_final
S0-S3,deepseek-v3.2-think,S2→S3,2,3,W->W,0.5087632551789284,0.5768382698297501,Wrong,Wrong,43,1,KCl,S2,S3,text-embedding-3-large,S_final
S0-S3,deepseek-v3.2-think,S2→S3,2,3,W->W,0.5120859771966934,0.4735305324196815,Wrong,Wrong,45,2,Organic solvents,S2,S3,text-embedding-3-large,S_final
S0-S3,deepseek-v3.2-think,S2→S3,2,3,W->W,0.4715570673346518,0.5676816426217556,Wrong,Wrong,45,3,Organic solvents,S2,S3,text-embedding-3-large,S_final
S0-S3,deepseek-v3.2-think,S2→S3,2,3,W->W,0.4583887457847595,0.5519523605704307,Wrong,Wrong,56,1,H₂O,S2,S3,text-embedding-3-large,S_final
S0-S3,deepseek-v3.2-think,S2→S3,2,3,W->W,0.3721869170665741,0.4233070303996404,Wrong,Wrong,57,2,EtOH/H₂O,S2,S3,text-embedding-3-large,S_final
S0-S3,gemini-3.1-flash-lite,S0→S1,0,1,C->C,0.7234944015741348,0.7376123994588851,Correct,Correct,1,1,Tb(NO₃)₃ or Dy(NO₃)₃,S0,S1,text-embedding-3-large,S_final
S0-S3,gemini-3.1-flash-lite,S0→S1,0,1,C->C,0.6775571842988333,0.6691523750623066,Correct,Correct,1,4,KCl,S0,S1,text-embedding-3-large,S_final
S0-S3,gemini-3.1-flash-lite,S0→S1,0,1,C->C,0.7467256238063177,0.7059831937154134,Correct,Correct,2,1,Tb(NO₃)₃ or Eu(NO₃)₃,S0,S1,text-embedding-3-large,S_final
S0-S3,gemini-3.1-flash-lite,S0→S1,0,1,C->C,0.7029063820838927,0.6540777146816253,Correct,Correct,4,3,KCl,S0,S1,text-embedding-3-large,S_final
S0-S3,gemini-3.1-flash-lite,S0→S1,0,1,C->C,0.6965465992689133,0.7147820457816123,Correct,Correct,5,3,NaCl,S0,S1,text-embedding-3-large,S_final
S0-S3,gemini-3.1-flash-lite,S0→S1,0,1,C->C,0.6982926587263742,0.6982870767513911,Correct,Correct,6,1,LiCl,S0,S1,text-embedding-3-large,S_final
S0-S3,gemini-3.1-flash-lite,S0→S1,0,1,C->C,0.7043155252933501,0.6803794016440708,Correct,Correct,6,3,KCl,S0,S1,text-embedding-3-large,S_final
S0-S3,gemini-3.1-flash-lite,S0→S1,0,1,C->C,0.6620048274596532,0.6278070350488026,Correct,Correct,7,4,KCl,S0,S1,text-embedding-3-large,S_final
S0-S3,gemini-3.1-flash-lite,S0→S1,0,1,C->C,0.6905278295278549,0.6653736362854639,Correct,Correct,7,5,KCl,S0,S1,text-embedding-3-large,S_final
S0-S3,gemini-3.1-flash-lite,S0→S1,0,1,C->C,0.6981130878130596,0.6859825154145557,Correct,Correct,7,8,KCl + TAcG,S0,S1,text-embedding-3-large,S_final
S0-S3,gemini-3.1-flash-lite,S0→S1,0,1,C->C,0.7543983161449432,0.7240442971388498,Correct,Correct,7,9,KB(OH)₄,S0,S1,text-embedding-3-large,S_final
S0-S3,gemini-3.1-flash-lite,S0→S1,0,1,C->C,0.5424627418319384,0.5491899381081263,Correct,Correct,13,2,acidic pH,S0,S1,text-embedding-3-large,S_final
S0-S3,gemini-3.1-flash-lite,S0→S1,0,1,C->C,0.6730097005764643,0.7090061595042546,Correct,Correct,16,1,H₂O,S0,S1,text-embedding-3-large,S_final
S0-S3,gemini-3.1-flash-lite,S0→S1,0,1,C->C,0.7037815819183985,0.6981885820627212,Correct,Correct,18,1,H₂O,S0,S1,text-embedding-3-large,S_final
S0-S3,gemini-3.1-flash-lite,S0→S1,0,1,C->C,0.5480181922515234,0.6297900448242822,Correct,Correct,19,1,H₂O,S0,S1,text-embedding-3-large,S_final
S0-S3,gemini-3.1-flash-lite,S0→S1,0,1,C->C,0.6764227439959845,0.636653658747673,Correct,Correct,21,1,EtOH/H₂O,S0,S1,text-embedding-3-large,S_final
S0-S3,gemini-3.1-flash-lite,S0→S1,0,1,C->C,0.5837616135676702,0.5956792622804642,Correct,Correct,25,2,Organic solvents,S0,S1,text-embedding-3-large,S_final
S0-S3,gemini-3.1-flash-lite,S0→S1,0,1,C->C,0.6237596064805984,0.5949770629405975,Correct,Correct,26,1,NaOH,S0,S1,text-embedding-3-large,S_final
S0-S3,gemini-3.1-flash-lite,S0→S1,0,1,C->C,0.6829089522361755,0.6365687102079391,Correct,Correct,26,4,Organic solvents,S0,S1,text-embedding-3-large,S_final
S0-S3,gemini-3.1-flash-lite,S0→S1,0,1,C->C,0.5067722156643867,0.4919709295034408,Correct,Correct,27,2,KOH,S0,S1,text-embedding-3-large,S_final
S0-S3,gemini-3.1-flash-lite,S0→S1,0,1,C->C,0.7045749614636102,0.6847079048554102,Correct,Correct,27,4,Organic solvents,S0,S1,text-embedding-3-large,S_final
S0-S3,gemini-3.1-flash-lite,S0→S1,0,1,C->C,0.4526447743177413,0.4500149096051851,Correct,Correct,28,2,Organic solvents,S0,S1,text-embedding-3-large,S_final
S0-S3,gemini-3.1-flash-lite,S0→S1,0,1,C->C,0.4616611460844675,0.4289377078413963,Correct,Correct,29,2,Organic solvents,S0,S1,text-embedding-3-large,S_final
S0-S3,gemini-3.1-flash-lite,S0→S1,0,1,C->C,0.590912951529026,0.5999687115351359,Correct,Correct,30,1,NaOH,S0,S1,text-embedding-3-large,S_final
S0-S3,gemini-3.1-flash-lite,S0→S1,0,1,C->C,0.4947357356548309,0.4528058027227719,Correct,Correct,30,2,Organic solvents,S0,S1,text-embedding-3-large,S_final
S0-S3,gemini-3.1-flash-lite,S0→S1,0,1,C->C,0.7003320435682933,0.6532415196299552,Correct,Correct,31,1,H₂O,S0,S1,text-embedding-3-large,S_final
S0-S3,gemini-3.1-flash-lite,S0→S1,0,1,C->C,0.5690121531486512,0.6029580454031627,Correct,Correct,34,1,H₂O,S0,S1,text-embedding-3-large,S_final
S0-S3,gemini-3.1-flash-lite,S0→S1,0,1,C->C,0.7008395572503408,0.6860255827506383,Correct,Correct,36,1,NaCl,S0,S1,text-embedding-3-large,S_final
S0-S3,gemini-3.1-flash-lite,S0→S1,0,1,C->C,0.5708956917126974,0.5459672694404919,Correct,Correct,36,3,NaCl + TAcG,S0,S1,text-embedding-3-large,S_final
S0-S3,gemini-3.1-flash-lite,S0→S1,0,1,C->C,0.6690178215503693,0.635456328590711,Correct,Correct,37,2,KCl,S0,S1,text-embedding-3-large,S_final
S0-S3,gemini-3.1-flash-lite,S0→S1,0,1,C->C,0.7505732536315918,0.7531149158875148,Correct,Correct,39,2,KCl,S0,S1,text-embedding-3-large,S_final
S0-S3,gemini-3.1-flash-lite,S0→S1,0,1,C->C,0.686854475736618,0.6939376165469486,Correct,Correct,40,1,KCl,S0,S1,text-embedding-3-large,S_final
S0-S3,gemini-3.1-flash-lite,S0→S1,0,1,C->C,0.6938137163718542,0.6663731227318445,Correct,Correct,40,2,NaCl,S0,S1,text-embedding-3-large,S_final
S0-S3,gemini-3.1-flash-lite,S0→S1,0,1,C->C,0.6331833958625793,0.6035837044318516,Correct,Correct,40,3,NH₄Cl,S0,S1,text-embedding-3-large,S_final
S0-S3,gemini-3.1-flash-lite,S0→S1,0,1,C->C,0.6665919462839761,0.6439364324013392,Correct,Correct,40,6,KCl,S0,S1,text-embedding-3-large,S_final
S0-S3,gemini-3.1-flash-lite,S0→S1,0,1,C->C,0.6942939549684524,0.6927053670088451,Correct,Correct,45,1,Organic solvents,S0,S1,text-embedding-3-large,S_final
S0-S3,gemini-3.1-flash-lite,S0→S1,0,1,C->C,0.6943492074807485,0.683837041258812,Correct,Correct,46,1,Organic solvents,S0,S1,text-embedding-3-large,S_final
S0-S3,gemini-3.1-flash-lite,S0→S1,0,1,C->C,0.6995527684688568,0.6930558870236078,Correct,Correct,47,1,Organic solvents,S0,S1,text-embedding-3-large,S_final
S0-S3,gemini-3.1-flash-lite,S0→S1,0,1,C->C,0.5827181339263915,0.5863373458385468,Correct,Correct,47,2,Organic solvents,S0,S1,text-embedding-3-large,S_final
S0-S3,gemini-3.1-flash-lite,S0→S1,0,1,C->C,0.5574294785658518,0.5393929322560628,Correct,Correct,49,1,B(OH)₃ + AgNO₃,S0,S1,text-embedding-3-large,S_final
S0-S3,gemini-3.1-flash-lite,S0→S1,0,1,C->C,0.7370267907778422,0.7304824958244959,Correct,Correct,52,1,KB(OH)₄,S0,S1,text-embedding-3-large,S_final
S0-S3,gemini-3.1-flash-lite,S0→S1,0,1,C->C,0.6159535616636276,0.6231792757908502,Correct,Correct,53,2,EtOH/H₂O,S0,S1,text-embedding-3-large,S_final
S0-S3,gemini-3.1-flash-lite,S0→S1,0,1,C->C,0.6102760116259257,0.6447882016499836,Correct,Correct,54,2,EtOH/H₂O,S0,S1,text-embedding-3-large,S_final
S0-S3,gemini-3.1-flash-lite,S0→S1,0,1,C->C,0.6283682654301325,0.6766896088918051,Correct,Correct,55,2,EtOH/H₂O,S0,S1,text-embedding-3-large,S_final
S0-S3,gemini-3.1-flash-lite,S0→S1,0,1,C->C,0.574550195535024,0.5496937781572342,Correct,Correct,58,2,EtOH/H₂O,S0,S1,text-embedding-3-large,S_final
S0-S3,gemini-3.1-flash-lite,S0→S1,0,1,C->C,0.5825600624084473,0.581570158402125,Correct,Correct,59,2,EtOH/H₂O,S0,S1,text-embedding-3-large,S_final
S0-S3,gemini-3.1-flash-lite,S0→S1,0,1,C->C,0.5947231749693552,0.5996749997138977,Correct,Correct,60,2,EtOH/H₂O,S0,S1,text-embedding-3-large,S_final
S0-S3,gemini-3.1-flash-lite,S0→S1,0,1,C->C,0.6153274108966191,0.6267387792468071,Correct,Correct,61,2,EtOH/H₂O,S0,S1,text-embedding-3-large,S_final
S0-S3,gemini-3.1-flash-lite,S0→S1,0,1,C->C,0.6105347553888957,0.619509381055832,Correct,Correct,64,1,KCl,S0,S1,text-embedding-3-large,S_final
S0-S3,gemini-3.1-flash-lite,S0→S1,0,1,C->C,0.6315778990586598,0.5973923047383626,Correct,Correct,64,2,NaB(OH)₄,S0,S1,text-embedding-3-large,S_final
S0-S3,gemini-3.1-flash-lite,S0→S1,0,1,C->W,0.7399690260489781,0.6829587668180466,Correct,Wrong,3,1,Tb(NO₃)₃ or Eu(NO₃)₃,S0,S1,text-embedding-3-large,S_final
S0-S3,gemini-3.1-flash-lite,S0→S1,0,1,C->W,0.7232330262660979,0.7039473156134287,Correct,Wrong,4,1,LiCl,S0,S1,text-embedding-3-large,S_final
S0-S3,gemini-3.1-flash-lite,S0→S1,0,1,C->W,0.7249809165795643,0.6769847840070723,Correct,Wrong,4,2,NaCl,S0,S1,text-embedding-3-large,S_final
S0-S3,gemini-3.1-flash-lite,S0→S1,0,1,C->W,0.6339412937561671,0.6164003888765971,Correct,Wrong,6,2,NaCl,S0,S1,text-embedding-3-large,S_final
S0-S3,gemini-3.1-flash-lite,S0→S1,0,1,C->W,0.6945177257061004,0.6172914534807205,Correct,Wrong,8,3,KCl,S0,S1,text-embedding-3-large,S_final
S0-S3,gemini-3.1-flash-lite,S0→S1,0,1,C->W,0.5854953477780024,0.5187883630394935,Correct,Wrong,8,4,KCl,S0,S1,text-embedding-3-large,S_final
S0-S3,gemini-3.1-flash-lite,S0→S1,0,1,C->W,0.6409198075532913,0.6017173498868942,Correct,Wrong,10,1,H₂O,S0,S1,text-embedding-3-large,S_final
S0-S3,gemini-3.1-flash-lite,S0→S1,0,1,C->W,0.6658556977907817,0.6025441437959671,Correct,Wrong,10,2,PBS,S0,S1,text-embedding-3-large,S_final
S0-S3,gemini-3.1-flash-lite,S0→S1,0,1,C->W,0.7614818572998047,0.7105775197347004,Correct,Wrong,13,1,H₂O,S0,S1,text-embedding-3-large,S_final
S0-S3,gemini-3.1-flash-lite,S0→S1,0,1,C->W,0.724622717499733,0.7163141359885533,Correct,Wrong,20,1,EtOH/H₂O,S0,S1,text-embedding-3-large,S_final
S0-S3,gemini-3.1-flash-lite,S0→S1,0,1,C->W,0.5855828156073888,0.581167467435201,Correct,Wrong,27,1,NaOH,S0,S1,text-embedding-3-large,S_final
S0-S3,gemini-3.1-flash-lite,S0→S1,0,1,C->W,0.6200381716092428,0.5941392272710799,Correct,Wrong,29,1,NaOH,S0,S1,text-embedding-3-large,S_final
S0-S3,gemini-3.1-flash-lite,S0→S1,0,1,C->W,0.655268986026446,0.6032979160547256,Correct,Wrong,40,4,Me₄NCl,S0,S1,text-embedding-3-large,S_final
S0-S3,gemini-3.1-flash-lite,S0→S1,0,1,C->W,0.7061104238033294,0.6677309364080428,Correct,Wrong,41,1,KCl,S0,S1,text-embedding-3-large,S_final
S0-S3,gemini-3.1-flash-lite,S0→S1,0,1,C->W,0.6385613858699798,0.6014144718647003,Correct,Wrong,46,2,Organic solvents,S0,S1,text-embedding-3-large,S_final
S0-S3,gemini-3.1-flash-lite,S0→S1,0,1,C->W,0.6627362598975499,0.6140240242083866,Correct,Wrong,48,1,B(OH)₃ + AgNO₃,S0,S1,text-embedding-3-large,S_final
S0-S3,gemini-3.1-flash-lite,S0→S1,0,1,C->W,0.5419238810737927,0.5278911381959914,Correct,Wrong,50,1,B(OH)₃ + AgNO₃,S0,S1,text-embedding-3-large,S_final
S0-S3,gemini-3.1-flash-lite,S0→S1,0,1,C->W,0.5662341644366582,0.5319424778223037,Correct,Wrong,56,1,H₂O,S0,S1,text-embedding-3-large,S_final
S0-S3,gemini-3.1-flash-lite,S0→S1,0,1,C->W,0.5823511103789011,0.5699115067720413,Correct,Wrong,56,2,EtOH/H₂O,S0,S1,text-embedding-3-large,S_final
S0-S3,gemini-3.1-flash-lite,S0→S1,0,1,W->C,0.6352137466271718,0.6334482759237289,Wrong,Correct,1,2,LiCl,S0,S1,text-embedding-3-large,S_final
S0-S3,gemini-3.1-flash-lite,S0→S1,0,1,W->C,0.5803861379623414,0.5722635507583618,Wrong,Correct,1,3,NaCl,S0,S1,text-embedding-3-large,S_final
S0-S3,gemini-3.1-flash-lite,S0→S1,0,1,W->C,0.6956694602966308,0.7103129158417384,Wrong,Correct,3,2,B(OH)₃ + AgNO₃,S0,S1,text-embedding-3-large,S_final
S0-S3,gemini-3.1-flash-lite,S0→S1,0,1,W->C,0.6507370879252751,0.6876432225108147,Wrong,Correct,5,2,KCl,S0,S1,text-embedding-3-large,S_final
S0-S3,gemini-3.1-flash-lite,S0→S1,0,1,W->C,0.6504887059330939,0.6389744112888972,Wrong,Correct,8,1,LiCl,S0,S1,text-embedding-3-large,S_final
S0-S3,gemini-3.1-flash-lite,S0→S1,0,1,W->C,0.6185114999612172,0.6370676537354788,Wrong,Correct,8,2,NaCl,S0,S1,text-embedding-3-large,S_final
S0-S3,gemini-3.1-flash-lite,S0→S1,0,1,W->C,0.6569615632295608,0.6615576952695846,Wrong,Correct,9,1,LiCl,S0,S1,text-embedding-3-large,S_final
S0-S3,gemini-3.1-flash-lite,S0→S1,0,1,W->C,0.6707210352023442,0.6791739543279012,Wrong,Correct,9,3,NaCl,S0,S1,text-embedding-3-large,S_final
S0-S3,gemini-3.1-flash-lite,S0→S1,0,1,W->C,0.5295941777527332,0.6174580405155817,Wrong,Correct,14,1,H₂O,S0,S1,text-embedding-3-large,S_final
S0-S3,gemini-3.1-flash-lite,S0→S1,0,1,W->C,0.5209604084491729,0.6308535794417063,Wrong,Correct,17,1,H₂O,S0,S1,text-embedding-3-large,S_final
S0-S3,gemini-3.1-flash-lite,S0→S1,0,1,W->C,0.5793545623620351,0.5969230249524116,Wrong,Correct,22,1,EtOH/H₂O,S0,S1,text-embedding-3-large,S_final
S0-S3,gemini-3.1-flash-lite,S0→S1,0,1,W->C,0.6427271336317063,0.6351408650477727,Wrong,Correct,23,1,EtOH/H₂O,S0,S1,text-embedding-3-large,S_final
S0-S3,gemini-3.1-flash-lite,S0→S1,0,1,W->C,0.5775473281741141,0.6083721041679382,Wrong,Correct,24,1,EtOH/H₂O,S0,S1,text-embedding-3-large,S_final
S0-S3,gemini-3.1-flash-lite,S0→S1,0,1,W->C,0.4813399280110995,0.5003349713981151,Wrong,Correct,25,1,NaOH,S0,S1,text-embedding-3-large,S_final
S0-S3,gemini-3.1-flash-lite,S0→S1,0,1,W->C,0.4820057921111583,0.4888624216119448,Wrong,Correct,26,2,KOH,S0,S1,text-embedding-3-large,S_final
S0-S3,gemini-3.1-flash-lite,S0→S1,0,1,W->C,0.5045310333371162,0.4974914039174715,Wrong,Correct,26,3,LiOH,S0,S1,text-embedding-3-large,S_final
S0-S3,gemini-3.1-flash-lite,S0→S1,0,1,W->C,0.4989071793854236,0.516278176009655,Wrong,Correct,27,3,LiOH,S0,S1,text-embedding-3-large,S_final
S0-S3,gemini-3.1-flash-lite,S0→S1,0,1,W->C,0.5623688245813051,0.6026994506518046,Wrong,Correct,32,1,H₂O,S0,S1,text-embedding-3-large,S_final
S0-S3,gemini-3.1-flash-lite,S0→S1,0,1,W->C,0.5734192421038945,0.5973426828781764,Wrong,Correct,33,1,H₂O,S0,S1,text-embedding-3-large,S_final
S0-S3,gemini-3.1-flash-lite,S0→S1,0,1,W->C,0.5050913378596306,0.5264134615659714,Wrong,Correct,48,2,B(OH)₃ + other ions,S0,S1,text-embedding-3-large,S_final
S0-S3,gemini-3.1-flash-lite,S0→S1,0,1,W->C,0.6442678411801656,0.6855993876854578,Wrong,Correct,51,1,KB(OH)₄,S0,S1,text-embedding-3-large,S_final
S0-S3,gemini-3.1-flash-lite,S0→S1,0,1,W->C,0.5766295234362285,0.5432011052966118,Wrong,Correct,53,1,H₂O,S0,S1,text-embedding-3-large,S_final
S0-S3,gemini-3.1-flash-lite,S0→S1,0,1,W->C,0.4553975934783618,0.4616719742616017,Wrong,Correct,54,1,H₂O,S0,S1,text-embedding-3-large,S_final
S0-S3,gemini-3.1-flash-lite,S0→S1,0,1,W->C,0.41602683365345,0.4699955855806668,Wrong,Correct,57,1,H₂O,S0,S1,text-embedding-3-large,S_final
S0-S3,gemini-3.1-flash-lite,S0→S1,0,1,W->C,0.5129307071367899,0.5475778460502624,Wrong,Correct,58,1,H₂O,S0,S1,text-embedding-3-large,S_final
S0-S3,gemini-3.1-flash-lite,S0→S1,0,1,W->C,0.4729728187123934,0.5096789260705311,Wrong,Correct,59,1,H₂O,S0,S1,text-embedding-3-large,S_final
S0-S3,gemini-3.1-flash-lite,S0→S1,0,1,W->C,0.4266984725991884,0.4346459920207659,Wrong,Correct,60,1,H₂O,S0,S1,text-embedding-3-large,S_final
S0-S3,gemini-3.1-flash-lite,S0→S1,0,1,W->C,0.4560017754634221,0.4838656470179557,Wrong,Correct,61,1,H₂O,S0,S1,text-embedding-3-large,S_final
S0-S3,gemini-3.1-flash-lite,S0→S1,0,1,W->C,0.5401743362347284,0.5910687506198883,Wrong,Correct,62,1,H₂O,S0,S1,text-embedding-3-large,S_final
S0-S3,gemini-3.1-flash-lite,S0→S1,0,1,W->C,0.558802275856336,0.6023100465536118,Wrong,Correct,62,2,EtOH/H₂O,S0,S1,text-embedding-3-large,S_final
S0-S3,gemini-3.1-flash-lite,S0→S1,0,1,W->C,0.5655396292606989,0.5978870232899983,Wrong,Correct,63,1,H₂O,S0,S1,text-embedding-3-large,S_final
S0-S3,gemini-3.1-flash-lite,S0→S1,0,1,W->C,0.5485878080129624,0.5853278497854869,Wrong,Correct,63,2,EtOH/H₂O,S0,S1,text-embedding-3-large,S_final
S0-S3,gemini-3.1-flash-lite,S0→S1,0,1,W->W,0.6317593653996786,0.5862868865331015,Wrong,Wrong,1,5,KB(OH)₄,S0,S1,text-embedding-3-large,S_final
S0-S3,gemini-3.1-flash-lite,S0→S1,0,1,W->W,0.7007204368710518,0.6575010389089584,Wrong,Wrong,5,1,LiCl,S0,S1,text-embedding-3-large,S_final
S0-S3,gemini-3.1-flash-lite,S0→S1,0,1,W->W,0.734845532476902,0.7350955069065094,Wrong,Wrong,7,1,LiCl,S0,S1,text-embedding-3-large,S_final
S0-S3,gemini-3.1-flash-lite,S0→S1,0,1,W->W,0.7261832237243651,0.704966867963473,Wrong,Wrong,7,2,NaCl,S0,S1,text-embedding-3-large,S_final
S0-S3,gemini-3.1-flash-lite,S0→S1,0,1,W->W,0.6112383176883062,0.60389497478803,Wrong,Wrong,7,3,KCl + NaCl,S0,S1,text-embedding-3-large,S_final
S0-S3,gemini-3.1-flash-lite,S0→S1,0,1,W->W,0.6061580777168274,0.5854722306132316,Wrong,Wrong,7,6,KCl,S0,S1,text-embedding-3-large,S_final
S0-S3,gemini-3.1-flash-lite,S0→S1,0,1,W->W,0.6641214927037556,0.6933445533116659,Wrong,Wrong,7,7,KCl,S0,S1,text-embedding-3-large,S_final
S0-S3,gemini-3.1-flash-lite,S0→S1,0,1,W->W,0.5843215664227803,0.5649063766002654,Wrong,Wrong,7,10,KB(OH)₄,S0,S1,text-embedding-3-large,S_final
S0-S3,gemini-3.1-flash-lite,S0→S1,0,1,W->W,0.6518253276745478,0.6576106945673624,Wrong,Wrong,7,11,LiB(OH)₄,S0,S1,text-embedding-3-large,S_final
S0-S3,gemini-3.1-flash-lite,S0→S1,0,1,W->W,0.669863584637642,0.6348482231299082,Wrong,Wrong,9,2,KCl,S0,S1,text-embedding-3-large,S_final
S0-S3,gemini-3.1-flash-lite,S0→S1,0,1,W->W,0.5310568258166314,0.505147769053777,Wrong,Wrong,11,1,H₂O,S0,S1,text-embedding-3-large,S_final
S0-S3,gemini-3.1-flash-lite,S0→S1,0,1,W->W,0.5482018207510312,0.4764787904918193,Wrong,Wrong,12,1,H₂O,S0,S1,text-embedding-3-large,S_final
S0-S3,gemini-3.1-flash-lite,S0→S1,0,1,W->W,0.558265197277069,0.5692499846220016,Wrong,Wrong,13,3,acidic pH + benzyl amine,S0,S1,text-embedding-3-large,S_final
S0-S3,gemini-3.1-flash-lite,S0→S1,0,1,W->W,0.4289773394664128,0.5421362032492956,Wrong,Wrong,15,1,H₂O,S0,S1,text-embedding-3-large,S_final
S0-S3,gemini-3.1-flash-lite,S0→S1,0,1,W->W,0.56379982928435,0.557910759250323,Wrong,Wrong,28,1,NaOH,S0,S1,text-embedding-3-large,S_final
S0-S3,gemini-3.1-flash-lite,S0→S1,0,1,W->W,0.5587588687737782,0.5666511088609695,Wrong,Wrong,35,1,H₂O,S0,S1,text-embedding-3-large,S_final
S0-S3,gemini-3.1-flash-lite,S0→S1,0,1,W->W,0.5794771830240886,0.5791044533252716,Wrong,Wrong,36,2,KCl,S0,S1,text-embedding-3-large,S_final
S0-S3,gemini-3.1-flash-lite,S0→S1,0,1,W->W,0.5810482025146484,0.5398845632870992,Wrong,Wrong,37,1,KCl + NaCl,S0,S1,text-embedding-3-large,S_final
S0-S3,gemini-3.1-flash-lite,S0→S1,0,1,W->W,0.4027658874789874,0.4002872442205746,Wrong,Wrong,38,1,KCl + NaCl,S0,S1,text-embedding-3-large,S_final
S0-S3,gemini-3.1-flash-lite,S0→S1,0,1,W->W,0.3849766284227371,0.3891720707217851,Wrong,Wrong,38,2,KCl,S0,S1,text-embedding-3-large,S_final
S0-S3,gemini-3.1-flash-lite,S0→S1,0,1,W->W,0.4944953821599483,0.5095377708474794,Wrong,Wrong,39,1,NaCl,S0,S1,text-embedding-3-large,S_final
S0-S3,gemini-3.1-flash-lite,S0→S1,0,1,W->W,0.6417786757151286,0.6291246871153513,Wrong,Wrong,40,5,Borate buffer,S0,S1,text-embedding-3-large,S_final
S0-S3,gemini-3.1-flash-lite,S0→S1,0,1,W->W,0.572868737578392,0.5227417637904485,Wrong,Wrong,42,1,KCl,S0,S1,text-embedding-3-large,S_final
S0-S3,gemini-3.1-flash-lite,S0→S1,0,1,W->W,0.5476090510686239,0.5835199117660522,Wrong,Wrong,43,1,KCl,S0,S1,text-embedding-3-large,S_final
S0-S3,gemini-3.1-flash-lite,S0→S1,0,1,W->W,0.6510756681362788,0.6439678609371184,Wrong,Wrong,44,1,KCl,S0,S1,text-embedding-3-large,S_final
S0-S3,gemini-3.1-flash-lite,S0→S1,0,1,W->W,0.4701887776454289,0.5001575807730356,Wrong,Wrong,45,2,Organic solvents,S0,S1,text-embedding-3-large,S_final
S0-S3,gemini-3.1-flash-lite,S0→S1,0,1,W->W,0.4850770642360051,0.4947506020466486,Wrong,Wrong,45,3,Organic solvents,S0,S1,text-embedding-3-large,S_final
S0-S3,gemini-3.1-flash-lite,S0→S1,0,1,W->W,0.4987493455410003,0.5648864577213922,Wrong,Wrong,55,1,H₂O,S0,S1,text-embedding-3-large,S_final
S0-S3,gemini-3.1-flash-lite,S0→S1,0,1,W->W,0.3576371123393376,0.3878698572516441,Wrong,Wrong,57,2,EtOH/H₂O,S0,S1,text-embedding-3-large,S_final
S0-S3,gemini-3.1-flash-lite,S1→S2,1,2,C->C,0.7376123994588851,0.7136924972136817,Correct,Correct,1,1,Tb(NO₃)₃ or Dy(NO₃)₃,S1,S2,text-embedding-3-large,S_final
S0-S3,gemini-3.1-flash-lite,S1→S2,1,2,C->C,0.6334482759237289,0.6230186730623245,Correct,Correct,1,2,LiCl,S1,S2,text-embedding-3-large,S_final
S0-S3,gemini-3.1-flash-lite,S1→S2,1,2,C->C,0.5722635507583618,0.5903279542922973,Correct,Correct,1,3,NaCl,S1,S2,text-embedding-3-large,S_final
S0-S3,gemini-3.1-flash-lite,S1→S2,1,2,C->C,0.6691523750623066,0.6894228041172027,Correct,Correct,1,4,KCl,S1,S2,text-embedding-3-large,S_final
S0-S3,gemini-3.1-flash-lite,S1→S2,1,2,C->C,0.7059831937154134,0.7089251637458801,Correct,Correct,2,1,Tb(NO₃)₃ or Eu(NO₃)₃,S1,S2,text-embedding-3-large,S_final
S0-S3,gemini-3.1-flash-lite,S1→S2,1,2,C->C,0.7103129158417384,0.7295402844746907,Correct,Correct,3,2,B(OH)₃ + AgNO₃,S1,S2,text-embedding-3-large,S_final
S0-S3,gemini-3.1-flash-lite,S1→S2,1,2,C->C,0.6540777146816253,0.6697369575500488,Correct,Correct,4,3,KCl,S1,S2,text-embedding-3-large,S_final
S0-S3,gemini-3.1-flash-lite,S1→S2,1,2,C->C,0.6876432225108147,0.7044974486033121,Correct,Correct,5,2,KCl,S1,S2,text-embedding-3-large,S_final
S0-S3,gemini-3.1-flash-lite,S1→S2,1,2,C->C,0.7147820457816123,0.7069244315226872,Correct,Correct,5,3,NaCl,S1,S2,text-embedding-3-large,S_final
S0-S3,gemini-3.1-flash-lite,S1→S2,1,2,C->C,0.6982870767513911,0.6979989578326542,Correct,Correct,6,1,LiCl,S1,S2,text-embedding-3-large,S_final
S0-S3,gemini-3.1-flash-lite,S1→S2,1,2,C->C,0.6803794016440708,0.6888035098711649,Correct,Correct,6,3,KCl,S1,S2,text-embedding-3-large,S_final
S0-S3,gemini-3.1-flash-lite,S1→S2,1,2,C->C,0.6278070350488026,0.6513215432564418,Correct,Correct,7,4,KCl,S1,S2,text-embedding-3-large,S_final
S0-S3,gemini-3.1-flash-lite,S1→S2,1,2,C->C,0.6653736362854639,0.6716622879107792,Correct,Correct,7,5,KCl,S1,S2,text-embedding-3-large,S_final
S0-S3,gemini-3.1-flash-lite,S1→S2,1,2,C->C,0.6859825154145557,0.700897780060768,Correct,Correct,7,8,KCl + TAcG,S1,S2,text-embedding-3-large,S_final
S0-S3,gemini-3.1-flash-lite,S1→S2,1,2,C->C,0.7240442971388498,0.7137657105922699,Correct,Correct,7,9,KB(OH)₄,S1,S2,text-embedding-3-large,S_final
S0-S3,gemini-3.1-flash-lite,S1→S2,1,2,C->C,0.6389744112888972,0.6402837246656418,Correct,Correct,8,1,LiCl,S1,S2,text-embedding-3-large,S_final
S0-S3,gemini-3.1-flash-lite,S1→S2,1,2,C->C,0.6370676537354788,0.6403859833876292,Correct,Correct,8,2,NaCl,S1,S2,text-embedding-3-large,S_final
S0-S3,gemini-3.1-flash-lite,S1→S2,1,2,C->C,0.6615576952695846,0.6552128672599793,Correct,Correct,9,1,LiCl,S1,S2,text-embedding-3-large,S_final
S0-S3,gemini-3.1-flash-lite,S1→S2,1,2,C->C,0.6791739543279012,0.6616799831390381,Correct,Correct,9,3,NaCl,S1,S2,text-embedding-3-large,S_final
S0-S3,gemini-3.1-flash-lite,S1→S2,1,2,C->C,0.5491899381081263,0.5281347259879112,Correct,Correct,13,2,acidic pH,S1,S2,text-embedding-3-large,S_final
S0-S3,gemini-3.1-flash-lite,S1→S2,1,2,C->C,0.6174580405155817,0.6393480966488521,Correct,Correct,14,1,H₂O,S1,S2,text-embedding-3-large,S_final
S0-S3,gemini-3.1-flash-lite,S1→S2,1,2,C->C,0.7090061595042546,0.724283097187678,Correct,Correct,16,1,H₂O,S1,S2,text-embedding-3-large,S_final
S0-S3,gemini-3.1-flash-lite,S1→S2,1,2,C->C,0.6308535794417063,0.6571833362181981,Correct,Correct,17,1,H₂O,S1,S2,text-embedding-3-large,S_final
S0-S3,gemini-3.1-flash-lite,S1→S2,1,2,C->C,0.6981885820627212,0.6910103013118108,Correct,Correct,18,1,H₂O,S1,S2,text-embedding-3-large,S_final
S0-S3,gemini-3.1-flash-lite,S1→S2,1,2,C->C,0.6297900448242822,0.6164806713660558,Correct,Correct,19,1,H₂O,S1,S2,text-embedding-3-large,S_final
S0-S3,gemini-3.1-flash-lite,S1→S2,1,2,C->C,0.636653658747673,0.6270941605170567,Correct,Correct,21,1,EtOH/H₂O,S1,S2,text-embedding-3-large,S_final
S0-S3,gemini-3.1-flash-lite,S1→S2,1,2,C->C,0.5969230249524116,0.6206066320339838,Correct,Correct,22,1,EtOH/H₂O,S1,S2,text-embedding-3-large,S_final
S0-S3,gemini-3.1-flash-lite,S1→S2,1,2,C->C,0.6351408650477727,0.6495435297489166,Correct,Correct,23,1,EtOH/H₂O,S1,S2,text-embedding-3-large,S_final
S0-S3,gemini-3.1-flash-lite,S1→S2,1,2,C->C,0.6083721041679382,0.6037519385417303,Correct,Correct,24,1,EtOH/H₂O,S1,S2,text-embedding-3-large,S_final
S0-S3,gemini-3.1-flash-lite,S1→S2,1,2,C->C,0.5003349713981151,0.5122210830450058,Correct,Correct,25,1,NaOH,S1,S2,text-embedding-3-large,S_final
S0-S3,gemini-3.1-flash-lite,S1→S2,1,2,C->C,0.5956792622804642,0.5900456130504609,Correct,Correct,25,2,Organic solvents,S1,S2,text-embedding-3-large,S_final
S0-S3,gemini-3.1-flash-lite,S1→S2,1,2,C->C,0.4888624216119448,0.4850986843307812,Correct,Correct,26,2,KOH,S1,S2,text-embedding-3-large,S_final
S0-S3,gemini-3.1-flash-lite,S1→S2,1,2,C->C,0.4974914039174715,0.4878087525566418,Correct,Correct,26,3,LiOH,S1,S2,text-embedding-3-large,S_final
S0-S3,gemini-3.1-flash-lite,S1→S2,1,2,C->C,0.6365687102079391,0.6286635130643844,Correct,Correct,26,4,Organic solvents,S1,S2,text-embedding-3-large,S_final
S0-S3,gemini-3.1-flash-lite,S1→S2,1,2,C->C,0.4919709295034408,0.5106947501500447,Correct,Correct,27,2,KOH,S1,S2,text-embedding-3-large,S_final
S0-S3,gemini-3.1-flash-lite,S1→S2,1,2,C->C,0.516278176009655,0.5077780991792679,Correct,Correct,27,3,LiOH,S1,S2,text-embedding-3-large,S_final
S0-S3,gemini-3.1-flash-lite,S1→S2,1,2,C->C,0.6847079048554102,0.6865779856840769,Correct,Correct,27,4,Organic solvents,S1,S2,text-embedding-3-large,S_final
S0-S3,gemini-3.1-flash-lite,S1→S2,1,2,C->C,0.4500149096051851,0.4164043597877025,Correct,Correct,28,2,Organic solvents,S1,S2,text-embedding-3-large,S_final
S0-S3,gemini-3.1-flash-lite,S1→S2,1,2,C->C,0.4289377078413963,0.4574164589246113,Correct,Correct,29,2,Organic solvents,S1,S2,text-embedding-3-large,S_final
S0-S3,gemini-3.1-flash-lite,S1→S2,1,2,C->C,0.5999687115351359,0.5781600435574848,Correct,Correct,30,1,NaOH,S1,S2,text-embedding-3-large,S_final
S0-S3,gemini-3.1-flash-lite,S1→S2,1,2,C->C,0.4528058027227719,0.4608742982149124,Correct,Correct,30,2,Organic solvents,S1,S2,text-embedding-3-large,S_final
S0-S3,gemini-3.1-flash-lite,S1→S2,1,2,C->C,0.6026994506518046,0.6226472715536754,Correct,Correct,32,1,H₂O,S1,S2,text-embedding-3-large,S_final
S0-S3,gemini-3.1-flash-lite,S1→S2,1,2,C->C,0.5973426828781764,0.6022299061218898,Correct,Correct,33,1,H₂O,S1,S2,text-embedding-3-large,S_final
S0-S3,gemini-3.1-flash-lite,S1→S2,1,2,C->C,0.6029580454031627,0.5659463773171107,Correct,Correct,34,1,H₂O,S1,S2,text-embedding-3-large,S_final
S0-S3,gemini-3.1-flash-lite,S1→S2,1,2,C->C,0.6860255827506383,0.6755139450232187,Correct,Correct,36,1,NaCl,S1,S2,text-embedding-3-large,S_final
S0-S3,gemini-3.1-flash-lite,S1→S2,1,2,C->C,0.5459672694404919,0.5624955346186956,Correct,Correct,36,3,NaCl + TAcG,S1,S2,text-embedding-3-large,S_final
S0-S3,gemini-3.1-flash-lite,S1→S2,1,2,C->C,0.635456328590711,0.6490975648164748,Correct,Correct,37,2,KCl,S1,S2,text-embedding-3-large,S_final
S0-S3,gemini-3.1-flash-lite,S1→S2,1,2,C->C,0.7531149158875148,0.7523643314838409,Correct,Correct,39,2,KCl,S1,S2,text-embedding-3-large,S_final
S0-S3,gemini-3.1-flash-lite,S1→S2,1,2,C->C,0.6939376165469486,0.6611592431863148,Correct,Correct,40,1,KCl,S1,S2,text-embedding-3-large,S_final
S0-S3,gemini-3.1-flash-lite,S1→S2,1,2,C->C,0.6663731227318445,0.6689317812522253,Correct,Correct,40,2,NaCl,S1,S2,text-embedding-3-large,S_final
S0-S3,gemini-3.1-flash-lite,S1→S2,1,2,C->C,0.6035837044318516,0.6152014613151551,Correct,Correct,40,3,NH₄Cl,S1,S2,text-embedding-3-large,S_final
S0-S3,gemini-3.1-flash-lite,S1→S2,1,2,C->C,0.6439364324013392,0.646456030011177,Correct,Correct,40,6,KCl,S1,S2,text-embedding-3-large,S_final
S0-S3,gemini-3.1-flash-lite,S1→S2,1,2,C->C,0.6927053670088451,0.694357540210088,Correct,Correct,45,1,Organic solvents,S1,S2,text-embedding-3-large,S_final
S0-S3,gemini-3.1-flash-lite,S1→S2,1,2,C->C,0.683837041258812,0.680733839670817,Correct,Correct,46,1,Organic solvents,S1,S2,text-embedding-3-large,S_final
S0-S3,gemini-3.1-flash-lite,S1→S2,1,2,C->C,0.6930558870236078,0.6747949500878652,Correct,Correct,47,1,Organic solvents,S1,S2,text-embedding-3-large,S_final
S0-S3,gemini-3.1-flash-lite,S1→S2,1,2,C->C,0.5863373458385468,0.5764331142107646,Correct,Correct,47,2,Organic solvents,S1,S2,text-embedding-3-large,S_final
S0-S3,gemini-3.1-flash-lite,S1→S2,1,2,C->C,0.5393929322560628,0.5855246106783549,Correct,Correct,49,1,B(OH)₃ + AgNO₃,S1,S2,text-embedding-3-large,S_final
S0-S3,gemini-3.1-flash-lite,S1→S2,1,2,C->C,0.6855993876854578,0.6901072283585865,Correct,Correct,51,1,KB(OH)₄,S1,S2,text-embedding-3-large,S_final
S0-S3,gemini-3.1-flash-lite,S1→S2,1,2,C->C,0.7304824958244959,0.7301184217135112,Correct,Correct,52,1,KB(OH)₄,S1,S2,text-embedding-3-large,S_final
S0-S3,gemini-3.1-flash-lite,S1→S2,1,2,C->C,0.5432011052966118,0.5393880769610405,Correct,Correct,53,1,H₂O,S1,S2,text-embedding-3-large,S_final
S0-S3,gemini-3.1-flash-lite,S1→S2,1,2,C->C,0.6231792757908502,0.6146102786064147,Correct,Correct,53,2,EtOH/H₂O,S1,S2,text-embedding-3-large,S_final
S0-S3,gemini-3.1-flash-lite,S1→S2,1,2,C->C,0.4616719742616017,0.4231786926587422,Correct,Correct,54,1,H₂O,S1,S2,text-embedding-3-large,S_final
S0-S3,gemini-3.1-flash-lite,S1→S2,1,2,C->C,0.6447882016499836,0.6364334712425866,Correct,Correct,54,2,EtOH/H₂O,S1,S2,text-embedding-3-large,S_final
S0-S3,gemini-3.1-flash-lite,S1→S2,1,2,C->C,0.6766896088918051,0.6629508694012959,Correct,Correct,55,2,EtOH/H₂O,S1,S2,text-embedding-3-large,S_final
S0-S3,gemini-3.1-flash-lite,S1→S2,1,2,C->C,0.4699955855806668,0.4471499909957249,Correct,Correct,57,1,H₂O,S1,S2,text-embedding-3-large,S_final
S0-S3,gemini-3.1-flash-lite,S1→S2,1,2,C->C,0.5475778460502624,0.5502758165200551,Correct,Correct,58,1,H₂O,S1,S2,text-embedding-3-large,S_final
S0-S3,gemini-3.1-flash-lite,S1→S2,1,2,C->C,0.5496937781572342,0.5684984664122262,Correct,Correct,58,2,EtOH/H₂O,S1,S2,text-embedding-3-large,S_final
S0-S3,gemini-3.1-flash-lite,S1→S2,1,2,C->C,0.5096789260705311,0.5140812908609708,Correct,Correct,59,1,H₂O,S1,S2,text-embedding-3-large,S_final
S0-S3,gemini-3.1-flash-lite,S1→S2,1,2,C->C,0.581570158402125,0.5909505645434061,Correct,Correct,59,2,EtOH/H₂O,S1,S2,text-embedding-3-large,S_final
S0-S3,gemini-3.1-flash-lite,S1→S2,1,2,C->C,0.4346459920207659,0.4812549447019894,Correct,Correct,60,1,H₂O,S1,S2,text-embedding-3-large,S_final
S0-S3,gemini-3.1-flash-lite,S1→S2,1,2,C->C,0.5996749997138977,0.6000629882017771,Correct,Correct,60,2,EtOH/H₂O,S1,S2,text-embedding-3-large,S_final
S0-S3,gemini-3.1-flash-lite,S1→S2,1,2,C->C,0.4838656470179557,0.4708120455344518,Correct,Correct,61,1,H₂O,S1,S2,text-embedding-3-large,S_final
S0-S3,gemini-3.1-flash-lite,S1→S2,1,2,C->C,0.6267387792468071,0.6288233071565628,Correct,Correct,61,2,EtOH/H₂O,S1,S2,text-embedding-3-large,S_final
S0-S3,gemini-3.1-flash-lite,S1→S2,1,2,C->C,0.5910687506198883,0.5822145114342371,Correct,Correct,62,1,H₂O,S1,S2,text-embedding-3-large,S_final
S0-S3,gemini-3.1-flash-lite,S1→S2,1,2,C->C,0.6023100465536118,0.583055724700292,Correct,Correct,62,2,EtOH/H₂O,S1,S2,text-embedding-3-large,S_final
S0-S3,gemini-3.1-flash-lite,S1→S2,1,2,C->C,0.5978870232899983,0.5692892332871754,Correct,Correct,63,1,H₂O,S1,S2,text-embedding-3-large,S_final
S0-S3,gemini-3.1-flash-lite,S1→S2,1,2,C->C,0.5853278497854869,0.6068468282620111,Correct,Correct,63,2,EtOH/H₂O,S1,S2,text-embedding-3-large,S_final
S0-S3,gemini-3.1-flash-lite,S1→S2,1,2,C->C,0.619509381055832,0.6060143242279689,Correct,Correct,64,1,KCl,S1,S2,text-embedding-3-large,S_final
S0-S3,gemini-3.1-flash-lite,S1→S2,1,2,C->C,0.5973923047383626,0.6017986983060837,Correct,Correct,64,2,NaB(OH)₄,S1,S2,text-embedding-3-large,S_final
S0-S3,gemini-3.1-flash-lite,S1→S2,1,2,C->W,0.5949770629405975,0.6070794999599456,Correct,Wrong,26,1,NaOH,S1,S2,text-embedding-3-large,S_final
S0-S3,gemini-3.1-flash-lite,S1→S2,1,2,C->W,0.6532415196299552,0.6518156548341115,Correct,Wrong,31,1,H₂O,S1,S2,text-embedding-3-large,S_final
S0-S3,gemini-3.1-flash-lite,S1→S2,1,2,C->W,0.5264134615659714,0.5451055953900019,Correct,Wrong,48,2,B(OH)₃ + other ions,S1,S2,text-embedding-3-large,S_final
S0-S3,gemini-3.1-flash-lite,S1→S2,1,2,W->C,0.5862868865331015,0.6312394221623738,Wrong,Correct,1,5,KB(OH)₄,S1,S2,text-embedding-3-large,S_final
S0-S3,gemini-3.1-flash-lite,S1→S2,1,2,W->C,0.6829587668180466,0.6309722105662027,Wrong,Correct,3,1,Tb(NO₃)₃ or Eu(NO₃)₃,S1,S2,text-embedding-3-large,S_final
S0-S3,gemini-3.1-flash-lite,S1→S2,1,2,W->C,0.7039473156134287,0.693436986207962,Wrong,Correct,4,1,LiCl,S1,S2,text-embedding-3-large,S_final
S0-S3,gemini-3.1-flash-lite,S1→S2,1,2,W->C,0.6769847840070723,0.6940568506717681,Wrong,Correct,4,2,NaCl,S1,S2,text-embedding-3-large,S_final
S0-S3,gemini-3.1-flash-lite,S1→S2,1,2,W->C,0.4764787904918193,0.4976381803552309,Wrong,Correct,12,1,H₂O,S1,S2,text-embedding-3-large,S_final
S0-S3,gemini-3.1-flash-lite,S1→S2,1,2,W->C,0.5941392272710799,0.6111356630921363,Wrong,Correct,29,1,NaOH,S1,S2,text-embedding-3-large,S_final
S0-S3,gemini-3.1-flash-lite,S1→S2,1,2,W->C,0.6677309364080428,0.6926796957850456,Wrong,Correct,41,1,KCl,S1,S2,text-embedding-3-large,S_final
S0-S3,gemini-3.1-flash-lite,S1→S2,1,2,W->C,0.4947506020466486,0.5435739181935787,Wrong,Correct,45,3,Organic solvents,S1,S2,text-embedding-3-large,S_final
S0-S3,gemini-3.1-flash-lite,S1→S2,1,2,W->C,0.6014144718647003,0.632934624950091,Wrong,Correct,46,2,Organic solvents,S1,S2,text-embedding-3-large,S_final
S0-S3,gemini-3.1-flash-lite,S1→S2,1,2,W->C,0.6140240242083866,0.6474968532721201,Wrong,Correct,48,1,B(OH)₃ + AgNO₃,S1,S2,text-embedding-3-large,S_final
S0-S3,gemini-3.1-flash-lite,S1→S2,1,2,W->C,0.5278911381959914,0.5597536394993464,Wrong,Correct,50,1,B(OH)₃ + AgNO₃,S1,S2,text-embedding-3-large,S_final
S0-S3,gemini-3.1-flash-lite,S1→S2,1,2,W->C,0.5699115067720413,0.5686815157532692,Wrong,Correct,56,2,EtOH/H₂O,S1,S2,text-embedding-3-large,S_final
S0-S3,gemini-3.1-flash-lite,S1→S2,1,2,W->W,0.6575010389089584,0.6592985302209854,Wrong,Wrong,5,1,LiCl,S1,S2,text-embedding-3-large,S_final
S0-S3,gemini-3.1-flash-lite,S1→S2,1,2,W->W,0.6164003888765971,0.616587170958519,Wrong,Wrong,6,2,NaCl,S1,S2,text-embedding-3-large,S_final
S0-S3,gemini-3.1-flash-lite,S1→S2,1,2,W->W,0.7350955069065094,0.7176850855350495,Wrong,Wrong,7,1,LiCl,S1,S2,text-embedding-3-large,S_final
S0-S3,gemini-3.1-flash-lite,S1→S2,1,2,W->W,0.704966867963473,0.7119518876075744,Wrong,Wrong,7,2,NaCl,S1,S2,text-embedding-3-large,S_final
S0-S3,gemini-3.1-flash-lite,S1→S2,1,2,W->W,0.60389497478803,0.6096655021111169,Wrong,Wrong,7,3,KCl + NaCl,S1,S2,text-embedding-3-large,S_final
S0-S3,gemini-3.1-flash-lite,S1→S2,1,2,W->W,0.5854722306132316,0.5966659396886825,Wrong,Wrong,7,6,KCl,S1,S2,text-embedding-3-large,S_final
S0-S3,gemini-3.1-flash-lite,S1→S2,1,2,W->W,0.6933445533116659,0.6819865981737773,Wrong,Wrong,7,7,KCl,S1,S2,text-embedding-3-large,S_final
S0-S3,gemini-3.1-flash-lite,S1→S2,1,2,W->W,0.5649063766002654,0.5864262700080872,Wrong,Wrong,7,10,KB(OH)₄,S1,S2,text-embedding-3-large,S_final
S0-S3,gemini-3.1-flash-lite,S1→S2,1,2,W->W,0.6576106945673624,0.670994445681572,Wrong,Wrong,7,11,LiB(OH)₄,S1,S2,text-embedding-3-large,S_final
S0-S3,gemini-3.1-flash-lite,S1→S2,1,2,W->W,0.6172914534807205,0.6396992603937784,Wrong,Wrong,8,3,KCl,S1,S2,text-embedding-3-large,S_final
S0-S3,gemini-3.1-flash-lite,S1→S2,1,2,W->W,0.5187883630394935,0.5205990687012673,Wrong,Wrong,8,4,KCl,S1,S2,text-embedding-3-large,S_final
S0-S3,gemini-3.1-flash-lite,S1→S2,1,2,W->W,0.6348482231299082,0.6660589208205542,Wrong,Wrong,9,2,KCl,S1,S2,text-embedding-3-large,S_final
S0-S3,gemini-3.1-flash-lite,S1→S2,1,2,W->W,0.6017173498868942,0.6014700551827747,Wrong,Wrong,10,1,H₂O,S1,S2,text-embedding-3-large,S_final
S0-S3,gemini-3.1-flash-lite,S1→S2,1,2,W->W,0.6025441437959671,0.6083922525246938,Wrong,Wrong,10,2,PBS,S1,S2,text-embedding-3-large,S_final
S0-S3,gemini-3.1-flash-lite,S1→S2,1,2,W->W,0.505147769053777,0.4994681641459464,Wrong,Wrong,11,1,H₂O,S1,S2,text-embedding-3-large,S_final
S0-S3,gemini-3.1-flash-lite,S1→S2,1,2,W->W,0.7105775197347004,0.7051905512809753,Wrong,Wrong,13,1,H₂O,S1,S2,text-embedding-3-large,S_final
S0-S3,gemini-3.1-flash-lite,S1→S2,1,2,W->W,0.5692499846220016,0.568899917602539,Wrong,Wrong,13,3,acidic pH + benzyl amine,S1,S2,text-embedding-3-large,S_final
S0-S3,gemini-3.1-flash-lite,S1→S2,1,2,W->W,0.5421362032492956,0.5339333489537239,Wrong,Wrong,15,1,H₂O,S1,S2,text-embedding-3-large,S_final
S0-S3,gemini-3.1-flash-lite,S1→S2,1,2,W->W,0.7163141359885533,0.6973996505141258,Wrong,Wrong,20,1,EtOH/H₂O,S1,S2,text-embedding-3-large,S_final
S0-S3,gemini-3.1-flash-lite,S1→S2,1,2,W->W,0.581167467435201,0.5886136591434478,Wrong,Wrong,27,1,NaOH,S1,S2,text-embedding-3-large,S_final
S0-S3,gemini-3.1-flash-lite,S1→S2,1,2,W->W,0.557910759250323,0.5620928222934404,Wrong,Wrong,28,1,NaOH,S1,S2,text-embedding-3-large,S_final
S0-S3,gemini-3.1-flash-lite,S1→S2,1,2,W->W,0.5666511088609695,0.5650062541166941,Wrong,Wrong,35,1,H₂O,S1,S2,text-embedding-3-large,S_final
S0-S3,gemini-3.1-flash-lite,S1→S2,1,2,W->W,0.5791044533252716,0.5746420880158741,Wrong,Wrong,36,2,KCl,S1,S2,text-embedding-3-large,S_final
S0-S3,gemini-3.1-flash-lite,S1→S2,1,2,W->W,0.5398845632870992,0.5702615439891815,Wrong,Wrong,37,1,KCl + NaCl,S1,S2,text-embedding-3-large,S_final
S0-S3,gemini-3.1-flash-lite,S1→S2,1,2,W->W,0.4002872442205746,0.4031964843471844,Wrong,Wrong,38,1,KCl + NaCl,S1,S2,text-embedding-3-large,S_final
S0-S3,gemini-3.1-flash-lite,S1→S2,1,2,W->W,0.3891720707217851,0.3705820192893346,Wrong,Wrong,38,2,KCl,S1,S2,text-embedding-3-large,S_final
S0-S3,gemini-3.1-flash-lite,S1→S2,1,2,W->W,0.5095377708474794,0.5104079479972521,Wrong,Wrong,39,1,NaCl,S1,S2,text-embedding-3-large,S_final
S0-S3,gemini-3.1-flash-lite,S1→S2,1,2,W->W,0.6032979160547256,0.6153043508529663,Wrong,Wrong,40,4,Me₄NCl,S1,S2,text-embedding-3-large,S_final
S0-S3,gemini-3.1-flash-lite,S1→S2,1,2,W->W,0.6291246871153513,0.6615209023157755,Wrong,Wrong,40,5,Borate buffer,S1,S2,text-embedding-3-large,S_final
S0-S3,gemini-3.1-flash-lite,S1→S2,1,2,W->W,0.5227417637904485,0.5236603791515032,Wrong,Wrong,42,1,KCl,S1,S2,text-embedding-3-large,S_final
S0-S3,gemini-3.1-flash-lite,S1→S2,1,2,W->W,0.5835199117660522,0.5720380410552024,Wrong,Wrong,43,1,KCl,S1,S2,text-embedding-3-large,S_final
S0-S3,gemini-3.1-flash-lite,S1→S2,1,2,W->W,0.6439678609371184,0.6277742197116216,Wrong,Wrong,44,1,KCl,S1,S2,text-embedding-3-large,S_final
S0-S3,gemini-3.1-flash-lite,S1→S2,1,2,W->W,0.5001575807730356,0.5007780348261197,Wrong,Wrong,45,2,Organic solvents,S1,S2,text-embedding-3-large,S_final
S0-S3,gemini-3.1-flash-lite,S1→S2,1,2,W->W,0.5648864577213922,0.5570649524529775,Wrong,Wrong,55,1,H₂O,S1,S2,text-embedding-3-large,S_final
S0-S3,gemini-3.1-flash-lite,S1→S2,1,2,W->W,0.5319424778223037,0.5320949897170066,Wrong,Wrong,56,1,H₂O,S1,S2,text-embedding-3-large,S_final
S0-S3,gemini-3.1-flash-lite,S1→S2,1,2,W->W,0.3878698572516441,0.3671641747156779,Wrong,Wrong,57,2,EtOH/H₂O,S1,S2,text-embedding-3-large,S_final
S0-S3,gemini-3.1-flash-lite,S2→S3,2,3,C->C,0.7136924972136817,0.7102714478969574,Correct,Correct,1,1,Tb(NO₃)₃ or Dy(NO₃)₃,S2,S3,text-embedding-3-large,S_final
S0-S3,gemini-3.1-flash-lite,S2→S3,2,3,C->C,0.6230186730623245,0.6539756218592325,Correct,Correct,1,2,LiCl,S2,S3,text-embedding-3-large,S_final
S0-S3,gemini-3.1-flash-lite,S2→S3,2,3,C->C,0.5903279542922973,0.5956646035114924,Correct,Correct,1,3,NaCl,S2,S3,text-embedding-3-large,S_final
S0-S3,gemini-3.1-flash-lite,S2→S3,2,3,C->C,0.6894228041172027,0.6877845004200935,Correct,Correct,1,4,KCl,S2,S3,text-embedding-3-large,S_final
S0-S3,gemini-3.1-flash-lite,S2→S3,2,3,C->C,0.6312394221623738,0.639184292157491,Correct,Correct,1,5,KB(OH)₄,S2,S3,text-embedding-3-large,S_final
S0-S3,gemini-3.1-flash-lite,S2→S3,2,3,C->C,0.7089251637458801,0.7007601946592331,Correct,Correct,2,1,Tb(NO₃)₃ or Eu(NO₃)₃,S2,S3,text-embedding-3-large,S_final
S0-S3,gemini-3.1-flash-lite,S2→S3,2,3,C->C,0.7295402844746907,0.7649530758460363,Correct,Correct,3,2,B(OH)₃ + AgNO₃,S2,S3,text-embedding-3-large,S_final
S0-S3,gemini-3.1-flash-lite,S2→S3,2,3,C->C,0.693436986207962,0.7353832244873045,Correct,Correct,4,1,LiCl,S2,S3,text-embedding-3-large,S_final
S0-S3,gemini-3.1-flash-lite,S2→S3,2,3,C->C,0.6940568506717681,0.7035127023855846,Correct,Correct,4,2,NaCl,S2,S3,text-embedding-3-large,S_final
S0-S3,gemini-3.1-flash-lite,S2→S3,2,3,C->C,0.7044974486033121,0.7094275787472725,Correct,Correct,5,2,KCl,S2,S3,text-embedding-3-large,S_final
S0-S3,gemini-3.1-flash-lite,S2→S3,2,3,C->C,0.7069244315226872,0.7193000584840773,Correct,Correct,5,3,NaCl,S2,S3,text-embedding-3-large,S_final
S0-S3,gemini-3.1-flash-lite,S2→S3,2,3,C->C,0.6979989578326542,0.7016781131426493,Correct,Correct,6,1,LiCl,S2,S3,text-embedding-3-large,S_final
S0-S3,gemini-3.1-flash-lite,S2→S3,2,3,C->C,0.6888035098711649,0.699836273988088,Correct,Correct,6,3,KCl,S2,S3,text-embedding-3-large,S_final
S0-S3,gemini-3.1-flash-lite,S2→S3,2,3,C->C,0.6513215432564418,0.6279301683108012,Correct,Correct,7,4,KCl,S2,S3,text-embedding-3-large,S_final
S0-S3,gemini-3.1-flash-lite,S2→S3,2,3,C->C,0.6716622879107792,0.674850947658221,Correct,Correct,7,5,KCl,S2,S3,text-embedding-3-large,S_final
S0-S3,gemini-3.1-flash-lite,S2→S3,2,3,C->C,0.700897780060768,0.703099955121676,Correct,Correct,7,8,KCl + TAcG,S2,S3,text-embedding-3-large,S_final
S0-S3,gemini-3.1-flash-lite,S2→S3,2,3,C->C,0.7137657105922699,0.7473484059174855,Correct,Correct,7,9,KB(OH)₄,S2,S3,text-embedding-3-large,S_final
S0-S3,gemini-3.1-flash-lite,S2→S3,2,3,C->C,0.6402837246656418,0.6425556401411692,Correct,Correct,8,1,LiCl,S2,S3,text-embedding-3-large,S_final
S0-S3,gemini-3.1-flash-lite,S2→S3,2,3,C->C,0.6403859833876292,0.6377379010121027,Correct,Correct,8,2,NaCl,S2,S3,text-embedding-3-large,S_final
S0-S3,gemini-3.1-flash-lite,S2→S3,2,3,C->C,0.6552128672599793,0.6697077125310896,Correct,Correct,9,1,LiCl,S2,S3,text-embedding-3-large,S_final
S0-S3,gemini-3.1-flash-lite,S2→S3,2,3,C->C,0.6616799831390381,0.6823099335034688,Correct,Correct,9,3,NaCl,S2,S3,text-embedding-3-large,S_final
S0-S3,gemini-3.1-flash-lite,S2→S3,2,3,C->C,0.4976381803552309,0.4871928468346596,Correct,Correct,12,1,H₂O,S2,S3,text-embedding-3-large,S_final
S0-S3,gemini-3.1-flash-lite,S2→S3,2,3,C->C,0.5281347259879112,0.5419172217448552,Correct,Correct,13,2,acidic pH,S2,S3,text-embedding-3-large,S_final
S0-S3,gemini-3.1-flash-lite,S2→S3,2,3,C->C,0.6393480966488521,0.6287960479656854,Correct,Correct,14,1,H₂O,S2,S3,text-embedding-3-large,S_final
S0-S3,gemini-3.1-flash-lite,S2→S3,2,3,C->C,0.724283097187678,0.6904613713423412,Correct,Correct,16,1,H₂O,S2,S3,text-embedding-3-large,S_final
S0-S3,gemini-3.1-flash-lite,S2→S3,2,3,C->C,0.6571833362181981,0.6254659503698349,Correct,Correct,17,1,H₂O,S2,S3,text-embedding-3-large,S_final
S0-S3,gemini-3.1-flash-lite,S2→S3,2,3,C->C,0.6910103013118108,0.7168912321329116,Correct,Correct,18,1,H₂O,S2,S3,text-embedding-3-large,S_final
S0-S3,gemini-3.1-flash-lite,S2→S3,2,3,C->C,0.6164806713660558,0.6027234663565953,Correct,Correct,19,1,H₂O,S2,S3,text-embedding-3-large,S_final
S0-S3,gemini-3.1-flash-lite,S2→S3,2,3,C->C,0.6206066320339838,0.6133776793877282,Correct,Correct,22,1,EtOH/H₂O,S2,S3,text-embedding-3-large,S_final
S0-S3,gemini-3.1-flash-lite,S2→S3,2,3,C->C,0.6495435297489166,0.6583062926928203,Correct,Correct,23,1,EtOH/H₂O,S2,S3,text-embedding-3-large,S_final
S0-S3,gemini-3.1-flash-lite,S2→S3,2,3,C->C,0.6037519385417303,0.6127790371576946,Correct,Correct,24,1,EtOH/H₂O,S2,S3,text-embedding-3-large,S_final
S0-S3,gemini-3.1-flash-lite,S2→S3,2,3,C->C,0.5122210830450058,0.5112563893198967,Correct,Correct,25,1,NaOH,S2,S3,text-embedding-3-large,S_final
S0-S3,gemini-3.1-flash-lite,S2→S3,2,3,C->C,0.5900456130504609,0.5534439245859781,Correct,Correct,25,2,Organic solvents,S2,S3,text-embedding-3-large,S_final
S0-S3,gemini-3.1-flash-lite,S2→S3,2,3,C->C,0.4850986843307812,0.5213384608427684,Correct,Correct,26,2,KOH,S2,S3,text-embedding-3-large,S_final
S0-S3,gemini-3.1-flash-lite,S2→S3,2,3,C->C,0.4878087525566418,0.572125964363416,Correct,Correct,26,3,LiOH,S2,S3,text-embedding-3-large,S_final
S0-S3,gemini-3.1-flash-lite,S2→S3,2,3,C->C,0.6286635130643844,0.6640764941771824,Correct,Correct,26,4,Organic solvents,S2,S3,text-embedding-3-large,S_final
S0-S3,gemini-3.1-flash-lite,S2→S3,2,3,C->C,0.5106947501500447,0.559398100276788,Correct,Correct,27,2,KOH,S2,S3,text-embedding-3-large,S_final
S0-S3,gemini-3.1-flash-lite,S2→S3,2,3,C->C,0.5077780991792679,0.5423484891653061,Correct,Correct,27,3,LiOH,S2,S3,text-embedding-3-large,S_final
S0-S3,gemini-3.1-flash-lite,S2→S3,2,3,C->C,0.6865779856840769,0.7044810374577839,Correct,Correct,27,4,Organic solvents,S2,S3,text-embedding-3-large,S_final
S0-S3,gemini-3.1-flash-lite,S2→S3,2,3,C->C,0.4164043597877025,0.5070673783620198,Correct,Correct,28,2,Organic solvents,S2,S3,text-embedding-3-large,S_final
S0-S3,gemini-3.1-flash-lite,S2→S3,2,3,C->C,0.4574164589246113,0.4851674015323321,Correct,Correct,29,2,Organic solvents,S2,S3,text-embedding-3-large,S_final
S0-S3,gemini-3.1-flash-lite,S2→S3,2,3,C->C,0.5781600435574848,0.6120355248451232,Correct,Correct,30,1,NaOH,S2,S3,text-embedding-3-large,S_final
S0-S3,gemini-3.1-flash-lite,S2→S3,2,3,C->C,0.4608742982149124,0.4722313145796457,Correct,Correct,30,2,Organic solvents,S2,S3,text-embedding-3-large,S_final
S0-S3,gemini-3.1-flash-lite,S2→S3,2,3,C->C,0.6226472715536754,0.6478655457496643,Correct,Correct,32,1,H₂O,S2,S3,text-embedding-3-large,S_final
S0-S3,gemini-3.1-flash-lite,S2→S3,2,3,C->C,0.5659463773171107,0.5970503320296605,Correct,Correct,34,1,H₂O,S2,S3,text-embedding-3-large,S_final
S0-S3,gemini-3.1-flash-lite,S2→S3,2,3,C->C,0.6755139450232187,0.680600576599439,Correct,Correct,36,1,NaCl,S2,S3,text-embedding-3-large,S_final
S0-S3,gemini-3.1-flash-lite,S2→S3,2,3,C->C,0.5624955346186956,0.5649994224309921,Correct,Correct,36,3,NaCl + TAcG,S2,S3,text-embedding-3-large,S_final
S0-S3,gemini-3.1-flash-lite,S2→S3,2,3,C->C,0.6490975648164748,0.6575952261686325,Correct,Correct,37,2,KCl,S2,S3,text-embedding-3-large,S_final
S0-S3,gemini-3.1-flash-lite,S2→S3,2,3,C->C,0.7523643314838409,0.753791868686676,Correct,Correct,39,2,KCl,S2,S3,text-embedding-3-large,S_final
S0-S3,gemini-3.1-flash-lite,S2→S3,2,3,C->C,0.6611592431863148,0.6617739031712214,Correct,Correct,40,1,KCl,S2,S3,text-embedding-3-large,S_final
S0-S3,gemini-3.1-flash-lite,S2→S3,2,3,C->C,0.6152014613151551,0.6042031864325205,Correct,Correct,40,3,NH₄Cl,S2,S3,text-embedding-3-large,S_final
S0-S3,gemini-3.1-flash-lite,S2→S3,2,3,C->C,0.646456030011177,0.6538951128721237,Correct,Correct,40,6,KCl,S2,S3,text-embedding-3-large,S_final
S0-S3,gemini-3.1-flash-lite,S2→S3,2,3,C->C,0.6926796957850456,0.674273623029391,Correct,Correct,41,1,KCl,S2,S3,text-embedding-3-large,S_final
S0-S3,gemini-3.1-flash-lite,S2→S3,2,3,C->C,0.694357540210088,0.6985780457655588,Correct,Correct,45,1,Organic solvents,S2,S3,text-embedding-3-large,S_final
S0-S3,gemini-3.1-flash-lite,S2→S3,2,3,C->C,0.680733839670817,0.673135982453823,Correct,Correct,46,1,Organic solvents,S2,S3,text-embedding-3-large,S_final
S0-S3,gemini-3.1-flash-lite,S2→S3,2,3,C->C,0.632934624950091,0.6194470802942912,Correct,Correct,46,2,Organic solvents,S2,S3,text-embedding-3-large,S_final
S0-S3,gemini-3.1-flash-lite,S2→S3,2,3,C->C,0.6747949500878652,0.7022358626127243,Correct,Correct,47,1,Organic solvents,S2,S3,text-embedding-3-large,S_final
S0-S3,gemini-3.1-flash-lite,S2→S3,2,3,C->C,0.5764331142107646,0.6060348361730575,Correct,Correct,47,2,Organic solvents,S2,S3,text-embedding-3-large,S_final
S0-S3,gemini-3.1-flash-lite,S2→S3,2,3,C->C,0.6474968532721201,0.6748984734217326,Correct,Correct,48,1,B(OH)₃ + AgNO₃,S2,S3,text-embedding-3-large,S_final
S0-S3,gemini-3.1-flash-lite,S2→S3,2,3,C->C,0.5597536394993464,0.56496768395106,Correct,Correct,50,1,B(OH)₃ + AgNO₃,S2,S3,text-embedding-3-large,S_final
S0-S3,gemini-3.1-flash-lite,S2→S3,2,3,C->C,0.6901072283585865,0.6964444210131963,Correct,Correct,51,1,KB(OH)₄,S2,S3,text-embedding-3-large,S_final
S0-S3,gemini-3.1-flash-lite,S2→S3,2,3,C->C,0.7301184217135112,0.7374700675408045,Correct,Correct,52,1,KB(OH)₄,S2,S3,text-embedding-3-large,S_final
S0-S3,gemini-3.1-flash-lite,S2→S3,2,3,C->C,0.5393880769610405,0.5704447289307911,Correct,Correct,53,1,H₂O,S2,S3,text-embedding-3-large,S_final
S0-S3,gemini-3.1-flash-lite,S2→S3,2,3,C->C,0.6146102786064147,0.6434741506973902,Correct,Correct,53,2,EtOH/H₂O,S2,S3,text-embedding-3-large,S_final
S0-S3,gemini-3.1-flash-lite,S2→S3,2,3,C->C,0.4231786926587422,0.4363433157404263,Correct,Correct,54,1,H₂O,S2,S3,text-embedding-3-large,S_final
S0-S3,gemini-3.1-flash-lite,S2→S3,2,3,C->C,0.6364334712425866,0.692920359969139,Correct,Correct,54,2,EtOH/H₂O,S2,S3,text-embedding-3-large,S_final
S0-S3,gemini-3.1-flash-lite,S2→S3,2,3,C->C,0.6629508694012959,0.65928675532341,Correct,Correct,55,2,EtOH/H₂O,S2,S3,text-embedding-3-large,S_final
S0-S3,gemini-3.1-flash-lite,S2→S3,2,3,C->C,0.4471499909957249,0.4776635562380155,Correct,Correct,57,1,H₂O,S2,S3,text-embedding-3-large,S_final
S0-S3,gemini-3.1-flash-lite,S2→S3,2,3,C->C,0.5502758165200551,0.5689244831601777,Correct,Correct,58,1,H₂O,S2,S3,text-embedding-3-large,S_final
S0-S3,gemini-3.1-flash-lite,S2→S3,2,3,C->C,0.5140812908609708,0.5044856131076813,Correct,Correct,59,1,H₂O,S2,S3,text-embedding-3-large,S_final
S0-S3,gemini-3.1-flash-lite,S2→S3,2,3,C->C,0.5909505645434061,0.5797454754511514,Correct,Correct,59,2,EtOH/H₂O,S2,S3,text-embedding-3-large,S_final
S0-S3,gemini-3.1-flash-lite,S2→S3,2,3,C->C,0.4812549447019894,0.4692189827561377,Correct,Correct,60,1,H₂O,S2,S3,text-embedding-3-large,S_final
S0-S3,gemini-3.1-flash-lite,S2→S3,2,3,C->C,0.6000629882017771,0.6291237870852152,Correct,Correct,60,2,EtOH/H₂O,S2,S3,text-embedding-3-large,S_final
S0-S3,gemini-3.1-flash-lite,S2→S3,2,3,C->C,0.4708120455344518,0.5039352998137474,Correct,Correct,61,1,H₂O,S2,S3,text-embedding-3-large,S_final
S0-S3,gemini-3.1-flash-lite,S2→S3,2,3,C->C,0.6288233071565628,0.6706866040825843,Correct,Correct,61,2,EtOH/H₂O,S2,S3,text-embedding-3-large,S_final
S0-S3,gemini-3.1-flash-lite,S2→S3,2,3,C->C,0.5822145114342371,0.5901947289705276,Correct,Correct,62,1,H₂O,S2,S3,text-embedding-3-large,S_final
S0-S3,gemini-3.1-flash-lite,S2→S3,2,3,C->C,0.583055724700292,0.6162310729424157,Correct,Correct,62,2,EtOH/H₂O,S2,S3,text-embedding-3-large,S_final
S0-S3,gemini-3.1-flash-lite,S2→S3,2,3,C->C,0.5692892332871754,0.608101549744606,Correct,Correct,63,1,H₂O,S2,S3,text-embedding-3-large,S_final
S0-S3,gemini-3.1-flash-lite,S2→S3,2,3,C->C,0.6068468282620111,0.6300979395707448,Correct,Correct,63,2,EtOH/H₂O,S2,S3,text-embedding-3-large,S_final
S0-S3,gemini-3.1-flash-lite,S2→S3,2,3,C->C,0.6060143242279689,0.5983148276805877,Correct,Correct,64,1,KCl,S2,S3,text-embedding-3-large,S_final
S0-S3,gemini-3.1-flash-lite,S2→S3,2,3,C->C,0.6017986983060837,0.6182304908831914,Correct,Correct,64,2,NaB(OH)₄,S2,S3,text-embedding-3-large,S_final
S0-S3,gemini-3.1-flash-lite,S2→S3,2,3,C->W,0.6309722105662027,0.6835820108652115,Correct,Wrong,3,1,Tb(NO₃)₃ or Eu(NO₃)₃,S2,S3,text-embedding-3-large,S_final
S0-S3,gemini-3.1-flash-lite,S2→S3,2,3,C->W,0.6697369575500488,0.6320032045245171,Correct,Wrong,4,3,KCl,S2,S3,text-embedding-3-large,S_final
S0-S3,gemini-3.1-flash-lite,S2→S3,2,3,C->W,0.6270941605170567,0.6236758450667063,Correct,Wrong,21,1,EtOH/H₂O,S2,S3,text-embedding-3-large,S_final
S0-S3,gemini-3.1-flash-lite,S2→S3,2,3,C->W,0.6111356630921363,0.6260720387101173,Correct,Wrong,29,1,NaOH,S2,S3,text-embedding-3-large,S_final
S0-S3,gemini-3.1-flash-lite,S2→S3,2,3,C->W,0.6022299061218898,0.6090375234683355,Correct,Wrong,33,1,H₂O,S2,S3,text-embedding-3-large,S_final
S0-S3,gemini-3.1-flash-lite,S2→S3,2,3,C->W,0.6689317812522253,0.7001730903983115,Correct,Wrong,40,2,NaCl,S2,S3,text-embedding-3-large,S_final
S0-S3,gemini-3.1-flash-lite,S2→S3,2,3,C->W,0.5435739181935787,0.5337487950921058,Correct,Wrong,45,3,Organic solvents,S2,S3,text-embedding-3-large,S_final
S0-S3,gemini-3.1-flash-lite,S2→S3,2,3,C->W,0.5855246106783549,0.5576581060886383,Correct,Wrong,49,1,B(OH)₃ + AgNO₃,S2,S3,text-embedding-3-large,S_final
S0-S3,gemini-3.1-flash-lite,S2→S3,2,3,C->W,0.5686815157532692,0.6154426445563634,Correct,Wrong,56,2,EtOH/H₂O,S2,S3,text-embedding-3-large,S_final
S0-S3,gemini-3.1-flash-lite,S2→S3,2,3,C->W,0.5684984664122262,0.6061379358172416,Correct,Wrong,58,2,EtOH/H₂O,S2,S3,text-embedding-3-large,S_final
S0-S3,gemini-3.1-flash-lite,S2→S3,2,3,W->C,0.6014700551827747,0.6406661311785379,Wrong,Correct,10,1,H₂O,S2,S3,text-embedding-3-large,S_final
S0-S3,gemini-3.1-flash-lite,S2→S3,2,3,W->C,0.6083922525246938,0.6459508230288823,Wrong,Correct,10,2,PBS,S2,S3,text-embedding-3-large,S_final
S0-S3,gemini-3.1-flash-lite,S2→S3,2,3,W->C,0.7051905512809753,0.7547646770874659,Wrong,Correct,13,1,H₂O,S2,S3,text-embedding-3-large,S_final
S0-S3,gemini-3.1-flash-lite,S2→S3,2,3,W->C,0.6973996505141258,0.7198692043622335,Wrong,Correct,20,1,EtOH/H₂O,S2,S3,text-embedding-3-large,S_final
S0-S3,gemini-3.1-flash-lite,S2→S3,2,3,W->C,0.6070794999599456,0.6429365893205007,Wrong,Correct,26,1,NaOH,S2,S3,text-embedding-3-large,S_final
S0-S3,gemini-3.1-flash-lite,S2→S3,2,3,W->C,0.5886136591434478,0.638164789477984,Wrong,Correct,27,1,NaOH,S2,S3,text-embedding-3-large,S_final
S0-S3,gemini-3.1-flash-lite,S2→S3,2,3,W->C,0.6518156548341115,0.7107452263434727,Wrong,Correct,31,1,H₂O,S2,S3,text-embedding-3-large,S_final
S0-S3,gemini-3.1-flash-lite,S2→S3,2,3,W->C,0.5650062541166941,0.601986938714981,Wrong,Correct,35,1,H₂O,S2,S3,text-embedding-3-large,S_final
S0-S3,gemini-3.1-flash-lite,S2→S3,2,3,W->C,0.4031964843471844,0.4147410889466603,Wrong,Correct,38,1,KCl + NaCl,S2,S3,text-embedding-3-large,S_final
S0-S3,gemini-3.1-flash-lite,S2→S3,2,3,W->C,0.5104079479972521,0.5320088540514311,Wrong,Correct,39,1,NaCl,S2,S3,text-embedding-3-large,S_final
S0-S3,gemini-3.1-flash-lite,S2→S3,2,3,W->W,0.6592985302209854,0.672076079249382,Wrong,Wrong,5,1,LiCl,S2,S3,text-embedding-3-large,S_final
S0-S3,gemini-3.1-flash-lite,S2→S3,2,3,W->W,0.616587170958519,0.6369797319173812,Wrong,Wrong,6,2,NaCl,S2,S3,text-embedding-3-large,S_final
S0-S3,gemini-3.1-flash-lite,S2→S3,2,3,W->W,0.7176850855350495,0.7236589044332504,Wrong,Wrong,7,1,LiCl,S2,S3,text-embedding-3-large,S_final
S0-S3,gemini-3.1-flash-lite,S2→S3,2,3,W->W,0.7119518876075744,0.7184501240650812,Wrong,Wrong,7,2,NaCl,S2,S3,text-embedding-3-large,S_final
S0-S3,gemini-3.1-flash-lite,S2→S3,2,3,W->W,0.6096655021111169,0.6100237786769865,Wrong,Wrong,7,3,KCl + NaCl,S2,S3,text-embedding-3-large,S_final
S0-S3,gemini-3.1-flash-lite,S2→S3,2,3,W->W,0.5966659396886825,0.5672929187615713,Wrong,Wrong,7,6,KCl,S2,S3,text-embedding-3-large,S_final
S0-S3,gemini-3.1-flash-lite,S2→S3,2,3,W->W,0.6819865981737773,0.6711842874685923,Wrong,Wrong,7,7,KCl,S2,S3,text-embedding-3-large,S_final
S0-S3,gemini-3.1-flash-lite,S2→S3,2,3,W->W,0.5864262700080872,0.5872208952903747,Wrong,Wrong,7,10,KB(OH)₄,S2,S3,text-embedding-3-large,S_final
S0-S3,gemini-3.1-flash-lite,S2→S3,2,3,W->W,0.670994445681572,0.672391751408577,Wrong,Wrong,7,11,LiB(OH)₄,S2,S3,text-embedding-3-large,S_final
S0-S3,gemini-3.1-flash-lite,S2→S3,2,3,W->W,0.6396992603937784,0.6089817553758622,Wrong,Wrong,8,3,KCl,S2,S3,text-embedding-3-large,S_final
S0-S3,gemini-3.1-flash-lite,S2→S3,2,3,W->W,0.5205990687012673,0.5243592297037443,Wrong,Wrong,8,4,KCl,S2,S3,text-embedding-3-large,S_final
S0-S3,gemini-3.1-flash-lite,S2→S3,2,3,W->W,0.6660589208205542,0.6781340231498082,Wrong,Wrong,9,2,KCl,S2,S3,text-embedding-3-large,S_final
S0-S3,gemini-3.1-flash-lite,S2→S3,2,3,W->W,0.4994681641459464,0.5124506264925003,Wrong,Wrong,11,1,H₂O,S2,S3,text-embedding-3-large,S_final
S0-S3,gemini-3.1-flash-lite,S2→S3,2,3,W->W,0.568899917602539,0.5701668858528137,Wrong,Wrong,13,3,acidic pH + benzyl amine,S2,S3,text-embedding-3-large,S_final
S0-S3,gemini-3.1-flash-lite,S2→S3,2,3,W->W,0.5339333489537239,0.514644821981589,Wrong,Wrong,15,1,H₂O,S2,S3,text-embedding-3-large,S_final
S0-S3,gemini-3.1-flash-lite,S2→S3,2,3,W->W,0.5620928222934404,0.5755515471100807,Wrong,Wrong,28,1,NaOH,S2,S3,text-embedding-3-large,S_final
S0-S3,gemini-3.1-flash-lite,S2→S3,2,3,W->W,0.5746420880158741,0.5719735294580458,Wrong,Wrong,36,2,KCl,S2,S3,text-embedding-3-large,S_final
S0-S3,gemini-3.1-flash-lite,S2→S3,2,3,W->W,0.5702615439891815,0.552964769800504,Wrong,Wrong,37,1,KCl + NaCl,S2,S3,text-embedding-3-large,S_final
S0-S3,gemini-3.1-flash-lite,S2→S3,2,3,W->W,0.3705820192893346,0.3598765070239702,Wrong,Wrong,38,2,KCl,S2,S3,text-embedding-3-large,S_final
S0-S3,gemini-3.1-flash-lite,S2→S3,2,3,W->W,0.6153043508529663,0.6721783975760142,Wrong,Wrong,40,4,Me₄NCl,S2,S3,text-embedding-3-large,S_final
S0-S3,gemini-3.1-flash-lite,S2→S3,2,3,W->W,0.6615209023157755,0.6725752433141072,Wrong,Wrong,40,5,Borate buffer,S2,S3,text-embedding-3-large,S_final
S0-S3,gemini-3.1-flash-lite,S2→S3,2,3,W->W,0.5236603791515032,0.5603707393010458,Wrong,Wrong,42,1,KCl,S2,S3,text-embedding-3-large,S_final
S0-S3,gemini-3.1-flash-lite,S2→S3,2,3,W->W,0.5720380410552024,0.6206616838773091,Wrong,Wrong,43,1,KCl,S2,S3,text-embedding-3-large,S_final
S0-S3,gemini-3.1-flash-lite,S2→S3,2,3,W->W,0.6277742197116216,0.6509007801612218,Wrong,Wrong,44,1,KCl,S2,S3,text-embedding-3-large,S_final
S0-S3,gemini-3.1-flash-lite,S2→S3,2,3,W->W,0.5007780348261197,0.5244210084279378,Wrong,Wrong,45,2,Organic solvents,S2,S3,text-embedding-3-large,S_final
S0-S3,gemini-3.1-flash-lite,S2→S3,2,3,W->W,0.5451055953900019,0.6216557711362839,Wrong,Wrong,48,2,B(OH)₃ + other ions,S2,S3,text-embedding-3-large,S_final
S0-S3,gemini-3.1-flash-lite,S2→S3,2,3,W->W,0.5570649524529775,0.5556527450680733,Wrong,Wrong,55,1,H₂O,S2,S3,text-embedding-3-large,S_final
S0-S3,gemini-3.1-flash-lite,S2→S3,2,3,W->W,0.5320949897170066,0.5253657266497611,Wrong,Wrong,56,1,H₂O,S2,S3,text-embedding-3-large,S_final
S0-S3,gemini-3.1-flash-lite,S2→S3,2,3,W->W,0.3671641747156779,0.3840192936360835,Wrong,Wrong,57,2,EtOH/H₂O,S2,S3,text-embedding-3-large,S_final
S0-S3,gpt-4o,S0→S1,0,1,C->C,0.6743497053782145,0.6349461615085601,Correct,Correct,1,1,Tb(NO₃)₃ or Dy(NO₃)₃,S0,S1,text-embedding-3-large,S_final
S0-S3,gpt-4o,S0→S1,0,1,C->C,0.6639918237924576,0.6616277853647867,Correct,Correct,1,4,KCl,S0,S1,text-embedding-3-large,S_final
S0-S3,gpt-4o,S0→S1,0,1,C->C,0.6856983174880344,0.6754918108383814,Correct,Correct,2,1,Tb(NO₃)₃ or Eu(NO₃)₃,S0,S1,text-embedding-3-large,S_final
S0-S3,gpt-4o,S0→S1,0,1,C->C,0.6603899051745732,0.6298467675844829,Correct,Correct,5,2,KCl,S0,S1,text-embedding-3-large,S_final
S0-S3,gpt-4o,S0→S1,0,1,C->C,0.6677799890438715,0.6670493682225546,Correct,Correct,6,1,LiCl,S0,S1,text-embedding-3-large,S_final
S0-S3,gpt-4o,S0→S1,0,1,C->C,0.6667122761408487,0.6548828959465026,Correct,Correct,6,3,KCl,S0,S1,text-embedding-3-large,S_final
S0-S3,gpt-4o,S0→S1,0,1,C->C,0.6282546569903692,0.5698432942231496,Correct,Correct,7,4,KCl,S0,S1,text-embedding-3-large,S_final
S0-S3,gpt-4o,S0→S1,0,1,C->C,0.6836798757314683,0.6283591469128926,Correct,Correct,7,5,KCl,S0,S1,text-embedding-3-large,S_final
S0-S3,gpt-4o,S0→S1,0,1,C->C,0.6360535403092702,0.6250010798374812,Correct,Correct,7,8,KCl + TAcG,S0,S1,text-embedding-3-large,S_final
S0-S3,gpt-4o,S0→S1,0,1,C->C,0.6618158370256424,0.6846944689750671,Correct,Correct,7,9,KB(OH)₄,S0,S1,text-embedding-3-large,S_final
S0-S3,gpt-4o,S0→S1,0,1,C->C,0.543002554277579,0.5375596083700656,Correct,Correct,13,2,acidic pH,S0,S1,text-embedding-3-large,S_final
S0-S3,gpt-4o,S0→S1,0,1,C->C,0.4744915597140788,0.5060057585438091,Correct,Correct,15,1,H₂O,S0,S1,text-embedding-3-large,S_final
S0-S3,gpt-4o,S0→S1,0,1,C->C,0.6647148787975311,0.6348003566265107,Correct,Correct,16,1,H₂O,S0,S1,text-embedding-3-large,S_final
S0-S3,gpt-4o,S0→S1,0,1,C->C,0.678551094730695,0.6351614574591319,Correct,Correct,18,1,H₂O,S0,S1,text-embedding-3-large,S_final
S0-S3,gpt-4o,S0→S1,0,1,C->C,0.5801176145672797,0.6262380202611287,Correct,Correct,19,1,H₂O,S0,S1,text-embedding-3-large,S_final
S0-S3,gpt-4o,S0→S1,0,1,C->C,0.6570494602123896,0.5999948571125665,Correct,Correct,21,1,EtOH/H₂O,S0,S1,text-embedding-3-large,S_final
S0-S3,gpt-4o,S0→S1,0,1,C->C,0.5083108559250832,0.529703302681446,Correct,Correct,25,1,NaOH,S0,S1,text-embedding-3-large,S_final
S0-S3,gpt-4o,S0→S1,0,1,C->C,0.6155444880326589,0.5789306292931239,Correct,Correct,25,2,Organic solvents,S0,S1,text-embedding-3-large,S_final
S0-S3,gpt-4o,S0→S1,0,1,C->C,0.6264413287242253,0.6109819382429122,Correct,Correct,26,1,NaOH,S0,S1,text-embedding-3-large,S_final
S0-S3,gpt-4o,S0→S1,0,1,C->C,0.6712270895640056,0.6377947628498076,Correct,Correct,26,4,Organic solvents,S0,S1,text-embedding-3-large,S_final
S0-S3,gpt-4o,S0→S1,0,1,C->C,0.6007704824209212,0.5719152510166168,Correct,Correct,27,1,NaOH,S0,S1,text-embedding-3-large,S_final
S0-S3,gpt-4o,S0→S1,0,1,C->C,0.4941128979126612,0.4807220801711082,Correct,Correct,27,2,KOH,S0,S1,text-embedding-3-large,S_final
S0-S3,gpt-4o,S0→S1,0,1,C->C,0.714453183611234,0.6878984481096267,Correct,Correct,27,4,Organic solvents,S0,S1,text-embedding-3-large,S_final
S0-S3,gpt-4o,S0→S1,0,1,C->C,0.5049643745024999,0.4904775942365328,Correct,Correct,28,2,Organic solvents,S0,S1,text-embedding-3-large,S_final
S0-S3,gpt-4o,S0→S1,0,1,C->C,0.6218078300356864,0.6039999902248382,Correct,Correct,29,1,NaOH,S0,S1,text-embedding-3-large,S_final
S0-S3,gpt-4o,S0→S1,0,1,C->C,0.4726516832907994,0.443226829667886,Correct,Correct,29,2,Organic solvents,S0,S1,text-embedding-3-large,S_final
S0-S3,gpt-4o,S0→S1,0,1,C->C,0.5843960712353388,0.5662484402457872,Correct,Correct,30,1,NaOH,S0,S1,text-embedding-3-large,S_final
S0-S3,gpt-4o,S0→S1,0,1,C->C,0.4804408326745033,0.4684338544805844,Correct,Correct,30,2,Organic solvents,S0,S1,text-embedding-3-large,S_final
S0-S3,gpt-4o,S0→S1,0,1,C->C,0.6640536059935888,0.6382011637091637,Correct,Correct,31,1,H₂O,S0,S1,text-embedding-3-large,S_final
S0-S3,gpt-4o,S0→S1,0,1,C->C,0.6394943406184513,0.6489018549521764,Correct,Correct,36,1,NaCl,S0,S1,text-embedding-3-large,S_final
S0-S3,gpt-4o,S0→S1,0,1,C->C,0.6528925339380899,0.6346401765942573,Correct,Correct,37,2,KCl,S0,S1,text-embedding-3-large,S_final
S0-S3,gpt-4o,S0→S1,0,1,C->C,0.7267395630478859,0.716354763507843,Correct,Correct,39,2,KCl,S0,S1,text-embedding-3-large,S_final
S0-S3,gpt-4o,S0→S1,0,1,C->C,0.6832787096500397,0.682075572013855,Correct,Correct,40,1,KCl,S0,S1,text-embedding-3-large,S_final
S0-S3,gpt-4o,S0→S1,0,1,C->C,0.6217179189125697,0.6199819246927897,Correct,Correct,40,6,KCl,S0,S1,text-embedding-3-large,S_final
S0-S3,gpt-4o,S0→S1,0,1,C->C,0.6882438331842422,0.635061557094256,Correct,Correct,45,1,Organic solvents,S0,S1,text-embedding-3-large,S_final
S0-S3,gpt-4o,S0→S1,0,1,C->C,0.6669605990250905,0.6294053355852762,Correct,Correct,46,1,Organic solvents,S0,S1,text-embedding-3-large,S_final
S0-S3,gpt-4o,S0→S1,0,1,C->C,0.6319725493590037,0.6048345327377319,Correct,Correct,46,2,Organic solvents,S0,S1,text-embedding-3-large,S_final
S0-S3,gpt-4o,S0→S1,0,1,C->C,0.6733701527118683,0.639607177178065,Correct,Correct,47,1,Organic solvents,S0,S1,text-embedding-3-large,S_final
S0-S3,gpt-4o,S0→S1,0,1,C->C,0.592637883623441,0.5645039806763331,Correct,Correct,47,2,Organic solvents,S0,S1,text-embedding-3-large,S_final
S0-S3,gpt-4o,S0→S1,0,1,C->C,0.495851495116949,0.5175452753901482,Correct,Correct,50,1,B(OH)₃ + AgNO₃,S0,S1,text-embedding-3-large,S_final
S0-S3,gpt-4o,S0→S1,0,1,C->C,0.6380835910638173,0.6316363324721653,Correct,Correct,53,2,EtOH/H₂O,S0,S1,text-embedding-3-large,S_final
S0-S3,gpt-4o,S0→S1,0,1,C->C,0.6171315461397171,0.6382702767848968,Correct,Correct,54,2,EtOH/H₂O,S0,S1,text-embedding-3-large,S_final
S0-S3,gpt-4o,S0→S1,0,1,C->C,0.6293025990327199,0.6615556796391804,Correct,Correct,55,2,EtOH/H₂O,S0,S1,text-embedding-3-large,S_final
S0-S3,gpt-4o,S0→S1,0,1,C->C,0.5956790049870808,0.591459459066391,Correct,Correct,56,2,EtOH/H₂O,S0,S1,text-embedding-3-large,S_final
S0-S3,gpt-4o,S0→S1,0,1,C->C,0.5899840931097667,0.5547264064351717,Correct,Correct,58,2,EtOH/H₂O,S0,S1,text-embedding-3-large,S_final
S0-S3,gpt-4o,S0→S1,0,1,C->C,0.589115119477113,0.5937804490327835,Correct,Correct,59,2,EtOH/H₂O,S0,S1,text-embedding-3-large,S_final
S0-S3,gpt-4o,S0→S1,0,1,C->C,0.6003879487514495,0.6180900951226552,Correct,Correct,60,2,EtOH/H₂O,S0,S1,text-embedding-3-large,S_final
S0-S3,gpt-4o,S0→S1,0,1,C->C,0.6083967596292496,0.6265398919582367,Correct,Correct,61,2,EtOH/H₂O,S0,S1,text-embedding-3-large,S_final
S0-S3,gpt-4o,S0→S1,0,1,C->W,0.6728094130754471,0.6357232213020324,Correct,Wrong,3,1,Tb(NO₃)₃ or Eu(NO₃)₃,S0,S1,text-embedding-3-large,S_final
S0-S3,gpt-4o,S0→S1,0,1,C->W,0.6682098140319188,0.663164143760999,Correct,Wrong,4,1,LiCl,S0,S1,text-embedding-3-large,S_final
S0-S3,gpt-4o,S0→S1,0,1,C->W,0.6649110585451126,0.6618245939413705,Correct,Wrong,4,2,NaCl,S0,S1,text-embedding-3-large,S_final
S0-S3,gpt-4o,S0→S1,0,1,C->W,0.6397933741410574,0.6444941023985544,Correct,Wrong,4,3,KCl,S0,S1,text-embedding-3-large,S_final
S0-S3,gpt-4o,S0→S1,0,1,C->W,0.6653545379638671,0.6320096830526988,Correct,Wrong,5,1,LiCl,S0,S1,text-embedding-3-large,S_final
S0-S3,gpt-4o,S0→S1,0,1,C->W,0.6120031336943308,0.5974047223726909,Correct,Wrong,6,2,NaCl,S0,S1,text-embedding-3-large,S_final
S0-S3,gpt-4o,S0→S1,0,1,C->W,0.643705305457115,0.5912500003973643,Correct,Wrong,8,3,KCl,S0,S1,text-embedding-3-large,S_final
S0-S3,gpt-4o,S0→S1,0,1,C->W,0.5691029131412505,0.5692145039637883,Correct,Wrong,8,4,KCl,S0,S1,text-embedding-3-large,S_final
S0-S3,gpt-4o,S0→S1,0,1,C->W,0.6322993089755377,0.5471114615599314,Correct,Wrong,10,1,H₂O,S0,S1,text-embedding-3-large,S_final
S0-S3,gpt-4o,S0→S1,0,1,C->W,0.6256039222081502,0.6031878699858982,Correct,Wrong,10,2,PBS,S0,S1,text-embedding-3-large,S_final
S0-S3,gpt-4o,S0→S1,0,1,C->W,0.7093412359555562,0.6290229529142379,Correct,Wrong,13,1,H₂O,S0,S1,text-embedding-3-large,S_final
S0-S3,gpt-4o,S0→S1,0,1,C->W,0.6799714356660843,0.6542610277732214,Correct,Wrong,20,1,EtOH/H₂O,S0,S1,text-embedding-3-large,S_final
S0-S3,gpt-4o,S0→S1,0,1,C->W,0.5597643504540125,0.5682477012276649,Correct,Wrong,36,3,NaCl + TAcG,S0,S1,text-embedding-3-large,S_final
S0-S3,gpt-4o,S0→S1,0,1,C->W,0.6265763501326244,0.6820162683725357,Correct,Wrong,40,2,NaCl,S0,S1,text-embedding-3-large,S_final
S0-S3,gpt-4o,S0→S1,0,1,C->W,0.5895238886276881,0.6496490190426508,Correct,Wrong,40,3,NH₄Cl,S0,S1,text-embedding-3-large,S_final
S0-S3,gpt-4o,S0→S1,0,1,C->W,0.5953268026312192,0.5847111821174621,Correct,Wrong,40,4,Me₄NCl,S0,S1,text-embedding-3-large,S_final
S0-S3,gpt-4o,S0→S1,0,1,C->W,0.6825178921222687,0.6613373716672261,Correct,Wrong,41,1,KCl,S0,S1,text-embedding-3-large,S_final
S0-S3,gpt-4o,S0→S1,0,1,C->W,0.6334470748901366,0.5289929399887722,Correct,Wrong,48,1,B(OH)₃ + AgNO₃,S0,S1,text-embedding-3-large,S_final
S0-S3,gpt-4o,S0→S1,0,1,C->W,0.6891716549793879,0.6472427204251289,Correct,Wrong,52,1,KB(OH)₄,S0,S1,text-embedding-3-large,S_final
S0-S3,gpt-4o,S0→S1,0,1,C->W,0.5740610917409261,0.5268583868940669,Correct,Wrong,56,1,H₂O,S0,S1,text-embedding-3-large,S_final
S0-S3,gpt-4o,S0→S1,0,1,C->W,0.5913128077983856,0.596143814921379,Correct,Wrong,64,1,KCl,S0,S1,text-embedding-3-large,S_final
S0-S3,gpt-4o,S0→S1,0,1,C->W,0.661472330490748,0.5840982317924499,Correct,Wrong,64,2,NaB(OH)₄,S0,S1,text-embedding-3-large,S_final
S0-S3,gpt-4o,S0→S1,0,1,W->C,0.5555682177344958,0.5784008493026097,Wrong,Correct,1,3,NaCl,S0,S1,text-embedding-3-large,S_final
S0-S3,gpt-4o,S0→S1,0,1,W->C,0.6615128656228383,0.6773782511552174,Wrong,Correct,3,2,B(OH)₃ + AgNO₃,S0,S1,text-embedding-3-large,S_final
S0-S3,gpt-4o,S0→S1,0,1,W->C,0.6577372898658117,0.6493998875220616,Wrong,Correct,5,3,NaCl,S0,S1,text-embedding-3-large,S_final
S0-S3,gpt-4o,S0→S1,0,1,W->C,0.6205216407775879,0.6642298251390457,Wrong,Correct,8,1,LiCl,S0,S1,text-embedding-3-large,S_final
S0-S3,gpt-4o,S0→S1,0,1,W->C,0.5956623534361521,0.629060869415601,Wrong,Correct,8,2,NaCl,S0,S1,text-embedding-3-large,S_final
S0-S3,gpt-4o,S0→S1,0,1,W->C,0.6552813907464347,0.6386541972557703,Wrong,Correct,9,1,LiCl,S0,S1,text-embedding-3-large,S_final
S0-S3,gpt-4o,S0→S1,0,1,W->C,0.6566543370485306,0.6623962024847666,Wrong,Correct,9,3,NaCl,S0,S1,text-embedding-3-large,S_final
S0-S3,gpt-4o,S0→S1,0,1,W->C,0.5662082687020301,0.5901879479487737,Wrong,Correct,14,1,H₂O,S0,S1,text-embedding-3-large,S_final
S0-S3,gpt-4o,S0→S1,0,1,W->C,0.5585556775331497,0.6113021830717722,Wrong,Correct,17,1,H₂O,S0,S1,text-embedding-3-large,S_final
S0-S3,gpt-4o,S0→S1,0,1,W->C,0.5933718542257945,0.5876927971839905,Wrong,Correct,22,1,EtOH/H₂O,S0,S1,text-embedding-3-large,S_final
S0-S3,gpt-4o,S0→S1,0,1,W->C,0.6260374655326207,0.6390894869963328,Wrong,Correct,23,1,EtOH/H₂O,S0,S1,text-embedding-3-large,S_final
S0-S3,gpt-4o,S0→S1,0,1,W->C,0.5736252705256145,0.6150519559780756,Wrong,Correct,24,1,EtOH/H₂O,S0,S1,text-embedding-3-large,S_final
S0-S3,gpt-4o,S0→S1,0,1,W->C,0.4749995092550913,0.4490743701656659,Wrong,Correct,26,2,KOH,S0,S1,text-embedding-3-large,S_final
S0-S3,gpt-4o,S0→S1,0,1,W->C,0.4768324916561444,0.4777650708953539,Wrong,Correct,26,3,LiOH,S0,S1,text-embedding-3-large,S_final
S0-S3,gpt-4o,S0→S1,0,1,W->C,0.4967467524111271,0.4852888286113739,Wrong,Correct,27,3,LiOH,S0,S1,text-embedding-3-large,S_final
S0-S3,gpt-4o,S0→S1,0,1,W->C,0.5855801984667778,0.5646030351519583,Wrong,Correct,33,1,H₂O,S0,S1,text-embedding-3-large,S_final
S0-S3,gpt-4o,S0→S1,0,1,W->C,0.5656979377071062,0.5626991162697473,Wrong,Correct,34,1,H₂O,S0,S1,text-embedding-3-large,S_final
S0-S3,gpt-4o,S0→S1,0,1,W->C,0.5827367454767227,0.5922743827104568,Wrong,Correct,36,2,KCl,S0,S1,text-embedding-3-large,S_final
S0-S3,gpt-4o,S0→S1,0,1,W->C,0.5865650231639544,0.5888460047543049,Wrong,Correct,37,1,KCl + NaCl,S0,S1,text-embedding-3-large,S_final
S0-S3,gpt-4o,S0→S1,0,1,W->C,0.4268631195028622,0.4324458946784337,Wrong,Correct,38,1,KCl + NaCl,S0,S1,text-embedding-3-large,S_final
S0-S3,gpt-4o,S0→S1,0,1,W->C,0.4080827449758846,0.4061914255221684,Wrong,Correct,38,2,KCl,S0,S1,text-embedding-3-large,S_final
S0-S3,gpt-4o,S0→S1,0,1,W->C,0.547641379137834,0.5098783880472183,Wrong,Correct,48,2,B(OH)₃ + other ions,S0,S1,text-embedding-3-large,S_final
S0-S3,gpt-4o,S0→S1,0,1,W->C,0.6287747263908386,0.5798974484205246,Wrong,Correct,53,1,H₂O,S0,S1,text-embedding-3-large,S_final
S0-S3,gpt-4o,S0→S1,0,1,W->C,0.500516461332639,0.4430887773633003,Wrong,Correct,54,1,H₂O,S0,S1,text-embedding-3-large,S_final
S0-S3,gpt-4o,S0→S1,0,1,W->C,0.5617130517959594,0.543882405757904,Wrong,Correct,58,1,H₂O,S0,S1,text-embedding-3-large,S_final
S0-S3,gpt-4o,S0→S1,0,1,W->C,0.5188211714227994,0.4880324343840281,Wrong,Correct,59,1,H₂O,S0,S1,text-embedding-3-large,S_final
S0-S3,gpt-4o,S0→S1,0,1,W->C,0.4710826565821964,0.4360739310582478,Wrong,Correct,60,1,H₂O,S0,S1,text-embedding-3-large,S_final
S0-S3,gpt-4o,S0→S1,0,1,W->C,0.4936495453119278,0.4778048629562059,Wrong,Correct,61,1,H₂O,S0,S1,text-embedding-3-large,S_final
S0-S3,gpt-4o,S0→S1,0,1,W->C,0.5567517071962357,0.5642735337217649,Wrong,Correct,62,1,H₂O,S0,S1,text-embedding-3-large,S_final
S0-S3,gpt-4o,S0→S1,0,1,W->C,0.5436541343728701,0.565457354982694,Wrong,Correct,62,2,EtOH/H₂O,S0,S1,text-embedding-3-large,S_final
S0-S3,gpt-4o,S0→S1,0,1,W->C,0.5676994994282722,0.5694966306289037,Wrong,Correct,63,1,H₂O,S0,S1,text-embedding-3-large,S_final
S0-S3,gpt-4o,S0→S1,0,1,W->C,0.5459767207503319,0.5867566173275311,Wrong,Correct,63,2,EtOH/H₂O,S0,S1,text-embedding-3-large,S_final
S0-S3,gpt-4o,S0→S1,0,1,W->W,0.599844413002332,0.6077186018228531,Wrong,Wrong,1,2,LiCl,S0,S1,text-embedding-3-large,S_final
S0-S3,gpt-4o,S0→S1,0,1,W->W,0.5550579354166985,0.5266608983278274,Wrong,Wrong,1,5,KB(OH)₄,S0,S1,text-embedding-3-large,S_final
S0-S3,gpt-4o,S0→S1,0,1,W->W,0.7061958362658819,0.6940984249114989,Wrong,Wrong,7,1,LiCl,S0,S1,text-embedding-3-large,S_final
S0-S3,gpt-4o,S0→S1,0,1,W->W,0.6750640590985615,0.6638473043839136,Wrong,Wrong,7,2,NaCl,S0,S1,text-embedding-3-large,S_final
S0-S3,gpt-4o,S0→S1,0,1,W->W,0.6114349782466889,0.5780026470621427,Wrong,Wrong,7,3,KCl + NaCl,S0,S1,text-embedding-3-large,S_final
S0-S3,gpt-4o,S0→S1,0,1,W->W,0.6138543228308359,0.5787510097026825,Wrong,Wrong,7,6,KCl,S0,S1,text-embedding-3-large,S_final
S0-S3,gpt-4o,S0→S1,0,1,W->W,0.6327419499556224,0.655690657099088,Wrong,Wrong,7,7,KCl,S0,S1,text-embedding-3-large,S_final
S0-S3,gpt-4o,S0→S1,0,1,W->W,0.6151609768470129,0.6045334299405416,Wrong,Wrong,7,10,KB(OH)₄,S0,S1,text-embedding-3-large,S_final
S0-S3,gpt-4o,S0→S1,0,1,W->W,0.6405129482348759,0.6218086550633113,Wrong,Wrong,7,11,LiB(OH)₄,S0,S1,text-embedding-3-large,S_final
S0-S3,gpt-4o,S0→S1,0,1,W->W,0.6569815993309022,0.6266421010096868,Wrong,Wrong,9,2,KCl,S0,S1,text-embedding-3-large,S_final
S0-S3,gpt-4o,S0→S1,0,1,W->W,0.5602481454610825,0.4956728522976239,Wrong,Wrong,11,1,H₂O,S0,S1,text-embedding-3-large,S_final
S0-S3,gpt-4o,S0→S1,0,1,W->W,0.5386869112650553,0.5044668351610501,Wrong,Wrong,12,1,H₂O,S0,S1,text-embedding-3-large,S_final
S0-S3,gpt-4o,S0→S1,0,1,W->W,0.591828915476799,0.5508421652019023,Wrong,Wrong,13,3,acidic pH + benzyl amine,S0,S1,text-embedding-3-large,S_final
S0-S3,gpt-4o,S0→S1,0,1,W->W,0.5543113480011622,0.5562162006894747,Wrong,Wrong,28,1,NaOH,S0,S1,text-embedding-3-large,S_final
S0-S3,gpt-4o,S0→S1,0,1,W->W,0.5388702273368835,0.5546283081173897,Wrong,Wrong,32,1,H₂O,S0,S1,text-embedding-3-large,S_final
S0-S3,gpt-4o,S0→S1,0,1,W->W,0.4989666134119033,0.5076843425631522,Wrong,Wrong,35,1,H₂O,S0,S1,text-embedding-3-large,S_final
S0-S3,gpt-4o,S0→S1,0,1,W->W,0.5256396688520908,0.515382601817449,Wrong,Wrong,39,1,NaCl,S0,S1,text-embedding-3-large,S_final
S0-S3,gpt-4o,S0→S1,0,1,W->W,0.6611840426921844,0.632078797618548,Wrong,Wrong,40,5,Borate buffer,S0,S1,text-embedding-3-large,S_final
S0-S3,gpt-4o,S0→S1,0,1,W->W,0.5491250559687615,0.5231790641943613,Wrong,Wrong,42,1,KCl,S0,S1,text-embedding-3-large,S_final
S0-S3,gpt-4o,S0→S1,0,1,W->W,0.5510169784228006,0.5554972102244695,Wrong,Wrong,43,1,KCl,S0,S1,text-embedding-3-large,S_final
S0-S3,gpt-4o,S0→S1,0,1,W->W,0.6497533907492955,0.628834796945254,Wrong,Wrong,44,1,KCl,S0,S1,text-embedding-3-large,S_final
S0-S3,gpt-4o,S0→S1,0,1,W->W,0.4989000697930654,0.4956648002068202,Wrong,Wrong,45,2,Organic solvents,S0,S1,text-embedding-3-large,S_final
S0-S3,gpt-4o,S0→S1,0,1,W->W,0.5028952206174532,0.4849027449886003,Wrong,Wrong,45,3,Organic solvents,S0,S1,text-embedding-3-large,S_final
S0-S3,gpt-4o,S0→S1,0,1,W->W,0.5712204933166504,0.5413353838026523,Wrong,Wrong,49,1,B(OH)₃ + AgNO₃,S0,S1,text-embedding-3-large,S_final
S0-S3,gpt-4o,S0→S1,0,1,W->W,0.6132297734419505,0.6548808425664902,Wrong,Wrong,51,1,KB(OH)₄,S0,S1,text-embedding-3-large,S_final
S0-S3,gpt-4o,S0→S1,0,1,W->W,0.5231357559561728,0.5412830919027328,Wrong,Wrong,55,1,H₂O,S0,S1,text-embedding-3-large,S_final
S0-S3,gpt-4o,S0→S1,0,1,W->W,0.4798889599740504,0.4806902639567851,Wrong,Wrong,57,1,H₂O,S0,S1,text-embedding-3-large,S_final
S0-S3,gpt-4o,S0→S1,0,1,W->W,0.3720224330822626,0.3972990840673446,Wrong,Wrong,57,2,EtOH/H₂O,S0,S1,text-embedding-3-large,S_final
S0-S3,gpt-4o,S1→S2,1,2,C->C,0.6349461615085601,0.6683570683002472,Correct,Correct,1,1,Tb(NO₃)₃ or Dy(NO₃)₃,S1,S2,text-embedding-3-large,S_final
S0-S3,gpt-4o,S1→S2,1,2,C->C,0.5784008493026097,0.5747507969538371,Correct,Correct,1,3,NaCl,S1,S2,text-embedding-3-large,S_final
S0-S3,gpt-4o,S1→S2,1,2,C->C,0.6616277853647867,0.6720643907785414,Correct,Correct,1,4,KCl,S1,S2,text-embedding-3-large,S_final
S0-S3,gpt-4o,S1→S2,1,2,C->C,0.6754918108383814,0.6899690379699072,Correct,Correct,2,1,Tb(NO₃)₃ or Eu(NO₃)₃,S1,S2,text-embedding-3-large,S_final
S0-S3,gpt-4o,S1→S2,1,2,C->C,0.6773782511552174,0.7191957890987395,Correct,Correct,3,2,B(OH)₃ + AgNO₃,S1,S2,text-embedding-3-large,S_final
S0-S3,gpt-4o,S1→S2,1,2,C->C,0.6298467675844829,0.6730345338582993,Correct,Correct,5,2,KCl,S1,S2,text-embedding-3-large,S_final
S0-S3,gpt-4o,S1→S2,1,2,C->C,0.6493998875220616,0.6609509120384852,Correct,Correct,5,3,NaCl,S1,S2,text-embedding-3-large,S_final
S0-S3,gpt-4o,S1→S2,1,2,C->C,0.6670493682225546,0.6622315943241119,Correct,Correct,6,1,LiCl,S1,S2,text-embedding-3-large,S_final
S0-S3,gpt-4o,S1→S2,1,2,C->C,0.6548828959465026,0.6693008830149968,Correct,Correct,6,3,KCl,S1,S2,text-embedding-3-large,S_final
S0-S3,gpt-4o,S1→S2,1,2,C->C,0.5698432942231496,0.6065400312344232,Correct,Correct,7,4,KCl,S1,S2,text-embedding-3-large,S_final
S0-S3,gpt-4o,S1→S2,1,2,C->C,0.6283591469128926,0.6423767854770025,Correct,Correct,7,5,KCl,S1,S2,text-embedding-3-large,S_final
S0-S3,gpt-4o,S1→S2,1,2,C->C,0.6250010798374812,0.6202255626519521,Correct,Correct,7,8,KCl + TAcG,S1,S2,text-embedding-3-large,S_final
S0-S3,gpt-4o,S1→S2,1,2,C->C,0.6846944689750671,0.6618634670972824,Correct,Correct,7,9,KB(OH)₄,S1,S2,text-embedding-3-large,S_final
S0-S3,gpt-4o,S1→S2,1,2,C->C,0.6642298251390457,0.6471059749523799,Correct,Correct,8,1,LiCl,S1,S2,text-embedding-3-large,S_final
S0-S3,gpt-4o,S1→S2,1,2,C->C,0.629060869415601,0.6305454552173614,Correct,Correct,8,2,NaCl,S1,S2,text-embedding-3-large,S_final
S0-S3,gpt-4o,S1→S2,1,2,C->C,0.6386541972557703,0.6375002781550089,Correct,Correct,9,1,LiCl,S1,S2,text-embedding-3-large,S_final
S0-S3,gpt-4o,S1→S2,1,2,C->C,0.6623962024847666,0.6292586108048757,Correct,Correct,9,3,NaCl,S1,S2,text-embedding-3-large,S_final
S0-S3,gpt-4o,S1→S2,1,2,C->C,0.5375596083700656,0.547647301107645,Correct,Correct,13,2,acidic pH,S1,S2,text-embedding-3-large,S_final
S0-S3,gpt-4o,S1→S2,1,2,C->C,0.5901879479487737,0.5745727290709813,Correct,Correct,14,1,H₂O,S1,S2,text-embedding-3-large,S_final
S0-S3,gpt-4o,S1→S2,1,2,C->C,0.5060057585438091,0.5361767341693242,Correct,Correct,15,1,H₂O,S1,S2,text-embedding-3-large,S_final
S0-S3,gpt-4o,S1→S2,1,2,C->C,0.6348003566265107,0.687103471159935,Correct,Correct,16,1,H₂O,S1,S2,text-embedding-3-large,S_final
S0-S3,gpt-4o,S1→S2,1,2,C->C,0.6113021830717722,0.5844679027795792,Correct,Correct,17,1,H₂O,S1,S2,text-embedding-3-large,S_final
S0-S3,gpt-4o,S1→S2,1,2,C->C,0.6351614574591319,0.6573852022488912,Correct,Correct,18,1,H₂O,S1,S2,text-embedding-3-large,S_final
S0-S3,gpt-4o,S1→S2,1,2,C->C,0.6262380202611287,0.6157967160145441,Correct,Correct,19,1,H₂O,S1,S2,text-embedding-3-large,S_final
S0-S3,gpt-4o,S1→S2,1,2,C->C,0.5999948571125665,0.6359441230694453,Correct,Correct,21,1,EtOH/H₂O,S1,S2,text-embedding-3-large,S_final
S0-S3,gpt-4o,S1→S2,1,2,C->C,0.5876927971839905,0.6146799286206562,Correct,Correct,22,1,EtOH/H₂O,S1,S2,text-embedding-3-large,S_final
S0-S3,gpt-4o,S1→S2,1,2,C->C,0.6390894869963328,0.636704871058464,Correct,Correct,23,1,EtOH/H₂O,S1,S2,text-embedding-3-large,S_final
S0-S3,gpt-4o,S1→S2,1,2,C->C,0.6150519559780756,0.5973782787720362,Correct,Correct,24,1,EtOH/H₂O,S1,S2,text-embedding-3-large,S_final
S0-S3,gpt-4o,S1→S2,1,2,C->C,0.529703302681446,0.5301160002748171,Correct,Correct,25,1,NaOH,S1,S2,text-embedding-3-large,S_final
S0-S3,gpt-4o,S1→S2,1,2,C->C,0.5789306292931239,0.5902277270952859,Correct,Correct,25,2,Organic solvents,S1,S2,text-embedding-3-large,S_final
S0-S3,gpt-4o,S1→S2,1,2,C->C,0.6109819382429122,0.6180639564990997,Correct,Correct,26,1,NaOH,S1,S2,text-embedding-3-large,S_final
S0-S3,gpt-4o,S1→S2,1,2,C->C,0.4490743701656659,0.4700235600272814,Correct,Correct,26,2,KOH,S1,S2,text-embedding-3-large,S_final
S0-S3,gpt-4o,S1→S2,1,2,C->C,0.4777650708953539,0.4962369670470555,Correct,Correct,26,3,LiOH,S1,S2,text-embedding-3-large,S_final
S0-S3,gpt-4o,S1→S2,1,2,C->C,0.6377947628498076,0.6123619208733241,Correct,Correct,26,4,Organic solvents,S1,S2,text-embedding-3-large,S_final
S0-S3,gpt-4o,S1→S2,1,2,C->C,0.5719152510166168,0.5963720798492431,Correct,Correct,27,1,NaOH,S1,S2,text-embedding-3-large,S_final
S0-S3,gpt-4o,S1→S2,1,2,C->C,0.4807220801711082,0.5082307368516922,Correct,Correct,27,2,KOH,S1,S2,text-embedding-3-large,S_final
S0-S3,gpt-4o,S1→S2,1,2,C->C,0.4852888286113739,0.4733927180369695,Correct,Correct,27,3,LiOH,S1,S2,text-embedding-3-large,S_final
S0-S3,gpt-4o,S1→S2,1,2,C->C,0.6878984481096267,0.6924560695886611,Correct,Correct,27,4,Organic solvents,S1,S2,text-embedding-3-large,S_final
S0-S3,gpt-4o,S1→S2,1,2,C->C,0.4904775942365328,0.4636011630296706,Correct,Correct,28,2,Organic solvents,S1,S2,text-embedding-3-large,S_final
S0-S3,gpt-4o,S1→S2,1,2,C->C,0.6039999902248382,0.6238611117005348,Correct,Correct,29,1,NaOH,S1,S2,text-embedding-3-large,S_final
S0-S3,gpt-4o,S1→S2,1,2,C->C,0.443226829667886,0.437894369661808,Correct,Correct,29,2,Organic solvents,S1,S2,text-embedding-3-large,S_final
S0-S3,gpt-4o,S1→S2,1,2,C->C,0.5662484402457872,0.6074105153481165,Correct,Correct,30,1,NaOH,S1,S2,text-embedding-3-large,S_final
S0-S3,gpt-4o,S1→S2,1,2,C->C,0.4684338544805844,0.4958289136489232,Correct,Correct,30,2,Organic solvents,S1,S2,text-embedding-3-large,S_final
S0-S3,gpt-4o,S1→S2,1,2,C->C,0.5646030351519583,0.5550261025627454,Correct,Correct,33,1,H₂O,S1,S2,text-embedding-3-large,S_final
S0-S3,gpt-4o,S1→S2,1,2,C->C,0.5626991162697473,0.5741276254256565,Correct,Correct,34,1,H₂O,S1,S2,text-embedding-3-large,S_final
S0-S3,gpt-4o,S1→S2,1,2,C->C,0.5922743827104568,0.6096981336673101,Correct,Correct,36,2,KCl,S1,S2,text-embedding-3-large,S_final
S0-S3,gpt-4o,S1→S2,1,2,C->C,0.6346401765942573,0.6453444391489029,Correct,Correct,37,2,KCl,S1,S2,text-embedding-3-large,S_final
S0-S3,gpt-4o,S1→S2,1,2,C->C,0.4324458946784337,0.4182899023095767,Correct,Correct,38,1,KCl + NaCl,S1,S2,text-embedding-3-large,S_final
S0-S3,gpt-4o,S1→S2,1,2,C->C,0.716354763507843,0.7074298838774363,Correct,Correct,39,2,KCl,S1,S2,text-embedding-3-large,S_final
S0-S3,gpt-4o,S1→S2,1,2,C->C,0.682075572013855,0.6829670627911885,Correct,Correct,40,1,KCl,S1,S2,text-embedding-3-large,S_final
S0-S3,gpt-4o,S1→S2,1,2,C->C,0.6199819246927897,0.6068577587604523,Correct,Correct,40,6,KCl,S1,S2,text-embedding-3-large,S_final
S0-S3,gpt-4o,S1→S2,1,2,C->C,0.635061557094256,0.6430767923593521,Correct,Correct,45,1,Organic solvents,S1,S2,text-embedding-3-large,S_final
S0-S3,gpt-4o,S1→S2,1,2,C->C,0.6294053355852762,0.6259786953528722,Correct,Correct,46,1,Organic solvents,S1,S2,text-embedding-3-large,S_final
S0-S3,gpt-4o,S1→S2,1,2,C->C,0.6048345327377319,0.6090447276830673,Correct,Correct,46,2,Organic solvents,S1,S2,text-embedding-3-large,S_final
S0-S3,gpt-4o,S1→S2,1,2,C->C,0.639607177178065,0.6278350015481312,Correct,Correct,47,1,Organic solvents,S1,S2,text-embedding-3-large,S_final
S0-S3,gpt-4o,S1→S2,1,2,C->C,0.5645039806763331,0.5836539814869562,Correct,Correct,47,2,Organic solvents,S1,S2,text-embedding-3-large,S_final
S0-S3,gpt-4o,S1→S2,1,2,C->C,0.5098783880472183,0.5493581876158714,Correct,Correct,48,2,B(OH)₃ + other ions,S1,S2,text-embedding-3-large,S_final
S0-S3,gpt-4o,S1→S2,1,2,C->C,0.5175452753901482,0.5104920923709869,Correct,Correct,50,1,B(OH)₃ + AgNO₃,S1,S2,text-embedding-3-large,S_final
S0-S3,gpt-4o,S1→S2,1,2,C->C,0.5798974484205246,0.5411987001697222,Correct,Correct,53,1,H₂O,S1,S2,text-embedding-3-large,S_final
S0-S3,gpt-4o,S1→S2,1,2,C->C,0.6316363324721653,0.6308492908875147,Correct,Correct,53,2,EtOH/H₂O,S1,S2,text-embedding-3-large,S_final
S0-S3,gpt-4o,S1→S2,1,2,C->C,0.4430887773633003,0.4336855183045069,Correct,Correct,54,1,H₂O,S1,S2,text-embedding-3-large,S_final
S0-S3,gpt-4o,S1→S2,1,2,C->C,0.6382702767848968,0.613160839676857,Correct,Correct,54,2,EtOH/H₂O,S1,S2,text-embedding-3-large,S_final
S0-S3,gpt-4o,S1→S2,1,2,C->C,0.6615556796391804,0.6459868182738623,Correct,Correct,55,2,EtOH/H₂O,S1,S2,text-embedding-3-large,S_final
S0-S3,gpt-4o,S1→S2,1,2,C->C,0.591459459066391,0.5828470995028813,Correct,Correct,56,2,EtOH/H₂O,S1,S2,text-embedding-3-large,S_final
S0-S3,gpt-4o,S1→S2,1,2,C->C,0.543882405757904,0.541430152952671,Correct,Correct,58,1,H₂O,S1,S2,text-embedding-3-large,S_final
S0-S3,gpt-4o,S1→S2,1,2,C->C,0.5547264064351717,0.561274659136931,Correct,Correct,58,2,EtOH/H₂O,S1,S2,text-embedding-3-large,S_final
S0-S3,gpt-4o,S1→S2,1,2,C->C,0.4880324343840281,0.4770148118336995,Correct,Correct,59,1,H₂O,S1,S2,text-embedding-3-large,S_final
S0-S3,gpt-4o,S1→S2,1,2,C->C,0.5937804490327835,0.5973057652513186,Correct,Correct,59,2,EtOH/H₂O,S1,S2,text-embedding-3-large,S_final
S0-S3,gpt-4o,S1→S2,1,2,C->C,0.4360739310582478,0.4419461583097775,Correct,Correct,60,1,H₂O,S1,S2,text-embedding-3-large,S_final
S0-S3,gpt-4o,S1→S2,1,2,C->C,0.6180900951226552,0.611410151918729,Correct,Correct,60,2,EtOH/H₂O,S1,S2,text-embedding-3-large,S_final
S0-S3,gpt-4o,S1→S2,1,2,C->C,0.4778048629562059,0.4805901447931925,Correct,Correct,61,1,H₂O,S1,S2,text-embedding-3-large,S_final
S0-S3,gpt-4o,S1→S2,1,2,C->C,0.6265398919582367,0.6217062542835871,Correct,Correct,61,2,EtOH/H₂O,S1,S2,text-embedding-3-large,S_final
S0-S3,gpt-4o,S1→S2,1,2,C->C,0.5642735337217649,0.5736544440189997,Correct,Correct,62,1,H₂O,S1,S2,text-embedding-3-large,S_final
S0-S3,gpt-4o,S1→S2,1,2,C->C,0.565457354982694,0.5796203012267748,Correct,Correct,62,2,EtOH/H₂O,S1,S2,text-embedding-3-large,S_final
S0-S3,gpt-4o,S1→S2,1,2,C->C,0.5694966306289037,0.5708139181137084,Correct,Correct,63,1,H₂O,S1,S2,text-embedding-3-large,S_final
S0-S3,gpt-4o,S1→S2,1,2,C->C,0.5867566173275311,0.5791133403778076,Correct,Correct,63,2,EtOH/H₂O,S1,S2,text-embedding-3-large,S_final
S0-S3,gpt-4o,S1→S2,1,2,C->W,0.6382011637091637,0.6212815895676612,Correct,Wrong,31,1,H₂O,S1,S2,text-embedding-3-large,S_final
S0-S3,gpt-4o,S1→S2,1,2,C->W,0.6489018549521764,0.6515281692147254,Correct,Wrong,36,1,NaCl,S1,S2,text-embedding-3-large,S_final
S0-S3,gpt-4o,S1→S2,1,2,C->W,0.5888460047543049,0.5854558259248733,Correct,Wrong,37,1,KCl + NaCl,S1,S2,text-embedding-3-large,S_final
S0-S3,gpt-4o,S1→S2,1,2,C->W,0.4061914255221684,0.4011829351385434,Correct,Wrong,38,2,KCl,S1,S2,text-embedding-3-large,S_final
S0-S3,gpt-4o,S1→S2,1,2,W->C,0.6357232213020324,0.6941908806562423,Wrong,Correct,3,1,Tb(NO₃)₃ or Eu(NO₃)₃,S1,S2,text-embedding-3-large,S_final
S0-S3,gpt-4o,S1→S2,1,2,W->C,0.5044668351610501,0.4850506419936815,Wrong,Correct,12,1,H₂O,S1,S2,text-embedding-3-large,S_final
S0-S3,gpt-4o,S1→S2,1,2,W->C,0.5682477012276649,0.5947225347161293,Wrong,Correct,36,3,NaCl + TAcG,S1,S2,text-embedding-3-large,S_final
S0-S3,gpt-4o,S1→S2,1,2,W->C,0.6613373716672261,0.6890093445777893,Wrong,Correct,41,1,KCl,S1,S2,text-embedding-3-large,S_final
S0-S3,gpt-4o,S1→S2,1,2,W->C,0.5413353838026523,0.533756336569786,Wrong,Correct,49,1,B(OH)₃ + AgNO₃,S1,S2,text-embedding-3-large,S_final
S0-S3,gpt-4o,S1→S2,1,2,W->C,0.6548808425664902,0.6708933234214782,Wrong,Correct,51,1,KB(OH)₄,S1,S2,text-embedding-3-large,S_final
S0-S3,gpt-4o,S1→S2,1,2,W->C,0.6472427204251289,0.7053889642159143,Wrong,Correct,52,1,KB(OH)₄,S1,S2,text-embedding-3-large,S_final
S0-S3,gpt-4o,S1→S2,1,2,W->C,0.5412830919027328,0.5275831590096156,Wrong,Correct,55,1,H₂O,S1,S2,text-embedding-3-large,S_final
S0-S3,gpt-4o,S1→S2,1,2,W->C,0.4806902639567851,0.5057494007050991,Wrong,Correct,57,1,H₂O,S1,S2,text-embedding-3-large,S_final
S0-S3,gpt-4o,S1→S2,1,2,W->C,0.596143814921379,0.6057423263788223,Wrong,Correct,64,1,KCl,S1,S2,text-embedding-3-large,S_final
S0-S3,gpt-4o,S1→S2,1,2,W->C,0.5840982317924499,0.5849138309558232,Wrong,Correct,64,2,NaB(OH)₄,S1,S2,text-embedding-3-large,S_final
S0-S3,gpt-4o,S1→S2,1,2,W->W,0.6077186018228531,0.6190320119261741,Wrong,Wrong,1,2,LiCl,S1,S2,text-embedding-3-large,S_final
S0-S3,gpt-4o,S1→S2,1,2,W->W,0.5266608983278274,0.585487376153469,Wrong,Wrong,1,5,KB(OH)₄,S1,S2,text-embedding-3-large,S_final
S0-S3,gpt-4o,S1→S2,1,2,W->W,0.663164143760999,0.6693880567948023,Wrong,Wrong,4,1,LiCl,S1,S2,text-embedding-3-large,S_final
S0-S3,gpt-4o,S1→S2,1,2,W->W,0.6618245939413705,0.6715086062749226,Wrong,Wrong,4,2,NaCl,S1,S2,text-embedding-3-large,S_final
S0-S3,gpt-4o,S1→S2,1,2,W->W,0.6444941023985544,0.6218527932961782,Wrong,Wrong,4,3,KCl,S1,S2,text-embedding-3-large,S_final
S0-S3,gpt-4o,S1→S2,1,2,W->W,0.6320096830526988,0.6445856024821599,Wrong,Wrong,5,1,LiCl,S1,S2,text-embedding-3-large,S_final
S0-S3,gpt-4o,S1→S2,1,2,W->W,0.5974047223726909,0.5802581151326498,Wrong,Wrong,6,2,NaCl,S1,S2,text-embedding-3-large,S_final
S0-S3,gpt-4o,S1→S2,1,2,W->W,0.6940984249114989,0.6812173992395401,Wrong,Wrong,7,1,LiCl,S1,S2,text-embedding-3-large,S_final
S0-S3,gpt-4o,S1→S2,1,2,W->W,0.6638473043839136,0.6750247225165367,Wrong,Wrong,7,2,NaCl,S1,S2,text-embedding-3-large,S_final
S0-S3,gpt-4o,S1→S2,1,2,W->W,0.5780026470621427,0.5707019830743472,Wrong,Wrong,7,3,KCl + NaCl,S1,S2,text-embedding-3-large,S_final
S0-S3,gpt-4o,S1→S2,1,2,W->W,0.5787510097026825,0.5497458763420582,Wrong,Wrong,7,6,KCl,S1,S2,text-embedding-3-large,S_final
S0-S3,gpt-4o,S1→S2,1,2,W->W,0.655690657099088,0.6399333784977594,Wrong,Wrong,7,7,KCl,S1,S2,text-embedding-3-large,S_final
S0-S3,gpt-4o,S1→S2,1,2,W->W,0.6045334299405416,0.6148912250995636,Wrong,Wrong,7,10,KB(OH)₄,S1,S2,text-embedding-3-large,S_final
S0-S3,gpt-4o,S1→S2,1,2,W->W,0.6218086550633113,0.6562550038099288,Wrong,Wrong,7,11,LiB(OH)₄,S1,S2,text-embedding-3-large,S_final
S0-S3,gpt-4o,S1→S2,1,2,W->W,0.5912500003973643,0.5816155264774957,Wrong,Wrong,8,3,KCl,S1,S2,text-embedding-3-large,S_final
S0-S3,gpt-4o,S1→S2,1,2,W->W,0.5692145039637883,0.5430937230587005,Wrong,Wrong,8,4,KCl,S1,S2,text-embedding-3-large,S_final
S0-S3,gpt-4o,S1→S2,1,2,W->W,0.6266421010096868,0.64596196214358,Wrong,Wrong,9,2,KCl,S1,S2,text-embedding-3-large,S_final
S0-S3,gpt-4o,S1→S2,1,2,W->W,0.5471114615599314,0.5551570976773896,Wrong,Wrong,10,1,H₂O,S1,S2,text-embedding-3-large,S_final
S0-S3,gpt-4o,S1→S2,1,2,W->W,0.6031878699858982,0.585686045885086,Wrong,Wrong,10,2,PBS,S1,S2,text-embedding-3-large,S_final
S0-S3,gpt-4o,S1→S2,1,2,W->W,0.4956728522976239,0.4977642968297004,Wrong,Wrong,11,1,H₂O,S1,S2,text-embedding-3-large,S_final
S0-S3,gpt-4o,S1→S2,1,2,W->W,0.6290229529142379,0.6125211000442505,Wrong,Wrong,13,1,H₂O,S1,S2,text-embedding-3-large,S_final
S0-S3,gpt-4o,S1→S2,1,2,W->W,0.5508421652019023,0.5370631486177444,Wrong,Wrong,13,3,acidic pH + benzyl amine,S1,S2,text-embedding-3-large,S_final
S0-S3,gpt-4o,S1→S2,1,2,W->W,0.6542610277732214,0.6805101493994394,Wrong,Wrong,20,1,EtOH/H₂O,S1,S2,text-embedding-3-large,S_final
S0-S3,gpt-4o,S1→S2,1,2,W->W,0.5562162006894747,0.5503206556042035,Wrong,Wrong,28,1,NaOH,S1,S2,text-embedding-3-large,S_final
S0-S3,gpt-4o,S1→S2,1,2,W->W,0.5546283081173897,0.537253538519144,Wrong,Wrong,32,1,H₂O,S1,S2,text-embedding-3-large,S_final
S0-S3,gpt-4o,S1→S2,1,2,W->W,0.5076843425631522,0.5009917010863622,Wrong,Wrong,35,1,H₂O,S1,S2,text-embedding-3-large,S_final
S0-S3,gpt-4o,S1→S2,1,2,W->W,0.515382601817449,0.512929055094719,Wrong,Wrong,39,1,NaCl,S1,S2,text-embedding-3-large,S_final
S0-S3,gpt-4o,S1→S2,1,2,W->W,0.6820162683725357,0.6793981641530991,Wrong,Wrong,40,2,NaCl,S1,S2,text-embedding-3-large,S_final
S0-S3,gpt-4o,S1→S2,1,2,W->W,0.6496490190426508,0.6604162534077963,Wrong,Wrong,40,3,NH₄Cl,S1,S2,text-embedding-3-large,S_final
S0-S3,gpt-4o,S1→S2,1,2,W->W,0.5847111821174621,0.6212368915478389,Wrong,Wrong,40,4,Me₄NCl,S1,S2,text-embedding-3-large,S_final
S0-S3,gpt-4o,S1→S2,1,2,W->W,0.632078797618548,0.6090042938788732,Wrong,Wrong,40,5,Borate buffer,S1,S2,text-embedding-3-large,S_final
S0-S3,gpt-4o,S1→S2,1,2,W->W,0.5231790641943613,0.5342073529958725,Wrong,Wrong,42,1,KCl,S1,S2,text-embedding-3-large,S_final
S0-S3,gpt-4o,S1→S2,1,2,W->W,0.5554972102244695,0.5545546501874924,Wrong,Wrong,43,1,KCl,S1,S2,text-embedding-3-large,S_final
S0-S3,gpt-4o,S1→S2,1,2,W->W,0.628834796945254,0.6354300335049629,Wrong,Wrong,44,1,KCl,S1,S2,text-embedding-3-large,S_final
S0-S3,gpt-4o,S1→S2,1,2,W->W,0.4956648002068202,0.5159545222918193,Wrong,Wrong,45,2,Organic solvents,S1,S2,text-embedding-3-large,S_final
S0-S3,gpt-4o,S1→S2,1,2,W->W,0.4849027449886003,0.5095446348190307,Wrong,Wrong,45,3,Organic solvents,S1,S2,text-embedding-3-large,S_final
S0-S3,gpt-4o,S1→S2,1,2,W->W,0.5289929399887722,0.5368834892908732,Wrong,Wrong,48,1,B(OH)₃ + AgNO₃,S1,S2,text-embedding-3-large,S_final
S0-S3,gpt-4o,S1→S2,1,2,W->W,0.5268583868940669,0.51206466704607,Wrong,Wrong,56,1,H₂O,S1,S2,text-embedding-3-large,S_final
S0-S3,gpt-4o,S1→S2,1,2,W->W,0.3972990840673446,0.3998797198136647,Wrong,Wrong,57,2,EtOH/H₂O,S1,S2,text-embedding-3-large,S_final
S0-S3,gpt-4o,S2→S3,2,3,C->C,0.6683570683002472,0.7197225481271743,Correct,Correct,1,1,Tb(NO₃)₃ or Dy(NO₃)₃,S2,S3,text-embedding-3-large,S_final
S0-S3,gpt-4o,S2→S3,2,3,C->C,0.5747507969538371,0.5907809923092525,Correct,Correct,1,3,NaCl,S2,S3,text-embedding-3-large,S_final
S0-S3,gpt-4o,S2→S3,2,3,C->C,0.6720643907785414,0.6800946484009424,Correct,Correct,1,4,KCl,S2,S3,text-embedding-3-large,S_final
S0-S3,gpt-4o,S2→S3,2,3,C->C,0.6899690379699072,0.7389591470360756,Correct,Correct,2,1,Tb(NO₃)₃ or Eu(NO₃)₃,S2,S3,text-embedding-3-large,S_final
S0-S3,gpt-4o,S2→S3,2,3,C->C,0.6941908806562423,0.7123314181963604,Correct,Correct,3,1,Tb(NO₃)₃ or Eu(NO₃)₃,S2,S3,text-embedding-3-large,S_final
S0-S3,gpt-4o,S2→S3,2,3,C->C,0.7191957890987395,0.7495051483313242,Correct,Correct,3,2,B(OH)₃ + AgNO₃,S2,S3,text-embedding-3-large,S_final
S0-S3,gpt-4o,S2→S3,2,3,C->C,0.6730345338582993,0.6791023721297581,Correct,Correct,5,2,KCl,S2,S3,text-embedding-3-large,S_final
S0-S3,gpt-4o,S2→S3,2,3,C->C,0.6609509120384852,0.693641722202301,Correct,Correct,5,3,NaCl,S2,S3,text-embedding-3-large,S_final
S0-S3,gpt-4o,S2→S3,2,3,C->C,0.6622315943241119,0.713646109898885,Correct,Correct,6,1,LiCl,S2,S3,text-embedding-3-large,S_final
S0-S3,gpt-4o,S2→S3,2,3,C->C,0.6693008830149968,0.6983237961928048,Correct,Correct,6,3,KCl,S2,S3,text-embedding-3-large,S_final
S0-S3,gpt-4o,S2→S3,2,3,C->C,0.6065400312344232,0.6131895075241723,Correct,Correct,7,4,KCl,S2,S3,text-embedding-3-large,S_final
S0-S3,gpt-4o,S2→S3,2,3,C->C,0.6423767854770025,0.664975274602572,Correct,Correct,7,5,KCl,S2,S3,text-embedding-3-large,S_final
S0-S3,gpt-4o,S2→S3,2,3,C->C,0.6202255626519521,0.6701748237013816,Correct,Correct,7,8,KCl + TAcG,S2,S3,text-embedding-3-large,S_final
S0-S3,gpt-4o,S2→S3,2,3,C->C,0.6618634670972824,0.693162663280964,Correct,Correct,7,9,KB(OH)₄,S2,S3,text-embedding-3-large,S_final
S0-S3,gpt-4o,S2→S3,2,3,C->C,0.6471059749523799,0.6832716574271519,Correct,Correct,8,1,LiCl,S2,S3,text-embedding-3-large,S_final
S0-S3,gpt-4o,S2→S3,2,3,C->C,0.6305454552173614,0.6661553750435512,Correct,Correct,8,2,NaCl,S2,S3,text-embedding-3-large,S_final
S0-S3,gpt-4o,S2→S3,2,3,C->C,0.6375002781550089,0.6847136487563451,Correct,Correct,9,1,LiCl,S2,S3,text-embedding-3-large,S_final
S0-S3,gpt-4o,S2→S3,2,3,C->C,0.6292586108048757,0.6978533695141474,Correct,Correct,9,3,NaCl,S2,S3,text-embedding-3-large,S_final
S0-S3,gpt-4o,S2→S3,2,3,C->C,0.547647301107645,0.5405809819698334,Correct,Correct,13,2,acidic pH,S2,S3,text-embedding-3-large,S_final
S0-S3,gpt-4o,S2→S3,2,3,C->C,0.5745727290709813,0.6464482441544532,Correct,Correct,14,1,H₂O,S2,S3,text-embedding-3-large,S_final
S0-S3,gpt-4o,S2→S3,2,3,C->C,0.687103471159935,0.7161670088768005,Correct,Correct,16,1,H₂O,S2,S3,text-embedding-3-large,S_final
S0-S3,gpt-4o,S2→S3,2,3,C->C,0.5844679027795792,0.6549139817555745,Correct,Correct,17,1,H₂O,S2,S3,text-embedding-3-large,S_final
S0-S3,gpt-4o,S2→S3,2,3,C->C,0.6573852022488912,0.6623987476030985,Correct,Correct,18,1,H₂O,S2,S3,text-embedding-3-large,S_final
S0-S3,gpt-4o,S2→S3,2,3,C->C,0.6157967160145441,0.6626586665709814,Correct,Correct,19,1,H₂O,S2,S3,text-embedding-3-large,S_final
S0-S3,gpt-4o,S2→S3,2,3,C->C,0.6359441230694453,0.6429630696773528,Correct,Correct,21,1,EtOH/H₂O,S2,S3,text-embedding-3-large,S_final
S0-S3,gpt-4o,S2→S3,2,3,C->C,0.6146799286206562,0.5961607774098714,Correct,Correct,22,1,EtOH/H₂O,S2,S3,text-embedding-3-large,S_final
S0-S3,gpt-4o,S2→S3,2,3,C->C,0.636704871058464,0.6559189657370249,Correct,Correct,23,1,EtOH/H₂O,S2,S3,text-embedding-3-large,S_final
S0-S3,gpt-4o,S2→S3,2,3,C->C,0.5973782787720362,0.6557024717330933,Correct,Correct,24,1,EtOH/H₂O,S2,S3,text-embedding-3-large,S_final
S0-S3,gpt-4o,S2→S3,2,3,C->C,0.5301160002748171,0.5258197461565336,Correct,Correct,25,1,NaOH,S2,S3,text-embedding-3-large,S_final
S0-S3,gpt-4o,S2→S3,2,3,C->C,0.5902277270952859,0.6151748110850651,Correct,Correct,25,2,Organic solvents,S2,S3,text-embedding-3-large,S_final
S0-S3,gpt-4o,S2→S3,2,3,C->C,0.4700235600272814,0.5406041915218035,Correct,Correct,26,2,KOH,S2,S3,text-embedding-3-large,S_final
S0-S3,gpt-4o,S2→S3,2,3,C->C,0.4962369670470555,0.5245571593443552,Correct,Correct,26,3,LiOH,S2,S3,text-embedding-3-large,S_final
S0-S3,gpt-4o,S2→S3,2,3,C->C,0.6123619208733241,0.6424098640680312,Correct,Correct,26,4,Organic solvents,S2,S3,text-embedding-3-large,S_final
S0-S3,gpt-4o,S2→S3,2,3,C->C,0.5963720798492431,0.6252220024665197,Correct,Correct,27,1,NaOH,S2,S3,text-embedding-3-large,S_final
S0-S3,gpt-4o,S2→S3,2,3,C->C,0.5082307368516922,0.5563782180349032,Correct,Correct,27,2,KOH,S2,S3,text-embedding-3-large,S_final
S0-S3,gpt-4o,S2→S3,2,3,C->C,0.4733927180369695,0.5296533957123756,Correct,Correct,27,3,LiOH,S2,S3,text-embedding-3-large,S_final
S0-S3,gpt-4o,S2→S3,2,3,C->C,0.6924560695886611,0.702754388252894,Correct,Correct,27,4,Organic solvents,S2,S3,text-embedding-3-large,S_final
S0-S3,gpt-4o,S2→S3,2,3,C->C,0.4636011630296706,0.54759471565485,Correct,Correct,28,2,Organic solvents,S2,S3,text-embedding-3-large,S_final
S0-S3,gpt-4o,S2→S3,2,3,C->C,0.6238611117005348,0.6190875798463821,Correct,Correct,29,1,NaOH,S2,S3,text-embedding-3-large,S_final
S0-S3,gpt-4o,S2→S3,2,3,C->C,0.437894369661808,0.4758926376700401,Correct,Correct,29,2,Organic solvents,S2,S3,text-embedding-3-large,S_final
S0-S3,gpt-4o,S2→S3,2,3,C->C,0.6074105153481165,0.615483487645785,Correct,Correct,30,1,NaOH,S2,S3,text-embedding-3-large,S_final
S0-S3,gpt-4o,S2→S3,2,3,C->C,0.4958289136489232,0.4927961890896161,Correct,Correct,30,2,Organic solvents,S2,S3,text-embedding-3-large,S_final
S0-S3,gpt-4o,S2→S3,2,3,C->C,0.5550261025627454,0.6122203727563221,Correct,Correct,33,1,H₂O,S2,S3,text-embedding-3-large,S_final
S0-S3,gpt-4o,S2→S3,2,3,C->C,0.5741276254256565,0.5775880893071492,Correct,Correct,34,1,H₂O,S2,S3,text-embedding-3-large,S_final
S0-S3,gpt-4o,S2→S3,2,3,C->C,0.6096981336673101,0.6234269152084986,Correct,Correct,36,2,KCl,S2,S3,text-embedding-3-large,S_final
S0-S3,gpt-4o,S2→S3,2,3,C->C,0.5947225347161293,0.6156295518080394,Correct,Correct,36,3,NaCl + TAcG,S2,S3,text-embedding-3-large,S_final
S0-S3,gpt-4o,S2→S3,2,3,C->C,0.6453444391489029,0.6509922504425049,Correct,Correct,37,2,KCl,S2,S3,text-embedding-3-large,S_final
S0-S3,gpt-4o,S2→S3,2,3,C->C,0.4182899023095767,0.4034504955013593,Correct,Correct,38,1,KCl + NaCl,S2,S3,text-embedding-3-large,S_final
S0-S3,gpt-4o,S2→S3,2,3,C->C,0.7074298838774363,0.7598275691270827,Correct,Correct,39,2,KCl,S2,S3,text-embedding-3-large,S_final
S0-S3,gpt-4o,S2→S3,2,3,C->C,0.6829670627911885,0.6793304582436878,Correct,Correct,40,1,KCl,S2,S3,text-embedding-3-large,S_final
S0-S3,gpt-4o,S2→S3,2,3,C->C,0.6068577587604523,0.6379042357206345,Correct,Correct,40,6,KCl,S2,S3,text-embedding-3-large,S_final
S0-S3,gpt-4o,S2→S3,2,3,C->C,0.6890093445777893,0.6712253590424856,Correct,Correct,41,1,KCl,S2,S3,text-embedding-3-large,S_final
S0-S3,gpt-4o,S2→S3,2,3,C->C,0.6430767923593521,0.6437303890784581,Correct,Correct,45,1,Organic solvents,S2,S3,text-embedding-3-large,S_final
S0-S3,gpt-4o,S2→S3,2,3,C->C,0.6259786953528722,0.6479388008515039,Correct,Correct,46,1,Organic solvents,S2,S3,text-embedding-3-large,S_final
S0-S3,gpt-4o,S2→S3,2,3,C->C,0.6090447276830673,0.653509138027827,Correct,Correct,46,2,Organic solvents,S2,S3,text-embedding-3-large,S_final
S0-S3,gpt-4o,S2→S3,2,3,C->C,0.6278350015481312,0.6801165799299875,Correct,Correct,47,1,Organic solvents,S2,S3,text-embedding-3-large,S_final
S0-S3,gpt-4o,S2→S3,2,3,C->C,0.5836539814869562,0.6015813181797663,Correct,Correct,47,2,Organic solvents,S2,S3,text-embedding-3-large,S_final
S0-S3,gpt-4o,S2→S3,2,3,C->C,0.5104920923709869,0.5669256627559661,Correct,Correct,50,1,B(OH)₃ + AgNO₃,S2,S3,text-embedding-3-large,S_final
S0-S3,gpt-4o,S2→S3,2,3,C->C,0.6708933234214782,0.6840801229079564,Correct,Correct,51,1,KB(OH)₄,S2,S3,text-embedding-3-large,S_final
S0-S3,gpt-4o,S2→S3,2,3,C->C,0.7053889642159143,0.7182333936293919,Correct,Correct,52,1,KB(OH)₄,S2,S3,text-embedding-3-large,S_final
S0-S3,gpt-4o,S2→S3,2,3,C->C,0.5411987001697222,0.560638643304507,Correct,Correct,53,1,H₂O,S2,S3,text-embedding-3-large,S_final
S0-S3,gpt-4o,S2→S3,2,3,C->C,0.4336855183045069,0.4754490892092387,Correct,Correct,54,1,H₂O,S2,S3,text-embedding-3-large,S_final
S0-S3,gpt-4o,S2→S3,2,3,C->C,0.613160839676857,0.6763950715462367,Correct,Correct,54,2,EtOH/H₂O,S2,S3,text-embedding-3-large,S_final
S0-S3,gpt-4o,S2→S3,2,3,C->C,0.6459868182738623,0.6656277696291605,Correct,Correct,55,2,EtOH/H₂O,S2,S3,text-embedding-3-large,S_final
S0-S3,gpt-4o,S2→S3,2,3,C->C,0.5828470995028813,0.635168636838595,Correct,Correct,56,2,EtOH/H₂O,S2,S3,text-embedding-3-large,S_final
S0-S3,gpt-4o,S2→S3,2,3,C->C,0.5057494007050991,0.4881550997495651,Correct,Correct,57,1,H₂O,S2,S3,text-embedding-3-large,S_final
S0-S3,gpt-4o,S2→S3,2,3,C->C,0.541430152952671,0.5664053350687026,Correct,Correct,58,1,H₂O,S2,S3,text-embedding-3-large,S_final
S0-S3,gpt-4o,S2→S3,2,3,C->C,0.561274659136931,0.6351759155591329,Correct,Correct,58,2,EtOH/H₂O,S2,S3,text-embedding-3-large,S_final
S0-S3,gpt-4o,S2→S3,2,3,C->C,0.4770148118336995,0.527135488887628,Correct,Correct,59,1,H₂O,S2,S3,text-embedding-3-large,S_final
S0-S3,gpt-4o,S2→S3,2,3,C->C,0.5973057652513186,0.628421268860499,Correct,Correct,59,2,EtOH/H₂O,S2,S3,text-embedding-3-large,S_final
S0-S3,gpt-4o,S2→S3,2,3,C->C,0.4419461583097775,0.4594328184922536,Correct,Correct,60,1,H₂O,S2,S3,text-embedding-3-large,S_final
S0-S3,gpt-4o,S2→S3,2,3,C->C,0.611410151918729,0.6354678928852081,Correct,Correct,60,2,EtOH/H₂O,S2,S3,text-embedding-3-large,S_final
S0-S3,gpt-4o,S2→S3,2,3,C->C,0.4805901447931925,0.4987570131818453,Correct,Correct,61,1,H₂O,S2,S3,text-embedding-3-large,S_final
S0-S3,gpt-4o,S2→S3,2,3,C->C,0.6217062542835871,0.6968805074691772,Correct,Correct,61,2,EtOH/H₂O,S2,S3,text-embedding-3-large,S_final
S0-S3,gpt-4o,S2→S3,2,3,C->C,0.5736544440189997,0.6127302855253219,Correct,Correct,62,1,H₂O,S2,S3,text-embedding-3-large,S_final
S0-S3,gpt-4o,S2→S3,2,3,C->C,0.5796203012267748,0.6001502086718876,Correct,Correct,62,2,EtOH/H₂O,S2,S3,text-embedding-3-large,S_final
S0-S3,gpt-4o,S2→S3,2,3,C->C,0.5708139181137084,0.6036745796600976,Correct,Correct,63,1,H₂O,S2,S3,text-embedding-3-large,S_final
S0-S3,gpt-4o,S2→S3,2,3,C->C,0.5791133403778076,0.5982272525628408,Correct,Correct,63,2,EtOH/H₂O,S2,S3,text-embedding-3-large,S_final
S0-S3,gpt-4o,S2→S3,2,3,C->C,0.6057423263788223,0.6453701764345169,Correct,Correct,64,1,KCl,S2,S3,text-embedding-3-large,S_final
S0-S3,gpt-4o,S2→S3,2,3,C->W,0.4850506419936815,0.5214166350662708,Correct,Wrong,12,1,H₂O,S2,S3,text-embedding-3-large,S_final
S0-S3,gpt-4o,S2→S3,2,3,C->W,0.5361767341693242,0.5624281217654546,Correct,Wrong,15,1,H₂O,S2,S3,text-embedding-3-large,S_final
S0-S3,gpt-4o,S2→S3,2,3,C->W,0.6180639564990997,0.6125248298048973,Correct,Wrong,26,1,NaOH,S2,S3,text-embedding-3-large,S_final
S0-S3,gpt-4o,S2→S3,2,3,C->W,0.5493581876158714,0.519039611518383,Correct,Wrong,48,2,B(OH)₃ + other ions,S2,S3,text-embedding-3-large,S_final
S0-S3,gpt-4o,S2→S3,2,3,C->W,0.533756336569786,0.5605360120534897,Correct,Wrong,49,1,B(OH)₃ + AgNO₃,S2,S3,text-embedding-3-large,S_final
S0-S3,gpt-4o,S2→S3,2,3,C->W,0.6308492908875147,0.6725792691111565,Correct,Wrong,53,2,EtOH/H₂O,S2,S3,text-embedding-3-large,S_final
S0-S3,gpt-4o,S2→S3,2,3,C->W,0.5275831590096156,0.5309053219854831,Correct,Wrong,55,1,H₂O,S2,S3,text-embedding-3-large,S_final
S0-S3,gpt-4o,S2→S3,2,3,C->W,0.5849138309558232,0.5734061449766159,Correct,Wrong,64,2,NaB(OH)₄,S2,S3,text-embedding-3-large,S_final
S0-S3,gpt-4o,S2→S3,2,3,W->C,0.585487376153469,0.6558529684940974,Wrong,Correct,1,5,KB(OH)₄,S2,S3,text-embedding-3-large,S_final
S0-S3,gpt-4o,S2→S3,2,3,W->C,0.6812173992395401,0.7287369951605797,Wrong,Correct,7,1,LiCl,S2,S3,text-embedding-3-large,S_final
S0-S3,gpt-4o,S2→S3,2,3,W->C,0.6750247225165367,0.7100385949015617,Wrong,Correct,7,2,NaCl,S2,S3,text-embedding-3-large,S_final
S0-S3,gpt-4o,S2→S3,2,3,W->C,0.4977642968297004,0.563966504484415,Wrong,Correct,11,1,H₂O,S2,S3,text-embedding-3-large,S_final
S0-S3,gpt-4o,S2→S3,2,3,W->C,0.6125211000442505,0.7221440056959788,Wrong,Correct,13,1,H₂O,S2,S3,text-embedding-3-large,S_final
S0-S3,gpt-4o,S2→S3,2,3,W->C,0.6805101493994394,0.6738705486059189,Wrong,Correct,20,1,EtOH/H₂O,S2,S3,text-embedding-3-large,S_final
S0-S3,gpt-4o,S2→S3,2,3,W->C,0.537253538519144,0.6296412001053492,Wrong,Correct,32,1,H₂O,S2,S3,text-embedding-3-large,S_final
S0-S3,gpt-4o,S2→S3,2,3,W->C,0.6515281692147254,0.6740384717782337,Wrong,Correct,36,1,NaCl,S2,S3,text-embedding-3-large,S_final
S0-S3,gpt-4o,S2→S3,2,3,W->C,0.4011829351385434,0.401530028382937,Wrong,Correct,38,2,KCl,S2,S3,text-embedding-3-large,S_final
S0-S3,gpt-4o,S2→S3,2,3,W->C,0.512929055094719,0.5563008149464925,Wrong,Correct,39,1,NaCl,S2,S3,text-embedding-3-large,S_final
S0-S3,gpt-4o,S2→S3,2,3,W->C,0.5095446348190307,0.5760725498199463,Wrong,Correct,45,3,Organic solvents,S2,S3,text-embedding-3-large,S_final
S0-S3,gpt-4o,S2→S3,2,3,W->C,0.5368834892908732,0.637226046125094,Wrong,Correct,48,1,B(OH)₃ + AgNO₃,S2,S3,text-embedding-3-large,S_final
S0-S3,gpt-4o,S2→S3,2,3,W->C,0.3998797198136647,0.4538613816102345,Wrong,Correct,57,2,EtOH/H₂O,S2,S3,text-embedding-3-large,S_final
S0-S3,gpt-4o,S2→S3,2,3,W->W,0.6190320119261741,0.6234924584627151,Wrong,Wrong,1,2,LiCl,S2,S3,text-embedding-3-large,S_final
S0-S3,gpt-4o,S2→S3,2,3,W->W,0.6693880567948023,0.6779746542374291,Wrong,Wrong,4,1,LiCl,S2,S3,text-embedding-3-large,S_final
S0-S3,gpt-4o,S2→S3,2,3,W->W,0.6715086062749226,0.6920391589403151,Wrong,Wrong,4,2,NaCl,S2,S3,text-embedding-3-large,S_final
S0-S3,gpt-4o,S2→S3,2,3,W->W,0.6218527932961782,0.6641395260890325,Wrong,Wrong,4,3,KCl,S2,S3,text-embedding-3-large,S_final
S0-S3,gpt-4o,S2→S3,2,3,W->W,0.6445856024821599,0.6741099645694096,Wrong,Wrong,5,1,LiCl,S2,S3,text-embedding-3-large,S_final
S0-S3,gpt-4o,S2→S3,2,3,W->W,0.5802581151326498,0.6244724571704864,Wrong,Wrong,6,2,NaCl,S2,S3,text-embedding-3-large,S_final
S0-S3,gpt-4o,S2→S3,2,3,W->W,0.5707019830743472,0.6118800560633342,Wrong,Wrong,7,3,KCl + NaCl,S2,S3,text-embedding-3-large,S_final
S0-S3,gpt-4o,S2→S3,2,3,W->W,0.5497458763420582,0.6019680211941401,Wrong,Wrong,7,6,KCl,S2,S3,text-embedding-3-large,S_final
S0-S3,gpt-4o,S2→S3,2,3,W->W,0.6399333784977594,0.6465046306451162,Wrong,Wrong,7,7,KCl,S2,S3,text-embedding-3-large,S_final
S0-S3,gpt-4o,S2→S3,2,3,W->W,0.6148912250995636,0.6101486414670944,Wrong,Wrong,7,10,KB(OH)₄,S2,S3,text-embedding-3-large,S_final
S0-S3,gpt-4o,S2→S3,2,3,W->W,0.6562550038099288,0.6770729174216589,Wrong,Wrong,7,11,LiB(OH)₄,S2,S3,text-embedding-3-large,S_final
S0-S3,gpt-4o,S2→S3,2,3,W->W,0.5816155264774957,0.6088060955206553,Wrong,Wrong,8,3,KCl,S2,S3,text-embedding-3-large,S_final
S0-S3,gpt-4o,S2→S3,2,3,W->W,0.5430937230587005,0.5638312950730323,Wrong,Wrong,8,4,KCl,S2,S3,text-embedding-3-large,S_final
S0-S3,gpt-4o,S2→S3,2,3,W->W,0.64596196214358,0.6684420446554821,Wrong,Wrong,9,2,KCl,S2,S3,text-embedding-3-large,S_final
S0-S3,gpt-4o,S2→S3,2,3,W->W,0.5551570976773896,0.5981380422910054,Wrong,Wrong,10,1,H₂O,S2,S3,text-embedding-3-large,S_final
S0-S3,gpt-4o,S2→S3,2,3,W->W,0.585686045885086,0.6129195223251979,Wrong,Wrong,10,2,PBS,S2,S3,text-embedding-3-large,S_final
S0-S3,gpt-4o,S2→S3,2,3,W->W,0.5370631486177444,0.5848979492982228,Wrong,Wrong,13,3,acidic pH + benzyl amine,S2,S3,text-embedding-3-large,S_final
S0-S3,gpt-4o,S2→S3,2,3,W->W,0.5503206556042035,0.5708137164513271,Wrong,Wrong,28,1,NaOH,S2,S3,text-embedding-3-large,S_final
S0-S3,gpt-4o,S2→S3,2,3,W->W,0.6212815895676612,0.6463873654603958,Wrong,Wrong,31,1,H₂O,S2,S3,text-embedding-3-large,S_final
S0-S3,gpt-4o,S2→S3,2,3,W->W,0.5009917010863622,0.5340703435242176,Wrong,Wrong,35,1,H₂O,S2,S3,text-embedding-3-large,S_final
S0-S3,gpt-4o,S2→S3,2,3,W->W,0.5854558259248733,0.581996851414442,Wrong,Wrong,37,1,KCl + NaCl,S2,S3,text-embedding-3-large,S_final
S0-S3,gpt-4o,S2→S3,2,3,W->W,0.6793981641530991,0.7047611723343531,Wrong,Wrong,40,2,NaCl,S2,S3,text-embedding-3-large,S_final
S0-S3,gpt-4o,S2→S3,2,3,W->W,0.6604162534077963,0.6469765573740005,Wrong,Wrong,40,3,NH₄Cl,S2,S3,text-embedding-3-large,S_final
S0-S3,gpt-4o,S2→S3,2,3,W->W,0.6212368915478389,0.6185651530822117,Wrong,Wrong,40,4,Me₄NCl,S2,S3,text-embedding-3-large,S_final
S0-S3,gpt-4o,S2→S3,2,3,W->W,0.6090042938788732,0.6400767336289088,Wrong,Wrong,40,5,Borate buffer,S2,S3,text-embedding-3-large,S_final
S0-S3,gpt-4o,S2→S3,2,3,W->W,0.5342073529958725,0.5740425527095794,Wrong,Wrong,42,1,KCl,S2,S3,text-embedding-3-large,S_final
S0-S3,gpt-4o,S2→S3,2,3,W->W,0.5545546501874924,0.5903547118107477,Wrong,Wrong,43,1,KCl,S2,S3,text-embedding-3-large,S_final
S0-S3,gpt-4o,S2→S3,2,3,W->W,0.6354300335049629,0.6356721421082815,Wrong,Wrong,44,1,KCl,S2,S3,text-embedding-3-large,S_final
S0-S3,gpt-4o,S2→S3,2,3,W->W,0.5159545222918193,0.544389333575964,Wrong,Wrong,45,2,Organic solvents,S2,S3,text-embedding-3-large,S_final
S0-S3,gpt-4o,S2→S3,2,3,W->W,0.51206466704607,0.5335078328847884,Wrong,Wrong,56,1,H₂O,S2,S3,text-embedding-3-large,S_final
S0-S3,grok-4.3,S0→S1,0,1,C->C,0.6180728077888489,0.6370723843574523,Correct,Correct,1,2,LiCl,S0,S1,text-embedding-3-large,S_final
S0-S3,grok-4.3,S0→S1,0,1,C->C,0.7254463404417036,0.7182493418455124,Correct,Correct,3,2,B(OH)₃ + AgNO₃,S0,S1,text-embedding-3-large,S_final
S0-S3,grok-4.3,S0→S1,0,1,C->C,0.6664874970912933,0.6766582449277241,Correct,Correct,4,3,KCl,S0,S1,text-embedding-3-large,S_final
S0-S3,grok-4.3,S0→S1,0,1,C->C,0.6962688674529393,0.6818111528952917,Correct,Correct,5,2,KCl,S0,S1,text-embedding-3-large,S_final
S0-S3,grok-4.3,S0→S1,0,1,C->C,0.6870839819312096,0.6745607157548269,Correct,Correct,6,1,LiCl,S0,S1,text-embedding-3-large,S_final
S0-S3,grok-4.3,S0→S1,0,1,C->C,0.6903215944766998,0.691593763232231,Correct,Correct,6,3,KCl,S0,S1,text-embedding-3-large,S_final
S0-S3,grok-4.3,S0→S1,0,1,C->C,0.7199300756057103,0.7208947375416754,Correct,Correct,7,1,LiCl,S0,S1,text-embedding-3-large,S_final
S0-S3,grok-4.3,S0→S1,0,1,C->C,0.6216931184132894,0.5875392983357112,Correct,Correct,7,4,KCl,S0,S1,text-embedding-3-large,S_final
S0-S3,grok-4.3,S0→S1,0,1,C->C,0.6636254568894704,0.6808511008818944,Correct,Correct,7,5,KCl,S0,S1,text-embedding-3-large,S_final
S0-S3,grok-4.3,S0→S1,0,1,C->C,0.659805992245674,0.643994665145874,Correct,Correct,7,8,KCl + TAcG,S0,S1,text-embedding-3-large,S_final
S0-S3,grok-4.3,S0→S1,0,1,C->C,0.6945205241441726,0.6997836828231812,Correct,Correct,7,9,KB(OH)₄,S0,S1,text-embedding-3-large,S_final
S0-S3,grok-4.3,S0→S1,0,1,C->C,0.6594941169023514,0.6656089067459106,Correct,Correct,8,1,LiCl,S0,S1,text-embedding-3-large,S_final
S0-S3,grok-4.3,S0→S1,0,1,C->C,0.6251963178316752,0.6564821024735769,Correct,Correct,9,1,LiCl,S0,S1,text-embedding-3-large,S_final
S0-S3,grok-4.3,S0→S1,0,1,C->C,0.6739091376463572,0.7310289869705836,Correct,Correct,16,1,H₂O,S0,S1,text-embedding-3-large,S_final
S0-S3,grok-4.3,S0→S1,0,1,C->C,0.723007509112358,0.6704705079396566,Correct,Correct,18,1,H₂O,S0,S1,text-embedding-3-large,S_final
S0-S3,grok-4.3,S0→S1,0,1,C->C,0.5477169841527939,0.6517722378174463,Correct,Correct,19,1,H₂O,S0,S1,text-embedding-3-large,S_final
S0-S3,grok-4.3,S0→S1,0,1,C->C,0.622465040286382,0.6355107590556144,Correct,Correct,21,1,EtOH/H₂O,S0,S1,text-embedding-3-large,S_final
S0-S3,grok-4.3,S0→S1,0,1,C->C,0.5092890471220016,0.5274972923099994,Correct,Correct,25,1,NaOH,S0,S1,text-embedding-3-large,S_final
S0-S3,grok-4.3,S0→S1,0,1,C->C,0.5696536481380462,0.5996952186028163,Correct,Correct,25,2,Organic solvents,S0,S1,text-embedding-3-large,S_final
S0-S3,grok-4.3,S0→S1,0,1,C->C,0.6781781037648519,0.6593214422464371,Correct,Correct,26,1,NaOH,S0,S1,text-embedding-3-large,S_final
S0-S3,grok-4.3,S0→S1,0,1,C->C,0.6562273641427357,0.5890572369098663,Correct,Correct,26,4,Organic solvents,S0,S1,text-embedding-3-large,S_final
S0-S3,grok-4.3,S0→S1,0,1,C->C,0.5930301924546559,0.6432738343874613,Correct,Correct,27,1,NaOH,S0,S1,text-embedding-3-large,S_final
S0-S3,grok-4.3,S0→S1,0,1,C->C,0.4634566679596901,0.5623722940683364,Correct,Correct,27,2,KOH,S0,S1,text-embedding-3-large,S_final
S0-S3,grok-4.3,S0→S1,0,1,C->C,0.6724526902039845,0.6975359837214151,Correct,Correct,27,4,Organic solvents,S0,S1,text-embedding-3-large,S_final
S0-S3,grok-4.3,S0→S1,0,1,C->C,0.456999060511589,0.4845248992244402,Correct,Correct,28,2,Organic solvents,S0,S1,text-embedding-3-large,S_final
S0-S3,grok-4.3,S0→S1,0,1,C->C,0.6220025718212128,0.6206340591112772,Correct,Correct,29,1,NaOH,S0,S1,text-embedding-3-large,S_final
S0-S3,grok-4.3,S0→S1,0,1,C->C,0.4361027230819066,0.4470866243044535,Correct,Correct,29,2,Organic solvents,S0,S1,text-embedding-3-large,S_final
S0-S3,grok-4.3,S0→S1,0,1,C->C,0.5821840435266495,0.5925003071626027,Correct,Correct,30,1,NaOH,S0,S1,text-embedding-3-large,S_final
S0-S3,grok-4.3,S0→S1,0,1,C->C,0.4474771350622177,0.4502764577666918,Correct,Correct,30,2,Organic solvents,S0,S1,text-embedding-3-large,S_final
S0-S3,grok-4.3,S0→S1,0,1,C->C,0.6789832264184952,0.6708181897799174,Correct,Correct,31,1,H₂O,S0,S1,text-embedding-3-large,S_final
S0-S3,grok-4.3,S0→S1,0,1,C->C,0.5307907678186894,0.5418838232755662,Correct,Correct,34,1,H₂O,S0,S1,text-embedding-3-large,S_final
S0-S3,grok-4.3,S0→S1,0,1,C->C,0.6729378094275792,0.6639435281356175,Correct,Correct,36,1,NaCl,S0,S1,text-embedding-3-large,S_final
S0-S3,grok-4.3,S0→S1,0,1,C->C,0.5718657116095225,0.5829251239697139,Correct,Correct,36,3,NaCl + TAcG,S0,S1,text-embedding-3-large,S_final
S0-S3,grok-4.3,S0→S1,0,1,C->C,0.69100956817468,0.71664726237456,Correct,Correct,40,1,KCl,S0,S1,text-embedding-3-large,S_final
S0-S3,grok-4.3,S0→S1,0,1,C->C,0.6707332273324331,0.6943261548876762,Correct,Correct,40,3,NH₄Cl,S0,S1,text-embedding-3-large,S_final
S0-S3,grok-4.3,S0→S1,0,1,C->C,0.6308372875054676,0.6394832134246826,Correct,Correct,40,6,KCl,S0,S1,text-embedding-3-large,S_final
S0-S3,grok-4.3,S0→S1,0,1,C->C,0.696612070997556,0.6870767484108606,Correct,Correct,46,1,Organic solvents,S0,S1,text-embedding-3-large,S_final
S0-S3,grok-4.3,S0→S1,0,1,C->C,0.6256224691867828,0.6553138673305511,Correct,Correct,46,2,Organic solvents,S0,S1,text-embedding-3-large,S_final
S0-S3,grok-4.3,S0→S1,0,1,C->C,0.6745964795351028,0.7084152917067209,Correct,Correct,47,1,Organic solvents,S0,S1,text-embedding-3-large,S_final
S0-S3,grok-4.3,S0→S1,0,1,C->C,0.564206050336361,0.6083091417948404,Correct,Correct,47,2,Organic solvents,S0,S1,text-embedding-3-large,S_final
S0-S3,grok-4.3,S0→S1,0,1,C->C,0.5456013331810633,0.5703929647803306,Correct,Correct,48,2,B(OH)₃ + other ions,S0,S1,text-embedding-3-large,S_final
S0-S3,grok-4.3,S0→S1,0,1,C->C,0.6011775612831115,0.5928717811902364,Correct,Correct,49,1,B(OH)₃ + AgNO₃,S0,S1,text-embedding-3-large,S_final
S0-S3,grok-4.3,S0→S1,0,1,C->C,0.5501508618394534,0.4949602127075195,Correct,Correct,50,1,B(OH)₃ + AgNO₃,S0,S1,text-embedding-3-large,S_final
S0-S3,grok-4.3,S0→S1,0,1,C->C,0.7185869296391805,0.7135927081108093,Correct,Correct,51,1,KB(OH)₄,S0,S1,text-embedding-3-large,S_final
S0-S3,grok-4.3,S0→S1,0,1,C->C,0.5741520489255587,0.6207882603009542,Correct,Correct,53,2,EtOH/H₂O,S0,S1,text-embedding-3-large,S_final
S0-S3,grok-4.3,S0→S1,0,1,C->C,0.593556887904803,0.6240183720986048,Correct,Correct,54,2,EtOH/H₂O,S0,S1,text-embedding-3-large,S_final
S0-S3,grok-4.3,S0→S1,0,1,C->C,0.6046562234560648,0.6233418752749761,Correct,Correct,55,2,EtOH/H₂O,S0,S1,text-embedding-3-large,S_final
S0-S3,grok-4.3,S0→S1,0,1,C->C,0.5546814143657683,0.5681137820084889,Correct,Correct,56,2,EtOH/H₂O,S0,S1,text-embedding-3-large,S_final
S0-S3,grok-4.3,S0→S1,0,1,C->C,0.4330251753330231,0.5000841259956359,Correct,Correct,57,1,H₂O,S0,S1,text-embedding-3-large,S_final
S0-S3,grok-4.3,S0→S1,0,1,C->C,0.5809038072824478,0.5482938657204309,Correct,Correct,58,2,EtOH/H₂O,S0,S1,text-embedding-3-large,S_final
S0-S3,grok-4.3,S0→S1,0,1,C->C,0.5114168107509613,0.445515289902687,Correct,Correct,59,1,H₂O,S0,S1,text-embedding-3-large,S_final
S0-S3,grok-4.3,S0→S1,0,1,C->C,0.5781010478734969,0.5731516013542811,Correct,Correct,59,2,EtOH/H₂O,S0,S1,text-embedding-3-large,S_final
S0-S3,grok-4.3,S0→S1,0,1,C->C,0.5446289007862409,0.5971774558226267,Correct,Correct,60,2,EtOH/H₂O,S0,S1,text-embedding-3-large,S_final
S0-S3,grok-4.3,S0→S1,0,1,C->C,0.4836574405431747,0.4507073367635408,Correct,Correct,61,1,H₂O,S0,S1,text-embedding-3-large,S_final
S0-S3,grok-4.3,S0→S1,0,1,C->C,0.5747614100575448,0.6299853190779686,Correct,Correct,61,2,EtOH/H₂O,S0,S1,text-embedding-3-large,S_final
S0-S3,grok-4.3,S0→S1,0,1,C->C,0.5959009885787964,0.6436853508154551,Correct,Correct,64,1,KCl,S0,S1,text-embedding-3-large,S_final
S0-S3,grok-4.3,S0→S1,0,1,C->W,0.6872752964496612,0.645667756597201,Correct,Wrong,1,1,Tb(NO₃)₃ or Dy(NO₃)₃,S0,S1,text-embedding-3-large,S_final
S0-S3,grok-4.3,S0→S1,0,1,C->W,0.6432444741328557,0.6482579270998637,Correct,Wrong,1,4,KCl,S0,S1,text-embedding-3-large,S_final
S0-S3,grok-4.3,S0→S1,0,1,C->W,0.7303941220045089,0.666089032093684,Correct,Wrong,4,1,LiCl,S0,S1,text-embedding-3-large,S_final
S0-S3,grok-4.3,S0→S1,0,1,C->W,0.6871772279342014,0.6412596444288888,Correct,Wrong,4,2,NaCl,S0,S1,text-embedding-3-large,S_final
S0-S3,grok-4.3,S0→S1,0,1,C->W,0.7194726645946503,0.6564651111761729,Correct,Wrong,5,1,LiCl,S0,S1,text-embedding-3-large,S_final
S0-S3,grok-4.3,S0→S1,0,1,C->W,0.6551730940739313,0.571237031618754,Correct,Wrong,6,2,NaCl,S0,S1,text-embedding-3-large,S_final
S0-S3,grok-4.3,S0→S1,0,1,C->W,0.7065315023064613,0.6829938838879267,Correct,Wrong,7,11,LiB(OH)₄,S0,S1,text-embedding-3-large,S_final
S0-S3,grok-4.3,S0→S1,0,1,C->W,0.6528987199068069,0.5977825343608857,Correct,Wrong,8,3,KCl,S0,S1,text-embedding-3-large,S_final
S0-S3,grok-4.3,S0→S1,0,1,C->W,0.559605827430884,0.5689734637737275,Correct,Wrong,8,4,KCl,S0,S1,text-embedding-3-large,S_final
S0-S3,grok-4.3,S0→S1,0,1,C->W,0.6375511596600215,0.5637143403291702,Correct,Wrong,10,1,H₂O,S0,S1,text-embedding-3-large,S_final
S0-S3,grok-4.3,S0→S1,0,1,C->W,0.6750296105941137,0.6101109315951665,Correct,Wrong,10,2,PBS,S0,S1,text-embedding-3-large,S_final
S0-S3,grok-4.3,S0→S1,0,1,C->W,0.5306704059243201,0.5039056688547134,Correct,Wrong,11,1,H₂O,S0,S1,text-embedding-3-large,S_final
S0-S3,grok-4.3,S0→S1,0,1,C->W,0.7217985878388086,0.657311154405276,Correct,Wrong,13,1,H₂O,S0,S1,text-embedding-3-large,S_final
S0-S3,grok-4.3,S0→S1,0,1,C->W,0.6001208389798799,0.562211026251316,Correct,Wrong,13,2,acidic pH,S0,S1,text-embedding-3-large,S_final
S0-S3,grok-4.3,S0→S1,0,1,C->W,0.6787594904502233,0.6714982986450195,Correct,Wrong,20,1,EtOH/H₂O,S0,S1,text-embedding-3-large,S_final
S0-S3,grok-4.3,S0→S1,0,1,C->W,0.5729381263256073,0.5829328725735347,Correct,Wrong,28,1,NaOH,S0,S1,text-embedding-3-large,S_final
S0-S3,grok-4.3,S0→S1,0,1,C->W,0.6278502454360325,0.6333771208922068,Correct,Wrong,37,2,KCl,S0,S1,text-embedding-3-large,S_final
S0-S3,grok-4.3,S0→S1,0,1,C->W,0.5505875051021576,0.5136693045496941,Correct,Wrong,39,1,NaCl,S0,S1,text-embedding-3-large,S_final
S0-S3,grok-4.3,S0→S1,0,1,C->W,0.669824398557345,0.680030212799708,Correct,Wrong,40,2,NaCl,S0,S1,text-embedding-3-large,S_final
S0-S3,grok-4.3,S0→S1,0,1,C->W,0.7115195006132126,0.6427725871404012,Correct,Wrong,41,1,KCl,S0,S1,text-embedding-3-large,S_final
S0-S3,grok-4.3,S0→S1,0,1,C->W,0.6751038710276286,0.5681426326433817,Correct,Wrong,48,1,B(OH)₃ + AgNO₃,S0,S1,text-embedding-3-large,S_final
S0-S3,grok-4.3,S0→S1,0,1,C->W,0.7452998936176299,0.6804324428240459,Correct,Wrong,52,1,KB(OH)₄,S0,S1,text-embedding-3-large,S_final
S0-S3,grok-4.3,S0→S1,0,1,C->W,0.5564014956355094,0.4900870551665623,Correct,Wrong,56,1,H₂O,S0,S1,text-embedding-3-large,S_final
S0-S3,grok-4.3,S0→S1,0,1,C->W,0.6372093449036279,0.6033388753732045,Correct,Wrong,64,2,NaB(OH)₄,S0,S1,text-embedding-3-large,S_final
S0-S3,grok-4.3,S0→S1,0,1,W->C,0.5927018592754999,0.586504653096199,Wrong,Correct,1,3,NaCl,S0,S1,text-embedding-3-large,S_final
S0-S3,grok-4.3,S0→S1,0,1,W->C,0.6819018264611563,0.7026193430026373,Wrong,Correct,2,1,Tb(NO₃)₃ or Eu(NO₃)₃,S0,S1,text-embedding-3-large,S_final
S0-S3,grok-4.3,S0→S1,0,1,W->C,0.6877210289239883,0.6777748495340347,Wrong,Correct,5,3,NaCl,S0,S1,text-embedding-3-large,S_final
S0-S3,grok-4.3,S0→S1,0,1,W->C,0.7080169975757599,0.6839938849210739,Wrong,Correct,7,2,NaCl,S0,S1,text-embedding-3-large,S_final
S0-S3,grok-4.3,S0→S1,0,1,W->C,0.5905365506807962,0.6470274994770686,Wrong,Correct,8,2,NaCl,S0,S1,text-embedding-3-large,S_final
S0-S3,grok-4.3,S0→S1,0,1,W->C,0.6324486702680586,0.6406160712242127,Wrong,Correct,9,3,NaCl,S0,S1,text-embedding-3-large,S_final
S0-S3,grok-4.3,S0→S1,0,1,W->C,0.5368130932251612,0.6425111353397369,Wrong,Correct,14,1,H₂O,S0,S1,text-embedding-3-large,S_final
S0-S3,grok-4.3,S0→S1,0,1,W->C,0.4308901235461235,0.583654274791479,Wrong,Correct,15,1,H₂O,S0,S1,text-embedding-3-large,S_final
S0-S3,grok-4.3,S0→S1,0,1,W->C,0.5154287894566854,0.6499008367458979,Wrong,Correct,17,1,H₂O,S0,S1,text-embedding-3-large,S_final
S0-S3,grok-4.3,S0→S1,0,1,W->C,0.5986106524864833,0.6110065470139184,Wrong,Correct,22,1,EtOH/H₂O,S0,S1,text-embedding-3-large,S_final
S0-S3,grok-4.3,S0→S1,0,1,W->C,0.6433372557163238,0.6024541854858398,Wrong,Correct,23,1,EtOH/H₂O,S0,S1,text-embedding-3-large,S_final
S0-S3,grok-4.3,S0→S1,0,1,W->C,0.5852879106998444,0.6027241398890812,Wrong,Correct,24,1,EtOH/H₂O,S0,S1,text-embedding-3-large,S_final
S0-S3,grok-4.3,S0→S1,0,1,W->C,0.4716882099707921,0.5261375755071639,Wrong,Correct,26,2,KOH,S0,S1,text-embedding-3-large,S_final
S0-S3,grok-4.3,S0→S1,0,1,W->C,0.4741692592700322,0.5144751926263172,Wrong,Correct,26,3,LiOH,S0,S1,text-embedding-3-large,S_final
S0-S3,grok-4.3,S0→S1,0,1,W->C,0.4916115961968899,0.5538218667109808,Wrong,Correct,27,3,LiOH,S0,S1,text-embedding-3-large,S_final
S0-S3,grok-4.3,S0→S1,0,1,W->C,0.5416331281264622,0.6294478277365366,Wrong,Correct,32,1,H₂O,S0,S1,text-embedding-3-large,S_final
S0-S3,grok-4.3,S0→S1,0,1,W->C,0.5732523702085017,0.5714099884033202,Wrong,Correct,33,1,H₂O,S0,S1,text-embedding-3-large,S_final
S0-S3,grok-4.3,S0→S1,0,1,W->C,0.5507163852453232,0.5553104519844054,Wrong,Correct,37,1,KCl + NaCl,S0,S1,text-embedding-3-large,S_final
S0-S3,grok-4.3,S0→S1,0,1,W->C,0.4330224653085072,0.3901107370853423,Wrong,Correct,38,1,KCl + NaCl,S0,S1,text-embedding-3-large,S_final
S0-S3,grok-4.3,S0→S1,0,1,W->C,0.7019282539685566,0.7205640345811842,Wrong,Correct,39,2,KCl,S0,S1,text-embedding-3-large,S_final
S0-S3,grok-4.3,S0→S1,0,1,W->C,0.7134066700935363,0.6814894050359727,Wrong,Correct,45,1,Organic solvents,S0,S1,text-embedding-3-large,S_final
S0-S3,grok-4.3,S0→S1,0,1,W->C,0.5381772254904111,0.5544146810968716,Wrong,Correct,53,1,H₂O,S0,S1,text-embedding-3-large,S_final
S0-S3,grok-4.3,S0→S1,0,1,W->C,0.4261687537034352,0.4419816474119821,Wrong,Correct,54,1,H₂O,S0,S1,text-embedding-3-large,S_final
S0-S3,grok-4.3,S0→S1,0,1,W->C,0.4877107833822567,0.5473868012428283,Wrong,Correct,55,1,H₂O,S0,S1,text-embedding-3-large,S_final
S0-S3,grok-4.3,S0→S1,0,1,W->C,0.5214389279484749,0.5387020190556844,Wrong,Correct,58,1,H₂O,S0,S1,text-embedding-3-large,S_final
S0-S3,grok-4.3,S0→S1,0,1,W->C,0.4241259321570396,0.4262810046474138,Wrong,Correct,60,1,H₂O,S0,S1,text-embedding-3-large,S_final
S0-S3,grok-4.3,S0→S1,0,1,W->C,0.5379614360630511,0.5549461116393407,Wrong,Correct,62,1,H₂O,S0,S1,text-embedding-3-large,S_final
S0-S3,grok-4.3,S0→S1,0,1,W->C,0.5323841909567516,0.5583490520715714,Wrong,Correct,62,2,EtOH/H₂O,S0,S1,text-embedding-3-large,S_final
S0-S3,grok-4.3,S0→S1,0,1,W->C,0.5061178259551524,0.5749137977759043,Wrong,Correct,63,1,H₂O,S0,S1,text-embedding-3-large,S_final
S0-S3,grok-4.3,S0→S1,0,1,W->C,0.5244816268483797,0.5584771325190862,Wrong,Correct,63,2,EtOH/H₂O,S0,S1,text-embedding-3-large,S_final
S0-S3,grok-4.3,S0→S1,0,1,W->W,0.612130469083786,0.6120261445641517,Wrong,Wrong,1,5,KB(OH)₄,S0,S1,text-embedding-3-large,S_final
S0-S3,grok-4.3,S0→S1,0,1,W->W,0.6743714720010757,0.6356292138497035,Wrong,Wrong,3,1,Tb(NO₃)₃ or Eu(NO₃)₃,S0,S1,text-embedding-3-large,S_final
S0-S3,grok-4.3,S0→S1,0,1,W->W,0.6028247018655141,0.5909165690342585,Wrong,Wrong,7,3,KCl + NaCl,S0,S1,text-embedding-3-large,S_final
S0-S3,grok-4.3,S0→S1,0,1,W->W,0.5856482456127803,0.5560202052195867,Wrong,Wrong,7,6,KCl,S0,S1,text-embedding-3-large,S_final
S0-S3,grok-4.3,S0→S1,0,1,W->W,0.6737503250439961,0.6599924057722092,Wrong,Wrong,7,7,KCl,S0,S1,text-embedding-3-large,S_final
S0-S3,grok-4.3,S0→S1,0,1,W->W,0.593099268277486,0.5895523269971211,Wrong,Wrong,7,10,KB(OH)₄,S0,S1,text-embedding-3-large,S_final
S0-S3,grok-4.3,S0→S1,0,1,W->W,0.6283722927172978,0.6556042353312174,Wrong,Wrong,9,2,KCl,S0,S1,text-embedding-3-large,S_final
S0-S3,grok-4.3,S0→S1,0,1,W->W,0.5537323594093323,0.4885031720002491,Wrong,Wrong,12,1,H₂O,S0,S1,text-embedding-3-large,S_final
S0-S3,grok-4.3,S0→S1,0,1,W->W,0.5999787256121636,0.6093114942312241,Wrong,Wrong,13,3,acidic pH + benzyl amine,S0,S1,text-embedding-3-large,S_final
S0-S3,grok-4.3,S0→S1,0,1,W->W,0.5718296110630035,0.5377742702762286,Wrong,Wrong,35,1,H₂O,S0,S1,text-embedding-3-large,S_final
S0-S3,grok-4.3,S0→S1,0,1,W->W,0.566110049188137,0.5872133001685143,Wrong,Wrong,36,2,KCl,S0,S1,text-embedding-3-large,S_final
S0-S3,grok-4.3,S0→S1,0,1,W->W,0.3918152789274851,0.3956728391349315,Wrong,Wrong,38,2,KCl,S0,S1,text-embedding-3-large,S_final
S0-S3,grok-4.3,S0→S1,0,1,W->W,0.6604275306065878,0.6485369006792704,Wrong,Wrong,40,4,Me₄NCl,S0,S1,text-embedding-3-large,S_final
S0-S3,grok-4.3,S0→S1,0,1,W->W,0.6801355063915252,0.6340818643569947,Wrong,Wrong,40,5,Borate buffer,S0,S1,text-embedding-3-large,S_final
S0-S3,grok-4.3,S0→S1,0,1,W->W,0.554915436108907,0.5557520031929016,Wrong,Wrong,42,1,KCl,S0,S1,text-embedding-3-large,S_final
S0-S3,grok-4.3,S0→S1,0,1,W->W,0.5587974429130554,0.5461015125115712,Wrong,Wrong,43,1,KCl,S0,S1,text-embedding-3-large,S_final
S0-S3,grok-4.3,S0→S1,0,1,W->W,0.6222121646006902,0.6489102820555369,Wrong,Wrong,44,1,KCl,S0,S1,text-embedding-3-large,S_final
S0-S3,grok-4.3,S0→S1,0,1,W->W,0.4444044222434362,0.4967514271537463,Wrong,Wrong,45,2,Organic solvents,S0,S1,text-embedding-3-large,S_final
S0-S3,grok-4.3,S0→S1,0,1,W->W,0.4869381770491599,0.4890732208887736,Wrong,Wrong,45,3,Organic solvents,S0,S1,text-embedding-3-large,S_final
S0-S3,grok-4.3,S0→S1,0,1,W->W,0.3461303184429805,0.3768169090151786,Wrong,Wrong,57,2,EtOH/H₂O,S0,S1,text-embedding-3-large,S_final
S0-S3,grok-4.3,S1→S2,1,2,C->C,0.6370723843574523,0.6296964466571807,Correct,Correct,1,2,LiCl,S1,S2,text-embedding-3-large,S_final
S0-S3,grok-4.3,S1→S2,1,2,C->C,0.586504653096199,0.5779921303192774,Correct,Correct,1,3,NaCl,S1,S2,text-embedding-3-large,S_final
S0-S3,grok-4.3,S1→S2,1,2,C->C,0.7026193430026373,0.6994677633047104,Correct,Correct,2,1,Tb(NO₃)₃ or Eu(NO₃)₃,S1,S2,text-embedding-3-large,S_final
S0-S3,grok-4.3,S1→S2,1,2,C->C,0.7182493418455124,0.7727314998706181,Correct,Correct,3,2,B(OH)₃ + AgNO₃,S1,S2,text-embedding-3-large,S_final
S0-S3,grok-4.3,S1→S2,1,2,C->C,0.6766582449277241,0.6561045080423354,Correct,Correct,4,3,KCl,S1,S2,text-embedding-3-large,S_final
S0-S3,grok-4.3,S1→S2,1,2,C->C,0.6818111528952917,0.6855249017477035,Correct,Correct,5,2,KCl,S1,S2,text-embedding-3-large,S_final
S0-S3,grok-4.3,S1→S2,1,2,C->C,0.6777748495340347,0.6874753346045811,Correct,Correct,5,3,NaCl,S1,S2,text-embedding-3-large,S_final
S0-S3,grok-4.3,S1→S2,1,2,C->C,0.6745607157548269,0.7047476967175802,Correct,Correct,6,1,LiCl,S1,S2,text-embedding-3-large,S_final
S0-S3,grok-4.3,S1→S2,1,2,C->C,0.691593763232231,0.6867544452349345,Correct,Correct,6,3,KCl,S1,S2,text-embedding-3-large,S_final
S0-S3,grok-4.3,S1→S2,1,2,C->C,0.7208947375416754,0.7142044633626937,Correct,Correct,7,1,LiCl,S1,S2,text-embedding-3-large,S_final
S0-S3,grok-4.3,S1→S2,1,2,C->C,0.6839938849210739,0.706580750644207,Correct,Correct,7,2,NaCl,S1,S2,text-embedding-3-large,S_final
S0-S3,grok-4.3,S1→S2,1,2,C->C,0.5875392983357112,0.5943486491839091,Correct,Correct,7,4,KCl,S1,S2,text-embedding-3-large,S_final
S0-S3,grok-4.3,S1→S2,1,2,C->C,0.6808511008818944,0.6588295569022495,Correct,Correct,7,5,KCl,S1,S2,text-embedding-3-large,S_final
S0-S3,grok-4.3,S1→S2,1,2,C->C,0.643994665145874,0.6356103360652924,Correct,Correct,7,8,KCl + TAcG,S1,S2,text-embedding-3-large,S_final
S0-S3,grok-4.3,S1→S2,1,2,C->C,0.6997836828231812,0.7354411780834198,Correct,Correct,7,9,KB(OH)₄,S1,S2,text-embedding-3-large,S_final
S0-S3,grok-4.3,S1→S2,1,2,C->C,0.6656089067459106,0.681172204017639,Correct,Correct,8,1,LiCl,S1,S2,text-embedding-3-large,S_final
S0-S3,grok-4.3,S1→S2,1,2,C->C,0.6470274994770686,0.636043573419253,Correct,Correct,8,2,NaCl,S1,S2,text-embedding-3-large,S_final
S0-S3,grok-4.3,S1→S2,1,2,C->C,0.6564821024735769,0.6612271219491959,Correct,Correct,9,1,LiCl,S1,S2,text-embedding-3-large,S_final
S0-S3,grok-4.3,S1→S2,1,2,C->C,0.6406160712242127,0.6628088057041168,Correct,Correct,9,3,NaCl,S1,S2,text-embedding-3-large,S_final
S0-S3,grok-4.3,S1→S2,1,2,C->C,0.6425111353397369,0.6413383265336354,Correct,Correct,14,1,H₂O,S1,S2,text-embedding-3-large,S_final
S0-S3,grok-4.3,S1→S2,1,2,C->C,0.7310289869705836,0.7130454967419307,Correct,Correct,16,1,H₂O,S1,S2,text-embedding-3-large,S_final
S0-S3,grok-4.3,S1→S2,1,2,C->C,0.6499008367458979,0.6588222066561381,Correct,Correct,17,1,H₂O,S1,S2,text-embedding-3-large,S_final
S0-S3,grok-4.3,S1→S2,1,2,C->C,0.6704705079396566,0.7172967483599981,Correct,Correct,18,1,H₂O,S1,S2,text-embedding-3-large,S_final
S0-S3,grok-4.3,S1→S2,1,2,C->C,0.6517722378174463,0.6631596893072128,Correct,Correct,19,1,H₂O,S1,S2,text-embedding-3-large,S_final
S0-S3,grok-4.3,S1→S2,1,2,C->C,0.6355107590556144,0.6323780685663222,Correct,Correct,21,1,EtOH/H₂O,S1,S2,text-embedding-3-large,S_final
S0-S3,grok-4.3,S1→S2,1,2,C->C,0.6110065470139184,0.6370230664809545,Correct,Correct,22,1,EtOH/H₂O,S1,S2,text-embedding-3-large,S_final
S0-S3,grok-4.3,S1→S2,1,2,C->C,0.6024541854858398,0.640649903813998,Correct,Correct,23,1,EtOH/H₂O,S1,S2,text-embedding-3-large,S_final
S0-S3,grok-4.3,S1→S2,1,2,C->C,0.6027241398890812,0.613224313656489,Correct,Correct,24,1,EtOH/H₂O,S1,S2,text-embedding-3-large,S_final
S0-S3,grok-4.3,S1→S2,1,2,C->C,0.5274972923099994,0.5350406721234321,Correct,Correct,25,1,NaOH,S1,S2,text-embedding-3-large,S_final
S0-S3,grok-4.3,S1→S2,1,2,C->C,0.5996952186028163,0.6138687590758005,Correct,Correct,25,2,Organic solvents,S1,S2,text-embedding-3-large,S_final
S0-S3,grok-4.3,S1→S2,1,2,C->C,0.6593214422464371,0.6735871752103169,Correct,Correct,26,1,NaOH,S1,S2,text-embedding-3-large,S_final
S0-S3,grok-4.3,S1→S2,1,2,C->C,0.5261375755071639,0.5373671546578408,Correct,Correct,26,2,KOH,S1,S2,text-embedding-3-large,S_final
S0-S3,grok-4.3,S1→S2,1,2,C->C,0.5144751926263172,0.519477516412735,Correct,Correct,26,3,LiOH,S1,S2,text-embedding-3-large,S_final
S0-S3,grok-4.3,S1→S2,1,2,C->C,0.5890572369098663,0.6255994081497193,Correct,Correct,26,4,Organic solvents,S1,S2,text-embedding-3-large,S_final
S0-S3,grok-4.3,S1→S2,1,2,C->C,0.6432738343874613,0.6434618294239044,Correct,Correct,27,1,NaOH,S1,S2,text-embedding-3-large,S_final
S0-S3,grok-4.3,S1→S2,1,2,C->C,0.5623722940683364,0.5747700497508049,Correct,Correct,27,2,KOH,S1,S2,text-embedding-3-large,S_final
S0-S3,grok-4.3,S1→S2,1,2,C->C,0.5538218667109808,0.5784364764889082,Correct,Correct,27,3,LiOH,S1,S2,text-embedding-3-large,S_final
S0-S3,grok-4.3,S1→S2,1,2,C->C,0.6975359837214151,0.7009568482637404,Correct,Correct,27,4,Organic solvents,S1,S2,text-embedding-3-large,S_final
S0-S3,grok-4.3,S1→S2,1,2,C->C,0.4845248992244402,0.481343159576257,Correct,Correct,28,2,Organic solvents,S1,S2,text-embedding-3-large,S_final
S0-S3,grok-4.3,S1→S2,1,2,C->C,0.6206340591112772,0.641463565826416,Correct,Correct,29,1,NaOH,S1,S2,text-embedding-3-large,S_final
S0-S3,grok-4.3,S1→S2,1,2,C->C,0.4470866243044535,0.4725559388597806,Correct,Correct,29,2,Organic solvents,S1,S2,text-embedding-3-large,S_final
S0-S3,grok-4.3,S1→S2,1,2,C->C,0.5925003071626027,0.6352084000905355,Correct,Correct,30,1,NaOH,S1,S2,text-embedding-3-large,S_final
S0-S3,grok-4.3,S1→S2,1,2,C->C,0.4502764577666918,0.471218595902125,Correct,Correct,30,2,Organic solvents,S1,S2,text-embedding-3-large,S_final
S0-S3,grok-4.3,S1→S2,1,2,C->C,0.6708181897799174,0.6825438429911932,Correct,Correct,31,1,H₂O,S1,S2,text-embedding-3-large,S_final
S0-S3,grok-4.3,S1→S2,1,2,C->C,0.6294478277365366,0.640681098898252,Correct,Correct,32,1,H₂O,S1,S2,text-embedding-3-large,S_final
S0-S3,grok-4.3,S1→S2,1,2,C->C,0.5714099884033202,0.6024621109167735,Correct,Correct,33,1,H₂O,S1,S2,text-embedding-3-large,S_final
S0-S3,grok-4.3,S1→S2,1,2,C->C,0.5418838232755662,0.5484944904843966,Correct,Correct,34,1,H₂O,S1,S2,text-embedding-3-large,S_final
S0-S3,grok-4.3,S1→S2,1,2,C->C,0.6639435281356175,0.6644726296265919,Correct,Correct,36,1,NaCl,S1,S2,text-embedding-3-large,S_final
S0-S3,grok-4.3,S1→S2,1,2,C->C,0.5829251239697139,0.5910596519708633,Correct,Correct,36,3,NaCl + TAcG,S1,S2,text-embedding-3-large,S_final
S0-S3,grok-4.3,S1→S2,1,2,C->C,0.5553104519844054,0.5685666218400002,Correct,Correct,37,1,KCl + NaCl,S1,S2,text-embedding-3-large,S_final
S0-S3,grok-4.3,S1→S2,1,2,C->C,0.3901107370853423,0.4077842687567075,Correct,Correct,38,1,KCl + NaCl,S1,S2,text-embedding-3-large,S_final
S0-S3,grok-4.3,S1→S2,1,2,C->C,0.7205640345811842,0.744421637058258,Correct,Correct,39,2,KCl,S1,S2,text-embedding-3-large,S_final
S0-S3,grok-4.3,S1→S2,1,2,C->C,0.71664726237456,0.6914672484000524,Correct,Correct,40,1,KCl,S1,S2,text-embedding-3-large,S_final
S0-S3,grok-4.3,S1→S2,1,2,C->C,0.6943261548876762,0.6886857002973557,Correct,Correct,40,3,NH₄Cl,S1,S2,text-embedding-3-large,S_final
S0-S3,grok-4.3,S1→S2,1,2,C->C,0.6394832134246826,0.6383684178193411,Correct,Correct,40,6,KCl,S1,S2,text-embedding-3-large,S_final
S0-S3,grok-4.3,S1→S2,1,2,C->C,0.6814894050359727,0.6786152084668476,Correct,Correct,45,1,Organic solvents,S1,S2,text-embedding-3-large,S_final
S0-S3,grok-4.3,S1→S2,1,2,C->C,0.6870767484108606,0.6608880549669266,Correct,Correct,46,1,Organic solvents,S1,S2,text-embedding-3-large,S_final
S0-S3,grok-4.3,S1→S2,1,2,C->C,0.6553138673305511,0.6608440687259037,Correct,Correct,46,2,Organic solvents,S1,S2,text-embedding-3-large,S_final
S0-S3,grok-4.3,S1→S2,1,2,C->C,0.7084152917067209,0.6971307287613552,Correct,Correct,47,1,Organic solvents,S1,S2,text-embedding-3-large,S_final
S0-S3,grok-4.3,S1→S2,1,2,C->C,0.6083091417948404,0.601136165857315,Correct,Correct,47,2,Organic solvents,S1,S2,text-embedding-3-large,S_final
S0-S3,grok-4.3,S1→S2,1,2,C->C,0.5703929647803306,0.5432619189222653,Correct,Correct,48,2,B(OH)₃ + other ions,S1,S2,text-embedding-3-large,S_final
S0-S3,grok-4.3,S1→S2,1,2,C->C,0.5928717811902364,0.5992769628763198,Correct,Correct,49,1,B(OH)₃ + AgNO₃,S1,S2,text-embedding-3-large,S_final
S0-S3,grok-4.3,S1→S2,1,2,C->C,0.4949602127075195,0.5512316390872002,Correct,Correct,50,1,B(OH)₃ + AgNO₃,S1,S2,text-embedding-3-large,S_final
S0-S3,grok-4.3,S1→S2,1,2,C->C,0.7135927081108093,0.7118480086326598,Correct,Correct,51,1,KB(OH)₄,S1,S2,text-embedding-3-large,S_final
S0-S3,grok-4.3,S1→S2,1,2,C->C,0.5544146810968716,0.5745997786521911,Correct,Correct,53,1,H₂O,S1,S2,text-embedding-3-large,S_final
S0-S3,grok-4.3,S1→S2,1,2,C->C,0.6207882603009542,0.6476286689440409,Correct,Correct,53,2,EtOH/H₂O,S1,S2,text-embedding-3-large,S_final
S0-S3,grok-4.3,S1→S2,1,2,C->C,0.4419816474119821,0.4611146991451582,Correct,Correct,54,1,H₂O,S1,S2,text-embedding-3-large,S_final
S0-S3,grok-4.3,S1→S2,1,2,C->C,0.6240183720986048,0.604977246125539,Correct,Correct,54,2,EtOH/H₂O,S1,S2,text-embedding-3-large,S_final
S0-S3,grok-4.3,S1→S2,1,2,C->C,0.5473868012428283,0.5456974692642689,Correct,Correct,55,1,H₂O,S1,S2,text-embedding-3-large,S_final
S0-S3,grok-4.3,S1→S2,1,2,C->C,0.6233418752749761,0.6489603708187738,Correct,Correct,55,2,EtOH/H₂O,S1,S2,text-embedding-3-large,S_final
S0-S3,grok-4.3,S1→S2,1,2,C->C,0.5681137820084889,0.583958472808202,Correct,Correct,56,2,EtOH/H₂O,S1,S2,text-embedding-3-large,S_final
S0-S3,grok-4.3,S1→S2,1,2,C->C,0.5000841259956359,0.5079688211282094,Correct,Correct,57,1,H₂O,S1,S2,text-embedding-3-large,S_final
S0-S3,grok-4.3,S1→S2,1,2,C->C,0.5387020190556844,0.5462817341089249,Correct,Correct,58,1,H₂O,S1,S2,text-embedding-3-large,S_final
S0-S3,grok-4.3,S1→S2,1,2,C->C,0.5482938657204309,0.5513384511073429,Correct,Correct,58,2,EtOH/H₂O,S1,S2,text-embedding-3-large,S_final
S0-S3,grok-4.3,S1→S2,1,2,C->C,0.445515289902687,0.4872352654735247,Correct,Correct,59,1,H₂O,S1,S2,text-embedding-3-large,S_final
S0-S3,grok-4.3,S1→S2,1,2,C->C,0.5731516013542811,0.5703632503747941,Correct,Correct,59,2,EtOH/H₂O,S1,S2,text-embedding-3-large,S_final
S0-S3,grok-4.3,S1→S2,1,2,C->C,0.4262810046474138,0.4413402706384658,Correct,Correct,60,1,H₂O,S1,S2,text-embedding-3-large,S_final
S0-S3,grok-4.3,S1→S2,1,2,C->C,0.5971774558226267,0.6173037101825077,Correct,Correct,60,2,EtOH/H₂O,S1,S2,text-embedding-3-large,S_final
S0-S3,grok-4.3,S1→S2,1,2,C->C,0.4507073367635408,0.4818197195728619,Correct,Correct,61,1,H₂O,S1,S2,text-embedding-3-large,S_final
S0-S3,grok-4.3,S1→S2,1,2,C->C,0.6299853190779686,0.6577059815327326,Correct,Correct,61,2,EtOH/H₂O,S1,S2,text-embedding-3-large,S_final
S0-S3,grok-4.3,S1→S2,1,2,C->C,0.5549461116393407,0.6042043526967366,Correct,Correct,62,1,H₂O,S1,S2,text-embedding-3-large,S_final
S0-S3,grok-4.3,S1→S2,1,2,C->C,0.5583490520715714,0.5713095650076866,Correct,Correct,62,2,EtOH/H₂O,S1,S2,text-embedding-3-large,S_final
S0-S3,grok-4.3,S1→S2,1,2,C->C,0.5749137977759043,0.5998424341281255,Correct,Correct,63,1,H₂O,S1,S2,text-embedding-3-large,S_final
S0-S3,grok-4.3,S1→S2,1,2,C->C,0.5584771325190862,0.5875779410203298,Correct,Correct,63,2,EtOH/H₂O,S1,S2,text-embedding-3-large,S_final
S0-S3,grok-4.3,S1→S2,1,2,C->C,0.6436853508154551,0.6612061023712158,Correct,Correct,64,1,KCl,S1,S2,text-embedding-3-large,S_final
S0-S3,grok-4.3,S1→S2,1,2,C->W,0.583654274791479,0.5361978744467099,Correct,Wrong,15,1,H₂O,S1,S2,text-embedding-3-large,S_final
S0-S3,grok-4.3,S1→S2,1,2,W->C,0.645667756597201,0.6906944572925567,Wrong,Correct,1,1,Tb(NO₃)₃ or Dy(NO₃)₃,S1,S2,text-embedding-3-large,S_final
S0-S3,grok-4.3,S1→S2,1,2,W->C,0.6482579270998637,0.700226131081581,Wrong,Correct,1,4,KCl,S1,S2,text-embedding-3-large,S_final
S0-S3,grok-4.3,S1→S2,1,2,W->C,0.6120261445641517,0.6687413513660431,Wrong,Correct,1,5,KB(OH)₄,S1,S2,text-embedding-3-large,S_final
S0-S3,grok-4.3,S1→S2,1,2,W->C,0.6356292138497035,0.7015987068414687,Wrong,Correct,3,1,Tb(NO₃)₃ or Eu(NO₃)₃,S1,S2,text-embedding-3-large,S_final
S0-S3,grok-4.3,S1→S2,1,2,W->C,0.6412596444288888,0.7185860708355902,Wrong,Correct,4,2,NaCl,S1,S2,text-embedding-3-large,S_final
S0-S3,grok-4.3,S1→S2,1,2,W->C,0.4885031720002491,0.5298872495690982,Wrong,Correct,12,1,H₂O,S1,S2,text-embedding-3-large,S_final
S0-S3,grok-4.3,S1→S2,1,2,W->C,0.657311154405276,0.6842533111572265,Wrong,Correct,13,1,H₂O,S1,S2,text-embedding-3-large,S_final
S0-S3,grok-4.3,S1→S2,1,2,W->C,0.562211026251316,0.57412315706412,Wrong,Correct,13,2,acidic pH,S1,S2,text-embedding-3-large,S_final
S0-S3,grok-4.3,S1→S2,1,2,W->C,0.6093114942312241,0.6182515968879064,Wrong,Correct,13,3,acidic pH + benzyl amine,S1,S2,text-embedding-3-large,S_final
S0-S3,grok-4.3,S1→S2,1,2,W->C,0.5136693045496941,0.5297601975500583,Wrong,Correct,39,1,NaCl,S1,S2,text-embedding-3-large,S_final
S0-S3,grok-4.3,S1→S2,1,2,W->C,0.6804324428240459,0.7198237697283427,Wrong,Correct,52,1,KB(OH)₄,S1,S2,text-embedding-3-large,S_final
S0-S3,grok-4.3,S1→S2,1,2,W->C,0.6033388753732045,0.6302241881688436,Wrong,Correct,64,2,NaB(OH)₄,S1,S2,text-embedding-3-large,S_final
S0-S3,grok-4.3,S1→S2,1,2,W->W,0.666089032093684,0.6635709166526794,Wrong,Wrong,4,1,LiCl,S1,S2,text-embedding-3-large,S_final
S0-S3,grok-4.3,S1→S2,1,2,W->W,0.6564651111761729,0.6574023564656575,Wrong,Wrong,5,1,LiCl,S1,S2,text-embedding-3-large,S_final
S0-S3,grok-4.3,S1→S2,1,2,W->W,0.571237031618754,0.5982275038957596,Wrong,Wrong,6,2,NaCl,S1,S2,text-embedding-3-large,S_final
S0-S3,grok-4.3,S1→S2,1,2,W->W,0.5909165690342585,0.5851377695798873,Wrong,Wrong,7,3,KCl + NaCl,S1,S2,text-embedding-3-large,S_final
S0-S3,grok-4.3,S1→S2,1,2,W->W,0.5560202052195867,0.5582504108548164,Wrong,Wrong,7,6,KCl,S1,S2,text-embedding-3-large,S_final
S0-S3,grok-4.3,S1→S2,1,2,W->W,0.6599924057722092,0.6666341324647267,Wrong,Wrong,7,7,KCl,S1,S2,text-embedding-3-large,S_final
S0-S3,grok-4.3,S1→S2,1,2,W->W,0.5895523269971211,0.6090414126714071,Wrong,Wrong,7,10,KB(OH)₄,S1,S2,text-embedding-3-large,S_final
S0-S3,grok-4.3,S1→S2,1,2,W->W,0.6829938838879267,0.6755282893776893,Wrong,Wrong,7,11,LiB(OH)₄,S1,S2,text-embedding-3-large,S_final
S0-S3,grok-4.3,S1→S2,1,2,W->W,0.5977825343608857,0.6131402800480524,Wrong,Wrong,8,3,KCl,S1,S2,text-embedding-3-large,S_final
S0-S3,grok-4.3,S1→S2,1,2,W->W,0.5689734637737275,0.5750765214363733,Wrong,Wrong,8,4,KCl,S1,S2,text-embedding-3-large,S_final
S0-S3,grok-4.3,S1→S2,1,2,W->W,0.6556042353312174,0.6627953439950943,Wrong,Wrong,9,2,KCl,S1,S2,text-embedding-3-large,S_final
S0-S3,grok-4.3,S1→S2,1,2,W->W,0.5637143403291702,0.6319473872582119,Wrong,Wrong,10,1,H₂O,S1,S2,text-embedding-3-large,S_final
S0-S3,grok-4.3,S1→S2,1,2,W->W,0.6101109315951665,0.6491044064362843,Wrong,Wrong,10,2,PBS,S1,S2,text-embedding-3-large,S_final
S0-S3,grok-4.3,S1→S2,1,2,W->W,0.5039056688547134,0.5602217828234036,Wrong,Wrong,11,1,H₂O,S1,S2,text-embedding-3-large,S_final
S0-S3,grok-4.3,S1→S2,1,2,W->W,0.6714982986450195,0.6776570767164231,Wrong,Wrong,20,1,EtOH/H₂O,S1,S2,text-embedding-3-large,S_final
S0-S3,grok-4.3,S1→S2,1,2,W->W,0.5829328725735347,0.5704966495434443,Wrong,Wrong,28,1,NaOH,S1,S2,text-embedding-3-large,S_final
S0-S3,grok-4.3,S1→S2,1,2,W->W,0.5377742702762286,0.5342274953921635,Wrong,Wrong,35,1,H₂O,S1,S2,text-embedding-3-large,S_final
S0-S3,grok-4.3,S1→S2,1,2,W->W,0.5872133001685143,0.5956212311983108,Wrong,Wrong,36,2,KCl,S1,S2,text-embedding-3-large,S_final
S0-S3,grok-4.3,S1→S2,1,2,W->W,0.6333771208922068,0.6511153191328048,Wrong,Wrong,37,2,KCl,S1,S2,text-embedding-3-large,S_final
S0-S3,grok-4.3,S1→S2,1,2,W->W,0.3956728391349315,0.3756617615620294,Wrong,Wrong,38,2,KCl,S1,S2,text-embedding-3-large,S_final
S0-S3,grok-4.3,S1→S2,1,2,W->W,0.680030212799708,0.7017714411020278,Wrong,Wrong,40,2,NaCl,S1,S2,text-embedding-3-large,S_final
S0-S3,grok-4.3,S1→S2,1,2,W->W,0.6485369006792704,0.6509649495283761,Wrong,Wrong,40,4,Me₄NCl,S1,S2,text-embedding-3-large,S_final
S0-S3,grok-4.3,S1→S2,1,2,W->W,0.6340818643569947,0.6401644508043925,Wrong,Wrong,40,5,Borate buffer,S1,S2,text-embedding-3-large,S_final
S0-S3,grok-4.3,S1→S2,1,2,W->W,0.6427725871404012,0.6630745381116867,Wrong,Wrong,41,1,KCl,S1,S2,text-embedding-3-large,S_final
S0-S3,grok-4.3,S1→S2,1,2,W->W,0.5557520031929016,0.5448316762844722,Wrong,Wrong,42,1,KCl,S1,S2,text-embedding-3-large,S_final
S0-S3,grok-4.3,S1→S2,1,2,W->W,0.5461015125115712,0.5945086012283961,Wrong,Wrong,43,1,KCl,S1,S2,text-embedding-3-large,S_final
S0-S3,grok-4.3,S1→S2,1,2,W->W,0.6489102820555369,0.6744776318470637,Wrong,Wrong,44,1,KCl,S1,S2,text-embedding-3-large,S_final
S0-S3,grok-4.3,S1→S2,1,2,W->W,0.4967514271537463,0.514505701760451,Wrong,Wrong,45,2,Organic solvents,S1,S2,text-embedding-3-large,S_final
S0-S3,grok-4.3,S1→S2,1,2,W->W,0.4890732208887736,0.5103377416729927,Wrong,Wrong,45,3,Organic solvents,S1,S2,text-embedding-3-large,S_final
S0-S3,grok-4.3,S1→S2,1,2,W->W,0.5681426326433817,0.5957269340753554,Wrong,Wrong,48,1,B(OH)₃ + AgNO₃,S1,S2,text-embedding-3-large,S_final
S0-S3,grok-4.3,S1→S2,1,2,W->W,0.4900870551665623,0.5356206595897673,Wrong,Wrong,56,1,H₂O,S1,S2,text-embedding-3-large,S_final
S0-S3,grok-4.3,S1→S2,1,2,W->W,0.3768169090151786,0.4081555763880411,Wrong,Wrong,57,2,EtOH/H₂O,S1,S2,text-embedding-3-large,S_final
S0-S3,grok-4.3,S2→S3,2,3,C->C,0.6906944572925567,0.6831784754991531,Correct,Correct,1,1,Tb(NO₃)₃ or Dy(NO₃)₃,S2,S3,text-embedding-3-large,S_final
S0-S3,grok-4.3,S2→S3,2,3,C->C,0.6296964466571807,0.6568675329287847,Correct,Correct,1,2,LiCl,S2,S3,text-embedding-3-large,S_final
S0-S3,grok-4.3,S2→S3,2,3,C->C,0.5779921303192774,0.6313384095827738,Correct,Correct,1,3,NaCl,S2,S3,text-embedding-3-large,S_final
S0-S3,grok-4.3,S2→S3,2,3,C->C,0.700226131081581,0.6971313953399658,Correct,Correct,1,4,KCl,S2,S3,text-embedding-3-large,S_final
S0-S3,grok-4.3,S2→S3,2,3,C->C,0.6687413513660431,0.6633445521195729,Correct,Correct,1,5,KB(OH)₄,S2,S3,text-embedding-3-large,S_final
S0-S3,grok-4.3,S2→S3,2,3,C->C,0.6994677633047104,0.7287767454981804,Correct,Correct,2,1,Tb(NO₃)₃ or Eu(NO₃)₃,S2,S3,text-embedding-3-large,S_final
S0-S3,grok-4.3,S2→S3,2,3,C->C,0.7015987068414687,0.7256107787291208,Correct,Correct,3,1,Tb(NO₃)₃ or Eu(NO₃)₃,S2,S3,text-embedding-3-large,S_final
S0-S3,grok-4.3,S2→S3,2,3,C->C,0.7727314998706181,0.7937070757150648,Correct,Correct,3,2,B(OH)₃ + AgNO₃,S2,S3,text-embedding-3-large,S_final
S0-S3,grok-4.3,S2→S3,2,3,C->C,0.6561045080423354,0.6867829600969949,Correct,Correct,4,3,KCl,S2,S3,text-embedding-3-large,S_final
S0-S3,grok-4.3,S2→S3,2,3,C->C,0.6855249017477035,0.7139164527257283,Correct,Correct,5,2,KCl,S2,S3,text-embedding-3-large,S_final
S0-S3,grok-4.3,S2→S3,2,3,C->C,0.6874753346045811,0.6885621080795924,Correct,Correct,5,3,NaCl,S2,S3,text-embedding-3-large,S_final
S0-S3,grok-4.3,S2→S3,2,3,C->C,0.7047476967175802,0.7125010679165523,Correct,Correct,6,1,LiCl,S2,S3,text-embedding-3-large,S_final
S0-S3,grok-4.3,S2→S3,2,3,C->C,0.6867544452349345,0.6932134956121444,Correct,Correct,6,3,KCl,S2,S3,text-embedding-3-large,S_final
S0-S3,grok-4.3,S2→S3,2,3,C->C,0.7142044633626937,0.7284705748160679,Correct,Correct,7,1,LiCl,S2,S3,text-embedding-3-large,S_final
S0-S3,grok-4.3,S2→S3,2,3,C->C,0.5943486491839091,0.621761491894722,Correct,Correct,7,4,KCl,S2,S3,text-embedding-3-large,S_final
S0-S3,grok-4.3,S2→S3,2,3,C->C,0.6588295569022495,0.691930091381073,Correct,Correct,7,5,KCl,S2,S3,text-embedding-3-large,S_final
S0-S3,grok-4.3,S2→S3,2,3,C->C,0.6356103360652924,0.6869298676649729,Correct,Correct,7,8,KCl + TAcG,S2,S3,text-embedding-3-large,S_final
S0-S3,grok-4.3,S2→S3,2,3,C->C,0.7354411780834198,0.7369855890671412,Correct,Correct,7,9,KB(OH)₄,S2,S3,text-embedding-3-large,S_final
S0-S3,grok-4.3,S2→S3,2,3,C->C,0.681172204017639,0.7105969051520029,Correct,Correct,8,1,LiCl,S2,S3,text-embedding-3-large,S_final
S0-S3,grok-4.3,S2→S3,2,3,C->C,0.636043573419253,0.6606285015741984,Correct,Correct,8,2,NaCl,S2,S3,text-embedding-3-large,S_final
S0-S3,grok-4.3,S2→S3,2,3,C->C,0.6612271219491959,0.6414741377035776,Correct,Correct,9,1,LiCl,S2,S3,text-embedding-3-large,S_final
S0-S3,grok-4.3,S2→S3,2,3,C->C,0.6628088057041168,0.6673512935638427,Correct,Correct,9,3,NaCl,S2,S3,text-embedding-3-large,S_final
S0-S3,grok-4.3,S2→S3,2,3,C->C,0.5298872495690982,0.5334184885025024,Correct,Correct,12,1,H₂O,S2,S3,text-embedding-3-large,S_final
S0-S3,grok-4.3,S2→S3,2,3,C->C,0.6842533111572265,0.7396597544352214,Correct,Correct,13,1,H₂O,S2,S3,text-embedding-3-large,S_final
S0-S3,grok-4.3,S2→S3,2,3,C->C,0.57412315706412,0.6011741171280542,Correct,Correct,13,2,acidic pH,S2,S3,text-embedding-3-large,S_final
S0-S3,grok-4.3,S2→S3,2,3,C->C,0.6413383265336354,0.6682806193828582,Correct,Correct,14,1,H₂O,S2,S3,text-embedding-3-large,S_final
S0-S3,grok-4.3,S2→S3,2,3,C->C,0.7130454967419307,0.7576065768798191,Correct,Correct,16,1,H₂O,S2,S3,text-embedding-3-large,S_final
S0-S3,grok-4.3,S2→S3,2,3,C->C,0.6588222066561381,0.6757665107647578,Correct,Correct,17,1,H₂O,S2,S3,text-embedding-3-large,S_final
S0-S3,grok-4.3,S2→S3,2,3,C->C,0.7172967483599981,0.7127665768067041,Correct,Correct,18,1,H₂O,S2,S3,text-embedding-3-large,S_final
S0-S3,grok-4.3,S2→S3,2,3,C->C,0.6631596893072128,0.7008569647868473,Correct,Correct,19,1,H₂O,S2,S3,text-embedding-3-large,S_final
S0-S3,grok-4.3,S2→S3,2,3,C->C,0.6323780685663222,0.6481915791829427,Correct,Correct,21,1,EtOH/H₂O,S2,S3,text-embedding-3-large,S_final
S0-S3,grok-4.3,S2→S3,2,3,C->C,0.6370230664809545,0.6332234998544056,Correct,Correct,22,1,EtOH/H₂O,S2,S3,text-embedding-3-large,S_final
S0-S3,grok-4.3,S2→S3,2,3,C->C,0.640649903813998,0.6445956349372862,Correct,Correct,23,1,EtOH/H₂O,S2,S3,text-embedding-3-large,S_final
S0-S3,grok-4.3,S2→S3,2,3,C->C,0.613224313656489,0.6178469469149906,Correct,Correct,24,1,EtOH/H₂O,S2,S3,text-embedding-3-large,S_final
S0-S3,grok-4.3,S2→S3,2,3,C->C,0.5350406721234321,0.5674661457538605,Correct,Correct,25,1,NaOH,S2,S3,text-embedding-3-large,S_final
S0-S3,grok-4.3,S2→S3,2,3,C->C,0.6138687590758005,0.6291169464588164,Correct,Correct,25,2,Organic solvents,S2,S3,text-embedding-3-large,S_final
S0-S3,grok-4.3,S2→S3,2,3,C->C,0.6735871752103169,0.6611008743445078,Correct,Correct,26,1,NaOH,S2,S3,text-embedding-3-large,S_final
S0-S3,grok-4.3,S2→S3,2,3,C->C,0.5373671546578408,0.580203990638256,Correct,Correct,26,2,KOH,S2,S3,text-embedding-3-large,S_final
S0-S3,grok-4.3,S2→S3,2,3,C->C,0.519477516412735,0.6063188910484314,Correct,Correct,26,3,LiOH,S2,S3,text-embedding-3-large,S_final
S0-S3,grok-4.3,S2→S3,2,3,C->C,0.6255994081497193,0.650812245408694,Correct,Correct,26,4,Organic solvents,S2,S3,text-embedding-3-large,S_final
S0-S3,grok-4.3,S2→S3,2,3,C->C,0.6434618294239044,0.6744262675444285,Correct,Correct,27,1,NaOH,S2,S3,text-embedding-3-large,S_final
S0-S3,grok-4.3,S2→S3,2,3,C->C,0.5747700497508049,0.5982042690118154,Correct,Correct,27,2,KOH,S2,S3,text-embedding-3-large,S_final
S0-S3,grok-4.3,S2→S3,2,3,C->C,0.5784364764889082,0.6120243151982625,Correct,Correct,27,3,LiOH,S2,S3,text-embedding-3-large,S_final
S0-S3,grok-4.3,S2→S3,2,3,C->C,0.7009568482637404,0.7309740533431371,Correct,Correct,27,4,Organic solvents,S2,S3,text-embedding-3-large,S_final
S0-S3,grok-4.3,S2→S3,2,3,C->C,0.481343159576257,0.5182754307985306,Correct,Correct,28,2,Organic solvents,S2,S3,text-embedding-3-large,S_final
S0-S3,grok-4.3,S2→S3,2,3,C->C,0.641463565826416,0.6792497768998146,Correct,Correct,29,1,NaOH,S2,S3,text-embedding-3-large,S_final
S0-S3,grok-4.3,S2→S3,2,3,C->C,0.4725559388597806,0.4589598566293716,Correct,Correct,29,2,Organic solvents,S2,S3,text-embedding-3-large,S_final
S0-S3,grok-4.3,S2→S3,2,3,C->C,0.6352084000905355,0.6497012287378311,Correct,Correct,30,1,NaOH,S2,S3,text-embedding-3-large,S_final
S0-S3,grok-4.3,S2→S3,2,3,C->C,0.471218595902125,0.4865253428618112,Correct,Correct,30,2,Organic solvents,S2,S3,text-embedding-3-large,S_final
S0-S3,grok-4.3,S2→S3,2,3,C->C,0.6825438429911932,0.7099847157796223,Correct,Correct,31,1,H₂O,S2,S3,text-embedding-3-large,S_final
S0-S3,grok-4.3,S2→S3,2,3,C->C,0.640681098898252,0.6733791987101236,Correct,Correct,32,1,H₂O,S2,S3,text-embedding-3-large,S_final
S0-S3,grok-4.3,S2→S3,2,3,C->C,0.6024621109167735,0.6414572566747664,Correct,Correct,33,1,H₂O,S2,S3,text-embedding-3-large,S_final
S0-S3,grok-4.3,S2→S3,2,3,C->C,0.5484944904843966,0.5794277648131052,Correct,Correct,34,1,H₂O,S2,S3,text-embedding-3-large,S_final
S0-S3,grok-4.3,S2→S3,2,3,C->C,0.6644726296265919,0.6770672579606373,Correct,Correct,36,1,NaCl,S2,S3,text-embedding-3-large,S_final
S0-S3,grok-4.3,S2→S3,2,3,C->C,0.5910596519708633,0.5925106147925059,Correct,Correct,36,3,NaCl + TAcG,S2,S3,text-embedding-3-large,S_final
S0-S3,grok-4.3,S2→S3,2,3,C->C,0.5685666218400002,0.5893116772174835,Correct,Correct,37,1,KCl + NaCl,S2,S3,text-embedding-3-large,S_final
S0-S3,grok-4.3,S2→S3,2,3,C->C,0.4077842687567075,0.4134164333343506,Correct,Correct,38,1,KCl + NaCl,S2,S3,text-embedding-3-large,S_final
S0-S3,grok-4.3,S2→S3,2,3,C->C,0.5297601975500583,0.5516632959246636,Correct,Correct,39,1,NaCl,S2,S3,text-embedding-3-large,S_final
S0-S3,grok-4.3,S2→S3,2,3,C->C,0.744421637058258,0.7566033601760864,Correct,Correct,39,2,KCl,S2,S3,text-embedding-3-large,S_final
S0-S3,grok-4.3,S2→S3,2,3,C->C,0.6914672484000524,0.7225255678097406,Correct,Correct,40,1,KCl,S2,S3,text-embedding-3-large,S_final
S0-S3,grok-4.3,S2→S3,2,3,C->C,0.6886857002973557,0.6742416997750599,Correct,Correct,40,3,NH₄Cl,S2,S3,text-embedding-3-large,S_final
S0-S3,grok-4.3,S2→S3,2,3,C->C,0.6383684178193411,0.6400843918323517,Correct,Correct,40,6,KCl,S2,S3,text-embedding-3-large,S_final
S0-S3,grok-4.3,S2→S3,2,3,C->C,0.6786152084668476,0.6991130789120992,Correct,Correct,45,1,Organic solvents,S2,S3,text-embedding-3-large,S_final
S0-S3,grok-4.3,S2→S3,2,3,C->C,0.6608880549669266,0.6882598151763281,Correct,Correct,46,1,Organic solvents,S2,S3,text-embedding-3-large,S_final
S0-S3,grok-4.3,S2→S3,2,3,C->C,0.6608440687259037,0.6413247873385747,Correct,Correct,46,2,Organic solvents,S2,S3,text-embedding-3-large,S_final
S0-S3,grok-4.3,S2→S3,2,3,C->C,0.6971307287613552,0.7101098070542017,Correct,Correct,47,1,Organic solvents,S2,S3,text-embedding-3-large,S_final
S0-S3,grok-4.3,S2→S3,2,3,C->C,0.601136165857315,0.6284626533587773,Correct,Correct,47,2,Organic solvents,S2,S3,text-embedding-3-large,S_final
S0-S3,grok-4.3,S2→S3,2,3,C->C,0.5432619189222653,0.596065170566241,Correct,Correct,48,2,B(OH)₃ + other ions,S2,S3,text-embedding-3-large,S_final
S0-S3,grok-4.3,S2→S3,2,3,C->C,0.5992769628763198,0.6184882630904515,Correct,Correct,49,1,B(OH)₃ + AgNO₃,S2,S3,text-embedding-3-large,S_final
S0-S3,grok-4.3,S2→S3,2,3,C->C,0.5512316390872002,0.5379312505324682,Correct,Correct,50,1,B(OH)₃ + AgNO₃,S2,S3,text-embedding-3-large,S_final
S0-S3,grok-4.3,S2→S3,2,3,C->C,0.7118480086326598,0.7150775323311486,Correct,Correct,51,1,KB(OH)₄,S2,S3,text-embedding-3-large,S_final
S0-S3,grok-4.3,S2→S3,2,3,C->C,0.7198237697283427,0.7302563438812891,Correct,Correct,52,1,KB(OH)₄,S2,S3,text-embedding-3-large,S_final
S0-S3,grok-4.3,S2→S3,2,3,C->C,0.5745997786521911,0.5702407926321029,Correct,Correct,53,1,H₂O,S2,S3,text-embedding-3-large,S_final
S0-S3,grok-4.3,S2→S3,2,3,C->C,0.6476286689440409,0.6757424155871073,Correct,Correct,53,2,EtOH/H₂O,S2,S3,text-embedding-3-large,S_final
S0-S3,grok-4.3,S2→S3,2,3,C->C,0.4611146991451582,0.4597504988312721,Correct,Correct,54,1,H₂O,S2,S3,text-embedding-3-large,S_final
S0-S3,grok-4.3,S2→S3,2,3,C->C,0.604977246125539,0.6574638932943344,Correct,Correct,54,2,EtOH/H₂O,S2,S3,text-embedding-3-large,S_final
S0-S3,grok-4.3,S2→S3,2,3,C->C,0.5456974692642689,0.5636129717032115,Correct,Correct,55,1,H₂O,S2,S3,text-embedding-3-large,S_final
S0-S3,grok-4.3,S2→S3,2,3,C->C,0.6489603708187738,0.6702717055877049,Correct,Correct,55,2,EtOH/H₂O,S2,S3,text-embedding-3-large,S_final
S0-S3,grok-4.3,S2→S3,2,3,C->C,0.583958472808202,0.6218398650487265,Correct,Correct,56,2,EtOH/H₂O,S2,S3,text-embedding-3-large,S_final
S0-S3,grok-4.3,S2→S3,2,3,C->C,0.5079688211282094,0.4927683338522911,Correct,Correct,57,1,H₂O,S2,S3,text-embedding-3-large,S_final
S0-S3,grok-4.3,S2→S3,2,3,C->C,0.5462817341089249,0.5470578129092852,Correct,Correct,58,1,H₂O,S2,S3,text-embedding-3-large,S_final
S0-S3,grok-4.3,S2→S3,2,3,C->C,0.5513384511073429,0.5659178485472997,Correct,Correct,58,2,EtOH/H₂O,S2,S3,text-embedding-3-large,S_final
S0-S3,grok-4.3,S2→S3,2,3,C->C,0.4872352654735247,0.5007755478223164,Correct,Correct,59,1,H₂O,S2,S3,text-embedding-3-large,S_final
S0-S3,grok-4.3,S2→S3,2,3,C->C,0.5703632503747941,0.6134548902511596,Correct,Correct,59,2,EtOH/H₂O,S2,S3,text-embedding-3-large,S_final
S0-S3,grok-4.3,S2→S3,2,3,C->C,0.4413402706384658,0.4570283542076745,Correct,Correct,60,1,H₂O,S2,S3,text-embedding-3-large,S_final
S0-S3,grok-4.3,S2→S3,2,3,C->C,0.6173037101825077,0.6134305576483409,Correct,Correct,60,2,EtOH/H₂O,S2,S3,text-embedding-3-large,S_final
S0-S3,grok-4.3,S2→S3,2,3,C->C,0.4818197195728619,0.4530767555038134,Correct,Correct,61,1,H₂O,S2,S3,text-embedding-3-large,S_final
S0-S3,grok-4.3,S2→S3,2,3,C->C,0.6577059815327326,0.6459213574727376,Correct,Correct,61,2,EtOH/H₂O,S2,S3,text-embedding-3-large,S_final
S0-S3,grok-4.3,S2→S3,2,3,C->C,0.6042043526967366,0.6332092185815175,Correct,Correct,62,1,H₂O,S2,S3,text-embedding-3-large,S_final
S0-S3,grok-4.3,S2→S3,2,3,C->C,0.5713095650076866,0.5993761400381724,Correct,Correct,62,2,EtOH/H₂O,S2,S3,text-embedding-3-large,S_final
S0-S3,grok-4.3,S2→S3,2,3,C->C,0.5998424341281255,0.6333948105573654,Correct,Correct,63,1,H₂O,S2,S3,text-embedding-3-large,S_final
S0-S3,grok-4.3,S2→S3,2,3,C->C,0.5875779410203298,0.5954794774452844,Correct,Correct,63,2,EtOH/H₂O,S2,S3,text-embedding-3-large,S_final
S0-S3,grok-4.3,S2→S3,2,3,C->C,0.6612061023712158,0.6398158570130666,Correct,Correct,64,1,KCl,S2,S3,text-embedding-3-large,S_final
S0-S3,grok-4.3,S2→S3,2,3,C->C,0.6302241881688436,0.6316486189762751,Correct,Correct,64,2,NaB(OH)₄,S2,S3,text-embedding-3-large,S_final
S0-S3,grok-4.3,S2→S3,2,3,C->W,0.7185860708355902,0.6832178875803947,Correct,Wrong,4,2,NaCl,S2,S3,text-embedding-3-large,S_final
S0-S3,grok-4.3,S2→S3,2,3,C->W,0.706580750644207,0.6887586086988449,Correct,Wrong,7,2,NaCl,S2,S3,text-embedding-3-large,S_final
S0-S3,grok-4.3,S2→S3,2,3,C->W,0.6182515968879064,0.5590269699692726,Correct,Wrong,13,3,acidic pH + benzyl amine,S2,S3,text-embedding-3-large,S_final
S0-S3,grok-4.3,S2→S3,2,3,W->C,0.6635709166526794,0.7183356493711471,Wrong,Correct,4,1,LiCl,S2,S3,text-embedding-3-large,S_final
S0-S3,grok-4.3,S2→S3,2,3,W->C,0.6755282893776893,0.722264266014099,Wrong,Correct,7,11,LiB(OH)₄,S2,S3,text-embedding-3-large,S_final
S0-S3,grok-4.3,S2→S3,2,3,W->C,0.6776570767164231,0.7103908434510231,Wrong,Correct,20,1,EtOH/H₂O,S2,S3,text-embedding-3-large,S_final
S0-S3,grok-4.3,S2→S3,2,3,W->C,0.5103377416729927,0.5792191609740257,Wrong,Correct,45,3,Organic solvents,S2,S3,text-embedding-3-large,S_final
S0-S3,grok-4.3,S2→S3,2,3,W->C,0.5957269340753554,0.6388192703326543,Wrong,Correct,48,1,B(OH)₃ + AgNO₃,S2,S3,text-embedding-3-large,S_final
S0-S3,grok-4.3,S2→S3,2,3,W->C,0.4081555763880411,0.4448422273000081,Wrong,Correct,57,2,EtOH/H₂O,S2,S3,text-embedding-3-large,S_final
S0-S3,grok-4.3,S2→S3,2,3,W->W,0.6574023564656575,0.665718067685763,Wrong,Wrong,5,1,LiCl,S2,S3,text-embedding-3-large,S_final
S0-S3,grok-4.3,S2→S3,2,3,W->W,0.5982275038957596,0.6069643010695774,Wrong,Wrong,6,2,NaCl,S2,S3,text-embedding-3-large,S_final
S0-S3,grok-4.3,S2→S3,2,3,W->W,0.5851377695798873,0.6122700730959574,Wrong,Wrong,7,3,KCl + NaCl,S2,S3,text-embedding-3-large,S_final
S0-S3,grok-4.3,S2→S3,2,3,W->W,0.5582504108548164,0.5896032194296518,Wrong,Wrong,7,6,KCl,S2,S3,text-embedding-3-large,S_final
S0-S3,grok-4.3,S2→S3,2,3,W->W,0.6666341324647267,0.6855819910764694,Wrong,Wrong,7,7,KCl,S2,S3,text-embedding-3-large,S_final
S0-S3,grok-4.3,S2→S3,2,3,W->W,0.6090414126714071,0.5982573290665943,Wrong,Wrong,7,10,KB(OH)₄,S2,S3,text-embedding-3-large,S_final
S0-S3,grok-4.3,S2→S3,2,3,W->W,0.6131402800480524,0.6216104159752528,Wrong,Wrong,8,3,KCl,S2,S3,text-embedding-3-large,S_final
S0-S3,grok-4.3,S2→S3,2,3,W->W,0.5750765214363733,0.5453870117664338,Wrong,Wrong,8,4,KCl,S2,S3,text-embedding-3-large,S_final
S0-S3,grok-4.3,S2→S3,2,3,W->W,0.6627953439950943,0.6880013515551885,Wrong,Wrong,9,2,KCl,S2,S3,text-embedding-3-large,S_final
S0-S3,grok-4.3,S2→S3,2,3,W->W,0.6319473872582119,0.6253086507320403,Wrong,Wrong,10,1,H₂O,S2,S3,text-embedding-3-large,S_final
S0-S3,grok-4.3,S2→S3,2,3,W->W,0.6491044064362843,0.6685291936000187,Wrong,Wrong,10,2,PBS,S2,S3,text-embedding-3-large,S_final
S0-S3,grok-4.3,S2→S3,2,3,W->W,0.5602217828234036,0.5821518763899803,Wrong,Wrong,11,1,H₂O,S2,S3,text-embedding-3-large,S_final
S0-S3,grok-4.3,S2→S3,2,3,W->W,0.5361978744467099,0.5841588805119197,Wrong,Wrong,15,1,H₂O,S2,S3,text-embedding-3-large,S_final
S0-S3,grok-4.3,S2→S3,2,3,W->W,0.5704966495434443,0.5645148346821467,Wrong,Wrong,28,1,NaOH,S2,S3,text-embedding-3-large,S_final
S0-S3,grok-4.3,S2→S3,2,3,W->W,0.5342274953921635,0.5603231976429622,Wrong,Wrong,35,1,H₂O,S2,S3,text-embedding-3-large,S_final
S0-S3,grok-4.3,S2→S3,2,3,W->W,0.5956212311983108,0.610483686129252,Wrong,Wrong,36,2,KCl,S2,S3,text-embedding-3-large,S_final
S0-S3,grok-4.3,S2→S3,2,3,W->W,0.6511153191328048,0.6607437918583551,Wrong,Wrong,37,2,KCl,S2,S3,text-embedding-3-large,S_final
S0-S3,grok-4.3,S2→S3,2,3,W->W,0.3756617615620294,0.3793504700064659,Wrong,Wrong,38,2,KCl,S2,S3,text-embedding-3-large,S_final
S0-S3,grok-4.3,S2→S3,2,3,W->W,0.7017714411020278,0.70121398071448,Wrong,Wrong,40,2,NaCl,S2,S3,text-embedding-3-large,S_final
S0-S3,grok-4.3,S2→S3,2,3,W->W,0.6509649495283761,0.6671868026256561,Wrong,Wrong,40,4,Me₄NCl,S2,S3,text-embedding-3-large,S_final
S0-S3,grok-4.3,S2→S3,2,3,W->W,0.6401644508043925,0.6512972474098205,Wrong,Wrong,40,5,Borate buffer,S2,S3,text-embedding-3-large,S_final
S0-S3,grok-4.3,S2→S3,2,3,W->W,0.6630745381116867,0.6707002311944961,Wrong,Wrong,41,1,KCl,S2,S3,text-embedding-3-large,S_final
S0-S3,grok-4.3,S2→S3,2,3,W->W,0.5448316762844722,0.5839426706234614,Wrong,Wrong,42,1,KCl,S2,S3,text-embedding-3-large,S_final
S0-S3,grok-4.3,S2→S3,2,3,W->W,0.5945086012283961,0.6115112125873565,Wrong,Wrong,43,1,KCl,S2,S3,text-embedding-3-large,S_final
S0-S3,grok-4.3,S2→S3,2,3,W->W,0.6744776318470637,0.6625700652599334,Wrong,Wrong,44,1,KCl,S2,S3,text-embedding-3-large,S_final
S0-S3,grok-4.3,S2→S3,2,3,W->W,0.514505701760451,0.5246848560869694,Wrong,Wrong,45,2,Organic solvents,S2,S3,text-embedding-3-large,S_final
S0-S3,grok-4.3,S2→S3,2,3,W->W,0.5356206595897673,0.5176579877734183,Wrong,Wrong,56,1,H₂O,S2,S3,text-embedding-3-large,S_final
S0-S3,llama-4-scout,S0→S1,0,1,C->C,0.643382637699445,0.62900573015213,Correct,Correct,1,4,KCl,S0,S1,text-embedding-3-large,S_final
S0-S3,llama-4-scout,S0→S1,0,1,C->C,0.6834358831246693,0.6728575875361761,Correct,Correct,2,1,Tb(NO₃)₃ or Eu(NO₃)₃,S0,S1,text-embedding-3-large,S_final
S0-S3,llama-4-scout,S0→S1,0,1,C->C,0.6580866913000742,0.6728810111681621,Correct,Correct,3,1,Tb(NO₃)₃ or Eu(NO₃)₃,S0,S1,text-embedding-3-large,S_final
S0-S3,llama-4-scout,S0→S1,0,1,C->C,0.615975534915924,0.6325981736183167,Correct,Correct,4,3,KCl,S0,S1,text-embedding-3-large,S_final
S0-S3,llama-4-scout,S0→S1,0,1,C->C,0.6300863305727641,0.6309576084216436,Correct,Correct,5,2,KCl,S0,S1,text-embedding-3-large,S_final
S0-S3,llama-4-scout,S0→S1,0,1,C->C,0.6587292164564131,0.6758189141750336,Correct,Correct,6,1,LiCl,S0,S1,text-embedding-3-large,S_final
S0-S3,llama-4-scout,S0→S1,0,1,C->C,0.6320927282174428,0.636905226111412,Correct,Correct,6,3,KCl,S0,S1,text-embedding-3-large,S_final
S0-S3,llama-4-scout,S0→S1,0,1,C->C,0.6097523828347523,0.562143607934316,Correct,Correct,7,4,KCl,S0,S1,text-embedding-3-large,S_final
S0-S3,llama-4-scout,S0→S1,0,1,C->C,0.6562369922796886,0.5987662846843401,Correct,Correct,7,5,KCl,S0,S1,text-embedding-3-large,S_final
S0-S3,llama-4-scout,S0→S1,0,1,C->C,0.6190939555565516,0.6157408893108368,Correct,Correct,7,8,KCl + TAcG,S0,S1,text-embedding-3-large,S_final
S0-S3,llama-4-scout,S0→S1,0,1,C->C,0.674136401216189,0.6379716128110885,Correct,Correct,7,9,KB(OH)₄,S0,S1,text-embedding-3-large,S_final
S0-S3,llama-4-scout,S0→S1,0,1,C->C,0.6250544438759486,0.5888940528035164,Correct,Correct,8,3,KCl,S0,S1,text-embedding-3-large,S_final
S0-S3,llama-4-scout,S0→S1,0,1,C->C,0.632583118478457,0.6774545997381209,Correct,Correct,16,1,H₂O,S0,S1,text-embedding-3-large,S_final
S0-S3,llama-4-scout,S0→S1,0,1,C->C,0.6705506672461827,0.6538173894087473,Correct,Correct,18,1,H₂O,S0,S1,text-embedding-3-large,S_final
S0-S3,llama-4-scout,S0→S1,0,1,C->C,0.5365773792068164,0.5982336257894834,Correct,Correct,19,1,H₂O,S0,S1,text-embedding-3-large,S_final
S0-S3,llama-4-scout,S0→S1,0,1,C->C,0.6040709619720777,0.5818482667207717,Correct,Correct,21,1,EtOH/H₂O,S0,S1,text-embedding-3-large,S_final
S0-S3,llama-4-scout,S0→S1,0,1,C->C,0.597810768087705,0.5995112001895904,Correct,Correct,25,2,Organic solvents,S0,S1,text-embedding-3-large,S_final
S0-S3,llama-4-scout,S0→S1,0,1,C->C,0.6344731291135152,0.5784382959206898,Correct,Correct,26,1,NaOH,S0,S1,text-embedding-3-large,S_final
S0-S3,llama-4-scout,S0→S1,0,1,C->C,0.4864707820117473,0.466745575517416,Correct,Correct,26,3,LiOH,S0,S1,text-embedding-3-large,S_final
S0-S3,llama-4-scout,S0→S1,0,1,C->C,0.6743261059125264,0.6212746759255726,Correct,Correct,26,4,Organic solvents,S0,S1,text-embedding-3-large,S_final
S0-S3,llama-4-scout,S0→S1,0,1,C->C,0.5102546125650406,0.4746300041675567,Correct,Correct,27,3,LiOH,S0,S1,text-embedding-3-large,S_final
S0-S3,llama-4-scout,S0→S1,0,1,C->C,0.7183413222432136,0.6721050391594569,Correct,Correct,27,4,Organic solvents,S0,S1,text-embedding-3-large,S_final
S0-S3,llama-4-scout,S0→S1,0,1,C->C,0.5177238285541534,0.4321565379699071,Correct,Correct,28,2,Organic solvents,S0,S1,text-embedding-3-large,S_final
S0-S3,llama-4-scout,S0→S1,0,1,C->C,0.4471876402695973,0.4339093908667564,Correct,Correct,29,2,Organic solvents,S0,S1,text-embedding-3-large,S_final
S0-S3,llama-4-scout,S0→S1,0,1,C->C,0.5110768482089043,0.4488890762130419,Correct,Correct,30,2,Organic solvents,S0,S1,text-embedding-3-large,S_final
S0-S3,llama-4-scout,S0→S1,0,1,C->C,0.6154641985893249,0.6296721428632737,Correct,Correct,31,1,H₂O,S0,S1,text-embedding-3-large,S_final
S0-S3,llama-4-scout,S0→S1,0,1,C->C,0.6424159198999404,0.6483659684658051,Correct,Correct,36,1,NaCl,S0,S1,text-embedding-3-large,S_final
S0-S3,llama-4-scout,S0→S1,0,1,C->C,0.5576961984237035,0.5810763428608576,Correct,Correct,36,3,NaCl + TAcG,S0,S1,text-embedding-3-large,S_final
S0-S3,llama-4-scout,S0→S1,0,1,C->C,0.6312297781308492,0.6223136126995087,Correct,Correct,37,2,KCl,S0,S1,text-embedding-3-large,S_final
S0-S3,llama-4-scout,S0→S1,0,1,C->C,0.6647005925575892,0.6553286085526148,Correct,Correct,40,1,KCl,S0,S1,text-embedding-3-large,S_final
S0-S3,llama-4-scout,S0→S1,0,1,C->C,0.6442936013142267,0.6472409506638844,Correct,Correct,40,2,NaCl,S0,S1,text-embedding-3-large,S_final
S0-S3,llama-4-scout,S0→S1,0,1,C->C,0.6070358405510584,0.623647552728653,Correct,Correct,40,3,NH₄Cl,S0,S1,text-embedding-3-large,S_final
S0-S3,llama-4-scout,S0→S1,0,1,C->C,0.5967707221706707,0.6250211179256439,Correct,Correct,40,4,Me₄NCl,S0,S1,text-embedding-3-large,S_final
S0-S3,llama-4-scout,S0→S1,0,1,C->C,0.600214367111524,0.588804167509079,Correct,Correct,40,6,KCl,S0,S1,text-embedding-3-large,S_final
S0-S3,llama-4-scout,S0→S1,0,1,C->C,0.6749028652906417,0.6082409928242365,Correct,Correct,46,1,Organic solvents,S0,S1,text-embedding-3-large,S_final
S0-S3,llama-4-scout,S0→S1,0,1,C->C,0.6051261226336161,0.5873338947693506,Correct,Correct,46,2,Organic solvents,S0,S1,text-embedding-3-large,S_final
S0-S3,llama-4-scout,S0→S1,0,1,C->C,0.663087526957194,0.6242617865403493,Correct,Correct,47,1,Organic solvents,S0,S1,text-embedding-3-large,S_final
S0-S3,llama-4-scout,S0→S1,0,1,C->C,0.5717121625940004,0.5573632831374803,Correct,Correct,47,2,Organic solvents,S0,S1,text-embedding-3-large,S_final
S0-S3,llama-4-scout,S0→S1,0,1,C->C,0.6670556207497914,0.6637720147768656,Correct,Correct,52,1,KB(OH)₄,S0,S1,text-embedding-3-large,S_final
S0-S3,llama-4-scout,S0→S1,0,1,C->C,0.6057403763135274,0.6057795569300651,Correct,Correct,53,2,EtOH/H₂O,S0,S1,text-embedding-3-large,S_final
S0-S3,llama-4-scout,S0→S1,0,1,C->C,0.611253109574318,0.617709270119667,Correct,Correct,54,2,EtOH/H₂O,S0,S1,text-embedding-3-large,S_final
S0-S3,llama-4-scout,S0→S1,0,1,C->C,0.6039184093475342,0.636413805683454,Correct,Correct,55,2,EtOH/H₂O,S0,S1,text-embedding-3-large,S_final
S0-S3,llama-4-scout,S0→S1,0,1,C->C,0.5895338157812754,0.5233091985185941,Correct,Correct,56,2,EtOH/H₂O,S0,S1,text-embedding-3-large,S_final
S0-S3,llama-4-scout,S0→S1,0,1,C->C,0.5929790914058685,0.5273121550679206,Correct,Correct,58,2,EtOH/H₂O,S0,S1,text-embedding-3-large,S_final
S0-S3,llama-4-scout,S0→S1,0,1,C->C,0.5008472986519337,0.4416694755355517,Correct,Correct,59,1,H₂O,S0,S1,text-embedding-3-large,S_final
S0-S3,llama-4-scout,S0→S1,0,1,C->C,0.5820577800273895,0.5746321558952331,Correct,Correct,59,2,EtOH/H₂O,S0,S1,text-embedding-3-large,S_final
S0-S3,llama-4-scout,S0→S1,0,1,C->C,0.5721249704559643,0.6017026563485462,Correct,Correct,60,2,EtOH/H₂O,S0,S1,text-embedding-3-large,S_final
S0-S3,llama-4-scout,S0→S1,0,1,C->C,0.5789880484342574,0.5998110075791677,Correct,Correct,61,2,EtOH/H₂O,S0,S1,text-embedding-3-large,S_final
S0-S3,llama-4-scout,S0→S1,0,1,C->C,0.5766378829876581,0.5790018608172735,Correct,Correct,64,1,KCl,S0,S1,text-embedding-3-large,S_final
S0-S3,llama-4-scout,S0→S1,0,1,C->C,0.594832252462705,0.55634050766627,Correct,Correct,64,2,NaB(OH)₄,S0,S1,text-embedding-3-large,S_final
S0-S3,llama-4-scout,S0→S1,0,1,C->W,0.6698489705721536,0.6489970535039902,Correct,Wrong,1,1,Tb(NO₃)₃ or Dy(NO₃)₃,S0,S1,text-embedding-3-large,S_final
S0-S3,llama-4-scout,S0→S1,0,1,C->W,0.6726386795441309,0.6535523623228073,Correct,Wrong,4,1,LiCl,S0,S1,text-embedding-3-large,S_final
S0-S3,llama-4-scout,S0→S1,0,1,C->W,0.651340706149737,0.6629764338334401,Correct,Wrong,4,2,NaCl,S0,S1,text-embedding-3-large,S_final
S0-S3,llama-4-scout,S0→S1,0,1,C->W,0.6858061204353968,0.6550247391064962,Correct,Wrong,5,1,LiCl,S0,S1,text-embedding-3-large,S_final
S0-S3,llama-4-scout,S0→S1,0,1,C->W,0.6042267426848411,0.5795121004184086,Correct,Wrong,6,2,NaCl,S0,S1,text-embedding-3-large,S_final
S0-S3,llama-4-scout,S0→S1,0,1,C->W,0.5731110031406085,0.5696137845516205,Correct,Wrong,8,4,KCl,S0,S1,text-embedding-3-large,S_final
S0-S3,llama-4-scout,S0→S1,0,1,C->W,0.6049697021643321,0.5768481075763702,Correct,Wrong,10,1,H₂O,S0,S1,text-embedding-3-large,S_final
S0-S3,llama-4-scout,S0→S1,0,1,C->W,0.6038325438896814,0.5921791464090348,Correct,Wrong,10,2,PBS,S0,S1,text-embedding-3-large,S_final
S0-S3,llama-4-scout,S0→S1,0,1,C->W,0.6886723856131235,0.6779094874858855,Correct,Wrong,13,1,H₂O,S0,S1,text-embedding-3-large,S_final
S0-S3,llama-4-scout,S0→S1,0,1,C->W,0.5212729468941687,0.51236555625995,Correct,Wrong,13,2,acidic pH,S0,S1,text-embedding-3-large,S_final
S0-S3,llama-4-scout,S0→S1,0,1,C->W,0.6503789027531942,0.6293917516867319,Correct,Wrong,20,1,EtOH/H₂O,S0,S1,text-embedding-3-large,S_final
S0-S3,llama-4-scout,S0→S1,0,1,C->W,0.7171515271067619,0.7308367699384689,Correct,Wrong,39,2,KCl,S0,S1,text-embedding-3-large,S_final
S0-S3,llama-4-scout,S0→S1,0,1,C->W,0.669763254125913,0.6495892206827799,Correct,Wrong,41,1,KCl,S0,S1,text-embedding-3-large,S_final
S0-S3,llama-4-scout,S0→S1,0,1,C->W,0.6186654061079025,0.5229289089639981,Correct,Wrong,48,1,B(OH)₃ + AgNO₃,S0,S1,text-embedding-3-large,S_final
S0-S3,llama-4-scout,S0→S1,0,1,C->W,0.5552877575159073,0.4930729627609252,Correct,Wrong,56,1,H₂O,S0,S1,text-embedding-3-large,S_final
S0-S3,llama-4-scout,S0→S1,0,1,W->C,0.5383656471967696,0.5433390259742736,Wrong,Correct,1,3,NaCl,S0,S1,text-embedding-3-large,S_final
S0-S3,llama-4-scout,S0→S1,0,1,W->C,0.6743004024028778,0.6667758832375208,Wrong,Correct,3,2,B(OH)₃ + AgNO₃,S0,S1,text-embedding-3-large,S_final
S0-S3,llama-4-scout,S0→S1,0,1,W->C,0.6590902636448542,0.6399409691492717,Wrong,Correct,5,3,NaCl,S0,S1,text-embedding-3-large,S_final
S0-S3,llama-4-scout,S0→S1,0,1,W->C,0.6296693692604701,0.6440937558809916,Wrong,Correct,8,1,LiCl,S0,S1,text-embedding-3-large,S_final
S0-S3,llama-4-scout,S0→S1,0,1,W->C,0.5907614171504973,0.6486342748006184,Wrong,Correct,8,2,NaCl,S0,S1,text-embedding-3-large,S_final
S0-S3,llama-4-scout,S0→S1,0,1,W->C,0.6451572308937709,0.6299336363871891,Wrong,Correct,9,1,LiCl,S0,S1,text-embedding-3-large,S_final
S0-S3,llama-4-scout,S0→S1,0,1,W->C,0.6321110993623733,0.6320579995711644,Wrong,Correct,9,3,NaCl,S0,S1,text-embedding-3-large,S_final
S0-S3,llama-4-scout,S0→S1,0,1,W->C,0.5458200121919314,0.5553555453817048,Wrong,Correct,14,1,H₂O,S0,S1,text-embedding-3-large,S_final
S0-S3,llama-4-scout,S0→S1,0,1,W->C,0.4365918790300687,0.524519483745098,Wrong,Correct,15,1,H₂O,S0,S1,text-embedding-3-large,S_final
S0-S3,llama-4-scout,S0→S1,0,1,W->C,0.5723328178127607,0.5737733453512192,Wrong,Correct,22,1,EtOH/H₂O,S0,S1,text-embedding-3-large,S_final
S0-S3,llama-4-scout,S0→S1,0,1,W->C,0.5981934795777003,0.5994954705238342,Wrong,Correct,23,1,EtOH/H₂O,S0,S1,text-embedding-3-large,S_final
S0-S3,llama-4-scout,S0→S1,0,1,W->C,0.5738937238852183,0.5756788894534111,Wrong,Correct,24,1,EtOH/H₂O,S0,S1,text-embedding-3-large,S_final
S0-S3,llama-4-scout,S0→S1,0,1,W->C,0.50628831833601,0.4571863457560539,Wrong,Correct,26,2,KOH,S0,S1,text-embedding-3-large,S_final
S0-S3,llama-4-scout,S0→S1,0,1,W->C,0.6201225727796555,0.5961035947004953,Wrong,Correct,27,1,NaOH,S0,S1,text-embedding-3-large,S_final
S0-S3,llama-4-scout,S0→S1,0,1,W->C,0.5050433680415153,0.4817433322469392,Wrong,Correct,27,2,KOH,S0,S1,text-embedding-3-large,S_final
S0-S3,llama-4-scout,S0→S1,0,1,W->C,0.6528631577889125,0.6028531660636266,Wrong,Correct,29,1,NaOH,S0,S1,text-embedding-3-large,S_final
S0-S3,llama-4-scout,S0→S1,0,1,W->C,0.555895406504472,0.562198510269324,Wrong,Correct,30,1,NaOH,S0,S1,text-embedding-3-large,S_final
S0-S3,llama-4-scout,S0→S1,0,1,W->C,0.5664662718772888,0.5536673747003078,Wrong,Correct,33,1,H₂O,S0,S1,text-embedding-3-large,S_final
S0-S3,llama-4-scout,S0→S1,0,1,W->C,0.5484119971593221,0.5714202225208282,Wrong,Correct,34,1,H₂O,S0,S1,text-embedding-3-large,S_final
S0-S3,llama-4-scout,S0→S1,0,1,W->C,0.4311596641937891,0.4067749222119649,Wrong,Correct,38,1,KCl + NaCl,S0,S1,text-embedding-3-large,S_final
S0-S3,llama-4-scout,S0→S1,0,1,W->C,0.4181223447124163,0.3935438521206379,Wrong,Correct,38,2,KCl,S0,S1,text-embedding-3-large,S_final
S0-S3,llama-4-scout,S0→S1,0,1,W->C,0.6783644139766694,0.6767287602027258,Wrong,Correct,45,1,Organic solvents,S0,S1,text-embedding-3-large,S_final
S0-S3,llama-4-scout,S0→S1,0,1,W->C,0.545217012365659,0.5456496767699718,Wrong,Correct,48,2,B(OH)₃ + other ions,S0,S1,text-embedding-3-large,S_final
S0-S3,llama-4-scout,S0→S1,0,1,W->C,0.5949396992723147,0.5032486880819004,Wrong,Correct,53,1,H₂O,S0,S1,text-embedding-3-large,S_final
S0-S3,llama-4-scout,S0→S1,0,1,W->C,0.475298128525416,0.4116236592332522,Wrong,Correct,54,1,H₂O,S0,S1,text-embedding-3-large,S_final
S0-S3,llama-4-scout,S0→S1,0,1,W->C,0.5048147146900495,0.5177216112613677,Wrong,Correct,58,1,H₂O,S0,S1,text-embedding-3-large,S_final
S0-S3,llama-4-scout,S0→S1,0,1,W->C,0.4732102001706759,0.4030371273557345,Wrong,Correct,60,1,H₂O,S0,S1,text-embedding-3-large,S_final
S0-S3,llama-4-scout,S0→S1,0,1,W->C,0.4469056852161884,0.4429428368806838,Wrong,Correct,61,1,H₂O,S0,S1,text-embedding-3-large,S_final
S0-S3,llama-4-scout,S0→S1,0,1,W->C,0.5957546547055244,0.5533820847670238,Wrong,Correct,62,1,H₂O,S0,S1,text-embedding-3-large,S_final
S0-S3,llama-4-scout,S0→S1,0,1,W->C,0.5648012985785802,0.5535009354352951,Wrong,Correct,62,2,EtOH/H₂O,S0,S1,text-embedding-3-large,S_final
S0-S3,llama-4-scout,S0→S1,0,1,W->C,0.5744529478251934,0.5688946450750033,Wrong,Correct,63,1,H₂O,S0,S1,text-embedding-3-large,S_final
S0-S3,llama-4-scout,S0→S1,0,1,W->C,0.5624843652049701,0.5324621587991715,Wrong,Correct,63,2,EtOH/H₂O,S0,S1,text-embedding-3-large,S_final
S0-S3,llama-4-scout,S0→S1,0,1,W->W,0.5918525268634159,0.5699919745326042,Wrong,Wrong,1,2,LiCl,S0,S1,text-embedding-3-large,S_final
S0-S3,llama-4-scout,S0→S1,0,1,W->W,0.5780258759856224,0.5368136445681254,Wrong,Wrong,1,5,KB(OH)₄,S0,S1,text-embedding-3-large,S_final
S0-S3,llama-4-scout,S0→S1,0,1,W->W,0.7105690956115721,0.6803385704755782,Wrong,Wrong,7,1,LiCl,S0,S1,text-embedding-3-large,S_final
S0-S3,llama-4-scout,S0→S1,0,1,W->W,0.6834657470385234,0.6452243546644846,Wrong,Wrong,7,2,NaCl,S0,S1,text-embedding-3-large,S_final
S0-S3,llama-4-scout,S0→S1,0,1,W->W,0.5534304842352867,0.5527060429255167,Wrong,Wrong,7,3,KCl + NaCl,S0,S1,text-embedding-3-large,S_final
S0-S3,llama-4-scout,S0→S1,0,1,W->W,0.5899479766686757,0.5616085241238276,Wrong,Wrong,7,6,KCl,S0,S1,text-embedding-3-large,S_final
S0-S3,llama-4-scout,S0→S1,0,1,W->W,0.6283053209384281,0.6283323923746744,Wrong,Wrong,7,7,KCl,S0,S1,text-embedding-3-large,S_final
S0-S3,llama-4-scout,S0→S1,0,1,W->W,0.59699334303538,0.5839529047409694,Wrong,Wrong,7,10,KB(OH)₄,S0,S1,text-embedding-3-large,S_final
S0-S3,llama-4-scout,S0→S1,0,1,W->W,0.6603833436965941,0.658746154109637,Wrong,Wrong,7,11,LiB(OH)₄,S0,S1,text-embedding-3-large,S_final
S0-S3,llama-4-scout,S0→S1,0,1,W->W,0.6363923291365304,0.640181228518486,Wrong,Wrong,9,2,KCl,S0,S1,text-embedding-3-large,S_final
S0-S3,llama-4-scout,S0→S1,0,1,W->W,0.5233067805568378,0.4785274709264437,Wrong,Wrong,11,1,H₂O,S0,S1,text-embedding-3-large,S_final
S0-S3,llama-4-scout,S0→S1,0,1,W->W,0.531863696873188,0.4980435242255528,Wrong,Wrong,12,1,H₂O,S0,S1,text-embedding-3-large,S_final
S0-S3,llama-4-scout,S0→S1,0,1,W->W,0.5795307815074919,0.5712998807430267,Wrong,Wrong,13,3,acidic pH + benzyl amine,S0,S1,text-embedding-3-large,S_final
S0-S3,llama-4-scout,S0→S1,0,1,W->W,0.5396674335002899,0.6134926329056422,Wrong,Wrong,17,1,H₂O,S0,S1,text-embedding-3-large,S_final
S0-S3,llama-4-scout,S0→S1,0,1,W->W,0.5264753391345341,0.503961430490017,Wrong,Wrong,25,1,NaOH,S0,S1,text-embedding-3-large,S_final
S0-S3,llama-4-scout,S0→S1,0,1,W->W,0.5559841454029083,0.5437990233302116,Wrong,Wrong,28,1,NaOH,S0,S1,text-embedding-3-large,S_final
S0-S3,llama-4-scout,S0→S1,0,1,W->W,0.5102712571620941,0.5663884336749713,Wrong,Wrong,32,1,H₂O,S0,S1,text-embedding-3-large,S_final
S0-S3,llama-4-scout,S0→S1,0,1,W->W,0.5215547809998194,0.4909049575527509,Wrong,Wrong,35,1,H₂O,S0,S1,text-embedding-3-large,S_final
S0-S3,llama-4-scout,S0→S1,0,1,W->W,0.5509384314219157,0.5768305152654648,Wrong,Wrong,36,2,KCl,S0,S1,text-embedding-3-large,S_final
S0-S3,llama-4-scout,S0→S1,0,1,W->W,0.5751374756296475,0.5676306689778964,Wrong,Wrong,37,1,KCl + NaCl,S0,S1,text-embedding-3-large,S_final
S0-S3,llama-4-scout,S0→S1,0,1,W->W,0.5379165507853032,0.5220376022160054,Wrong,Wrong,39,1,NaCl,S0,S1,text-embedding-3-large,S_final
S0-S3,llama-4-scout,S0→S1,0,1,W->W,0.6188811232646306,0.6066487262646357,Wrong,Wrong,40,5,Borate buffer,S0,S1,text-embedding-3-large,S_final
S0-S3,llama-4-scout,S0→S1,0,1,W->W,0.5375589932004611,0.5197485640645026,Wrong,Wrong,42,1,KCl,S0,S1,text-embedding-3-large,S_final
S0-S3,llama-4-scout,S0→S1,0,1,W->W,0.5435683483878772,0.5303491001327832,Wrong,Wrong,43,1,KCl,S0,S1,text-embedding-3-large,S_final
S0-S3,llama-4-scout,S0→S1,0,1,W->W,0.6134661604960759,0.6252875626087189,Wrong,Wrong,44,1,KCl,S0,S1,text-embedding-3-large,S_final
S0-S3,llama-4-scout,S0→S1,0,1,W->W,0.4837176494300365,0.508076004187266,Wrong,Wrong,45,2,Organic solvents,S0,S1,text-embedding-3-large,S_final
S0-S3,llama-4-scout,S0→S1,0,1,W->W,0.4953492770592371,0.4816046103835106,Wrong,Wrong,45,3,Organic solvents,S0,S1,text-embedding-3-large,S_final
S0-S3,llama-4-scout,S0→S1,0,1,W->W,0.540627683699131,0.4927429631352424,Wrong,Wrong,49,1,B(OH)₃ + AgNO₃,S0,S1,text-embedding-3-large,S_final
S0-S3,llama-4-scout,S0→S1,0,1,W->W,0.5016862705349922,0.5005329415202141,Wrong,Wrong,50,1,B(OH)₃ + AgNO₃,S0,S1,text-embedding-3-large,S_final
S0-S3,llama-4-scout,S0→S1,0,1,W->W,0.6132427662611007,0.6107767005761464,Wrong,Wrong,51,1,KB(OH)₄,S0,S1,text-embedding-3-large,S_final
S0-S3,llama-4-scout,S0→S1,0,1,W->W,0.5026522641380627,0.5156946564714113,Wrong,Wrong,55,1,H₂O,S0,S1,text-embedding-3-large,S_final
S0-S3,llama-4-scout,S0→S1,0,1,W->W,0.4536737039685249,0.4214988678693771,Wrong,Wrong,57,1,H₂O,S0,S1,text-embedding-3-large,S_final
S0-S3,llama-4-scout,S0→S1,0,1,W->W,0.3312730376919111,0.3708401262760163,Wrong,Wrong,57,2,EtOH/H₂O,S0,S1,text-embedding-3-large,S_final
S0-S3,llama-4-scout,S1→S2,1,2,C->C,0.5433390259742736,0.5390113075574239,Correct,Correct,1,3,NaCl,S1,S2,text-embedding-3-large,S_final
S0-S3,llama-4-scout,S1→S2,1,2,C->C,0.62900573015213,0.6248941411574681,Correct,Correct,1,4,KCl,S1,S2,text-embedding-3-large,S_final
S0-S3,llama-4-scout,S1→S2,1,2,C->C,0.6728575875361761,0.6683903952439625,Correct,Correct,2,1,Tb(NO₃)₃ or Eu(NO₃)₃,S1,S2,text-embedding-3-large,S_final
S0-S3,llama-4-scout,S1→S2,1,2,C->C,0.6728810111681621,0.6750034540891647,Correct,Correct,3,1,Tb(NO₃)₃ or Eu(NO₃)₃,S1,S2,text-embedding-3-large,S_final
S0-S3,llama-4-scout,S1→S2,1,2,C->C,0.6325981736183167,0.620963716506958,Correct,Correct,4,3,KCl,S1,S2,text-embedding-3-large,S_final
S0-S3,llama-4-scout,S1→S2,1,2,C->C,0.6309576084216436,0.6412800540526707,Correct,Correct,5,2,KCl,S1,S2,text-embedding-3-large,S_final
S0-S3,llama-4-scout,S1→S2,1,2,C->C,0.6399409691492717,0.6559228211641311,Correct,Correct,5,3,NaCl,S1,S2,text-embedding-3-large,S_final
S0-S3,llama-4-scout,S1→S2,1,2,C->C,0.6758189141750336,0.6605149318774541,Correct,Correct,6,1,LiCl,S1,S2,text-embedding-3-large,S_final
S0-S3,llama-4-scout,S1→S2,1,2,C->C,0.636905226111412,0.6384181857109069,Correct,Correct,6,3,KCl,S1,S2,text-embedding-3-large,S_final
S0-S3,llama-4-scout,S1→S2,1,2,C->C,0.562143607934316,0.565773527820905,Correct,Correct,7,4,KCl,S1,S2,text-embedding-3-large,S_final
S0-S3,llama-4-scout,S1→S2,1,2,C->C,0.5987662846843401,0.6072942068179448,Correct,Correct,7,5,KCl,S1,S2,text-embedding-3-large,S_final
S0-S3,llama-4-scout,S1→S2,1,2,C->C,0.6157408893108368,0.5845497881372769,Correct,Correct,7,8,KCl + TAcG,S1,S2,text-embedding-3-large,S_final
S0-S3,llama-4-scout,S1→S2,1,2,C->C,0.6379716128110885,0.638470235466957,Correct,Correct,7,9,KB(OH)₄,S1,S2,text-embedding-3-large,S_final
S0-S3,llama-4-scout,S1→S2,1,2,C->C,0.6440937558809916,0.6578825632731119,Correct,Correct,8,1,LiCl,S1,S2,text-embedding-3-large,S_final
S0-S3,llama-4-scout,S1→S2,1,2,C->C,0.6486342748006184,0.6244881967703501,Correct,Correct,8,2,NaCl,S1,S2,text-embedding-3-large,S_final
S0-S3,llama-4-scout,S1→S2,1,2,C->C,0.6299336363871891,0.6332668721675873,Correct,Correct,9,1,LiCl,S1,S2,text-embedding-3-large,S_final
S0-S3,llama-4-scout,S1→S2,1,2,C->C,0.6320579995711644,0.6525756021340688,Correct,Correct,9,3,NaCl,S1,S2,text-embedding-3-large,S_final
S0-S3,llama-4-scout,S1→S2,1,2,C->C,0.5553555453817048,0.5707224160432816,Correct,Correct,14,1,H₂O,S1,S2,text-embedding-3-large,S_final
S0-S3,llama-4-scout,S1→S2,1,2,C->C,0.524519483745098,0.5206377848982812,Correct,Correct,15,1,H₂O,S1,S2,text-embedding-3-large,S_final
S0-S3,llama-4-scout,S1→S2,1,2,C->C,0.6774545997381209,0.6532455921173096,Correct,Correct,16,1,H₂O,S1,S2,text-embedding-3-large,S_final
S0-S3,llama-4-scout,S1→S2,1,2,C->C,0.6538173894087473,0.6609293758869171,Correct,Correct,18,1,H₂O,S1,S2,text-embedding-3-large,S_final
S0-S3,llama-4-scout,S1→S2,1,2,C->C,0.5982336257894834,0.617097570002079,Correct,Correct,19,1,H₂O,S1,S2,text-embedding-3-large,S_final
S0-S3,llama-4-scout,S1→S2,1,2,C->C,0.5818482667207717,0.5774234985311826,Correct,Correct,21,1,EtOH/H₂O,S1,S2,text-embedding-3-large,S_final
S0-S3,llama-4-scout,S1→S2,1,2,C->C,0.5737733453512192,0.5689246639609337,Correct,Correct,22,1,EtOH/H₂O,S1,S2,text-embedding-3-large,S_final
S0-S3,llama-4-scout,S1→S2,1,2,C->C,0.5994954705238342,0.6451813886562983,Correct,Correct,23,1,EtOH/H₂O,S1,S2,text-embedding-3-large,S_final
S0-S3,llama-4-scout,S1→S2,1,2,C->C,0.5756788894534111,0.5847774386405945,Correct,Correct,24,1,EtOH/H₂O,S1,S2,text-embedding-3-large,S_final
S0-S3,llama-4-scout,S1→S2,1,2,C->C,0.5995112001895904,0.5825207437078158,Correct,Correct,25,2,Organic solvents,S1,S2,text-embedding-3-large,S_final
S0-S3,llama-4-scout,S1→S2,1,2,C->C,0.5784382959206898,0.5832945674657822,Correct,Correct,26,1,NaOH,S1,S2,text-embedding-3-large,S_final
S0-S3,llama-4-scout,S1→S2,1,2,C->C,0.4571863457560539,0.4769150699178377,Correct,Correct,26,2,KOH,S1,S2,text-embedding-3-large,S_final
S0-S3,llama-4-scout,S1→S2,1,2,C->C,0.466745575517416,0.4518072282274563,Correct,Correct,26,3,LiOH,S1,S2,text-embedding-3-large,S_final
S0-S3,llama-4-scout,S1→S2,1,2,C->C,0.6212746759255726,0.6109840859969456,Correct,Correct,26,4,Organic solvents,S1,S2,text-embedding-3-large,S_final
S0-S3,llama-4-scout,S1→S2,1,2,C->C,0.5961035947004953,0.5774342144529024,Correct,Correct,27,1,NaOH,S1,S2,text-embedding-3-large,S_final
S0-S3,llama-4-scout,S1→S2,1,2,C->C,0.4817433322469392,0.4777412459254265,Correct,Correct,27,2,KOH,S1,S2,text-embedding-3-large,S_final
S0-S3,llama-4-scout,S1→S2,1,2,C->C,0.4746300041675567,0.4532860095302264,Correct,Correct,27,3,LiOH,S1,S2,text-embedding-3-large,S_final
S0-S3,llama-4-scout,S1→S2,1,2,C->C,0.6721050391594569,0.6699010461568832,Correct,Correct,27,4,Organic solvents,S1,S2,text-embedding-3-large,S_final
S0-S3,llama-4-scout,S1→S2,1,2,C->C,0.4321565379699071,0.4302641808986663,Correct,Correct,28,2,Organic solvents,S1,S2,text-embedding-3-large,S_final
S0-S3,llama-4-scout,S1→S2,1,2,C->C,0.6028531660636266,0.6158243139584858,Correct,Correct,29,1,NaOH,S1,S2,text-embedding-3-large,S_final
S0-S3,llama-4-scout,S1→S2,1,2,C->C,0.4339093908667564,0.4358428061008453,Correct,Correct,29,2,Organic solvents,S1,S2,text-embedding-3-large,S_final
S0-S3,llama-4-scout,S1→S2,1,2,C->C,0.562198510269324,0.5535883848865827,Correct,Correct,30,1,NaOH,S1,S2,text-embedding-3-large,S_final
S0-S3,llama-4-scout,S1→S2,1,2,C->C,0.4488890762130419,0.4582425182064374,Correct,Correct,30,2,Organic solvents,S1,S2,text-embedding-3-large,S_final
S0-S3,llama-4-scout,S1→S2,1,2,C->C,0.6296721428632737,0.6318068146705627,Correct,Correct,31,1,H₂O,S1,S2,text-embedding-3-large,S_final
S0-S3,llama-4-scout,S1→S2,1,2,C->C,0.5536673747003078,0.5808552280068398,Correct,Correct,33,1,H₂O,S1,S2,text-embedding-3-large,S_final
S0-S3,llama-4-scout,S1→S2,1,2,C->C,0.6483659684658051,0.6561082233985265,Correct,Correct,36,1,NaCl,S1,S2,text-embedding-3-large,S_final
S0-S3,llama-4-scout,S1→S2,1,2,C->C,0.5810763428608576,0.5782752573490142,Correct,Correct,36,3,NaCl + TAcG,S1,S2,text-embedding-3-large,S_final
S0-S3,llama-4-scout,S1→S2,1,2,C->C,0.6223136126995087,0.6215179473161697,Correct,Correct,37,2,KCl,S1,S2,text-embedding-3-large,S_final
S0-S3,llama-4-scout,S1→S2,1,2,C->C,0.6553286085526148,0.644129705429077,Correct,Correct,40,1,KCl,S1,S2,text-embedding-3-large,S_final
S0-S3,llama-4-scout,S1→S2,1,2,C->C,0.623647552728653,0.6207654923200607,Correct,Correct,40,3,NH₄Cl,S1,S2,text-embedding-3-large,S_final
S0-S3,llama-4-scout,S1→S2,1,2,C->C,0.6250211179256439,0.5758362099528312,Correct,Correct,40,4,Me₄NCl,S1,S2,text-embedding-3-large,S_final
S0-S3,llama-4-scout,S1→S2,1,2,C->C,0.588804167509079,0.6051052828629812,Correct,Correct,40,6,KCl,S1,S2,text-embedding-3-large,S_final
S0-S3,llama-4-scout,S1→S2,1,2,C->C,0.6082409928242365,0.6113767693440119,Correct,Correct,46,1,Organic solvents,S1,S2,text-embedding-3-large,S_final
S0-S3,llama-4-scout,S1→S2,1,2,C->C,0.5873338947693506,0.5657842199007669,Correct,Correct,46,2,Organic solvents,S1,S2,text-embedding-3-large,S_final
S0-S3,llama-4-scout,S1→S2,1,2,C->C,0.6242617865403493,0.6384071469306946,Correct,Correct,47,1,Organic solvents,S1,S2,text-embedding-3-large,S_final
S0-S3,llama-4-scout,S1→S2,1,2,C->C,0.5573632831374803,0.575276073316733,Correct,Correct,47,2,Organic solvents,S1,S2,text-embedding-3-large,S_final
S0-S3,llama-4-scout,S1→S2,1,2,C->C,0.6637720147768656,0.6932267089684804,Correct,Correct,52,1,KB(OH)₄,S1,S2,text-embedding-3-large,S_final
S0-S3,llama-4-scout,S1→S2,1,2,C->C,0.5032486880819004,0.5257154822349547,Correct,Correct,53,1,H₂O,S1,S2,text-embedding-3-large,S_final
S0-S3,llama-4-scout,S1→S2,1,2,C->C,0.6057795569300651,0.5976776510477066,Correct,Correct,53,2,EtOH/H₂O,S1,S2,text-embedding-3-large,S_final
S0-S3,llama-4-scout,S1→S2,1,2,C->C,0.4116236592332522,0.4081291332840919,Correct,Correct,54,1,H₂O,S1,S2,text-embedding-3-large,S_final
S0-S3,llama-4-scout,S1→S2,1,2,C->C,0.617709270119667,0.6168167809645335,Correct,Correct,54,2,EtOH/H₂O,S1,S2,text-embedding-3-large,S_final
S0-S3,llama-4-scout,S1→S2,1,2,C->C,0.636413805683454,0.6253301461537679,Correct,Correct,55,2,EtOH/H₂O,S1,S2,text-embedding-3-large,S_final
S0-S3,llama-4-scout,S1→S2,1,2,C->C,0.5233091985185941,0.5303612977266311,Correct,Correct,56,2,EtOH/H₂O,S1,S2,text-embedding-3-large,S_final
S0-S3,llama-4-scout,S1→S2,1,2,C->C,0.5177216112613677,0.5251876672108967,Correct,Correct,58,1,H₂O,S1,S2,text-embedding-3-large,S_final
S0-S3,llama-4-scout,S1→S2,1,2,C->C,0.5273121550679206,0.5148810898264249,Correct,Correct,58,2,EtOH/H₂O,S1,S2,text-embedding-3-large,S_final
S0-S3,llama-4-scout,S1→S2,1,2,C->C,0.4416694755355517,0.4517958804965019,Correct,Correct,59,1,H₂O,S1,S2,text-embedding-3-large,S_final
S0-S3,llama-4-scout,S1→S2,1,2,C->C,0.5746321558952331,0.583278136452039,Correct,Correct,59,2,EtOH/H₂O,S1,S2,text-embedding-3-large,S_final
S0-S3,llama-4-scout,S1→S2,1,2,C->C,0.4030371273557345,0.412232723335425,Correct,Correct,60,1,H₂O,S1,S2,text-embedding-3-large,S_final
S0-S3,llama-4-scout,S1→S2,1,2,C->C,0.6017026563485462,0.5878250469764074,Correct,Correct,60,2,EtOH/H₂O,S1,S2,text-embedding-3-large,S_final
S0-S3,llama-4-scout,S1→S2,1,2,C->C,0.4429428368806838,0.4451604997118314,Correct,Correct,61,1,H₂O,S1,S2,text-embedding-3-large,S_final
S0-S3,llama-4-scout,S1→S2,1,2,C->C,0.5998110075791677,0.6164898604154586,Correct,Correct,61,2,EtOH/H₂O,S1,S2,text-embedding-3-large,S_final
S0-S3,llama-4-scout,S1→S2,1,2,C->C,0.5533820847670238,0.5744442825516065,Correct,Correct,62,1,H₂O,S1,S2,text-embedding-3-large,S_final
S0-S3,llama-4-scout,S1→S2,1,2,C->C,0.5535009354352951,0.5523394495248795,Correct,Correct,62,2,EtOH/H₂O,S1,S2,text-embedding-3-large,S_final
S0-S3,llama-4-scout,S1→S2,1,2,C->C,0.5688946450750033,0.5492185498277347,Correct,Correct,63,1,H₂O,S1,S2,text-embedding-3-large,S_final
S0-S3,llama-4-scout,S1→S2,1,2,C->C,0.5324621587991715,0.5560315241416295,Correct,Correct,63,2,EtOH/H₂O,S1,S2,text-embedding-3-large,S_final
S0-S3,llama-4-scout,S1→S2,1,2,C->C,0.5790018608172735,0.58652746429046,Correct,Correct,64,1,KCl,S1,S2,text-embedding-3-large,S_final
S0-S3,llama-4-scout,S1→S2,1,2,C->C,0.55634050766627,0.5481158753236134,Correct,Correct,64,2,NaB(OH)₄,S1,S2,text-embedding-3-large,S_final
S0-S3,llama-4-scout,S1→S2,1,2,C->W,0.6667758832375208,0.6980842014153797,Correct,Wrong,3,2,B(OH)₃ + AgNO₃,S1,S2,text-embedding-3-large,S_final
S0-S3,llama-4-scout,S1→S2,1,2,C->W,0.5888940528035164,0.5599178627133369,Correct,Wrong,8,3,KCl,S1,S2,text-embedding-3-large,S_final
S0-S3,llama-4-scout,S1→S2,1,2,C->W,0.5714202225208282,0.5842582220832507,Correct,Wrong,34,1,H₂O,S1,S2,text-embedding-3-large,S_final
S0-S3,llama-4-scout,S1→S2,1,2,C->W,0.4067749222119649,0.3845415815711021,Correct,Wrong,38,1,KCl + NaCl,S1,S2,text-embedding-3-large,S_final
S0-S3,llama-4-scout,S1→S2,1,2,C->W,0.3935438521206379,0.37444007396698,Correct,Wrong,38,2,KCl,S1,S2,text-embedding-3-large,S_final
S0-S3,llama-4-scout,S1→S2,1,2,C->W,0.6472409506638844,0.6499842002987861,Correct,Wrong,40,2,NaCl,S1,S2,text-embedding-3-large,S_final
S0-S3,llama-4-scout,S1→S2,1,2,C->W,0.6767287602027258,0.6608942747116089,Correct,Wrong,45,1,Organic solvents,S1,S2,text-embedding-3-large,S_final
S0-S3,llama-4-scout,S1→S2,1,2,C->W,0.5456496767699718,0.5454052813351153,Correct,Wrong,48,2,B(OH)₃ + other ions,S1,S2,text-embedding-3-large,S_final
S0-S3,llama-4-scout,S1→S2,1,2,W->C,0.6489970535039902,0.656904129187266,Wrong,Correct,1,1,Tb(NO₃)₃ or Dy(NO₃)₃,S1,S2,text-embedding-3-large,S_final
S0-S3,llama-4-scout,S1→S2,1,2,W->C,0.4980435242255528,0.4893890569607417,Wrong,Correct,12,1,H₂O,S1,S2,text-embedding-3-large,S_final
S0-S3,llama-4-scout,S1→S2,1,2,W->C,0.6779094874858855,0.6819512257973352,Wrong,Correct,13,1,H₂O,S1,S2,text-embedding-3-large,S_final
S0-S3,llama-4-scout,S1→S2,1,2,W->C,0.7308367699384689,0.7118855610489845,Wrong,Correct,39,2,KCl,S1,S2,text-embedding-3-large,S_final
S0-S3,llama-4-scout,S1→S2,1,2,W->C,0.6495892206827799,0.6377957145373027,Wrong,Correct,41,1,KCl,S1,S2,text-embedding-3-large,S_final
S0-S3,llama-4-scout,S1→S2,1,2,W->C,0.5005329415202141,0.4799861470858255,Wrong,Correct,50,1,B(OH)₃ + AgNO₃,S1,S2,text-embedding-3-large,S_final
S0-S3,llama-4-scout,S1→S2,1,2,W->W,0.5699919745326042,0.5889389286438624,Wrong,Wrong,1,2,LiCl,S1,S2,text-embedding-3-large,S_final
S0-S3,llama-4-scout,S1→S2,1,2,W->W,0.5368136445681254,0.5712005744377772,Wrong,Wrong,1,5,KB(OH)₄,S1,S2,text-embedding-3-large,S_final
S0-S3,llama-4-scout,S1→S2,1,2,W->W,0.6535523623228073,0.6530049115419387,Wrong,Wrong,4,1,LiCl,S1,S2,text-embedding-3-large,S_final
S0-S3,llama-4-scout,S1→S2,1,2,W->W,0.6629764338334401,0.6498093217611313,Wrong,Wrong,4,2,NaCl,S1,S2,text-embedding-3-large,S_final
S0-S3,llama-4-scout,S1→S2,1,2,W->W,0.6550247391064962,0.6553130497535069,Wrong,Wrong,5,1,LiCl,S1,S2,text-embedding-3-large,S_final
S0-S3,llama-4-scout,S1→S2,1,2,W->W,0.5795121004184086,0.5850432058175404,Wrong,Wrong,6,2,NaCl,S1,S2,text-embedding-3-large,S_final
S0-S3,llama-4-scout,S1→S2,1,2,W->W,0.6803385704755782,0.6679429372151692,Wrong,Wrong,7,1,LiCl,S1,S2,text-embedding-3-large,S_final
S0-S3,llama-4-scout,S1→S2,1,2,W->W,0.6452243546644846,0.6482402801513673,Wrong,Wrong,7,2,NaCl,S1,S2,text-embedding-3-large,S_final
S0-S3,llama-4-scout,S1→S2,1,2,W->W,0.5527060429255167,0.548710848391056,Wrong,Wrong,7,3,KCl + NaCl,S1,S2,text-embedding-3-large,S_final
S0-S3,llama-4-scout,S1→S2,1,2,W->W,0.5616085241238276,0.5488654300570488,Wrong,Wrong,7,6,KCl,S1,S2,text-embedding-3-large,S_final
S0-S3,llama-4-scout,S1→S2,1,2,W->W,0.6283323923746744,0.6407635629177093,Wrong,Wrong,7,7,KCl,S1,S2,text-embedding-3-large,S_final
S0-S3,llama-4-scout,S1→S2,1,2,W->W,0.5839529047409694,0.5939909170071284,Wrong,Wrong,7,10,KB(OH)₄,S1,S2,text-embedding-3-large,S_final
S0-S3,llama-4-scout,S1→S2,1,2,W->W,0.658746154109637,0.6709552894035974,Wrong,Wrong,7,11,LiB(OH)₄,S1,S2,text-embedding-3-large,S_final
S0-S3,llama-4-scout,S1→S2,1,2,W->W,0.5696137845516205,0.5697796498735745,Wrong,Wrong,8,4,KCl,S1,S2,text-embedding-3-large,S_final
S0-S3,llama-4-scout,S1→S2,1,2,W->W,0.640181228518486,0.6525676806767781,Wrong,Wrong,9,2,KCl,S1,S2,text-embedding-3-large,S_final
S0-S3,llama-4-scout,S1→S2,1,2,W->W,0.5768481075763702,0.5587823316454887,Wrong,Wrong,10,1,H₂O,S1,S2,text-embedding-3-large,S_final
S0-S3,llama-4-scout,S1→S2,1,2,W->W,0.5921791464090348,0.5920036842425663,Wrong,Wrong,10,2,PBS,S1,S2,text-embedding-3-large,S_final
S0-S3,llama-4-scout,S1→S2,1,2,W->W,0.4785274709264437,0.4843153630693753,Wrong,Wrong,11,1,H₂O,S1,S2,text-embedding-3-large,S_final
S0-S3,llama-4-scout,S1→S2,1,2,W->W,0.51236555625995,0.5140861829121908,Wrong,Wrong,13,2,acidic pH,S1,S2,text-embedding-3-large,S_final
S0-S3,llama-4-scout,S1→S2,1,2,W->W,0.5712998807430267,0.5700135310490926,Wrong,Wrong,13,3,acidic pH + benzyl amine,S1,S2,text-embedding-3-large,S_final
S0-S3,llama-4-scout,S1→S2,1,2,W->W,0.6134926329056422,0.5944901461402575,Wrong,Wrong,17,1,H₂O,S1,S2,text-embedding-3-large,S_final
S0-S3,llama-4-scout,S1→S2,1,2,W->W,0.6293917516867319,0.6242881447076797,Wrong,Wrong,20,1,EtOH/H₂O,S1,S2,text-embedding-3-large,S_final
S0-S3,llama-4-scout,S1→S2,1,2,W->W,0.503961430490017,0.4890096460779508,Wrong,Wrong,25,1,NaOH,S1,S2,text-embedding-3-large,S_final
S0-S3,llama-4-scout,S1→S2,1,2,W->W,0.5437990233302116,0.5385251959164937,Wrong,Wrong,28,1,NaOH,S1,S2,text-embedding-3-large,S_final
S0-S3,llama-4-scout,S1→S2,1,2,W->W,0.5663884336749713,0.5583182136217753,Wrong,Wrong,32,1,H₂O,S1,S2,text-embedding-3-large,S_final
S0-S3,llama-4-scout,S1→S2,1,2,W->W,0.4909049575527509,0.5084441925088564,Wrong,Wrong,35,1,H₂O,S1,S2,text-embedding-3-large,S_final
S0-S3,llama-4-scout,S1→S2,1,2,W->W,0.5768305152654648,0.5838011314471562,Wrong,Wrong,36,2,KCl,S1,S2,text-embedding-3-large,S_final
S0-S3,llama-4-scout,S1→S2,1,2,W->W,0.5676306689778964,0.5703967134157817,Wrong,Wrong,37,1,KCl + NaCl,S1,S2,text-embedding-3-large,S_final
S0-S3,llama-4-scout,S1→S2,1,2,W->W,0.5220376022160054,0.5145833676060041,Wrong,Wrong,39,1,NaCl,S1,S2,text-embedding-3-large,S_final
S0-S3,llama-4-scout,S1→S2,1,2,W->W,0.6066487262646357,0.6139928976694743,Wrong,Wrong,40,5,Borate buffer,S1,S2,text-embedding-3-large,S_final
S0-S3,llama-4-scout,S1→S2,1,2,W->W,0.5197485640645026,0.5003098448117574,Wrong,Wrong,42,1,KCl,S1,S2,text-embedding-3-large,S_final
S0-S3,llama-4-scout,S1→S2,1,2,W->W,0.5303491001327832,0.5322095170617104,Wrong,Wrong,43,1,KCl,S1,S2,text-embedding-3-large,S_final
S0-S3,llama-4-scout,S1→S2,1,2,W->W,0.6252875626087189,0.6324198325475057,Wrong,Wrong,44,1,KCl,S1,S2,text-embedding-3-large,S_final
S0-S3,llama-4-scout,S1→S2,1,2,W->W,0.508076004187266,0.5076296652356783,Wrong,Wrong,45,2,Organic solvents,S1,S2,text-embedding-3-large,S_final
S0-S3,llama-4-scout,S1→S2,1,2,W->W,0.4816046103835106,0.4860093479355176,Wrong,Wrong,45,3,Organic solvents,S1,S2,text-embedding-3-large,S_final
S0-S3,llama-4-scout,S1→S2,1,2,W->W,0.5229289089639981,0.5146210685372352,Wrong,Wrong,48,1,B(OH)₃ + AgNO₃,S1,S2,text-embedding-3-large,S_final
S0-S3,llama-4-scout,S1→S2,1,2,W->W,0.4927429631352424,0.4959842239816983,Wrong,Wrong,49,1,B(OH)₃ + AgNO₃,S1,S2,text-embedding-3-large,S_final
S0-S3,llama-4-scout,S1→S2,1,2,W->W,0.6107767005761464,0.613173548380534,Wrong,Wrong,51,1,KB(OH)₄,S1,S2,text-embedding-3-large,S_final
S0-S3,llama-4-scout,S1→S2,1,2,W->W,0.5156946564714113,0.5270191438496112,Wrong,Wrong,55,1,H₂O,S1,S2,text-embedding-3-large,S_final
S0-S3,llama-4-scout,S1→S2,1,2,W->W,0.4930729627609252,0.4500773544112841,Wrong,Wrong,56,1,H₂O,S1,S2,text-embedding-3-large,S_final
S0-S3,llama-4-scout,S1→S2,1,2,W->W,0.4214988678693771,0.397060781220595,Wrong,Wrong,57,1,H₂O,S1,S2,text-embedding-3-large,S_final
S0-S3,llama-4-scout,S1→S2,1,2,W->W,0.3708401262760163,0.3671103333433469,Wrong,Wrong,57,2,EtOH/H₂O,S1,S2,text-embedding-3-large,S_final
S0-S3,llama-4-scout,S2→S3,2,3,C->C,0.656904129187266,0.6787254373232523,Correct,Correct,1,1,Tb(NO₃)₃ or Dy(NO₃)₃,S2,S3,text-embedding-3-large,S_final
S0-S3,llama-4-scout,S2→S3,2,3,C->C,0.5390113075574239,0.6053434158364931,Correct,Correct,1,3,NaCl,S2,S3,text-embedding-3-large,S_final
S0-S3,llama-4-scout,S2→S3,2,3,C->C,0.6248941411574681,0.6765578647454579,Correct,Correct,1,4,KCl,S2,S3,text-embedding-3-large,S_final
S0-S3,llama-4-scout,S2→S3,2,3,C->C,0.6750034540891647,0.6916246513525645,Correct,Correct,3,1,Tb(NO₃)₃ or Eu(NO₃)₃,S2,S3,text-embedding-3-large,S_final
S0-S3,llama-4-scout,S2→S3,2,3,C->C,0.620963716506958,0.6605543573697408,Correct,Correct,4,3,KCl,S2,S3,text-embedding-3-large,S_final
S0-S3,llama-4-scout,S2→S3,2,3,C->C,0.6412800540526707,0.6861027876536051,Correct,Correct,5,2,KCl,S2,S3,text-embedding-3-large,S_final
S0-S3,llama-4-scout,S2→S3,2,3,C->C,0.6559228211641311,0.6941296815872192,Correct,Correct,5,3,NaCl,S2,S3,text-embedding-3-large,S_final
S0-S3,llama-4-scout,S2→S3,2,3,C->C,0.6605149318774541,0.6883280446132023,Correct,Correct,6,1,LiCl,S2,S3,text-embedding-3-large,S_final
S0-S3,llama-4-scout,S2→S3,2,3,C->C,0.6384181857109069,0.663007789850235,Correct,Correct,6,3,KCl,S2,S3,text-embedding-3-large,S_final
S0-S3,llama-4-scout,S2→S3,2,3,C->C,0.565773527820905,0.609242676695188,Correct,Correct,7,4,KCl,S2,S3,text-embedding-3-large,S_final
S0-S3,llama-4-scout,S2→S3,2,3,C->C,0.6072942068179448,0.6095530291398367,Correct,Correct,7,5,KCl,S2,S3,text-embedding-3-large,S_final
S0-S3,llama-4-scout,S2→S3,2,3,C->C,0.5845497881372769,0.5999421298503876,Correct,Correct,7,8,KCl + TAcG,S2,S3,text-embedding-3-large,S_final
S0-S3,llama-4-scout,S2→S3,2,3,C->C,0.638470235466957,0.6340416957934697,Correct,Correct,7,9,KB(OH)₄,S2,S3,text-embedding-3-large,S_final
S0-S3,llama-4-scout,S2→S3,2,3,C->C,0.6578825632731119,0.6503499627113343,Correct,Correct,8,1,LiCl,S2,S3,text-embedding-3-large,S_final
S0-S3,llama-4-scout,S2→S3,2,3,C->C,0.6244881967703501,0.6556393911441166,Correct,Correct,8,2,NaCl,S2,S3,text-embedding-3-large,S_final
S0-S3,llama-4-scout,S2→S3,2,3,C->C,0.6332668721675873,0.6420091638962427,Correct,Correct,9,1,LiCl,S2,S3,text-embedding-3-large,S_final
S0-S3,llama-4-scout,S2→S3,2,3,C->C,0.6525756021340688,0.6770450452963511,Correct,Correct,9,3,NaCl,S2,S3,text-embedding-3-large,S_final
S0-S3,llama-4-scout,S2→S3,2,3,C->C,0.6819512257973352,0.7187395284573238,Correct,Correct,13,1,H₂O,S2,S3,text-embedding-3-large,S_final
S0-S3,llama-4-scout,S2→S3,2,3,C->C,0.5707224160432816,0.603259817759196,Correct,Correct,14,1,H₂O,S2,S3,text-embedding-3-large,S_final
S0-S3,llama-4-scout,S2→S3,2,3,C->C,0.6532455921173096,0.6971271286408106,Correct,Correct,16,1,H₂O,S2,S3,text-embedding-3-large,S_final
S0-S3,llama-4-scout,S2→S3,2,3,C->C,0.6609293758869171,0.7017362256844838,Correct,Correct,18,1,H₂O,S2,S3,text-embedding-3-large,S_final
S0-S3,llama-4-scout,S2→S3,2,3,C->C,0.617097570002079,0.5914788295825323,Correct,Correct,19,1,H₂O,S2,S3,text-embedding-3-large,S_final
S0-S3,llama-4-scout,S2→S3,2,3,C->C,0.5774234985311826,0.6075843095779419,Correct,Correct,21,1,EtOH/H₂O,S2,S3,text-embedding-3-large,S_final
S0-S3,llama-4-scout,S2→S3,2,3,C->C,0.5689246639609337,0.5936707754929861,Correct,Correct,22,1,EtOH/H₂O,S2,S3,text-embedding-3-large,S_final
S0-S3,llama-4-scout,S2→S3,2,3,C->C,0.6451813886562983,0.6510260373353958,Correct,Correct,23,1,EtOH/H₂O,S2,S3,text-embedding-3-large,S_final
S0-S3,llama-4-scout,S2→S3,2,3,C->C,0.5825207437078158,0.5931625545024871,Correct,Correct,25,2,Organic solvents,S2,S3,text-embedding-3-large,S_final
S0-S3,llama-4-scout,S2→S3,2,3,C->C,0.5832945674657822,0.5779902517795562,Correct,Correct,26,1,NaOH,S2,S3,text-embedding-3-large,S_final
S0-S3,llama-4-scout,S2→S3,2,3,C->C,0.4769150699178377,0.5049747149149576,Correct,Correct,26,2,KOH,S2,S3,text-embedding-3-large,S_final
S0-S3,llama-4-scout,S2→S3,2,3,C->C,0.4518072282274563,0.5585209682583808,Correct,Correct,26,3,LiOH,S2,S3,text-embedding-3-large,S_final
S0-S3,llama-4-scout,S2→S3,2,3,C->C,0.6109840859969456,0.649518695473671,Correct,Correct,26,4,Organic solvents,S2,S3,text-embedding-3-large,S_final
S0-S3,llama-4-scout,S2→S3,2,3,C->C,0.5774342144529024,0.6282215436299642,Correct,Correct,27,1,NaOH,S2,S3,text-embedding-3-large,S_final
S0-S3,llama-4-scout,S2→S3,2,3,C->C,0.4777412459254265,0.5785254071156184,Correct,Correct,27,2,KOH,S2,S3,text-embedding-3-large,S_final
S0-S3,llama-4-scout,S2→S3,2,3,C->C,0.4532860095302264,0.5630613495906194,Correct,Correct,27,3,LiOH,S2,S3,text-embedding-3-large,S_final
S0-S3,llama-4-scout,S2→S3,2,3,C->C,0.6699010461568832,0.6795042773087819,Correct,Correct,27,4,Organic solvents,S2,S3,text-embedding-3-large,S_final
S0-S3,llama-4-scout,S2→S3,2,3,C->C,0.4302641808986663,0.4702282493313153,Correct,Correct,28,2,Organic solvents,S2,S3,text-embedding-3-large,S_final
S0-S3,llama-4-scout,S2→S3,2,3,C->C,0.6158243139584858,0.6080894351005554,Correct,Correct,29,1,NaOH,S2,S3,text-embedding-3-large,S_final
S0-S3,llama-4-scout,S2→S3,2,3,C->C,0.4358428061008453,0.432213092346986,Correct,Correct,29,2,Organic solvents,S2,S3,text-embedding-3-large,S_final
S0-S3,llama-4-scout,S2→S3,2,3,C->C,0.5535883848865827,0.5682657063007355,Correct,Correct,30,1,NaOH,S2,S3,text-embedding-3-large,S_final
S0-S3,llama-4-scout,S2→S3,2,3,C->C,0.4582425182064374,0.4486535986264546,Correct,Correct,30,2,Organic solvents,S2,S3,text-embedding-3-large,S_final
S0-S3,llama-4-scout,S2→S3,2,3,C->C,0.6318068146705627,0.6437986393769582,Correct,Correct,31,1,H₂O,S2,S3,text-embedding-3-large,S_final
S0-S3,llama-4-scout,S2→S3,2,3,C->C,0.6561082233985265,0.6592438489198684,Correct,Correct,36,1,NaCl,S2,S3,text-embedding-3-large,S_final
S0-S3,llama-4-scout,S2→S3,2,3,C->C,0.5782752573490142,0.5949442038933436,Correct,Correct,36,3,NaCl + TAcG,S2,S3,text-embedding-3-large,S_final
S0-S3,llama-4-scout,S2→S3,2,3,C->C,0.6215179473161697,0.6200408428907395,Correct,Correct,37,2,KCl,S2,S3,text-embedding-3-large,S_final
S0-S3,llama-4-scout,S2→S3,2,3,C->C,0.7118855610489845,0.7360003252824147,Correct,Correct,39,2,KCl,S2,S3,text-embedding-3-large,S_final
S0-S3,llama-4-scout,S2→S3,2,3,C->C,0.644129705429077,0.6454429427782694,Correct,Correct,40,1,KCl,S2,S3,text-embedding-3-large,S_final
S0-S3,llama-4-scout,S2→S3,2,3,C->C,0.6207654923200607,0.618261170387268,Correct,Correct,40,3,NH₄Cl,S2,S3,text-embedding-3-large,S_final
S0-S3,llama-4-scout,S2→S3,2,3,C->C,0.6051052828629812,0.602535914381345,Correct,Correct,40,6,KCl,S2,S3,text-embedding-3-large,S_final
S0-S3,llama-4-scout,S2→S3,2,3,C->C,0.6377957145373027,0.6633482734362284,Correct,Correct,41,1,KCl,S2,S3,text-embedding-3-large,S_final
S0-S3,llama-4-scout,S2→S3,2,3,C->C,0.6113767693440119,0.630736161271731,Correct,Correct,46,1,Organic solvents,S2,S3,text-embedding-3-large,S_final
S0-S3,llama-4-scout,S2→S3,2,3,C->C,0.5657842199007669,0.6181425780057906,Correct,Correct,46,2,Organic solvents,S2,S3,text-embedding-3-large,S_final
S0-S3,llama-4-scout,S2→S3,2,3,C->C,0.6384071469306946,0.6709250062704086,Correct,Correct,47,1,Organic solvents,S2,S3,text-embedding-3-large,S_final
S0-S3,llama-4-scout,S2→S3,2,3,C->C,0.575276073316733,0.5669544791181882,Correct,Correct,47,2,Organic solvents,S2,S3,text-embedding-3-large,S_final
S0-S3,llama-4-scout,S2→S3,2,3,C->C,0.4799861470858255,0.5586213285724323,Correct,Correct,50,1,B(OH)₃ + AgNO₃,S2,S3,text-embedding-3-large,S_final
S0-S3,llama-4-scout,S2→S3,2,3,C->C,0.6932267089684804,0.709655436873436,Correct,Correct,52,1,KB(OH)₄,S2,S3,text-embedding-3-large,S_final
S0-S3,llama-4-scout,S2→S3,2,3,C->C,0.5257154822349547,0.535868576169014,Correct,Correct,53,1,H₂O,S2,S3,text-embedding-3-large,S_final
S0-S3,llama-4-scout,S2→S3,2,3,C->C,0.5976776510477066,0.6280843138694763,Correct,Correct,53,2,EtOH/H₂O,S2,S3,text-embedding-3-large,S_final
S0-S3,llama-4-scout,S2→S3,2,3,C->C,0.4081291332840919,0.4356554761528968,Correct,Correct,54,1,H₂O,S2,S3,text-embedding-3-large,S_final
S0-S3,llama-4-scout,S2→S3,2,3,C->C,0.6168167809645335,0.6701271524031956,Correct,Correct,54,2,EtOH/H₂O,S2,S3,text-embedding-3-large,S_final
S0-S3,llama-4-scout,S2→S3,2,3,C->C,0.6253301461537679,0.6431970278422038,Correct,Correct,55,2,EtOH/H₂O,S2,S3,text-embedding-3-large,S_final
S0-S3,llama-4-scout,S2→S3,2,3,C->C,0.5303612977266311,0.6064055114984511,Correct,Correct,56,2,EtOH/H₂O,S2,S3,text-embedding-3-large,S_final
S0-S3,llama-4-scout,S2→S3,2,3,C->C,0.5251876672108967,0.5540056516726812,Correct,Correct,58,1,H₂O,S2,S3,text-embedding-3-large,S_final
S0-S3,llama-4-scout,S2→S3,2,3,C->C,0.5148810898264249,0.5901673272252083,Correct,Correct,58,2,EtOH/H₂O,S2,S3,text-embedding-3-large,S_final
S0-S3,llama-4-scout,S2→S3,2,3,C->C,0.4517958804965019,0.4717204709847767,Correct,Correct,59,1,H₂O,S2,S3,text-embedding-3-large,S_final
S0-S3,llama-4-scout,S2→S3,2,3,C->C,0.583278136452039,0.6165703465541204,Correct,Correct,59,2,EtOH/H₂O,S2,S3,text-embedding-3-large,S_final
S0-S3,llama-4-scout,S2→S3,2,3,C->C,0.412232723335425,0.4352314412593841,Correct,Correct,60,1,H₂O,S2,S3,text-embedding-3-large,S_final
S0-S3,llama-4-scout,S2→S3,2,3,C->C,0.5878250469764074,0.6158399254083634,Correct,Correct,60,2,EtOH/H₂O,S2,S3,text-embedding-3-large,S_final
S0-S3,llama-4-scout,S2→S3,2,3,C->C,0.4451604997118314,0.4504160260160764,Correct,Correct,61,1,H₂O,S2,S3,text-embedding-3-large,S_final
S0-S3,llama-4-scout,S2→S3,2,3,C->C,0.6164898604154586,0.6560531338055928,Correct,Correct,61,2,EtOH/H₂O,S2,S3,text-embedding-3-large,S_final
S0-S3,llama-4-scout,S2→S3,2,3,C->C,0.5744442825516065,0.5946063031752904,Correct,Correct,62,1,H₂O,S2,S3,text-embedding-3-large,S_final
S0-S3,llama-4-scout,S2→S3,2,3,C->C,0.5523394495248795,0.5962529063224792,Correct,Correct,62,2,EtOH/H₂O,S2,S3,text-embedding-3-large,S_final
S0-S3,llama-4-scout,S2→S3,2,3,C->C,0.5492185498277347,0.6011737997333207,Correct,Correct,63,1,H₂O,S2,S3,text-embedding-3-large,S_final
S0-S3,llama-4-scout,S2→S3,2,3,C->C,0.5560315241416295,0.6355072428782781,Correct,Correct,63,2,EtOH/H₂O,S2,S3,text-embedding-3-large,S_final
S0-S3,llama-4-scout,S2→S3,2,3,C->C,0.58652746429046,0.6128341625134149,Correct,Correct,64,1,KCl,S2,S3,text-embedding-3-large,S_final
S0-S3,llama-4-scout,S2→S3,2,3,C->C,0.5481158753236134,0.5619642173250516,Correct,Correct,64,2,NaB(OH)₄,S2,S3,text-embedding-3-large,S_final
S0-S3,llama-4-scout,S2→S3,2,3,C->W,0.6683903952439625,0.686119520664215,Correct,Wrong,2,1,Tb(NO₃)₃ or Eu(NO₃)₃,S2,S3,text-embedding-3-large,S_final
S0-S3,llama-4-scout,S2→S3,2,3,C->W,0.4893890569607417,0.5058800717194875,Correct,Wrong,12,1,H₂O,S2,S3,text-embedding-3-large,S_final
S0-S3,llama-4-scout,S2→S3,2,3,C->W,0.5206377848982812,0.5337113370498021,Correct,Wrong,15,1,H₂O,S2,S3,text-embedding-3-large,S_final
S0-S3,llama-4-scout,S2→S3,2,3,C->W,0.5847774386405945,0.6075703948736191,Correct,Wrong,24,1,EtOH/H₂O,S2,S3,text-embedding-3-large,S_final
S0-S3,llama-4-scout,S2→S3,2,3,C->W,0.5808552280068398,0.604721812903881,Correct,Wrong,33,1,H₂O,S2,S3,text-embedding-3-large,S_final
S0-S3,llama-4-scout,S2→S3,2,3,C->W,0.5758362099528312,0.6099123582243919,Correct,Wrong,40,4,Me₄NCl,S2,S3,text-embedding-3-large,S_final
S0-S3,llama-4-scout,S2→S3,2,3,W->C,0.5712005744377772,0.6457269564270973,Wrong,Correct,1,5,KB(OH)₄,S2,S3,text-embedding-3-large,S_final
S0-S3,llama-4-scout,S2→S3,2,3,W->C,0.6530049115419387,0.6843266755342483,Wrong,Correct,4,1,LiCl,S2,S3,text-embedding-3-large,S_final
S0-S3,llama-4-scout,S2→S3,2,3,W->C,0.6498093217611313,0.6790108760197956,Wrong,Correct,4,2,NaCl,S2,S3,text-embedding-3-large,S_final
S0-S3,llama-4-scout,S2→S3,2,3,W->C,0.5697796498735745,0.5698192536830902,Wrong,Correct,8,4,KCl,S2,S3,text-embedding-3-large,S_final
S0-S3,llama-4-scout,S2→S3,2,3,W->C,0.5920036842425663,0.6228279545903206,Wrong,Correct,10,2,PBS,S2,S3,text-embedding-3-large,S_final
S0-S3,llama-4-scout,S2→S3,2,3,W->C,0.5700135310490926,0.5805484771728515,Wrong,Correct,13,3,acidic pH + benzyl amine,S2,S3,text-embedding-3-large,S_final
S0-S3,llama-4-scout,S2→S3,2,3,W->C,0.5944901461402575,0.6350661098957061,Wrong,Correct,17,1,H₂O,S2,S3,text-embedding-3-large,S_final
S0-S3,llama-4-scout,S2→S3,2,3,W->C,0.6242881447076797,0.6753747036059696,Wrong,Correct,20,1,EtOH/H₂O,S2,S3,text-embedding-3-large,S_final
S0-S3,llama-4-scout,S2→S3,2,3,W->C,0.5842582220832507,0.5988351052006086,Wrong,Correct,34,1,H₂O,S2,S3,text-embedding-3-large,S_final
S0-S3,llama-4-scout,S2→S3,2,3,W->C,0.3845415815711021,0.3765734220544497,Wrong,Correct,38,1,KCl + NaCl,S2,S3,text-embedding-3-large,S_final
S0-S3,llama-4-scout,S2→S3,2,3,W->C,0.5145833676060041,0.5362621108690898,Wrong,Correct,39,1,NaCl,S2,S3,text-embedding-3-large,S_final
S0-S3,llama-4-scout,S2→S3,2,3,W->C,0.6608942747116089,0.6858611941337585,Wrong,Correct,45,1,Organic solvents,S2,S3,text-embedding-3-large,S_final
S0-S3,llama-4-scout,S2→S3,2,3,W->C,0.5146210685372352,0.6229241480429968,Wrong,Correct,48,1,B(OH)₃ + AgNO₃,S2,S3,text-embedding-3-large,S_final
S0-S3,llama-4-scout,S2→S3,2,3,W->C,0.4959842239816983,0.5825392767786979,Wrong,Correct,49,1,B(OH)₃ + AgNO₃,S2,S3,text-embedding-3-large,S_final
S0-S3,llama-4-scout,S2→S3,2,3,W->C,0.397060781220595,0.4524904765188693,Wrong,Correct,57,1,H₂O,S2,S3,text-embedding-3-large,S_final
S0-S3,llama-4-scout,S2→S3,2,3,W->W,0.5889389286438624,0.6175260682900746,Wrong,Wrong,1,2,LiCl,S2,S3,text-embedding-3-large,S_final
S0-S3,llama-4-scout,S2→S3,2,3,W->W,0.6980842014153797,0.7351946582396826,Wrong,Wrong,3,2,B(OH)₃ + AgNO₃,S2,S3,text-embedding-3-large,S_final
S0-S3,llama-4-scout,S2→S3,2,3,W->W,0.6553130497535069,0.655439594388008,Wrong,Wrong,5,1,LiCl,S2,S3,text-embedding-3-large,S_final
S0-S3,llama-4-scout,S2→S3,2,3,W->W,0.5850432058175404,0.5895996630191803,Wrong,Wrong,6,2,NaCl,S2,S3,text-embedding-3-large,S_final
S0-S3,llama-4-scout,S2→S3,2,3,W->W,0.6679429372151692,0.717254156867663,Wrong,Wrong,7,1,LiCl,S2,S3,text-embedding-3-large,S_final
S0-S3,llama-4-scout,S2→S3,2,3,W->W,0.6482402801513673,0.689610708753268,Wrong,Wrong,7,2,NaCl,S2,S3,text-embedding-3-large,S_final
S0-S3,llama-4-scout,S2→S3,2,3,W->W,0.548710848391056,0.5826196352640788,Wrong,Wrong,7,3,KCl + NaCl,S2,S3,text-embedding-3-large,S_final
S0-S3,llama-4-scout,S2→S3,2,3,W->W,0.5488654300570488,0.5814981818199157,Wrong,Wrong,7,6,KCl,S2,S3,text-embedding-3-large,S_final
S0-S3,llama-4-scout,S2→S3,2,3,W->W,0.6407635629177093,0.6442344387372335,Wrong,Wrong,7,7,KCl,S2,S3,text-embedding-3-large,S_final
S0-S3,llama-4-scout,S2→S3,2,3,W->W,0.5939909170071284,0.5983736425638199,Wrong,Wrong,7,10,KB(OH)₄,S2,S3,text-embedding-3-large,S_final
S0-S3,llama-4-scout,S2→S3,2,3,W->W,0.6709552894035974,0.6714422086874644,Wrong,Wrong,7,11,LiB(OH)₄,S2,S3,text-embedding-3-large,S_final
S0-S3,llama-4-scout,S2→S3,2,3,W->W,0.5599178627133369,0.5945395062367121,Wrong,Wrong,8,3,KCl,S2,S3,text-embedding-3-large,S_final
S0-S3,llama-4-scout,S2→S3,2,3,W->W,0.6525676806767781,0.6534754445155461,Wrong,Wrong,9,2,KCl,S2,S3,text-embedding-3-large,S_final
S0-S3,llama-4-scout,S2→S3,2,3,W->W,0.5587823316454887,0.5714761008818944,Wrong,Wrong,10,1,H₂O,S2,S3,text-embedding-3-large,S_final
S0-S3,llama-4-scout,S2→S3,2,3,W->W,0.4843153630693753,0.5428722023963928,Wrong,Wrong,11,1,H₂O,S2,S3,text-embedding-3-large,S_final
S0-S3,llama-4-scout,S2→S3,2,3,W->W,0.5140861829121908,0.5103944718837737,Wrong,Wrong,13,2,acidic pH,S2,S3,text-embedding-3-large,S_final
S0-S3,llama-4-scout,S2→S3,2,3,W->W,0.4890096460779508,0.5511270783841609,Wrong,Wrong,25,1,NaOH,S2,S3,text-embedding-3-large,S_final
S0-S3,llama-4-scout,S2→S3,2,3,W->W,0.5385251959164937,0.5520249580343565,Wrong,Wrong,28,1,NaOH,S2,S3,text-embedding-3-large,S_final
S0-S3,llama-4-scout,S2→S3,2,3,W->W,0.5583182136217753,0.5790620962778726,Wrong,Wrong,32,1,H₂O,S2,S3,text-embedding-3-large,S_final
S0-S3,llama-4-scout,S2→S3,2,3,W->W,0.5084441925088564,0.5346752807497978,Wrong,Wrong,35,1,H₂O,S2,S3,text-embedding-3-large,S_final
S0-S3,llama-4-scout,S2→S3,2,3,W->W,0.5838011314471562,0.5900125622749328,Wrong,Wrong,36,2,KCl,S2,S3,text-embedding-3-large,S_final
S0-S3,llama-4-scout,S2→S3,2,3,W->W,0.5703967134157817,0.5703732334077358,Wrong,Wrong,37,1,KCl + NaCl,S2,S3,text-embedding-3-large,S_final
S0-S3,llama-4-scout,S2→S3,2,3,W->W,0.37444007396698,0.3713325272003809,Wrong,Wrong,38,2,KCl,S2,S3,text-embedding-3-large,S_final
S0-S3,llama-4-scout,S2→S3,2,3,W->W,0.6499842002987861,0.6343527078628539,Wrong,Wrong,40,2,NaCl,S2,S3,text-embedding-3-large,S_final
S0-S3,llama-4-scout,S2→S3,2,3,W->W,0.6139928976694743,0.6264010757207871,Wrong,Wrong,40,5,Borate buffer,S2,S3,text-embedding-3-large,S_final
S0-S3,llama-4-scout,S2→S3,2,3,W->W,0.5003098448117574,0.5222173556685448,Wrong,Wrong,42,1,KCl,S2,S3,text-embedding-3-large,S_final
S0-S3,llama-4-scout,S2→S3,2,3,W->W,0.5322095170617104,0.5504599779844283,Wrong,Wrong,43,1,KCl,S2,S3,text-embedding-3-large,S_final
S0-S3,llama-4-scout,S2→S3,2,3,W->W,0.6324198325475057,0.6477475047111511,Wrong,Wrong,44,1,KCl,S2,S3,text-embedding-3-large,S_final
S0-S3,llama-4-scout,S2→S3,2,3,W->W,0.5076296652356783,0.5503638332088788,Wrong,Wrong,45,2,Organic solvents,S2,S3,text-embedding-3-large,S_final
S0-S3,llama-4-scout,S2→S3,2,3,W->W,0.4860093479355176,0.5277649596333504,Wrong,Wrong,45,3,Organic solvents,S2,S3,text-embedding-3-large,S_final
S0-S3,llama-4-scout,S2→S3,2,3,W->W,0.5454052813351153,0.5787730053067207,Wrong,Wrong,48,2,B(OH)₃ + other ions,S2,S3,text-embedding-3-large,S_final
S0-S3,llama-4-scout,S2→S3,2,3,W->W,0.613173548380534,0.6612406055132548,Wrong,Wrong,51,1,KB(OH)₄,S2,S3,text-embedding-3-large,S_final
S0-S3,llama-4-scout,S2→S3,2,3,W->W,0.5270191438496112,0.5548196382820606,Wrong,Wrong,55,1,H₂O,S2,S3,text-embedding-3-large,S_final
S0-S3,llama-4-scout,S2→S3,2,3,W->W,0.4500773544112841,0.5029040858149528,Wrong,Wrong,56,1,H₂O,S2,S3,text-embedding-3-large,S_final
S0-S3,llama-4-scout,S2→S3,2,3,W->W,0.3671103333433469,0.3884673431515693,Wrong,Wrong,57,2,EtOH/H₂O,S2,S3,text-embedding-3-large,S_final
